index,sw_ticks,qpc_position,device_position,frames,flags
0,2531042303848,2531042494525,77957280,480,1
1,2531042413388,2531042600752,77957760,480,0
2,2531042571015,2531042696679,77958240,480,0
3,2531042571081,2531042797877,77958720,480,0
4,2531042719975,2531042898798,77959200,480,0
5,2531042877814,2531043000188,77959680,480,0
6,2531042877869,2531043096008,77960160,480,0
7,2531043039398,2531043201809,77960640,480,0
8,2531043189755,2531043297465,77961120,480,0
9,2531043189872,2531043398439,77961600,480,0
10,2531043345014,2531043499191,77962080,480,0
11,2531043508099,2531043599899,77962560,480,0
12,2531043508184,2531043695400,77963040,480,0
13,2531043663488,2531043800936,77963520,480,0
14,2531043815341,2531043896170,77964000,480,0
15,2531043815413,2531044002051,77964480,480,0
16,2531043969876,2531044097636,77964960,480,0
17,2531044124743,2531044198193,77965440,480,0
18,2531044124812,2531044298580,77965920,480,0
19,2531044280401,2531044398867,77966400,480,0
20,2531044280463,2531044499132,77966880,480,0
21,2531044436913,2531044599692,77967360,480,0
22,2531044597160,2531044700133,77967840,480,0
23,2531044597225,2531044800759,77968320,480,0
24,2531044756053,2531044896890,77968800,480,0
25,2531044911037,2531045002149,77969280,480,0
26,2531044911128,2531045097664,77969760,480,0
27,2531045069549,2531045198341,77970240,480,0
28,2531045225060,2531045298789,77970720,480,0
29,2531045225989,2531045399180,77971200,480,0
30,2531045381083,2531045499451,77971680,480,0
31,2531045381140,2531045599731,77972160,480,0
32,2531045542369,2531045695193,77972640,480,0
33,2531045702623,2531045800727,77973120,480,0
34,2531045702701,2531045895920,77973600,480,0
35,2531045863076,2531046001398,77974080,480,0
36,2531046019601,2531046097604,77974560,480,0
37,2531046020055,2531046202971,77975040,480,0
38,2531046175270,2531046297628,77975520,480,0
39,2531046175338,2531046398726,77976000,480,0
40,2531046329670,2531046498230,77976480,480,0
41,2531046491364,2531046599120,77976960,480,0
42,2531046491460,2531046699171,77977440,480,0
43,2531046651926,2531046800226,77977920,480,0
44,2531046812801,2531046895557,77978400,480,0
45,2531046812892,2531047001094,77978880,480,0
46,2531046973041,2531047096782,77979360,480,0
47,2531047138200,2531047202609,77979840,480,0
48,2531047138321,2531047297768,77980320,480,0
49,2531047289890,2531047397907,77980800,480,0
50,2531047289957,2531047498223,77981280,480,0
51,2531047440262,2531047599160,77981760,480,0
52,2531047596938,2531047700882,77982240,480,0
53,2531047596997,2531047800766,77982720,480,0
54,2531047752407,2531047895941,77983200,480,0
55,2531047908741,2531048001571,77983680,480,0
56,2531047908799,2531048096944,77984160,480,0
57,2531048058235,2531048197765,77984640,480,0
58,2531048214705,2531048297820,77985120,480,0
59,2531048214782,2531048398379,77985600,480,0
60,2531048373696,2531048498706,77986080,480,0
61,2531048373853,2531048599456,77986560,480,0
62,2531048530757,2531048700341,77987040,480,0
63,2531048695742,2531048802150,77987520,480,0
64,2531048695892,2531048895838,77988000,480,0
65,2531048852781,2531049001681,77988480,480,0
66,2531049014427,2531049096964,77988960,480,0
67,2531049014514,2531049197543,77989440,480,0
68,2531049169075,2531049297832,77989920,480,0
69,2531049330211,2531049398088,77990400,480,0
70,2531049330650,2531049498301,77990880,480,0
71,2531049491412,2531049598890,77991360,480,0
72,2531049491475,2531049699043,77991840,480,0
73,2531049651524,2531049801038,77992320,480,0
74,2531049812642,2531049896286,77992800,480,0
75,2531049812697,2531050001610,77993280,480,0
76,2531049968811,2531050097371,77993760,480,0
77,2531050126036,2531050197645,77994240,480,0
78,2531050126113,2531050297990,77994720,480,0
79,2531050280959,2531050398325,77995200,480,0
80,2531050281030,2531050498842,77995680,480,0
81,2531050435666,2531050599782,77996160,480,0
82,2531050587457,2531050699607,77996640,480,0
83,2531050587496,2531050800771,77997120,480,0
84,2531050742479,2531050898084,77997600,480,0
85,2531050905029,2531051001616,77998080,480,0
86,2531050905091,2531051097886,77998560,480,0
87,2531051055811,2531051198610,77999040,480,0
88,2531051206571,2531051294130,77999520,480,0
89,2531051206613,2531051400430,78000000,480,0
90,2531051363930,2531051495725,78000480,480,0
91,2531051523461,2531051596287,78000960,480,0
92,2531051523543,2531051701844,78001440,480,0
93,2531051686103,2531051802617,78001920,480,0
94,2531051686166,2531051898256,78002400,480,0
95,2531051836038,2531051999577,78002880,480,0
96,2531052000273,2531052099719,78003360,480,0
97,2531052000325,2531052195146,78003840,480,0
98,2531052157742,2531052300822,78004320,480,0
99,2531052399619,2531052396102,78004800,480,0
100,2531052399654,2531052501433,78005280,480,0
101,2531052399665,2531052597479,78005760,480,0
102,2531052498875,2531052693880,78006240,480,0
103,2531052606893,2531052799533,78006720,480,0
104,2531052776483,2531052900036,78007200,480,0
105,2531052776529,2531053003877,78007680,480,0
106,2531052925350,2531053096908,78008160,480,0
107,2531053092444,2531053202314,78008640,480,0
108,2531053092501,2531053303482,78009120,480,0
109,2531053243270,2531053395799,78009600,480,0
110,2531053402372,2531053501277,78010080,480,0
111,2531053402739,2531053597132,78010560,480,0
112,2531053570151,2531053697741,78011040,480,0
113,2531053570231,2531053793451,78011520,480,0
114,2531053713483,2531053899840,78012000,480,0
115,2531053864316,2531054000482,78012480,480,0
116,2531054018613,2531054097743,78012960,480,0
117,2531054018684,2531054202381,78013440,480,0
118,2531054175533,2531054297538,78013920,480,0
119,2531054175600,2531054398305,78014400,480,0
120,2531054321283,2531054498878,78014880,480,0
121,2531054476915,2531054593961,78015360,480,0
122,2531054476967,2531054701785,78015840,480,0
123,2531054639067,2531054798628,78016320,480,0
124,2531054797710,2531054898151,78016800,480,0
125,2531054797767,2531054994298,78017280,480,0
126,2531054953269,2531055100043,78017760,480,0
127,2531055107202,2531055195179,78018240,480,0
128,2531055107259,2531055301569,78018720,480,0
129,2531055263053,2531055401649,78019200,480,0
130,2531055423424,2531055496255,78019680,480,0
131,2531055423732,2531055596519,78020160,480,0
132,2531055576364,2531055702840,78020640,480,0
133,2531055576416,2531055803071,78021120,480,0
134,2531055741939,2531055898876,78021600,480,0
135,2531055892451,2531055999518,78022080,480,0
136,2531055892501,2531056099688,78022560,480,0
137,2531056043896,2531056194996,78023040,480,0
138,2531056203507,2531056301118,78023520,480,0
139,2531056203574,2531056396142,78024000,480,0
140,2531056363264,2531056501671,78024480,480,0
141,2531056523812,2531056597603,78024960,480,0
142,2531056523891,2531056698336,78025440,480,0
143,2531056676334,2531056793435,78025920,480,0
144,2531056676384,2531056899679,78026400,480,0
145,2531056837084,2531056999925,78026880,480,0
146,2531056990561,2531057099166,78027360,480,0
147,2531056990607,2531057199429,78027840,480,0
148,2531057151916,2531057299997,78028320,480,0
149,2531057310194,2531057399090,78028800,480,0
150,2531057310278,2531057499971,78029280,480,0
151,2531057463279,2531057599987,78029760,480,0
152,2531057623608,2531057695469,78030240,480,0
153,2531057623706,2531057795873,78030720,480,0
154,2531057778119,2531057901535,78031200,480,0
155,2531057778589,2531057996809,78031680,480,0
156,2531057929664,2531058101381,78032160,480,0
157,2531058092398,2531058199551,78032640,480,0
158,2531058092454,2531058299557,78033120,480,0
159,2531058252748,2531058400256,78033600,480,0
160,2531058412265,2531058493817,78034080,480,0
161,2531058412321,2531058600878,78034560,480,0
162,2531058569542,2531058696453,78035040,480,0
163,2531058569618,2531058796821,78035520,480,0
164,2531058725445,2531058897684,78036000,480,0
165,2531058882757,2531058998009,78036480,480,0
166,2531058882806,2531059099572,78036960,480,0
167,2531059038998,2531059200915,78037440,480,0
168,2531059198225,2531059296130,78037920,480,0
169,2531059198289,2531059401796,78038400,480,0
170,2531059357380,2531059497094,78038880,480,0
171,2531059505105,2531059597889,78039360,480,0
172,2531059505182,2531059699574,78039840,480,0
173,2531059663470,2531059800389,78040320,480,0
174,2531059823238,2531059895619,78040800,480,0
175,2531059823294,2531060001514,78041280,480,0
176,2531059974984,2531060097225,78041760,480,0
177,2531060135734,2531060203135,78042240,480,0
178,2531060135793,2531060298291,78042720,480,0
179,2531060291893,2531060398839,78043200,480,0
180,2531060291945,2531060499260,78043680,480,0
181,2531060447352,2531060599597,78044160,480,0
182,2531060597293,2531060700035,78044640,480,0
183,2531060597368,2531060800700,78045120,480,0
184,2531060753929,2531060896176,78045600,480,0
185,2531060908766,2531061001599,78046080,480,0
186,2531060908828,2531061096810,78046560,480,0
187,2531061058611,2531061197232,78047040,480,0
188,2531061214492,2531061297439,78047520,480,0
189,2531061214565,2531061398683,78048000,480,0
190,2531061370790,2531061498793,78048480,480,0
191,2531061531962,2531061599296,78048960,480,0
192,2531061532021,2531061700629,78049440,480,0
193,2531061683556,2531061801689,78049920,480,0
194,2531061683602,2531061896961,78050400,480,0
195,2531061837702,2531061997432,78050880,480,0
196,2531061990786,2531062098161,78051360,480,0
197,2531061990853,2531062198791,78051840,480,0
198,2531062143449,2531062299647,78052320,480,0
199,2531062298155,2531062401503,78052800,480,0
200,2531062298212,2531062496800,78053280,480,0
201,2531062454408,2531062597616,78053760,480,0
202,2531062606448,2531062702804,78054240,480,0
203,2531062606517,2531062798083,78054720,480,0
204,2531062762430,2531062898674,78055200,480,0
205,2531062920973,2531062999040,78055680,480,0
206,2531062921036,2531063099447,78056160,480,0
207,2531063076563,2531063200196,78056640,480,0
208,2531063076612,2531063294988,78057120,480,0
209,2531063238746,2531063400569,78057600,480,0
210,2531063387435,2531063495920,78058080,480,0
211,2531063387486,2531063596608,78058560,480,0
212,2531063544367,2531063702238,78059040,480,0
213,2531063704521,2531063799204,78059520,480,0
214,2531063704600,2531063898366,78060000,480,0
215,2531063860784,2531063998350,78060480,480,0
216,2531064016117,2531064099143,78060960,480,0
217,2531064016219,2531064199608,78061440,480,0
218,2531064171894,2531064299913,78061920,480,0
219,2531064171957,2531064395219,78062400,480,0
220,2531064328405,2531064496035,78062880,480,0
221,2531064485757,2531064596364,78063360,480,0
222,2531064485816,2531064701541,78063840,480,0
223,2531064638676,2531064802268,78064320,480,0
224,2531064789897,2531064898206,78064800,480,0
225,2531064789947,2531064998746,78065280,480,0
226,2531064946290,2531065099262,78065760,480,0
227,2531065102424,2531065200065,78066240,480,0
228,2531065102488,2531065295282,78066720,480,0
229,2531065252137,2531065402041,78067200,480,0
230,2531065408485,2531065496237,78067680,480,0
231,2531065408540,2531065597377,78068160,480,0
232,2531065565154,2531065698279,78068640,480,0
233,2531065716503,2531065799983,78069120,480,0
234,2531065716584,2531065899346,78069600,480,0
235,2531065872450,2531065999551,78070080,480,0
236,2531066027126,2531066100375,78070560,480,0
237,2531066027400,2531066201045,78071040,480,0
238,2531066187384,2531066295875,78071520,480,0
239,2531066187433,2531066401377,78072000,480,0
240,2531066344170,2531066496694,78072480,480,0
241,2531066503343,2531066597127,78072960,480,0
242,2531066503403,2531066697874,78073440,480,0
243,2531066660592,2531066799014,78073920,480,0
244,2531066810911,2531066898678,78074400,480,0
245,2531066810999,2531066999295,78074880,480,0
246,2531066967269,2531067100329,78075360,480,0
247,2531067116412,2531067195674,78075840,480,0
248,2531067116473,2531067300864,78076320,480,0
249,2531067274180,2531067396331,78076800,480,0
250,2531067274244,2531067501651,78077280,480,0
251,2531067422929,2531067596955,78077760,480,0
252,2531067580449,2531067697624,78078240,480,0
253,2531067580514,2531067798116,78078720,480,0
254,2531067735902,2531067898758,78079200,480,0
255,2531067897809,2531067998981,78079680,480,0
256,2531067897878,2531068099920,78080160,480,0
257,2531068050856,2531068200323,78080640,480,0
258,2531068208707,2531068295252,78081120,480,0
259,2531068208766,2531068400626,78081600,480,0
260,2531068361756,2531068496041,78082080,480,0
261,2531068518222,2531068596509,78082560,480,0
262,2531068518281,2531068702371,78083040,480,0
263,2531068671415,2531068797224,78083520,480,0
264,2531068671556,2531068897512,78084000,480,0
265,2531068829575,2531068998165,78084480,480,0
266,2531068980154,2531069098912,78084960,480,0
267,2531068980260,2531069199527,78085440,480,0
268,2531069136400,2531069299631,78085920,480,0
269,2531069292936,2531069401199,78086400,480,0
270,2531069293016,2531069502627,78086880,480,0
271,2531069446702,2531069596662,78087360,480,0
272,2531069604319,2531069702259,78087840,480,0
273,2531069604371,2531069797956,78088320,480,0
274,2531069758353,2531069898071,78088800,480,0
275,2531069910449,2531069998255,78089280,480,0
276,2531069910519,2531070099538,78089760,480,0
277,2531070071572,2531070199822,78090240,480,0
278,2531070231401,2531070299951,78090720,480,0
279,2531070231471,2531070395382,78091200,480,0
280,2531070387950,2531070500661,78091680,480,0
281,2531070388007,2531070596187,78092160,480,0
282,2531070542815,2531070702188,78092640,480,0
283,2531070703195,2531070797252,78093120,480,0
284,2531070703246,2531070898045,78093600,480,0
285,2531070854129,2531070998509,78094080,480,0
286,2531071015426,2531071093292,78094560,480,0
287,2531071015483,2531071198949,78095040,480,0
288,2531071171102,2531071299276,78095520,480,0
289,2531071171150,2531071399254,78096000,480,0
290,2531071337747,2531071499839,78096480,480,0
291,2531071503319,2531071600238,78096960,480,0
292,2531071503528,2531071695572,78097440,480,0
293,2531071658054,2531071796058,78097920,480,0
294,2531071808908,2531071901827,78098400,480,0
295,2531071808985,2531071997660,78098880,480,0
296,2531071960158,2531072098167,78099360,480,0
297,2531072116317,2531072199360,78099840,480,0
298,2531072116411,2531072299352,78100320,480,0
299,2531072277393,2531072399465,78100800,480,0
300,2531072277491,2531072503311,78101280,480,0
301,2531072421323,2531072595835,78101760,480,0
302,2531072573327,2531072701095,78102240,480,0
303,2531072733988,2531072801802,78102720,480,0
304,2531072734056,2531072896971,78103200,480,0
305,2531072890329,2531072997523,78103680,480,0
306,2531072890374,2531073098899,78104160,480,0
307,2531073044846,2531073198854,78104640,480,0
308,2531073206383,2531073299149,78105120,480,0
309,2531073206459,2531073400064,78105600,480,0
310,2531073362968,2531073500629,78106080,480,0
311,2531073517442,2531073597415,78106560,480,0
312,2531073517506,2531073702110,78107040,480,0
313,2531073670419,2531073802576,78107520,480,0
314,2531073670489,2531073897897,78108000,480,0
315,2531073821165,2531073998412,78108480,480,0
316,2531073980107,2531074099227,78108960,480,0
317,2531073980177,2531074199640,78109440,480,0
318,2531074136405,2531074300533,78109920,480,0
319,2531074291534,2531074395364,78110400,480,0
320,2531074291592,2531074500886,78110880,480,0
321,2531074453703,2531074597023,78111360,480,0
322,2531074606652,2531074702266,78111840,480,0
323,2531074606737,2531074797708,78112320,480,0
324,2531074759442,2531074898651,78112800,480,0
325,2531074910705,2531074998474,78113280,480,0
326,2531074913459,2531075099744,78113760,480,0
327,2531075061143,2531075200158,78114240,480,0
328,2531075216100,2531075294836,78114720,480,0
329,2531075216405,2531075400921,78115200,480,0
330,2531075367453,2531075495746,78115680,480,0
331,2531075532822,2531075596112,78116160,480,0
332,2531075532906,2531075702418,78116640,480,0
333,2531075693576,2531075799338,78117120,480,0
334,2531075693632,2531075898539,78117600,480,0
335,2531075843777,2531075997949,78118080,480,0
336,2531076005725,2531076098412,78118560,480,0
337,2531076005785,2531076199330,78119040,480,0
338,2531076155326,2531076299424,78119520,480,0
339,2531076311998,2531076401827,78120000,480,0
340,2531076312058,2531076501001,78120480,480,0
341,2531076463436,2531076596621,78120960,480,0
342,2531076619732,2531076702583,78121440,480,0
343,2531076619797,2531076798080,78121920,480,0
344,2531076774593,2531076899349,78122400,480,0
345,2531076774665,2531077000096,78122880,480,0
346,2531076924221,2531077095423,78123360,480,0
347,2531077088671,2531077196336,78123840,480,0
348,2531077088733,2531077302125,78124320,480,0
349,2531077254885,2531077397705,78124800,480,0
350,2531077408380,2531077501302,78125280,480,0
351,2531077408449,2531077597164,78125760,480,0
352,2531077570568,2531077697552,78126240,480,0
353,2531077570622,2531077798706,78126720,480,0
354,2531077724527,2531077898604,78127200,480,0
355,2531077882091,2531078001161,78127680,480,0
356,2531077882178,2531078099668,78128160,480,0
357,2531078040255,2531078200344,78128640,480,0
358,2531078188430,2531078295702,78129120,480,0
359,2531078188477,2531078401249,78129600,480,0
360,2531078343130,2531078497489,78130080,480,0
361,2531078503586,2531078597061,78130560,480,0
362,2531078503646,2531078697833,78131040,480,0
363,2531078654349,2531078798360,78131520,480,0
364,2531078811675,2531078893458,78132000,480,0
365,2531078811760,2531078999835,78132480,480,0
366,2531078975309,2531079095540,78132960,480,0
367,2531078975374,2531079201593,78133440,480,0
368,2531079131704,2531079296519,78133920,480,0
369,2531079279501,2531079405832,78134400,480,0
370,2531079279618,2531079497483,78134880,480,0
371,2531079438367,2531079600299,78135360,480,0
372,2531079590444,2531079699562,78135840,480,0
373,2531079590545,2531079799788,78136320,480,0
374,2531079741142,2531079895244,78136800,480,0
375,2531079898587,2531080001141,78137280,480,0
376,2531079898649,2531080097213,78137760,480,0
377,2531080056977,2531080197949,78138240,480,0
378,2531080206979,2531080293906,78138720,480,0
379,2531080207038,2531080399726,78139200,480,0
380,2531080363013,2531080499972,78139680,480,0
381,2531080517979,2531080595981,78140160,480,0
382,2531080518076,2531080701817,78140640,480,0
383,2531080674435,2531080797934,78141120,480,0
384,2531080674491,2531080898231,78141600,480,0
385,2531080829422,2531080997866,78142080,480,0
386,2531080993287,2531081099102,78142560,480,0
387,2531080993352,2531081199688,78143040,480,0
388,2531081145751,2531081299779,78143520,480,0
389,2531081302886,2531081400175,78144000,480,0
390,2531081302945,2531081501618,78144480,480,0
391,2531081460472,2531081597273,78144960,480,0
392,2531081609383,2531081703512,78145440,480,0
393,2531081609427,2531081799159,78145920,480,0
394,2531081777061,2531081899978,78146400,480,0
395,2531081777145,2531082000242,78146880,480,0
396,2531081932340,2531082095834,78147360,480,0
397,2531082089643,2531082201622,78147840,480,0
398,2531082089710,2531082302021,78148320,480,0
399,2531082254035,2531082397373,78148800,480,0
400,2531082412630,2531082502303,78149280,480,0
401,2531082412727,2531082597441,78149760,480,0
402,2531082560119,2531082698148,78150240,480,0
403,2531082718072,2531082800010,78150720,480,0
404,2531082718149,2531082900498,78151200,480,0
405,2531082868751,2531083001014,78151680,480,0
406,2531083028625,2531083097059,78152160,480,0
407,2531083029445,2531083202709,78152640,480,0
408,2531083184782,2531083298491,78153120,480,0
409,2531083184837,2531083398667,78153600,480,0
410,2531083337042,2531083499089,78154080,480,0
411,2531083491631,2531083599875,78154560,480,0
412,2531083491677,2531083700499,78155040,480,0
413,2531083647462,2531083798052,78155520,480,0
414,2531083803532,2531083898591,78156000,480,0
415,2531083803604,2531083998962,78156480,480,0
416,2531083955299,2531084099422,78156960,480,0
417,2531084108068,2531084199742,78157440,480,0
418,2531084108136,2531084300249,78157920,480,0
419,2531084256745,2531084395453,78158400,480,0
420,2531084425540,2531084501192,78158880,480,0
421,2531084425606,2531084596636,78159360,480,0
422,2531084580242,2531084702392,78159840,480,0
423,2531084580309,2531084793270,78160320,480,0
424,2531084735549,2531084899330,78160800,480,0
425,2531084892311,2531084999299,78161280,480,0
426,2531084892370,2531085100338,78161760,480,0
427,2531085045662,2531085196069,78162240,480,0
428,2531085207629,2531085301055,78162720,480,0
429,2531085207692,2531085396948,78163200,480,0
430,2531085365376,2531085502361,78163680,480,0
431,2531085512922,2531085601582,78164160,480,0
432,2531085512986,2531085697342,78164640,480,0
433,2531085683338,2531085797722,78165120,480,0
434,2531085683412,2531085902387,78165600,480,0
435,2531085834470,2531086001389,78166080,480,0
436,2531085984631,2531086095889,78166560,480,0
437,2531085984700,2531086202197,78167040,480,0
438,2531086283125,2531086297338,78167520,480,0
439,2531086283179,2531086397592,78168000,480,0
440,2531086283195,2531086498469,78168480,480,0
441,2531086455683,2531086600723,78168960,480,0
442,2531086704531,2531086699721,78169440,480,0
443,2531086704585,2531086800335,78169920,480,0
444,2531086704609,2531086895997,78170400,480,0
445,2531086779295,2531087001781,78170880,480,0
446,2531086911039,2531087097038,78171360,480,0
447,2531087073392,2531087203478,78171840,480,0
448,2531087073431,2531087298181,78172320,480,0
449,2531087216328,2531087399628,78172800,480,0
450,2531087371193,2531087499660,78173280,480,0
451,2531087527119,2531087599967,78173760,480,0
452,2531087527194,2531087696686,78174240,480,0
453,2531087677471,2531087797050,78174720,480,0
454,2531087677544,2531087902135,78175200,480,0
455,2531087830448,2531087997619,78175680,480,0
456,2531087990740,2531088098280,78176160,480,0
457,2531087990795,2531088198387,78176640,480,0
458,2531088146273,2531088298791,78177120,480,0
459,2531088307386,2531088399630,78177600,480,0
460,2531088307460,2531088499770,78178080,480,0
461,2531088452517,2531088600066,78178560,480,0
462,2531088612461,2531088695361,78179040,480,0
463,2531088612533,2531088796312,78179520,480,0
464,2531088770872,2531088902116,78180000,480,0
465,2531088770949,2531088997274,78180480,480,0
466,2531088927558,2531089097557,78180960,480,0
467,2531089079930,2531089198118,78181440,480,0
468,2531089079971,2531089298518,78181920,480,0
469,2531089235309,2531089398568,78182400,480,0
470,2531089390019,2531089498802,78182880,480,0
471,2531089390097,2531089599018,78183360,480,0
472,2531089546559,2531089699640,78183840,480,0
473,2531089702860,2531089800022,78184320,480,0
474,2531089702913,2531089895216,78184800,480,0
475,2531089861878,2531090000624,78185280,480,0
476,2531090017524,2531090095862,78185760,480,0
477,2531090017563,2531090201409,78186240,480,0
478,2531090172827,2531090296980,78186720,480,0
479,2531090330810,2531090401975,78187200,480,0
480,2531090330897,2531090497465,78187680,480,0
481,2531090481953,2531090598362,78188160,480,0
482,2531090482020,2531090698771,78188640,480,0
483,2531090636997,2531090799247,78189120,480,0
484,2531090793581,2531090899257,78189600,480,0
485,2531090793644,2531090999650,78190080,480,0
486,2531090951305,2531091094914,78190560,480,0
487,2531091112310,2531091200288,78191040,480,0
488,2531091112404,2531091295900,78191520,480,0
489,2531091268425,2531091401377,78192000,480,0
490,2531091424786,2531091496775,78192480,480,0
491,2531091424867,2531091596728,78192960,480,0
492,2531091573695,2531091702181,78193440,480,0
493,2531091733987,2531091802545,78193920,480,0
494,2531091734043,2531091898932,78194400,480,0
495,2531091890033,2531091998553,78194880,480,0
496,2531091890069,2531092098992,78195360,480,0
497,2531092047118,2531092199208,78195840,480,0
498,2531092207154,2531092299611,78196320,480,0
499,2531092207224,2531092399647,78196800,480,0
500,2531092362109,2531092500547,78197280,480,0
501,2531092511716,2531092595799,78197760,480,0
502,2531092511771,2531092701294,78198240,480,0
503,2531092674920,2531092796327,78198720,480,0
504,2531092674983,2531092901773,78199200,480,0
505,2531092828150,2531092996964,78199680,480,0
506,2531092978344,2531093097261,78200160,480,0
507,2531092978406,2531093197706,78200640,480,0
508,2531093135176,2531093297906,78201120,480,0
509,2531093291672,2531093398357,78201600,480,0
510,2531093291749,2531093498729,78202080,480,0
511,2531093446510,2531093599137,78202560,480,0
512,2531093599144,2531093699281,78203040,480,0
513,2531093599803,2531093800286,78203520,480,0
514,2531093751388,2531093895431,78204000,480,0
515,2531093909067,2531094000774,78204480,480,0
516,2531093909112,2531094097261,78204960,480,0
517,2531094064020,2531094201821,78205440,480,0
518,2531094225559,2531094297153,78205920,480,0
519,2531094225641,2531094397921,78206400,480,0
520,2531094379671,2531094497779,78206880,480,0
521,2531094379726,2531094598204,78207360,480,0
522,2531094539400,2531094698927,78207840,480,0
523,2531094698296,2531094801946,78208320,480,0
524,2531094698339,2531094896982,78208800,480,0
525,2531094855014,2531094997709,78209280,480,0
526,2531095014585,2531095098143,78209760,480,0
527,2531095014649,2531095198148,78210240,480,0
528,2531095169783,2531095298436,78210720,480,0
529,2531095337690,2531095398541,78211200,480,0
530,2531095337761,2531095498695,78211680,480,0
531,2531095490953,2531095599559,78212160,480,0
532,2531095491011,2531095700157,78212640,480,0
533,2531095652780,2531095800841,78213120,480,0
534,2531095808241,2531095895892,78213600,480,0
535,2531095808329,2531096001413,78214080,480,0
536,2531095954816,2531096097346,78214560,480,0
537,2531096114417,2531096203881,78215040,480,0
538,2531096114487,2531096298561,78215520,480,0
539,2531096271664,2531096398676,78216000,480,0
540,2531096271736,2531096498893,78216480,480,0
541,2531096428699,2531096600182,78216960,480,0
542,2531096579781,2531096694860,78217440,480,0
543,2531096579854,2531096795337,78217920,480,0
544,2531096738848,2531096901059,78218400,480,0
545,2531096898960,2531096996281,78218880,480,0
546,2531096899019,2531097096646,78219360,480,0
547,2531097055035,2531097202037,78219840,480,0
548,2531097215507,2531097297497,78220320,480,0
549,2531097215581,2531097398730,78220800,480,0
550,2531097383209,2531097498239,78221280,480,0
551,2531097383262,2531097602415,78221760,480,0
552,2531097531167,2531097701379,78222240,480,0
553,2531097685840,2531097801555,78222720,480,0
554,2531097685920,2531097896864,78223200,480,0
555,2531097845047,2531098002709,78223680,480,0
556,2531097991894,2531098101421,78224160,480,0
557,2531097991963,2531098196626,78224640,480,0
558,2531098141164,2531098302561,78225120,480,0
559,2531098295658,2531098397905,78225600,480,0
560,2531098295716,2531098499273,78226080,480,0
561,2531098455645,2531098599812,78226560,480,0
562,2531098607607,2531098698999,78227040,480,0
563,2531098607663,2531098799999,78227520,480,0
564,2531098766714,2531098895081,78228000,480,0
565,2531098926128,2531099000764,78228480,480,0
566,2531098926194,2531099096588,78228960,480,0
567,2531099086181,2531099202844,78229440,480,0
568,2531099086264,2531099297535,78229920,480,0
569,2531099234658,2531099398108,78230400,480,0
570,2531099389852,2531099498938,78230880,480,0
571,2531099389909,2531099598900,78231360,480,0
572,2531099549192,2531099699803,78231840,480,0
573,2531099703362,2531099800272,78232320,480,0
574,2531099703445,2531099895424,78232800,480,0
575,2531099855839,2531100000845,78233280,480,0
576,2531100016660,2531100101059,78233760,480,0
577,2531100016725,2531100195724,78234240,480,0
578,2531100164850,2531100301287,78234720,480,0
579,2531100323790,2531100396701,78235200,480,0
580,2531100323860,2531100501911,78235680,480,0
581,2531100483896,2531100597791,78236160,480,0
582,2531100483956,2531100698359,78236640,480,0
583,2531100638579,2531100799089,78237120,480,0
584,2531100812257,2531100899325,78237600,480,0
585,2531100812342,2531100999588,78238080,480,0
586,2531100953273,2531101095283,78238560,480,0
587,2531101102142,2531101201282,78239040,480,0
588,2531101102207,2531101301401,78239520,480,0
589,2531101256764,2531101396687,78240000,480,0
590,2531101428008,2531101502073,78240480,480,0
591,2531101428078,2531101598313,78240960,480,0
592,2531101564632,2531101698734,78241440,480,0
593,2531101724488,2531101800258,78241920,480,0
594,2531101724557,2531101895570,78242400,480,0
595,2531101878753,2531102001415,78242880,480,0
596,2531101878835,2531102096999,78243360,480,0
597,2531102032192,2531102202664,78243840,480,0
598,2531102185679,2531102298033,78244320,480,0
599,2531102185767,2531102398273,78244800,480,0
600,2531102337984,2531102498838,78245280,480,0
601,2531102491046,2531102599189,78245760,480,0
602,2531102491097,2531102699724,78246240,480,0
603,2531102653671,2531102800228,78246720,480,0
604,2531102813120,2531102895280,78247200,480,0
605,2531102813173,2531103001126,78247680,480,0
606,2531102964516,2531103097766,78248160,480,0
607,2531103114157,2531103202423,78248640,480,0
608,2531103114232,2531103297864,78249120,480,0
609,2531103277393,2531103398715,78249600,480,0
610,2531103277499,2531103493581,78250080,480,0
611,2531103483947,2531103600176,78250560,480,0
612,2531103483983,2531103695033,78251040,480,0
613,2531103600391,2531103795784,78251520,480,0
614,2531103751834,2531103901704,78252000,480,0
615,2531103909899,2531103996542,78252480,480,0
616,2531103909978,2531104097218,78252960,480,0
617,2531104059687,2531104197905,78253440,480,0
618,2531104216101,2531104298079,78253920,480,0
619,2531104216329,2531104398364,78254400,480,0
620,2531104372070,2531104498603,78254880,480,0
621,2531104372139,2531104599134,78255360,480,0
622,2531104526558,2531104700271,78255840,480,0
623,2531104679726,2531104795443,78256320,480,0
624,2531104679802,2531104901436,78256800,480,0
625,2531104842544,2531104996578,78257280,480,0
626,2531105002721,2531105096735,78257760,480,0
627,2531105002788,2531105197426,78258240,480,0
628,2531105155989,2531105297541,78258720,480,0
629,2531105314527,2531105398212,78259200,480,0
630,2531105314609,2531105499274,78259680,480,0
631,2531105477210,2531105600091,78260160,480,0
632,2531105477274,2531105696971,78260640,480,0
633,2531105628199,2531105796274,78261120,480,0
634,2531105779213,2531105901728,78261600,480,0
635,2531105779302,2531105997079,78262080,480,0
636,2531105928751,2531106098414,78262560,480,0
637,2531106088272,2531106200575,78263040,480,0
638,2531106088337,2531106298798,78263520,480,0
639,2531106238522,2531106399446,78264000,480,0
640,2531106386741,2531106499828,78264480,480,0
641,2531106386799,2531106595399,78264960,480,0
642,2531106549011,2531106700908,78265440,480,0
643,2531106706398,2531106801513,78265920,480,0
644,2531106706511,2531106896838,78266400,480,0
645,2531106853739,2531106998915,78266880,480,0
646,2531107016719,2531107097493,78267360,480,0
647,2531107016776,2531107197845,78267840,480,0
648,2531107172369,2531107298497,78268320,480,0
649,2531107172429,2531107398645,78268800,480,0
650,2531107337548,2531107498691,78269280,480,0
651,2531107491664,2531107599423,78269760,480,0
652,2531107491735,2531107700002,78270240,480,0
653,2531107654219,2531107800593,78270720,480,0
654,2531107810426,2531107899289,78271200,480,0
655,2531107810494,2531107999712,78271680,480,0
656,2531107965771,2531108095012,78272160,480,0
657,2531108123961,2531108200870,78272640,480,0
658,2531108124036,2531108296704,78273120,480,0
659,2531108281712,2531108401417,78273600,480,0
660,2531108281771,2531108498106,78274080,480,0
661,2531108434263,2531108597806,78274560,480,0
662,2531108600790,2531108697996,78275040,480,0
663,2531108600875,2531108799018,78275520,480,0
664,2531108756159,2531108899563,78276000,480,0
665,2531108924980,2531108999572,78276480,480,0
666,2531108925066,2531109095070,78276960,480,0
667,2531109071781,2531109200987,78277440,480,0
668,2531109239329,2531109301044,78277920,480,0
669,2531109239670,2531109396562,78278400,480,0
670,2531109391588,2531109501811,78278880,480,0
671,2531109391665,2531109597745,78279360,480,0
672,2531109546891,2531109698736,78279840,480,0
673,2531109705031,2531109798895,78280320,480,0
674,2531109705103,2531109899171,78280800,480,0
675,2531109857492,2531109999377,78281280,480,0
676,2531110006189,2531110099938,78281760,480,0
677,2531110007220,2531110194983,78282240,480,0
678,2531110164168,2531110300434,78282720,480,0
679,2531110326042,2531110395750,78283200,480,0
680,2531110326133,2531110501307,78283680,480,0
681,2531110484439,2531110597178,78284160,480,0
682,2531110484506,2531110702161,78284640,480,0
683,2531110644601,2531110799210,78285120,480,0
684,2531110801382,2531110897970,78285600,480,0
685,2531110801624,2531110998231,78286080,480,0
686,2531110956856,2531111098935,78286560,480,0
687,2531111116557,2531111194245,78287040,480,0
688,2531111116618,2531111299951,78287520,480,0
689,2531111278066,2531111395290,78288000,480,0
690,2531111278141,2531111501008,78288480,480,0
691,2531111426794,2531111596226,78288960,480,0
692,2531111579180,2531111702035,78289440,480,0
693,2531111579232,2531111797837,78289920,480,0
694,2531111735550,2531111897807,78290400,480,0
695,2531111890887,2531111998587,78290880,480,0
696,2531111890929,2531112098745,78291360,480,0
697,2531112047690,2531112199258,78291840,480,0
698,2531112208155,2531112299324,78292320,480,0
699,2531112208220,2531112400267,78292800,480,0
700,2531112366516,2531112500772,78293280,480,0
701,2531112561375,2531112596765,78293760,480,0
702,2531112561423,2531112702811,78294240,480,0
703,2531112686237,2531112798406,78294720,480,0
704,2531112686281,2531112897764,78295200,480,0
705,2531112830989,2531112998371,78295680,480,0
706,2531113000753,2531113099029,78296160,480,0
707,2531113000813,2531113199884,78296640,480,0
708,2531113140416,2531113300220,78297120,480,0
709,2531113364066,2531113395245,78297600,480,0
710,2531113364129,2531113500939,78298080,480,0
711,2531113445558,2531113597472,78298560,480,0
712,2531113607012,2531113698022,78299040,480,0
713,2531113607084,2531113798315,78299520,480,0
714,2531113780766,2531113899427,78300000,480,0
715,2531113780821,2531113999673,78300480,480,0
716,2531113923081,2531114099375,78300960,480,0
717,2531114093745,2531114200053,78301440,480,0
718,2531114093801,2531114300303,78301920,480,0
719,2531114243296,2531114395649,78302400,480,0
720,2531114398051,2531114500901,78302880,480,0
721,2531114398101,2531114596486,78303360,480,0
722,2531114552626,2531114701941,78303840,480,0
723,2531114705088,2531114802495,78304320,480,0
724,2531114705164,2531114897845,78304800,480,0
725,2531114860885,2531114998002,78305280,480,0
726,2531115020327,2531115099630,78305760,480,0
727,2531115020390,2531115199463,78306240,480,0
728,2531115176588,2531115299534,78306720,480,0
729,2531115176651,2531115399895,78307200,480,0
730,2531115324922,2531115501885,78307680,480,0
731,2531115479154,2531115597709,78308160,480,0
732,2531115479206,2531115698362,78308640,480,0
733,2531115635851,2531115799147,78309120,480,0
734,2531115792947,2531115899459,78309600,480,0
735,2531115793002,2531116000136,78310080,480,0
736,2531115945827,2531116095867,78310560,480,0
737,2531116094303,2531116202147,78311040,480,0
738,2531116094361,2531116297163,78311520,480,0
739,2531116254727,2531116397611,78312000,480,0
740,2531116417020,2531116502785,78312480,480,0
741,2531116417083,2531116600479,78312960,480,0
742,2531116565460,2531116695638,78313440,480,0
743,2531116719628,2531116796583,78313920,480,0
744,2531116719731,2531116902112,78314400,480,0
745,2531116873622,2531116997046,78314880,480,0
746,2531116873687,2531117098565,78315360,480,0
747,2531117028087,2531117198979,78315840,480,0
748,2531117186493,2531117299089,78316320,480,0
749,2531117186555,2531117399155,78316800,480,0
750,2531117347647,2531117499866,78317280,480,0
751,2531117500926,2531117600069,78317760,480,0
752,2531117500978,2531117695308,78318240,480,0
753,2531117653765,2531117796402,78318720,480,0
754,2531117811161,2531117901539,78319200,480,0
755,2531117811228,2531117996973,78319680,480,0
756,2531117959385,2531118097707,78320160,480,0
757,2531118114864,2531118197587,78320640,480,0
758,2531118114929,2531118297865,78321120,480,0
759,2531118271013,2531118398355,78321600,480,0
760,2531118271092,2531118498478,78322080,480,0
761,2531118421461,2531118599294,78322560,480,0
762,2531118587492,2531118699578,78323040,480,0
763,2531118587555,2531118800523,78323520,480,0
764,2531118742608,2531118895899,78324000,480,0
765,2531118900851,2531119001614,78324480,480,0
766,2531118900938,2531119096928,78324960,480,0
767,2531119054640,2531119197282,78325440,480,0
768,2531119208890,2531119303283,78325920,480,0
769,2531119208957,2531119398723,78326400,480,0
770,2531119364649,2531119498625,78326880,480,0
771,2531119516118,2531119599733,78327360,480,0
772,2531119516389,2531119699744,78327840,480,0
773,2531119672111,2531119800345,78328320,480,0
774,2531119672166,2531119895436,78328800,480,0
775,2531119838898,2531120001240,78329280,480,0
776,2531119991856,2531120097809,78329760,480,0
777,2531119991930,2531120198675,78330240,480,0
778,2531120146337,2531120298736,78330720,480,0
779,2531120301290,2531120399142,78331200,480,0
780,2531120301476,2531120499425,78331680,480,0
781,2531120453218,2531120600151,78332160,480,0
782,2531120615595,2531120695223,78332640,480,0
783,2531120615670,2531120796040,78333120,480,0
784,2531120772099,2531120901384,78333600,480,0
785,2531120772169,2531120997032,78334080,480,0
786,2531120925109,2531121097513,78334560,480,0
787,2531121079542,2531121197310,78335040,480,0
788,2531121079601,2531121297486,78335520,480,0
789,2531121234461,2531121398025,78336000,480,0
790,2531121390298,2531121497911,78336480,480,0
791,2531121390350,2531121598504,78336960,480,0
792,2531121545399,2531121699069,78337440,480,0
793,2531121706847,2531121799296,78337920,480,0
794,2531121706926,2531121899975,78338400,480,0
795,2531121861835,2531122000116,78338880,480,0
796,2531122020028,2531122095784,78339360,480,0
797,2531122020097,2531122200951,78339840,480,0
798,2531122174718,2531122296479,78340320,480,0
799,2531122174781,2531122401523,78340800,480,0
800,2531122329945,2531122496946,78341280,480,0
801,2531122492280,2531122597198,78341760,480,0
802,2531122492341,2531122697662,78342240,480,0
803,2531122649711,2531122798181,78342720,480,0
804,2531122810742,2531122899117,78343200,480,0
805,2531122810805,2531122999305,78343680,480,0
806,2531122965006,2531123100814,78344160,480,0
807,2531123118907,2531123195389,78344640,480,0
808,2531123119221,2531123301219,78345120,480,0
809,2531123273666,2531123396157,78345600,480,0
810,2531123440401,2531123501486,78346080,480,0
811,2531123440451,2531123597562,78346560,480,0
812,2531123645835,2531123698380,78347040,480,0
813,2531123645887,2531123799685,78347520,480,0
814,2531123751798,2531123900844,78348000,480,0
815,2531123899987,2531123999976,78348480,480,0
816,2531123900043,2531124095827,78348960,480,0
817,2531124078925,2531124201821,78349440,480,0
818,2531124078984,2531124297181,78349920,480,0
819,2531124210750,2531124397828,78350400,480,0
820,2531124362716,2531124498606,78350880,480,0
821,2531124521837,2531124600065,78351360,480,0
822,2531124521928,2531124695057,78351840,480,0
823,2531124674797,2531124800652,78352320,480,0
824,2531124674856,2531124896443,78352800,480,0
825,2531124823694,2531125001561,78353280,480,0
826,2531124981360,2531125097321,78353760,480,0
827,2531124981406,2531125197715,78354240,480,0
828,2531125138952,2531125298493,78354720,480,0
829,2531125291426,2531125399103,78355200,480,0
830,2531125291497,2531125499192,78355680,480,0
831,2531125448828,2531125599719,78356160,480,0
832,2531125601107,2531125700391,78356640,480,0
833,2531125601189,2531125794954,78357120,480,0
834,2531125763256,2531125900578,78357600,480,0
835,2531125922903,2531125995834,78358080,480,0
836,2531125923130,2531126096178,78358560,480,0
837,2531126080292,2531126201725,78359040,480,0
838,2531126080360,2531126296954,78359520,480,0
839,2531126238039,2531126397614,78360000,480,0
840,2531126392586,2531126493819,78360480,480,0
841,2531126392654,2531126599172,78360960,480,0
842,2531126546823,2531126699870,78361440,480,0
843,2531126701809,2531126800420,78361920,480,0
844,2531126701867,2531126895411,78362400,480,0
845,2531126853922,2531127000890,78362880,480,0
846,2531127013900,2531127100433,78363360,480,0
847,2531127013996,2531127195722,78363840,480,0
848,2531127164160,2531127300923,78364320,480,0
849,2531127326651,2531127396372,78364800,480,0
850,2531127326723,2531127501970,78365280,480,0
851,2531127490461,2531127597395,78365760,480,0
852,2531127490525,2531127698437,78366240,480,0
853,2531127636096,2531127798761,78366720,480,0
854,2531127792379,2531127901000,78367200,480,0
855,2531127792440,2531127999094,78367680,480,0
856,2531127947270,2531128099603,78368160,480,0
857,2531128103583,2531128200122,78368640,480,0
858,2531128103670,2531128295347,78369120,480,0
859,2531128264032,2531128400680,78369600,480,0
860,2531128422537,2531128496852,78370080,480,0
861,2531128422580,2531128596598,78370560,480,0
862,2531128578551,2531128702075,78371040,480,0
863,2531128578600,2531128797222,78371520,480,0
864,2531128734496,2531128898009,78372000,480,0
865,2531128889730,2531128997830,78372480,480,0
866,2531128889785,2531129098629,78372960,480,0
867,2531129046272,2531129198776,78373440,480,0
868,2531129195186,2531129299069,78373920,480,0
869,2531129195378,2531129399267,78374400,480,0
870,2531129353870,2531129499910,78374880,480,0
871,2531129505292,2531129598868,78375360,480,0
872,2531129505371,2531129699035,78375840,480,0
873,2531129662717,2531129800010,78376320,480,0
874,2531129821725,2531129895087,78376800,480,0
875,2531129821769,2531130001164,78377280,480,0
876,2531129977880,2531130096400,78377760,480,0
877,2531129977983,2531130202575,78378240,480,0
878,2531130137478,2531130297648,78378720,480,0
879,2531130288749,2531130397840,78379200,480,0
880,2531130288806,2531130498169,78379680,480,0
881,2531130447840,2531130598590,78380160,480,0
882,2531130607715,2531130699194,78380640,480,0
883,2531130607771,2531130799701,78381120,480,0
884,2531130758622,2531130899584,78381600,480,0
885,2531130921535,2531131000150,78382080,480,0
886,2531130921585,2531131095507,78382560,480,0
887,2531131078002,2531131201117,78383040,480,0
888,2531131078064,2531131296377,78383520,480,0
889,2531131228974,2531131401913,78384000,480,0
890,2531131388769,2531131497266,78384480,480,0
891,2531131388829,2531131597538,78384960,480,0
892,2531131544281,2531131698197,78385440,480,0
893,2531131694935,2531131798591,78385920,480,0
894,2531131694997,2531131899044,78386400,480,0
895,2531131845999,2531131999990,78386880,480,0
896,2531132007345,2531132099575,78387360,480,0
897,2531132007404,2531132195206,78387840,480,0
898,2531132162545,2531132300352,78388320,480,0
899,2531132313418,2531132397933,78388800,480,0
900,2531132313495,2531132501225,78389280,480,0
901,2531132472394,2531132596363,78389760,480,0
902,2531132633957,2531132701801,78390240,480,0
903,2531132634016,2531132797551,78390720,480,0
904,2531132789774,2531132897530,78391200,480,0
905,2531132789834,2531132997694,78391680,480,0
906,2531132945197,2531133098667,78392160,480,0
907,2531133106678,2531133198656,78392640,480,0
908,2531133106768,2531133298894,78393120,480,0
909,2531133256706,2531133399704,78393600,480,0
910,2531133408723,2531133499747,78394080,480,0
911,2531133408772,2531133595648,78394560,480,0
912,2531133564778,2531133701518,78395040,480,0
913,2531133719523,2531133801957,78395520,480,0
914,2531133719579,2531133897453,78396000,480,0
915,2531133880155,2531133998124,78396480,480,0
916,2531133880202,2531134098288,78396960,480,0
917,2531134037509,2531134199027,78397440,480,0
918,2531134187510,2531134299604,78397920,480,0
919,2531134187582,2531134400497,78398400,480,0
920,2531134342811,2531134495744,78398880,480,0
921,2531134503844,2531134600428,78399360,480,0
922,2531134503899,2531134696110,78399840,480,0
923,2531134658297,2531134796119,78400320,480,0
924,2531134820773,2531134901820,78400800,480,0
925,2531134820847,2531134996811,78401280,480,0
926,2531134981366,2531135097941,78401760,480,0
927,2531134981430,2531135203197,78402240,480,0
928,2531135126628,2531135298925,78402720,480,0
929,2531135281807,2531135399328,78403200,480,0
930,2531135281858,2531135499393,78403680,480,0
931,2531135436802,2531135594960,78404160,480,0
932,2531135588131,2531135700771,78404640,480,0
933,2531135588200,2531135801371,78405120,480,0
934,2531135743735,2531135896638,78405600,480,0
935,2531135899733,2531136002233,78406080,480,0
936,2531135899782,2531136098395,78406560,480,0
937,2531136055205,2531136198350,78407040,480,0
938,2531136215071,2531136298721,78407520,480,0
939,2531136215115,2531136399041,78408000,480,0
940,2531136370332,2531136499149,78408480,480,0
941,2531136530945,2531136599396,78408960,480,0
942,2531136531026,2531136694916,78409440,480,0
943,2531136687647,2531136795241,78409920,480,0
944,2531136687698,2531136902013,78410400,480,0
945,2531136838055,2531136996323,78410880,480,0
946,2531137006396,2531137096974,78411360,480,0
947,2531137006448,2531137197181,78411840,480,0
948,2531137154989,2531137297603,78412320,480,0
949,2531137310131,2531137397948,78412800,480,0
950,2531137310205,2531137498637,78413280,480,0
951,2531137471440,2531137599382,78413760,480,0
952,2531137627972,2531137699684,78414240,480,0
953,2531137628048,2531137800553,78414720,480,0
954,2531137783657,2531137895882,78415200,480,0
955,2531137783727,2531138001200,78415680,480,0
956,2531137934579,2531138096796,78416160,480,0
957,2531138093293,2531138199908,78416640,480,0
958,2531138093365,2531138297846,78417120,480,0
959,2531138245854,2531138398028,78417600,480,0
960,2531138399397,2531138498340,78418080,480,0
961,2531138399447,2531138599341,78418560,480,0
962,2531138558003,2531138699504,78419040,480,0
963,2531138709167,2531138802294,78419520,480,0
964,2531138709236,2531138897967,78420000,480,0
965,2531138862097,2531138999032,78420480,480,0
966,2531139015292,2531139099316,78420960,480,0
967,2531139015360,2531139199705,78421440,480,0
968,2531139174137,2531139294697,78421920,480,0
969,2531139174201,2531139400289,78422400,480,0
970,2531139328002,2531139495661,78422880,480,0
971,2531139483160,2531139595960,78423360,480,0
972,2531139483235,2531139701411,78423840,480,0
973,2531139640238,2531139802268,78424320,480,0
974,2531139791554,2531139898011,78424800,480,0
975,2531139791627,2531139998957,78425280,480,0
976,2531139949870,2531140099212,78425760,480,0
977,2531140103018,2531140200035,78426240,480,0
978,2531140103092,2531140295051,78426720,480,0
979,2531140275017,2531140400402,78427200,480,0
980,2531140275083,2531140497581,78427680,480,0
981,2531140423565,2531140596602,78428160,480,0
982,2531140581241,2531140701753,78428640,480,0
983,2531140581437,2531140797476,78429120,480,0
984,2531140740419,2531140897999,78429600,480,0
985,2531140910441,2531140998093,78430080,480,0
986,2531140910490,2531141099552,78430560,480,0
987,2531141078020,2531141200128,78431040,480,0
988,2531141078053,2531141295298,78431520,480,0
989,2531141250004,2531141401080,78432000,480,0
990,2531141407637,2531141496289,78432480,480,0
991,2531141408005,2531141596595,78432960,480,0
992,2531141534158,2531141702349,78433440,480,0
993,2531141682687,2531141798341,78433920,480,0
994,2531141682738,2531141898171,78434400,480,0
995,2531141829003,2531141999944,78434880,480,0
996,2531141987598,2531142099699,78435360,480,0
997,2531141987662,2531142199693,78435840,480,0
998,2531142141116,2531142299924,78436320,480,0
999,2531142296655,2531142395209,78436800,480,0
1000,2531142296716,2531142500808,78437280,480,0
1001,2531142443040,2531142596291,78437760,480,0
1002,2531142598822,2531142701976,78438240,480,0
1003,2531142598883,2531142802071,78438720,480,0
1004,2531142754175,2531142897766,78439200,480,0
1005,2531142910272,2531142993090,78439680,480,0
1006,2531142910317,2531143099039,78440160,480,0
1007,2531143061220,2531143199304,78440640,480,0
1008,2531143212038,2531143300102,78441120,480,0
1009,2531143212117,2531143395081,78441600,480,0
1010,2531143368360,2531143500705,78442080,480,0
1011,2531143517412,2531143596592,78442560,480,0
1012,2531143517465,2531143701909,78443040,480,0
1013,2531143671401,2531143797237,78443520,480,0
1014,2531143671455,2531143897521,78444000,480,0
1015,2531143829689,2531143997828,78444480,480,0
1016,2531143990672,2531144098136,78444960,480,0
1017,2531143990714,2531144198382,78445440,480,0
1018,2531144147363,2531144299278,78445920,480,0
1019,2531144302656,2531144399250,78446400,480,0
1020,2531144302715,2531144500017,78446880,480,0
1021,2531144457481,2531144595081,78447360,480,0
1022,2531144610002,2531144700769,78447840,480,0
1023,2531144610070,2531144801552,78448320,480,0
1024,2531144763650,2531144896300,78448800,480,0
1025,2531144918243,2531145001893,78449280,480,0
1026,2531144918301,2531145097289,78449760,480,0
1027,2531145079660,2531145197387,78450240,480,0
1028,2531145079716,2531145297560,78450720,480,0
1029,2531145237318,2531145398484,78451200,480,0
1030,2531145392589,2531145498641,78451680,480,0
1031,2531145392671,2531145599508,78452160,480,0
1032,2531145542346,2531145700020,78452640,480,0
1033,2531145703884,2531145800111,78453120,480,0
1034,2531145703953,2531145895568,78453600,480,0
1035,2531145855924,2531146001075,78454080,480,0
1036,2531146009198,2531146096419,78454560,480,0
1037,2531146009260,2531146201940,78455040,480,0
1038,2531146158610,2531146297774,78455520,480,0
1039,2531146321242,2531146397510,78456000,480,0
1040,2531146321331,2531146497683,78456480,480,0
1041,2531146482541,2531146598808,78456960,480,0
1042,2531146482643,2531146698813,78457440,480,0
1043,2531146635907,2531146799100,78457920,480,0
1044,2531146793784,2531146899550,78458400,480,0
1045,2531146793837,2531147000250,78458880,480,0
1046,2531146951856,2531147095323,78459360,480,0
1047,2531147114210,2531147200883,78459840,480,0
1048,2531147114318,2531147295968,78460320,480,0
1049,2531147272678,2531147401772,78460800,480,0
1050,2531147272775,2531147496697,78461280,480,0
1051,2531147419950,2531147597181,78461760,480,0
1052,2531147574444,2531147697697,78462240,480,0
1053,2531147574511,2531147799339,78462720,480,0
1054,2531147725656,2531147899235,78463200,480,0
1055,2531147881127,2531147999319,78463680,480,0
1056,2531147881206,2531148099904,78464160,480,0
1057,2531148032163,2531148195118,78464640,480,0
1058,2531148192454,2531148300436,78465120,480,0
1059,2531148192506,2531148395612,78465600,480,0
1060,2531148352188,2531148501291,78466080,480,0
1061,2531148507388,2531148596516,78466560,480,0
1062,2531148507432,2531148702239,78467040,480,0
1063,2531148670248,2531148797331,78467520,480,0
1064,2531148670307,2531148897643,78468000,480,0
1065,2531148829668,2531148998079,78468480,480,0
1066,2531148990318,2531149098342,78468960,480,0
1067,2531148990370,2531149198619,78469440,480,0
1068,2531149146651,2531149299169,78469920,480,0
1069,2531149305267,2531149399513,78470400,480,0
1070,2531149305363,2531149499566,78470880,480,0
1071,2531149459214,2531149594989,78471360,480,0
1072,2531149607633,2531149700881,78471840,480,0
1073,2531149607687,2531149801392,78472320,480,0
1074,2531149762761,2531149896700,78472800,480,0
1075,2531149921287,2531150002078,78473280,480,0
1076,2531149921423,2531150098017,78473760,480,0
1077,2531150074377,2531150198543,78474240,480,0
1078,2531150074430,2531150298887,78474720,480,0
1079,2531150226306,2531150399144,78475200,480,0
1080,2531150388142,2531150499572,78475680,480,0
1081,2531150389277,2531150595014,78476160,480,0
1082,2531150542021,2531150700725,78476640,480,0
1083,2531150697085,2531150798586,78477120,480,0
1084,2531150697146,2531150898883,78477600,480,0
1085,2531150855441,2531150999287,78478080,480,0
1086,2531151010440,2531151099678,78478560,480,0
1087,2531151010496,2531151194950,78479040,480,0
1088,2531151167949,2531151300260,78479520,480,0
1089,2531151168017,2531151395431,78480000,480,0
1090,2531151325243,2531151500814,78480480,480,0
1091,2531151476621,2531151597340,78480960,480,0
1092,2531151476735,2531151702139,78481440,480,0
1093,2531151629823,2531151797538,78481920,480,0
1094,2531151781647,2531151898286,78482400,480,0
1095,2531151781699,2531151998402,78482880,480,0
1096,2531151935998,2531152099146,78483360,480,0
1097,2531152085997,2531152199268,78483840,480,0
1098,2531152086038,2531152299547,78484320,480,0
1099,2531152242446,2531152394723,78484800,480,0
1100,2531152396463,2531152500321,78485280,480,0
1101,2531152396518,2531152595629,78485760,480,0
1102,2531152555169,2531152701149,78486240,480,0
1103,2531152707149,2531152801817,78486720,480,0
1104,2531152707230,2531152897205,78487200,480,0
1105,2531152860272,2531152997274,78487680,480,0
1106,2531153018213,2531153098411,78488160,480,0
1107,2531153018289,2531153199591,78488640,480,0
1108,2531153173997,2531153299875,78489120,480,0
1109,2531153174065,2531153395279,78489600,480,0
1110,2531153322756,2531153500775,78490080,480,0
1111,2531153474675,2531153596508,78490560,480,0
1112,2531153474728,2531153701934,78491040,480,0
1113,2531153651939,2531153797590,78491520,480,0
1114,2531153791345,2531153897778,78492000,480,0
1115,2531153791407,2531153998107,78492480,480,0
1116,2531153946840,2531154099373,78492960,480,0
1117,2531154108568,2531154200320,78493440,480,0
1118,2531154108607,2531154299858,78493920,480,0
1119,2531154260273,2531154395078,78494400,480,0
1120,2531154411395,2531154493350,78494880,480,0
1121,2531154411444,2531154598939,78495360,480,0
1122,2531154570282,2531154699305,78495840,480,0
1123,2531154734315,2531154799688,78496320,480,0
1124,2531154734439,2531154894889,78496800,480,0
1125,2531154888022,2531155001147,78497280,480,0
1126,2531154888101,2531155095942,78497760,480,0
1127,2531155039208,2531155201462,78498240,480,0
1128,2531155198436,2531155296716,78498720,480,0
1129,2531155198498,2531155402224,78499200,480,0
1130,2531155355339,2531155497029,78499680,480,0
1131,2531155503894,2531155597844,78500160,480,0
1132,2531155503935,2531155698288,78500640,480,0
1133,2531155660606,2531155799006,78501120,480,0
1134,2531155822021,2531155899114,78501600,480,0
1135,2531155822091,2531155999300,78502080,480,0
1136,2531155978131,2531156099652,78502560,480,0
1137,2531155978210,2531156195493,78503040,480,0
1138,2531156138026,2531156300744,78503520,480,0
1139,2531156293475,2531156395756,78504000,480,0
1140,2531156293549,2531156501381,78504480,480,0
1141,2531156452932,2531156596535,78504960,480,0
1142,2531156617196,2531156702017,78505440,480,0
1143,2531156617278,2531156797707,78505920,480,0
1144,2531156774786,2531156897734,78506400,480,0
1145,2531156774833,2531156998452,78506880,480,0
1146,2531156926121,2531157099242,78507360,480,0
1147,2531157085861,2531157199218,78507840,480,0
1148,2531157085909,2531157299060,78508320,480,0
1149,2531157246329,2531157399395,78508800,480,0
1150,2531157407433,2531157499760,78509280,480,0
1151,2531157407495,2531157595473,78509760,480,0
1152,2531157563813,2531157700800,78510240,480,0
1153,2531157722756,2531157801246,78510720,480,0
1154,2531157722804,2531157896605,78511200,480,0
1155,2531157880018,2531158002539,78511680,480,0
1156,2531157880087,2531158097437,78512160,480,0
1157,2531158033836,2531158197855,78512640,480,0
1158,2531158198067,2531158298169,78513120,480,0
1159,2531158198501,2531158398501,78513600,480,0
1160,2531158346970,2531158498564,78514080,480,0
1161,2531158506059,2531158599258,78514560,480,0
1162,2531158506420,2531158699580,78515040,480,0
1163,2531158661649,2531158800817,78515520,480,0
1164,2531158814095,2531158895748,78516000,480,0
1165,2531158814153,2531159001546,78516480,480,0
1166,2531158977054,2531159096580,78516960,480,0
1167,2531158977117,2531159203286,78517440,480,0
1168,2531159134741,2531159297326,78517920,480,0
1169,2531159291746,2531159397976,78518400,480,0
1170,2531159291850,2531159498571,78518880,480,0
1171,2531159446518,2531159598935,78519360,480,0
1172,2531159597407,2531159699207,78519840,480,0
1173,2531159597469,2531159800677,78520320,480,0
1174,2531159752450,2531159895497,78520800,480,0
1175,2531159907645,2531160001178,78521280,480,0
1176,2531159907708,2531160096761,78521760,480,0
1177,2531160064878,2531160202050,78522240,480,0
1178,2531160224200,2531160297194,78522720,480,0
1179,2531160224274,2531160397916,78523200,480,0
1180,2531160380611,2531160497877,78523680,480,0
1181,2531160380656,2531160598687,78524160,480,0
1182,2531160542453,2531160699196,78524640,480,0
1183,2531160701064,2531160799632,78525120,480,0
1184,2531160701132,2531160894769,78525600,480,0
1185,2531160864798,2531161001121,78526080,480,0
1186,2531161019565,2531161096238,78526560,480,0
1187,2531161019633,2531161201674,78527040,480,0
1188,2531161179541,2531161296984,78527520,480,0
1189,2531161179621,2531161397255,78528000,480,0
1190,2531161341123,2531161497948,78528480,480,0
1191,2531161504309,2531161598943,78528960,480,0
1192,2531161504367,2531161699099,78529440,480,0
1193,2531161661926,2531161799815,78529920,480,0
1194,2531161813447,2531161894822,78530400,480,0
1195,2531161813513,2531162000963,78530880,480,0
1196,2531161972212,2531162095712,78531360,480,0
1197,2531162133815,2531162201409,78531840,480,0
1198,2531162133873,2531162296474,78532320,480,0
1199,2531162289462,2531162402045,78532800,480,0
1200,2531162289527,2531162497329,78533280,480,0
1201,2531162446034,2531162597906,78533760,480,0
1202,2531162597949,2531162698518,78534240,480,0
1203,2531162598024,2531162800269,78534720,480,0
1204,2531162753964,2531162895984,78535200,480,0
1205,2531162909858,2531163001361,78535680,480,0
1206,2531162909955,2531163097435,78536160,480,0
1207,2531163058369,2531163202334,78536640,480,0
1208,2531163216588,2531163297660,78537120,480,0
1209,2531163216685,2531163398297,78537600,480,0
1210,2531163369852,2531163498387,78538080,480,0
1211,2531163526350,2531163599425,78538560,480,0
1212,2531163526430,2531163699634,78539040,480,0
1213,2531163684498,2531163800413,78539520,480,0
1214,2531163684554,2531163895551,78540000,480,0
1215,2531163838151,2531164001206,78540480,480,0
1216,2531163988764,2531164097990,78540960,480,0
1217,2531163988816,2531164198178,78541440,480,0
1218,2531164148921,2531164298896,78541920,480,0
1219,2531164304707,2531164399357,78542400,480,0
1220,2531164304893,2531164499380,78542880,480,0
1221,2531164454168,2531164594737,78543360,480,0
1222,2531164614268,2531164700425,78543840,480,0
1223,2531164614512,2531164795540,78544320,480,0
1224,2531164770220,2531164901083,78544800,480,0
1225,2531164770276,2531164996305,78545280,480,0
1226,2531164928236,2531165096649,78545760,480,0
1227,2531165079933,2531165202454,78546240,480,0
1228,2531165080000,2531165297640,78546720,480,0
1229,2531165236207,2531165398184,78547200,480,0
1230,2531165390735,2531165498980,78547680,480,0
1231,2531165390825,2531165601456,78548160,480,0
1232,2531165549211,2531165699913,78548640,480,0
1233,2531165709717,2531165800825,78549120,480,0
1234,2531165709804,2531165895806,78549600,480,0
1235,2531165858556,2531166001692,78550080,480,0
1236,2531166013912,2531166103458,78550560,480,0
1237,2531166014007,2531166197261,78551040,480,0
1238,2531166173141,2531166297785,78551520,480,0
1239,2531166173185,2531166398170,78552000,480,0
1240,2531166333606,2531166498474,78552480,480,0
1241,2531166489426,2531166600220,78552960,480,0
1242,2531166489472,2531166695517,78553440,480,0
1243,2531166642488,2531166796353,78553920,480,0
1244,2531166914904,2531166901930,78554400,480,0
1245,2531166914970,2531166998039,78554880,480,0
1246,2531166914986,2531167098345,78555360,480,0
1247,2531167140555,2531167193758,78555840,480,0
1248,2531167140624,2531167299652,78556320,480,0
1249,2531167297849,2531167399614,78556800,480,0
1250,2531167297895,2531167502780,78557280,480,0
1251,2531167474148,2531167595691,78557760,480,0
1252,2531167474187,2531167701355,78558240,480,0
1253,2531167628729,2531167796700,78558720,480,0
1254,2531167734639,2531167897047,78559200,480,0
1255,2531167893627,2531167997535,78559680,480,0
1256,2531167893786,2531168098673,78560160,480,0
1257,2531168058230,2531168198905,78560640,480,0
1258,2531168196303,2531168299445,78561120,480,0
1259,2531168196389,2531168399628,78561600,480,0
1260,2531168353511,2531168500127,78562080,480,0
1261,2531168501997,2531168595525,78562560,480,0
1262,2531168502086,2531168701040,78563040,480,0
1263,2531168664593,2531168796614,78563520,480,0
1264,2531168827848,2531168896774,78564000,480,0
1265,2531168827925,2531169002157,78564480,480,0
1266,2531168980262,2531169098553,78564960,480,0
1267,2531168980311,2531169198710,78565440,480,0
1268,2531169136769,2531169298989,78565920,480,0
1269,2531169291735,2531169399412,78566400,480,0
1270,2531169291800,2531169499815,78566880,480,0
1271,2531169443837,2531169595473,78567360,480,0
1272,2531169593210,2531169701308,78567840,480,0
1273,2531169593281,2531169796443,78568320,480,0
1274,2531169754668,2531169902105,78568800,480,0
1275,2531169908549,2531170001311,78569280,480,0
1276,2531169909329,2531170097077,78569760,480,0
1277,2531170066782,2531170197687,78570240,480,0
1278,2531170226869,2531170293367,78570720,480,0
1279,2531170226937,2531170399080,78571200,480,0
1280,2531170387166,2531170499258,78571680,480,0
1281,2531170387229,2531170600227,78572160,480,0
1282,2531170537028,2531170700260,78572640,480,0
1283,2531170691673,2531170795625,78573120,480,0
1284,2531170691737,2531170901472,78573600,480,0
1285,2531170844102,2531170996787,78574080,480,0
1286,2531171006259,2531171096959,78574560,480,0
1287,2531171006313,2531171198346,78575040,480,0
1288,2531171161307,2531171297844,78575520,480,0
1289,2531171314118,2531171398342,78576000,480,0
1290,2531171314196,2531171499573,78576480,480,0
1291,2531171473206,2531171599535,78576960,480,0
1292,2531171473267,2531171699874,78577440,480,0
1293,2531171630262,2531171800463,78577920,480,0
1294,2531171782452,2531171895737,78578400,480,0
1295,2531171782548,2531172001471,78578880,480,0
1296,2531171946450,2531172097000,78579360,480,0
1297,2531172103162,2531172197597,78579840,480,0
1298,2531172103217,2531172297876,78580320,480,0
1299,2531172261605,2531172398365,78580800,480,0
1300,2531172409496,2531172498383,78581280,480,0
1301,2531172409550,2531172599346,78581760,480,0
1302,2531172574756,2531172699917,78582240,480,0
1303,2531172574817,2531172800447,78582720,480,0
1304,2531172734717,2531172895654,78583200,480,0
1305,2531172892992,2531173001446,78583680,480,0
1306,2531172893041,2531173096598,78584160,480,0
1307,2531173039455,2531173202139,78584640,480,0
1308,2531173196675,2531173298220,78585120,480,0
1309,2531173197005,2531173399185,78585600,480,0
1310,2531173345648,2531173498666,78586080,480,0
1311,2531173505129,2531173599337,78586560,480,0
1312,2531173505200,2531173699319,78587040,480,0
1313,2531173662426,2531173800068,78587520,480,0
1314,2531173812423,2531173895530,78588000,480,0
1315,2531173812484,2531174000895,78588480,480,0
1316,2531173974322,2531174096320,78588960,480,0
1317,2531174126592,2531174202205,78589440,480,0
1318,2531174126649,2531174296954,78589920,480,0
1319,2531174279583,2531174397261,78590400,480,0
1320,2531174280304,2531174497713,78590880,480,0
1321,2531174436556,2531174598664,78591360,480,0
1322,2531174589492,2531174699302,78591840,480,0
1323,2531174589573,2531174800138,78592320,480,0
1324,2531174741952,2531174894984,78592800,480,0
1325,2531174898560,2531175000937,78593280,480,0
1326,2531174898618,2531175096520,78593760,480,0
1327,2531175054016,2531175201840,78594240,480,0
1328,2531175214228,2531175297148,78594720,480,0
1329,2531175214330,2531175397962,78595200,480,0
1330,2531175376389,2531175498207,78595680,480,0
1331,2531175376450,2531175599296,78596160,480,0
1332,2531175526507,2531175699681,78596640,480,0
1333,2531175685960,2531175800486,78597120,480,0
1334,2531175686012,2531175895465,78597600,480,0
1335,2531175838126,2531176001554,78598080,480,0
1336,2531175992859,2531176096283,78598560,480,0
1337,2531175992909,2531176201656,78599040,480,0
1338,2531176153544,2531176297057,78599520,480,0
1339,2531176309775,2531176397430,78600000,480,0
1340,2531176309833,2531176498079,78600480,480,0
1341,2531176460089,2531176599020,78600960,480,0
1342,2531176618863,2531176698975,78601440,480,0
1343,2531176618935,2531176799342,78601920,480,0
1344,2531176771986,2531176899791,78602400,480,0
1345,2531176772045,2531176999954,78602880,480,0
1346,2531176933461,2531177095302,78603360,480,0
1347,2531177088664,2531177200901,78603840,480,0
1348,2531177088750,2531177296231,78604320,480,0
1349,2531177255418,2531177402058,78604800,480,0
1350,2531177412312,2531177497457,78605280,480,0
1351,2531177412380,2531177597813,78605760,480,0
1352,2531177571925,2531177698519,78606240,480,0
1353,2531177722781,2531177800777,78606720,480,0
1354,2531177722987,2531177895483,78607200,480,0
1355,2531177880546,2531178001161,78607680,480,0
1356,2531177880659,2531178096664,78608160,480,0
1357,2531178030019,2531178202395,78608640,480,0
1358,2531178184277,2531178297552,78609120,480,0
1359,2531178184329,2531178397949,78609600,480,0
1360,2531178339713,2531178498028,78610080,480,0
1361,2531178505367,2531178598850,78610560,480,0
1362,2531178505408,2531178699283,78611040,480,0
1363,2531178661061,2531178799545,78611520,480,0
1364,2531178817714,2531178894662,78612000,480,0
1365,2531178817824,2531179000445,78612480,480,0
1366,2531178973166,2531179096007,78612960,480,0
1367,2531179136215,2531179201426,78613440,480,0
1368,2531179136297,2531179296761,78613920,480,0
1369,2531179292753,2531179397356,78614400,480,0
1370,2531179292800,2531179498436,78614880,480,0
1371,2531179448286,2531179598965,78615360,480,0
1372,2531179607347,2531179699510,78615840,480,0
1373,2531179607424,2531179803280,78616320,480,0
1374,2531179764922,2531179895745,78616800,480,0
1375,2531179925203,2531180001268,78617280,480,0
1376,2531179925285,2531180096979,78617760,480,0
1377,2531180082534,2531180198244,78618240,480,0
1378,2531180082578,2531180297868,78618720,480,0
1379,2531180236587,2531180398350,78619200,480,0
1380,2531180391559,2531180498711,78619680,480,0
1381,2531180394394,2531180599551,78620160,480,0
1382,2531180545795,2531180694783,78620640,480,0
1383,2531180702717,2531180800216,78621120,480,0
1384,2531180702770,2531180895512,78621600,480,0
1385,2531180862600,2531181000870,78622080,480,0
1386,2531181020224,2531181096786,78622560,480,0
1387,2531181020314,2531181202070,78623040,480,0
1388,2531181174779,2531181297169,78623520,480,0
1389,2531181174838,2531181397800,78624000,480,0
1390,2531181330552,2531181497780,78624480,480,0
1391,2531181480328,2531181599258,78624960,480,0
1392,2531181480392,2531181699548,78625440,480,0
1393,2531181637375,2531181799947,78625920,480,0
1394,2531181797990,2531181895025,78626400,480,0
1395,2531181798073,2531182000906,78626880,480,0
1396,2531181947629,2531182096710,78627360,480,0
1397,2531182095998,2531182197553,78627840,480,0
1398,2531182096569,2531182298059,78628320,480,0
1399,2531182256026,2531182398138,78628800,480,0
1400,2531182411851,2531182493696,78629280,480,0
1401,2531182411910,2531182600113,78629760,480,0
1402,2531182577368,2531182695386,78630240,480,0
1403,2531182577447,2531182801216,78630720,480,0
1404,2531182732436,2531182896382,78631200,480,0
1405,2531182888521,2531183001937,78631680,480,0
1406,2531182888576,2531183097043,78632160,480,0
1407,2531183044937,2531183198125,78632640,480,0
1408,2531183206514,2531183298198,78633120,480,0
1409,2531183207432,2531183397982,78633600,480,0
1410,2531183360597,2531183498705,78634080,480,0
1411,2531183516092,2531183599143,78634560,480,0
1412,2531183516155,2531183699947,78635040,480,0
1413,2531183674566,2531183795269,78635520,480,0
1414,2531183674643,2531183900936,78636000,480,0
1415,2531183832048,2531183996162,78636480,480,0
1416,2531183984029,2531184098623,78636960,480,0
1417,2531183984090,2531184201719,78637440,480,0
1418,2531184144511,2531184297141,78637920,480,0
1419,2531184302488,2531184397796,78638400,480,0
1420,2531184302557,2531184497834,78638880,480,0
1421,2531184457797,2531184598517,78639360,480,0
1422,2531184606879,2531184694069,78639840,480,0
1423,2531184606957,2531184799407,78640320,480,0
1424,2531184762228,2531184900021,78640800,480,0
1425,2531184924393,2531185000398,78641280,480,0
1426,2531184924472,2531185096307,78641760,480,0
1427,2531185078730,2531185202059,78642240,480,0
1428,2531185078794,2531185297113,78642720,480,0
1429,2531185234009,2531185397359,78643200,480,0
1430,2531185391830,2531185497859,78643680,480,0
1431,2531185391902,2531185598491,78644160,480,0
1432,2531185545920,2531185698669,78644640,480,0
1433,2531185708978,2531185799694,78645120,480,0
1434,2531185709058,2531185899906,78645600,480,0
1435,2531185863019,2531186000711,78646080,480,0
1436,2531186020397,2531186096448,78646560,480,0
1437,2531186020488,2531186202286,78647040,480,0
1438,2531186174817,2531186297044,78647520,480,0
1439,2531186174869,2531186397624,78648000,480,0
1440,2531186330521,2531186498068,78648480,480,0
1441,2531186479637,2531186598537,78648960,480,0
1442,2531186479700,2531186699042,78649440,480,0
1443,2531186637217,2531186800163,78649920,480,0
1444,2531186791976,2531186895192,78650400,480,0
1445,2531186792149,2531187001743,78650880,480,0
1446,2531186943589,2531187096456,78651360,480,0
1447,2531187102608,2531187201756,78651840,480,0
1448,2531187102681,2531187296802,78652320,480,0
1449,2531187256337,2531187397329,78652800,480,0
1450,2531187410745,2531187503277,78653280,480,0
1451,2531187410822,2531187598345,78653760,480,0
1452,2531187561642,2531187698878,78654240,480,0
1453,2531187716977,2531187799307,78654720,480,0
1454,2531187717035,2531187899679,78655200,480,0
1455,2531187869412,2531188000766,78655680,480,0
1456,2531187869488,2531188096248,78656160,480,0
1457,2531188030759,2531188201270,78656640,480,0
1458,2531188185213,2531188296716,78657120,480,0
1459,2531188185311,2531188402466,78657600,480,0
1460,2531188340365,2531188502674,78658080,480,0
1461,2531188496442,2531188599996,78658560,480,0
1462,2531188496495,2531188694969,78659040,480,0
1463,2531188653165,2531188795715,78659520,480,0
1464,2531188808499,2531188901933,78660000,480,0
1465,2531188808557,2531188996350,78660480,480,0
1466,2531188968466,2531189096698,78660960,480,0
1467,2531189125917,2531189197176,78661440,480,0
1468,2531189125991,2531189297414,78661920,480,0
1469,2531189279932,2531189397803,78662400,480,0
1470,2531189279983,2531189498211,78662880,480,0
1471,2531189438192,2531189599465,78663360,480,0
1472,2531189596343,2531189697352,78663840,480,0
1473,2531189596401,2531189803486,78664320,480,0
1474,2531189745976,2531189893835,78664800,480,0
1475,2531189899121,2531190000246,78665280,480,0
1476,2531189899218,2531190095236,78665760,480,0
1477,2531190053323,2531190200982,78666240,480,0
1478,2531190209440,2531190296126,78666720,480,0
1479,2531190209511,2531190401889,78667200,480,0
1480,2531190363088,2531190496783,78667680,480,0
1481,2531190513602,2531190598086,78668160,480,0
1482,2531190513659,2531190698196,78668640,480,0
1483,2531190674231,2531190799264,78669120,480,0
1484,2531190674320,2531190899406,78669600,480,0
1485,2531190822389,2531191000564,78670080,480,0
1486,2531190983336,2531191095553,78670560,480,0
1487,2531190983384,2531191201639,78671040,480,0
1488,2531191145365,2531191297020,78671520,480,0
1489,2531191305955,2531191397461,78672000,480,0
1490,2531191306009,2531191502869,78672480,480,0
1491,2531191456127,2531191598754,78672960,480,0
1492,2531191607898,2531191699451,78673440,480,0
1493,2531191607956,2531191800359,78673920,480,0
1494,2531191764666,2531191895844,78674400,480,0
1495,2531191925515,2531192001366,78674880,480,0
1496,2531191925595,2531192096731,78675360,480,0
1497,2531192089392,2531192197715,78675840,480,0
1498,2531192089447,2531192302472,78676320,480,0
1499,2531192245480,2531192398448,78676800,480,0
1500,2531192401684,2531192499106,78677280,480,0
1501,2531192401759,2531192599188,78677760,480,0
1502,2531192561651,2531192699540,78678240,480,0
1503,2531192716303,2531192794979,78678720,480,0
1504,2531192716355,2531192900397,78679200,480,0
1505,2531192870099,2531192995783,78679680,480,0
1506,2531192870152,2531193096156,78680160,480,0
1507,2531193029509,2531193201863,78680640,480,0
1508,2531193185708,2531193297296,78681120,480,0
1509,2531193185776,2531193397890,78681600,480,0
1510,2531193343174,2531193498221,78682080,480,0
1511,2531193490250,2531193599021,78682560,480,0
1512,2531193490302,2531193699635,78683040,480,0
1513,2531193651384,2531193799873,78683520,480,0
1514,2531193803776,2531193895214,78684000,480,0
1515,2531193803832,2531194001088,78684480,480,0
1516,2531193955353,2531194096218,78684960,480,0
1517,2531194110554,2531194201998,78685440,480,0
1518,2531194110624,2531194297441,78685920,480,0
1519,2531194260939,2531194398052,78686400,480,0
1520,2531194422805,2531194498463,78686880,480,0
1521,2531194422858,2531194598987,78687360,480,0
1522,2531194576471,2531194699661,78687840,480,0
1523,2531194576531,2531194794648,78688320,480,0
1524,2531194737244,2531194900073,78688800,480,0
1525,2531194889599,2531195001253,78689280,480,0
1526,2531194889682,2531195096759,78689760,480,0
1527,2531195049561,2531195197431,78690240,480,0
1528,2531195204334,2531195297553,78690720,480,0
1529,2531195204408,2531195398169,78691200,480,0
1530,2531195361895,2531195498482,78691680,480,0
1531,2531195565790,2531195599103,78692160,480,0
1532,2531195565937,2531195699569,78692640,480,0
1533,2531195759093,2531195795346,78693120,480,0
1534,2531195759153,2531195900607,78693600,480,0
1535,2531195900490,2531195996034,78694080,480,0
1536,2531195900539,2531196097005,78694560,480,0
1537,2531196027501,2531196197320,78695040,480,0
1538,2531196376655,2531196297596,78695520,480,0
1539,2531196376702,2531196398381,78696000,480,0
1540,2531196376714,2531196498422,78696480,480,0
1541,2531196376724,2531196599749,78696960,480,0
1542,2531196607075,2531196700705,78697440,480,0
1543,2531196607175,2531196795740,78697920,480,0
1544,2531196764136,2531196901228,78698400,480,0
1545,2531196919562,2531196997188,78698880,480,0
1546,2531196919633,2531197097201,78699360,480,0
1547,2531197070194,2531197197563,78699840,480,0
1548,2531197070244,2531197297876,78700320,480,0
1549,2531197226547,2531197398381,78700800,480,0
1550,2531197380516,2531197498607,78701280,480,0
1551,2531197380572,2531197599131,78701760,480,0
1552,2531197544443,2531197699773,78702240,480,0
1553,2531197689075,2531197795088,78702720,480,0
1554,2531197689140,2531197900995,78703200,480,0
1555,2531197849222,2531197996129,78703680,480,0
1556,2531197996343,2531198096451,78704160,480,0
1557,2531197996392,2531198202571,78704640,480,0
1558,2531198157233,2531198298398,78705120,480,0
1559,2531198312201,2531198393410,78705600,480,0
1560,2531198312271,2531198499378,78706080,480,0
1561,2531198501572,2531198595370,78706560,480,0
1562,2531198501642,2531198700807,78707040,480,0
1563,2531198615439,2531198795864,78707520,480,0
1564,2531198785692,2531198901388,78708000,480,0
1565,2531198785751,2531198997009,78708480,480,0
1566,2531198920971,2531199097735,78708960,480,0
1567,2531199082165,2531199198335,78709440,480,0
1568,2531199082222,2531199298604,78709920,480,0
1569,2531199236119,2531199399467,78710400,480,0
1570,2531199398710,2531199499312,78710880,480,0
1571,2531199398765,2531199599677,78711360,480,0
1572,2531199553891,2531199694925,78711840,480,0
1573,2531199713222,2531199800856,78712320,480,0
1574,2531199713298,2531199896135,78712800,480,0
1575,2531199865243,2531200001058,78713280,480,0
1576,2531200022790,2531200096890,78713760,480,0
1577,2531200022848,2531200197376,78714240,480,0
1578,2531200185493,2531200297892,78714720,480,0
1579,2531200185559,2531200397665,78715200,480,0
1580,2531200343323,2531200498145,78715680,480,0
1581,2531200495578,2531200599754,78716160,480,0
1582,2531200495642,2531200694843,78716640,480,0
1583,2531200653165,2531200800378,78717120,480,0
1584,2531200803217,2531200895872,78717600,480,0
1585,2531200803269,2531201001085,78718080,480,0
1586,2531200961800,2531201097637,78718560,480,0
1587,2531201115119,2531201193370,78719040,480,0
1588,2531201115197,2531201298395,78719520,480,0
1589,2531201272973,2531201398552,78720000,480,0
1590,2531201273036,2531201498797,78720480,480,0
1591,2531201435948,2531201599262,78720960,480,0
1592,2531201587461,2531201700183,78721440,480,0
1593,2531201587511,2531201795367,78721920,480,0
1594,2531201752820,2531201900666,78722400,480,0
1595,2531201908791,2531201995941,78722880,480,0
1596,2531201908829,2531202096332,78723360,480,0
1597,2531202066191,2531202201527,78723840,480,0
1598,2531202224346,2531202297095,78724320,480,0
1599,2531202224409,2531202397390,78724800,480,0
1600,2531202380742,2531202497640,78725280,480,0
1601,2531202380803,2531202598279,78725760,480,0
1602,2531202537646,2531202698826,78726240,480,0
1603,2531202692078,2531202800090,78726720,480,0
1604,2531202692144,2531202895159,78727200,480,0
1605,2531202853845,2531203001004,78727680,480,0
1606,2531203013608,2531203096400,78728160,480,0
1607,2531203013677,2531203196614,78728640,480,0
1608,2531203172882,2531203297337,78729120,480,0
1609,2531203172962,2531203397445,78729600,480,0
1610,2531203330076,2531203497564,78730080,480,0
1611,2531203491432,2531203599076,78730560,480,0
1612,2531203491489,2531203698569,78731040,480,0
1613,2531203646024,2531203799566,78731520,480,0
1614,2531203803275,2531203900158,78732000,480,0
1615,2531203803327,2531204000532,78732480,480,0
1616,2531203957698,2531204095805,78732960,480,0
1617,2531204113636,2531204201496,78733440,480,0
1618,2531204113697,2531204296495,78733920,480,0
1619,2531204270056,2531204401974,78734400,480,0
1620,2531204270121,2531204497463,78734880,480,0
1621,2531204424463,2531204597742,78735360,480,0
1622,2531204585635,2531204698071,78735840,480,0
1623,2531204585721,2531204799118,78736320,480,0
1624,2531204736654,2531204898999,78736800,480,0
1625,2531204891912,2531204999355,78737280,480,0
1626,2531204891975,2531205100345,78737760,480,0
1627,2531205052519,2531205194875,78738240,480,0
1628,2531205212077,2531205300338,78738720,480,0
1629,2531205212122,2531205395596,78739200,480,0
1630,2531205370264,2531205500854,78739680,480,0
1631,2531205370345,2531205596569,78740160,480,0
1632,2531205527662,2531205701856,78740640,480,0
1633,2531205685828,2531205797676,78741120,480,0
1634,2531205685886,2531205897980,78741600,480,0
1635,2531205840475,2531205998315,78742080,480,0
1636,2531206006567,2531206098763,78742560,480,0
1637,2531206006625,2531206199600,78743040,480,0
1638,2531206162061,2531206299891,78743520,480,0
1639,2531206315152,2531206400035,78744000,480,0
1640,2531206315219,2531206500696,78744480,480,0
1641,2531206470541,2531206597036,78744960,480,0
1642,2531206470623,2531206697227,78745440,480,0
1643,2531206625097,2531206798085,78745920,480,0
1644,2531206785288,2531206898352,78746400,480,0
1645,2531206785345,2531206998903,78746880,480,0
1646,2531206938348,2531207099631,78747360,480,0
1647,2531207087794,2531207194893,78747840,480,0
1648,2531207087847,2531207300389,78748320,480,0
1649,2531207243897,2531207395750,78748800,480,0
1650,2531207398904,2531207501458,78749280,480,0
1651,2531207398961,2531207596390,78749760,480,0
1652,2531207555226,2531207696825,78750240,480,0
1653,2531207706630,2531207797763,78750720,480,0
1654,2531207706700,2531207897991,78751200,480,0
1655,2531207861431,2531208000422,78751680,480,0
1656,2531208013240,2531208099778,78752160,480,0
1657,2531208013311,2531208194974,78752640,480,0
1658,2531208168816,2531208300442,78753120,480,0
1659,2531208168887,2531208395718,78753600,480,0
1660,2531208323322,2531208500991,78754080,480,0
1661,2531208480132,2531208596522,78754560,480,0
1662,2531208480187,2531208697125,78755040,480,0
1663,2531208635129,2531208797714,78755520,480,0
1664,2531208790275,2531208897914,78756000,480,0
1665,2531208790329,2531208998354,78756480,480,0
1666,2531208946076,2531209099593,78756960,480,0
1667,2531209101817,2531209199635,78757440,480,0
1668,2531209101871,2531209295332,78757920,480,0
1669,2531209252475,2531209400887,78758400,480,0
1670,2531209407685,2531209495837,78758880,480,0
1671,2531209407767,2531209596712,78759360,480,0
1672,2531209568572,2531209701587,78759840,480,0
1673,2531209568631,2531209796973,78760320,480,0
1674,2531209724255,2531209897347,78760800,480,0
1675,2531209880147,2531209997303,78761280,480,0
1676,2531209880200,2531210098134,78761760,480,0
1677,2531210036972,2531210198679,78762240,480,0
1678,2531210196545,2531210299036,78762720,480,0
1679,2531210196618,2531210399145,78763200,480,0
1680,2531210352957,2531210499533,78763680,480,0
1681,2531210506318,2531210595086,78764160,480,0
1682,2531210506389,2531210700561,78764640,480,0
1683,2531210664408,2531210795818,78765120,480,0
1684,2531210818886,2531210901340,78765600,480,0
1685,2531210818951,2531210996723,78766080,480,0
1686,2531210979998,2531211097046,78766560,480,0
1687,2531210980070,2531211197274,78767040,480,0
1688,2531211135715,2531211297557,78767520,480,0
1689,2531211290293,2531211398309,78768000,480,0
1690,2531211290336,2531211498143,78768480,480,0
1691,2531211445944,2531211598941,78768960,480,0
1692,2531211597109,2531211699337,78769440,480,0
1693,2531211597154,2531211799634,78769920,480,0
1694,2531211750202,2531211894880,78770400,480,0
1695,2531211909081,2531212000621,78770880,480,0
1696,2531211909140,2531212095933,78771360,480,0
1697,2531212059028,2531212201365,78771840,480,0
1698,2531212213805,2531212301819,78772320,480,0
1699,2531212213875,2531212397172,78772800,480,0
1700,2531212370958,2531212497319,78773280,480,0
1701,2531212371004,2531212598487,78773760,480,0
1702,2531212524280,2531212698692,78774240,480,0
1703,2531212687408,2531212799103,78774720,480,0
1704,2531212687583,2531212899596,78775200,480,0
1705,2531212837440,2531212999593,78775680,480,0
1706,2531212991214,2531213098015,78776160,480,0
1707,2531212991661,2531213198678,78776640,480,0
1708,2531213147155,2531213298601,78777120,480,0
1709,2531213301649,2531213398828,78777600,480,0
1710,2531213301893,2531213499751,78778080,480,0
1711,2531213457813,2531213594818,78778560,480,0
1712,2531213613061,2531213700222,78779040,480,0
1713,2531213613122,2531213795385,78779520,480,0
1714,2531213769084,2531213901213,78780000,480,0
1715,2531213769169,2531213996537,78780480,480,0
1716,2531213924819,2531214096743,78780960,480,0
1717,2531214082489,2531214197027,78781440,480,0
1718,2531214082812,2531214297479,78781920,480,0
1719,2531214236846,2531214398402,78782400,480,0
1720,2531214394211,2531214498349,78782880,480,0
1721,2531214394277,2531214599486,78783360,480,0
1722,2531214546320,2531214695074,78783840,480,0
1723,2531214705080,2531214800429,78784320,480,0
1724,2531214705161,2531214895639,78784800,480,0
1725,2531214854695,2531215001242,78785280,480,0
1726,2531215018554,2531215096715,78785760,480,0
1727,2531215018611,2531215196901,78786240,480,0
1728,2531215172701,2531215297509,78786720,480,0
1729,2531215173298,2531215397709,78787200,480,0
1730,2531215330045,2531215498110,78787680,480,0
1731,2531215489320,2531215598636,78788160,480,0
1732,2531215489380,2531215698957,78788640,480,0
1733,2531215654124,2531215800855,78789120,480,0
1734,2531215814441,2531215895974,78789600,480,0
1735,2531215814542,2531216001158,78790080,480,0
1736,2531215974040,2531216096587,78790560,480,0
1737,2531216135239,2531216202587,78791040,480,0
1738,2531216135309,2531216297945,78791520,480,0
1739,2531216291681,2531216397862,78792000,480,0
1740,2531216291754,2531216498391,78792480,480,0
1741,2531216445812,2531216598798,78792960,480,0
1742,2531216606365,2531216699574,78793440,480,0
1743,2531216606424,2531216799732,78793920,480,0
1744,2531216757530,2531216895034,78794400,480,0
1745,2531216913088,2531217002501,78794880,480,0
1746,2531216913140,2531217099274,78795360,480,0
1747,2531217060794,2531217199199,78795840,480,0
1748,2531217216106,2531217299241,78796320,480,0
1749,2531217216170,2531217399516,78796800,480,0
1750,2531217369493,2531217500152,78797280,480,0
1751,2531217369559,2531217596175,78797760,480,0
1752,2531217527057,2531217701576,78798240,480,0
1753,2531217690235,2531217796499,78798720,480,0
1754,2531217690290,2531217902502,78799200,480,0
1755,2531217843670,2531217998192,78799680,480,0
1756,2531218010818,2531218098436,78800160,480,0
1757,2531218010905,2531218199212,78800640,480,0
1758,2531218163158,2531218300072,78801120,480,0
1759,2531218324512,2531218394858,78801600,480,0
1760,2531218324790,2531218500705,78802080,480,0
1761,2531218476642,2531218595850,78802560,480,0
1762,2531218476720,2531218701819,78803040,480,0
1763,2531218623891,2531218796411,78803520,480,0
1764,2531218779247,2531218901851,78804000,480,0
1765,2531218779306,2531218997065,78804480,480,0
1766,2531218934582,2531219097764,78804960,480,0
1767,2531219091547,2531219198189,78805440,480,0
1768,2531219091629,2531219298193,78805920,480,0
1769,2531219246531,2531219398527,78806400,480,0
1770,2531219402996,2531219498834,78806880,480,0
1771,2531219403063,2531219599078,78807360,480,0
1772,2531219556119,2531219699320,78807840,480,0
1773,2531219709113,2531219801978,78808320,480,0
1774,2531219709173,2531219897200,78808800,480,0
1775,2531219861309,2531219997744,78809280,480,0
1776,2531220017850,2531220099046,78809760,480,0
1777,2531220017913,2531220199051,78810240,480,0
1778,2531220173166,2531220299318,78810720,480,0
1779,2531220173225,2531220399542,78811200,480,0
1780,2531220326964,2531220500647,78811680,480,0
1781,2531220477981,2531220596337,78812160,480,0
1782,2531220478036,2531220702066,78812640,480,0
1783,2531220639175,2531220797343,78813120,480,0
1784,2531220790674,2531220898854,78813600,480,0
1785,2531220790728,2531220998343,78814080,480,0
1786,2531220945818,2531221099166,78814560,480,0
1787,2531221107958,2531221198950,78815040,480,0
1788,2531221108004,2531221299430,78815520,480,0
1789,2531221261817,2531221399478,78816000,480,0
1790,2531221422768,2531221499924,78816480,480,0
1791,2531221422844,2531221595484,78816960,480,0
1792,2531221577382,2531221700751,78817440,480,0
1793,2531221577430,2531221796063,78817920,480,0
1794,2531221728562,2531221902455,78818400,480,0
1795,2531221889691,2531221996775,78818880,480,0
1796,2531221889733,2531222097888,78819360,480,0
1797,2531222045944,2531222198007,78819840,480,0
1798,2531222196160,2531222298026,78820320,480,0
1799,2531222196216,2531222398369,78820800,480,0
1800,2531222355705,2531222498727,78821280,480,0
1801,2531222515253,2531222598888,78821760,480,0
1802,2531222515335,2531222699435,78822240,480,0
1803,2531222671511,2531222799774,78822720,480,0
1804,2531222671582,2531222894884,78823200,480,0
1805,2531222837822,2531223000325,78823680,480,0
1806,2531222990757,2531223098031,78824160,480,0
1807,2531222990849,2531223198031,78824640,480,0
1808,2531223146761,2531223298277,78825120,480,0
1809,2531223300533,2531223398791,78825600,480,0
1810,2531223300610,2531223498784,78826080,480,0
1811,2531223455097,2531223599216,78826560,480,0
1812,2531223617156,2531223694296,78827040,480,0
1813,2531223617223,2531223799640,78827520,480,0
1814,2531223774344,2531223894925,78828000,480,0
1815,2531223774404,2531224000847,78828480,480,0
1816,2531223933063,2531224095755,78828960,480,0
1817,2531224087957,2531224201203,78829440,480,0
1818,2531224088028,2531224296568,78829920,480,0
1819,2531224254157,2531224401684,78830400,480,0
1820,2531224410756,2531224496754,78830880,480,0
1821,2531224410835,2531224597675,78831360,480,0
1822,2531224561486,2531224697960,78831840,480,0
1823,2531224716195,2531224798370,78832320,480,0
1824,2531224716274,2531224899100,78832800,480,0
1825,2531224872860,2531224999071,78833280,480,0
1826,2531224872952,2531225099633,78833760,480,0
1827,2531225027630,2531225200143,78834240,480,0
1828,2531225177125,2531225295301,78834720,480,0
1829,2531225177265,2531225400649,78835200,480,0
1830,2531225330245,2531225496252,78835680,480,0
1831,2531225488538,2531225596632,78836160,480,0
1832,2531225488574,2531225697341,78836640,480,0
1833,2531225645225,2531225798182,78837120,480,0
1834,2531225800710,2531225898278,78837600,480,0
1835,2531225800773,2531225998176,78838080,480,0
1836,2531225955314,2531226099075,78838560,480,0
1837,2531226107088,2531226199193,78839040,480,0
1838,2531226107149,2531226299888,78839520,480,0
1839,2531226300137,2531226400214,78840000,480,0
1840,2531226300191,2531226500943,78840480,480,0
1841,2531226467454,2531226596723,78840960,480,0
1842,2531226584539,2531226702622,78841440,480,0
1843,2531226584577,2531226797618,78841920,480,0
1844,2531226739129,2531226897952,78842400,480,0
1845,2531226927372,2531226999652,78842880,480,0
1846,2531226927418,2531227099288,78843360,480,0
1847,2531227053641,2531227199601,78843840,480,0
1848,2531227207077,2531227294892,78844320,480,0
1849,2531227207140,2531227400323,78844800,480,0
1850,2531227363960,2531227495606,78845280,480,0
1851,2531227527663,2531227596171,78845760,480,0
1852,2531227527737,2531227701727,78846240,480,0
1853,2531227674321,2531227796963,78846720,480,0
1854,2531227674386,2531227897437,78847200,480,0
1855,2531227829237,2531227997469,78847680,480,0
1856,2531227980958,2531228098011,78848160,480,0
1857,2531227980987,2531228198476,78848640,480,0
1858,2531228136061,2531228298837,78849120,480,0
1859,2531228290968,2531228398765,78849600,480,0
1860,2531228291032,2531228499201,78850080,480,0
1861,2531228446561,2531228599269,78850560,480,0
1862,2531228598453,2531228699491,78851040,480,0
1863,2531228598508,2531228801070,78851520,480,0
1864,2531228752842,2531228895968,78852000,480,0
1865,2531228908289,2531229001339,78852480,480,0
1866,2531228908346,2531229096834,78852960,480,0
1867,2531229059403,2531229197192,78853440,480,0
1868,2531229215037,2531229297362,78853920,480,0
1869,2531229215108,2531229397838,78854400,480,0
1870,2531229375885,2531229497943,78854880,480,0
1871,2531229375948,2531229598701,78855360,480,0
1872,2531229524629,2531229699157,78855840,480,0
1873,2531229683477,2531229800387,78856320,480,0
1874,2531229683520,2531229895612,78856800,480,0
1875,2531229837782,2531230001235,78857280,480,0
1876,2531229990866,2531230099015,78857760,480,0
1877,2531229990910,2531230199302,78858240,480,0
1878,2531230151088,2531230300105,78858720,480,0
1879,2531230313042,2531230394837,78859200,480,0
1880,2531230313104,2531230500300,78859680,480,0
1881,2531230472592,2531230595612,78860160,480,0
1882,2531230628920,2531230701120,78860640,480,0
1883,2531230628974,2531230801634,78861120,480,0
1884,2531230789218,2531230896956,78861600,480,0
1885,2531230789291,2531230997197,78862080,480,0
1886,2531230944943,2531231098077,78862560,480,0
1887,2531231106203,2531231198370,78863040,480,0
1888,2531231106288,2531231298386,78863520,480,0
1889,2531231256417,2531231398947,78864000,480,0
1890,2531231410740,2531231498933,78864480,480,0
1891,2531231410823,2531231599348,78864960,480,0
1892,2531231573519,2531231699667,78865440,480,0
1893,2531231573571,2531231800533,78865920,480,0
1894,2531231733230,2531231895734,78866400,480,0
1895,2531231888269,2531232001005,78866880,480,0
1896,2531231888317,2531232096569,78867360,480,0
1897,2531232054714,2531232201822,78867840,480,0
1898,2531232215300,2531232297057,78868320,480,0
1899,2531232215375,2531232397446,78868800,480,0
1900,2531232373807,2531232498329,78869280,480,0
1901,2531232373882,2531232599037,78869760,480,0
1902,2531232528160,2531232699783,78870240,480,0
1903,2531232683506,2531232800288,78870720,480,0
1904,2531232683571,2531232895334,78871200,480,0
1905,2531232838672,2531233000789,78871680,480,0
1906,2531232990811,2531233098250,78872160,480,0
1907,2531232990878,2531233198764,78872640,480,0
1908,2531233146627,2531233299054,78873120,480,0
1909,2531233302473,2531233399256,78873600,480,0
1910,2531233302519,2531233499799,78874080,480,0
1911,2531233451744,2531233595080,78874560,480,0
1912,2531233609918,2531233700428,78875040,480,0
1913,2531233609974,2531233800834,78875520,480,0
1914,2531233762820,2531233896280,78876000,480,0
1915,2531233924107,2531234001338,78876480,480,0
1916,2531233924162,2531234096677,78876960,480,0
1917,2531234080878,2531234202209,78877440,480,0
1918,2531234080930,2531234297936,78877920,480,0
1919,2531234236624,2531234399063,78878400,480,0
1920,2531234394163,2531234499598,78878880,480,0
1921,2531234394197,2531234600022,78879360,480,0
1922,2531234543741,2531234695539,78879840,480,0
1923,2531234704436,2531234802170,78880320,480,0
1924,2531234704502,2531234896680,78880800,480,0
1925,2531234859659,2531235002298,78881280,480,0
1926,2531235026964,2531235098400,78881760,480,0
1927,2531235027007,2531235198655,78882240,480,0
1928,2531235177670,2531235299074,78882720,480,0
1929,2531235177720,2531235399843,78883200,480,0
1930,2531235344740,2531235499733,78883680,480,0
1931,2531235491223,2531235597212,78884160,480,0
1932,2531235491270,2531235698045,78884640,480,0
1933,2531235658840,2531235798865,78885120,480,0
1934,2531235813269,2531235896265,78885600,480,0
1935,2531235813336,2531236001972,78886080,480,0
1936,2531235971862,2531236097060,78886560,480,0
1937,2531235971913,2531236197726,78887040,480,0
1938,2531236126478,2531236298431,78887520,480,0
1939,2531236279557,2531236398307,78888000,480,0
1940,2531236279610,2531236498621,78888480,480,0
1941,2531236439540,2531236599291,78888960,480,0
1942,2531236587857,2531236699710,78889440,480,0
1943,2531236587905,2531236800378,78889920,480,0
1944,2531236742665,2531236895409,78890400,480,0
1945,2531236901185,2531237000740,78890880,480,0
1946,2531236901258,2531237096154,78891360,480,0
1947,2531237057067,2531237202104,78891840,480,0
1948,2531237217728,2531237300712,78892320,480,0
1949,2531237217786,2531237395893,78892800,480,0
1950,2531237363054,2531237501522,78893280,480,0
1951,2531237519699,2531237597521,78893760,480,0
1952,2531237519756,2531237702281,78894240,480,0
1953,2531237675388,2531237797857,78894720,480,0
1954,2531237675449,2531237898012,78895200,480,0
1955,2531237830360,2531237998307,78895680,480,0
1956,2531237989401,2531238099452,78896160,480,0
1957,2531237989449,2531238195004,78896640,480,0
1958,2531238140116,2531238300420,78897120,480,0
1959,2531238293634,2531238395577,78897600,480,0
1960,2531238293682,2531238501047,78898080,480,0
1961,2531238444855,2531238596484,78898560,480,0
1962,2531238595277,2531238702055,78899040,480,0
1963,2531238595314,2531238797272,78899520,480,0
1964,2531238762959,2531238897767,78900000,480,0
1965,2531238912881,2531238993365,78900480,480,0
1966,2531238912942,2531239099082,78900960,480,0
1967,2531239062752,2531239204717,78901440,480,0
1968,2531239224039,2531239299935,78901920,480,0
1969,2531239224086,2531239394947,78902400,480,0
1970,2531239379247,2531239500368,78902880,480,0
1971,2531239379293,2531239595741,78903360,480,0
1972,2531239529024,2531239701237,78903840,480,0
1973,2531239690470,2531239796428,78904320,480,0
1974,2531239690521,2531239902281,78904800,480,0
1975,2531239843080,2531239997180,78905280,480,0
1976,2531240012211,2531240097988,78905760,480,0
1977,2531240012258,2531240198432,78906240,480,0
1978,2531240155967,2531240298625,78906720,480,0
1979,2531240311490,2531240398897,78907200,480,0
1980,2531240311534,2531240499214,78907680,480,0
1981,2531240470297,2531240599353,78908160,480,0
1982,2531240625897,2531240699643,78908640,480,0
1983,2531240626482,2531240794857,78909120,480,0
1984,2531240777427,2531240900201,78909600,480,0
1985,2531240777474,2531240995852,78910080,480,0
1986,2531240932772,2531241095680,78910560,480,0
1987,2531241088334,2531241201113,78911040,480,0
1988,2531241088382,2531241296197,78911520,480,0
1989,2531241254548,2531241401746,78912000,480,0
1990,2531241408480,2531241496923,78912480,480,0
1991,2531241408533,2531241597884,78912960,480,0
1992,2531241561641,2531241698291,78913440,480,0
1993,2531241717630,2531241798757,78913920,480,0
1994,2531241717698,2531241899057,78914400,480,0
1995,2531241873613,2531242008145,78914880,480,0
1996,2531241873679,2531242099363,78915360,480,0
1997,2531242026698,2531242199772,78915840,480,0
1998,2531242178067,2531242294837,78916320,480,0
1999,2531242178123,2531242400725,78916800,480,0
2000,2531242343118,2531242495695,78917280,480,0
2001,2531242494370,2531242596391,78917760,480,0
2002,2531242494421,2531242701394,78918240,480,0
2003,2531242653818,2531242803348,78918720,480,0
2004,2531242814421,2531242894341,78919200,480,0
2005,2531242814494,2531243000374,78919680,480,0
2006,2531242964266,2531243095800,78920160,480,0
2007,2531243125195,2531243201500,78920640,480,0
2008,2531243125277,2531243296365,78921120,480,0
2009,2531243280550,2531243401886,78921600,480,0
2010,2531243280633,2531243497462,78922080,480,0
2011,2531243435450,2531243597740,78922560,480,0
2012,2531243593461,2531243698222,78923040,480,0
2013,2531243593516,2531243798637,78923520,480,0
2014,2531243746678,2531243899173,78924000,480,0
2015,2531243909643,2531243999627,78924480,480,0
2016,2531243909707,2531244094746,78924960,480,0
2017,2531244070668,2531244200409,78925440,480,0
2018,2531244070716,2531244296190,78925920,480,0
2019,2531244221917,2531244401698,78926400,480,0
2020,2531244380871,2531244496569,78926880,480,0
2021,2531244380922,2531244596962,78927360,480,0
2022,2531244535639,2531244697698,78927840,480,0
2023,2531244686811,2531244798034,78928320,480,0
2024,2531244686864,2531244898515,78928800,480,0
2025,2531244838787,2531244999139,78929280,480,0
2026,2531244993571,2531245099337,78929760,480,0
2027,2531244993647,2531245199533,78930240,480,0
2028,2531245153304,2531245300024,78930720,480,0
2029,2531245313979,2531245395214,78931200,480,0
2030,2531245314031,2531245500918,78931680,480,0
2031,2531245480132,2531245596810,78932160,480,0
2032,2531245480305,2531245705041,78932640,480,0
2033,2531245628445,2531245797578,78933120,480,0
2034,2531245781464,2531245898217,78933600,480,0
2035,2531245781515,2531245998089,78934080,480,0
2036,2531245934696,2531246099048,78934560,480,0
2037,2531246096813,2531246199222,78935040,480,0
2038,2531246096877,2531246299374,78935520,480,0
2039,2531246253407,2531246399486,78936000,480,0
2040,2531246409777,2531246502067,78936480,480,0
2041,2531246409828,2531246597885,78936960,480,0
2042,2531246561443,2531246698239,78937440,480,0
2043,2531246729056,2531246798852,78937920,480,0
2044,2531246729123,2531246898936,78938400,480,0
2045,2531246875119,2531246999278,78938880,480,0
2046,2531246875165,2531247099633,78939360,480,0
2047,2531247031202,2531247194943,78939840,480,0
2048,2531247183194,2531247300452,78940320,480,0
2049,2531247184222,2531247395655,78940800,480,0
2050,2531247339800,2531247501260,78941280,480,0
2051,2531247497894,2531247599978,78941760,480,0
2052,2531247497953,2531247695204,78942240,480,0
2053,2531247654134,2531247795767,78942720,480,0
2054,2531247808990,2531247901644,78943200,480,0
2055,2531247809207,2531247996745,78943680,480,0
2056,2531247970596,2531248096905,78944160,480,0
2057,2531247970666,2531248197386,78944640,480,0
2058,2531248124953,2531248297665,78945120,480,0
2059,2531248280364,2531248397767,78945600,480,0
2060,2531248280416,2531248498456,78946080,480,0
2061,2531248438656,2531248593405,78946560,480,0
2062,2531248597496,2531248698820,78947040,480,0
2063,2531248597662,2531248799713,78947520,480,0
2064,2531248753630,2531248899899,78948000,480,0
2065,2531248912057,2531248993430,78948480,480,0
2066,2531248912107,2531249098887,78948960,480,0
2067,2531249072790,2531249199285,78949440,480,0
2068,2531249072870,2531249299566,78949920,480,0
2069,2531249226627,2531249399892,78950400,480,0
2070,2531249379813,2531249500859,78950880,480,0
2071,2531249379874,2531249596230,78951360,480,0
2072,2531249538177,2531249701628,78951840,480,0
2073,2531249700578,2531249796993,78952320,480,0
2074,2531249700639,2531249897433,78952800,480,0
2075,2531249855568,2531249998204,78953280,480,0
2076,2531250017874,2531250093460,78953760,480,0
2077,2531250017945,2531250198836,78954240,480,0
2078,2531250174432,2531250299102,78954720,480,0
2079,2531250174478,2531250399433,78955200,480,0
2080,2531250337143,2531250499679,78955680,480,0
2081,2531250494378,2531250596308,78956160,480,0
2082,2531250494433,2531250702101,78956640,480,0
2083,2531250645803,2531250797173,78957120,480,0
2084,2531250799263,2531250897557,78957600,480,0
2085,2531250799310,2531250997743,78958080,480,0
2086,2531250955186,2531251098471,78958560,480,0
2087,2531251116230,2531251198542,78959040,480,0
2088,2531251116301,2531251298692,78959520,480,0
2089,2531251272126,2531251398981,78960000,480,0
2090,2531251272192,2531251499085,78960480,480,0
2091,2531251427847,2531251600309,78960960,480,0
2092,2531251588070,2531251694837,78961440,480,0
2093,2531251588116,2531251800331,78961920,480,0
2094,2531251743906,2531251895443,78962400,480,0
2095,2531251903262,2531252000727,78962880,480,0
2096,2531251903306,2531252100633,78963360,480,0
2097,2531252052563,2531252195828,78963840,480,0
2098,2531252215572,2531252301228,78964320,480,0
2099,2531252215642,2531252396627,78964800,480,0
2100,2531252373730,2531252502173,78965280,480,0
2101,2531252373783,2531252598774,78965760,480,0
2102,2531252524462,2531252698261,78966240,480,0
2103,2531252674918,2531252800397,78966720,480,0
2104,2531252674978,2531252899438,78967200,480,0
2105,2531252838616,2531252999793,78967680,480,0
2106,2531252994731,2531253096783,78968160,480,0
2107,2531252994804,2531253202463,78968640,480,0
2108,2531253146039,2531253297435,78969120,480,0
2109,2531253302047,2531253398123,78969600,480,0
2110,2531253302121,2531253498074,78970080,480,0
2111,2531253457134,2531253599682,78970560,480,0
2112,2531253612696,2531253699764,78971040,480,0
2113,2531253612939,2531253795810,78971520,480,0
2114,2531253768992,2531253900529,78972000,480,0
2115,2531253769058,2531253995933,78972480,480,0
2116,2531253922939,2531254095903,78972960,480,0
2117,2531254078661,2531254201506,78973440,480,0
2118,2531254078707,2531254296709,78973920,480,0
2119,2531254238755,2531254402336,78974400,480,0
2120,2531254389850,2531254501150,78974880,480,0
2121,2531254389904,2531254597728,78975360,480,0
2122,2531254552000,2531254698007,78975840,480,0
2123,2531254700249,2531254802085,78976320,480,0
2124,2531254700302,2531254897553,78976800,480,0
2125,2531254854482,2531254998396,78977280,480,0
2126,2531255014520,2531255093628,78977760,480,0
2127,2531255014568,2531255199020,78978240,480,0
2128,2531255172556,2531255299320,78978720,480,0
2129,2531255172628,2531255399463,78979200,480,0
2130,2531255337066,2531255499705,78979680,480,0
2131,2531255493781,2531255596472,78980160,480,0
2132,2531255493976,2531255701976,78980640,480,0
2133,2531255643222,2531255797807,78981120,480,0
2134,2531255801826,2531255897953,78981600,480,0
2135,2531255801902,2531255998944,78982080,480,0
2136,2531255956652,2531256099242,78982560,480,0
2137,2531256106414,2531256199579,78983040,480,0
2138,2531256106474,2531256299746,78983520,480,0
2139,2531256262724,2531256394808,78984000,480,0
2140,2531256424146,2531256500514,78984480,480,0
2141,2531256424214,2531256595997,78984960,480,0
2142,2531256579609,2531256701566,78985440,480,0
2143,2531256579656,2531256796475,78985920,480,0
2144,2531256740803,2531256902187,78986400,480,0
2145,2531256893567,2531256997961,78986880,480,0
2146,2531256893615,2531257098675,78987360,480,0
2147,2531257046280,2531257199168,78987840,480,0
2148,2531257209042,2531257299448,78988320,480,0
2149,2531257209119,2531257399878,78988800,480,0
2150,2531257370116,2531257501395,78989280,480,0
2151,2531257370185,2531257597164,78989760,480,0
2152,2531257513400,2531257697254,78990240,480,0
2153,2531257671984,2531257797600,78990720,480,0
2154,2531257672064,2531257897934,78991200,480,0
2155,2531257830650,2531257998444,78991680,480,0
2156,2531257991330,2531258099234,78992160,480,0
2157,2531257991391,2531258199614,78992640,480,0
2158,2531258150887,2531258294927,78993120,480,0
2159,2531258309638,2531258400425,78993600,480,0
2160,2531258309692,2531258495526,78994080,480,0
2161,2531258464560,2531258595793,78994560,480,0
2162,2531258623253,2531258701290,78995040,480,0
2163,2531258623330,2531258796831,78995520,480,0
2164,2531258780012,2531258897257,78996000,480,0
2165,2531258780088,2531258997630,78996480,480,0
2166,2531258937550,2531259098276,78996960,480,0
2167,2531259096387,2531259199216,78997440,480,0
2168,2531259096454,2531259298786,78997920,480,0
2169,2531259256048,2531259399204,78998400,480,0
2170,2531259413069,2531259499212,78998880,480,0
2171,2531259413146,2531259599610,78999360,480,0
2172,2531259565682,2531259700099,78999840,480,0
2173,2531259722905,2531259795258,79000320,480,0
2174,2531259722962,2531259900694,79000800,480,0
2175,2531259879218,2531260001289,79001280,480,0
2176,2531259879281,2531260097579,79001760,480,0
2177,2531260041035,2531260201824,79002240,480,0
2178,2531260194954,2531260297461,79002720,480,0
2179,2531260195003,2531260397994,79003200,480,0
2180,2531260345617,2531260497870,79003680,480,0
2181,2531260593079,2531260598914,79004160,480,0
2182,2531260593141,2531260699032,79004640,480,0
2183,2531260593164,2531260800559,79005120,480,0
2184,2531260667296,2531260895583,79005600,480,0
2185,2531260825421,2531261001286,79006080,480,0
2186,2531260985598,2531261096617,79006560,480,0
2187,2531260985671,2531261202331,79007040,480,0
2188,2531261142857,2531261297283,79007520,480,0
2189,2531261300900,2531261397399,79008000,480,0
2190,2531261300951,2531261498141,79008480,480,0
2191,2531261454235,2531261598261,79008960,480,0
2192,2531261606270,2531261698519,79009440,480,0
2193,2531261606361,2531261799142,79009920,480,0
2194,2531261760513,2531261899402,79010400,480,0
2195,2531261923508,2531261999832,79010880,480,0
2196,2531261923587,2531262094768,79011360,480,0
2197,2531262076612,2531262199974,79011840,480,0
2198,2531262076663,2531262295209,79012320,480,0
2199,2531262237470,2531262400878,79012800,480,0
2200,2531262387611,2531262495916,79013280,480,0
2201,2531262387647,2531262596280,79013760,480,0
2202,2531262578399,2531262702004,79014240,480,0
2203,2531262578462,2531262797901,79014720,480,0
2204,2531262704511,2531262897447,79015200,480,0
2205,2531262857471,2531262998164,79015680,480,0
2206,2531263013409,2531263101126,79016160,480,0
2207,2531263013455,2531263196997,79016640,480,0
2208,2531263154277,2531263302207,79017120,480,0
2209,2531263302482,2531263394537,79017600,480,0
2210,2531263302545,2531263499987,79018080,480,0
2211,2531263457675,2531263595478,79018560,480,0
2212,2531263617737,2531263701159,79019040,480,0
2213,2531263617797,2531263796354,79019520,480,0
2214,2531263771495,2531263901707,79020000,480,0
2215,2531263771552,2531263997111,79020480,480,0
2216,2531263924145,2531264097523,79020960,480,0
2217,2531264080438,2531264197822,79021440,480,0
2218,2531264080502,2531264298085,79021920,480,0
2219,2531264233707,2531264398563,79022400,480,0
2220,2531264393915,2531264499038,79022880,480,0
2221,2531264393976,2531264599362,79023360,480,0
2222,2531264546737,2531264694780,79023840,480,0
2223,2531264704158,2531264800239,79024320,480,0
2224,2531264704207,2531264895508,79024800,480,0
2225,2531264864215,2531265000863,79025280,480,0
2226,2531265018381,2531265096417,79025760,480,0
2227,2531265018592,2531265201619,79026240,480,0
2228,2531265169111,2531265296807,79026720,480,0
2229,2531265169173,2531265397110,79027200,480,0
2230,2531265328150,2531265497432,79027680,480,0
2231,2531265489324,2531265598215,79028160,480,0
2232,2531265489363,2531265698649,79028640,480,0
2233,2531265644922,2531265798937,79029120,480,0
2234,2531265800936,2531265899374,79029600,480,0
2235,2531265801606,2531265999851,79030080,480,0
2236,2531265952592,2531266095196,79030560,480,0
2237,2531266114447,2531266200678,79031040,480,0
2238,2531266114541,2531266295981,79031520,480,0
2239,2531266268322,2531266401697,79032000,480,0
2240,2531266419458,2531266496798,79032480,480,0
2241,2531266419511,2531266597573,79032960,480,0
2242,2531266580213,2531266697867,79033440,480,0
2243,2531266580261,2531266798513,79033920,480,0
2244,2531266738359,2531266899323,79034400,480,0
2245,2531266890802,2531266999118,79034880,480,0
2246,2531266890855,2531267099491,79035360,480,0
2247,2531267041996,2531267194956,79035840,480,0
2248,2531267192686,2531267300567,79036320,480,0
2249,2531267192720,2531267395772,79036800,480,0
2250,2531267352089,2531267501603,79037280,480,0
2251,2531267512534,2531267596924,79037760,480,0
2252,2531267512592,2531267697248,79038240,480,0
2253,2531267669779,2531267797591,79038720,480,0
2254,2531267828739,2531267897834,79039200,480,0
2255,2531267828800,2531267998032,79039680,480,0
2256,2531267989708,2531268098556,79040160,480,0
2257,2531267989758,2531268198862,79040640,480,0
2258,2531268146048,2531268299045,79041120,480,0
2259,2531268301599,2531268399439,79041600,480,0
2260,2531268301683,2531268499456,79042080,480,0
2261,2531268454955,2531268594828,79042560,480,0
2262,2531268609988,2531268701522,79043040,480,0
2263,2531268610048,2531268801261,79043520,480,0
2264,2531268769517,2531268896340,79044000,480,0
2265,2531268923104,2531269002317,79044480,480,0
2266,2531268923184,2531269098558,79044960,480,0
2267,2531269087618,2531269198796,79045440,480,0
2268,2531269087680,2531269299182,79045920,480,0
2269,2531269243275,2531269399484,79046400,480,0
2270,2531269403405,2531269500815,79046880,480,0
2271,2531269403477,2531269597080,79047360,480,0
2272,2531269554424,2531269701919,79047840,480,0
2273,2531269706800,2531269802429,79048320,480,0
2274,2531269706874,2531269898113,79048800,480,0
2275,2531269856618,2531269998430,79049280,480,0
2276,2531270018183,2531270093830,79049760,480,0
2277,2531270018247,2531270199212,79050240,480,0
2278,2531270173747,2531270299514,79050720,480,0
2279,2531270173806,2531270399868,79051200,480,0
2280,2531270323789,2531270500754,79051680,480,0
2281,2531270484286,2531270596171,79052160,480,0
2282,2531270484471,2531270701838,79052640,480,0
2283,2531270645145,2531270797447,79053120,480,0
2284,2531270803060,2531270897625,79053600,480,0
2285,2531270803099,2531270998067,79054080,480,0
2286,2531270954761,2531271099132,79054560,480,0
2287,2531271112086,2531271199155,79055040,480,0
2288,2531271112159,2531271299577,79055520,480,0
2289,2531271275839,2531271395231,79056000,480,0
2290,2531271275925,2531271501151,79056480,480,0
2291,2531271430067,2531271596612,79056960,480,0
2292,2531271579416,2531271702039,79057440,480,0
2293,2531271579457,2531271797214,79057920,480,0
2294,2531271735842,2531271897570,79058400,480,0
2295,2531271892021,2531271998108,79058880,480,0
2296,2531271892097,2531272098933,79059360,480,0
2297,2531272049266,2531272201124,79059840,480,0
2298,2531272207885,2531272300649,79060320,480,0
2299,2531272207968,2531272399894,79060800,480,0
2300,2531272363937,2531272501004,79061280,480,0
2301,2531272517988,2531272596826,79061760,480,0
2302,2531272518049,2531272702229,79062240,480,0
2303,2531272673057,2531272797522,79062720,480,0
2304,2531272673137,2531272897973,79063200,480,0
2305,2531272820380,2531272998326,79063680,480,0
2306,2531272983993,2531273099036,79064160,480,0
2307,2531272984053,2531273199362,79064640,480,0
2308,2531273136023,2531273299627,79065120,480,0
2309,2531273293613,2531273394774,79065600,480,0
2310,2531273293667,2531273500356,79066080,480,0
2311,2531273453539,2531273595956,79066560,480,0
2312,2531273609707,2531273701362,79067040,480,0
2313,2531273610167,2531273801748,79067520,480,0
2314,2531273764496,2531273896922,79068000,480,0
2315,2531273920266,2531274002352,79068480,480,0
2316,2531273920353,2531274098107,79068960,480,0
2317,2531274076952,2531274198060,79069440,480,0
2318,2531274076998,2531274298938,79069920,480,0
2319,2531274226605,2531274398998,79070400,480,0
2320,2531274382289,2531274498837,79070880,480,0
2321,2531274382355,2531274599386,79071360,480,0
2322,2531274542804,2531274699640,79071840,480,0
2323,2531274700111,2531274802055,79072320,480,0
2324,2531274700166,2531274897531,79072800,480,0
2325,2531274854763,2531274998671,79073280,480,0
2326,2531275005834,2531275093575,79073760,480,0
2327,2531275005923,2531275198901,79074240,480,0
2328,2531275157178,2531275299482,79074720,480,0
2329,2531275313413,2531275399565,79075200,480,0
2330,2531275313479,2531275499687,79075680,480,0
2331,2531275472045,2531275595052,79076160,480,0
2332,2531275472112,2531275700351,79076640,480,0
2333,2531275627178,2531275800606,79077120,480,0
2334,2531275790979,2531275896099,79077600,480,0
2335,2531275791038,2531275996414,79078080,480,0
2336,2531275944345,2531276096840,79078560,480,0
2337,2531276105612,2531276197370,79079040,480,0
2338,2531276105677,2531276297673,79079520,480,0
2339,2531276253702,2531276397888,79080000,480,0
2340,2531276411713,2531276493365,79080480,480,0
2341,2531276411808,2531276599180,79080960,480,0
2342,2531276572040,2531276699367,79081440,480,0
2343,2531276572343,2531276800408,79081920,480,0
2344,2531276734058,2531276895436,79082400,480,0
2345,2531276889378,2531277001055,79082880,480,0
2346,2531276889425,2531277096462,79083360,480,0
2347,2531277038848,2531277201781,79083840,480,0
2348,2531277194148,2531277296785,79084320,480,0
2349,2531277194207,2531277397167,79084800,480,0
2350,2531277344333,2531277497243,79085280,480,0
2351,2531277505046,2531277597900,79085760,480,0
2352,2531277505099,2531277698444,79086240,480,0
2353,2531277657803,2531277799322,79086720,480,0
2354,2531277811609,2531277899677,79087200,480,0
2355,2531277811803,2531278000192,79087680,480,0
2356,2531277975748,2531278095395,79088160,480,0
2357,2531277975807,2531278200824,79088640,480,0
2358,2531278123017,2531278296322,79089120,480,0
2359,2531278279704,2531278401565,79089600,480,0
2360,2531278279775,2531278496673,79090080,480,0
2361,2531278433641,2531278597590,79090560,480,0
2362,2531278590985,2531278697442,79091040,480,0
2363,2531278591026,2531278797965,79091520,480,0
2364,2531278746166,2531278898505,79092000,480,0
2365,2531278903689,2531278998986,79092480,480,0
2366,2531278903761,2531279099334,79092960,480,0
2367,2531279056537,2531279199525,79093440,480,0
2368,2531279213374,2531279299873,79093920,480,0
2369,2531279213446,2531279394787,79094400,480,0
2370,2531279370031,2531279500348,79094880,480,0
2371,2531279370085,2531279595623,79095360,480,0
2372,2531279526644,2531279701034,79095840,480,0
2373,2531279682849,2531279796339,79096320,480,0
2374,2531279682925,2531279901715,79096800,480,0
2375,2531279839286,2531280001853,79097280,480,0
2376,2531279989418,2531280099014,79097760,480,0
2377,2531279989475,2531280198952,79098240,480,0
2378,2531280147704,2531280299211,79098720,480,0
2379,2531280300441,2531280399441,79099200,480,0
2380,2531280300785,2531280499836,79099680,480,0
2381,2531280454187,2531280595414,79100160,480,0
2382,2531280602324,2531280703636,79100640,480,0
2383,2531280602374,2531280796441,79101120,480,0
2384,2531280764245,2531280901788,79101600,480,0
2385,2531280919580,2531280997399,79102080,480,0
2386,2531280919637,2531281097724,79102560,480,0
2387,2531281072189,2531281197900,79103040,480,0
2388,2531281072249,2531281298311,79103520,480,0
2389,2531281226970,2531281398462,79104000,480,0
2390,2531281381815,2531281498691,79104480,480,0
2391,2531281381869,2531281599464,79104960,480,0
2392,2531281536990,2531281699621,79105440,480,0
2393,2531281693511,2531281800348,79105920,480,0
2394,2531281693552,2531281895793,79106400,480,0
2395,2531281853370,2531282001199,79106880,480,0
2396,2531282013301,2531282100090,79107360,480,0
2397,2531282013356,2531282195481,79107840,480,0
2398,2531282164819,2531282300875,79108320,480,0
2399,2531282324597,2531282396190,79108800,480,0
2400,2531282324664,2531282501507,79109280,480,0
2401,2531282478730,2531282596811,79109760,480,0
2402,2531282478778,2531282697059,79110240,480,0
2403,2531282636102,2531282798623,79110720,480,0
2404,2531282791579,2531282898669,79111200,480,0
2405,2531282791644,2531282999038,79111680,480,0
2406,2531282945942,2531283099613,79112160,480,0
2407,2531283102344,2531283199593,79112640,480,0
2408,2531283102917,2531283294789,79113120,480,0
2409,2531283254093,2531283400371,79113600,480,0
2410,2531283411704,2531283495630,79114080,480,0
2411,2531283411769,2531283595793,79114560,480,0
2412,2531283564089,2531283701310,79115040,480,0
2413,2531283725530,2531283796401,79115520,480,0
2414,2531283725588,2531283902143,79116000,480,0
2415,2531283880431,2531284002345,79116480,480,0
2416,2531283880506,2531284098090,79116960,480,0
2417,2531284036455,2531284198992,79117440,480,0
2418,2531284196684,2531284299208,79117920,480,0
2419,2531284196759,2531284399452,79118400,480,0
2420,2531284351741,2531284499414,79118880,480,0
2421,2531284507545,2531284595165,79119360,480,0
2422,2531284507622,2531284700172,79119840,480,0
2423,2531284662697,2531284795443,79120320,480,0
2424,2531284818424,2531284900900,79120800,480,0
2425,2531284818480,2531284996112,79121280,480,0
2426,2531284973336,2531285096550,79121760,480,0
2427,2531285135279,2531285201755,79122240,480,0
2428,2531285135349,2531285297013,79122720,480,0
2429,2531285289288,2531285397228,79123200,480,0
2430,2531285289369,2531285497646,79123680,480,0
2431,2531285444694,2531285597803,79124160,480,0
2432,2531285596141,2531285698137,79124640,480,0
2433,2531285596200,2531285798924,79125120,480,0
2434,2531285755859,2531285898903,79125600,480,0
2435,2531285911679,2531285999200,79126080,480,0
2436,2531285911759,2531286099537,79126560,480,0
2437,2531286065990,2531286195000,79127040,480,0
2438,2531286224318,2531286300797,79127520,480,0
2439,2531286224382,2531286395849,79128000,480,0
2440,2531286380262,2531286501555,79128480,480,0
2441,2531286380333,2531286596866,79128960,480,0
2442,2531286530501,2531286702378,79129440,480,0
2443,2531286684746,2531286798453,79129920,480,0
2444,2531286684812,2531286898701,79130400,480,0
2445,2531286836320,2531286999264,79130880,480,0
2446,2531286992401,2531287099407,79131360,480,0
2447,2531286992455,2531287199662,79131840,480,0
2448,2531287150302,2531287294695,79132320,480,0
2449,2531287311959,2531287400160,79132800,480,0
2450,2531287312042,2531287500529,79133280,480,0
2451,2531287475645,2531287596761,79133760,480,0
2452,2531287475711,2531287701781,79134240,480,0
2453,2531287634491,2531287796846,79134720,480,0
2454,2531287791952,2531287897333,79135200,480,0
2455,2531287792013,2531287997830,79135680,480,0
2456,2531287945187,2531288098073,79136160,480,0
2457,2531288096363,2531288198452,79136640,480,0
2458,2531288096466,2531288298944,79137120,480,0
2459,2531288246065,2531288399116,79137600,480,0
2460,2531288401041,2531288499413,79138080,480,0
2461,2531288401104,2531288599520,79138560,480,0
2462,2531288560980,2531288694737,79139040,480,0
2463,2531288716776,2531288795431,79139520,480,0
2464,2531288716836,2531288900651,79140000,480,0
2465,2531288880720,2531288996133,79140480,480,0
2466,2531288880800,2531289096349,79140960,480,0
2467,2531289028169,2531289201906,79141440,480,0
2468,2531289184700,2531289297080,79141920,480,0
2469,2531289184744,2531289397415,79142400,480,0
2470,2531289339008,2531289497558,79142880,480,0
2471,2531289504833,2531289597905,79143360,480,0
2472,2531289506174,2531289698229,79143840,480,0
2473,2531289662142,2531289798956,79144320,480,0
2474,2531289814496,2531289899289,79144800,480,0
2475,2531289814574,2531290000173,79145280,480,0
2476,2531289972315,2531290095170,79145760,480,0
2477,2531289972836,2531290200503,79146240,480,0
2478,2531290127809,2531290300888,79146720,480,0
2479,2531290281698,2531290396701,79147200,480,0
2480,2531290281776,2531290501290,79147680,480,0
2481,2531290443938,2531290596808,79148160,480,0
2482,2531290594922,2531290696954,79148640,480,0
2483,2531290594977,2531290797660,79149120,480,0
2484,2531290745907,2531290898166,79149600,480,0
2485,2531290900027,2531290998386,79150080,480,0
2486,2531290900085,2531291099265,79150560,480,0
2487,2531291056656,2531291199693,79151040,480,0
2488,2531291211032,2531291299478,79151520,480,0
2489,2531291211083,2531291394593,79152000,480,0
2490,2531291371301,2531291500196,79152480,480,0
2491,2531291371371,2531291595609,79152960,480,0
2492,2531291531380,2531291700874,79153440,480,0
2493,2531291693240,2531291801617,79153920,480,0
2494,2531291693301,2531291896722,79154400,480,0
2495,2531291853501,2531291996850,79154880,480,0
2496,2531292016529,2531292097355,79155360,480,0
2497,2531292016575,2531292197564,79155840,480,0
2498,2531292168825,2531292297814,79156320,480,0
2499,2531292332284,2531292398158,79156800,480,0
2500,2531292332363,2531292498255,79157280,480,0
2501,2531292489998,2531292598869,79157760,480,0
2502,2531292490061,2531292699239,79158240,480,0
2503,2531292651931,2531292799778,79158720,480,0
2504,2531292811898,2531292894890,79159200,480,0
2505,2531292811947,2531293000456,79159680,480,0
2506,2531292973214,2531293095843,79160160,480,0
2507,2531292973273,2531293201039,79160640,480,0
2508,2531293135122,2531293296349,79161120,480,0
2509,2531293289933,2531293401443,79161600,480,0
2510,2531293290199,2531293496679,79162080,480,0
2511,2531293445160,2531293597290,79162560,480,0
2512,2531293606588,2531293697684,79163040,480,0
2513,2531293606633,2531293798788,79163520,480,0
2514,2531293761152,2531293899081,79164000,480,0
2515,2531293922723,2531293999127,79164480,480,0
2516,2531293922767,2531294099791,79164960,480,0
2517,2531294075833,2531294200289,79165440,480,0
2518,2531294075888,2531294295232,79165920,480,0
2519,2531294237851,2531294400689,79166400,480,0
2520,2531294398925,2531294495850,79166880,480,0
2521,2531294398981,2531294596382,79167360,480,0
2522,2531294554454,2531294696705,79167840,480,0
2523,2531294718612,2531294797528,79168320,480,0
2524,2531294718684,2531294897589,79168800,480,0
2525,2531294871318,2531294997999,79169280,480,0
2526,2531294871392,2531295098811,79169760,480,0
2527,2531295130926,2531295198991,79170240,480,0
2528,2531295130968,2531295299385,79170720,480,0
2529,2531295197908,2531295402698,79171200,480,0
2530,2531295357268,2531295500874,79171680,480,0
2531,2531295531394,2531295597114,79172160,480,0
2532,2531295531437,2531295697436,79172640,480,0
2533,2531295658811,2531295798331,79173120,480,0
2534,2531295812181,2531295898511,79173600,480,0
2535,2531295816063,2531295999032,79174080,480,0
2536,2531295961737,2531296099131,79174560,480,0
2537,2531296117355,2531296199524,79175040,480,0
2538,2531296117410,2531296299850,79175520,480,0
2539,2531296273451,2531296395168,79176000,480,0
2540,2531296273513,2531296500453,79176480,480,0
2541,2531296423121,2531296596781,79176960,480,0
2542,2531296586558,2531296696882,79177440,480,0
2543,2531296586639,2531296797561,79177920,480,0
2544,2531296737397,2531296897872,79178400,480,0
2545,2531296897637,2531296998535,79178880,480,0
2546,2531296897687,2531297099264,79179360,480,0
2547,2531297053931,2531297199876,79179840,480,0
2548,2531297202488,2531297300244,79180320,480,0
2549,2531297202905,2531297395681,79180800,480,0
2550,2531297364383,2531297500948,79181280,480,0
2551,2531297527894,2531297596608,79181760,480,0
2552,2531297527978,2531297696915,79182240,480,0
2553,2531297687958,2531297797946,79182720,480,0
2554,2531297688040,2531297898639,79183200,480,0
2555,2531297843997,2531297994321,79183680,480,0
2556,2531298006957,2531298097729,79184160,480,0
2557,2531298007012,2531298198079,79184640,480,0
2558,2531298155880,2531298299284,79185120,480,0
2559,2531298310789,2531298398793,79185600,480,0
2560,2531298310874,2531298498794,79186080,480,0
2561,2531298469975,2531298599235,79186560,480,0
2562,2531298626671,2531298699556,79187040,480,0
2563,2531298626742,2531298800409,79187520,480,0
2564,2531298782252,2531298895430,79188000,480,0
2565,2531298782339,2531299001015,79188480,480,0
2566,2531298936621,2531299096632,79188960,480,0
2567,2531299089810,2531299197280,79189440,480,0
2568,2531299089866,2531299297487,79189920,480,0
2569,2531299260119,2531299398177,79190400,480,0
2570,2531299403904,2531299498434,79190880,480,0
2571,2531299403961,2531299599721,79191360,480,0
2572,2531299560380,2531299700081,79191840,480,0
2573,2531299716812,2531299801013,79192320,480,0
2574,2531299716886,2531299896502,79192800,480,0
2575,2531299870575,2531300001916,79193280,480,0
2576,2531299870653,2531300097948,79193760,480,0
2577,2531300029606,2531300198718,79194240,480,0
2578,2531300189300,2531300299109,79194720,480,0
2579,2531300189357,2531300399131,79195200,480,0
2580,2531300345599,2531300499453,79195680,480,0
2581,2531300502470,2531300600042,79196160,480,0
2582,2531300502521,2531300695551,79196640,480,0
2583,2531300652746,2531300795823,79197120,480,0
2584,2531300807570,2531300901511,79197600,480,0
2585,2531300807825,2531300996681,79198080,480,0
2586,2531300961418,2531301098223,79198560,480,0
2587,2531301119586,2531301198350,79199040,480,0
2588,2531301119677,2531301299008,79199520,480,0
2589,2531301271579,2531301399479,79200000,480,0
2590,2531301427219,2531301499563,79200480,480,0
2591,2531301427300,2531301600264,79200960,480,0
2592,2531301577915,2531301695632,79201440,480,0
2593,2531301577953,2531301796170,79201920,480,0
2594,2531301738534,2531301902119,79202400,480,0
2595,2531301890395,2531301997728,79202880,480,0
2596,2531301890479,2531302098414,79203360,480,0
2597,2531302047341,2531302199016,79203840,480,0
2598,2531302207798,2531302299607,79204320,480,0
2599,2531302207885,2531302399840,79204800,480,0
2600,2531302371025,2531302500735,79205280,480,0
2601,2531302371090,2531302596665,79205760,480,0
2602,2531302517335,2531302701704,79206240,480,0
2603,2531302679925,2531302802493,79206720,480,0
2604,2531302679997,2531302898674,79207200,480,0
2605,2531302868363,2531302999699,79207680,480,0
2606,2531302993963,2531303099487,79208160,480,0
2607,2531302994032,2531303200334,79208640,480,0
2608,2531303152439,2531303295413,79209120,480,0
2609,2531303310357,2531303401082,79209600,480,0
2610,2531303310441,2531303497072,79210080,480,0
2611,2531303459603,2531303596754,79210560,480,0
2612,2531303621083,2531303698234,79211040,480,0
2613,2531303621138,2531303799481,79211520,480,0
2614,2531303773586,2531303899065,79212000,480,0
2615,2531303773683,2531303999344,79212480,480,0
2616,2531303924053,2531304099795,79212960,480,0
2617,2531304077035,2531304195105,79213440,480,0
2618,2531304077099,2531304295431,79213920,480,0
2619,2531304226935,2531304401082,79214400,480,0
2620,2531304389166,2531304496122,79214880,480,0
2621,2531304389237,2531304596629,79215360,480,0
2622,2531304545709,2531304697655,79215840,480,0
2623,2531304695761,2531304797922,79216320,480,0
2624,2531304695850,2531304898185,79216800,480,0
2625,2531304856209,2531304999194,79217280,480,0
2626,2531305015923,2531305093992,79217760,480,0
2627,2531305016014,2531305199528,79218240,480,0
2628,2531305168920,2531305299933,79218720,480,0
2629,2531305168972,2531305395110,79219200,480,0
2630,2531305322274,2531305500835,79219680,480,0
2631,2531305472602,2531305596441,79220160,480,0
2632,2531305634349,2531305701930,79220640,480,0
2633,2531305634437,2531305797756,79221120,480,0
2634,2531305791171,2531305898261,79221600,480,0
2635,2531305791247,2531305998391,79222080,480,0
2636,2531305946158,2531306098963,79222560,480,0
2637,2531306108482,2531306199517,79223040,480,0
2638,2531306108582,2531306299861,79223520,480,0
2639,2531306261471,2531306395121,79224000,480,0
2640,2531306423689,2531306500619,79224480,480,0
2641,2531306423758,2531306596456,79224960,480,0
2642,2531306580246,2531306697640,79225440,480,0
2643,2531306580316,2531306798184,79225920,480,0
2644,2531306736157,2531306898289,79226400,480,0
2645,2531306891186,2531306998519,79226880,480,0
2646,2531306891240,2531307100197,79227360,480,0
2647,2531307053444,2531307200154,79227840,480,0
2648,2531307207654,2531307295386,79228320,480,0
2649,2531307207718,2531307401149,79228800,480,0
2650,2531307365339,2531307496644,79229280,480,0
2651,2531307523294,2531307597028,79229760,480,0
2652,2531307523367,2531307697399,79230240,480,0
2653,2531307695898,2531307797720,79230720,480,0
2654,2531307695968,2531307898359,79231200,480,0
2655,2531307835177,2531307998772,79231680,480,0
2656,2531307991043,2531308098973,79232160,480,0
2657,2531307991100,2531308199647,79232640,480,0
2658,2531308151250,2531308300422,79233120,480,0
2659,2531308303356,2531308395341,79233600,480,0
2660,2531308303400,2531308500754,79234080,480,0
2661,2531308458959,2531308596168,79234560,480,0
2662,2531308613730,2531308701829,79235040,480,0
2663,2531308613781,2531308797433,79235520,480,0
2664,2531308768990,2531308898113,79236000,480,0
2665,2531308926927,2531308997751,79236480,480,0
2666,2531308926985,2531309098707,79236960,480,0
2667,2531309085538,2531309199116,79237440,480,0
2668,2531309085593,2531309299128,79237920,480,0
2669,2531309250131,2531309399491,79238400,480,0
2670,2531309403726,2531309500604,79238880,480,0
2671,2531309403822,2531309595823,79239360,480,0
2672,2531309554124,2531309701186,79239840,480,0
2673,2531309708689,2531309796597,79240320,480,0
2674,2531309708755,2531309901982,79240800,480,0
2675,2531309861064,2531309997824,79241280,480,0
2676,2531310015972,2531310098623,79241760,480,0
2677,2531310016030,2531310199338,79242240,480,0
2678,2531310177071,2531310299622,79242720,480,0
2679,2531310177149,2531310399726,79243200,480,0
2680,2531310322571,2531310500061,79243680,480,0
2681,2531310482688,2531310595526,79244160,480,0
2682,2531310482749,2531310701185,79244640,480,0
2683,2531310643125,2531310796244,79245120,480,0
2684,2531310798992,2531310901597,79245600,480,0
2685,2531310799064,2531310997307,79246080,480,0
2686,2531310954111,2531311097646,79246560,480,0
2687,2531311111103,2531311199406,79247040,480,0
2688,2531311111176,2531311299599,79247520,480,0
2689,2531311257452,2531311399844,79248000,480,0
2690,2531311409153,2531311500325,79248480,480,0
2691,2531311409211,2531311595795,79248960,480,0
2692,2531311563906,2531311701293,79249440,480,0
2693,2531311719051,2531311796535,79249920,480,0
2694,2531311719118,2531311902522,79250400,480,0
2695,2531311871511,2531311999045,79250880,480,0
2696,2531311871576,2531312098748,79251360,480,0
2697,2531312025118,2531312199043,79251840,480,0
2698,2531312187120,2531312299292,79252320,480,0
2699,2531312187209,2531312399539,79252800,480,0
2700,2531312355735,2531312500103,79253280,480,0
2701,2531312506086,2531312599602,79253760,480,0
2702,2531312506151,2531312700619,79254240,480,0
2703,2531312664701,2531312795946,79254720,480,0
2704,2531312819143,2531312901306,79255200,480,0
2705,2531312819252,2531312996646,79255680,480,0
2706,2531312968990,2531313097398,79256160,480,0
2707,2531313130117,2531313198095,79256640,480,0
2708,2531313130198,2531313298105,79257120,480,0
2709,2531313281251,2531313398675,79257600,480,0
2710,2531313281306,2531313498552,79258080,480,0
2711,2531313437425,2531313599154,79258560,480,0
2712,2531313588716,2531313700928,79259040,480,0
2713,2531313588780,2531313795668,79259520,480,0
2714,2531313755016,2531313901329,79260000,480,0
2715,2531313911017,2531313996643,79260480,480,0
2716,2531313911077,2531314096817,79260960,480,0
2717,2531314058375,2531314202570,79261440,480,0
2718,2531314219229,2531314298626,79261920,480,0
2719,2531314219298,2531314398919,79262400,480,0
2720,2531314372357,2531314499003,79262880,480,0
2721,2531314372410,2531314599565,79263360,480,0
2722,2531314526575,2531314701318,79263840,480,0
2723,2531314678629,2531314796364,79264320,480,0
2724,2531314678697,2531314901966,79264800,480,0
2725,2531314839397,2531314997092,79265280,480,0
2726,2531315005770,2531315097923,79265760,480,0
2727,2531315005868,2531315199125,79266240,480,0
2728,2531315162859,2531315298764,79266720,480,0
2729,2531315319443,2531315397472,79267200,480,0
2730,2531315319534,2531315498243,79267680,480,0
2731,2531315475191,2531315598584,79268160,480,0
2732,2531315475255,2531315700152,79268640,480,0
2733,2531315624872,2531315795334,79269120,480,0
2734,2531315779856,2531315901130,79269600,480,0
2735,2531315779926,2531315996322,79270080,480,0
2736,2531315935297,2531316096957,79270560,480,0
2737,2531316096446,2531316203191,79271040,480,0
2738,2531316096508,2531316297677,79271520,480,0
2739,2531316243568,2531316399719,79272000,480,0
2740,2531316398767,2531316500303,79272480,480,0
2741,2531316398862,2531316595912,79272960,480,0
2742,2531316554619,2531316701940,79273440,480,0
2743,2531316908076,2531316796817,79273920,480,0
2744,2531316908161,2531316897347,79274400,480,0
2745,2531316908186,2531317003137,79274880,480,0
2746,2531316908207,2531317099270,79275360,480,0
2747,2531317142904,2531317199763,79275840,480,0
2748,2531317142964,2531317300562,79276320,480,0
2749,2531317347494,2531317395518,79276800,480,0
2750,2531317347571,2531317500997,79277280,480,0
2751,2531317502355,2531317597561,79277760,480,0
2752,2531317502418,2531317698091,79278240,480,0
2753,2531317701152,2531317798409,79278720,480,0
2754,2531317701209,2531317895589,79279200,480,0
2755,2531317823661,2531318001312,79279680,480,0
2756,2531317989522,2531318097037,79280160,480,0
2757,2531317989580,2531318199151,79280640,480,0
2758,2531318129665,2531318298733,79281120,480,0
2759,2531318281909,2531318399128,79281600,480,0
2760,2531318282011,2531318499531,79282080,480,0
2761,2531318481598,2531318595016,79282560,480,0
2762,2531318481656,2531318701120,79283040,480,0
2763,2531318629929,2531318796582,79283520,480,0
2764,2531318753374,2531318901959,79284000,480,0
2765,2531318912374,2531318997297,79284480,480,0
2766,2531318912494,2531319097813,79284960,480,0
2767,2531319072425,2531319198096,79285440,480,0
2768,2531319072517,2531319298438,79285920,480,0
2769,2531319233341,2531319399066,79286400,480,0
2770,2531319383647,2531319499650,79286880,480,0
2771,2531319383723,2531319599909,79287360,480,0
2772,2531319544424,2531319701957,79287840,480,0
2773,2531319701393,2531319797231,79288320,480,0
2774,2531319701461,2531319898086,79288800,480,0
2775,2531319858172,2531319998532,79289280,480,0
2776,2531320006684,2531320098548,79289760,480,0
2777,2531320006738,2531320199060,79290240,480,0
2778,2531320157960,2531320299499,79290720,480,0
2779,2531320315447,2531320400017,79291200,480,0
2780,2531320315515,2531320500392,79291680,480,0
2781,2531320465734,2531320596224,79292160,480,0
2782,2531320624315,2531320702288,79292640,480,0
2783,2531320624391,2531320797650,79293120,480,0
2784,2531320780354,2531320899100,79293600,480,0
2785,2531320780638,2531320998595,79294080,480,0
2786,2531320940202,2531321099415,79294560,480,0
2787,2531321097896,2531321200850,79295040,480,0
2788,2531321097958,2531321300384,79295520,480,0
2789,2531321254055,2531321395449,79296000,480,0
2790,2531321410794,2531321501213,79296480,480,0
2791,2531321413557,2531321596680,79296960,480,0
2792,2531321577095,2531321702627,79297440,480,0
2793,2531321577172,2531321799132,79297920,480,0
2794,2531321737150,2531321898815,79298400,480,0
2795,2531321885883,2531321998710,79298880,480,0
2796,2531321885948,2531322099943,79299360,480,0
2797,2531322041273,2531322200610,79299840,480,0
2798,2531322191186,2531322295617,79300320,480,0
2799,2531322191257,2531322401961,79300800,480,0
2800,2531322345315,2531322496805,79301280,480,0
2801,2531322503777,2531322597340,79301760,480,0
2802,2531322507048,2531322698336,79302240,480,0
2803,2531322662969,2531322798017,79302720,480,0
2804,2531322824093,2531322898781,79303200,480,0
2805,2531322824158,2531322999247,79303680,480,0
2806,2531322975652,2531323099428,79304160,480,0
2807,2531322975729,2531323200768,79304640,480,0
2808,2531323127822,2531323300280,79305120,480,0
2809,2531323283979,2531323400743,79305600,480,0
2810,2531323284039,2531323501364,79306080,480,0
2811,2531323439937,2531323597413,79306560,480,0
2812,2531323591365,2531323698102,79307040,480,0
2813,2531323591455,2531323798686,79307520,480,0
2814,2531323754640,2531323899737,79308000,480,0
2815,2531323904164,2531323999718,79308480,480,0
2816,2531323904249,2531324100413,79308960,480,0
2817,2531324062160,2531324195891,79309440,480,0
2818,2531324220855,2531324301844,79309920,480,0
2819,2531324220935,2531324396816,79310400,480,0
2820,2531324381138,2531324503481,79310880,480,0
2821,2531324381210,2531324599205,79311360,480,0
2822,2531324527242,2531324699157,79311840,480,0
2823,2531324688600,2531324800039,79312320,480,0
2824,2531324688674,2531324900070,79312800,480,0
2825,2531324841618,2531325000160,79313280,480,0
2826,2531324994032,2531325099185,79313760,480,0
2827,2531324994097,2531325199489,79314240,480,0
2828,2531325145769,2531325300238,79314720,480,0
2829,2531325307747,2531325400315,79315200,480,0
2830,2531325307815,2531325493737,79315680,480,0
2831,2531325465369,2531325601820,79316160,480,0
2832,2531325626056,2531325697228,79316640,480,0
2833,2531325626146,2531325802975,79317120,480,0
2834,2531325782023,2531325893743,79317600,480,0
2835,2531325782139,2531326000104,79318080,480,0
2836,2531325934866,2531326095484,79318560,480,0
2837,2531326110098,2531326201178,79319040,480,0
2838,2531326110176,2531326296786,79319520,480,0
2839,2531326242420,2531326402770,79320000,480,0
2840,2531326396078,2531326497388,79320480,480,0
2841,2531326396146,2531326599494,79320960,480,0
2842,2531326555706,2531326695416,79321440,480,0
2843,2531326708429,2531326800941,79321920,480,0
2844,2531326708507,2531326897060,79322400,480,0
2845,2531326865723,2531327001862,79322880,480,0
2846,2531327020463,2531327097674,79323360,480,0
2847,2531327020537,2531327193659,79323840,480,0
2848,2531327180194,2531327299467,79324320,480,0
2849,2531327180253,2531327400006,79324800,480,0
2850,2531327339904,2531327500849,79325280,480,0
2851,2531327495161,2531327597853,79325760,480,0
2852,2531327495261,2531327698771,79326240,480,0
2853,2531327642943,2531327799770,79326720,480,0
2854,2531327795626,2531327901028,79327200,480,0
2855,2531327795678,2531328000890,79327680,480,0
2856,2531327951339,2531328096720,79328160,480,0
2857,2531328110897,2531328202570,79328640,480,0
2858,2531328110984,2531328297911,79329120,480,0
2859,2531328273395,2531328398715,79329600,480,0
2860,2531328273474,2531328499573,79330080,480,0
2861,2531328426998,2531328600106,79330560,480,0
2862,2531328578077,2531328695681,79331040,480,0
2863,2531328578148,2531328796155,79331520,480,0
2864,2531328739481,2531328902247,79332000,480,0
2865,2531328899465,2531328997199,79332480,480,0
2866,2531328899529,2531329097227,79332960,480,0
2867,2531329055275,2531329192998,79333440,480,0
2868,2531329204705,2531329298298,79333920,480,0
2869,2531329204759,2531329398559,79334400,480,0
2870,2531329364318,2531329498793,79334880,480,0
2871,2531329511251,2531329599365,79335360,480,0
2872,2531329511333,2531329699875,79335840,480,0
2873,2531329665456,2531329801669,79336320,480,0
2874,2531329825149,2531329896596,79336800,480,0
2875,2531329825247,2531330002443,79337280,480,0
2876,2531329982750,2531330097885,79337760,480,0
2877,2531329982816,2531330199848,79338240,480,0
2878,2531330143564,2531330299980,79338720,480,0
2879,2531330296517,2531330400013,79339200,480,0
2880,2531330296600,2531330500666,79339680,480,0
2881,2531330443932,2531330596238,79340160,480,0
2882,2531330600244,2531330701912,79340640,480,0
2883,2531330600304,2531330803124,79341120,480,0
2884,2531330755954,2531330898610,79341600,480,0
2885,2531330910965,2531330994100,79342080,480,0
2886,2531330911052,2531331100031,79342560,480,0
2887,2531331061593,2531331200435,79343040,480,0
2888,2531331216776,2531331295594,79343520,480,0
2889,2531331216842,2531331401301,79344000,480,0
2890,2531331377994,2531331496276,79344480,480,0
2891,2531331378044,2531331596940,79344960,480,0
2892,2531331544736,2531331702632,79345440,480,0
2893,2531331689946,2531331802682,79345920,480,0
2894,2531331690018,2531331898980,79346400,480,0
2895,2531331836330,2531331999082,79346880,480,0
2896,2531331991890,2531332099604,79347360,480,0
2897,2531331991968,2531332200488,79347840,480,0
2898,2531332153440,2531332300602,79348320,480,0
2899,2531332315237,2531332395412,79348800,480,0
2900,2531332315365,2531332501095,79349280,480,0
2901,2531332459969,2531332597650,79349760,480,0
2902,2531332619123,2531332693197,79350240,480,0
2903,2531332619199,2531332798625,79350720,480,0
2904,2531332780420,2531332899410,79351200,480,0
2905,2531332780467,2531332999214,79351680,480,0
2906,2531332933840,2531333099937,79352160,480,0
2907,2531333091260,2531333200328,79352640,480,0
2908,2531333091311,2531333297105,79353120,480,0
2909,2531333243558,2531333396124,79353600,480,0
2910,2531333400995,2531333501622,79354080,480,0
2911,2531333401057,2531333597318,79354560,480,0
2912,2531333559824,2531333702990,79355040,480,0
2913,2531333715955,2531333793359,79355520,480,0
2914,2531333716031,2531333898950,79356000,480,0
2915,2531333870073,2531333999466,79356480,480,0
2916,2531334026896,2531334099742,79356960,480,0
2917,2531334026955,2531334199762,79357440,480,0
2918,2531334182712,2531334300354,79357920,480,0
2919,2531334182755,2531334400974,79358400,480,0
2920,2531334337469,2531334500717,79358880,480,0
2921,2531334501851,2531334596097,79359360,480,0
2922,2531334501898,2531334701535,79359840,480,0
2923,2531334663296,2531334801761,79360320,480,0
2924,2531334819729,2531334897406,79360800,480,0
2925,2531334819803,2531334997585,79361280,480,0
2926,2531334980131,2531335097784,79361760,480,0
2927,2531334980181,2531335198261,79362240,480,0
2928,2531335134239,2531335298247,79362720,480,0
2929,2531335296185,2531335398623,79363200,480,0
2930,2531335296257,2531335498827,79363680,480,0
2931,2531335456952,2531335594234,79364160,480,0
2932,2531335609034,2531335701749,79364640,480,0
2933,2531335609132,2531335802137,79365120,480,0
2934,2531335769410,2531335897800,79365600,480,0
2935,2531335920551,2531335998438,79366080,480,0
2936,2531335920615,2531336098699,79366560,480,0
2937,2531336087878,2531336198990,79367040,480,0
2938,2531336087939,2531336299286,79367520,480,0
2939,2531336237677,2531336399605,79368000,480,0
2940,2531336396279,2531336500122,79368480,480,0
2941,2531336396331,2531336595425,79368960,480,0
2942,2531336557896,2531336701249,79369440,480,0
2943,2531336714677,2531336801819,79369920,480,0
2944,2531336714994,2531336897030,79370400,480,0
2945,2531336854340,2531337002762,79370880,480,0
2946,2531337019585,2531337093675,79371360,480,0
2947,2531337019641,2531337199249,79371840,480,0
2948,2531337181709,2531337299550,79372320,480,0
2949,2531337181775,2531337399912,79372800,480,0
2950,2531337340435,2531337500392,79373280,480,0
2951,2531337488035,2531337598579,79373760,480,0
2952,2531337488118,2531337695280,79374240,480,0
2953,2531337651825,2531337800642,79374720,480,0
2954,2531338001341,2531337896021,79375200,480,0
2955,2531338001401,2531338002122,79375680,480,0
2956,2531338001418,2531338097279,79376160,480,0
2957,2531338001437,2531338203291,79376640,480,0
2958,2531338155847,2531338298408,79377120,480,0
2959,2531338326039,2531338398804,79377600,480,0
2960,2531338326096,2531338499022,79378080,480,0
2961,2531338470643,2531338600083,79378560,480,0
2962,2531338470678,2531338695105,79379040,480,0
2963,2531338618589,2531338800773,79379520,480,0
2964,2531338774342,2531338895941,79380000,480,0
2965,2531338774392,2531339001330,79380480,480,0
2966,2531338908125,2531339096954,79380960,480,0
2967,2531339063781,2531339203214,79381440,480,0
2968,2531339224669,2531339297613,79381920,480,0
2969,2531339224731,2531339398186,79382400,480,0
2970,2531339380206,2531339498491,79382880,480,0
2971,2531339380255,2531339599132,79383360,480,0
2972,2531339538598,2531339694753,79383840,480,0
2973,2531339697774,2531339800498,79384320,480,0
2974,2531339697857,2531339895670,79384800,480,0
2975,2531339839406,2531340001104,79385280,480,0
2976,2531340004292,2531340101021,79385760,480,0
2977,2531340004356,2531340196045,79386240,480,0
2978,2531340153135,2531340301551,79386720,480,0
2979,2531340314596,2531340400450,79387200,480,0
2980,2531340314697,2531340500854,79387680,480,0
2981,2531340483223,2531340596613,79388160,480,0
2982,2531340483293,2531340698082,79388640,480,0
2983,2531340639790,2531340793541,79389120,480,0
2984,2531340791266,2531340893831,79389600,480,0
2985,2531340791322,2531341000136,79390080,480,0
2986,2531340954462,2531341095501,79390560,480,0
2987,2531341112471,2531341201559,79391040,480,0
2988,2531341112563,2531341296861,79391520,480,0
2989,2531341261414,2531341398329,79392000,480,0
2990,2531341412837,2531341499109,79392480,480,0
2991,2531341412906,2531341599893,79392960,480,0
2992,2531341561992,2531341699915,79393440,480,0
2993,2531341723590,2531341801212,79393920,480,0
2994,2531341723660,2531341896615,79394400,480,0
2995,2531341878748,2531342002538,79394880,480,0
2996,2531341878799,2531342097600,79395360,480,0
2997,2531342040024,2531342198225,79395840,480,0
2998,2531342195409,2531342298487,79396320,480,0
2999,2531342195466,2531342398901,79396800,480,0
3000,2531342361079,2531342498944,79397280,480,0
3001,2531342511063,2531342594352,79397760,480,0
3002,2531342511112,2531342700617,79398240,480,0
3003,2531342661934,2531342800945,79398720,480,0
3004,2531342823254,2531342895934,79399200,480,0
3005,2531342823334,2531343001459,79399680,480,0
3006,2531342986848,2531343097454,79400160,480,0
3007,2531342988105,2531343202848,79400640,480,0
3008,2531343136007,2531343298345,79401120,480,0
3009,2531343291179,2531343398985,79401600,480,0
3010,2531343291246,2531343499871,79402080,480,0
3011,2531343447321,2531343599812,79402560,480,0
3012,2531343598312,2531343700207,79403040,480,0
3013,2531343598378,2531343800761,79403520,480,0
3014,2531343752336,2531343896160,79404000,480,0
3015,2531343911270,2531344002952,79404480,480,0
3016,2531343911340,2531344097787,79404960,480,0
3017,2531344063546,2531344202746,79405440,480,0
3018,2531344225041,2531344298107,79405920,480,0
3019,2531344225124,2531344398219,79406400,480,0
3020,2531344381750,2531344498438,79406880,480,0
3021,2531344382025,2531344599593,79407360,480,0
3022,2531344534631,2531344700052,79407840,480,0
3023,2531344734986,2531344800746,79408320,480,0
3024,2531344735048,2531344896162,79408800,480,0
3025,2531344912813,2531345001580,79409280,480,0
3026,2531344912872,2531345096948,79409760,480,0
3027,2531345091205,2531345202949,79410240,480,0
3028,2531345091260,2531345298040,79410720,480,0
3029,2531345252658,2531345398800,79411200,480,0
3030,2531345464256,2531345499109,79411680,480,0
3031,2531345464325,2531345599618,79412160,480,0
3032,2531345664642,2531345694979,79412640,480,0
3033,2531345664723,2531345796563,79413120,480,0
3034,2531345831376,2531345901529,79413600,480,0
3035,2531345831458,2531346000481,79414080,480,0
3036,2531345923014,2531346097854,79414560,480,0
3037,2531346075830,2531346198805,79415040,480,0
3038,2531346075926,2531346298981,79415520,480,0
3039,2531346228922,2531346400819,79416000,480,0
3040,2531346381737,2531346499245,79416480,480,0
3041,2531346381795,2531346600005,79416960,480,0
3042,2531346540365,2531346695322,79417440,480,0
3043,2531346692192,2531346795960,79417920,480,0
3044,2531346692276,2531346901115,79418400,480,0
3045,2531346843820,2531346996806,79418880,480,0
3046,2531347004280,2531347096867,79419360,480,0
3047,2531347004345,2531347202808,79419840,480,0
3048,2531347154679,2531347297848,79420320,480,0
3049,2531347311094,2531347398036,79420800,480,0
3050,2531347311178,2531347499284,79421280,480,0
3051,2531347462771,2531347599763,79421760,480,0
3052,2531347616844,2531347699861,79422240,480,0
3053,2531347616914,2531347800418,79422720,480,0
3054,2531347777079,2531347895687,79423200,480,0
3055,2531347777162,2531348001567,79423680,480,0
3056,2531347924426,2531348096923,79424160,480,0
3057,2531348080695,2531348202811,79424640,480,0
3058,2531348080764,2531348298147,79425120,480,0
3059,2531348234795,2531348398742,79425600,480,0
3060,2531348392157,2531348498984,79426080,480,0
3061,2531348392198,2531348599256,79426560,480,0
3062,2531348556748,2531348699692,79427040,480,0
3063,2531348714231,2531348801776,79427520,480,0
3064,2531348714453,2531348896783,79428000,480,0
3065,2531348864440,2531348997505,79428480,480,0
3066,2531349034949,2531349098165,79428960,480,0
3067,2531349035037,2531349198308,79429440,480,0
3068,2531349193178,2531349298832,79429920,480,0
3069,2531349193233,2531349400025,79430400,480,0
3070,2531349339176,2531349500048,79430880,480,0
3071,2531349493247,2531349600466,79431360,480,0
3072,2531349493609,2531349695570,79431840,480,0
3073,2531349657448,2531349801262,79432320,480,0
3074,2531349812571,2531349897010,79432800,480,0
3075,2531349813028,2531350002880,79433280,480,0
3076,2531349972212,2531350097598,79433760,480,0
3077,2531349972288,2531350198624,79434240,480,0
3078,2531350126955,2531350298853,79434720,480,0
3079,2531350288245,2531350399354,79435200,480,0
3080,2531350288298,2531350499125,79435680,480,0
3081,2531350437436,2531350599908,79436160,480,0
3082,2531350598558,2531350695348,79436640,480,0
3083,2531350598635,2531350800931,79437120,480,0
3084,2531350752557,2531350896180,79437600,480,0
3085,2531350910087,2531351002022,79438080,480,0
3086,2531350910147,2531351097584,79438560,480,0
3087,2531351060038,2531351193552,79439040,480,0
3088,2531351215305,2531351298538,79439520,480,0
3089,2531351215355,2531351398985,79440000,480,0
3090,2531351376324,2531351499320,79440480,480,0
3091,2531351376384,2531351599970,79440960,480,0
3092,2531351533114,2531351695490,79441440,480,0
3093,2531351692440,2531351801237,79441920,480,0
3094,2531351692498,2531351896799,79442400,480,0
3095,2531351854140,2531352001779,79442880,480,0
3096,2531352012779,2531352097248,79443360,480,0
3097,2531352012835,2531352197877,79443840,480,0
3098,2531352172859,2531352297992,79444320,480,0
3099,2531352172934,2531352398748,79444800,480,0
3100,2531352336069,2531352498607,79445280,480,0
3101,2531352495748,2531352599302,79445760,480,0
3102,2531352495788,2531352699704,79446240,480,0
3103,2531352651860,2531352800572,79446720,480,0
3104,2531352813612,2531352895638,79447200,480,0
3105,2531352813690,2531353001346,79447680,480,0
3106,2531352976033,2531353096840,79448160,480,0
3107,2531352976357,2531353202560,79448640,480,0
3108,2531353129722,2531353298039,79449120,480,0
3109,2531353284902,2531353397960,79449600,480,0
3110,2531353284966,2531353493264,79450080,480,0
3111,2531353438884,2531353599405,79450560,480,0
3112,2531353598470,2531353699900,79451040,480,0
3113,2531353598652,2531353800688,79451520,480,0
3114,2531353753864,2531353895792,79452000,480,0
3115,2531353909314,2531354001451,79452480,480,0
3116,2531353909403,2531354096870,79452960,480,0
3117,2531354063591,2531354202567,79453440,480,0
3118,2531354223827,2531354297500,79453920,480,0
3119,2531354223907,2531354398426,79454400,480,0
3120,2531354381618,2531354498344,79454880,480,0
3121,2531354381665,2531354599459,79455360,480,0
3122,2531354533708,2531354699301,79455840,480,0
3123,2531354685788,2531354800701,79456320,480,0
3124,2531354685847,2531354895733,79456800,480,0
3125,2531354852097,2531355001457,79457280,480,0
3126,2531355013519,2531355101263,79457760,480,0
3127,2531355013600,2531355196219,79458240,480,0
3128,2531355153232,2531355301395,79458720,480,0
3129,2531355315289,2531355396995,79459200,480,0
3130,2531355315357,2531355502408,79459680,480,0
3131,2531355479504,2531355598167,79460160,480,0
3132,2531355479605,2531355699800,79460640,480,0
3133,2531355647759,2531355799428,79461120,480,0
3134,2531355781473,2531355900218,79461600,480,0
3135,2531355781543,2531356000384,79462080,480,0
3136,2531355936137,2531356095841,79462560,480,0
3137,2531356089371,2531356201242,79463040,480,0
3138,2531356089455,2531356296543,79463520,480,0
3139,2531356239227,2531356402561,79464000,480,0
3140,2531356398161,2531356497231,79464480,480,0
3141,2531356398196,2531356598582,79464960,480,0
3142,2531356558384,2531356698554,79465440,480,0
3143,2531356714915,2531356802482,79465920,480,0
3144,2531356714980,2531356898205,79466400,480,0
3145,2531356873052,2531356999172,79466880,480,0
3146,2531356873129,2531357099790,79467360,480,0
3147,2531357026822,2531357200599,79467840,480,0
3148,2531357189412,2531357295295,79468320,480,0
3149,2531357189469,2531357400888,79468800,480,0
3150,2531357343035,2531357496353,79469280,480,0
3151,2531357507247,2531357596693,79469760,480,0
3152,2531357507338,2531357702278,79470240,480,0
3153,2531357662457,2531357802534,79470720,480,0
3154,2531357812594,2531357898454,79471200,480,0
3155,2531357812875,2531357998836,79471680,480,0
3156,2531357960959,2531358099812,79472160,480,0
3157,2531358122930,2531358199737,79472640,480,0
3158,2531358123010,2531358300264,79473120,480,0
3159,2531358274452,2531358395409,79473600,480,0
3160,2531358274515,2531358500725,79474080,480,0
3161,2531358424846,2531358596630,79474560,480,0
3162,2531358573371,2531358702220,79475040,480,0
3163,2531358737094,2531358802561,79475520,480,0
3164,2531358737174,2531358898246,79476000,480,0
3165,2531358892565,2531358998876,79476480,480,0
3166,2531358892620,2531359099279,79476960,480,0
3167,2531359045801,2531359199825,79477440,480,0
3168,2531359204485,2531359300581,79477920,480,0
3169,2531359204558,2531359396826,79478400,480,0
3170,2531359355783,2531359501068,79478880,480,0
3171,2531359511840,2531359600419,79479360,480,0
3172,2531359511938,2531359695344,79479840,480,0
3173,2531359663945,2531359800952,79480320,480,0
3174,2531359823436,2531359898174,79480800,480,0
3175,2531359823516,2531360001596,79481280,480,0
3176,2531360103046,2531360100521,79481760,480,0
3177,2531360103106,2531360198638,79482240,480,0
3178,2531360103125,2531360298564,79482720,480,0
3179,2531360298754,2531360398784,79483200,480,0
3180,2531360298810,2531360499675,79483680,480,0
3181,2531360461932,2531360599647,79484160,480,0
3182,2531360616075,2531360695028,79484640,480,0
3183,2531360616120,2531360802084,79485120,480,0
3184,2531360779669,2531360896724,79485600,480,0
3185,2531360779731,2531361002094,79486080,480,0
3186,2531360931454,2531361098131,79486560,480,0
3187,2531361080770,2531361198516,79487040,480,0
3188,2531361080825,2531361299048,79487520,480,0
3189,2531361236474,2531361399151,79488000,480,0
3190,2531361392180,2531361499477,79488480,480,0
3191,2531361392242,2531361599883,79488960,480,0
3192,2531361559577,2531361702780,79489440,480,0
3193,2531361720070,2531361793329,79489920,480,0
3194,2531361720157,2531361899225,79490400,480,0
3195,2531361882520,2531361999592,79490880,480,0
3196,2531361882588,2531362100328,79491360,480,0
3197,2531362031946,2531362195373,79491840,480,0
3198,2531362193927,2531362301676,79492320,480,0
3199,2531362193996,2531362396252,79492800,480,0
3200,2531362354268,2531362501827,79493280,480,0
3201,2531362513646,2531362599950,79493760,480,0
3202,2531362513719,2531362702934,79494240,480,0
3203,2531362670826,2531362798665,79494720,480,0
3204,2531362671035,2531362898592,79495200,480,0
3205,2531362835986,2531362998853,79495680,480,0
3206,2531362991363,2531363099539,79496160,480,0
3207,2531362991427,2531363199714,79496640,480,0
3208,2531363151049,2531363299769,79497120,480,0
3209,2531363311968,2531363395032,79497600,480,0
3210,2531363312052,2531363500790,79498080,480,0
3211,2531363472802,2531363596280,79498560,480,0
3212,2531363630565,2531363701817,79499040,480,0
3213,2531363631116,2531363802430,79499520,480,0
3214,2531363781708,2531363897957,79500000,480,0
3215,2531363781790,2531363999012,79500480,480,0
3216,2531363937072,2531364099493,79500960,480,0
3217,2531364095978,2531364199320,79501440,480,0
3218,2531364096037,2531364299728,79501920,480,0
3219,2531364251456,2531364400541,79502400,480,0
3220,2531364411218,2531364502687,79502880,480,0
3221,2531364411300,2531364598949,79503360,480,0
3222,2531364562768,2531364699201,79503840,480,0
3223,2531364716049,2531364799399,79504320,480,0
3224,2531364716128,2531364899437,79504800,480,0
3225,2531364877247,2531365000019,79505280,480,0
3226,2531364877332,2531365095341,79505760,480,0
3227,2531365036830,2531365200954,79506240,480,0
3228,2531365198071,2531365296483,79506720,480,0
3229,2531365198108,2531365401572,79507200,480,0
3230,2531365354076,2531365497446,79507680,480,0
3231,2531365502923,2531365597551,79508160,480,0
3232,2531365502978,2531365702352,79508640,480,0
3233,2531365659250,2531365793078,79509120,480,0
3234,2531365812324,2531365898842,79509600,480,0
3235,2531365812394,2531365999626,79510080,480,0
3236,2531365968084,2531366100743,79510560,480,0
3237,2531365968696,2531366195042,79511040,480,0
3238,2531366129778,2531366300468,79511520,480,0
3239,2531366283708,2531366395722,79512000,480,0
3240,2531366283778,2531366501117,79512480,480,0
3241,2531366434000,2531366596683,79512960,480,0
3242,2531366590848,2531366702427,79513440,480,0
3243,2531366590906,2531366803065,79513920,480,0
3244,2531366740683,2531366893516,79514400,480,0
3245,2531366896573,2531366999885,79514880,480,0
3246,2531366896630,2531367095285,79515360,480,0
3247,2531367051453,2531367200995,79515840,480,0
3248,2531367207592,2531367296172,79516320,480,0
3249,2531367207659,2531367401443,79516800,480,0
3250,2531367365642,2531367496537,79517280,480,0
3251,2531367523852,2531367597082,79517760,480,0
3252,2531367523903,2531367702588,79518240,480,0
3253,2531367675244,2531367792803,79518720,480,0
3254,2531367675318,2531367898466,79519200,480,0
3255,2531367835451,2531368001689,79519680,480,0
3256,2531367990507,2531368099212,79520160,480,0
3257,2531367990561,2531368199504,79520640,480,0
3258,2531368152419,2531368299848,79521120,480,0
3259,2531368302814,2531368395009,79521600,480,0
3260,2531368302906,2531368500598,79522080,480,0
3261,2531368457089,2531368596434,79522560,480,0
3262,2531368610111,2531368701383,79523040,480,0
3263,2531368610176,2531368801847,79523520,480,0
3264,2531368765751,2531368897085,79524000,480,0
3265,2531368920212,2531369003158,79524480,480,0
3266,2531368920279,2531369098618,79524960,480,0
3267,2531369069453,2531369199015,79525440,480,0
3268,2531369225742,2531369299133,79525920,480,0
3269,2531369225820,2531369399198,79526400,480,0
3270,2531369383718,2531369500156,79526880,480,0
3271,2531369383788,2531369600182,79527360,480,0
3272,2531369535821,2531369695359,79527840,480,0
3273,2531369692743,2531369800920,79528320,480,0
3274,2531369692792,2531369896018,79528800,480,0
3275,2531369852682,2531370001641,79529280,480,0
3276,2531370012179,2531370097776,79529760,480,0
3277,2531370012251,2531370192954,79530240,480,0
3278,2531370161214,2531370298965,79530720,480,0
3279,2531370326260,2531370399361,79531200,480,0
3280,2531370326346,2531370499348,79531680,480,0
3281,2531370481136,2531370601062,79532160,480,0
3282,2531370481221,2531370695727,79532640,480,0
3283,2531370629214,2531370801187,79533120,480,0
3284,2531370784224,2531370896435,79533600,480,0
3285,2531370784438,2531371001975,79534080,480,0
3286,2531370935917,2531371097700,79534560,480,0
3287,2531371090014,2531371198251,79535040,480,0
3288,2531371090078,2531371298975,79535520,480,0
3289,2531371247094,2531371398800,79536000,480,0
3290,2531371403580,2531371498983,79536480,480,0
3291,2531371403658,2531371600119,79536960,480,0
3292,2531371552283,2531371700646,79537440,480,0
3293,2531371724462,2531371800810,79537920,480,0
3294,2531371724535,2531371896207,79538400,480,0
3295,2531371869888,2531372001711,79538880,480,0
3296,2531371869955,2531372097498,79539360,480,0
3297,2531372024576,2531372193272,79539840,480,0
3298,2531372186971,2531372298723,79540320,480,0
3299,2531372187034,2531372398956,79540800,480,0
3300,2531372349514,2531372499353,79541280,480,0
3301,2531372502314,2531372600140,79541760,480,0
3302,2531372502392,2531372696010,79542240,480,0
3303,2531372652494,2531372801443,79542720,480,0
3304,2531372814043,2531372896590,79543200,480,0
3305,2531372814112,2531373002106,79543680,480,0
3306,2531372974597,2531373097936,79544160,480,0
3307,2531372974897,2531373198430,79544640,480,0
3308,2531373125150,2531373298386,79545120,480,0
3309,2531373282430,2531373399059,79545600,480,0
3310,2531373282497,2531373498922,79546080,480,0
3311,2531373440190,2531373600432,79546560,480,0
3312,2531373592592,2531373701061,79547040,480,0
3313,2531373592700,2531373800401,79547520,480,0
3314,2531373744194,2531373896000,79548000,480,0
3315,2531373898290,2531374001663,79548480,480,0
3316,2531373898364,2531374097044,79548960,480,0
3317,2531374059851,2531374202728,79549440,480,0
3318,2531374208319,2531374298084,79549920,480,0
3319,2531374208403,2531374398476,79550400,480,0
3320,2531374365339,2531374498690,79550880,480,0
3321,2531374572360,2531374599700,79551360,480,0
3322,2531374572431,2531374699726,79551840,480,0
3323,2531374662215,2531374801513,79552320,480,0
3324,2531374823977,2531374896436,79552800,480,0
3325,2531374824039,2531375001975,79553280,480,0
3326,2531374981123,2531375097815,79553760,480,0
3327,2531374981203,2531375198739,79554240,480,0
3328,2531375138322,2531375298526,79554720,480,0
3329,2531375297080,2531375399053,79555200,480,0
3330,2531375297153,2531375499476,79555680,480,0
3331,2531375450569,2531375599817,79556160,480,0
3332,2531375611645,2531375700211,79556640,480,0
3333,2531375611706,2531375800864,79557120,480,0
3334,2531375764077,2531375896281,79557600,480,0
3335,2531375920599,2531376001543,79558080,480,0
3336,2531375920689,2531376097752,79558560,480,0
3337,2531376080480,2531376202766,79559040,480,0
3338,2531376080544,2531376298674,79559520,480,0
3339,2531376235869,2531376399117,79560000,480,0
3340,2531376392120,2531376499035,79560480,480,0
3341,2531376392307,2531376599528,79560960,480,0
3342,2531376557720,2531376702384,79561440,480,0
3343,2531376719508,2531376793233,79561920,480,0
3344,2531376719577,2531376898705,79562400,480,0
3345,2531376873771,2531376999551,79562880,480,0
3346,2531376873818,2531377099461,79563360,480,0
3347,2531377027956,2531377200001,79563840,480,0
3348,2531377182510,2531377300228,79564320,480,0
3349,2531377182568,2531377395119,79564800,480,0
3350,2531377337259,2531377500748,79565280,480,0
3351,2531377493679,2531377597976,79565760,480,0
3352,2531377493757,2531377698184,79566240,480,0
3353,2531377655209,2531377799138,79566720,480,0
3354,2531377813759,2531377894442,79567200,480,0
3355,2531377813833,2531378001578,79567680,480,0
3356,2531377966879,2531378096391,79568160,480,0
3357,2531378126102,2531378202164,79568640,480,0
3358,2531378126194,2531378298482,79569120,480,0
3359,2531378283546,2531378397810,79569600,480,0
3360,2531378284188,2531378499109,79570080,480,0
3361,2531378437745,2531378599293,79570560,480,0
3362,2531378587075,2531378699465,79571040,480,0
3363,2531378587125,2531378800264,79571520,480,0
3364,2531378743900,2531378895235,79572000,480,0
3365,2531378899127,2531379001095,79572480,480,0
3366,2531378899200,2531379096773,79572960,480,0
3367,2531379054266,2531379202665,79573440,480,0
3368,2531379208793,2531379297480,79573920,480,0
3369,2531379208858,2531379398226,79574400,480,0
3370,2531379354355,2531379498315,79574880,480,0
3371,2531379509733,2531379593808,79575360,480,0
3372,2531379509834,2531379699204,79575840,480,0
3373,2531379664307,2531379799567,79576320,480,0
3374,2531379815952,2531379900070,79576800,480,0
3375,2531379816033,2531380001064,79577280,480,0
3376,2531379963681,2531380096752,79577760,480,0
3377,2531380130512,2531380205508,79578240,480,0
3378,2531380130599,2531380298196,79578720,480,0
3379,2531380280389,2531380398279,79579200,480,0
3380,2531380280466,2531380498500,79579680,480,0
3381,2531380437525,2531380599636,79580160,480,0
3382,2531380591094,2531380700580,79580640,480,0
3383,2531380591136,2531380801423,79581120,480,0
3384,2531380854642,2531380896874,79581600,480,0
3385,2531380854709,2531381002229,79582080,480,0
3386,2531381120196,2531381099448,79582560,480,0
3387,2531381120276,2531381201394,79583040,480,0
3388,2531381120296,2531381299882,79583520,480,0
3389,2531381317556,2531381400360,79584000,480,0
3390,2531381317619,2531381501458,79584480,480,0
3391,2531381532127,2531381597777,79584960,480,0
3392,2531381532180,2531381698411,79585440,480,0
3393,2531381681095,2531381799153,79585920,480,0
3394,2531381681162,2531381899405,79586400,480,0
3395,2531381836337,2531381999551,79586880,480,0
3396,2531382003185,2531382101409,79587360,480,0
3397,2531382003242,2531382195293,79587840,480,0
3398,2531382154396,2531382300967,79588320,480,0
3399,2531382371389,2531382397149,79588800,480,0
3400,2531382371453,2531382502047,79589280,480,0
3401,2531382371468,2531382597707,79589760,480,0
3402,2531382627334,2531382698825,79590240,480,0
3403,2531382627427,2531382799086,79590720,480,0
3404,2531382781529,2531382900210,79591200,480,0
3405,2531382781611,2531382999559,79591680,480,0
3406,2531382934328,2531383100792,79592160,480,0
3407,2531383089501,2531383200799,79592640,480,0
3408,2531383089564,2531383295851,79593120,480,0
3409,2531383253863,2531383401664,79593600,480,0
3410,2531383409992,2531383496801,79594080,480,0
3411,2531383410089,2531383597938,79594560,480,0
3412,2531383559826,2531383697875,79595040,480,0
3413,2531383716190,2531383798161,79595520,480,0
3414,2531383716606,2531383899069,79596000,480,0
3415,2531383877274,2531383999170,79596480,480,0
3416,2531383877357,2531384100580,79596960,480,0
3417,2531384027904,2531384199905,79597440,480,0
3418,2531384183815,2531384300241,79597920,480,0
3419,2531384183872,2531384395527,79598400,480,0
3420,2531384341008,2531384501483,79598880,480,0
3421,2531384490422,2531384599898,79599360,480,0
3422,2531384490470,2531384699661,79599840,480,0
3423,2531384647275,2531384800461,79600320,480,0
3424,2531384802032,2531384900179,79600800,480,0
3425,2531384802108,2531385000624,79601280,480,0
3426,2531384956194,2531385096765,79601760,480,0
3427,2531385111682,2531385202136,79602240,480,0
3428,2531385111782,2531385302314,79602720,480,0
3429,2531385261396,2531385398294,79603200,480,0
3430,2531385421322,2531385498696,79603680,480,0
3431,2531385421527,2531385599432,79604160,480,0
3432,2531385587178,2531385701062,79604640,480,0
3433,2531385587228,2531385800037,79605120,480,0
3434,2531385745115,2531385895284,79605600,480,0
3435,2531385899651,2531386001311,79606080,480,0
3436,2531385899756,2531386096540,79606560,480,0
3437,2531386052883,2531386203010,79607040,480,0
3438,2531386204583,2531386297493,79607520,480,0
3439,2531386204647,2531386398246,79608000,480,0
3440,2531386361553,2531386500293,79608480,480,0
3441,2531386515030,2531386600561,79608960,480,0
3442,2531386515095,2531386700268,79609440,480,0
3443,2531386670813,2531386800488,79609920,480,0
3444,2531386670876,2531386895279,79610400,480,0
3445,2531386838568,2531387001121,79610880,480,0
3446,2531386991046,2531387099293,79611360,480,0
3447,2531386991104,2531387200171,79611840,480,0
3448,2531387146562,2531387300041,79612320,480,0
3449,2531387303862,2531387400150,79612800,480,0
3450,2531387303952,2531387501119,79613280,480,0
3451,2531387454830,2531387597197,79613760,480,0
3452,2531387617829,2531387702601,79614240,480,0
3453,2531387617906,2531387802470,79614720,480,0
3454,2531387762412,2531387898074,79615200,480,0
3455,2531387921891,2531387999463,79615680,480,0
3456,2531387921960,2531388099932,79616160,480,0
3457,2531388072568,2531388200266,79616640,480,0
3458,2531388072675,2531388300144,79617120,480,0
3459,2531388231799,2531388395262,79617600,480,0
3460,2531388388255,2531388500906,79618080,480,0
3461,2531388388309,2531388596089,79618560,480,0
3462,2531388543531,2531388701581,79619040,480,0
3463,2531388706514,2531388801773,79619520,480,0
3464,2531388706596,2531388896918,79620000,480,0
3465,2531388860352,2531389002617,79620480,480,0
3466,2531389018469,2531389098696,79620960,480,0
3467,2531389018514,2531389199838,79621440,480,0
3468,2531389170588,2531389300102,79621920,480,0
3469,2531389324578,2531389400267,79622400,480,0
3470,2531389324666,2531389501392,79622880,480,0
3471,2531389474855,2531389597394,79623360,480,0
3472,2531389633691,2531389703129,79623840,480,0
3473,2531389633773,2531389793807,79624320,480,0
3474,2531389792849,2531389899665,79624800,480,0
3475,2531389792916,2531389999491,79625280,480,0
3476,2531389958189,2531390095416,79625760,480,0
3477,2531390105014,2531390204118,79626240,480,0
3478,2531390105061,2531390296406,79626720,480,0
3479,2531390263826,2531390402419,79627200,480,0
3480,2531390421987,2531390497218,79627680,480,0
3481,2531390422060,2531390598150,79628160,480,0
3482,2531390571387,2531390698734,79628640,480,0
3483,2531390728749,2531390800319,79629120,480,0
3484,2531390728813,2531390899473,79629600,480,0
3485,2531390883006,2531390999570,79630080,480,0
3486,2531390883076,2531391100417,79630560,480,0
3487,2531391043503,2531391195719,79631040,480,0
3488,2531391193865,2531391301112,79631520,480,0
3489,2531391193952,2531391396669,79632000,480,0
3490,2531391355701,2531391502062,79632480,480,0
3491,2531391514428,2531391598918,79632960,480,0
3492,2531391514534,2531391694178,79633440,480,0
3493,2531391672832,2531391798919,79633920,480,0
3494,2531391672908,2531391898952,79634400,480,0
3495,2531391836709,2531391999972,79634880,480,0
3496,2531391996128,2531392100087,79635360,480,0
3497,2531391996197,2531392195317,79635840,480,0
3498,2531392151833,2531392301095,79636320,480,0
3499,2531392317505,2531392396855,79636800,480,0
3500,2531392317583,2531392501816,79637280,480,0
3501,2531392477425,2531392597773,79637760,480,0
3502,2531392477498,2531392703013,79638240,480,0
3503,2531392634091,2531392798223,79638720,480,0
3504,2531392790440,2531392898375,79639200,480,0
3505,2531392790497,2531392998748,79639680,480,0
3506,2531392957415,2531393099926,79640160,480,0
3507,2531393107748,2531393199048,79640640,480,0
3508,2531393107815,2531393299020,79641120,480,0
3509,2531393263630,2531393399290,79641600,480,0
3510,2531393422693,2531393500049,79642080,480,0
3511,2531393422771,2531393600314,79642560,480,0
3512,2531393574978,2531393695465,79643040,480,0
3513,2531393575053,2531393800745,79643520,480,0
3514,2531393733033,2531393896023,79644000,480,0
3515,2531393887987,2531394001486,79644480,480,0
3516,2531393888039,2531394097847,79644960,480,0
3517,2531394054515,2531394202237,79645440,480,0
3518,2531394214410,2531394297478,79645920,480,0
3519,2531394214743,2531394398209,79646400,480,0
3520,2531394374598,2531394498430,79646880,480,0
3521,2531394374659,2531394599113,79647360,480,0
3522,2531394525021,2531394694388,79647840,480,0
3523,2531394686522,2531394799776,79648320,480,0
3524,2531394686577,2531394899943,79648800,480,0
3525,2531394852959,2531395000863,79649280,480,0
3526,2531395008077,2531395096137,79649760,480,0
3527,2531395008117,2531395201487,79650240,480,0
3528,2531395165741,2531395297174,79650720,480,0
3529,2531395323120,2531395400429,79651200,480,0
3530,2531395323164,2531395501264,79651680,480,0
3531,2531395473497,2531395597284,79652160,480,0
3532,2531395635810,2531395702891,79652640,480,0
3533,2531395635909,2531395798345,79653120,480,0
3534,2531395800038,2531395899115,79653600,480,0
3535,2531395800089,2531395998740,79654080,480,0
3536,2531395949154,2531396100164,79654560,480,0
3537,2531396106585,2531396200303,79655040,480,0
3538,2531396106656,2531396295633,79655520,480,0
3539,2531396263109,2531396401147,79656000,480,0
3540,2531396425739,2531396496540,79656480,480,0
3541,2531396425809,2531396597930,79656960,480,0
3542,2531396576806,2531396703002,79657440,480,0
3543,2531396576917,2531396793100,79657920,480,0
3544,2531396732404,2531396893823,79658400,480,0
3545,2531396890219,2531396999898,79658880,480,0
3546,2531396890279,2531397095600,79659360,480,0
3547,2531397040182,2531397201945,79659840,480,0
3548,2531397199713,2531397296805,79660320,480,0
3549,2531397199774,2531397402130,79660800,480,0
3550,2531397357925,2531397496959,79661280,480,0
3551,2531397514449,2531397597895,79661760,480,0
3552,2531397514532,2531397693671,79662240,480,0
3553,2531397669601,2531397798815,79662720,480,0
3554,2531397839583,2531397898958,79663200,480,0
3555,2531397839665,2531397999666,79663680,480,0
3556,2531397997045,2531398100042,79664160,480,0
3557,2531397997240,2531398195218,79664640,480,0
3558,2531398152402,2531398300961,79665120,480,0
3559,2531398303216,2531398395829,79665600,480,0
3560,2531398303257,2531398501385,79666080,480,0
3561,2531398459683,2531398597107,79666560,480,0
3562,2531398615060,2531398702270,79667040,480,0
3563,2531398615137,2531398798126,79667520,480,0
3564,2531398771319,2531398898334,79668000,480,0
3565,2531398771367,2531398998507,79668480,480,0
3566,2531398920176,2531399099078,79668960,480,0
3567,2531399073506,2531399199333,79669440,480,0
3568,2531399073558,2531399299494,79669920,480,0
3569,2531399226923,2531399399612,79670400,480,0
3570,2531399379309,2531399500535,79670880,480,0
3571,2531399379358,2531399595488,79671360,480,0
3572,2531399538677,2531399700974,79671840,480,0
3573,2531399684789,2531399801709,79672320,480,0
3574,2531399684830,2531399896853,79672800,480,0
3575,2531399839002,2531400002838,79673280,480,0
3576,2531399991428,2531400099786,79673760,480,0
3577,2531399991468,2531400199748,79674240,480,0
3578,2531400143169,2531400295106,79674720,480,0
3579,2531400296875,2531400400828,79675200,480,0
3580,2531400296930,2531400496052,79675680,480,0
3581,2531400452910,2531400596142,79676160,480,0
3582,2531400609450,2531400701722,79676640,480,0
3583,2531400609517,2531400802109,79677120,480,0
3584,2531400760554,2531400897643,79677600,480,0
3585,2531400922862,2531400998842,79678080,480,0
3586,2531400922923,2531401099574,79678560,480,0
3587,2531401077568,2531401199964,79679040,480,0
3588,2531401077618,2531401295830,79679520,480,0
3589,2531401237528,2531401400535,79680000,480,0
3590,2531401398370,2531401495740,79680480,480,0
3591,2531401398412,2531401596404,79680960,480,0
3592,2531401554825,2531401702056,79681440,480,0
3593,2531401711685,2531401797196,79681920,480,0
3594,2531401711746,2531401898442,79682400,480,0
3595,2531401862321,2531401999307,79682880,480,0
3596,2531402032299,2531402099666,79683360,480,0
3597,2531402032378,2531402201259,79683840,480,0
3598,2531402177917,2531402296992,79684320,480,0
3599,2531402177978,2531402402111,79684800,480,0
3600,2531402330958,2531402497574,79685280,480,0
3601,2531402556241,2531402599873,79685760,480,0
3602,2531402556289,2531402699151,79686240,480,0
3603,2531402992204,2531402799588,79686720,480,0
3604,2531402992256,2531402900103,79687200,480,0
3605,2531402992275,2531403000260,79687680,480,0
3606,2531402992292,2531403096423,79688160,480,0
3607,2531402992312,2531403202094,79688640,480,0
3608,2531403196072,2531403297577,79689120,480,0
3609,2531403196135,2531403398421,79689600,480,0
3610,2531403305855,2531403493587,79690080,480,0
3611,2531403605596,2531403599835,79690560,480,0
3612,2531403605663,2531403695712,79691040,480,0
3613,2531403605677,2531403800828,79691520,480,0
3614,2531403723796,2531403896278,79692000,480,0
3615,2531403875607,2531404002476,79692480,480,0
3616,2531403875699,2531404097457,79692960,480,0
3617,2531404026768,2531404198148,79693440,480,0
3618,2531404183983,2531404299545,79693920,480,0
3619,2531404184031,2531404399061,79694400,480,0
3620,2531404351110,2531404498997,79694880,480,0
3621,2531404505800,2531404599809,79695360,480,0
3622,2531404505908,2531404699787,79695840,480,0
3623,2531404662896,2531404800358,79696320,480,0
3624,2531404829852,2531404896372,79696800,480,0
3625,2531404829937,2531405001423,79697280,480,0
3626,2531404980001,2531405097527,79697760,480,0
3627,2531404980062,2531405198127,79698240,480,0
3628,2531405136958,2531405298338,79698720,480,0
3629,2531405290821,2531405398872,79699200,480,0
3630,2531405290899,2531405499527,79699680,480,0
3631,2531405451033,2531405599953,79700160,480,0
3632,2531405607886,2531405700499,79700640,480,0
3633,2531405607936,2531405801012,79701120,480,0
3634,2531405758245,2531405895866,79701600,480,0
3635,2531405913679,2531406001568,79702080,480,0
3636,2531405913745,2531406098415,79702560,480,0
3637,2531406080303,2531406198277,79703040,480,0
3638,2531406080345,2531406298700,79703520,480,0
3639,2531406233037,2531406399432,79704000,480,0
3640,2531406389712,2531406499264,79704480,480,0
3641,2531406390038,2531406600205,79704960,480,0
3642,2531406553287,2531406700814,79705440,480,0
3643,2531406694738,2531406800843,79705920,480,0
3644,2531406694809,2531406896363,79706400,480,0
3645,2531406858750,2531407001762,79706880,480,0
3646,2531407018172,2531407097547,79707360,480,0
3647,2531407018230,2531407198207,79707840,480,0
3648,2531407175028,2531407298695,79708320,480,0
3649,2531407175088,2531407398970,79708800,480,0
3650,2531407340583,2531407499082,79709280,480,0
3651,2531407490799,2531407599839,79709760,480,0
3652,2531407490855,2531407700078,79710240,480,0
3653,2531407656764,2531407803386,79710720,480,0
3654,2531407812005,2531407899943,79711200,480,0
3655,2531407812080,2531408000062,79711680,480,0
3656,2531407963680,2531408096907,79712160,480,0
3657,2531408125698,2531408202382,79712640,480,0
3658,2531408125782,2531408300550,79713120,480,0
3659,2531408282290,2531408398126,79713600,480,0
3660,2531408282362,2531408498572,79714080,480,0
3661,2531408436178,2531408599033,79714560,480,0
3662,2531408596810,2531408699288,79715040,480,0
3663,2531408596881,2531408799619,79715520,480,0
3664,2531408755730,2531408899927,79716000,480,0
3665,2531408907993,2531409000210,79716480,480,0
3666,2531408908047,2531409096092,79716960,480,0
3667,2531409062969,2531409201662,79717440,480,0
3668,2531409219329,2531409296690,79717920,480,0
3669,2531409219426,2531409397854,79718400,480,0
3670,2531409382933,2531409498454,79718880,480,0
3671,2531409383003,2531409599095,79719360,480,0
3672,2531409543718,2531409699896,79719840,480,0
3673,2531409687047,2531409799881,79720320,480,0
3674,2531409687128,2531409900316,79720800,480,0
3675,2531409854044,2531410001303,79721280,480,0
3676,2531410016175,2531410096720,79721760,480,0
3677,2531410016259,2531410202734,79722240,480,0
3678,2531410171409,2531410303382,79722720,480,0
3679,2531410171512,2531410394004,79723200,480,0
3680,2531410324771,2531410502623,79723680,480,0
3681,2531410487187,2531410599505,79724160,480,0
3682,2531410487243,2531410699540,79724640,480,0
3683,2531410636325,2531410799681,79725120,480,0
3684,2531410792558,2531410900364,79725600,480,0
3685,2531410792616,2531411000055,79726080,480,0
3686,2531410944240,2531411096100,79726560,480,0
3687,2531411100506,2531411198043,79727040,480,0
3688,2531411100564,2531411302325,79727520,480,0
3689,2531411255221,2531411398304,79728000,480,0
3690,2531411414108,2531411493851,79728480,480,0
3691,2531411414198,2531411599227,79728960,480,0
3692,2531411561238,2531411699895,79729440,480,0
3693,2531411710932,2531411800015,79729920,480,0
3694,2531411711007,2531411895398,79730400,480,0
3695,2531411864551,2531412000854,79730880,480,0
3696,2531412021914,2531412096695,79731360,480,0
3697,2531412022033,2531412202380,79731840,480,0
3698,2531412170705,2531412298526,79732320,480,0
3699,2531412323457,2531412398820,79732800,480,0
3700,2531412323551,2531412498789,79733280,480,0
3701,2531412472532,2531412599573,79733760,480,0
3702,2531412626989,2531412700151,79734240,480,0
3703,2531412627063,2531412800018,79734720,480,0
3704,2531412782128,2531412895171,79735200,480,0
3705,2531412782195,2531413000833,79735680,480,0
3706,2531412942962,2531413096247,79736160,480,0
3707,2531413103413,2531413201429,79736640,480,0
3708,2531413103457,2531413297002,79737120,480,0
3709,2531413259822,2531413397257,79737600,480,0
3710,2531413410899,2531413498057,79738080,480,0
3711,2531413410975,2531413598974,79738560,480,0
3712,2531413574824,2531413699143,79739040,480,0
3713,2531413574886,2531413800213,79739520,480,0
3714,2531413727458,2531413899814,79740000,480,0
3715,2531413877319,2531413999963,79740480,480,0
3716,2531413877363,2531414095523,79740960,480,0
3717,2531414037517,2531414201113,79741440,480,0
3718,2531414199383,2531414296050,79741920,480,0
3719,2531414199446,2531414401728,79742400,480,0
3720,2531414358262,2531414497261,79742880,480,0
3721,2531414503643,2531414597532,79743360,480,0
3722,2531414503708,2531414698017,79743840,480,0
3723,2531414662183,2531414798466,79744320,480,0
3724,2531414826862,2531414898797,79744800,480,0
3725,2531414826940,2531414999088,79745280,480,0
3726,2531414982064,2531415099965,79745760,480,0
3727,2531414982130,2531415200479,79746240,480,0
3728,2531415139773,2531415300266,79746720,480,0
3729,2531415293897,2531415395279,79747200,480,0
3730,2531415293944,2531415500938,79747680,480,0
3731,2531415442510,2531415596887,79748160,480,0
3732,2531415604500,2531415702269,79748640,480,0
3733,2531415604582,2531415797674,79749120,480,0
3734,2531415760768,2531415898276,79749600,480,0
3735,2531415911046,2531415998489,79750080,480,0
3736,2531415911107,2531416099122,79750560,480,0
3737,2531416073243,2531416199885,79751040,480,0
3738,2531416073322,2531416300032,79751520,480,0
3739,2531416226757,2531416400314,79752000,480,0
3740,2531416377959,2531416501187,79752480,480,0
3741,2531416378383,2531416596689,79752960,480,0
3742,2531416540528,2531416702505,79753440,480,0
3743,2531416696900,2531416798191,79753920,480,0
3744,2531416697002,2531416898351,79754400,480,0
3745,2531416855775,2531416998619,79754880,480,0
3746,2531417016038,2531417100673,79755360,480,0
3747,2531417016098,2531417195668,79755840,480,0
3748,2531417165888,2531417301260,79756320,480,0
3749,2531417327436,2531417396773,79756800,480,0
3750,2531417327514,2531417502253,79757280,480,0
3751,2531417484570,2531417597798,79757760,480,0
3752,2531417484636,2531417693654,79758240,480,0
3753,2531417646045,2531417799665,79758720,480,0
3754,2531417803330,2531417899465,79759200,480,0
3755,2531417803395,2531417999976,79759680,480,0
3756,2531417955302,2531418095726,79760160,480,0
3757,2531418108867,2531418201334,79760640,480,0
3758,2531418108939,2531418301660,79761120,480,0
3759,2531418265804,2531418396852,79761600,480,0
3760,2531418420607,2531418502285,79762080,480,0
3761,2531418420677,2531418598812,79762560,480,0
3762,2531418587009,2531418699622,79763040,480,0
3763,2531418587052,2531418799930,79763520,480,0
3764,2531418743315,2531418895109,79764000,480,0
3765,2531418898146,2531419001809,79764480,480,0
3766,2531418898197,2531419096147,79764960,480,0
3767,2531419054369,2531419201479,79765440,480,0
3768,2531419220070,2531419297056,79765920,480,0
3769,2531419220120,2531419398150,79766400,480,0
3770,2531419370930,2531419499161,79766880,480,0
3771,2531419521575,2531419601823,79767360,480,0
3772,2531419521687,2531419701091,79767840,480,0
3773,2531419684854,2531419801170,79768320,480,0
3774,2531419684922,2531419896694,79768800,480,0
3775,2531419848207,2531420001888,79769280,480,0
3776,2531419999221,2531420096419,79769760,480,0
3777,2531419999305,2531420202202,79770240,480,0
3778,2531420164114,2531420297291,79770720,480,0
3779,2531420313059,2531420400035,79771200,480,0
3780,2531420313132,2531420499675,79771680,480,0
3781,2531420475090,2531420599763,79772160,480,0
3782,2531420475160,2531420700876,79772640,480,0
3783,2531420629500,2531420801174,79773120,480,0
3784,2531420784575,2531420896586,79773600,480,0
3785,2531420784649,2531421002298,79774080,480,0
3786,2531420947080,2531421097666,79774560,480,0
3787,2531421096738,2531421199346,79775040,480,0
3788,2531421096806,2531421298458,79775520,480,0
3789,2531421256134,2531421400262,79776000,480,0
3790,2531421412227,2531421494216,79776480,480,0
3791,2531421412302,2531421600091,79776960,480,0
3792,2531421573058,2531421700823,79777440,480,0
3793,2531421735770,2531421801114,79777920,480,0
3794,2531421735845,2531421896588,79778400,480,0
3795,2531421890483,2531422002258,79778880,480,0
3796,2531421890531,2531422098143,79779360,480,0
3797,2531422049481,2531422198462,79779840,480,0
3798,2531422204955,2531422298987,79780320,480,0
3799,2531422205044,2531422399232,79780800,480,0
3800,2531422362741,2531422499543,79781280,480,0
3801,2531422516327,2531422600345,79781760,480,0
3802,2531422516407,2531422695759,79782240,480,0
3803,2531422676430,2531422796235,79782720,480,0
3804,2531422676494,2531422901985,79783200,480,0
3805,2531422830909,2531422997306,79783680,480,0
3806,2531422980968,2531423098279,79784160,480,0
3807,2531422981023,2531423198880,79784640,480,0
3808,2531423135736,2531423299427,79785120,480,0
3809,2531423295723,2531423399598,79785600,480,0
3810,2531423295903,2531423499080,79786080,480,0
3811,2531423449412,2531423599977,79786560,480,0
3812,2531423603761,2531423700213,79787040,480,0
3813,2531423603821,2531423801322,79787520,480,0
3814,2531423755205,2531423896106,79788000,480,0
3815,2531423910655,2531424001957,79788480,480,0
3816,2531423910730,2531424097575,79788960,480,0
3817,2531424188934,2531424193581,79789440,480,0
3818,2531424188983,2531424299128,79789920,480,0
3819,2531424189002,2531424399706,79790400,480,0
3820,2531424397431,2531424499828,79790880,480,0
3821,2531424397484,2531424595421,79791360,480,0
3822,2531424578007,2531424703221,79791840,480,0
3823,2531424578058,2531424801554,79792320,480,0
3824,2531424718720,2531424896797,79792800,480,0
3825,2531424900067,2531425002632,79793280,480,0
3826,2531424900127,2531425096370,79793760,480,0
3827,2531424998081,2531425201808,79794240,480,0
3828,2531425151410,2531425297254,79794720,480,0
3829,2531425301971,2531425397829,79795200,480,0
3830,2531425302049,2531425499228,79795680,480,0
3831,2531425455578,2531425600374,79796160,480,0
3832,2531425614889,2531425699810,79796640,480,0
3833,2531425615089,2531425800837,79797120,480,0
3834,2531425780741,2531425896223,79797600,480,0
3835,2531425780835,2531426001705,79798080,480,0
3836,2531425924304,2531426097477,79798560,480,0
3837,2531426083994,2531426198544,79799040,480,0
3838,2531426084057,2531426298874,79799520,480,0
3839,2531426235300,2531426398879,79800000,480,0
3840,2531426391882,2531426499599,79800480,480,0
3841,2531426391938,2531426599832,79800960,480,0
3842,2531426552682,2531426700829,79801440,480,0
3843,2531426707523,2531426796022,79801920,480,0
3844,2531426707608,2531426902591,79802400,480,0
3845,2531426865359,2531426996974,79802880,480,0
3846,2531427013663,2531427098881,79803360,480,0
3847,2531427013733,2531427198257,79803840,480,0
3848,2531427170917,2531427298520,79804320,480,0
3849,2531427334941,2531427399340,79804800,480,0
3850,2531427335029,2531427499404,79805280,480,0
3851,2531427493396,2531427600488,79805760,480,0
3852,2531427493457,2531427701669,79806240,480,0
3853,2531427660329,2531427801825,79806720,480,0
3854,2531427814348,2531427896804,79807200,480,0
3855,2531427814418,2531428003123,79807680,480,0
3856,2531427969954,2531428099158,79808160,480,0
3857,2531428127439,2531428199493,79808640,480,0
3858,2531428127501,2531428301776,79809120,480,0
3859,2531428284547,2531428400041,79809600,480,0
3860,2531428284601,2531428500897,79810080,480,0
3861,2531428433047,2531428596763,79810560,480,0
3862,2531428588272,2531428702127,79811040,480,0
3863,2531428588326,2531428802665,79811520,480,0
3864,2531428743687,2531428898333,79812000,480,0
3865,2531428899697,2531428998418,79812480,480,0
3866,2531428899748,2531429099277,79812960,480,0
3867,2531429056540,2531429199705,79813440,480,0
3868,2531429208048,2531429294693,79813920,480,0
3869,2531429208136,2531429400435,79814400,480,0
3870,2531429365033,2531429495859,79814880,480,0
3871,2531429513054,2531429596647,79815360,480,0
3872,2531429513114,2531429702474,79815840,480,0
3873,2531429670525,2531429797441,79816320,480,0
3874,2531429820519,2531429898532,79816800,480,0
3875,2531429820598,2531429998416,79817280,480,0
3876,2531429973410,2531430099659,79817760,480,0
3877,2531429973473,2531430199602,79818240,480,0
3878,2531430127620,2531430300395,79818720,480,0
3879,2531430285090,2531430400585,79819200,480,0
3880,2531430285145,2531430501137,79819680,480,0
3881,2531430437592,2531430596938,79820160,480,0
3882,2531430590722,2531430703378,79820640,480,0
3883,2531430590794,2531430798367,79821120,480,0
3884,2531430745469,2531430898692,79821600,480,0
3885,2531430901331,2531430998788,79822080,480,0
3886,2531430901388,2531431099650,79822560,480,0
3887,2531431056611,2531431200171,79823040,480,0
3888,2531431211643,2531431301082,79823520,480,0
3889,2531431211801,2531431395866,79824000,480,0
3890,2531431364511,2531431501188,79824480,480,0
3891,2531431523202,2531431597746,79824960,480,0
3892,2531431523257,2531431702826,79825440,480,0
3893,2531431688064,2531431799003,79825920,480,0
3894,2531431688123,2531431898504,79826400,480,0
3895,2531431850901,2531431998614,79826880,480,0
3896,2531432005841,2531432099733,79827360,480,0
3897,2531432005918,2531432200117,79827840,480,0
3898,2531432163137,2531432300294,79828320,480,0
3899,2531432321625,2531432395715,79828800,480,0
3900,2531432322374,2531432501429,79829280,480,0
3901,2531432489544,2531432596753,79829760,480,0
3902,2531432489603,2531432702999,79830240,480,0
3903,2531432629171,2531432803345,79830720,480,0
3904,2531432794681,2531432898514,79831200,480,0
3905,2531432794738,2531432998901,79831680,480,0
3906,2531432948018,2531433099658,79832160,480,0
3907,2531433098307,2531433200347,79832640,480,0
3908,2531433098372,2531433300215,79833120,480,0
3909,2531433251646,2531433395459,79833600,480,0
3910,2531433413492,2531433501059,79834080,480,0
3911,2531433413568,2531433596559,79834560,480,0
3912,2531433562751,2531433702548,79835040,480,0
3913,2531433723573,2531433802531,79835520,480,0
3914,2531433723656,2531433898341,79836000,480,0
3915,2531433881512,2531433999612,79836480,480,0
3916,2531433881584,2531434099773,79836960,480,0
3917,2531434035838,2531434200178,79837440,480,0
3918,2531434192351,2531434295429,79837920,480,0
3919,2531434192426,2531434396974,79838400,480,0
3920,2531434361123,2531434501490,79838880,480,0
3921,2531434511632,2531434600590,79839360,480,0
3922,2531434511703,2531434695823,79839840,480,0
3923,2531434663059,2531434801981,79840320,480,0
3924,2531434812207,2531434896711,79840800,480,0
3925,2531434812266,2531435001924,79841280,480,0
3926,2531434976280,2531435097578,79841760,480,0
3927,2531434976341,2531435192978,79842240,480,0
3928,2531435135094,2531435298483,79842720,480,0
3929,2531435291204,2531435398909,79843200,480,0
3930,2531435291257,2531435499422,79843680,480,0
3931,2531435447251,2531435599778,79844160,480,0
3932,2531435598490,2531435700142,79844640,480,0
3933,2531435598557,2531435801333,79845120,480,0
3934,2531435752861,2531435896171,79845600,480,0
3935,2531435909725,2531436001680,79846080,480,0
3936,2531435909802,2531436097331,79846560,480,0
3937,2531436064810,2531436202819,79847040,480,0
3938,2531436226546,2531436298175,79847520,480,0
3939,2531436226611,2531436398854,79848000,480,0
3940,2531436380140,2531436498921,79848480,480,0
3941,2531436380204,2531436599655,79848960,480,0
3942,2531436532815,2531436699600,79849440,480,0
3943,2531436691437,2531436801334,79849920,480,0
3944,2531436691497,2531436895669,79850400,480,0
3945,2531436853177,2531437001206,79850880,480,0
3946,2531437008130,2531437096649,79851360,480,0
3947,2531437008158,2531437202118,79851840,480,0
3948,2531437159179,2531437297516,79852320,480,0
3949,2531437309782,2531437397833,79852800,480,0
3950,2531437309850,2531437498702,79853280,480,0
3951,2531437474156,2531437599806,79853760,480,0
3952,2531437474208,2531437699486,79854240,480,0
3953,2531437626194,2531437800137,79854720,480,0
3954,2531437782231,2531437895244,79855200,480,0
3955,2531437782282,2531438000854,79855680,480,0
3956,2531437943278,2531438096557,79856160,480,0
3957,2531438093909,2531438201999,79856640,480,0
3958,2531438093964,2531438297163,79857120,480,0
3959,2531438254183,2531438397878,79857600,480,0
3960,2531438411281,2531438498490,79858080,480,0
3961,2531438411333,2531438599860,79858560,480,0
3962,2531438561556,2531438699276,79859040,480,0
3963,2531438721928,2531438800483,79859520,480,0
3964,2531438721996,2531438895442,79860000,480,0
3965,2531438877318,2531439001119,79860480,480,0
3966,2531438877396,2531439098602,79860960,480,0
3967,2531439038857,2531439201709,79861440,480,0
3968,2531439328334,2531439297077,79861920,480,0
3969,2531439328402,2531439398131,79862400,480,0
3970,2531439328422,2531439498114,79862880,480,0
3971,2531439538591,2531439593535,79863360,480,0
3972,2531439538648,2531439699417,79863840,480,0
3973,2531439672542,2531439801283,79864320,480,0
3974,2531439672609,2531439896196,79864800,480,0
3975,2531439826784,2531440001537,79865280,480,0
3976,2531440030597,2531440097081,79865760,480,0
3977,2531440030666,2531440202886,79866240,480,0
3978,2531440139004,2531440293555,79866720,480,0
3979,2531440296633,2531440399511,79867200,480,0
3980,2531440296705,2531440499402,79867680,480,0
3981,2531440450883,2531440601171,79868160,480,0
3982,2531440616539,2531440695606,79868640,480,0
3983,2531440616831,2531440796179,79869120,480,0
3984,2531440773885,2531440901585,79869600,480,0
3985,2531440773944,2531440998179,79870080,480,0
3986,2531440926855,2531441097470,79870560,480,0
3987,2531441078939,2531441202936,79871040,480,0
3988,2531441079004,2531441298214,79871520,480,0
3989,2531441236439,2531441398838,79872000,480,0
3990,2531441390477,2531441498897,79872480,480,0
3991,2531441390538,2531441599471,79872960,480,0
3992,2531441558056,2531441699995,79873440,480,0
3993,2531441716148,2531441795633,79873920,480,0
3994,2531441716242,2531441900632,79874400,480,0
3995,2531441880122,2531441995900,79874880,480,0
3996,2531441880179,2531442096449,79875360,480,0
3997,2531442028166,2531442201812,79875840,480,0
3998,2531442181449,2531442296994,79876320,480,0
3999,2531442181507,2531442397945,79876800,480,0
4000,2531442339459,2531442499317,79877280,480,0
4001,2531442490458,2531442599675,79877760,480,0
4002,2531442490502,2531442700714,79878240,480,0
4003,2531442653143,2531442801125,79878720,480,0
4004,2531442816843,2531442896213,79879200,480,0
4005,2531442816918,2531443001552,79879680,480,0
4006,2531442968802,2531443098211,79880160,480,0
4007,2531443120783,2531443198208,79880640,480,0
4008,2531443120839,2531443293260,79881120,480,0
4009,2531443270343,2531443399358,79881600,480,0
4010,2531443427331,2531443499421,79882080,480,0
4011,2531443427392,2531443600804,79882560,480,0
4012,2531443577614,2531443695647,79883040,480,0
4013,2531443578072,2531443796003,79883520,480,0
4014,2531443742271,2531443902016,79884000,480,0
4015,2531443898739,2531443997150,79884480,480,0
4016,2531443898817,2531444097718,79884960,480,0
4017,2531444054680,2531444198470,79885440,480,0
4018,2531444205200,2531444293336,79885920,480,0
4019,2531444205256,2531444399883,79886400,480,0
4020,2531444367738,2531444500634,79886880,480,0
4021,2531444511893,2531444598228,79887360,480,0
4022,2531444511956,2531444701761,79887840,480,0
4023,2531444667097,2531444802028,79888320,480,0
4024,2531444825978,2531444902057,79888800,480,0
4025,2531444826241,2531445002415,79889280,480,0
4026,2531444981462,2531445098726,79889760,480,0
4027,2531444981516,2531445198871,79890240,480,0
4028,2531445135121,2531445298990,79890720,480,0
4029,2531445293865,2531445399463,79891200,480,0
4030,2531445293928,2531445499781,79891680,480,0
4031,2531445442427,2531445600519,79892160,480,0
4032,2531445607698,2531445700974,79892640,480,0
4033,2531445607774,2531445801411,79893120,480,0
4034,2531445752790,2531445897146,79893600,480,0
4035,2531445910986,2531446002239,79894080,480,0
4036,2531445911062,2531446099038,79894560,480,0
4037,2531446069956,2531446199296,79895040,480,0
4038,2531446228459,2531446299533,79895520,480,0
4039,2531446228678,2531446399890,79896000,480,0
4040,2531446383124,2531446500309,79896480,480,0
4041,2531446383189,2531446596254,79896960,480,0
4042,2531446538352,2531446701947,79897440,480,0
4043,2531446692929,2531446802366,79897920,480,0
4044,2531446693007,2531446899310,79898400,480,0
4045,2531446858768,2531446999831,79898880,480,0
4046,2531447006530,2531447100418,79899360,480,0
4047,2531447006604,2531447195985,79899840,480,0
4048,2531447165726,2531447301576,79900320,480,0
4049,2531447323341,2531447396691,79900800,480,0
4050,2531447323464,2531447502165,79901280,480,0
4051,2531447477997,2531447597727,79901760,480,0
4052,2531447478063,2531447693622,79902240,480,0
4053,2531447627932,2531447798733,79902720,480,0
4054,2531447781900,2531447898916,79903200,480,0
4055,2531447781955,2531447999545,79903680,480,0
4056,2531447937190,2531448100380,79904160,480,0
4057,2531448097039,2531448195415,79904640,480,0
4058,2531448097094,2531448300814,79905120,480,0
4059,2531448252054,2531448395889,79905600,480,0
4060,2531448409859,2531448501346,79906080,480,0
4061,2531448409921,2531448597409,79906560,480,0
4062,2531448558045,2531448702465,79907040,480,0
4063,2531448714989,2531448797729,79907520,480,0
4064,2531448715053,2531448898121,79908000,480,0
4065,2531448877983,2531448999224,79908480,480,0
4066,2531448878144,2531449099803,79908960,480,0
4067,2531449081696,2531449200166,79909440,480,0
4068,2531449081764,2531449295527,79909920,480,0
4069,2531449195338,2531449396014,79910400,480,0
4070,2531449346850,2531449501521,79910880,480,0
4071,2531449503104,2531449600707,79911360,480,0
4072,2531449503449,2531449695698,79911840,480,0
4073,2531449667813,2531449797344,79912320,480,0
4074,2531449826618,2531449897230,79912800,480,0
4075,2531449826688,2531450002401,79913280,480,0
4076,2531449992853,2531450098846,79913760,480,0
4077,2531449992923,2531450199801,79914240,480,0
4078,2531450135708,2531450299773,79914720,480,0
4079,2531450292865,2531450400160,79915200,480,0
4080,2531450292913,2531450500923,79915680,480,0
4081,2531450448055,2531450596369,79916160,480,0
4082,2531450601781,2531450701917,79916640,480,0
4083,2531450601839,2531450802405,79917120,480,0
4084,2531450754436,2531450898070,79917600,480,0
4085,2531450911535,2531450993428,79918080,480,0
4086,2531450911591,2531451099175,79918560,480,0
4087,2531451061063,2531451199849,79919040,480,0
4088,2531451217945,2531451299724,79919520,480,0
4089,2531451218025,2531451400148,79920000,480,0
4090,2531451390671,2531451500797,79920480,480,0
4091,2531451390721,2531451598402,79920960,480,0
4092,2531451524027,2531451702374,79921440,480,0
4093,2531451678224,2531451802400,79921920,480,0
4094,2531451678342,2531451897905,79922400,480,0
4095,2531451836561,2531451998778,79922880,480,0
4096,2531451991352,2531452099383,79923360,480,0
4097,2531451992568,2531452199507,79923840,480,0
4098,2531452152961,2531452300279,79924320,480,0
4099,2531452311071,2531452398296,79924800,480,0
4100,2531452311129,2531452501411,79925280,480,0
4101,2531452473909,2531452600080,79925760,480,0
4102,2531452473977,2531452700094,79926240,480,0
4103,2531452631346,2531452800747,79926720,480,0
4104,2531452783617,2531452896754,79927200,480,0
4105,2531452783671,2531453001438,79927680,480,0
4106,2531452939258,2531453097480,79928160,480,0
4107,2531453091395,2531453197979,79928640,480,0
4108,2531453091465,2531453298656,79929120,480,0
4109,2531453244109,2531453398428,79929600,480,0
4110,2531453401457,2531453498901,79930080,480,0
4111,2531453401535,2531453599535,79930560,480,0
4112,2531453557020,2531453699916,79931040,480,0
4113,2531453714234,2531453800527,79931520,480,0
4114,2531453714330,2531453895794,79932000,480,0
4115,2531453864513,2531454001829,79932480,480,0
4116,2531454026251,2531454097564,79932960,480,0
4117,2531454026431,2531454198091,79933440,480,0
4118,2531454184601,2531454299490,79933920,480,0
4119,2531454184665,2531454399059,79934400,480,0
4120,2531454348034,2531454499026,79934880,480,0
4121,2531454505836,2531454600400,79935360,480,0
4122,2531454505893,2531454700297,79935840,480,0
4123,2531454669757,2531454802359,79936320,480,0
4124,2531454814240,2531454897562,79936800,480,0
4125,2531454814307,2531455002914,79937280,480,0
4126,2531454970762,2531455099167,79937760,480,0
4127,2531455127145,2531455199272,79938240,480,0
4128,2531455127255,2531455299588,79938720,480,0
4129,2531455283606,2531455399944,79939200,480,0
4130,2531455283670,2531455500357,79939680,480,0
4131,2531455434720,2531455598284,79940160,480,0
4132,2531455586428,2531455698711,79940640,480,0
4133,2531455586493,2531455799548,79941120,480,0
4134,2531455736208,2531455900333,79941600,480,0
4135,2531455896754,2531456000101,79942080,480,0
4136,2531455897207,2531456096241,79942560,480,0
4137,2531456053495,2531456201548,79943040,480,0
4138,2531456210773,2531456296584,79943520,480,0
4139,2531456210848,2531456402340,79944000,480,0
4140,2531456358933,2531456498066,79944480,480,0
4141,2531456514472,2531456598192,79944960,480,0
4142,2531456514537,2531456699010,79945440,480,0
4143,2531456670705,2531456800182,79945920,480,0
4144,2531456823708,2531456900163,79946400,480,0
4145,2531456823790,2531457001060,79946880,480,0
4146,2531456982911,2531457096941,79947360,480,0
4147,2531456982972,2531457202394,79947840,480,0
4148,2531457146184,2531457297444,79948320,480,0
4149,2531457301247,2531457400650,79948800,480,0
4150,2531457301333,2531457498528,79949280,480,0
4151,2531457460256,2531457599505,79949760,480,0
4152,2531457612295,2531457694785,79950240,480,0
4153,2531457612363,2531457800874,79950720,480,0
4154,2531457766326,2531457895933,79951200,480,0
4155,2531457919153,2531458002148,79951680,480,0
4156,2531457919224,2531458097332,79952160,480,0
4157,2531458260237,2531458192993,79952640,480,0
4158,2531458260309,2531458302362,79953120,480,0
4159,2531458260329,2531458399565,79953600,480,0
4160,2531458395935,2531458499840,79954080,480,0
4161,2531458395983,2531458595818,79954560,480,0
4162,2531458553790,2531458701336,79955040,480,0
4163,2531458743287,2531458800649,79955520,480,0
4164,2531458743327,2531458895673,79956000,480,0
4165,2531458878496,2531459000820,79956480,480,0
4166,2531458878558,2531459096612,79956960,480,0
4167,2531459019686,2531459202815,79957440,480,0
4168,2531459175016,2531459297594,79957920,480,0
4169,2531459175077,2531459398217,79958400,480,0
4170,2531459333110,2531459498310,79958880,480,0
4171,2531459484062,2531459599064,79959360,480,0
4172,2531459484130,2531459699573,79959840,480,0
4173,2531459639017,2531459800976,79960320,480,0
4174,2531459799662,2531459897046,79960800,480,0
4175,2531459799722,2531460001311,79961280,480,0
4176,2531459953909,2531460097280,79961760,480,0
4177,2531460115470,2531460202676,79962240,480,0
4178,2531460115887,2531460297815,79962720,480,0
4179,2531460270748,2531460398639,79963200,480,0
4180,2531460427260,2531460498799,79963680,480,0
4181,2531460427337,2531460599564,79964160,480,0
4182,2531460588943,2531460701695,79964640,480,0
4183,2531460589023,2531460800852,79965120,480,0
4184,2531460744660,2531460896454,79965600,480,0
4185,2531460899639,2531461001569,79966080,480,0
4186,2531460899704,2531461097297,79966560,480,0
4187,2531461055301,2531461197645,79967040,480,0
4188,2531461205099,2531461293284,79967520,480,0
4189,2531461205171,2531461399225,79968000,480,0
4190,2531461360564,2531461499422,79968480,480,0
4191,2531461516332,2531461600170,79968960,480,0
4192,2531461516385,2531461695445,79969440,480,0
4193,2531461674323,2531461801397,79969920,480,0
4194,2531461674408,2531461897128,79970400,480,0
4195,2531461839903,2531462002228,79970880,480,0
4196,2531461993278,2531462101140,79971360,480,0
4197,2531461993513,2531462200017,79971840,480,0
4198,2531462154708,2531462300601,79972320,480,0
4199,2531462317727,2531462395527,79972800,480,0
4200,2531462317831,2531462503954,79973280,480,0
4201,2531462465464,2531462597098,79973760,480,0
4202,2531462627469,2531462703274,79974240,480,0
4203,2531462627536,2531462798171,79974720,480,0
4204,2531462791612,2531462899215,79975200,480,0
4205,2531462791701,2531462993709,79975680,480,0
4206,2531462938182,2531463100153,79976160,480,0
4207,2531463087308,2531463200226,79976640,480,0
4208,2531463087374,2531463295269,79977120,480,0
4209,2531463239572,2531463401235,79977600,480,0
4210,2531463397177,2531463496221,79978080,480,0
4211,2531463397230,2531463596928,79978560,480,0
4212,2531463556934,2531463702702,79979040,480,0
4213,2531463715015,2531463801920,79979520,480,0
4214,2531463715089,2531463897118,79980000,480,0
4215,2531463870268,2531464002713,79980480,480,0
4216,2531464025742,2531464098603,79980960,480,0
4217,2531464025817,2531464198776,79981440,480,0
4218,2531464186238,2531464298898,79981920,480,0
4219,2531464186303,2531464399096,79982400,480,0
4220,2531464347316,2531464499395,79982880,480,0
4221,2531464501340,2531464600357,79983360,480,0
4222,2531464501416,2531464695409,79983840,480,0
4223,2531464658362,2531464799249,79984320,480,0
4224,2531464816478,2531464894483,79984800,480,0
4225,2531464816570,2531465000927,79985280,480,0
4226,2531464974515,2531465096433,79985760,480,0
4227,2531464974953,2531465201835,79986240,480,0
4228,2531465135468,2531465297438,79986720,480,0
4229,2531465294293,2531465398178,79987200,480,0
4230,2531465294368,2531465499316,79987680,480,0
4231,2531465444804,2531465599655,79988160,480,0
4232,2531465599384,2531465700448,79988640,480,0
4233,2531465599452,2531465801510,79989120,480,0
4234,2531465755899,2531465896624,79989600,480,0
4235,2531465910774,2531466002142,79990080,480,0
4236,2531465910831,2531466098035,79990560,480,0
4237,2531466061122,2531466198558,79991040,480,0
4238,2531466220506,2531466298740,79991520,480,0
4239,2531466221085,2531466399735,79992000,480,0
4240,2531466376227,2531466499699,79992480,480,0
4241,2531466376306,2531466602373,79992960,480,0
4242,2531466527535,2531466695620,79993440,480,0
4243,2531466678226,2531466796193,79993920,480,0
4244,2531466678309,2531466902044,79994400,480,0
4245,2531466840865,2531466997308,79994880,480,0
4246,2531466998198,2531467099923,79995360,480,0
4247,2531466998264,2531467195365,79995840,480,0
4248,2531467152138,2531467300882,79996320,480,0
4249,2531467305358,2531467395983,79996800,480,0
4250,2531467305423,2531467501350,79997280,480,0
4251,2531467459762,2531467596923,79997760,480,0
4252,2531467609461,2531467702399,79998240,480,0
4253,2531467609553,2531467802640,79998720,480,0
4254,2531467771859,2531467898496,79999200,480,0
4255,2531467771947,2531467998589,79999680,480,0
4256,2531467923094,2531468099935,80000160,480,0
4257,2531468090339,2531468195665,80000640,480,0
4258,2531468090400,2531468301077,80001120,480,0
4259,2531468243887,2531468396470,80001600,480,0
4260,2531468399485,2531468502209,80002080,480,0
4261,2531468399538,2531468597633,80002560,480,0
4262,2531468554414,2531468698441,80003040,480,0
4263,2531468706014,2531468793615,80003520,480,0
4264,2531468706087,2531468899001,80004000,480,0
4265,2531468855698,2531468999393,80004480,480,0
4266,2531469016708,2531469094622,80004960,480,0
4267,2531469016745,2531469200135,80005440,480,0
4268,2531469174772,2531469295337,80005920,480,0
4269,2531469174829,2531469401074,80006400,480,0
4270,2531469329229,2531469496177,80006880,480,0
4271,2531469481154,2531469596871,80007360,480,0
4272,2531469481220,2531469697727,80007840,480,0
4273,2531469636066,2531469798455,80008320,480,0
4274,2531469790481,2531469898915,80008800,480,0
4275,2531469790530,2531469999117,80009280,480,0
4276,2531469947295,2531470099307,80009760,480,0
4277,2531470114562,2531470199901,80010240,480,0
4278,2531470114653,2531470300339,80010720,480,0
4279,2531470257722,2531470395640,80011200,480,0
4280,2531470424354,2531470501104,80011680,480,0
4281,2531470424424,2531470596845,80012160,480,0
4282,2531470579553,2531470702511,80012640,480,0
4283,2531470579635,2531470798584,80013120,480,0
4284,2531470736912,2531470899034,80013600,480,0
4285,2531470893316,2531470999330,80014080,480,0
4286,2531470893377,2531471099690,80014560,480,0
4287,2531471053186,2531471200745,80015040,480,0
4288,2531471207035,2531471295613,80015520,480,0
4289,2531471207103,2531471401457,80016000,480,0
4290,2531471362548,2531471496476,80016480,480,0
4291,2531471523619,2531471597135,80016960,480,0
4292,2531471523702,2531471697664,80017440,480,0
4293,2531471690843,2531471799246,80017920,480,0
4294,2531471690930,2531471899061,80018400,480,0
4295,2531471847984,2531471999645,80018880,480,0
4296,2531472010622,2531472099787,80019360,480,0
4297,2531472010681,2531472200223,80019840,480,0
4298,2531472170366,2531472295757,80020320,480,0
4299,2531472170438,2531472396556,80020800,480,0
4300,2531472313639,2531472501621,80021280,480,0
4301,2531472475880,2531472598449,80021760,480,0
4302,2531472475960,2531472699531,80022240,480,0
4303,2531472629591,2531472800176,80022720,480,0
4304,2531472786132,2531472895552,80023200,480,0
4305,2531472786213,2531473001715,80023680,480,0
4306,2531472934095,2531473096690,80024160,480,0
4307,2531473090150,2531473202706,80024640,480,0
4308,2531473090205,2531473298163,80025120,480,0
4309,2531473245388,2531473398498,80025600,480,0
4310,2531473402998,2531473498602,80026080,480,0
4311,2531473403066,2531473599460,80026560,480,0
4312,2531473558429,2531473700007,80027040,480,0
4313,2531473716649,2531473794473,80027520,480,0
4314,2531473716725,2531473898903,80028000,480,0
4315,2531473871978,2531473999050,80028480,480,0
4316,2531473872037,2531474099510,80028960,480,0
4317,2531474029567,2531474199852,80029440,480,0
4318,2531474184264,2531474300299,80029920,480,0
4319,2531474184299,2531474395428,80030400,480,0
4320,2531474338388,2531474500986,80030880,480,0
4321,2531474489078,2531474598506,80031360,480,0
4322,2531474489149,2531474698974,80031840,480,0
4323,2531474647928,2531474799924,80032320,480,0
4324,2531474803584,2531474899887,80032800,480,0
4325,2531474803640,2531475000417,80033280,480,0
4326,2531474958695,2531475095588,80033760,480,0
4327,2531475113195,2531475201101,80034240,480,0
4328,2531475113263,2531475296375,80034720,480,0
4329,2531475281713,2531475402128,80035200,480,0
4330,2531475281780,2531475497686,80035680,480,0
4331,2531475449458,2531475598308,80036160,480,0
4332,2531475575310,2531475699119,80036640,480,0
4333,2531475575699,2531475801942,80037120,480,0
4334,2531475727899,2531475900028,80037600,480,0
4335,2531475878249,2531476001251,80038080,480,0
4336,2531475878297,2531476096430,80038560,480,0
4337,2531476039237,2531476202019,80039040,480,0
4338,2531476194480,2531476297084,80039520,480,0
4339,2531476194532,2531476397387,80040000,480,0
4340,2531476344327,2531476498072,80040480,480,0
4341,2531476504503,2531476598842,80040960,480,0
4342,2531476504584,2531476693746,80041440,480,0
4343,2531476654687,2531476799132,80041920,480,0
4344,2531476812072,2531476894313,80042400,480,0
4345,2531476812116,2531477000315,80042880,480,0
4346,2531476961381,2531477095679,80043360,480,0
4347,2531477123469,2531477201172,80043840,480,0
4348,2531477123533,2531477296276,80044320,480,0
4349,2531477277774,2531477401865,80044800,480,0
4350,2531477277851,2531477497230,80045280,480,0
4351,2531477433592,2531477598107,80045760,480,0
4352,2531477596606,2531477698142,80046240,480,0
4353,2531477596666,2531477799011,80046720,480,0
4354,2531477745938,2531477899198,80047200,480,0
4355,2531477902360,2531477999627,80047680,480,0
4356,2531477902436,2531478100639,80048160,480,0
4357,2531478057252,2531478195244,80048640,480,0
4358,2531478214648,2531478300750,80049120,480,0
4359,2531478214713,2531478396013,80049600,480,0
4360,2531478374851,2531478501288,80050080,480,0
4361,2531478374919,2531478599166,80050560,480,0
4362,2531478528373,2531478698290,80051040,480,0
4363,2531478685503,2531478798259,80051520,480,0
4364,2531478685551,2531478898494,80052000,480,0
4365,2531478845145,2531478999116,80052480,480,0
4366,2531479005171,2531479099347,80052960,480,0
4367,2531479005244,2531479199458,80053440,480,0
4368,2531479343266,2531479300060,80053920,480,0
4369,2531479343317,2531479400346,80054400,480,0
4370,2531479343336,2531479501223,80054880,480,0
4371,2531479611089,2531479596901,80055360,480,0
4372,2531479611149,2531479702468,80055840,480,0
4373,2531479611163,2531479798129,80056320,480,0
4374,2531480154896,2531479898567,80056800,480,0
4375,2531480154938,2531479999642,80057280,480,0
4376,2531480154951,2531480099569,80057760,480,0
4377,2531480154964,2531480200065,80058240,480,0
4378,2531480154977,2531480295281,80058720,480,0
4379,2531480265310,2531480400848,80059200,480,0
4380,2531480435632,2531480496161,80059680,480,0
4381,2531480435716,2531480596593,80060160,480,0
4382,2531480566851,2531480702927,80060640,480,0
4383,2531480730101,2531480798413,80061120,480,0
4384,2531480730196,2531480898726,80061600,480,0
4385,2531480862796,2531480998638,80062080,480,0
4386,2531481026953,2531481099519,80062560,480,0
4387,2531481027051,2531481199997,80063040,480,0
4388,2531481184592,2531481300060,80063520,480,0
4389,2531481184633,2531481395454,80064000,480,0
4390,2531481411502,2531481500933,80064480,480,0
4391,2531481411565,2531481596890,80064960,480,0
4392,2531481490415,2531481698028,80065440,480,0
4393,2531481635794,2531481798694,80065920,480,0
4394,2531481790711,2531481898966,80066400,480,0
4395,2531481790772,2531482000008,80066880,480,0
4396,2531481955119,2531482100009,80067360,480,0
4397,2531482106789,2531482195347,80067840,480,0
4398,2531482106856,2531482300899,80068320,480,0
4399,2531482263112,2531482395852,80068800,480,0
4400,2531482423511,2531482501267,80069280,480,0
4401,2531482423574,2531482596977,80069760,480,0
4402,2531482579303,2531482701942,80070240,480,0
4403,2531482579349,2531482797432,80070720,480,0
4404,2531482735051,2531482898033,80071200,480,0
4405,2531482892851,2531482997897,80071680,480,0
4406,2531482892908,2531483098871,80072160,480,0
4407,2531483051123,2531483199480,80072640,480,0
4408,2531483206574,2531483299325,80073120,480,0
4409,2531483207006,2531483400885,80073600,480,0
4410,2531483364735,2531483500355,80074080,480,0
4411,2531483528006,2531483597077,80074560,480,0
4412,2531483528086,2531483697763,80075040,480,0
4413,2531483685237,2531483798968,80075520,480,0
4414,2531483685278,2531483898753,80076000,480,0
4415,2531483837650,2531483999087,80076480,480,0
4416,2531483992199,2531484100098,80076960,480,0
4417,2531483992261,2531484199792,80077440,480,0
4418,2531484153434,2531484300115,80077920,480,0
4419,2531484312988,2531484395486,80078400,480,0
4420,2531484313092,2531484500939,80078880,480,0
4421,2531484470973,2531484598423,80079360,480,0
4422,2531484627508,2531484698708,80079840,480,0
4423,2531484627574,2531484799314,80080320,480,0
4424,2531484782278,2531484899386,80080800,480,0
4425,2531484782340,2531485000143,80081280,480,0
4426,2531484938736,2531485099988,80081760,480,0
4427,2531485097087,2531485195535,80082240,480,0
4428,2531485097133,2531485300847,80082720,480,0
4429,2531485255731,2531485396175,80083200,480,0
4430,2531485409262,2531485501787,80083680,480,0
4431,2531485409452,2531485598024,80084160,480,0
4432,2531485561594,2531485698205,80084640,480,0
4433,2531485716749,2531485800087,80085120,480,0
4434,2531485716824,2531485899913,80085600,480,0
4435,2531485873103,2531485999995,80086080,480,0
4436,2531485873160,2531486095711,80086560,480,0
4437,2531486027425,2531486200851,80087040,480,0
4438,2531486188280,2531486295982,80087520,480,0
4439,2531486188330,2531486401390,80088000,480,0
4440,2531486338477,2531486496587,80088480,480,0
4441,2531486502976,2531486596945,80088960,480,0
4442,2531486503022,2531486697378,80089440,480,0
4443,2531486658785,2531486798334,80089920,480,0
4444,2531486810249,2531486898334,80090400,480,0
4445,2531486810297,2531486998890,80090880,480,0
4446,2531486969904,2531487099384,80091360,480,0
4447,2531487125933,2531487199441,80091840,480,0
4448,2531487125999,2531487299855,80092320,480,0
4449,2531487282001,2531487399965,80092800,480,0
4450,2531487282064,2531487501238,80093280,480,0
4451,2531487445283,2531487596104,80093760,480,0
4452,2531487598858,2531487701964,80094240,480,0
4453,2531487599515,2531487802499,80094720,480,0
4454,2531487755904,2531487898394,80095200,480,0
4455,2531487910811,2531488003247,80095680,480,0
4456,2531487910872,2531488099188,80096160,480,0
4457,2531488073778,2531488193821,80096640,480,0
4458,2531488073876,2531488299361,80097120,480,0
4459,2531488226798,2531488400279,80097600,480,0
4460,2531488377667,2531488500146,80098080,480,0
4461,2531488377722,2531488596730,80098560,480,0
4462,2531488532565,2531488701474,80099040,480,0
4463,2531488692570,2531488802049,80099520,480,0
4464,2531488692690,2531488897648,80100000,480,0
4465,2531488844277,2531488998220,80100480,480,0
4466,2531489005565,2531489099238,80100960,480,0
4467,2531489005610,2531489199276,80101440,480,0
4468,2531489156537,2531489299423,80101920,480,0
4469,2531489312168,2531489399651,80102400,480,0
4470,2531489312229,2531489501200,80102880,480,0
4471,2531489472157,2531489595686,80103360,480,0
4472,2531489628445,2531489700999,80103840,480,0
4473,2531489628559,2531489801989,80104320,480,0
4474,2531489784746,2531489896772,80104800,480,0
4475,2531489784843,2531490002440,80105280,480,0
4476,2531489945651,2531490098643,80105760,480,0
4477,2531490106309,2531490198773,80106240,480,0
4478,2531490106397,2531490298810,80106720,480,0
4479,2531490261852,2531490399280,80107200,480,0
4480,2531490421456,2531490499564,80107680,480,0
4481,2531490421544,2531490599849,80108160,480,0
4482,2531490577545,2531490695051,80108640,480,0
4483,2531490577621,2531490795674,80109120,480,0
4484,2531490737522,2531490901793,80109600,480,0
4485,2531490888562,2531490998295,80110080,480,0
4486,2531490888613,2531491099750,80110560,480,0
4487,2531491057725,2531491202652,80111040,480,0
4488,2531491215626,2531491298038,80111520,480,0
4489,2531491215746,2531491398053,80112000,480,0
4490,2531491375908,2531491498542,80112480,480,0
4491,2531491375981,2531491601590,80112960,480,0
4492,2531491525194,2531491700164,80113440,480,0
4493,2531491682910,2531491801023,80113920,480,0
4494,2531491682962,2531491895714,80114400,480,0
4495,2531491838528,2531492001212,80114880,480,0
4496,2531491992042,2531492099936,80115360,480,0
4497,2531491992113,2531492200364,80115840,480,0
4498,2531492152254,2531492300026,80116320,480,0
4499,2531492309788,2531492398941,80116800,480,0
4500,2531492309836,2531492499221,80117280,480,0
4501,2531492471742,2531492599586,80117760,480,0
4502,2531492471812,2531492699729,80118240,480,0
4503,2531492627100,2531492800457,80118720,480,0
4504,2531492784167,2531492895635,80119200,480,0
4505,2531492784267,2531493001351,80119680,480,0
4506,2531492947248,2531493099749,80120160,480,0
4507,2531493113174,2531493203238,80120640,480,0
4508,2531493113237,2531493298702,80121120,480,0
4509,2531493282780,2531493399179,80121600,480,0
4510,2531493282869,2531493499429,80122080,480,0
4511,2531493418583,2531493600149,80122560,480,0
4512,2531493584748,2531493695690,80123040,480,0
4513,2531493584805,2531493796630,80123520,480,0
4514,2531493721726,2531493902316,80124000,480,0
4515,2531493887379,2531493997874,80124480,480,0
4516,2531493887446,2531494098238,80124960,480,0
4517,2531494036188,2531494199392,80125440,480,0
4518,2531494189044,2531494299574,80125920,480,0
4519,2531494189106,2531494400015,80126400,480,0
4520,2531494360074,2531494500544,80126880,480,0
4521,2531494505518,2531494600070,80127360,480,0
4522,2531494505589,2531494699804,80127840,480,0
4523,2531494666116,2531494801556,80128320,480,0
4524,2531494824065,2531494896830,80128800,480,0
4525,2531494824134,2531495002201,80129280,480,0
4526,2531494982902,2531495098811,80129760,480,0
4527,2531494982997,2531495200054,80130240,480,0
4528,2531495137788,2531495299961,80130720,480,0
4529,2531495292452,2531495400398,80131200,480,0
4530,2531495292518,2531495501878,80131680,480,0
4531,2531495454950,2531495597274,80132160,480,0
4532,2531495605500,2531495703478,80132640,480,0
4533,2531495605552,2531495798931,80133120,480,0
4534,2531495761352,2531495899330,80133600,480,0
4535,2531495922701,2531495999660,80134080,480,0
4536,2531495922978,2531496100916,80134560,480,0
4537,2531496089903,2531496195573,80135040,480,0
4538,2531496090004,2531496301268,80135520,480,0
4539,2531496249423,2531496396879,80136000,480,0
4540,2531496400155,2531496502388,80136480,480,0
4541,2531496400249,2531496599199,80136960,480,0
4542,2531496554671,2531496698135,80137440,480,0
4543,2531496715015,2531496801463,80137920,480,0
4544,2531496715100,2531496896918,80138400,480,0
4545,2531496871582,2531497002737,80138880,480,0
4546,2531496871830,2531497098917,80139360,480,0
4547,2531497026328,2531497198688,80139840,480,0
4548,2531497185562,2531497298957,80140320,480,0
4549,2531497185610,2531497394142,80140800,480,0
4550,2531497338349,2531497500372,80141280,480,0
4551,2531497494070,2531497597620,80141760,480,0
4552,2531497494147,2531497693366,80142240,480,0
4553,2531497646671,2531497798575,80142720,480,0
4554,2531497801401,2531497899470,80143200,480,0
4555,2531497801496,2531497999577,80143680,480,0
4556,2531497961636,2531498099735,80144160,480,0
4557,2531498117102,2531498195273,80144640,480,0
4558,2531498117182,2531498295605,80145120,480,0
4559,2531498264175,2531498401240,80145600,480,0
4560,2531498420227,2531498496308,80146080,480,0
4561,2531498420300,2531498597214,80146560,480,0
4562,2531498569590,2531498702496,80147040,480,0
4563,2531498723452,2531498797792,80147520,480,0
4564,2531498723531,2531498898100,80148000,480,0
4565,2531498880820,2531498998336,80148480,480,0
4566,2531498880896,2531499099344,80148960,480,0
4567,2531499037394,2531499199349,80149440,480,0
4568,2531499198637,2531499299764,80149920,480,0
4569,2531499198731,2531499400263,80150400,480,0
4570,2531499356810,2531499501355,80150880,480,0
4571,2531499503352,2531499596739,80151360,480,0
4572,2531499503406,2531499702662,80151840,480,0
4573,2531499668476,2531499793880,80152320,480,0
4574,2531499668574,2531499893953,80152800,480,0
4575,2531499823738,2531500002264,80153280,480,0
4576,2531499981398,2531500097795,80153760,480,0
4577,2531499981468,2531500198652,80154240,480,0
4578,2531500139663,2531500298888,80154720,480,0
4579,2531500291686,2531500399030,80155200,480,0
4580,2531500291736,2531500499422,80155680,480,0
4581,2531500446987,2531500600199,80156160,480,0
4582,2531500599017,2531500700490,80156640,480,0
4583,2531500599072,2531500800933,80157120,480,0
4584,2531500753741,2531500896415,80157600,480,0
4585,2531500913995,2531501001775,80158080,480,0
4586,2531500914080,2531501097463,80158560,480,0
4587,2531501064714,2531501203277,80159040,480,0
4588,2531501227038,2531501298286,80159520,480,0
4589,2531501227113,2531501398653,80160000,480,0
4590,2531501383741,2531501499003,80160480,480,0
4591,2531501383819,2531501599663,80160960,480,0
4592,2531501532695,2531501700017,80161440,480,0
4593,2531501687530,2531501801100,80161920,480,0
4594,2531501687599,2531501896637,80162400,480,0
4595,2531501837800,2531502001964,80162880,480,0
4596,2531501994201,2531502095992,80163360,480,0
4597,2531501994245,2531502202047,80163840,480,0
4598,2531502154806,2531502302639,80164320,480,0
4599,2531502313743,2531502394929,80164800,480,0
4600,2531502313813,2531502500718,80165280,480,0
4601,2531502466525,2531502596836,80165760,480,0
4602,2531502620086,2531502702552,80166240,480,0
4603,2531502620190,2531502802538,80166720,480,0
4604,2531502773332,2531502898533,80167200,480,0
4605,2531502773400,2531502999742,80167680,480,0
4606,2531502932170,2531503100055,80168160,480,0
4607,2531503091454,2531503201209,80168640,480,0
4608,2531503091553,2531503296281,80169120,480,0
4609,2531503239799,2531503402273,80169600,480,0
4610,2531503401076,2531503497224,80170080,480,0
4611,2531503401157,2531503598125,80170560,480,0
4612,2531503558760,2531503698776,80171040,480,0
4613,2531503708447,2531503794181,80171520,480,0
4614,2531503708521,2531503900105,80172000,480,0
4615,2531503862639,2531504000054,80172480,480,0
4616,2531504013849,2531504095908,80172960,480,0
4617,2531504013908,2531504204532,80173440,480,0
4618,2531504165595,2531504302082,80173920,480,0
4619,2531504324941,2531504400175,80174400,480,0
4620,2531504325023,2531504501082,80174880,480,0
4621,2531504474260,2531504597037,80175360,480,0
4622,2531504476159,2531504703352,80175840,480,0
4623,2531504640429,2531504798804,80176320,480,0
4624,2531504791402,2531504899125,80176800,480,0
4625,2531504791441,2531505002885,80177280,480,0
4626,2531504944661,2531505100299,80177760,480,0
4627,2531505098565,2531505201034,80178240,480,0
4628,2531505098615,2531505303483,80178720,480,0
4629,2531505256047,2531505396941,80179200,480,0
4630,2531505410483,2531505502751,80179680,480,0
4631,2531505410555,2531505598064,80180160,480,0
4632,2531505567360,2531505693519,80180640,480,0
4633,2531505723314,2531505799667,80181120,480,0
4634,2531505723379,2531505900016,80181600,480,0
4635,2531505879043,2531506000368,80182080,480,0
4636,2531505879152,2531506095990,80182560,480,0
4637,2531506042595,2531506203029,80183040,480,0
4638,2531506200637,2531506297175,80183520,480,0
4639,2531506200716,2531506397881,80184000,480,0
4640,2531506354959,2531506498733,80184480,480,0
4641,2531506514359,2531506598819,80184960,480,0
4642,2531506514428,2531506699125,80185440,480,0
4643,2531506670636,2531506800041,80185920,480,0
4644,2531506822712,2531506899994,80186400,480,0
4645,2531506822780,2531507000435,80186880,480,0
4646,2531506982563,2531507096093,80187360,480,0
4647,2531506982634,2531507201973,80187840,480,0
4648,2531507143588,2531507296747,80188320,480,0
4649,2531507300392,2531507397312,80188800,480,0
4650,2531507300463,2531507497881,80189280,480,0
4651,2531507455793,2531507598512,80189760,480,0
4652,2531507606700,2531507694287,80190240,480,0
4653,2531507606769,2531507799608,80190720,480,0
4654,2531507762314,2531507899948,80191200,480,0
4655,2531507929846,2531507999926,80191680,480,0
4656,2531507929905,2531508095988,80192160,480,0
4657,2531508094078,2531508202045,80192640,480,0
4658,2531508094127,2531508297062,80193120,480,0
4659,2531508241734,2531508397911,80193600,480,0
4660,2531508393908,2531508498074,80194080,480,0
4661,2531508393970,2531508599124,80194560,480,0
4662,2531508540440,2531508699644,80195040,480,0
4663,2531508696452,2531508800828,80195520,480,0
4664,2531508696507,2531508895651,80196000,480,0
4665,2531508853441,2531509001498,80196480,480,0
4666,2531509008602,2531509096552,80196960,480,0
4667,2531509008649,2531509201869,80197440,480,0
4668,2531509163602,2531509297418,80197920,480,0
4669,2531509321487,2531509398642,80198400,480,0
4670,2531509321545,2531509499622,80198880,480,0
4671,2531509485032,2531509600796,80199360,480,0
4672,2531509486793,2531509695479,80199840,480,0
4673,2531509638282,2531509801780,80200320,480,0
4674,2531509795304,2531509896491,80200800,480,0
4675,2531509795398,2531510002099,80201280,480,0
4676,2531509954900,2531510097559,80201760,480,0
4677,2531510106424,2531510193781,80202240,480,0
4678,2531510106487,2531510299783,80202720,480,0
4679,2531510262951,2531510399428,80203200,480,0
4680,2531510421718,2531510499734,80203680,480,0
4681,2531510421792,2531510601484,80204160,480,0
4682,2531510579719,2531510695751,80204640,480,0
4683,2531510579804,2531510796613,80205120,480,0
4684,2531510738720,2531510902111,80205600,480,0
4685,2531510899716,2531510997338,80206080,480,0
4686,2531510899796,2531511098020,80206560,480,0
4687,2531511056402,2531511198055,80207040,480,0
4688,2531511215785,2531511293246,80207520,480,0
4689,2531511215866,2531511399092,80208000,480,0
4690,2531511374814,2531511499311,80208480,480,0
4691,2531511374871,2531511599928,80208960,480,0
4692,2531511537869,2531511695087,80209440,480,0
4693,2531511695970,2531511799205,80209920,480,0
4694,2531511696022,2531511899396,80210400,480,0
4695,2531511846445,2531512000269,80210880,480,0
4696,2531512007850,2531512099967,80211360,480,0
4697,2531512007936,2531512195132,80211840,480,0
4698,2531512162455,2531512295609,80212320,480,0
4699,2531512318688,2531512401024,80212800,480,0
4700,2531512318729,2531512496325,80213280,480,0
4701,2531512476456,2531512596819,80213760,480,0
4702,2531512476514,2531512702557,80214240,480,0
4703,2531512624753,2531512797987,80214720,480,0
4704,2531512781167,2531512898397,80215200,480,0
4705,2531512781253,2531512998732,80215680,480,0
4706,2531512936598,2531513099610,80216160,480,0
4707,2531513098699,2531513199540,80216640,480,0
4708,2531513098974,2531513299768,80217120,480,0
4709,2531513252639,2531513402205,80217600,480,0
4710,2531513410920,2531513502635,80218080,480,0
4711,2531513410982,2531513598491,80218560,480,0
4712,2531513564789,2531513700200,80219040,480,0
4713,2531513722931,2531513800956,80219520,480,0
4714,2531513723001,2531513895238,80220000,480,0
4715,2531513877637,2531514000948,80220480,480,0
4716,2531513877682,2531514096106,80220960,480,0
4717,2531514033494,2531514201613,80221440,480,0
4718,2531514185042,2531514301726,80221920,480,0
4719,2531514185096,2531514397115,80222400,480,0
4720,2531514339915,2531514502494,80222880,480,0
4721,2531514504278,2531514598009,80223360,480,0
4722,2531514504349,2531514698353,80223840,480,0
4723,2531514660592,2531514799247,80224320,480,0
4724,2531514811258,2531514899715,80224800,480,0
4725,2531514811290,2531515000017,80225280,480,0
4726,2531514966990,2531515100144,80225760,480,0
4727,2531514967062,2531515195329,80226240,480,0
4728,2531515119986,2531515300953,80226720,480,0
4729,2531515273044,2531515395749,80227200,480,0
4730,2531515434346,2531515501363,80227680,480,0
4731,2531515434417,2531515596866,80228160,480,0
4732,2531515589233,2531515701684,80228640,480,0
4733,2531515589294,2531515796992,80229120,480,0
4734,2531515745748,2531515897641,80229600,480,0
4735,2531515900955,2531515997970,80230080,480,0
4736,2531515901025,2531516098373,80230560,480,0
4737,2531516054263,2531516198695,80231040,480,0
4738,2531516216179,2531516298994,80231520,480,0
4739,2531516216235,2531516399130,80232000,480,0
4740,2531516373387,2531516499836,80232480,480,0
4741,2531516373458,2531516600104,80232960,480,0
4742,2531516526248,2531516694888,80233440,480,0
4743,2531516686634,2531516795502,80233920,480,0
4744,2531516686677,2531516900949,80234400,480,0
4745,2531516842814,2531516996230,80234880,480,0
4746,2531516994238,2531517096571,80235360,480,0
4747,2531516994279,2531517202499,80235840,480,0
4748,2531517155370,2531517298153,80236320,480,0
4749,2531517311815,2531517393238,80236800,480,0
4750,2531517311883,2531517499540,80237280,480,0
4751,2531517465443,2531517599958,80237760,480,0
4752,2531517617926,2531517695451,80238240,480,0
4753,2531517617984,2531517796405,80238720,480,0
4754,2531517771212,2531517901912,80239200,480,0
4755,2531517772265,2531517997042,80239680,480,0
4756,2531517919919,2531518097736,80240160,480,0
4757,2531518073614,2531518198130,80240640,480,0
4758,2531518073674,2531518298662,80241120,480,0
4759,2531518226461,2531518398667,80241600,480,0
4760,2531518382583,2531518499271,80242080,480,0
4761,2531518382656,2531518600075,80242560,480,0
4762,2531518542225,2531518700054,80243040,480,0
4763,2531518696473,2531518801218,80243520,480,0
4764,2531518696611,2531518896470,80244000,480,0
4765,2531518854408,2531519002111,80244480,480,0
4766,2531519014445,2531519097374,80244960,480,0
4767,2531519014509,2531519198136,80245440,480,0
4768,2531519172195,2531519298121,80245920,480,0
4769,2531519172244,2531519398518,80246400,480,0
4770,2531519336503,2531519499457,80246880,480,0
4771,2531519491042,2531519599140,80247360,480,0
4772,2531519491087,2531519699634,80247840,480,0
4773,2531519652842,2531519800505,80248320,480,0
4774,2531519812526,2531519896625,80248800,480,0
4775,2531519812592,2531520001784,80249280,480,0
4776,2531519974230,2531520096441,80249760,480,0
4777,2531519974287,2531520201635,80250240,480,0
4778,2531520132737,2531520296717,80250720,480,0
4779,2531520292584,2531520403950,80251200,480,0
4780,2531520292632,2531520497540,80251680,480,0
4781,2531520444964,2531520598737,80252160,480,0
4782,2531520609701,2531520698769,80252640,480,0
4783,2531520609770,2531520799068,80253120,480,0
4784,2531520761102,2531520899270,80253600,480,0
4785,2531520924493,2531520999946,80254080,480,0
4786,2531520924556,2531521095022,80254560,480,0
4787,2531521077958,2531521200674,80255040,480,0
4788,2531521078005,2531521295967,80255520,480,0
4789,2531521239793,2531521402161,80256000,480,0
4790,2531521399453,2531521496758,80256480,480,0
4791,2531521399505,2531521597714,80256960,480,0
4792,2531521555400,2531521697941,80257440,480,0
4793,2531521715959,2531521798380,80257920,480,0
4794,2531521716027,2531521898636,80258400,480,0
4795,2531521873468,2531521999161,80258880,480,0
4796,2531521873537,2531522099471,80259360,480,0
4797,2531522028624,2531522199809,80259840,480,0
4798,2531522182711,2531522299893,80260320,480,0
4799,2531522182758,2531522395316,80260800,480,0
4800,2531522341960,2531522501297,80261280,480,0
4801,2531522490630,2531522599159,80261760,480,0
4802,2531522490733,2531522699684,80262240,480,0
4803,2531522657065,2531522801069,80262720,480,0
4804,2531522816122,2531522896456,80263200,480,0
4805,2531522816188,2531523001893,80263680,480,0
4806,2531522972367,2531523097648,80264160,480,0
4807,2531522972438,2531523199366,80264640,480,0
4808,2531523130551,2531523298896,80265120,480,0
4809,2531523282839,2531523400461,80265600,480,0
4810,2531523282894,2531523499474,80266080,480,0
4811,2531523442579,2531523600538,80266560,480,0
4812,2531523590923,2531523695610,80267040,480,0
4813,2531523591289,2531523796672,80267520,480,0
4814,2531523746216,2531523896977,80268000,480,0
4815,2531523901848,2531523997522,80268480,480,0
4816,2531523901911,2531524098537,80268960,480,0
4817,2531524056626,2531524193840,80269440,480,0
4818,2531524218594,2531524299664,80269920,480,0
4819,2531524218688,2531524399442,80270400,480,0
4820,2531524377805,2531524500105,80270880,480,0
4821,2531524377890,2531524596165,80271360,480,0
4822,2531524540240,2531524701590,80271840,480,0
4823,2531524699870,2531524801877,80272320,480,0
4824,2531524700075,2531524897694,80272800,480,0
4825,2531524855714,2531524998603,80273280,480,0
4826,2531525007302,2531525093503,80273760,480,0
4827,2531525007372,2531525202012,80274240,480,0
4828,2531525166240,2531525299549,80274720,480,0
4829,2531525323488,2531525400028,80275200,480,0
4830,2531525323678,2531525500416,80275680,480,0
4831,2531525484727,2531525595765,80276160,480,0
4832,2531525484807,2531525701572,80276640,480,0
4833,2531525648513,2531525797049,80277120,480,0
4834,2531525802167,2531525902102,80277600,480,0
4835,2531525802250,2531525998168,80278080,480,0
4836,2531525957439,2531526099259,80278560,480,0
4837,2531526117837,2531526194349,80279040,480,0
4838,2531526117900,2531526300367,80279520,480,0
4839,2531526274666,2531526395444,80280000,480,0
4840,2531526274743,2531526501447,80280480,480,0
4841,2531526424462,2531526597091,80280960,480,0
4842,2531526580766,2531526698234,80281440,480,0
4843,2531526580832,2531526798708,80281920,480,0
4844,2531526734269,2531526898975,80282400,480,0
4845,2531526944366,2531526999494,80282880,480,0
4846,2531526944433,2531527100472,80283360,480,0
4847,2531527059051,2531527201746,80283840,480,0
4848,2531527221154,2531527297283,80284320,480,0
4849,2531527221212,2531527398506,80284800,480,0
4850,2531527366126,2531527499188,80285280,480,0
4851,2531527523461,2531527600232,80285760,480,0
4852,2531527523507,2531527700462,80286240,480,0
4853,2531527684180,2531527802225,80286720,480,0
4854,2531527684249,2531527898067,80287200,480,0
4855,2531527838438,2531527999398,80287680,480,0
4856,2531527991606,2531528099643,80288160,480,0
4857,2531527991675,2531528200313,80288640,480,0
4858,2531528141084,2531528295263,80289120,480,0
4859,2531528305353,2531528401147,80289600,480,0
4860,2531528305423,2531528496483,80290080,480,0
4861,2531528454608,2531528597181,80290560,480,0
4862,2531528614190,2531528702659,80291040,480,0
4863,2531528614262,2531528798245,80291520,480,0
4864,2531528769899,2531528898268,80292000,480,0
4865,2531528920649,2531528998484,80292480,480,0
4866,2531528920712,2531529099234,80292960,480,0
4867,2531529086132,2531529199352,80293440,480,0
4868,2531529086197,2531529299636,80293920,480,0
4869,2531529246910,2531529399920,80294400,480,0
4870,2531529406256,2531529500267,80294880,480,0
4871,2531529406307,2531529595893,80295360,480,0
4872,2531529563462,2531529701830,80295840,480,0
4873,2531529718189,2531529801842,80296320,480,0
4874,2531529718306,2531529897361,80296800,480,0
4875,2531529875114,2531529998198,80297280,480,0
4876,2531529875204,2531530099030,80297760,480,0
4877,2531530025115,2531530199705,80298240,480,0
4878,2531530189708,2531530299554,80298720,480,0
4879,2531530189775,2531530399731,80299200,480,0
4880,2531530351109,2531530500295,80299680,480,0
4881,2531530502555,2531530596359,80300160,480,0
4882,2531530502664,2531530701569,80300640,480,0
4883,2531530664729,2531530802111,80301120,480,0
4884,2531530824831,2531530898937,80301600,480,0
4885,2531530824945,2531531000333,80302080,480,0
4886,2531530971694,2531531095633,80302560,480,0
4887,2531531133573,2531531201527,80303040,480,0
4888,2531531133695,2531531296761,80303520,480,0
4889,2531531290201,2531531402995,80304000,480,0
4890,2531531290246,2531531497659,80304480,480,0
4891,2531531448523,2531531598878,80304960,480,0
4892,2531531605258,2531531698786,80305440,480,0
4893,2531531606258,2531531800228,80305920,480,0
4894,2531531764954,2531531900091,80306400,480,0
4895,2531531921643,2531532000235,80306880,480,0
4896,2531531921708,2531532096119,80307360,480,0
4897,2531532080802,2531532202095,80307840,480,0
4898,2531532080866,2531532297283,80308320,480,0
4899,2531532229398,2531532398542,80308800,480,0
4900,2531532380959,2531532498729,80309280,480,0
4901,2531532380998,2531532599872,80309760,480,0
4902,2531532538871,2531532700474,80310240,480,0
4903,2531532700533,2531532795708,80310720,480,0
4904,2531532700644,2531532901253,80311200,480,0
4905,2531532852778,2531532996693,80311680,480,0
4906,2531533011954,2531533097070,80312160,480,0
4907,2531533012045,2531533202761,80312640,480,0
4908,2531533153527,2531533297958,80313120,480,0
4909,2531533314847,2531533398804,80313600,480,0
4910,2531533314924,2531533499420,80314080,480,0
4911,2531533471983,2531533600502,80314560,480,0
4912,2531533633164,2531533700578,80315040,480,0
4913,2531533633252,2531533795976,80315520,480,0
4914,2531533788885,2531533901546,80316000,480,0
4915,2531533788942,2531533996996,80316480,480,0
4916,2531533945662,2531534097398,80316960,480,0
4917,2531534104562,2531534202888,80317440,480,0
4918,2531534104645,2531534298615,80317920,480,0
4919,2531534257001,2531534399865,80318400,480,0
4920,2531534422120,2531534495024,80318880,480,0
4921,2531534422200,2531534597587,80319360,480,0
4922,2531534578804,2531534701207,80319840,480,0
4923,2531534578869,2531534796441,80320320,480,0
4924,2531534737376,2531534902019,80320800,480,0
4925,2531534901783,2531534997227,80321280,480,0
4926,2531534901869,2531535098378,80321760,480,0
4927,2531535055637,2531535198724,80322240,480,0
4928,2531535207355,2531535293533,80322720,480,0
4929,2531535207428,2531535400425,80323200,480,0
4930,2531535367442,2531535500251,80323680,480,0
4931,2531535517737,2531535596006,80324160,480,0
4932,2531535517792,2531535701593,80324640,480,0
4933,2531535669884,2531535797022,80325120,480,0
4934,2531535824687,2531535897913,80325600,480,0
4935,2531535824765,2531535999255,80326080,480,0
4936,2531535981500,2531536099999,80326560,480,0
4937,2531535981578,2531536199806,80327040,480,0
4938,2531536139525,2531536300289,80327520,480,0
4939,2531536293430,2531536396096,80328000,480,0
4940,2531536293479,2531536501256,80328480,480,0
4941,2531536452379,2531536597014,80328960,480,0
4942,2531536614540,2531536702174,80329440,480,0
4943,2531536614584,2531536797437,80329920,480,0
4944,2531536772030,2531536898774,80330400,480,0
4945,2531536773838,2531536998890,80330880,480,0
4946,2531536921795,2531537099931,80331360,480,0
4947,2531537080046,2531537200439,80331840,480,0
4948,2531537080118,2531537295772,80332320,480,0
4949,2531537234306,2531537396905,80332800,480,0
4950,2531537397047,2531537502018,80333280,480,0
4951,2531537397117,2531537597423,80333760,480,0
4952,2531537554332,2531537698451,80334240,480,0
4953,2531537706485,2531537801236,80334720,480,0
4954,2531537706575,2531537896374,80335200,480,0
4955,2531537865068,2531538001773,80335680,480,0
4956,2531538019091,2531538097720,80336160,480,0
4957,2531538019158,2531538197901,80336640,480,0
4958,2531538178369,2531538298397,80337120,480,0
4959,2531538178451,2531538399737,80337600,480,0
4960,2531538337229,2531538499294,80338080,480,0
4961,2531538491725,2531538600325,80338560,480,0
4962,2531538491775,2531538700558,80339040,480,0
4963,2531538651552,2531538795301,80339520,480,0
4964,2531538806800,2531538900604,80340000,480,0
4965,2531538806881,2531538995870,80340480,480,0
4966,2531538963803,2531539096268,80340960,480,0
4967,2531539124138,2531539201887,80341440,480,0
4968,2531539124226,2531539297117,80341920,480,0
4969,2531539280414,2531539397564,80342400,480,0
4970,2531539280489,2531539498625,80342880,480,0
4971,2531539434541,2531539599361,80343360,480,0
4972,2531539588920,2531539700209,80343840,480,0
4973,2531539588979,2531539800950,80344320,480,0
4974,2531539742689,2531539896521,80344800,480,0
4975,2531539900448,2531540002184,80345280,480,0
4976,2531539900523,2531540097359,80345760,480,0
4977,2531540055388,2531540198573,80346240,480,0
4978,2531540215769,2531540293397,80346720,480,0
4979,2531540215834,2531540399048,80347200,480,0
4980,2531540371148,2531540499407,80347680,480,0
4981,2531540525915,2531540599660,80348160,480,0
4982,2531540525981,2531540700466,80348640,480,0
4983,2531540677544,2531540795542,80349120,480,0
4984,2531540677619,2531540901578,80349600,480,0
4985,2531540829768,2531540996591,80350080,480,0
4986,2531540983447,2531541097569,80350560,480,0
4987,2531540983516,2531541202543,80351040,480,0
4988,2531541136602,2531541298296,80351520,480,0
4989,2531541290187,2531541398616,80352000,480,0
4990,2531541290246,2531541499103,80352480,480,0
4991,2531541447050,2531541599450,80352960,480,0
4992,2531541596968,2531541700164,80353440,480,0
4993,2531541597018,2531541800881,80353920,480,0
4994,2531541756826,2531541895915,80354400,480,0
4995,2531541909801,2531541996739,80354880,480,0
4996,2531541909873,2531542097093,80355360,480,0
4997,2531542058798,2531542202541,80355840,480,0
4998,2531542215063,2531542298717,80356320,480,0
4999,2531542215137,2531542398650,80356800,480,0
5000,2531542378903,2531542498893,80357280,480,0
5001,2531542378956,2531542599274,80357760,480,0
5002,2531542526410,2531542699918,80358240,480,0
5003,2531542682499,2531542800439,80358720,480,0
5004,2531542682545,2531542895504,80359200,480,0
5005,2531542839592,2531543001511,80359680,480,0
5006,2531543112618,2531543098885,80360160,480,0
5007,2531543112686,2531543199520,80360640,480,0
5008,2531543112703,2531543299923,80361120,480,0
5009,2531543319757,2531543400293,80361600,480,0
5010,2531543319795,2531543500457,80362080,480,0
5011,2531543459317,2531543595895,80362560,480,0
5012,2531543626156,2531543701491,80363040,480,0
5013,2531543626216,2531543797202,80363520,480,0
5014,2531543809632,2531543897903,80364000,480,0
5015,2531543809702,2531544001796,80364480,480,0
5016,2531543922040,2531544100877,80364960,480,0
5017,2531544080458,2531544200640,80365440,480,0
5018,2531544080526,2531544295186,80365920,480,0
5019,2531544240623,2531544400944,80366400,480,0
5020,2531544403021,2531544496176,80366880,480,0
5021,2531544403103,2531544596644,80367360,480,0
5022,2531544553868,2531544702306,80367840,480,0
5023,2531544705891,2531544797651,80368320,480,0
5024,2531544705969,2531544898013,80368800,480,0
5025,2531544859986,2531544998454,80369280,480,0
5026,2531545017579,2531545099095,80369760,480,0
5027,2531545017633,2531545199837,80370240,480,0
5028,2531545174721,2531545299783,80370720,480,0
5029,2531545174797,2531545400379,80371200,480,0
5030,2531545322233,2531545501972,80371680,480,0
5031,2531545504985,2531545596907,80372160,480,0
5032,2531545505030,2531545702432,80372640,480,0
5033,2531545644119,2531545797729,80373120,480,0
5034,2531545800289,2531545898947,80373600,480,0
5035,2531545800359,2531545998637,80374080,480,0
5036,2531545956465,2531546099521,80374560,480,0
5037,2531546106766,2531546194806,80375040,480,0
5038,2531546106857,2531546300181,80375520,480,0
5039,2531546263508,2531546395320,80376000,480,0
5040,2531546425142,2531546500965,80376480,480,0
5041,2531546425235,2531546596408,80376960,480,0
5042,2531546579202,2531546702116,80377440,480,0
5043,2531546579356,2531546798194,80377920,480,0
5044,2531546734673,2531546898446,80378400,480,0
5045,2531546891841,2531546998516,80378880,480,0
5046,2531546891900,2531547098917,80379360,480,0
5047,2531547046075,2531547199193,80379840,480,0
5048,2531547206133,2531547299421,80380320,480,0
5049,2531547206188,2531547400112,80380800,480,0
5050,2531547363346,2531547500077,80381280,480,0
5051,2531547516512,2531547595728,80381760,480,0
5052,2531547516573,2531547701479,80382240,480,0
5053,2531547673055,2531547796370,80382720,480,0
5054,2531547831167,2531547901905,80383200,480,0
5055,2531547831350,2531547997323,80383680,480,0
5056,2531547980653,2531548098281,80384160,480,0
5057,2531547980740,2531548198504,80384640,480,0
5058,2531548142044,2531548299489,80385120,480,0
5059,2531548301763,2531548399359,80385600,480,0
5060,2531548301825,2531548499641,80386080,480,0
5061,2531548447717,2531548595294,80386560,480,0
5062,2531548601590,2531548703346,80387040,480,0
5063,2531548601662,2531548801570,80387520,480,0
5064,2531548753931,2531548896852,80388000,480,0
5065,2531548909226,2531549002360,80388480,480,0
5066,2531548909293,2531549098286,80388960,480,0
5067,2531549059888,2531549198692,80389440,480,0
5068,2531549216265,2531549298678,80389920,480,0
5069,2531549216334,2531549399208,80390400,480,0
5070,2531549374865,2531549499406,80390880,480,0
5071,2531549374934,2531549599918,80391360,480,0
5072,2531549526221,2531549700195,80391840,480,0
5073,2531549684707,2531549795669,80392320,480,0
5074,2531549684752,2531549896116,80392800,480,0
5075,2531549838927,2531550001354,80393280,480,0
5076,2531549990484,2531550098927,80393760,480,0
5077,2531549990551,2531550198947,80394240,480,0
5078,2531550145708,2531550299384,80394720,480,0
5079,2531550307737,2531550400140,80395200,480,0
5080,2531550307785,2531550500129,80395680,480,0
5081,2531550457916,2531550595708,80396160,480,0
5082,2531550612508,2531550701374,80396640,480,0
5083,2531550612563,2531550796603,80397120,480,0
5084,2531550778250,2531550902271,80397600,480,0
5085,2531550778290,2531551002343,80398080,480,0
5086,2531550932867,2531551098667,80398560,480,0
5087,2531551092041,2531551200430,80399040,480,0
5088,2531551092087,2531551300368,80399520,480,0
5089,2531551252024,2531551400485,80400000,480,0
5090,2531551411069,2531551492992,80400480,480,0
5091,2531551411131,2531551599439,80400960,480,0
5092,2531551563809,2531551699561,80401440,480,0
5093,2531551723331,2531551800535,80401920,480,0
5094,2531551723388,2531551896114,80402400,480,0
5095,2531551882440,2531552001418,80402880,480,0
5096,2531551882564,2531552097635,80403360,480,0
5097,2531552039225,2531552198297,80403840,480,0
5098,2531552191494,2531552294135,80404320,480,0
5099,2531552191558,2531552399435,80404800,480,0
5100,2531552337422,2531552500099,80405280,480,0
5101,2531552486469,2531552600218,80405760,480,0
5102,2531552486538,2531552695814,80406240,480,0
5103,2531552645244,2531552802087,80406720,480,0
5104,2531552796822,2531552897341,80407200,480,0
5105,2531552796879,2531553002454,80407680,480,0
5106,2531552946803,2531553099079,80408160,480,0
5107,2531553107460,2531553194458,80408640,480,0
5108,2531553107516,2531553299428,80409120,480,0
5109,2531553262771,2531553399903,80409600,480,0
5110,2531553432878,2531553500049,80410080,480,0
5111,2531553432962,2531553595838,80410560,480,0
5112,2531553576543,2531553702180,80411040,480,0
5113,2531553576788,2531553802011,80411520,480,0
5114,2531553735027,2531553898562,80412000,480,0
5115,2531553882372,2531553999724,80412480,480,0
5116,2531553882433,2531554100337,80412960,480,0
5117,2531554050668,2531554195875,80413440,480,0
5118,2531554198442,2531554301544,80413920,480,0
5119,2531554198515,2531554396742,80414400,480,0
5120,2531554359939,2531554502537,80414880,480,0
5121,2531554504571,2531554598188,80415360,480,0
5122,2531554504637,2531554699055,80415840,480,0
5123,2531554667596,2531554800109,80416320,480,0
5124,2531554822178,2531554901032,80416800,480,0
5125,2531554822245,2531554999780,80417280,480,0
5126,2531554981504,2531555100536,80417760,480,0
5127,2531554981575,2531555196350,80418240,480,0
5128,2531555141163,2531555301590,80418720,480,0
5129,2531555303782,2531555396926,80419200,480,0
5130,2531555303844,2531555502931,80419680,480,0
5131,2531555447634,2531555598677,80420160,480,0
5132,2531555609133,2531555699110,80420640,480,0
5133,2531555609189,2531555799682,80421120,480,0
5134,2531555762148,2531555900060,80421600,480,0
5135,2531555924799,2531556000140,80422080,480,0
5136,2531555924870,2531556096018,80422560,480,0
5137,2531556079292,2531556201686,80423040,480,0
5138,2531556079363,2531556296924,80423520,480,0
5139,2531556244325,2531556402601,80424000,480,0
5140,2531556391705,2531556497693,80424480,480,0
5141,2531556391763,2531556598788,80424960,480,0
5142,2531556545400,2531556699355,80425440,480,0
5143,2531556705758,2531556799617,80425920,480,0
5144,2531556705849,2531556900127,80426400,480,0
5145,2531556863422,2531557000400,80426880,480,0
5146,2531557026892,2531557095614,80427360,480,0
5147,2531557026968,2531557201454,80427840,480,0
5148,2531557188663,2531557302289,80428320,480,0
5149,2531557188722,2531557397292,80428800,480,0
5150,2531557348403,2531557502766,80429280,480,0
5151,2531557505928,2531557600798,80429760,480,0
5152,2531557506026,2531557695900,80430240,480,0
5153,2531557665016,2531557801584,80430720,480,0
5154,2531557826120,2531557896964,80431200,480,0
5155,2531557826198,2531558002399,80431680,480,0
5156,2531557981656,2531558098693,80432160,480,0
5157,2531557981716,2531558199744,80432640,480,0
5158,2531558136228,2531558299044,80433120,480,0
5159,2531558297850,2531558399925,80433600,480,0
5160,2531558297921,2531558500334,80434080,480,0
5161,2531558455258,2531558600700,80434560,480,0
5162,2531558607879,2531558699500,80435040,480,0
5163,2531558607951,2531558799968,80435520,480,0
5164,2531558761880,2531558900129,80436000,480,0
5165,2531558921942,2531559000153,80436480,480,0
5166,2531558922014,2531559100597,80436960,480,0
5167,2531559087404,2531559195772,80437440,480,0
5168,2531559087446,2531559300992,80437920,480,0
5169,2531559241878,2531559396520,80438400,480,0
5170,2531559399948,2531559501522,80438880,480,0
5171,2531559400008,2531559597118,80439360,480,0
5172,2531559556412,2531559703085,80439840,480,0
5173,2531559716247,2531559801555,80440320,480,0
5174,2531559716329,2531559896660,80440800,480,0
5175,2531559871458,2531560002187,80441280,480,0
5176,2531559871528,2531560097943,80441760,480,0
5177,2531560019209,2531560193386,80442240,480,0
5178,2531560176134,2531560299269,80442720,480,0
5179,2531560176183,2531560399422,80443200,480,0
5180,2531560338287,2531560499454,80443680,480,0
5181,2531560491367,2531560600130,80444160,480,0
5182,2531560491409,2531560700118,80444640,480,0
5183,2531560653127,2531560801663,80445120,480,0
5184,2531560814219,2531560896889,80445600,480,0
5185,2531560814289,2531561002312,80446080,480,0
5186,2531560977059,2531561097712,80446560,480,0
5187,2531560977133,2531561193168,80447040,480,0
5188,2531561136124,2531561298512,80447520,480,0
5189,2531561291768,2531561394069,80448000,480,0
5190,2531561291845,2531561499920,80448480,480,0
5191,2531561453070,2531561600298,80448960,480,0
5192,2531561608636,2531561700558,80449440,480,0
5193,2531561608723,2531561801657,80449920,480,0
5194,2531561763858,2531561896915,80450400,480,0
5195,2531561918992,2531562002119,80450880,480,0
5196,2531561919382,2531562097802,80451360,480,0
5197,2531562079517,2531562193161,80451840,480,0
5198,2531562079569,2531562298572,80452320,480,0
5199,2531562235959,2531562399211,80452800,480,0
5200,2531562393806,2531562499075,80453280,480,0
5201,2531562393857,2531562599620,80453760,480,0
5202,2531562548205,2531562700089,80454240,480,0
5203,2531562709818,2531562801107,80454720,480,0
5204,2531562709886,2531562896475,80455200,480,0
5205,2531562855031,2531563001965,80455680,480,0
5206,2531563009151,2531563097252,80456160,480,0
5207,2531563009200,2531563202677,80456640,480,0
5208,2531563161714,2531563298052,80457120,480,0
5209,2531563321652,2531563398397,80457600,480,0
5210,2531563321713,2531563499207,80458080,480,0
5211,2531563483306,2531563599852,80458560,480,0
5212,2531563483391,2531563700014,80459040,480,0
5213,2531563639577,2531563800657,80459520,480,0
5214,2531563792698,2531563895241,80460000,480,0
5215,2531563792757,2531564000719,80460480,480,0
5216,2531563953513,2531564096427,80460960,480,0
5217,2531564109043,2531564202131,80461440,480,0
5218,2531564109094,2531564302336,80461920,480,0
5219,2531564260697,2531564398188,80462400,480,0
5220,2531564410575,2531564499186,80462880,480,0
5221,2531564410659,2531564599624,80463360,480,0
5222,2531564563872,2531564700114,80463840,480,0
5223,2531564724940,2531564801474,80464320,480,0
5224,2531564724996,2531564896404,80464800,480,0
5225,2531564879129,2531565001900,80465280,480,0
5226,2531564879191,2531565097683,80465760,480,0
5227,2531565032218,2531565193222,80466240,480,0
5228,2531565185557,2531565298310,80466720,480,0
5229,2531565185616,2531565399446,80467200,480,0
5230,2531565338628,2531565499119,80467680,480,0
5231,2531565507053,2531565599886,80468160,480,0
5232,2531565507113,2531565700655,80468640,480,0
5233,2531565735373,2531565801865,80469120,480,0
5234,2531565735446,2531565897093,80469600,480,0
5235,2531565878579,2531566002728,80470080,480,0
5236,2531565878619,2531566098364,80470560,480,0
5237,2531566025810,2531566200283,80471040,480,0
5238,2531566152182,2531566299297,80471520,480,0
5239,2531566298226,2531566399625,80472000,480,0
5240,2531566298275,2531566500126,80472480,480,0
5241,2531566472544,2531566600541,80472960,480,0
5242,2531566472603,2531566697878,80473440,480,0
5243,2531566598035,2531566801862,80473920,480,0
5244,2531566755563,2531566897149,80474400,480,0
5245,2531566915275,2531567002517,80474880,480,0
5246,2531566915339,2531567101008,80475360,480,0
5247,2531567075808,2531567201400,80475840,480,0
5248,2531567075876,2531567296535,80476320,480,0
5249,2531567217432,2531567402085,80476800,480,0
5250,2531567381857,2531567497518,80477280,480,0
5251,2531567381914,2531567599647,80477760,480,0
5252,2531567541187,2531567693309,80478240,480,0
5253,2531567695711,2531567799313,80478720,480,0
5254,2531567696015,2531567899139,80479200,480,0
5255,2531567847277,2531567999503,80479680,480,0
5256,2531568004427,2531568100795,80480160,480,0
5257,2531568004487,2531568195293,80480640,480,0
5258,2531568152454,2531568301080,80481120,480,0
5259,2531568328149,2531568396738,80481600,480,0
5260,2531568328244,2531568502998,80482080,480,0
5261,2531568482759,2531568597518,80482560,480,0
5262,2531568482978,2531568697524,80483040,480,0
5263,2531568631114,2531568798560,80483520,480,0
5264,2531568780087,2531568898751,80484000,480,0
5265,2531568780149,2531568999544,80484480,480,0
5266,2531568934835,2531569100457,80484960,480,0
5267,2531569097468,2531569199572,80485440,480,0
5268,2531569097528,2531569300471,80485920,480,0
5269,2531569256384,2531569400360,80486400,480,0
5270,2531569411746,2531569492959,80486880,480,0
5271,2531569411849,2531569599584,80487360,480,0
5272,2531569577271,2531569699629,80487840,480,0
5273,2531569577333,2531569800227,80488320,480,0
5274,2531569732799,2531569895764,80488800,480,0
5275,2531569890477,2531570001081,80489280,480,0
5276,2531569890537,2531570096871,80489760,480,0
5277,2531570043114,2531570203167,80490240,480,0
5278,2531570203405,2531570297973,80490720,480,0
5279,2531570203500,2531570393469,80491200,480,0
5280,2531570357153,2531570499996,80491680,480,0
5281,2531570507052,2531570595093,80492160,480,0
5282,2531570507142,2531570701210,80492640,480,0
5283,2531570664803,2531570796760,80493120,480,0
5284,2531570814777,2531570896901,80493600,480,0
5285,2531570814834,2531571002036,80494080,480,0
5286,2531570965896,2531571098319,80494560,480,0
5287,2531571134634,2531571194247,80495040,480,0
5288,2531571134730,2531571300790,80495520,480,0
5289,2531571282969,2531571399575,80496000,480,0
5290,2531571283074,2531571500015,80496480,480,0
5291,2531571441046,2531571600559,80496960,480,0
5292,2531571602517,2531571695962,80497440,480,0
5293,2531571602587,2531571801774,80497920,480,0
5294,2531571755483,2531571897022,80498400,480,0
5295,2531571912977,2531572002319,80498880,480,0
5296,2531571913081,2531572098328,80499360,480,0
5297,2531572075883,2531572198824,80499840,480,0
5298,2531572075946,2531572299330,80500320,480,0
5299,2531572225941,2531572399603,80500800,480,0
5300,2531572382103,2531572500038,80501280,480,0
5301,2531572382189,2531572595399,80501760,480,0
5302,2531572541119,2531572700966,80502240,480,0
5303,2531572695186,2531572797156,80502720,480,0
5304,2531572695266,2531572897272,80503200,480,0
5305,2531572857331,2531573002335,80503680,480,0
5306,2531573017178,2531573098069,80504160,480,0
5307,2531573017250,2531573193553,80504640,480,0
5308,2531573162363,2531573298943,80505120,480,0
5309,2531573324730,2531573399663,80505600,480,0
5310,2531573324814,2531573500271,80506080,480,0
5311,2531573486588,2531573595552,80506560,480,0
5312,2531573486675,2531573701644,80507040,480,0
5313,2531573650126,2531573796761,80507520,480,0
5314,2531573801419,2531573902286,80508000,480,0
5315,2531573801496,2531573997272,80508480,480,0
5316,2531573966087,2531574098747,80508960,480,0
5317,2531574111862,2531574198969,80509440,480,0
5318,2531574111958,2531574299775,80509920,480,0
5319,2531574267374,2531574399771,80510400,480,0
5320,2531574425416,2531574500179,80510880,480,0
5321,2531574425503,2531574596591,80511360,480,0
5322,2531574578521,2531574701978,80511840,480,0
5323,2531574578573,2531574802486,80512320,480,0
5324,2531574730724,2531574898335,80512800,480,0
5325,2531574881007,2531574999314,80513280,480,0
5326,2531574881074,2531575099529,80513760,480,0
5327,2531575035908,2531575200180,80514240,480,0
5328,2531575197829,2531575295722,80514720,480,0
5329,2531575200130,2531575401301,80515200,480,0
5330,2531575353177,2531575496443,80515680,480,0
5331,2531575505650,2531575597342,80516160,480,0
5332,2531575505739,2531575703055,80516640,480,0
5333,2531575656562,2531575802359,80517120,480,0
5334,2531575814649,2531575896670,80517600,480,0
5335,2531575814737,2531576002596,80518080,480,0
5336,2531575971109,2531576098190,80518560,480,0
5337,2531575971167,2531576198628,80519040,480,0
5338,2531576129809,2531576299295,80519520,480,0
5339,2531576282826,2531576399380,80520000,480,0
5340,2531576282883,2531576499696,80520480,480,0
5341,2531576440472,2531576600375,80520960,480,0
5342,2531576590022,2531576695720,80521440,480,0
5343,2531576590134,2531576801443,80521920,480,0
5344,2531576746422,2531576896420,80522400,480,0
5345,2531576900574,2531577003070,80522880,480,0
5346,2531576900639,2531577098019,80523360,480,0
5347,2531577058174,2531577193523,80523840,480,0
5348,2531577218680,2531577294366,80524320,480,0
5349,2531577218740,2531577399762,80524800,480,0
5350,2531577376957,2531577500244,80525280,480,0
5351,2531577377018,2531577598818,80525760,480,0
5352,2531577534403,2531577703357,80526240,480,0
5353,2531577691779,2531577796819,80526720,480,0
5354,2531577691832,2531577897754,80527200,480,0
5355,2531577849745,2531577998128,80527680,480,0
5356,2531577998181,2531578099196,80528160,480,0
5357,2531577998245,2531578196097,80528640,480,0
5358,2531578155715,2531578300992,80529120,480,0
5359,2531578312644,2531578399681,80529600,480,0
5360,2531578312711,2531578500285,80530080,480,0
5361,2531578471986,2531578595603,80530560,480,0
5362,2531578635470,2531578701010,80531040,480,0
5363,2531578635535,2531578796152,80531520,480,0
5364,2531578789244,2531578901817,80532000,480,0
5365,2531578789314,2531578996866,80532480,480,0
5366,2531578944738,2531579097158,80532960,480,0
5367,2531579098909,2531579198049,80533440,480,0
5368,2531579098974,2531579298019,80533920,480,0
5369,2531579255489,2531579399575,80534400,480,0
5370,2531579411025,2531579499734,80534880,480,0
5371,2531579411100,2531579599666,80535360,480,0
5372,2531579570141,2531579699923,80535840,480,0
5373,2531579570199,2531579795617,80536320,480,0
5374,2531579727151,2531579901120,80536800,480,0
5375,2531579889736,2531579996001,80537280,480,0
5376,2531579889813,2531580096509,80537760,480,0
5377,2531580056617,2531580202352,80538240,480,0
5378,2531580206270,2531580297386,80538720,480,0
5379,2531580206356,2531580397908,80539200,480,0
5380,2531580357943,2531580498245,80539680,480,0
5381,2531580506004,2531580593290,80540160,480,0
5382,2531580506087,2531580699664,80540640,480,0
5383,2531580662796,2531580799776,80541120,480,0
5384,2531580813068,2531580900316,80541600,480,0
5385,2531580813130,2531581001188,80542080,480,0
5386,2531580974500,2531581096605,80542560,480,0
5387,2531580974581,2531581202150,80543040,480,0
5388,2531581122858,2531581297291,80543520,480,0
5389,2531581278831,2531581397543,80544000,480,0
5390,2531581278875,2531581497666,80544480,480,0
5391,2531581435258,2531581598303,80544960,480,0
5392,2531581597762,2531581698554,80545440,480,0
5393,2531581597830,2531581799144,80545920,480,0
5394,2531581746160,2531581899334,80546400,480,0
5395,2531581901411,2531581999766,80546880,480,0
5396,2531581901454,2531582100255,80547360,480,0
5397,2531582057867,2531582195443,80547840,480,0
5398,2531582212911,2531582300892,80548320,480,0
5399,2531582212987,2531582396299,80548800,480,0
5400,2531582370427,2531582503418,80549280,480,0
5401,2531582524802,2531582598649,80549760,480,0
5402,2531582524879,2531582699091,80550240,480,0
5403,2531582677556,2531582799764,80550720,480,0
5404,2531582677615,2531582899704,80551200,480,0
5405,2531582835832,2531582999850,80551680,480,0
5406,2531582993835,2531583098406,80552160,480,0
5407,2531582993904,2531583198559,80552640,480,0
5408,2531583145360,2531583298600,80553120,480,0
5409,2531583300388,2531583399107,80553600,480,0
5410,2531583300456,2531583499323,80554080,480,0
5411,2531583456261,2531583599524,80554560,480,0
5412,2531583655761,2531583699833,80555040,480,0
5413,2531583655815,2531583795081,80555520,480,0
5414,2531583784307,2531583900796,80556000,480,0
5415,2531583784372,2531583996384,80556480,480,0
5416,2531583961262,2531584096789,80556960,480,0
5417,2531584084299,2531584197324,80557440,480,0
5418,2531584084341,2531584298315,80557920,480,0
5419,2531584249247,2531584398639,80558400,480,0
5420,2531584398559,2531584498923,80558880,480,0
5421,2531584398606,2531584599527,80559360,480,0
5422,2531584553449,2531584699703,80559840,480,0
5423,2531584700823,2531584800221,80560320,480,0
5424,2531584700899,2531584895233,80560800,480,0
5425,2531584866552,2531585000880,80561280,480,0
5426,2531585018144,2531585096353,80561760,480,0
5427,2531585018186,2531585201623,80562240,480,0
5428,2531585176003,2531585296938,80562720,480,0
5429,2531585176060,2531585402296,80563200,480,0
5430,2531585329060,2531585497637,80563680,480,0
5431,2531585493230,2531585598916,80564160,480,0
5432,2531585493303,2531585699153,80564640,480,0
5433,2531585635460,2531585799838,80565120,480,0
5434,2531585796529,2531585899574,80565600,480,0
5435,2531585796601,2531586000083,80566080,480,0
5436,2531585951999,2531586095693,80566560,480,0
5437,2531586101910,2531586200954,80567040,480,0
5438,2531586101980,2531586296158,80567520,480,0
5439,2531586263102,2531586402093,80568000,480,0
5440,2531586419964,2531586496809,80568480,480,0
5441,2531586420043,2531586597352,80568960,480,0
5442,2531586573294,2531586698437,80569440,480,0
5443,2531586573384,2531586798797,80569920,480,0
5444,2531586727817,2531586899064,80570400,480,0
5445,2531586882373,2531586999274,80570880,480,0
5446,2531586882640,2531587099864,80571360,480,0
5447,2531587038156,2531587195554,80571840,480,0
5448,2531587186737,2531587295576,80572320,480,0
5449,2531587186782,2531587401837,80572800,480,0
5450,2531587352792,2531587496766,80573280,480,0
5451,2531587503331,2531587597037,80573760,480,0
5452,2531587503404,2531587697767,80574240,480,0
5453,2531587663571,2531587793140,80574720,480,0
5454,2531587811998,2531587899122,80575200,480,0
5455,2531587812077,2531588000349,80575680,480,0
5456,2531587976066,2531588099938,80576160,480,0
5457,2531587976131,2531588200318,80576640,480,0
5458,2531588132453,2531588295678,80577120,480,0
5459,2531588295853,2531588401026,80577600,480,0
5460,2531588295943,2531588496805,80578080,480,0
5461,2531588444672,2531588596721,80578560,480,0
5462,2531588598321,2531588697986,80579040,480,0
5463,2531588598372,2531588793182,80579520,480,0
5464,2531588755626,2531588898503,80580000,480,0
5465,2531588943397,2531588998657,80580480,480,0
5466,2531588943465,2531589099548,80580960,480,0
5467,2531589120303,2531589199781,80581440,480,0
5468,2531589120352,2531589302040,80581920,480,0
5469,2531589243361,2531589395452,80582400,480,0
5470,2531589378889,2531589500863,80582880,480,0
5471,2531589378941,2531589597270,80583360,480,0
5472,2531589599310,2531589699026,80583840,480,0
5473,2531589599376,2531589793845,80584320,480,0
5474,2531589751845,2531589900585,80584800,480,0
5475,2531589858897,2531590000554,80585280,480,0
5476,2531589988974,2531590097751,80585760,480,0
5477,2531589989061,2531590198259,80586240,480,0
5478,2531590157637,2531590299582,80586720,480,0
5479,2531590309280,2531590402311,80587200,480,0
5480,2531590309361,2531590498438,80587680,480,0
5481,2531590462575,2531590599586,80588160,480,0
5482,2531590612384,2531590694505,80588640,480,0
5483,2531590612463,2531590796447,80589120,480,0
5484,2531590771042,2531590902088,80589600,480,0
5485,2531590771125,2531590997110,80590080,480,0
5486,2531590929414,2531591098872,80590560,480,0
5487,2531591090080,2531591199247,80591040,480,0
5488,2531591090149,2531591299160,80591520,480,0
5489,2531591248005,2531591399493,80592000,480,0
5490,2531591404280,2531591500171,80592480,480,0
5491,2531591404365,2531591600180,80592960,480,0
5492,2531591554687,2531591696499,80593440,480,0
5493,2531591711491,2531591797052,80593920,480,0
5494,2531591711569,2531591898058,80594400,480,0
5495,2531591859098,2531592002882,80594880,480,0
5496,2531592014483,2531592093790,80595360,480,0
5497,2531592014567,2531592194338,80595840,480,0
5498,2531592164962,2531592300535,80596320,480,0
5499,2531592322160,2531592395769,80596800,480,0
5500,2531592322229,2531592501604,80597280,480,0
5501,2531592466541,2531592597435,80597760,480,0
5502,2531592628915,2531592693471,80598240,480,0
5503,2531592628980,2531592799006,80598720,480,0
5504,2531592782237,2531592900839,80599200,480,0
5505,2531592782318,2531592999787,80599680,480,0
5506,2531592939790,2531593100183,80600160,480,0
5507,2531593100039,2531593195807,80600640,480,0
5508,2531593100126,2531593301841,80601120,480,0
5509,2531593257013,2531593396392,80601600,480,0
5510,2531593415711,2531593502881,80602080,480,0
5511,2531593415775,2531593599230,80602560,480,0
5512,2531593576205,2531593700899,80603040,480,0
5513,2531593576266,2531593800353,80603520,480,0
5514,2531593737683,2531593895824,80604000,480,0
5515,2531593902500,2531594001263,80604480,480,0
5516,2531593902566,2531594097059,80604960,480,0
5517,2531594073312,2531594198796,80605440,480,0
5518,2531594073382,2531594298498,80605920,480,0
5519,2531594229868,2531594399366,80606400,480,0
5520,2531594362690,2531594499835,80606880,480,0
5521,2531594521817,2531594600475,80607360,480,0
5522,2531594521875,2531594696791,80607840,480,0
5523,2531594707256,2531594801975,80608320,480,0
5524,2531594707344,2531594896926,80608800,480,0
5525,2531594824339,2531595002504,80609280,480,0
5526,2531594987472,2531595098783,80609760,480,0
5527,2531594987555,2531595199166,80610240,480,0
5528,2531595140430,2531595299732,80610720,480,0
5529,2531595294523,2531595400096,80611200,480,0
5530,2531595294578,2531595500273,80611680,480,0
5531,2531595454323,2531595595427,80612160,480,0
5532,2531595610950,2531595701291,80612640,480,0
5533,2531595611005,2531595796759,80613120,480,0
5534,2531595762710,2531595897990,80613600,480,0
5535,2531595923807,2531595999118,80614080,480,0
5536,2531595923884,2531596100043,80614560,480,0
5537,2531596097867,2531596200092,80615040,480,0
5538,2531596097945,2531596295855,80615520,480,0
5539,2531596232093,2531596396145,80616000,480,0
5540,2531596388502,2531596501466,80616480,480,0
5541,2531596388546,2531596597781,80616960,480,0
5542,2531596546055,2531596697454,80617440,480,0
5543,2531596697496,2531596792970,80617920,480,0
5544,2531596697560,2531596899103,80618400,480,0
5545,2531596856823,2531596999302,80618880,480,0
5546,2531597018591,2531597099652,80619360,480,0
5547,2531597018681,2531597200011,80619840,480,0
5548,2531597172127,2531597300196,80620320,480,0
5549,2531597172181,2531597395228,80620800,480,0
5550,2531597338934,2531597500672,80621280,480,0
5551,2531597501654,2531597599665,80621760,480,0
5552,2531597501709,2531597699921,80622240,480,0
5553,2531597655519,2531597795873,80622720,480,0
5554,2531597809108,2531597902624,80623200,480,0
5555,2531597809180,2531597996112,80623680,480,0
5556,2531597961669,2531598097011,80624160,480,0
5557,2531598119119,2531598202428,80624640,480,0
5558,2531598119182,2531598302699,80625120,480,0
5559,2531598285731,2531598398416,80625600,480,0
5560,2531598285796,2531598498708,80626080,480,0
5561,2531598443332,2531598599717,80626560,480,0
5562,2531598589879,2531598700746,80627040,480,0
5563,2531598589944,2531598795948,80627520,480,0
5564,2531598753932,2531598901401,80628000,480,0
5565,2531598910070,2531598997072,80628480,480,0
5566,2531598910147,2531599096899,80628960,480,0
5567,2531599064107,2531599202706,80629440,480,0
5568,2531599230003,2531599298292,80629920,480,0
5569,2531599230072,2531599398368,80630400,480,0
5570,2531599383891,2531599498518,80630880,480,0
5571,2531599383945,2531599600344,80631360,480,0
5572,2531599546451,2531599695395,80631840,480,0
5573,2531599701447,2531599796407,80632320,480,0
5574,2531599701527,2531599901676,80632800,480,0
5575,2531599855156,2531599997196,80633280,480,0
5576,2531600017388,2531600097155,80633760,480,0
5577,2531600017447,2531600202739,80634240,480,0
5578,2531600173278,2531600297824,80634720,480,0
5579,2531600173332,2531600398376,80635200,480,0
5580,2531600331189,2531600498757,80635680,480,0
5581,2531600492190,2531600599190,80636160,480,0
5582,2531600492259,2531600699900,80636640,480,0
5583,2531600654358,2531600795413,80637120,480,0
5584,2531600812618,2531600902024,80637600,480,0
5585,2531600812665,2531601001151,80638080,480,0
5586,2531600974936,2531601096608,80638560,480,0
5587,2531600974995,2531601202144,80639040,480,0
5588,2531601135172,2531601297132,80639520,480,0
5589,2531601290182,2531601398138,80640000,480,0
5590,2531601290248,2531601498337,80640480,480,0
5591,2531601446887,2531601599300,80640960,480,0
5592,2531601602105,2531601699870,80641440,480,0
5593,2531601602173,2531601795305,80641920,480,0
5594,2531601753059,2531601900489,80642400,480,0
5595,2531601907465,2531601995537,80642880,480,0
5596,2531601907536,2531602095929,80643360,480,0
5597,2531602064441,2531602201425,80643840,480,0
5598,2531602218241,2531602296539,80644320,480,0
5599,2531602218326,2531602402156,80644800,480,0
5600,2531602376436,2531602497309,80645280,480,0
5601,2531602376506,2531602597931,80645760,480,0
5602,2531602532449,2531602693747,80646240,480,0
5603,2531602694901,2531602795438,80646720,480,0
5604,2531602694987,2531602902041,80647200,480,0
5605,2531602844638,2531602995830,80647680,480,0
5606,2531603005787,2531603096212,80648160,480,0
5607,2531603005854,2531603202487,80648640,480,0
5608,2531603164480,2531603297500,80649120,480,0
5609,2531603311891,2531603398272,80649600,480,0
5610,2531603311967,2531603499240,80650080,480,0
5611,2531603492347,2531603599787,80650560,480,0
5612,2531603492418,2531603700369,80651040,480,0
5613,2531603648080,2531603795460,80651520,480,0
5614,2531603800486,2531603901278,80652000,480,0
5615,2531603800858,2531603996684,80652480,480,0
5616,2531603944548,2531604097340,80652960,480,0
5617,2531604105551,2531604202763,80653440,480,0
5618,2531604105609,2531604298603,80653920,480,0
5619,2531604262544,2531604398847,80654400,480,0
5620,2531604421969,2531604499086,80654880,480,0
5621,2531604422194,2531604599581,80655360,480,0
5622,2531604580122,2531604699997,80655840,480,0
5623,2531604580182,2531604796060,80656320,480,0
5624,2531604736036,2531604899681,80656800,480,0
5625,2531604893431,2531604999760,80657280,480,0
5626,2531604893489,2531605100570,80657760,480,0
5627,2531605043617,2531605196002,80658240,480,0
5628,2531605205035,2531605301673,80658720,480,0
5629,2531605205097,2531605396606,80659200,480,0
5630,2531605364696,2531605502036,80659680,480,0
5631,2531605518950,2531605597593,80660160,480,0
5632,2531605519021,2531605692775,80660640,480,0
5633,2531605677654,2531605798429,80661120,480,0
5634,2531605677711,2531605899686,80661600,480,0
5635,2531605995651,2531605999431,80662080,480,0
5636,2531605995705,2531606101393,80662560,480,0
5637,2531605995721,2531606195520,80663040,480,0
5638,2531606163512,2531606301417,80663520,480,0
5639,2531606392151,2531606396665,80664000,480,0
5640,2531606392221,2531606502462,80664480,480,0
5641,2531606392234,2531606598122,80664960,480,0
5642,2531606504588,2531606698769,80665440,480,0
5643,2531606644854,2531606794483,80665920,480,0
5644,2531606788934,2531606900479,80666400,480,0
5645,2531606789005,2531606995757,80666880,480,0
5646,2531606932968,2531607096522,80667360,480,0
5647,2531607090843,2531607201815,80667840,480,0
5648,2531607090903,2531607297410,80668320,480,0
5649,2531607259499,2531607397895,80668800,480,0
5650,2531607422319,2531607498344,80669280,480,0
5651,2531607422392,2531607599286,80669760,480,0
5652,2531607565662,2531607699932,80670240,480,0
5653,2531607716981,2531607799981,80670720,480,0
5654,2531607717027,2531607900265,80671200,480,0
5655,2531607867064,2531608000980,80671680,480,0
5656,2531608024748,2531608096347,80672160,480,0
5657,2531608024815,2531608201691,80672640,480,0
5658,2531608181485,2531608302293,80673120,480,0
5659,2531608181552,2531608398099,80673600,480,0
5660,2531608338249,2531608499028,80674080,480,0
5661,2531608490930,2531608599635,80674560,480,0
5662,2531608491021,2531608699898,80675040,480,0
5663,2531608653857,2531608795568,80675520,480,0
5664,2531608807268,2531608901038,80676000,480,0
5665,2531608807328,2531608996083,80676480,480,0
5666,2531608964185,2531609096437,80676960,480,0
5667,2531609123817,2531609201989,80677440,480,0
5668,2531609123878,2531609297329,80677920,480,0
5669,2531609280774,2531609397807,80678400,480,0
5670,2531609280856,2531609498141,80678880,480,0
5671,2531609437204,2531609601067,80679360,480,0
5672,2531609597972,2531609699673,80679840,480,0
5673,2531609598026,2531609800130,80680320,480,0
5674,2531609753814,2531609900203,80680800,480,0
5675,2531609917272,2531609999718,80681280,480,0
5676,2531609917360,2531610100240,80681760,480,0
5677,2531610066992,2531610195876,80682240,480,0
5678,2531610228273,2531610301221,80682720,480,0
5679,2531610228360,2531610396717,80683200,480,0
5680,2531610381599,2531610501967,80683680,480,0
5681,2531610381682,2531610597445,80684160,480,0
5682,2531610532119,2531610695553,80684640,480,0
5683,2531610690850,2531610799305,80685120,480,0
5684,2531610690966,2531610899751,80685600,480,0
5685,2531610841459,2531611000123,80686080,480,0
5686,2531610995396,2531611095526,80686560,480,0
5687,2531610995481,2531611201433,80687040,480,0
5688,2531611144888,2531611296481,80687520,480,0
5689,2531611298956,2531611401911,80688000,480,0
5690,2531611299032,2531611497140,80688480,480,0
5691,2531611456198,2531611597802,80688960,480,0
5692,2531611609572,2531611693219,80689440,480,0
5693,2531611609638,2531611793941,80689920,480,0
5694,2531611768763,2531611900390,80690400,480,0
5695,2531611922704,2531612000323,80690880,480,0
5696,2531611922775,2531612096297,80691360,480,0
5697,2531612089138,2531612201635,80691840,480,0
5698,2531612089225,2531612297067,80692320,480,0
5699,2531612229920,2531612398376,80692800,480,0
5700,2531612380991,2531612500879,80693280,480,0
5701,2531612381051,2531612599607,80693760,480,0
5702,2531612539093,2531612700724,80694240,480,0
5703,2531612698835,2531612795503,80694720,480,0
5704,2531612698901,2531612901114,80695200,480,0
5705,2531612852321,2531612996226,80695680,480,0
5706,2531613013396,2531613096918,80696160,480,0
5707,2531613013514,2531613202565,80696640,480,0
5708,2531613159851,2531613298024,80697120,480,0
5709,2531613322552,2531613398277,80697600,480,0
5710,2531613322622,2531613498507,80698080,480,0
5711,2531613479991,2531613599783,80698560,480,0
5712,2531613480075,2531613695331,80699040,480,0
5713,2531613641308,2531613802248,80699520,480,0
5714,2531613798048,2531613901719,80700000,480,0
5715,2531613800671,2531613996934,80700480,480,0
5716,2531613954988,2531614097396,80700960,480,0
5717,2531614106353,2531614197778,80701440,480,0
5718,2531614106435,2531614298416,80701920,480,0
5719,2531614255939,2531614398772,80702400,480,0
5720,2531614412142,2531614493689,80702880,480,0
5721,2531614412218,2531614600176,80703360,480,0
5722,2531614570901,2531614700551,80703840,480,0
5723,2531614570970,2531614795915,80704320,480,0
5724,2531614728279,2531614902493,80704800,480,0
5725,2531614892371,2531614996253,80705280,480,0
5726,2531614892446,2531615096920,80705760,480,0
5727,2531615053781,2531615202987,80706240,480,0
5728,2531615217620,2531615298051,80706720,480,0
5729,2531615217685,2531615398445,80707200,480,0
5730,2531615373129,2531615499251,80707680,480,0
5731,2531615373208,2531615599485,80708160,480,0
5732,2531615527078,2531615699803,80708640,480,0
5733,2531615685705,2531615800134,80709120,480,0
5734,2531615685771,2531615900159,80709600,480,0
5735,2531615846837,2531615995617,80710080,480,0
5736,2531615992808,2531616096580,80710560,480,0
5737,2531615992859,2531616201573,80711040,480,0
5738,2531616153913,2531616296618,80711520,480,0
5739,2531616310058,2531616397258,80712000,480,0
5740,2531616310563,2531616498033,80712480,480,0
5741,2531616474949,2531616599014,80712960,480,0
5742,2531616475016,2531616699395,80713440,480,0
5743,2531616625404,2531616799461,80713920,480,0
5744,2531616780643,2531616899598,80714400,480,0
5745,2531616780702,2531617000130,80714880,480,0
5746,2531616942294,2531617095544,80715360,480,0
5747,2531617104708,2531617201095,80715840,480,0
5748,2531617104773,2531617296809,80716320,480,0
5749,2531617268391,2531617402345,80716800,480,0
5750,2531617423002,2531617497647,80717280,480,0
5751,2531617423193,2531617598579,80717760,480,0
5752,2531617587728,2531617698930,80718240,480,0
5753,2531617587790,2531617799217,80718720,480,0
5754,2531617745757,2531617900156,80719200,480,0
5755,2531617901296,2531617999896,80719680,480,0
5756,2531617901366,2531618100287,80720160,480,0
5757,2531618052429,2531618195810,80720640,480,0
5758,2531618213177,2531618301238,80721120,480,0
5759,2531618213242,2531618396663,80721600,480,0
5760,2531618371165,2531618502469,80722080,480,0
5761,2531618371210,2531618598535,80722560,480,0
5762,2531618524407,2531618698745,80723040,480,0
5763,2531618686905,2531618799052,80723520,480,0
5764,2531618686963,2531618899093,80724000,480,0
5765,2531618847538,2531618999505,80724480,480,0
5766,2531619007953,2531619100112,80724960,480,0
5767,2531619008056,2531619195148,80725440,480,0
5768,2531619167199,2531619300792,80725920,480,0
5769,2531619327202,2531619396070,80726400,480,0
5770,2531619327280,2531619501252,80726880,480,0
5771,2531619480099,2531619597263,80727360,480,0
5772,2531619480487,2531619697614,80727840,480,0
5773,2531619631590,2531619797466,80728320,480,0
5774,2531619782066,2531619898676,80728800,480,0
5775,2531619782131,2531619998769,80729280,480,0
5776,2531619936723,2531620099228,80729760,480,0
5777,2531620098452,2531620199561,80730240,480,0
5778,2531620098502,2531620299957,80730720,480,0
5779,2531620252898,2531620400103,80731200,480,0
5780,2531620411545,2531620502351,80731680,480,0
5781,2531620411625,2531620598802,80732160,480,0
5782,2531620576654,2531620699759,80732640,480,0
5783,2531620576717,2531620799843,80733120,480,0
5784,2531620728647,2531620900302,80733600,480,0
5785,2531620896452,2531621001832,80734080,480,0
5786,2531620896512,2531621099056,80734560,480,0
5787,2531621038649,2531621200495,80735040,480,0
5788,2531621193074,2531621300281,80735520,480,0
5789,2531621193143,2531621395606,80736000,480,0
5790,2531621353563,2531621501203,80736480,480,0
5791,2531621507819,2531621596340,80736960,480,0
5792,2531621507889,2531621701994,80737440,480,0
5793,2531621666292,2531621797582,80737920,480,0
5794,2531621820299,2531621898250,80738400,480,0
5795,2531621820392,2531621998251,80738880,480,0
5796,2531621976327,2531622099747,80739360,480,0
5797,2531621976390,2531622200497,80739840,480,0
5798,2531622134235,2531622295659,80740320,480,0
5799,2531622287530,2531622401124,80740800,480,0
5800,2531622287567,2531622496163,80741280,480,0
5801,2531622445585,2531622596566,80741760,480,0
5802,2531622603152,2531622697530,80742240,480,0
5803,2531622603209,2531622797378,80742720,480,0
5804,2531622763636,2531622897896,80743200,480,0
5805,2531622911675,2531622998455,80743680,480,0
5806,2531622911767,2531623099345,80744160,480,0
5807,2531623075228,2531623200125,80744640,480,0
5808,2531623075623,2531623295613,80745120,480,0
5809,2531623223476,2531623401440,80745600,480,0
5810,2531623384453,2531623496280,80746080,480,0
5811,2531623384533,2531623597038,80746560,480,0
5812,2531623535296,2531623698681,80747040,480,0
5813,2531623685902,2531623798154,80747520,480,0
5814,2531623685951,2531623898629,80748000,480,0
5815,2531623844603,2531623998735,80748480,480,0
5816,2531624007239,2531624099454,80748960,480,0
5817,2531624007308,2531624199856,80749440,480,0
5818,2531624161606,2531624299916,80749920,480,0
5819,2531624317977,2531624395943,80750400,480,0
5820,2531624318050,2531624501471,80750880,480,0
5821,2531624477048,2531624596403,80751360,480,0
5822,2531624477120,2531624702366,80751840,480,0
5823,2531624642053,2531624801259,80752320,480,0
5824,2531624799878,2531624901622,80752800,480,0
5825,2531624799968,2531624996818,80753280,480,0
5826,2531624972406,2531625098272,80753760,480,0
5827,2531624972462,2531625198895,80754240,480,0
5828,2531625106304,2531625299858,80754720,480,0
5829,2531625263916,2531625399978,80755200,480,0
5830,2531625408255,2531625501136,80755680,480,0
5831,2531625408756,2531625595975,80756160,480,0
5832,2531625571367,2531625701806,80756640,480,0
5833,2531625571429,2531625797116,80757120,480,0
5834,2531625729811,2531625897546,80757600,480,0
5835,2531625886073,2531625998383,80758080,480,0
5836,2531625886162,2531626099411,80758560,480,0
5837,2531626037607,2531626199219,80759040,480,0
5838,2531626189082,2531626299891,80759520,480,0
5839,2531626189146,2531626399826,80760000,480,0
5840,2531626352252,2531626500102,80760480,480,0
5841,2531626502771,2531626595531,80760960,480,0
5842,2531626502833,2531626701006,80761440,480,0
5843,2531626657122,2531626796502,80761920,480,0
5844,2531626821391,2531626902228,80762400,480,0
5845,2531626821462,2531626998106,80762880,480,0
5846,2531626977848,2531627098405,80763360,480,0
5847,2531626977901,2531627199543,80763840,480,0
5848,2531627136874,2531627299751,80764320,480,0
5849,2531627283884,2531627400083,80764800,480,0
5850,2531627283949,2531627500714,80765280,480,0
5851,2531627436969,2531627596235,80765760,480,0
5852,2531627597158,2531627702383,80766240,480,0
5853,2531627597236,2531627797516,80766720,480,0
5854,2531627747223,2531627898507,80767200,480,0
5855,2531627903652,2531627993591,80767680,480,0
5856,2531627903729,2531628100210,80768160,480,0
5857,2531628066904,2531628200088,80768640,480,0
5858,2531628212949,2531628296163,80769120,480,0
5859,2531628213007,2531628396089,80769600,480,0
5860,2531628366472,2531628501375,80770080,480,0
5861,2531628523901,2531628597256,80770560,480,0
5862,2531628523972,2531628698457,80771040,480,0
5863,2531628687481,2531628798298,80771520,480,0
5864,2531628687540,2531628899061,80772000,480,0
5865,2531628846104,2531628999384,80772480,480,0
5866,2531629010726,2531629099343,80772960,480,0
5867,2531629010800,2531629199950,80773440,480,0
5868,2531629165427,2531629300151,80773920,480,0
5869,2531629325698,2531629395542,80774400,480,0
5870,2531629325762,2531629501220,80774880,480,0
5871,2531629483042,2531629596926,80775360,480,0
5872,2531629483094,2531629702116,80775840,480,0
5873,2531629650463,2531629797448,80776320,480,0
5874,2531629799436,2531629898542,80776800,480,0
5875,2531629799485,2531629998571,80777280,480,0
5876,2531629966663,2531630099901,80777760,480,0
5877,2531630118553,2531630200762,80778240,480,0
5878,2531630118626,2531630296116,80778720,480,0
5879,2531630442500,2531630396145,80779200,480,0
5880,2531630442535,2531630501903,80779680,480,0
5881,2531630442545,2531630597205,80780160,480,0
5882,2531630609882,2531630697851,80780640,480,0
5883,2531630609944,2531630798321,80781120,480,0
5884,2531630856847,2531630898650,80781600,480,0
5885,2531630856899,2531630999078,80782080,480,0
5886,2531631054814,2531631099380,80782560,480,0
5887,2531631054863,2531631200014,80783040,480,0
5888,2531631206252,2531631300131,80783520,480,0
5889,2531631206353,2531631395461,80784000,480,0
5890,2531631356412,2531631500886,80784480,480,0
5891,2531631502834,2531631596887,80784960,480,0
5892,2531631502908,2531631702427,80785440,480,0
5893,2531631666253,2531631797932,80785920,480,0
5894,2531631826908,2531631898273,80786400,480,0
5895,2531631826964,2531631999354,80786880,480,0
5896,2531631974610,2531632099501,80787360,480,0
5897,2531631974682,2531632199981,80787840,480,0
5898,2531632129630,2531632300678,80788320,480,0
5899,2531632289054,2531632395706,80788800,480,0
5900,2531632289153,2531632502557,80789280,480,0
5901,2531632445944,2531632596866,80789760,480,0
5902,2531632605858,2531632702612,80790240,480,0
5903,2531632605947,2531632802700,80790720,480,0
5904,2531632757060,2531632898559,80791200,480,0
5905,2531632910865,2531632993913,80791680,480,0
5906,2531632910959,2531633099781,80792160,480,0
5907,2531633076048,2531633199867,80792640,480,0
5908,2531633076103,2531633300322,80793120,480,0
5909,2531633226808,2531633400767,80793600,480,0
5910,2531633381833,2531633496097,80794080,480,0
5911,2531633381890,2531633596370,80794560,480,0
5912,2531633542567,2531633702387,80795040,480,0
5913,2531633699058,2531633797477,80795520,480,0
5914,2531633699143,2531633897760,80796000,480,0
5915,2531633854477,2531633998716,80796480,480,0
5916,2531634016779,2531634093312,80796960,480,0
5917,2531634016833,2531634198779,80797440,480,0
5918,2531634173402,2531634299084,80797920,480,0
5919,2531634173456,2531634399802,80798400,480,0
5920,2531634328360,2531634495275,80798880,480,0
5921,2531634481685,2531634595532,80799360,480,0
5922,2531634481735,2531634701079,80799840,480,0
5923,2531634642325,2531634796167,80800320,480,0
5924,2531634800290,2531634901827,80800800,480,0
5925,2531634800354,2531634997194,80801280,480,0
5926,2531634955026,2531635097759,80801760,480,0
5927,2531635110870,2531635193175,80802240,480,0
5928,2531635110947,2531635299230,80802720,480,0
5929,2531635277287,2531635399232,80803200,480,0
5930,2531635277338,2531635499312,80803680,480,0
5931,2531635428125,2531635600327,80804160,480,0
5932,2531635596607,2531635695510,80804640,480,0
5933,2531635596675,2531635801130,80805120,480,0
5934,2531635744719,2531635899198,80805600,480,0
5935,2531635900855,2531635999076,80806080,480,0
5936,2531635900882,2531636102929,80806560,480,0
5937,2531636055005,2531636199871,80807040,480,0
5938,2531636211302,2531636300057,80807520,480,0
5939,2531636211364,2531636395111,80808000,480,0
5940,2531636367932,2531636501063,80808480,480,0
5941,2531636368229,2531636596509,80808960,480,0
5942,2531636517631,2531636702891,80809440,480,0
5943,2531636674760,2531636797560,80809920,480,0
5944,2531636674812,2531636898017,80810400,480,0
5945,2531636830382,2531636998006,80810880,480,0
5946,2531636982362,2531637099792,80811360,480,0
5947,2531636982440,2531637199901,80811840,480,0
5948,2531637136741,2531637300176,80812320,480,0
5949,2531637292475,2531637395487,80812800,480,0
5950,2531637292541,2531637501063,80813280,480,0
5951,2531637448355,2531637596689,80813760,480,0
5952,2531637594224,2531637702668,80814240,480,0
5953,2531637594282,2531637797834,80814720,480,0
5954,2531637757432,2531637898714,80815200,480,0
5955,2531637911718,2531637993898,80815680,480,0
5956,2531637911789,2531638099650,80816160,480,0
5957,2531638065344,2531638200230,80816640,480,0
5958,2531638216539,2531638295639,80817120,480,0
5959,2531638216604,2531638401014,80817600,480,0
5960,2531638368260,2531638496258,80818080,480,0
5961,2531638517680,2531638597014,80818560,480,0
5962,2531638517740,2531638702341,80819040,480,0
5963,2531638677488,2531638798143,80819520,480,0
5964,2531638677540,2531638898531,80820000,480,0
5965,2531638830523,2531638999027,80820480,480,0
5966,2531638982094,2531639099308,80820960,480,0
5967,2531638982155,2531639200005,80821440,480,0
5968,2531639141616,2531639295077,80821920,480,0
5969,2531639299147,2531639400522,80822400,480,0
5970,2531639299200,2531639495663,80822880,480,0
5971,2531639454673,2531639596087,80823360,480,0
5972,2531639607707,2531639701835,80823840,480,0
5973,2531639607781,2531639797196,80824320,480,0
5974,2531639763306,2531639900298,80824800,480,0
5975,2531639923317,2531639995667,80825280,480,0
5976,2531639923381,2531640095972,80825760,480,0
5977,2531640081045,2531640201405,80826240,480,0
5978,2531640081104,2531640296500,80826720,480,0
5979,2531640234780,2531640397279,80827200,480,0
5980,2531640388992,2531640502435,80827680,480,0
5981,2531640389040,2531640598220,80828160,480,0
5982,2531640548514,2531640699045,80828640,480,0
5983,2531640697361,2531640799247,80829120,480,0
5984,2531640697436,2531640900049,80829600,480,0
5985,2531640853458,2531641000559,80830080,480,0
5986,2531641009435,2531641096846,80830560,480,0
5987,2531641009504,2531641202493,80831040,480,0
5988,2531641155066,2531641298130,80831520,480,0
5989,2531641310909,2531641398241,80832000,480,0
5990,2531641310972,2531641500660,80832480,480,0
5991,2531641470630,2531641599812,80832960,480,0
5992,2531641626629,2531641700121,80833440,480,0
5993,2531641626688,2531641795182,80833920,480,0
5994,2531641783889,2531641895905,80834400,480,0
5995,2531641784224,2531642001562,80834880,480,0
5996,2531641943178,2531642097429,80835360,480,0
5997,2531642097156,2531642199300,80835840,480,0
5998,2531642097217,2531642299461,80836320,480,0
5999,2531642264078,2531642399811,80836800,480,0
