index,sw_ticks,qpc_position,device_position,frames,flags,phase
0,2586776863820,2586776900851,345482400,480,1,0
1,2586776871116,2586777001098,345482880,480,0,0
2,2586776871580,2586777096778,345483360,480,0,0
3,2586777013651,2586777202069,345483840,480,0,0
4,2586777164057,2586777297365,345484320,480,0,0
5,2586777325125,2586777397954,345484800,480,0,0
6,2586777325330,2586777498762,345485280,480,0,0
7,2586777485495,2586777593790,345485760,480,0,0
8,2586777485552,2586777694150,345486240,480,0,0
9,2586777646600,2586777799393,345486720,480,0,0
10,2586777807602,2586777899766,345487200,480,0,0
11,2586777807665,2586778000360,345487680,480,0,0
12,2586777962267,2586778100774,345488160,480,0,0
13,2586778118247,2586778195775,345488640,480,0,0
14,2586778118447,2586778295992,345489120,480,0,0
15,2586778282616,2586778401825,345489600,480,0,0
16,2586778282662,2586778497131,345490080,480,0,0
17,2586778433894,2586778602571,345490560,480,0,0
18,2586778583554,2586778697676,345491040,480,0,0
19,2586778583616,2586778793016,345491520,480,0,0
20,2586778744018,2586778893371,345492000,480,0,0
21,2586778901234,2586778998782,345492480,480,0,0
22,2586778901315,2586779093918,345492960,480,0,0
23,2586779061768,2586779199778,345493440,480,0,0
24,2586779217701,2586779294799,345493920,480,0,0
25,2586779217770,2586779395203,345494400,480,0,0
26,2586779382673,2586779501046,345494880,480,0,0
27,2586779382744,2586779595917,345495360,480,0,0
28,2586779532645,2586779701267,345495840,480,0,0
29,2586779688531,2586779796676,345496320,480,0,0
30,2586779688610,2586779902083,345496800,480,0,0
31,2586779850715,2586779997746,345497280,480,0,0
32,2586780005002,2586780093232,345497760,480,0,0
33,2586780005236,2586780198543,345498240,480,0,0
34,2586780160725,2586780293920,345498720,480,0,0
35,2586780316800,2586780394054,345499200,480,0,0
36,2586780317021,2586780499984,345499680,480,0,0
37,2586780473221,2586780595442,345500160,480,0,0
38,2586780473268,2586780700917,345500640,480,0,0
39,2586780627637,2586780795978,345501120,480,0,0
40,2586780783990,2586780901637,345501600,480,0,0
41,2586780784046,2586780997599,345502080,480,0,0
42,2586780944822,2586781102656,345502560,480,0,0
43,2586781100106,2586781197959,345503040,480,0,0
44,2586781100158,2586781293898,345503520,480,0,0
45,2586781256610,2586781393515,345504000,480,0,0
46,2586781413073,2586781501230,345504480,480,0,0
47,2586781413128,2586781596569,345504960,480,0,0
48,2586781570406,2586781701960,345505440,480,0,0
49,2586781570467,2586781797192,345505920,480,0,0
50,2586781724490,2586781898040,345506400,480,0,0
51,2586781875696,2586781998484,345506880,480,0,0
52,2586781875753,2586782094059,345507360,480,0,0
53,2586782030915,2586782199753,345507840,480,0,0
54,2586782187008,2586782294448,345508320,480,0,0
55,2586782187176,2586782394623,345508800,480,0,0
56,2586782342947,2586782500874,345509280,480,0,0
57,2586782506523,2586782595741,345509760,480,0,0
58,2586782506571,2586782701287,345510240,480,0,0
59,2586782658211,2586782796931,345510720,480,0,0
60,2586782813769,2586782902049,345511200,480,0,0
61,2586782813814,2586782997678,345511680,480,0,0
62,2586782970517,2586783094409,345512160,480,0,0
63,2586782970567,2586783198405,345512640,480,0,0
64,2586783131263,2586783293568,345513120,480,0,0
65,2586783287322,2586783394039,345513600,480,0,0
66,2586783287367,2586783499993,345514080,480,0,0
67,2586783435774,2586783595253,345514560,480,0,0
68,2586783599796,2586783700689,345515040,480,0,0
69,2586783599857,2586783795812,345515520,480,0,0
70,2586783751630,2586783901372,345516000,480,0,0
71,2586783908512,2586783997002,345516480,480,0,0
72,2586783908566,2586784101993,345516960,480,0,0
73,2586784063438,2586784197263,345517440,480,0,0
74,2586784224884,2586784302679,345517920,480,0,0
75,2586784224927,2586784397924,345518400,480,0,0
76,2586784375184,2586784498602,345518880,480,0,0
77,2586784375255,2586784593660,345519360,480,0,0
78,2586784530973,2586784699256,345519840,480,0,0
79,2586784692047,2586784794521,345520320,480,0,0
80,2586784692112,2586784900193,345520800,480,0,0
81,2586784856499,2586785000826,345521280,480,0,0
82,2586785016792,2586785096165,345521760,480,0,0
83,2586785016841,2586785201716,345522240,480,0,0
84,2586785169163,2586785297049,345522720,480,0,0
85,2586785169209,2586785397350,345523200,480,0,0
86,2586785326450,2586785499835,345523680,480,0,0
87,2586785482562,2586785594903,345524160,480,0,0
88,2586785482617,2586785700482,345524640,480,0,0
89,2586785637626,2586785795633,345525120,480,0,0
90,2586785798705,2586785901246,345525600,480,0,0
91,2586785798749,2586786001662,345526080,480,0,0
92,2586785958785,2586786097284,345526560,480,0,0
93,2586786119398,2586786202443,345527040,480,0,0
94,2586786119429,2586786297580,345527520,480,0,0
95,2586786284042,2586786398125,345528000,480,0,0
96,2586786284091,2586786498775,345528480,480,0,0
97,2586786445614,2586786593912,345528960,480,0,0
98,2586786606306,2586786699508,345529440,480,0,0
99,2586786606349,2586786794474,345529920,480,0,0
100,2586786760877,2586786900201,345530400,480,0,0
101,2586786923239,2586787000850,345530880,480,0,0
102,2586786923280,2586787095955,345531360,480,0,0
103,2586787083834,2586787201294,345531840,480,0,0
104,2586787083874,2586787296701,345532320,480,0,0
105,2586787241244,2586787393642,345532800,480,0,0
106,2586787401312,2586787500135,345533280,480,0,0
107,2586787401364,2586787594572,345533760,480,0,0
108,2586787552893,2586787699917,345534240,480,0,0
109,2586787712564,2586787795287,345534720,480,0,0
110,2586787712592,2586787900885,345535200,480,0,0
111,2586787868457,2586788001468,345535680,480,0,0
112,2586788024528,2586788098570,345536160,480,0,0
113,2586788024576,2586788202102,345536640,480,0,0
114,2586788183192,2586788297121,345537120,480,0,0
115,2586788183253,2586788397670,345537600,480,0,0
116,2586788342086,2586788498869,345538080,480,0,0
117,2586788496288,2586788593684,345538560,480,0,0
118,2586788496337,2586788699243,345539040,480,0,0
119,2586788662016,2586788794558,345539520,480,0,0
120,2586788817087,2586788900192,345540000,480,0,0
121,2586788817129,2586789000528,345540480,480,0,0
122,2586788973720,2586789095789,345540960,480,0,0
123,2586788973766,2586789201308,345541440,480,0,0
124,2586789129432,2586789296489,345541920,480,0,0
125,2586789284671,2586789402318,345542400,480,0,0
126,2586789284727,2586789497526,345542880,480,0,0
127,2586789445100,2586789592895,345543360,480,0,0
128,2586789600690,2586789698522,345543840,480,0,0
129,2586789601280,2586789793545,345544320,480,0,0
130,2586789755007,2586789893992,345544800,480,0,0
131,2586789911616,2586789999840,345545280,480,0,0
132,2586789911672,2586790095026,345545760,480,0,0
133,2586790068688,2586790200277,345546240,480,0,0
134,2586790068719,2586790295629,345546720,480,0,0
135,2586790229890,2586790401227,345547200,480,0,0
136,2586790384069,2586790496890,345547680,480,0,0
137,2586790384136,2586790602142,345548160,480,0,0
138,2586790537767,2586790697344,345548640,480,0,0
139,2586790696174,2586790802722,345549120,480,0,0
140,2586790696220,2586790898445,345549600,480,0,0
141,2586790850845,2586790998598,345550080,480,0,0
142,2586791007336,2586791093807,345550560,480,0,0
143,2586791007385,2586791199365,345551040,480,0,0
144,2586791161445,2586791294489,345551520,480,0,0
145,2586791316359,2586791400019,345552000,480,0,0
146,2586791316389,2586791500822,345552480,480,0,0
147,2586791473632,2586791596049,345552960,480,0,0
148,2586791473667,2586791701356,345553440,480,0,0
149,2586791628247,2586791796838,345553920,480,0,0
150,2586791784476,2586791897287,345554400,480,0,0
151,2586791784508,2586791997752,345554880,480,0,0
152,2586791943568,2586792093162,345555360,480,0,0
153,2586792100670,2586792198285,345555840,480,0,0
154,2586792100722,2586792293583,345556320,480,0,0
155,2586792256581,2586792393973,345556800,480,0,0
156,2586792414212,2586792501234,345557280,480,0,0
157,2586792414266,2586792596769,345557760,480,0,0
158,2586792570541,2586792702227,345558240,480,0,0
159,2586792570593,2586792797478,345558720,480,0,0
160,2586792725375,2586792897793,345559200,480,0,0
161,2586792875288,2586792998568,345559680,480,0,0
162,2586792875325,2586793093901,345560160,480,0,0
163,2586793029309,2586793198996,345560640,480,0,0
164,2586793181606,2586793294233,345561120,480,0,0
165,2586793181675,2586793394427,345561600,480,0,0
166,2586793336544,2586793500091,345562080,480,0,0
167,2586793487030,2586793595422,345562560,480,0,0
168,2586793487080,2586793700574,345563040,480,0,0
169,2586793637702,2586793795916,345563520,480,0,0
170,2586793793127,2586793901840,345564000,480,0,0
171,2586793793164,2586793996627,345564480,480,0,0
172,2586793943868,2586794102003,345564960,480,0,0
173,2586794098020,2586794197580,345565440,480,0,0
174,2586794098066,2586794302586,345565920,480,0,0
175,2586794254451,2586794397878,345566400,480,0,0
176,2586794406750,2586794500119,345566880,480,0,0
177,2586794406803,2586794600272,345567360,480,0,0
178,2586794561120,2586794695501,345567840,480,0,0
179,2586794713140,2586794800978,345568320,480,0,0
180,2586794713192,2586794901002,345568800,480,0,0
181,2586794868997,2586795001548,345569280,480,0,0
182,2586794869058,2586795097022,345569760,480,0,0
183,2586795025380,2586795202394,345570240,480,0,0
184,2586795186654,2586795297405,345570720,480,0,0
185,2586795186714,2586795397836,345571200,480,0,0
186,2586795340699,2586795498685,345571680,480,0,0
187,2586795506869,2586795593817,345572160,480,0,0
188,2586795506929,2586795694360,345572640,480,0,0
189,2586795661916,2586795799546,345573120,480,0,0
190,2586795817502,2586795900013,345573600,480,0,0
191,2586795817560,2586796000698,345574080,480,0,0
192,2586795982680,2586796100617,345574560,480,0,0
193,2586795982732,2586796195881,345575040,480,0,0
194,2586796138249,2586796301466,345575520,480,0,0
195,2586796293366,2586796401695,345576000,480,0,0
196,2586796293428,2586796497300,345576480,480,0,0
197,2586796444104,2586796602734,345576960,480,0,0
198,2586796600689,2586796697908,345577440,480,0,0
199,2586796600761,2586796793240,345577920,480,0,0
200,2586796754283,2586796893486,345578400,480,0,0
201,2586796911495,2586796999108,345578880,480,0,0
202,2586796911540,2586797094308,345579360,480,0,0
203,2586797066712,2586797199816,345579840,480,0,0
204,2586797066778,2586797295698,345580320,480,0,0
205,2586797226354,2586797400753,345580800,480,0,0
206,2586797382702,2586797495953,345581280,480,0,0
207,2586797382737,2586797601605,345581760,480,0,0
208,2586797541579,2586797696705,345582240,480,0,0
209,2586797695869,2586797802290,345582720,480,0,0
210,2586797695932,2586797897404,345583200,480,0,0
211,2586797852183,2586797997935,345583680,480,0,0
212,2586798005129,2586798093442,345584160,480,0,0
213,2586798005173,2586798193444,345584640,480,0,0
214,2586798160376,2586798298826,345585120,480,0,0
215,2586798316022,2586798399274,345585600,480,0,0
216,2586798316045,2586798499986,345586080,480,0,0
217,2586798471980,2586798595024,345586560,480,0,0
218,2586798472030,2586798700496,345587040,480,0,0
219,2586798626569,2586798795574,345587520,480,0,0
220,2586798783394,2586798901300,345588000,480,0,0
221,2586798783436,2586799001859,345588480,480,0,0
222,2586798939904,2586799097114,345588960,480,0,0
223,2586799103046,2586799202295,345589440,480,0,0
224,2586799103442,2586799297726,345589920,480,0,0
225,2586799255103,2586799398150,345590400,480,0,0
226,2586799411921,2586799500236,345590880,480,0,0
227,2586799411983,2586799595307,345591360,480,0,0
228,2586799567693,2586799700651,345591840,480,0,0
229,2586799722710,2586799797359,345592320,480,0,0
230,2586799722762,2586799901799,345592800,480,0,0
231,2586799884206,2586800001864,345593280,480,0,0
232,2586799884275,2586800097225,345593760,480,0,0
233,2586800044505,2586800202841,345594240,480,0,0
234,2586800204840,2586800297915,345594720,480,0,0
235,2586800204895,2586800393332,345595200,480,0,0
236,2586800360389,2586800499299,345595680,480,0,0
237,2586800522030,2586800594283,345596160,480,0,0
238,2586800522068,2586800699631,345596640,480,0,0
239,2586800676415,2586800794909,345597120,480,0,0
240,2586800676455,2586800900655,345597600,480,0,0
241,2586800827793,2586801000802,345598080,480,0,0
242,2586800983231,2586801096240,345598560,480,0,0
243,2586800983295,2586801201326,345599040,480,0,0
244,2586801137238,2586801296471,345599520,480,0,0
245,2586801294328,2586801397439,345600000,480,0,0
246,2586801294386,2586801498070,345600480,480,0,0
247,2586801444951,2586801593323,345600960,480,0,0
248,2586801599838,2586801698837,345601440,480,0,0
249,2586801599892,2586801793892,345601920,480,0,0
250,2586801755577,2586801894317,345602400,480,0,0
251,2586801911825,2586801999973,345602880,480,0,0
252,2586801911898,2586802095112,345603360,480,0,0
253,2586802067997,2586802200517,345603840,480,0,0
254,2586802068053,2586802295860,345604320,480,0,0
255,2586802223241,2586802403437,345604800,480,0,0
256,2586802374884,2586802496903,345605280,480,0,0
257,2586802375224,2586802602292,345605760,480,0,0
258,2586802529277,2586802697327,345606240,480,0,0
259,2586802685574,2586802802835,345606720,480,0,0
260,2586802685633,2586802898014,345607200,480,0,0
261,2586802840861,2586802998681,345607680,480,0,0
262,2586802995580,2586803093858,345608160,480,0,0
263,2586802995640,2586803199390,345608640,480,0,0
264,2586803161742,2586803294455,345609120,480,0,0
265,2586803316201,2586803400164,345609600,480,0,0
266,2586803316233,2586803500756,345610080,480,0,0
267,2586803473094,2586803595788,345610560,480,0,0
268,2586803473147,2586803701244,345611040,480,0,0
269,2586803628289,2586803796474,345611520,480,0,0
270,2586803784106,2586803902193,345612000,480,0,0
271,2586803784129,2586803997734,345612480,480,0,0
272,2586803944948,2586804093272,345612960,480,0,0
273,2586804101269,2586804198572,345613440,480,0,0
274,2586804101342,2586804293790,345613920,480,0,0
275,2586804256684,2586804394174,345614400,480,0,0
276,2586804413371,2586804501619,345614880,480,0,0
277,2586804413417,2586804596542,345615360,480,0,0
278,2586804570271,2586804702036,345615840,480,0,0
279,2586804570329,2586804797403,345616320,480,0,0
280,2586804725084,2586804897825,345616800,480,0,0
281,2586804875844,2586804998563,345617280,480,0,0
282,2586804875903,2586805093599,345617760,480,0,0
283,2586805030764,2586805199222,345618240,480,0,0
284,2586805183038,2586805294453,345618720,480,0,0
285,2586805183082,2586805395044,345619200,480,0,0
286,2586805337874,2586805501075,345619680,480,0,0
287,2586805493525,2586805596805,345620160,480,0,0
288,2586805493588,2586805696552,345620640,480,0,0
289,2586805648356,2586805801920,345621120,480,0,0
290,2586805804578,2586805897345,345621600,480,0,0
291,2586805804637,2586805997814,345622080,480,0,0
292,2586805961281,2586806093069,345622560,480,0,0
293,2586806120739,2586806198621,345623040,480,0,0
294,2586806120783,2586806293728,345623520,480,0,0
295,2586806281292,2586806394112,345624000,480,0,0
296,2586806281326,2586806500047,345624480,480,0,0
297,2586806437452,2586806595167,345624960,480,0,0
298,2586806598835,2586806700548,345625440,480,0,0
299,2586806598871,2586806795679,345625920,480,0,0
300,2586806752204,2586806901592,345626400,480,0,0
301,2586806908580,2586806996736,345626880,480,0,0
302,2586806908629,2586807102302,345627360,480,0,0
303,2586807059877,2586807197481,345627840,480,0,0
304,2586807219645,2586807292881,345628320,480,0,0
305,2586807219830,2586807398266,345628800,480,0,0
306,2586807375932,2586807498976,345629280,480,0,0
307,2586807375970,2586807594217,345629760,480,0,0
308,2586807531301,2586807700007,345630240,480,0,0
309,2586807691981,2586807794985,345630720,480,0,0
310,2586807692052,2586807900489,345631200,480,0,0
311,2586807843488,2586808000941,345631680,480,0,0
312,2586808003659,2586808096064,345632160,480,0,0
313,2586808003688,2586808201437,345632640,480,0,0
314,2586808158351,2586808296846,345633120,480,0,0
315,2586808314463,2586808402238,345633600,480,0,0
316,2586808314506,2586808497638,345634080,480,0,0
317,2586808470262,2586808603069,345634560,480,0,0
318,2586808470320,2586808698200,345635040,480,0,0
319,2586808620788,2586808793333,345635520,480,0,0
320,2586808769529,2586808893719,345636000,480,0,0
321,2586808930218,2586808999260,345636480,480,0,0
322,2586808930264,2586809094520,345636960,480,0,0
323,2586809082346,2586809200188,345637440,480,0,0
324,2586809082428,2586809295247,345637920,480,0,0
325,2586809238739,2586809397244,345638400,480,0,0
326,2586809400032,2586809498056,345638880,480,0,0
327,2586809400084,2586809593442,345639360,480,0,0
328,2586809560257,2586809698704,345639840,480,0,0
329,2586809715553,2586809793833,345640320,480,0,0
330,2586809715603,2586809894145,345640800,480,0,0
331,2586809882622,2586809999538,345641280,480,0,0
332,2586809882687,2586810094743,345641760,480,0,0
333,2586810032077,2586810200288,345642240,480,0,0
334,2586810192709,2586810295398,345642720,480,0,0
335,2586810192754,2586810401444,345643200,480,0,0
336,2586810348077,2586810496229,345643680,480,0,0
337,2586810503598,2586810601721,345644160,480,0,0
338,2586810503645,2586810697223,345644640,480,0,0
339,2586810658775,2586810802280,345645120,480,0,0
340,2586810814544,2586810897672,345645600,480,0,0
341,2586810814591,2586810998634,345646080,480,0,0
342,2586810971087,2586811093470,345646560,480,0,0
343,2586810971141,2586811198990,345647040,480,0,0
344,2586811120487,2586811294104,345647520,480,0,0
345,2586811281237,2586811394373,345648000,480,0,0
346,2586811281279,2586811500320,345648480,480,0,0
347,2586811437013,2586811595247,345648960,480,0,0
348,2586811586778,2586811700503,345649440,480,0,0
349,2586811586835,2586811795646,345649920,480,0,0
350,2586811741523,2586811901717,345650400,480,0,0
351,2586811900955,2586811996782,345650880,480,0,0
352,2586811901005,2586812102070,345651360,480,0,0
353,2586812060061,2586812197541,345651840,480,0,0
354,2586812215041,2586812304299,345652320,480,0,0
355,2586812215090,2586812398149,345652800,480,0,0
356,2586812376395,2586812499269,345653280,480,0,0
357,2586812376435,2586812594286,345653760,480,0,0
358,2586812532168,2586812699760,345654240,480,0,0
359,2586812682584,2586812795031,345654720,480,0,0
360,2586812682791,2586812900569,345655200,480,0,0
361,2586812836664,2586812996090,345655680,480,0,0
362,2586812992328,2586813101593,345656160,480,0,0
363,2586812992382,2586813196711,345656640,480,0,0
364,2586813149053,2586813302051,345657120,480,0,0
365,2586813304678,2586813397412,345657600,480,0,0
366,2586813304718,2586813497738,345658080,480,0,0
367,2586813459521,2586813593260,345658560,480,0,0
368,2586813620310,2586813698837,345659040,480,0,0
369,2586813620346,2586813793616,345659520,480,0,0
370,2586813784533,2586813893942,345660000,480,0,0
371,2586813784567,2586813999378,345660480,480,0,0
372,2586813946322,2586814094585,345660960,480,0,0
373,2586814097109,2586814199902,345661440,480,0,0
374,2586814097159,2586814295122,345661920,480,0,0
375,2586814252052,2586814400643,345662400,480,0,0
376,2586814407563,2586814495841,345662880,480,0,0
377,2586814407620,2586814601341,345663360,480,0,0
378,2586814563586,2586814696518,345663840,480,0,0
379,2586814723555,2586814801877,345664320,480,0,0
380,2586814723620,2586814897289,345664800,480,0,0
381,2586814874326,2586814997459,345665280,480,0,0
382,2586814874378,2586815102797,345665760,480,0,0
383,2586815029555,2586815198095,345666240,480,0,0
384,2586815185574,2586815293171,345666720,480,0,0
385,2586815185639,2586815393439,345667200,480,0,0
386,2586815337061,2586815499928,345667680,480,0,0
387,2586815487748,2586815594963,345668160,480,0,0
388,2586815487784,2586815700346,345668640,480,0,0
389,2586815648639,2586815795522,345669120,480,0,0
390,2586815803157,2586815902315,345669600,480,0,0
391,2586815803205,2586815996484,345670080,480,0,0
392,2586815958792,2586816101890,345670560,480,0,0
393,2586816110255,2586816197028,345671040,480,0,0
394,2586816110306,2586816302399,345671520,480,0,0
395,2586816270826,2586816397808,345672000,480,0,0
396,2586816270900,2586816498743,345672480,480,0,0
397,2586816425918,2586816593596,345672960,480,0,0
398,2586816585961,2586816699426,345673440,480,0,0
399,2586816586014,2586816794396,345673920,480,0,0
400,2586816736195,2586816894589,345674400,480,0,0
401,2586816893609,2586817000249,345674880,480,0,0
402,2586816893683,2586817095336,345675360,480,0,0
403,2586817044571,2586817200856,345675840,480,0,0
404,2586817197933,2586817296149,345676320,480,0,0
405,2586817197986,2586817401705,345676800,480,0,0
406,2586817358933,2586817496958,345677280,480,0,0
407,2586817519851,2586817602524,345677760,480,0,0
408,2586817519899,2586817697943,345678240,480,0,0
409,2586817685689,2586817793211,345678720,480,0,0
410,2586817685752,2586817893364,345679200,480,0,0
411,2586817840841,2586817999076,345679680,480,0,0
412,2586817992110,2586818094344,345680160,480,0,0
413,2586817992162,2586818194676,345680640,480,0,0
414,2586818147154,2586818300214,345681120,480,0,0
415,2586818302484,2586818401202,345681600,480,0,0
416,2586818302656,2586818495957,345682080,480,0,0
417,2586818458051,2586818601438,345682560,480,0,0
418,2586818608955,2586818696954,345683040,480,0,0
419,2586818608989,2586818802500,345683520,480,0,0
420,2586818758149,2586818897578,345684000,480,0,0
421,2586818919022,2586818998367,345684480,480,0,0
422,2586818919062,2586819093255,345684960,480,0,0
423,2586819075625,2586819198824,345685440,480,0,0
424,2586819075682,2586819293932,345685920,480,0,0
425,2586819230840,2586819394229,345686400,480,0,0
426,2586819391966,2586819499742,345686880,480,0,0
427,2586819392126,2586819595037,345687360,480,0,0
428,2586819553520,2586819700523,345687840,480,0,0
429,2586819707957,2586819795795,345688320,480,0,0
430,2586819708013,2586819901491,345688800,480,0,0
431,2586819887032,2586819997632,345689280,480,0,0
432,2586819887086,2586820103059,345689760,480,0,0
433,2586820018170,2586820198556,345690240,480,0,0
434,2586820185232,2586820298875,345690720,480,0,0
435,2586820185268,2586820394464,345691200,480,0,0
436,2586820320783,2586820500380,345691680,480,0,0
437,2586820476810,2586820595830,345692160,480,0,0
438,2586820476850,2586820701677,345692640,480,0,0
439,2586820630009,2586820797296,345693120,480,0,0
440,2586820808041,2586820897798,345693600,480,0,0
441,2586820808106,2586820998433,345694080,480,0,0
442,2586820947775,2586821093922,345694560,480,0,0
443,2586821101363,2586821199395,345695040,480,0,0
444,2586821101402,2586821295239,345695520,480,0,0
445,2586821256632,2586821395173,345696000,480,0,0
446,2586821419308,2586821501719,345696480,480,0,0
447,2586821419361,2586821597016,345696960,480,0,0
448,2586821572248,2586821702596,345697440,480,0,0
449,2586821572301,2586821797867,345697920,480,0,0
450,2586821724824,2586821893303,345698400,480,0,0
451,2586821885232,2586821998699,345698880,480,0,0
452,2586821885288,2586822093887,345699360,480,0,0
453,2586822042077,2586822199410,345699840,480,0,0
454,2586822191603,2586822294677,345700320,480,0,0
455,2586822191649,2586822400181,345700800,480,0,0
456,2586822347466,2586822495582,345701280,480,0,0
457,2586822503874,2586822600852,345701760,480,0,0
458,2586822503915,2586822696735,345702240,480,0,0
459,2586822658224,2586822801772,345702720,480,0,0
460,2586822815504,2586822901996,345703200,480,0,0
461,2586822815532,2586822997554,345703680,480,0,0
462,2586822969878,2586823102747,345704160,480,0,0
463,2586822969929,2586823198057,345704640,480,0,0
464,2586823129641,2586823293480,345705120,480,0,0
465,2586823285804,2586823393565,345705600,480,0,0
466,2586823285844,2586823499045,345706080,480,0,0
467,2586823436958,2586823594404,345706560,480,0,0
468,2586823598027,2586823699816,345707040,480,0,0
469,2586823598075,2586823795020,345707520,480,0,0
470,2586823750998,2586823900730,345708000,480,0,0
471,2586823911854,2586824000884,345708480,480,0,0
472,2586823911896,2586824096182,345708960,480,0,0
473,2586824069203,2586824201639,345709440,480,0,0
474,2586824069262,2586824297088,345709920,480,0,0
475,2586824219254,2586824397454,345710400,480,0,0
476,2586824374107,2586824498334,345710880,480,0,0
477,2586824374143,2586824593276,345711360,480,0,0
478,2586824530638,2586824698816,345711840,480,0,0
479,2586824685757,2586824793843,345712320,480,0,0
480,2586824685807,2586824894080,345712800,480,0,0
481,2586824840312,2586824999972,345713280,480,0,0
482,2586824995613,2586825094930,345713760,480,0,0
483,2586824995647,2586825200160,345714240,480,0,0
484,2586825161961,2586825295359,345714720,480,0,0
485,2586825317982,2586825401061,345715200,480,0,0
486,2586825318034,2586825501099,345715680,480,0,0
487,2586825474258,2586825596694,345716160,480,0,0
488,2586825474329,2586825701903,345716640,480,0,0
489,2586825628506,2586825796975,345717120,480,0,0
490,2586825784560,2586825897309,345717600,480,0,0
491,2586825784607,2586825997760,345718080,480,0,0
492,2586825944541,2586826092993,345718560,480,0,0
493,2586826100952,2586826198292,345719040,480,0,0
494,2586826101019,2586826293529,345719520,480,0,0
495,2586826255224,2586826393892,345720000,480,0,0
496,2586826412927,2586826501426,345720480,480,0,0
497,2586826412969,2586826597113,345720960,480,0,0
498,2586826568638,2586826701981,345721440,480,0,0
499,2586826568690,2586826797195,345721920,480,0,0
500,2586826724677,2586826897847,345722400,480,0,0
501,2586826875165,2586826998906,345722880,480,0,0
502,2586826875218,2586827093849,345723360,480,0,0
503,2586827030606,2586827199311,345723840,480,0,0
504,2586827186762,2586827294333,345724320,480,0,0
505,2586827186821,2586827394610,345724800,480,0,0
506,2586827342710,2586827500525,345725280,480,0,0
507,2586827502878,2586827595774,345725760,480,0,0
508,2586827502942,2586827700929,345726240,480,0,0
509,2586827657510,2586827796314,345726720,480,0,0
510,2586827813593,2586827901725,345727200,480,0,0
511,2586827813650,2586827997028,345727680,480,0,0
512,2586827969507,2586828102507,345728160,480,0,0
513,2586827970111,2586828197598,345728640,480,0,0
514,2586828119634,2586828292837,345729120,480,0,0
515,2586828285270,2586828398164,345729600,480,0,0
516,2586828285313,2586828498689,345730080,480,0,0
517,2586828445294,2586828593906,345730560,480,0,0
518,2586828606804,2586828699548,345731040,480,0,0
519,2586828606837,2586828794540,345731520,480,0,0
520,2586828760511,2586828899920,345732000,480,0,0
521,2586828922247,2586829000699,345732480,480,0,0
522,2586828922335,2586829100746,345732960,480,0,0
523,2586829082146,2586829195975,345733440,480,0,0
524,2586829082183,2586829301323,345733920,480,0,0
525,2586829239548,2586829398080,345734400,480,0,0
526,2586829390279,2586829498791,345734880,480,0,0
527,2586829390322,2586829593725,345735360,480,0,0
528,2586829541117,2586829699116,345735840,480,0,0
529,2586829696751,2586829794299,345736320,480,0,0
530,2586829696797,2586829894559,345736800,480,0,0
531,2586829852252,2586830000101,345737280,480,0,0
532,2586830012105,2586830095345,345737760,480,0,0
533,2586830012149,2586830200960,345738240,480,0,0
534,2586830172645,2586830295797,345738720,480,0,0
535,2586830172713,2586830401183,345739200,480,0,0
536,2586830337960,2586830497256,345739680,480,0,0
537,2586830493996,2586830601976,345740160,480,0,0
538,2586830494060,2586830697271,345740640,480,0,0
539,2586830648736,2586830802730,345741120,480,0,0
540,2586830805098,2586830897787,345741600,480,0,0
541,2586830805142,2586830998402,345742080,480,0,0
542,2586830960180,2586831093554,345742560,480,0,0
543,2586831120948,2586831199103,345743040,480,0,0
544,2586831120973,2586831294164,345743520,480,0,0
545,2586831281427,2586831394405,345744000,480,0,0
546,2586831281470,2586831500160,345744480,480,0,0
547,2586831437312,2586831595466,345744960,480,0,0
548,2586831598524,2586831700979,345745440,480,0,0
549,2586831598572,2586831796087,345745920,480,0,0
550,2586831752544,2586831901819,345746400,480,0,0
551,2586831911856,2586831999693,345746880,480,0,0
552,2586831911918,2586832094826,345747360,480,0,0
553,2586832067171,2586832200097,345747840,480,0,0
554,2586832067208,2586832295559,345748320,480,0,0
555,2586832227281,2586832400941,345748800,480,0,0
556,2586832382929,2586832496406,345749280,480,0,0
557,2586832382990,2586832601801,345749760,480,0,0
558,2586832538766,2586832697650,345750240,480,0,0
559,2586832693930,2586832802457,345750720,480,0,0
560,2586832693974,2586832897563,345751200,480,0,0
561,2586832849812,2586832998014,345751680,480,0,0
562,2586833004073,2586833093259,345752160,480,0,0
563,2586833004112,2586833198895,345752640,480,0,0
564,2586833160460,2586833294045,345753120,480,0,0
565,2586833316067,2586833394150,345753600,480,0,0
566,2586833316117,2586833500086,345754080,480,0,0
567,2586833471917,2586833594988,345754560,480,0,0
568,2586833471986,2586833700403,345755040,480,0,0
569,2586833627173,2586833795453,345755520,480,0,0
570,2586833782377,2586833900992,345756000,480,0,0
571,2586833782419,2586834001292,345756480,480,0,0
572,2586833937893,2586834096751,345756960,480,0,0
573,2586834098792,2586834201765,345757440,480,0,0
574,2586834098836,2586834297166,345757920,480,0,0
575,2586834254183,2586834397754,345758400,480,0,0
576,2586834405986,2586834499517,345758880,480,0,0
577,2586834406018,2586834599683,345759360,480,0,0
578,2586834561195,2586834694841,345759840,480,0,0
579,2586834721950,2586834800105,345760320,480,0,0
580,2586834722001,2586834900280,345760800,480,0,0
581,2586834882074,2586835001065,345761280,480,0,0
582,2586834882110,2586835096021,345761760,480,0,0
583,2586835042517,2586835201256,345762240,480,0,0
584,2586835198748,2586835296584,345762720,480,0,0
585,2586835198838,2586835401906,345763200,480,0,0
586,2586835359042,2586835497681,345763680,480,0,0
587,2586835514139,2586835602832,345764160,480,0,0
588,2586835514182,2586835692838,345764640,480,0,0
589,2586835669613,2586835798006,345765120,480,0,0
590,2586835669652,2586835893379,345765600,480,0,0
591,2586835822398,2586835995588,345766080,480,0,0
592,2586835982813,2586836101058,345766560,480,0,0
593,2586835982866,2586836196437,345767040,480,0,0
594,2586836137935,2586836301675,345767520,480,0,0
595,2586836293627,2586836401891,345768000,480,0,0
596,2586836293677,2586836497344,345768480,480,0,0
597,2586836459082,2586836602449,345768960,480,0,0
598,2586836619301,2586836697899,345769440,480,0,0
599,2586836619351,2586836793194,345769920,480,0,0
600,2586836784559,2586836898354,345770400,480,0,0
601,2586836784610,2586836998967,345770880,480,0,0
602,2586836942499,2586837099284,345771360,480,0,0
603,2586837095410,2586837194457,345771840,480,0,0
604,2586837095456,2586837299769,345772320,480,0,0
605,2586837252760,2586837400462,345772800,480,0,0
606,2586837407925,2586837496330,345773280,480,0,0
607,2586837407965,2586837601012,345773760,480,0,0
608,2586837580791,2586837696388,345774240,480,0,0
609,2586837581606,2586837802055,345774720,480,0,0
610,2586837718835,2586837897772,345775200,480,0,0
611,2586837873979,2586837998354,345775680,480,0,0
612,2586837874040,2586838093543,345776160,480,0,0
613,2586838040695,2586838199599,345776640,480,0,0
614,2586838183398,2586838296235,345777120,480,0,0
615,2586838183459,2586838394854,345777600,480,0,0
616,2586838337325,2586838500593,345778080,480,0,0
617,2586838503009,2586838595717,345778560,480,0,0
618,2586838503044,2586838701121,345779040,480,0,0
619,2586838662854,2586838796192,345779520,480,0,0
620,2586838826846,2586838901714,345780000,480,0,0
621,2586838826911,2586838997245,345780480,480,0,0
622,2586838984512,2586839102594,345780960,480,0,0
623,2586838984569,2586839197863,345781440,480,0,0
624,2586839139887,2586839297987,345781920,480,0,0
625,2586839295085,2586839393371,345782400,480,0,0
626,2586839295131,2586839499185,345782880,480,0,0
627,2586839445612,2586839594392,345783360,480,0,0
628,2586839607353,2586839699652,345783840,480,0,0
629,2586839607401,2586839794871,345784320,480,0,0
630,2586839756053,2586839900658,345784800,480,0,0
631,2586839912856,2586840000964,345785280,480,0,0
632,2586839912897,2586840096290,345785760,480,0,0
633,2586840068639,2586840201494,345786240,480,0,0
634,2586840068692,2586840296782,345786720,480,0,0
635,2586840219517,2586840397774,345787200,480,0,0
636,2586840375261,2586840498444,345787680,480,0,0
637,2586840375320,2586840593629,345788160,480,0,0
638,2586840531576,2586840699437,345788640,480,0,0
639,2586840686136,2586840794259,345789120,480,0,0
640,2586840686165,2586840894470,345789600,480,0,0
641,2586840842055,2586841000471,345790080,480,0,0
642,2586841002126,2586841095467,345790560,480,0,0
643,2586841002187,2586841200782,345791040,480,0,0
644,2586841162511,2586841295823,345791520,480,0,0
645,2586841313966,2586841401302,345792000,480,0,0
646,2586841314013,2586841497079,345792480,480,0,0
647,2586841468538,2586841602381,345792960,480,0,0
648,2586841468589,2586841697482,345793440,480,0,0
649,2586841620328,2586841802738,345793920,480,0,0
650,2586841783742,2586841898120,345794400,480,0,0
651,2586841783778,2586841998506,345794880,480,0,0
652,2586841945175,2586842093741,345795360,480,0,0
653,2586842107717,2586842199437,345795840,480,0,0
654,2586842107858,2586842294567,345796320,480,0,0
655,2586842257547,2586842400242,345796800,480,0,0
656,2586842413121,2586842500802,345797280,480,0,0
657,2586842413174,2586842595777,345797760,480,0,0
658,2586842568591,2586842701215,345798240,480,0,0
659,2586842568637,2586842796370,345798720,480,0,0
660,2586842729659,2586842901954,345799200,480,0,0
661,2586842884746,2586842997736,345799680,480,0,0
662,2586842884796,2586843093073,345800160,480,0,0
663,2586843039655,2586843198224,345800640,480,0,0
664,2586843194951,2586843293331,345801120,480,0,0
665,2586843194991,2586843393647,345801600,480,0,0
666,2586843349720,2586843499388,345802080,480,0,0
667,2586843506804,2586843594577,345802560,480,0,0
668,2586843506860,2586843700082,345803040,480,0,0
669,2586843662288,2586843795084,345803520,480,0,0
670,2586843822254,2586843900632,345804000,480,0,0
671,2586843822295,2586843995829,345804480,480,0,0
672,2586843982249,2586844101224,345804960,480,0,0
673,2586843982298,2586844196445,345805440,480,0,0
674,2586844138100,2586844301848,345805920,480,0,0
675,2586844294130,2586844402014,345806400,480,0,0
676,2586844294178,2586844497682,345806880,480,0,0
677,2586844459601,2586844593093,345807360,480,0,0
678,2586844619988,2586844698074,345807840,480,0,0
679,2586844620023,2586844798434,345808320,480,0,0
680,2586844784543,2586844893624,345808800,480,0,0
681,2586844784579,2586844999272,345809280,480,0,0
682,2586844947225,2586845094791,345809760,480,0,0
683,2586845107337,2586845200020,345810240,480,0,0
684,2586845107371,2586845300023,345810720,480,0,0
685,2586845261961,2586845400487,345811200,480,0,0
686,2586845423389,2586845495868,345811680,480,0,0
687,2586845423433,2586845601411,345812160,480,0,0
688,2586845583043,2586845696554,345812640,480,0,0
689,2586845583097,2586845802111,345813120,480,0,0
690,2586845743348,2586845897087,345813600,480,0,0
691,2586845899567,2586845997587,345814080,480,0,0
692,2586845899633,2586846093263,345814560,480,0,0
693,2586846059851,2586846198551,345815040,480,0,0
694,2586846221462,2586846294274,345815520,480,0,0
695,2586846221517,2586846393832,345816000,480,0,0
696,2586846380576,2586846499686,345816480,480,0,0
697,2586846380625,2586846595058,345816960,480,0,0
698,2586846541666,2586846700548,345817440,480,0,0
699,2586846694315,2586846795516,345817920,480,0,0
700,2586846694368,2586846900873,345818400,480,0,0
701,2586846848003,2586847001498,345818880,480,0,0
702,2586847004100,2586847101609,345819360,480,0,0
703,2586847004151,2586847197094,345819840,480,0,0
704,2586847158625,2586847302499,345820320,480,0,0
705,2586847314370,2586847397485,345820800,480,0,0
706,2586847314426,2586847498087,345821280,480,0,0
707,2586847470889,2586847593577,345821760,480,0,0
708,2586847470945,2586847698809,345822240,480,0,0
709,2586847630727,2586847794073,345822720,480,0,0
710,2586847786178,2586847894418,345823200,480,0,0
711,2586847786228,2586847999852,345823680,480,0,0
712,2586847943050,2586848095138,345824160,480,0,0
713,2586848098210,2586848195300,345824640,480,0,0
714,2586848098249,2586848300954,345825120,480,0,0
715,2586848254153,2586848401229,345825600,480,0,0
716,2586848408781,2586848496785,345826080,480,0,0
717,2586848408826,2586848602281,345826560,480,0,0
718,2586848558274,2586848697598,345827040,480,0,0
719,2586848715245,2586848797937,345827520,480,0,0
720,2586848715274,2586848893412,345828000,480,0,0
721,2586848869395,2586848999279,345828480,480,0,0
722,2586848869466,2586849094591,345828960,480,0,0
723,2586849021574,2586849199958,345829440,480,0,0
724,2586849177637,2586849295118,345829920,480,0,0
725,2586849177686,2586849400927,345830400,480,0,0
726,2586849337412,2586849496065,345830880,480,0,0
727,2586849493342,2586849601429,345831360,480,0,0
728,2586849493387,2586849697096,345831840,480,0,0
729,2586849648984,2586849802259,345832320,480,0,0
730,2586849804759,2586849897442,345832800,480,0,0
731,2586849804807,2586849998070,345833280,480,0,0
732,2586849959998,2586850093150,345833760,480,0,0
733,2586850120363,2586850198452,345834240,480,0,0
734,2586850120416,2586850293734,345834720,480,0,0
735,2586850280856,2586850394040,345835200,480,0,0
736,2586850280919,2586850500051,345835680,480,0,0
737,2586850435980,2586850595096,345836160,480,0,0
738,2586850597699,2586850700536,345836640,480,0,0
739,2586850597737,2586850795658,345837120,480,0,0
740,2586850751748,2586850901435,345837600,480,0,0
741,2586850908946,2586850996738,345838080,480,0,0
742,2586850909005,2586851102031,345838560,480,0,0
743,2586851063834,2586851197421,345839040,480,0,0
744,2586851219914,2586851302598,345839520,480,0,0
745,2586851219943,2586851397800,345840000,480,0,0
746,2586851375016,2586851498919,345840480,480,0,0
747,2586851375056,2586851593939,345840960,480,0,0
748,2586851530908,2586851699413,345841440,480,0,0
749,2586851691333,2586851794675,345841920,480,0,0
750,2586851691384,2586851900113,345842400,480,0,0
751,2586851853658,2586852000638,345842880,480,0,0
752,2586852012594,2586852095835,345843360,480,0,0
753,2586852012636,2586852201072,345843840,480,0,0
754,2586852173797,2586852296297,345844320,480,0,0
755,2586852173862,2586852401778,345844800,480,0,0
756,2586852338410,2586852497127,345845280,480,0,0
757,2586852493004,2586852602347,345845760,480,0,0
758,2586852493046,2586852697808,345846240,480,0,0
759,2586852649470,2586852793231,345846720,480,0,0
760,2586852805388,2586852898335,345847200,480,0,0
761,2586852805423,2586852998831,345847680,480,0,0
762,2586852960683,2586853093829,345848160,480,0,0
763,2586853115870,2586853199299,345848640,480,0,0
764,2586853116116,2586853294486,345849120,480,0,0
765,2586853272031,2586853399980,345849600,480,0,0
766,2586853272066,2586853500404,345850080,480,0,0
767,2586853427591,2586853595639,345850560,480,0,0
768,2586853583022,2586853700967,345851040,480,0,0
769,2586853583082,2586853796062,345851520,480,0,0
770,2586853734343,2586853897987,345852000,480,0,0
771,2586853890506,2586853998404,345852480,480,0,0
772,2586853890578,2586854093516,345852960,480,0,0
773,2586854050525,2586854199199,345853440,480,0,0
774,2586854205921,2586854294196,345853920,480,0,0
775,2586854205971,2586854394444,345854400,480,0,0
776,2586854361853,2586854500085,345854880,480,0,0
777,2586854522125,2586854600187,345855360,480,0,0
778,2586854522198,2586854695377,345855840,480,0,0
779,2586854672716,2586854795514,345856320,480,0,0
780,2586854672763,2586854901129,345856800,480,0,0
781,2586854822887,2586854996297,345857280,480,0,0
782,2586854983839,2586855101832,345857760,480,0,0
783,2586854983903,2586855197067,345858240,480,0,0
784,2586855138727,2586855297314,345858720,480,0,0
785,2586855294595,2586855397751,345859200,480,0,0
786,2586855294647,2586855498465,345859680,480,0,0
787,2586855445381,2586855593558,345860160,480,0,0
788,2586855606159,2586855699140,345860640,480,0,0
789,2586855606204,2586855799449,345861120,480,0,0
790,2586855760050,2586855899511,345861600,480,0,0
791,2586855921564,2586856000049,345862080,480,0,0
792,2586855921619,2586856095214,345862560,480,0,0
793,2586856081809,2586856200445,345863040,480,0,0
794,2586856081850,2586856295772,345863520,480,0,0
795,2586856238831,2586856397517,345864000,480,0,0
796,2586856389959,2586856498261,345864480,480,0,0
797,2586856390034,2586856593448,345864960,480,0,0
798,2586856540977,2586856698859,345865440,480,0,0
799,2586856696003,2586856794207,345865920,480,0,0
800,2586856696055,2586856894294,345866400,480,0,0
801,2586856851406,2586856999840,345866880,480,0,0
802,2586857012007,2586857095157,345867360,480,0,0
803,2586857012052,2586857200524,345867840,480,0,0
804,2586857172568,2586857295614,345868320,480,0,0
805,2586857172621,2586857401099,345868800,480,0,0
806,2586857338352,2586857496768,345869280,480,0,0
807,2586857493379,2586857601847,345869760,480,0,0
808,2586857493423,2586857697128,345870240,480,0,0
809,2586857648903,2586857802791,345870720,480,0,0
810,2586857804536,2586857897987,345871200,480,0,0
811,2586857804582,2586857998219,345871680,480,0,0
812,2586857960653,2586858093461,345872160,480,0,0
813,2586858110993,2586858198865,345872640,480,0,0
814,2586858111029,2586858294185,345873120,480,0,0
815,2586858273133,2586858394406,345873600,480,0,0
816,2586858273207,2586858500322,345874080,480,0,0
817,2586858427347,2586858595266,345874560,480,0,0
818,2586858581381,2586858700814,345875040,480,0,0
819,2586858581435,2586858795800,345875520,480,0,0
820,2586858734320,2586858897782,345876000,480,0,0
821,2586858891183,2586858998586,345876480,480,0,0
822,2586858891265,2586859093357,345876960,480,0,0
823,2586859040062,2586859198767,345877440,480,0,0
824,2586859196038,2586859293961,345877920,480,0,0
825,2586859196086,2586859394136,345878400,480,0,0
826,2586859352048,2586859499951,345878880,480,0,0
827,2586859511645,2586859595068,345879360,480,0,0
828,2586859511682,2586859700543,345879840,480,0,0
829,2586859674416,2586859795514,345880320,480,0,0
830,2586859674452,2586859901073,345880800,480,0,0
831,2586859837890,2586859996446,345881280,480,0,0
832,2586859993106,2586860101801,345881760,480,0,0
833,2586859993142,2586860197314,345882240,480,0,0
834,2586860148779,2586860302233,345882720,480,0,0
835,2586860304330,2586860397430,345883200,480,0,0
836,2586860304352,2586860498603,345883680,480,0,0
837,2586860459929,2586860593413,345884160,480,0,0
838,2586860620862,2586860699145,345884640,480,0,0
839,2586860620897,2586860794145,345885120,480,0,0
840,2586860781386,2586860894515,345885600,480,0,0
841,2586860781461,2586860999996,345886080,480,0,0
842,2586860937854,2586861095138,345886560,480,0,0
843,2586861099021,2586861200510,345887040,480,0,0
844,2586861099064,2586861295948,345887520,480,0,0
845,2586861254167,2586861401513,345888000,480,0,0
846,2586861411253,2586861499198,345888480,480,0,0
847,2586861411290,2586861594291,345888960,480,0,0
848,2586861566604,2586861699994,345889440,480,0,0
849,2586861566640,2586861794901,345889920,480,0,0
850,2586861721513,2586861900269,345890400,480,0,0
851,2586861882598,2586862000709,345890880,480,0,0
852,2586861882662,2586862095757,345891360,480,0,0
853,2586862042187,2586862201071,345891840,480,0,0
854,2586862198172,2586862296672,345892320,480,0,0
855,2586862198218,2586862401794,345892800,480,0,0
856,2586862358594,2586862497302,345893280,480,0,0
857,2586862519088,2586862602654,345893760,480,0,0
858,2586862519119,2586862697789,345894240,480,0,0
859,2586862684816,2586862793346,345894720,480,0,0
860,2586862684844,2586862893189,345895200,480,0,0
861,2586862840828,2586862998922,345895680,480,0,0
862,2586862995427,2586863094041,345896160,480,0,0
863,2586862995465,2586863199719,345896640,480,0,0
864,2586863161463,2586863294648,345897120,480,0,0
865,2586863316828,2586863400057,345897600,480,0,0
866,2586863316864,2586863501010,345898080,480,0,0
867,2586863473418,2586863596057,345898560,480,0,0
868,2586863473458,2586863701419,345899040,480,0,0
869,2586863627739,2586863796781,345899520,480,0,0
870,2586863783633,2586863901961,345900000,480,0,0
871,2586863783664,2586863997457,345900480,480,0,0
872,2586863938634,2586864103028,345900960,480,0,0
873,2586864099949,2586864192886,345901440,480,0,0
874,2586864099983,2586864298112,345901920,480,0,0
875,2586864254594,2586864393406,345902400,480,0,0
876,2586864412004,2586864500166,345902880,480,0,0
877,2586864412035,2586864595360,345903360,480,0,0
878,2586864567858,2586864700764,345903840,480,0,0
879,2586864567888,2586864796416,345904320,480,0,0
880,2586864727791,2586864901214,345904800,480,0,0
881,2586864882976,2586864996907,345905280,480,0,0
882,2586864883028,2586865101939,345905760,480,0,0
883,2586865038598,2586865197278,345906240,480,0,0
884,2586865198349,2586865302674,345906720,480,0,0
885,2586865198382,2586865397781,345907200,480,0,0
886,2586865359926,2586865498450,345907680,480,0,0
887,2586865515055,2586865593583,345908160,480,0,0
888,2586865515107,2586865699007,345908640,480,0,0
889,2586865670362,2586865799122,345909120,480,0,0
890,2586865670398,2586865899389,345909600,480,0,0
891,2586865826017,2586865999693,345910080,480,0,0
892,2586865981946,2586866094970,345910560,480,0,0
893,2586865981987,2586866200283,345911040,480,0,0
894,2586866137231,2586866295559,345911520,480,0,0
895,2586866292252,2586866400942,345912000,480,0,0
896,2586866292294,2586866496334,345912480,480,0,0
897,2586866457733,2586866601569,345912960,480,0,0
898,2586866618696,2586866696977,345913440,480,0,0
899,2586866618754,2586866802533,345913920,480,0,0
900,2586866768102,2586866897435,345914400,480,0,0
901,2586866924723,2586866997778,345914880,480,0,0
902,2586866924770,2586867093301,345915360,480,0,0
903,2586867084693,2586867198341,345915840,480,0,0
904,2586867084733,2586867293584,345916320,480,0,0
905,2586867240267,2586867393784,345916800,480,0,0
906,2586867401192,2586867499400,345917280,480,0,0
907,2586867401232,2586867594658,345917760,480,0,0
908,2586867561148,2586867700222,345918240,480,0,0
909,2586867716715,2586867795094,345918720,480,0,0
910,2586867716767,2586867895417,345919200,480,0,0
911,2586867872459,2586867995824,345919680,480,0,0
912,2586867872504,2586868101239,345920160,480,0,0
913,2586868028207,2586868196532,345920640,480,0,0
914,2586868183163,2586868302001,345921120,480,0,0
915,2586868183212,2586868397113,345921600,480,0,0
916,2586868339577,2586868497613,345922080,480,0,0
917,2586868493469,2586868593061,345922560,480,0,0
918,2586868493502,2586868698263,345923040,480,0,0
919,2586868649665,2586868793300,345923520,480,0,0
920,2586868805411,2586868893536,345924000,480,0,0
921,2586868805457,2586868999128,345924480,480,0,0
922,2586868961628,2586869094506,345924960,480,0,0
923,2586869116954,2586869200257,345925440,480,0,0
924,2586869116982,2586869295281,345925920,480,0,0
925,2586869281971,2586869400604,345926400,480,0,0
926,2586869282017,2586869495854,345926880,480,0,0
927,2586869442527,2586869601211,345927360,480,0,0
928,2586869597774,2586869696582,345927840,480,0,0
929,2586869597835,2586869801806,345928320,480,0,0
930,2586869753494,2586869897017,345928800,480,0,0
931,2586869909651,2586869997349,345929280,480,0,0
932,2586869909689,2586870102782,345929760,480,0,0
933,2586870064572,2586870198001,345930240,480,0,0
934,2586870219825,2586870293197,345930720,480,0,0
935,2586870219885,2586870393376,345931200,480,0,0
936,2586870375235,2586870499089,345931680,480,0,0
937,2586870375266,2586870594241,345932160,480,0,0
938,2586870531061,2586870699775,345932640,480,0,0
939,2586870691694,2586870794908,345933120,480,0,0
940,2586870691731,2586870900164,345933600,480,0,0
941,2586870846823,2586871001197,345934080,480,0,0
942,2586871002553,2586871101080,345934560,480,0,0
943,2586871002651,2586871196143,345935040,480,0,0
944,2586871158589,2586871296841,345935520,480,0,0
945,2586871313134,2586871401883,345936000,480,0,0
946,2586871313170,2586871497200,345936480,480,0,0
947,2586871468925,2586871602898,345936960,480,0,0
948,2586871468959,2586871697771,345937440,480,0,0
949,2586871629640,2586871793264,345937920,480,0,0
950,2586871785545,2586871893870,345938400,480,0,0
951,2586871785570,2586871998786,345938880,480,0,0
952,2586871946024,2586872094116,345939360,480,0,0
953,2586872105666,2586872199748,345939840,480,0,0
954,2586872105688,2586872294831,345940320,480,0,0
955,2586872262150,2586872400376,345940800,480,0,0
956,2586872422949,2586872495709,345941280,480,0,0
957,2586872423011,2586872601217,345941760,480,0,0
958,2586872583337,2586872696371,345942240,480,0,0
959,2586872583394,2586872801887,345942720,480,0,0
960,2586872739666,2586872902214,345943200,480,0,0
961,2586872899895,2586872997715,345943680,480,0,0
962,2586872899949,2586873093169,345944160,480,0,0
963,2586873060434,2586873198414,345944640,480,0,0
964,2586873220574,2586873293728,345945120,480,0,0
965,2586873220624,2586873393948,345945600,480,0,0
966,2586873376128,2586873499708,345946080,480,0,0
967,2586873376175,2586873594856,345946560,480,0,0
968,2586873531570,2586873700442,345947040,480,0,0
969,2586873693003,2586873795499,345947520,480,0,0
970,2586873693069,2586873900887,345948000,480,0,0
971,2586873853152,2586874001528,345948480,480,0,0
972,2586874014776,2586874096414,345948960,480,0,0
973,2586874014798,2586874201840,345949440,480,0,0
974,2586874169076,2586874297401,345949920,480,0,0
975,2586874169116,2586874397645,345950400,480,0,0
976,2586874326549,2586874499598,345950880,480,0,0
977,2586874480894,2586874594710,345951360,480,0,0
978,2586874480941,2586874699984,345951840,480,0,0
979,2586874637706,2586874795357,345952320,480,0,0
980,2586874797637,2586874901112,345952800,480,0,0
981,2586874797684,2586875001503,345953280,480,0,0
982,2586874958832,2586875096667,345953760,480,0,0
983,2586875119508,2586875202275,345954240,480,0,0
984,2586875119548,2586875297357,345954720,480,0,0
985,2586875283792,2586875397734,345955200,480,0,0
986,2586875283846,2586875498425,345955680,480,0,0
987,2586875445068,2586875593777,345956160,480,0,0
988,2586875601049,2586875698823,345956640,480,0,0
989,2586875601099,2586875793937,345957120,480,0,0
990,2586875754975,2586875894415,345957600,480,0,0
991,2586875911882,2586875999860,345958080,480,0,0
992,2586875911924,2586876095006,345958560,480,0,0
993,2586876067273,2586876200367,345959040,480,0,0
994,2586876067315,2586876295664,345959520,480,0,0
995,2586876227456,2586876401297,345960000,480,0,0
996,2586876383100,2586876496584,345960480,480,0,0
997,2586876383130,2586876601808,345960960,480,0,0
998,2586876537816,2586876697343,345961440,480,0,0
999,2586876695856,2586876802449,345961920,480,0,0
1000,2586876695917,2586876897811,345962400,480,0,0
1001,2586876851210,2586876998760,345962880,480,0,0
1002,2586877005329,2586877093600,345963360,480,0,0
1003,2586877005365,2586877199106,345963840,480,0,0
1004,2586877161003,2586877294134,345964320,480,0,0
1005,2586877316581,2586877394598,345964800,480,0,0
1006,2586877316613,2586877500307,345965280,480,0,0
1007,2586877472886,2586877595558,345965760,480,0,0
1008,2586877472930,2586877700956,345966240,480,0,0
1009,2586877627629,2586877795997,345966720,480,0,0
1010,2586877782939,2586877901746,345967200,480,0,0
1011,2586877782976,2586877996933,345967680,480,0,0
1012,2586877943409,2586878102278,345968160,480,0,0
1013,2586878098224,2586878197610,345968640,480,0,0
1014,2586878098276,2586878302779,345969120,480,0,0
1015,2586878254942,2586878398085,345969600,480,0,0
1016,2586878411865,2586878500221,345970080,480,0,0
1017,2586878411899,2586878595402,345970560,480,0,0
1018,2586878561476,2586878700648,345971040,480,0,0
1019,2586878717488,2586878795980,345971520,480,0,0
1020,2586878717530,2586878896189,345972000,480,0,0
1021,2586878874970,2586878996592,345972480,480,0,0
1022,2586878875018,2586879102017,345972960,480,0,0
1023,2586879029174,2586879197192,345973440,480,0,0
1024,2586879184715,2586879302900,345973920,480,0,0
1025,2586879185183,2586879397757,345974400,480,0,0
1026,2586879340498,2586879498292,345974880,480,0,0
1027,2586879495287,2586879593570,345975360,480,0,0
1028,2586879495336,2586879699178,345975840,480,0,0
1029,2586879650445,2586879794038,345976320,480,0,0
1030,2586879806211,2586879894287,345976800,480,0,0
1031,2586879806233,2586879999891,345977280,480,0,0
1032,2586879961304,2586880095003,345977760,480,0,0
1033,2586880116396,2586880200279,345978240,480,0,0
1034,2586880116439,2586880295594,345978720,480,0,0
1035,2586880282576,2586880401212,345979200,480,0,0
1036,2586880282617,2586880496382,345979680,480,0,0
1037,2586880443408,2586880602117,345980160,480,0,0
1038,2586880599586,2586880697045,345980640,480,0,0
1039,2586880599639,2586880802323,345981120,480,0,0
1040,2586880753255,2586880897825,345981600,480,0,0
1041,2586880909558,2586880998031,345982080,480,0,0
1042,2586880909590,2586881093345,345982560,480,0,0
1043,2586881060470,2586881199039,345983040,480,0,0
1044,2586881221171,2586881293975,345983520,480,0,0
1045,2586881221232,2586881394289,345984000,480,0,0
1046,2586881381767,2586881500506,345984480,480,0,0
1047,2586881381786,2586881595642,345984960,480,0,0
1048,2586881541968,2586881701091,345985440,480,0,0
1049,2586881698515,2586881796354,345985920,480,0,0
1050,2586881698571,2586881901632,345986400,480,0,0
1051,2586881859051,2586881997091,345986880,480,0,0
1052,2586882018243,2586882102474,345987360,480,0,0
1053,2586882018282,2586882197493,345987840,480,0,0
1054,2586882183311,2586882292878,345988320,480,0,0
1055,2586882183344,2586882398291,345988800,480,0,0
1056,2586882340496,2586882498648,345989280,480,0,0
1057,2586882496681,2586882593829,345989760,480,0,0
1058,2586882496751,2586882699400,345990240,480,0,0
1059,2586882645126,2586882794476,345990720,480,0,0
1060,2586882807136,2586882899798,345991200,480,0,0
1061,2586882807176,2586883000484,345991680,480,0,0
1062,2586882962322,2586883095519,345992160,480,0,0
1063,2586883117311,2586883200930,345992640,480,0,0
1064,2586883117353,2586883296468,345993120,480,0,0
1065,2586883283029,2586883401744,345993600,480,0,0
1066,2586883283069,2586883497016,345994080,480,0,0
1067,2586883443506,2586883602690,345994560,480,0,0
1068,2586883599497,2586883697774,345995040,480,0,0
1069,2586883599545,2586883792908,345995520,480,0,0
1070,2586883753783,2586883898391,345996000,480,0,0
1071,2586883910680,2586883998624,345996480,480,0,0
1072,2586883910712,2586884093930,345996960,480,0,0
1073,2586884065720,2586884199531,345997440,480,0,0
1074,2586884065762,2586884294967,345997920,480,0,0
1075,2586884216307,2586884400185,345998400,480,0,0
1076,2586884381633,2586884500622,345998880,480,0,0
1077,2586884381688,2586884595540,345999360,480,0,0
1078,2586884542383,2586884700819,345999840,480,0,0
1079,2586884702505,2586884796225,346000320,480,0,0
1080,2586884702550,2586884901341,346000800,480,0,0
1081,2586884858254,2586884996967,346001280,480,0,0
1082,2586885019115,2586885102202,346001760,480,0,0
1083,2586885019167,2586885197468,346002240,480,0,0
1084,2586885185066,2586885302680,346002720,480,0,0
1085,2586885185105,2586885397905,346003200,480,0,0
1086,2586885339558,2586885498571,346003680,480,0,0
1087,2586885495497,2586885593754,346004160,480,0,0
1088,2586885495528,2586885699218,346004640,480,0,0
1089,2586885650604,2586885794325,346005120,480,0,0
1090,2586885806444,2586885894593,346005600,480,0,0
1091,2586885806466,2586886000144,346006080,480,0,0
1092,2586885962210,2586886095134,346006560,480,0,0
1093,2586886117548,2586886200413,346007040,480,0,0
1094,2586886117584,2586886295694,346007520,480,0,0
1095,2586886283087,2586886401509,346008000,480,0,0
1096,2586886283151,2586886497267,346008480,480,0,0
1097,2586886444038,2586886602778,346008960,480,0,0
1098,2586886599780,2586886697936,346009440,480,0,0
1099,2586886599827,2586886793435,346009920,480,0,0
1100,2586886754800,2586886893645,346010400,480,0,0
1101,2586886911213,2586886999080,346010880,480,0,0
1102,2586886911257,2586887094239,346011360,480,0,0
1103,2586887066403,2586887199850,346011840,480,0,0
1104,2586887066435,2586887294904,346012320,480,0,0
1105,2586887226873,2586887400470,346012800,480,0,0
1106,2586887382244,2586887495777,346013280,480,0,0
1107,2586887382296,2586887601010,346013760,480,0,0
1108,2586887537879,2586887696205,346014240,480,0,0
1109,2586887699134,2586887801645,346014720,480,0,0
1110,2586887699180,2586887901807,346015200,480,0,0
1111,2586887850371,2586887997372,346015680,480,0,0
1112,2586888004401,2586888102757,346016160,480,0,0
1113,2586888004439,2586888197745,346016640,480,0,0
1114,2586888159446,2586888293264,346017120,480,0,0
1115,2586888315107,2586888393406,346017600,480,0,0
1116,2586888315135,2586888499092,346018080,480,0,0
1117,2586888471407,2586888594323,346018560,480,0,0
1118,2586888471455,2586888699627,346019040,480,0,0
1119,2586888626485,2586888794822,346019520,480,0,0
1120,2586888782172,2586888900333,346020000,480,0,0
1121,2586888782240,2586889000796,346020480,480,0,0
1122,2586888938202,2586889095827,346020960,480,0,0
1123,2586889098063,2586889201179,346021440,480,0,0
1124,2586889098125,2586889296523,346021920,480,0,0
1125,2586889253518,2586889401798,346022400,480,0,0
1126,2586889409139,2586889497054,346022880,480,0,0
1127,2586889409191,2586889602533,346023360,480,0,0
1128,2586889564438,2586889697693,346023840,480,0,0
1129,2586889724652,2586889792992,346024320,480,0,0
1130,2586889724708,2586889898235,346024800,480,0,0
1131,2586889875417,2586889998952,346025280,480,0,0
1132,2586889875458,2586890093950,346025760,480,0,0
1133,2586890031024,2586890199453,346026240,480,0,0
1134,2586890191529,2586890294477,346026720,480,0,0
1135,2586890191578,2586890400021,346027200,480,0,0
1136,2586890351897,2586890500559,346027680,480,0,0
1137,2586890512130,2586890595617,346028160,480,0,0
1138,2586890512176,2586890700886,346028640,480,0,0
1139,2586890673150,2586890796443,346029120,480,0,0
1140,2586890673213,2586890901745,346029600,480,0,0
1141,2586890838817,2586890996988,346030080,480,0,0
1142,2586890993497,2586891102315,346030560,480,0,0
1143,2586890993536,2586891197346,346031040,480,0,0
1144,2586891148920,2586891302701,346031520,480,0,0
1145,2586891304909,2586891398161,346032000,480,0,0
1146,2586891304948,2586891498600,346032480,480,0,0
1147,2586891460834,2586891593868,346032960,480,0,0
1148,2586891620825,2586891699548,346033440,480,0,0
1149,2586891620858,2586891794553,346033920,480,0,0
1150,2586891780503,2586891894823,346034400,480,0,0
1151,2586891780527,2586892001318,346034880,480,0,0
1152,2586891937345,2586892095585,346035360,480,0,0
1153,2586892096806,2586892200918,346035840,480,0,0
1154,2586892096849,2586892296193,346036320,480,0,0
1155,2586892252882,2586892401591,346036800,480,0,0
1156,2586892410637,2586892498778,346037280,480,0,0
1157,2586892410670,2586892594036,346037760,480,0,0
1158,2586892561122,2586892699495,346038240,480,0,0
1159,2586892715727,2586892794834,346038720,480,0,0
1160,2586892715791,2586892895068,346039200,480,0,0
1161,2586892882458,2586893001306,346039680,480,0,0
1162,2586892882667,2586893095801,346040160,480,0,0
1163,2586893031809,2586893201383,346040640,480,0,0
1164,2586893188134,2586893296311,346041120,480,0,0
1165,2586893188189,2586893401827,346041600,480,0,0
1166,2586893348441,2586893497170,346042080,480,0,0
1167,2586893504473,2586893602464,346042560,480,0,0
1168,2586893504526,2586893697931,346043040,480,0,0
1169,2586893659901,2586893793483,346043520,480,0,0
1170,2586893815510,2586893893516,346044000,480,0,0
1171,2586893815553,2586893999156,346044480,480,0,0
1172,2586893971571,2586894094228,346044960,480,0,0
1173,2586893971613,2586894199757,346045440,480,0,0
1174,2586894127258,2586894294730,346045920,480,0,0
1175,2586894281971,2586894400425,346046400,480,0,0
1176,2586894282012,2586894495588,346046880,480,0,0
1177,2586894434772,2586894601084,346047360,480,0,0
1178,2586894587796,2586894696569,346047840,480,0,0
1179,2586894587847,2586894801822,346048320,480,0,0
1180,2586894754215,2586894901926,346048800,480,0,0
1181,2586894911631,2586894999707,346049280,480,0,0
1182,2586894911675,2586895094619,346049760,480,0,0
1183,2586895060886,2586895200179,346050240,480,0,0
1184,2586895223090,2586895295364,346050720,480,0,0
1185,2586895223133,2586895395592,346051200,480,0,0
1186,2586895383427,2586895501160,346051680,480,0,0
1187,2586895383497,2586895596959,346052160,480,0,0
1188,2586895543216,2586895701870,346052640,480,0,0
1189,2586895704092,2586895796932,346053120,480,0,0
1190,2586895704143,2586895897555,346053600,480,0,0
1191,2586895860169,2586895997890,346054080,480,0,0
1192,2586896019676,2586896093252,346054560,480,0,0
1193,2586896019715,2586896198886,346055040,480,0,0
1194,2586896186805,2586896293774,346055520,480,0,0
1195,2586896186865,2586896394126,346056000,480,0,0
1196,2586896341071,2586896499967,346056480,480,0,0
1197,2586896500766,2586896595123,346056960,480,0,0
1198,2586896500815,2586896700397,346057440,480,0,0
1199,2586896661086,2586896795578,346057920,480,0,0
1200,2586896823667,2586896900970,346058400,480,0,0
1201,2586896823715,2586896996398,346058880,480,0,0
1202,2586896985850,2586897102324,346059360,480,0,0
1203,2586896985939,2586897197656,346059840,480,0,0
1204,2586897139872,2586897293049,346060320,480,0,0
1205,2586897295261,2586897398219,346060800,480,0,0
1206,2586897295333,2586897498650,346061280,480,0,0
1207,2586897461021,2586897593825,346061760,480,0,0
1208,2586897621475,2586897699347,346062240,480,0,0
1209,2586897621525,2586897794533,346062720,480,0,0
1210,2586897770728,2586897894866,346063200,480,0,0
1211,2586897927718,2586898000500,346063680,480,0,0
1212,2586897927780,2586898095489,346064160,480,0,0
1213,2586898082841,2586898200919,346064640,480,0,0
1214,2586898082900,2586898296076,346065120,480,0,0
1215,2586898239593,2586898397728,346065600,480,0,0
1216,2586898389819,2586898498596,346066080,480,0,0
1217,2586898389868,2586898593515,346066560,480,0,0
1218,2586898550192,2586898699143,346067040,480,0,0
1219,2586898706184,2586898794393,346067520,480,0,0
1220,2586898706296,2586898894592,346068000,480,0,0
1221,2586898863317,2586899000284,346068480,480,0,0
1222,2586899022500,2586899095364,346068960,480,0,0
1223,2586899022542,2586899201073,346069440,480,0,0
1224,2586899178076,2586899295883,346069920,480,0,0
1225,2586899178150,2586899401340,346070400,480,0,0
1226,2586899338503,2586899497178,346070880,480,0,0
1227,2586899494443,2586899602223,346071360,480,0,0
1228,2586899494490,2586899697451,346071840,480,0,0
1229,2586899649939,2586899803014,346072320,480,0,0
1230,2586899804943,2586899898053,346072800,480,0,0
1231,2586899804971,2586899998415,346073280,480,0,0
1232,2586899960784,2586900093585,346073760,480,0,0
1233,2586900111621,2586900198964,346074240,480,0,0
1234,2586900111688,2586900294130,346074720,480,0,0
1235,2586900270436,2586900394379,346075200,480,0,0
1236,2586900427047,2586900500114,346075680,480,0,0
1237,2586900427074,2586900595246,346076160,480,0,0
1238,2586900582322,2586900700649,346076640,480,0,0
1239,2586900582368,2586900795710,346077120,480,0,0
1240,2586900734189,2586900897274,346077600,480,0,0
1241,2586900889883,2586900998387,346078080,480,0,0
1242,2586900889942,2586901093149,346078560,480,0,0
1243,2586901040039,2586901198701,346079040,480,0,0
1244,2586901195813,2586901293901,346079520,480,0,0
1245,2586901195855,2586901394036,346080000,480,0,0
1246,2586901351426,2586901499955,346080480,480,0,0
1247,2586901511707,2586901595066,346080960,480,0,0
1248,2586901511729,2586901700450,346081440,480,0,0
1249,2586901672491,2586901795441,346081920,480,0,0
1250,2586901672546,2586901900996,346082400,480,0,0
1251,2586901838363,2586901996332,346082880,480,0,0
1252,2586901993163,2586902101724,346083360,480,0,0
1253,2586901993230,2586902197284,346083840,480,0,0
1254,2586902148931,2586902302205,346084320,480,0,0
1255,2586902304764,2586902397520,346084800,480,0,0
1256,2586902304828,2586902498142,346085280,480,0,0
1257,2586902459980,2586902593210,346085760,480,0,0
1258,2586902620237,2586902698635,346086240,480,0,0
1259,2586902620295,2586902793818,346086720,480,0,0
1260,2586902784929,2586902894018,346087200,480,0,0
1261,2586902784958,2586902999647,346087680,480,0,0
1262,2586902947593,2586903094658,346088160,480,0,0
1263,2586903106398,2586903200016,346088640,480,0,0
1264,2586903106445,2586903295190,346089120,480,0,0
1265,2586903262451,2586903400934,346089600,480,0,0
1266,2586903424063,2586903496046,346090080,480,0,0
1267,2586903424122,2586903601553,346090560,480,0,0
1268,2586903583096,2586903696932,346091040,480,0,0
1269,2586903583136,2586903796997,346091520,480,0,0
1270,2586903735917,2586903894208,346092000,480,0,0
1271,2586903891069,2586903999665,346092480,480,0,0
1272,2586903891122,2586904094894,346092960,480,0,0
1273,2586904051487,2586904200255,346093440,480,0,0
1274,2586904212018,2586904295434,346093920,480,0,0
1275,2586904212049,2586904400808,346094400,480,0,0
1276,2586904374095,2586904496263,346094880,480,0,0
1277,2586904374144,2586904601622,346095360,480,0,0
1278,2586904528110,2586904696811,346095840,480,0,0
1279,2586904684480,2586904802146,346096320,480,0,0
1280,2586904684528,2586904897382,346096800,480,0,0
1281,2586904839322,2586904997902,346097280,480,0,0
1282,2586904995316,2586905093048,346097760,480,0,0
1283,2586904995352,2586905198549,346098240,480,0,0
1284,2586905149996,2586905293658,346098720,480,0,0
1285,2586905304964,2586905393910,346099200,480,0,0
1286,2586905305007,2586905499694,346099680,480,0,0
1287,2586905461627,2586905594813,346100160,480,0,0
1288,2586905617005,2586905700321,346100640,480,0,0
1289,2586905617051,2586905795306,346101120,480,0,0
1290,2586905781319,2586905900890,346101600,480,0,0
1291,2586905781344,2586905996144,346102080,480,0,0
1292,2586905943286,2586906101831,346102560,480,0,0
1293,2586906098659,2586906196700,346103040,480,0,0
1294,2586906098803,2586906302003,346103520,480,0,0
1295,2586906254096,2586906397469,346104000,480,0,0
1296,2586906405810,2586906499049,346104480,480,0,0
1297,2586906405863,2586906599225,346104960,480,0,0
1298,2586906560969,2586906694404,346105440,480,0,0
1299,2586906721085,2586906799760,346105920,480,0,0
1300,2586906721122,2586906900037,346106400,480,0,0
1301,2586906883322,2586907000834,346106880,480,0,0
1302,2586906883363,2586907095720,346107360,480,0,0
1303,2586907042294,2586907201050,346107840,480,0,0
1304,2586907198314,2586907296627,346108320,480,0,0
1305,2586907198358,2586907401845,346108800,480,0,0
1306,2586907358951,2586907497092,346109280,480,0,0
1307,2586907519754,2586907602619,346109760,480,0,0
1308,2586907519794,2586907697673,346110240,480,0,0
1309,2586907685971,2586907792954,346110720,480,0,0
1310,2586907686029,2586907898603,346111200,480,0,0
1311,2586907841316,2586907999121,346111680,480,0,0
1312,2586907996422,2586908094233,346112160,480,0,0
1313,2586907996471,2586908200055,346112640,480,0,0
1314,2586908161776,2586908294985,346113120,480,0,0
1315,2586908317345,2586908400398,346113600,480,0,0
1316,2586908317383,2586908500807,346114080,480,0,0
1317,2586908473463,2586908595964,346114560,480,0,0
1318,2586908473487,2586908701654,346115040,480,0,0
1319,2586908628739,2586908796945,346115520,480,0,0
1320,2586908784529,2586908897618,346116000,480,0,0
1321,2586908784580,2586908997865,346116480,480,0,0
1322,2586908944626,2586909093190,346116960,480,0,0
1323,2586909105449,2586909198486,346117440,480,0,0
1324,2586909105497,2586909298777,346117920,480,0,0
1325,2586909260777,2586909399104,346118400,480,0,0
1326,2586909421600,2586909499503,346118880,480,0,0
1327,2586909421667,2586909594745,346119360,480,0,0
1328,2586909581805,2586909700364,346119840,480,0,0
1329,2586909581862,2586909795275,346120320,480,0,0
1330,2586909733545,2586909897296,346120800,480,0,0
1331,2586909888591,2586909997914,346121280,480,0,0
1332,2586909888634,2586910092943,346121760,480,0,0
1333,2586910049779,2586910198221,346122240,480,0,0
1334,2586910210566,2586910293411,346122720,480,0,0
1335,2586910210629,2586910393686,346123200,480,0,0
1336,2586910366132,2586910499498,346123680,480,0,0
1337,2586910366184,2586910594699,346124160,480,0,0
1338,2586910521006,2586910699905,346124640,480,0,0
1339,2586910672845,2586910795137,346125120,480,0,0
1340,2586910672897,2586910900681,346125600,480,0,0
1341,2586910827392,2586911001651,346126080,480,0,0
1342,2586910983434,2586911096373,346126560,480,0,0
1343,2586910983495,2586911201700,346127040,480,0,0
1344,2586911138537,2586911296912,346127520,480,0,0
1345,2586911294427,2586911397210,346128000,480,0,0
1346,2586911294491,2586911497924,346128480,480,0,0
1347,2586911459257,2586911593128,346128960,480,0,0
1348,2586911620302,2586911698299,346129440,480,0,0
1349,2586911620340,2586911793598,346129920,480,0,0
1350,2586911784558,2586911893822,346130400,480,0,0
1351,2586911784609,2586911999294,346130880,480,0,0
1352,2586911946548,2586912094534,346131360,480,0,0
1353,2586912107090,2586912200075,346131840,480,0,0
1354,2586912107299,2586912295205,346132320,480,0,0
1355,2586912262841,2586912401060,346132800,480,0,0
1356,2586912423152,2586912496109,346133280,480,0,0
1357,2586912423205,2586912601625,346133760,480,0,0
1358,2586912583322,2586912697077,346134240,480,0,0
1359,2586912583352,2586912802204,346134720,480,0,0
1360,2586912734050,2586912897449,346135200,480,0,0
1361,2586912890050,2586912998180,346135680,480,0,0
1362,2586912890125,2586913093187,346136160,480,0,0
1363,2586913049922,2586913198502,346136640,480,0,0
1364,2586913206241,2586913293713,346137120,480,0,0
1365,2586913206283,2586913394060,346137600,480,0,0
1366,2586913361576,2586913499881,346138080,480,0,0
1367,2586913522673,2586913595044,346138560,480,0,0
1368,2586913522729,2586913700363,346139040,480,0,0
1369,2586913673657,2586913795599,346139520,480,0,0
1370,2586913673719,2586913901158,346140000,480,0,0
1371,2586913827813,2586914001301,346140480,480,0,0
1372,2586913983678,2586914096700,346140960,480,0,0
1373,2586913983733,2586914202180,346141440,480,0,0
1374,2586914138887,2586914297280,346141920,480,0,0
1375,2586914294442,2586914397686,346142400,480,0,0
1376,2586914294655,2586914498374,346142880,480,0,0
1377,2586914460288,2586914593931,346143360,480,0,0
1378,2586914619488,2586914698926,346143840,480,0,0
1379,2586914619516,2586914794053,346144320,480,0,0
1380,2586914780418,2586914894331,346144800,480,0,0
1381,2586914780451,2586914999814,346145280,480,0,0
1382,2586914936649,2586915094983,346145760,480,0,0
1383,2586915097174,2586915200334,346146240,480,0,0
1384,2586915097217,2586915295605,346146720,480,0,0
1385,2586915252769,2586915401386,346147200,480,0,0
1386,2586915410545,2586915496314,346147680,480,0,0
1387,2586915410585,2586915601798,346148160,480,0,0
1388,2586915563921,2586915697440,346148640,480,0,0
1389,2586915724207,2586915802557,346149120,480,0,0
1390,2586915724239,2586915897784,346149600,480,0,0
1391,2586915884483,2586915998123,346150080,480,0,0
1392,2586915884530,2586916093320,346150560,480,0,0
1393,2586916040339,2586916198689,346151040,480,0,0
1394,2586916201371,2586916293923,346151520,480,0,0
1395,2586916201408,2586916394205,346152000,480,0,0
1396,2586916361419,2586916500034,346152480,480,0,0
1397,2586916517119,2586916595394,346152960,480,0,0
1398,2586916517167,2586916695716,346153440,480,0,0
1399,2586916671841,2586916800989,346153920,480,0,0
1400,2586916837940,2586916901357,346154400,480,0,0
1401,2586916837964,2586916997281,346154880,480,0,0
1402,2586916993553,2586917102101,346155360,480,0,0
1403,2586916993597,2586917197399,346155840,480,0,0
1404,2586917148877,2586917302656,346156320,480,0,0
1405,2586917305553,2586917397932,346156800,480,0,0
1406,2586917305583,2586917499034,346157280,480,0,0
1407,2586917460318,2586917593936,346157760,480,0,0
1408,2586917616067,2586917699291,346158240,480,0,0
1409,2586917616105,2586917799796,346158720,480,0,0
1410,2586917770562,2586917899972,346159200,480,0,0
1411,2586917927927,2586918000368,346159680,480,0,0
1412,2586917927957,2586918095703,346160160,480,0,0
1413,2586918081364,2586918200938,346160640,480,0,0
1414,2586918081392,2586918296131,346161120,480,0,0
1415,2586918239642,2586918398160,346161600,480,0,0
1416,2586918390387,2586918498818,346162080,480,0,0
1417,2586918390432,2586918594184,346162560,480,0,0
1418,2586918545870,2586918694304,346163040,480,0,0
1419,2586918701305,2586918799747,346163520,480,0,0
1420,2586918701350,2586918899968,346164000,480,0,0
1421,2586918861967,2586919000768,346164480,480,0,0
1422,2586919022188,2586919095692,346164960,480,0,0
1423,2586919022727,2586919200936,346165440,480,0,0
1424,2586919182825,2586919296389,346165920,480,0,0
1425,2586919182857,2586919401510,346166400,480,0,0
1426,2586919338026,2586919496850,346166880,480,0,0
1427,2586919493662,2586919602379,346167360,480,0,0
1428,2586919493700,2586919697322,346167840,480,0,0
1429,2586919648786,2586919802555,346168320,480,0,0
1430,2586919805495,2586919897841,346168800,480,0,0
1431,2586919805524,2586919998307,346169280,480,0,0
1432,2586919959274,2586920093554,346169760,480,0,0
1433,2586920120779,2586920199178,346170240,480,0,0
1434,2586920120826,2586920293978,346170720,480,0,0
1435,2586920281012,2586920394426,346171200,480,0,0
1436,2586920281061,2586920500070,346171680,480,0,0
1437,2586920436843,2586920595191,346172160,480,0,0
1438,2586920596931,2586920700464,346172640,480,0,0
1439,2586920596970,2586920795624,346173120,480,0,0
1440,2586920751341,2586920901028,346173600,480,0,0
1441,2586920912657,2586921001410,346174080,480,0,0
1442,2586920912712,2586921096792,346174560,480,0,0
1443,2586921068246,2586921201949,346175040,480,0,0
1444,2586921068298,2586921297079,346175520,480,0,0
1445,2586921228822,2586921397599,346176000,480,0,0
1446,2586921384431,2586921498117,346176480,480,0,0
1447,2586921384457,2586921593283,346176960,480,0,0
1448,2586921540279,2586921698939,346177440,480,0,0
1449,2586921695857,2586921793972,346177920,480,0,0
1450,2586921695899,2586921894192,346178400,480,0,0
1451,2586921851288,2586922000050,346178880,480,0,0
1452,2586922011726,2586922095012,346179360,480,0,0
1453,2586922011764,2586922200546,346179840,480,0,0
1454,2586922172298,2586922295499,346180320,480,0,0
1455,2586922172338,2586922400890,346180800,480,0,0
1456,2586922337881,2586922496300,346181280,480,0,0
1457,2586922492954,2586922601889,346181760,480,0,0
1458,2586922492983,2586922696837,346182240,480,0,0
1459,2586922649256,2586922802140,346182720,480,0,0
1460,2586922804037,2586922897428,346183200,480,0,0
1461,2586922804067,2586922997849,346183680,480,0,0
1462,2586922960189,2586923093076,346184160,480,0,0
1463,2586923120299,2586923198670,346184640,480,0,0
1464,2586923120346,2586923293568,346185120,480,0,0
1465,2586923281351,2586923393951,346185600,480,0,0
1466,2586923281401,2586923500169,346186080,480,0,0
1467,2586923436768,2586923595131,346186560,480,0,0
1468,2586923598072,2586923700397,346187040,480,0,0
1469,2586923598108,2586923795641,346187520,480,0,0
1470,2586923751916,2586923901079,346188000,480,0,0
1471,2586923913430,2586924001395,346188480,480,0,0
1472,2586923913461,2586924097047,346188960,480,0,0
1473,2586924069114,2586924202011,346189440,480,0,0
1474,2586924069168,2586924297250,346189920,480,0,0
1475,2586924229661,2586924398018,346190400,480,0,0
1476,2586924385583,2586924498592,346190880,480,0,0
1477,2586924385644,2586924593747,346191360,480,0,0
1478,2586924540470,2586924699396,346191840,480,0,0
1479,2586924695692,2586924794183,346192320,480,0,0
1480,2586924695726,2586924894440,346192800,480,0,0
1481,2586924852083,2586924999973,346193280,480,0,0
1482,2586925004543,2586925095071,346193760,480,0,0
1483,2586925004582,2586925200308,346194240,480,0,0
1484,2586925161915,2586925295544,346194720,480,0,0
1485,2586925322697,2586925401046,346195200,480,0,0
1486,2586925322759,2586925496318,346195680,480,0,0
1487,2586925484534,2586925601821,346196160,480,0,0
1488,2586925484572,2586925696857,346196640,480,0,0
1489,2586925638410,2586925802099,346197120,480,0,0
1490,2586925794385,2586925897621,346197600,480,0,0
1491,2586925794426,2586925997881,346198080,480,0,0
1492,2586925959811,2586926093134,346198560,480,0,0
1493,2586926120717,2586926198712,346199040,480,0,0
1494,2586926120769,2586926293681,346199520,480,0,0
1495,2586926273773,2586926393905,346200000,480,0,0
1496,2586926273827,2586926500902,346200480,480,0,0
1497,2586926427040,2586926595914,346200960,480,0,0
1498,2586926582849,2586926701136,346201440,480,0,0
1499,2586926582891,2586926796686,346201920,480,0,0
1500,2586926733931,2586926898384,346202400,480,0,0
1501,2586926889424,2586926998989,346202880,480,0,0
1502,2586926889485,2586927094082,346203360,480,0,0
1503,2586927051739,2586927199476,346203840,480,0,0
1504,2586927206711,2586927294674,346204320,480,0,0
1505,2586927206750,2586927400368,346204800,480,0,0
1506,2586927362759,2586927495620,346205280,480,0,0
1507,2586927517959,2586927601118,346205760,480,0,0
1508,2586927517993,2586927696568,346206240,480,0,0
1509,2586927674163,2586927801569,346206720,480,0,0
1510,2586927674228,2586927901949,346207200,480,0,0
1511,2586927823147,2586927997591,346207680,480,0,0
1512,2586927986492,2586928103003,346208160,480,0,0
1513,2586927986567,2586928198031,346208640,480,0,0
1514,2586928140071,2586928293699,346209120,480,0,0
1515,2586928295924,2586928393647,346209600,480,0,0
1516,2586928295953,2586928499569,346210080,480,0,0
1517,2586928461042,2586928594629,346210560,480,0,0
1518,2586928617004,2586928700084,346211040,480,0,0
1519,2586928617045,2586928795134,346211520,480,0,0
1520,2586928771670,2586928900803,346212000,480,0,0
1521,2586928928129,2586929001181,346212480,480,0,0
1522,2586928928152,2586929096222,346212960,480,0,0
1523,2586929083595,2586929201905,346213440,480,0,0
1524,2586929083662,2586929296826,346213920,480,0,0
1525,2586929241157,2586929393363,346214400,480,0,0
1526,2586929391619,2586929500054,346214880,480,0,0
1527,2586929391988,2586929594930,346215360,480,0,0
1528,2586929551736,2586929700282,346215840,480,0,0
1529,2586929713464,2586929795461,346216320,480,0,0
1530,2586929713506,2586929900939,346216800,480,0,0
1531,2586929871896,2586930001333,346217280,480,0,0
1532,2586929871941,2586930096813,346217760,480,0,0
1533,2586930023526,2586930202097,346218240,480,0,0
1534,2586930184485,2586930297113,346218720,480,0,0
1535,2586930184519,2586930397708,346219200,480,0,0
1536,2586930339763,2586930498160,346219680,480,0,0
1537,2586930495488,2586930593391,346220160,480,0,0
1538,2586930495528,2586930698929,346220640,480,0,0
1539,2586930650825,2586930793901,346221120,480,0,0
1540,2586930806214,2586930894165,346221600,480,0,0
1541,2586930806259,2586930999890,346222080,480,0,0
1542,2586930961910,2586931094949,346222560,480,0,0
1543,2586931117023,2586931200275,346223040,480,0,0
1544,2586931117059,2586931295506,346223520,480,0,0
1545,2586931282207,2586931400964,346224000,480,0,0
1546,2586931282239,2586931496201,346224480,480,0,0
1547,2586931443892,2586931601817,346224960,480,0,0
1548,2586931599170,2586931696931,346225440,480,0,0
1549,2586931599213,2586931802471,346225920,480,0,0
1550,2586931753090,2586931897771,346226400,480,0,0
1551,2586931910340,2586931998128,346226880,480,0,0
1552,2586931910390,2586932093329,346227360,480,0,0
1553,2586932066294,2586932198862,346227840,480,0,0
1554,2586932066337,2586932294181,346228320,480,0,0
1555,2586932220781,2586932394270,346228800,480,0,0
1556,2586932382500,2586932500176,346229280,480,0,0
1557,2586932382556,2586932595315,346229760,480,0,0
1558,2586932541468,2586932700600,346230240,480,0,0
1559,2586932698145,2586932795860,346230720,480,0,0
1560,2586932698188,2586932901459,346231200,480,0,0
1561,2586932859699,2586932997264,346231680,480,0,0
1562,2586933020798,2586933102835,346232160,480,0,0
1563,2586933020850,2586933197709,346232640,480,0,0
1564,2586933186696,2586933293317,346233120,480,0,0
1565,2586933186755,2586933393417,346233600,480,0,0
1566,2586933339017,2586933496784,346234080,480,0,0
1567,2586933493945,2586933602108,346234560,480,0,0
1568,2586933493996,2586933697661,346235040,480,0,0
1569,2586933651028,2586933802927,346235520,480,0,0
1570,2586933804139,2586933898058,346236000,480,0,0
1571,2586933804179,2586933998614,346236480,480,0,0
1572,2586933960899,2586934093805,346236960,480,0,0
1573,2586934116038,2586934199300,346237440,480,0,0
1574,2586934116082,2586934294621,346237920,480,0,0
1575,2586934281917,2586934395110,346238400,480,0,0
1576,2586934281955,2586934495508,346238880,480,0,0
1577,2586934442515,2586934601072,346239360,480,0,0
1578,2586934598029,2586934696049,346239840,480,0,0
1579,2586934598057,2586934801308,346240320,480,0,0
1580,2586934752039,2586934901721,346240800,480,0,0
1581,2586934910666,2586934998784,346241280,480,0,0
1582,2586934910702,2586935093686,346241760,480,0,0
1583,2586935060625,2586935199283,346242240,480,0,0
1584,2586935221746,2586935294281,346242720,480,0,0
1585,2586935221796,2586935394436,346243200,480,0,0
1586,2586935381484,2586935500199,346243680,480,0,0
1587,2586935381520,2586935595299,346244160,480,0,0
1588,2586935543238,2586935700793,346244640,480,0,0
1589,2586935702312,2586935795815,346245120,480,0,0
1590,2586935702358,2586935901256,346245600,480,0,0
1591,2586935858206,2586935996502,346246080,480,0,0
1592,2586936018341,2586936102218,346246560,480,0,0
1593,2586936018384,2586936197367,346247040,480,0,0
1594,2586936183367,2586936302493,346247520,480,0,0
1595,2586936183400,2586936398063,346248000,480,0,0
1596,2586936339927,2586936498597,346248480,480,0,0
1597,2586936505668,2586936593843,346248960,480,0,0
1598,2586936505706,2586936694064,346249440,480,0,0
1599,2586936660839,2586936799468,346249920,480,0,0
1600,2586936816915,2586936899592,346250400,480,0,0
1601,2586936816943,2586937000338,346250880,480,0,0
1602,2586936970860,2586937095178,346251360,480,0,0
1603,2586937128146,2586937200702,346251840,480,0,0
1604,2586937128188,2586937295877,346252320,480,0,0
1605,2586937283015,2586937401345,346252800,480,0,0
1606,2586937283075,2586937497021,346253280,480,0,0
1607,2586937442779,2586937602259,346253760,480,0,0
1608,2586937599817,2586937697390,346254240,480,0,0
1609,2586937599865,2586937802553,346254720,480,0,0
1610,2586937753287,2586937897875,346255200,480,0,0
1611,2586937909932,2586937998380,346255680,480,0,0
1612,2586937909976,2586938093567,346256160,480,0,0
1613,2586938067218,2586938199126,346256640,480,0,0
1614,2586938067262,2586938294532,346257120,480,0,0
1615,2586938221048,2586938394404,346257600,480,0,0
1616,2586938381815,2586938500466,346258080,480,0,0
1617,2586938381843,2586938595408,346258560,480,0,0
1618,2586938541898,2586938700694,346259040,480,0,0
1619,2586938698221,2586938795909,346259520,480,0,0
1620,2586938698266,2586938901420,346260000,480,0,0
1621,2586938857284,2586938997799,346260480,480,0,0
1622,2586939009342,2586939102466,346260960,480,0,0
1623,2586939009369,2586939197482,346261440,480,0,0
1624,2586939164122,2586939302918,346261920,480,0,0
1625,2586939326518,2586939398378,346262400,480,0,0
1626,2586939326569,2586939498959,346262880,480,0,0
1627,2586939485585,2586939594132,346263360,480,0,0
1628,2586939485634,2586939699652,346263840,480,0,0
1629,2586939646536,2586939794741,346264320,480,0,0
1630,2586939807321,2586939900330,346264800,480,0,0
1631,2586939807426,2586940000713,346265280,480,0,0
1632,2586939962567,2586940095832,346265760,480,0,0
1633,2586940118750,2586940201109,346266240,480,0,0
1634,2586940118802,2586940296435,346266720,480,0,0
1635,2586940283489,2586940402002,346267200,480,0,0
1636,2586940283526,2586940497212,346267680,480,0,0
1637,2586940443440,2586940602671,346268160,480,0,0
1638,2586940600485,2586940697946,346268640,480,0,0
1639,2586940600545,2586940793466,346269120,480,0,0
1640,2586940753888,2586940893372,346269600,480,0,0
1641,2586940909479,2586940998695,346270080,480,0,0
1642,2586940909519,2586941093968,346270560,480,0,0
1643,2586941066630,2586941199477,346271040,480,0,0
1644,2586941066710,2586941294600,346271520,480,0,0
1645,2586941216693,2586941399950,346272000,480,0,0
1646,2586941382091,2586941500419,346272480,480,0,0
1647,2586941382116,2586941595575,346272960,480,0,0
1648,2586941543225,2586941701090,346273440,480,0,0
1649,2586941698307,2586941796371,346273920,480,0,0
1650,2586941698355,2586941901819,346274400,480,0,0
1651,2586941860176,2586941997263,346274880,480,0,0
1652,2586942018745,2586942102648,346275360,480,0,0
1653,2586942018783,2586942197859,346275840,480,0,0
1654,2586942185401,2586942293065,346276320,480,0,0
1655,2586942185445,2586942393240,346276800,480,0,0
1656,2586942340195,2586942499064,346277280,480,0,0
1657,2586942496692,2586942594211,346277760,480,0,0
1658,2586942496757,2586942699751,346278240,480,0,0
1659,2586942661908,2586942794836,346278720,480,0,0
1660,2586942822956,2586942900362,346279200,480,0,0
1661,2586942822996,2586942996123,346279680,480,0,0
1662,2586942982417,2586943101113,346280160,480,0,0
1663,2586942982474,2586943196286,346280640,480,0,0
1664,2586943138647,2586943301691,346281120,480,0,0
1665,2586943292717,2586943402040,346281600,480,0,0
1666,2586943292783,2586943497351,346282080,480,0,0
1667,2586943458638,2586943603369,346282560,480,0,0
1668,2586943619486,2586943697867,346283040,480,0,0
1669,2586943619534,2586943793219,346283520,480,0,0
1670,2586943784540,2586943893382,346284000,480,0,0
1671,2586943784581,2586943998720,346284480,480,0,0
1672,2586943945421,2586944093964,346284960,480,0,0
1673,2586944107289,2586944199714,346285440,480,0,0
1674,2586944107326,2586944294563,346285920,480,0,0
1675,2586944256584,2586944400508,346286400,480,0,0
1676,2586944412522,2586944500688,346286880,480,0,0
1677,2586944412564,2586944595713,346287360,480,0,0
1678,2586944567413,2586944701088,346287840,480,0,0
1679,2586944567473,2586944796228,346288320,480,0,0
1680,2586944722811,2586944901736,346288800,480,0,0
1681,2586944883387,2586944997104,346289280,480,0,0
1682,2586944883683,2586945102310,346289760,480,0,0
1683,2586945038832,2586945197569,346290240,480,0,0
1684,2586945194954,2586945292724,346290720,480,0,0
1685,2586945195022,2586945398709,346291200,480,0,0
1686,2586945350345,2586945499230,346291680,480,0,0
1687,2586945506045,2586945594297,346292160,480,0,0
1688,2586945506089,2586945699846,346292640,480,0,0
1689,2586945662949,2586945794877,346293120,480,0,0
1690,2586945822522,2586945900384,346293600,480,0,0
1691,2586945822575,2586945995692,346294080,480,0,0
1692,2586945983565,2586946101264,346294560,480,0,0
1693,2586945983623,2586946196373,346295040,480,0,0
1694,2586946138869,2586946301903,346295520,480,0,0
1695,2586946294769,2586946397404,346296000,480,0,0
1696,2586946294814,2586946498589,346296480,480,0,0
1697,2586946460279,2586946593469,346296960,480,0,0
1698,2586946619508,2586946698908,346297440,480,0,0
1699,2586946619539,2586946794007,346297920,480,0,0
1700,2586946780099,2586946894296,346298400,480,0,0
1701,2586946780154,2586946999953,346298880,480,0,0
1702,2586946936614,2586947095090,346299360,480,0,0
1703,2586947099467,2586947200696,346299840,480,0,0
1704,2586947099508,2586947295509,346300320,480,0,0
1705,2586947253342,2586947400970,346300800,480,0,0
1706,2586947408250,2586947496902,346301280,480,0,0
1707,2586947408301,2586947602162,346301760,480,0,0
1708,2586947564735,2586947697099,346302240,480,0,0
1709,2586947724796,2586947802561,346302720,480,0,0
1710,2586947724836,2586947897673,346303200,480,0,0
1711,2586947884982,2586947998040,346303680,480,0,0
1712,2586947885020,2586948093318,346304160,480,0,0
1713,2586948039268,2586948199288,346304640,480,0,0
1714,2586948196091,2586948294561,346305120,480,0,0
1715,2586948196145,2586948394441,346305600,480,0,0
1716,2586948352811,2586948500606,346306080,480,0,0
1717,2586948513340,2586948595720,346306560,480,0,0
1718,2586948513418,2586948701095,346307040,480,0,0
1719,2586948677471,2586948796328,346307520,480,0,0
1720,2586948677534,2586948902187,346308000,480,0,0
1721,2586948824290,2586948997834,346308480,480,0,0
1722,2586948985664,2586949093096,346308960,480,0,0
1723,2586948985730,2586949198548,346309440,480,0,0
1724,2586949140148,2586949293602,346309920,480,0,0
1725,2586949295988,2586949393749,346310400,480,0,0
1726,2586949296043,2586949499400,346310880,480,0,0
1727,2586949461828,2586949594640,346311360,480,0,0
1728,2586949618723,2586949700149,346311840,480,0,0
1729,2586949618773,2586949795264,346312320,480,0,0
1730,2586949771816,2586949901042,346312800,480,0,0
1731,2586949927680,2586950001412,346313280,480,0,0
1732,2586949927733,2586950096445,346313760,480,0,0
1733,2586950084048,2586950202548,346314240,480,0,0
1734,2586950084099,2586950297412,346314720,480,0,0
1735,2586950241388,2586950394001,346315200,480,0,0
1736,2586950401476,2586950499617,346315680,480,0,0
1737,2586950401507,2586950595422,346316160,480,0,0
1738,2586950562549,2586950700551,346316640,480,0,0
1739,2586950717461,2586950795699,346317120,480,0,0
1740,2586950717512,2586950895867,346317600,480,0,0
1741,2586950874536,2586950996949,346318080,480,0,0
1742,2586950874593,2586951101780,346318560,480,0,0
1743,2586951028865,2586951197164,346319040,480,0,0
1744,2586951184805,2586951302402,346319520,480,0,0
1745,2586951184861,2586951397780,346320000,480,0,0
1746,2586951340268,2586951498544,346320480,480,0,0
1747,2586951495319,2586951593864,346320960,480,0,0
1748,2586951495520,2586951699369,346321440,480,0,0
1749,2586951651709,2586951794555,346321920,480,0,0
1750,2586951807805,2586951894805,346322400,480,0,0
1751,2586951807837,2586952001021,346322880,480,0,0
1752,2586951961387,2586952095541,346323360,480,0,0
1753,2586952118091,2586952201102,346323840,480,0,0
1754,2586952118143,2586952296963,346324320,480,0,0
1755,2586952269914,2586952402215,346324800,480,0,0
1756,2586952269954,2586952497680,346325280,480,0,0
1757,2586952424266,2586952602861,346325760,480,0,0
1758,2586952585823,2586952698086,346326240,480,0,0
1759,2586952585876,2586952793281,346326720,480,0,0
1760,2586952747801,2586952893371,346327200,480,0,0
1761,2586952901793,2586952999659,346327680,480,0,0
1762,2586952901855,2586953094164,346328160,480,0,0
1763,2586953061595,2586953199685,346328640,480,0,0
1764,2586953211346,2586953295104,346329120,480,0,0
1765,2586953211386,2586953395354,346329600,480,0,0
1766,2586953369041,2586953500894,346330080,480,0,0
1767,2586953369080,2586953596038,346330560,480,0,0
1768,2586953526426,2586953701582,346331040,480,0,0
1769,2586953684304,2586953796891,346331520,480,0,0
1770,2586953684378,2586953897481,346332000,480,0,0
1771,2586953840793,2586953997741,346332480,480,0,0
1772,2586953995319,2586954093442,346332960,480,0,0
1773,2586953995387,2586954198716,346333440,480,0,0
1774,2586954150393,2586954293880,346333920,480,0,0
1775,2586954308980,2586954394171,346334400,480,0,0
1776,2586954309028,2586954500310,346334880,480,0,0
1777,2586954463039,2586954595815,346335360,480,0,0
1778,2586954618894,2586954701638,346335840,480,0,0
1779,2586954618940,2586954796403,346336320,480,0,0
1780,2586954782892,2586954902088,346336800,480,0,0
1781,2586954782951,2586954998058,346337280,480,0,0
1782,2586954945855,2586955092848,346337760,480,0,0
1783,2586955100158,2586955198244,346338240,480,0,0
1784,2586955100212,2586955293457,346338720,480,0,0
1785,2586955256524,2586955393780,346339200,480,0,0
1786,2586955420363,2586955501750,346339680,480,0,0
1787,2586955420415,2586955597053,346340160,480,0,0
1788,2586955583616,2586955702312,346340640,480,0,0
1789,2586955583669,2586955797458,346341120,480,0,0
1790,2586955735870,2586955894922,346341600,480,0,0
1791,2586955892314,2586956001482,346342080,480,0,0
1792,2586955892355,2586956095775,346342560,480,0,0
1793,2586956051413,2586956201138,346343040,480,0,0
1794,2586956208679,2586956296286,346343520,480,0,0
1795,2586956208738,2586956402094,346344000,480,0,0
1796,2586956359406,2586956502537,346344480,480,0,0
1797,2586956514849,2586956597890,346344960,480,0,0
1798,2586956514905,2586956692931,346345440,480,0,0
1799,2586956664232,2586956798252,346345920,480,0,0
1800,2586956815418,2586956894531,346346400,480,0,0
1801,2586956815469,2586956999172,346346880,480,0,0
1802,2586956972253,2586957094316,346347360,480,0,0
1803,2586956972297,2586957199858,346347840,480,0,0
1804,2586957126270,2586957295004,346348320,480,0,0
1805,2586957281377,2586957400558,346348800,480,0,0
1806,2586957281420,2586957495982,346349280,480,0,0
1807,2586957443359,2586957601440,346349760,480,0,0
1808,2586957602317,2586957697107,346350240,480,0,0
1809,2586957602368,2586957802506,346350720,480,0,0
1810,2586957753219,2586957897826,346351200,480,0,0
1811,2586957910565,2586957998380,346351680,480,0,0
1812,2586957910605,2586958093520,346352160,480,0,0
1813,2586958065363,2586958198854,346352640,480,0,0
1814,2586958065427,2586958294167,346353120,480,0,0
1815,2586958221637,2586958394189,346353600,480,0,0
1816,2586958382745,2586958500558,346354080,480,0,0
1817,2586958382806,2586958595934,346354560,480,0,0
1818,2586958545490,2586958701411,346355040,480,0,0
1819,2586958704410,2586958796907,346355520,480,0,0
1820,2586958704980,2586958897631,346356000,480,0,0
1821,2586958859015,2586958998089,346356480,480,0,0
1822,2586959021056,2586959094843,346356960,480,0,0
1823,2586959021121,2586959200160,346357440,480,0,0
1824,2586959186390,2586959294081,346357920,480,0,0
1825,2586959186443,2586959394441,346358400,480,0,0
1826,2586959341641,2586959500208,346358880,480,0,0
1827,2586959501303,2586959595612,346359360,480,0,0
1828,2586959501350,2586959700586,346359840,480,0,0
1829,2586959657516,2586959795721,346360320,480,0,0
1830,2586959813656,2586959901520,346360800,480,0,0
1831,2586959813685,2586959997195,346361280,480,0,0
1832,2586959970305,2586960102615,346361760,480,0,0
1833,2586959970359,2586960198041,346362240,480,0,0
1834,2586960129829,2586960292852,346362720,480,0,0
1835,2586960285556,2586960398525,346363200,480,0,0
1836,2586960285617,2586960498941,346363680,480,0,0
1837,2586960437035,2586960594268,346364160,480,0,0
1838,2586960597048,2586960699726,346364640,480,0,0
1839,2586960597112,2586960794774,346365120,480,0,0
1840,2586960751155,2586960900407,346365600,480,0,0
1841,2586960912081,2586961000921,346366080,480,0,0
1842,2586960912110,2586961095930,346366560,480,0,0
1843,2586961068081,2586961201361,346367040,480,0,0
1844,2586961068115,2586961296601,346367520,480,0,0
1845,2586961223037,2586961402191,346368000,480,0,0
1846,2586961384058,2586961497487,346368480,480,0,0
1847,2586961384105,2586961602899,346368960,480,0,0
1848,2586961539265,2586961697883,346369440,480,0,0
1849,2586961694851,2586961793246,346369920,480,0,0
1850,2586961694896,2586961893450,346370400,480,0,0
1851,2586961851057,2586961998976,346370880,480,0,0
1852,2586962006727,2586962094173,346371360,480,0,0
1853,2586962006786,2586962199694,346371840,480,0,0
1854,2586962160655,2586962294773,346372320,480,0,0
1855,2586962317024,2586962400316,346372800,480,0,0
1856,2586962317088,2586962500746,346373280,480,0,0
1857,2586962472954,2586962595855,346373760,480,0,0
1858,2586962473008,2586962701236,346374240,480,0,0
1859,2586962628803,2586962796708,346374720,480,0,0
1860,2586962784501,2586962902222,346375200,480,0,0
1861,2586962784567,2586962998372,346375680,480,0,0
1862,2586962946131,2586963103110,346376160,480,0,0
1863,2586963099418,2586963198334,346376640,480,0,0
1864,2586963099470,2586963293278,346377120,480,0,0
1865,2586963255724,2586963393548,346377600,480,0,0
1866,2586963419040,2586963500416,346378080,480,0,0
1867,2586963419080,2586963598981,346378560,480,0,0
1868,2586963570106,2586963701434,346379040,480,0,0
1869,2586963570141,2586963796468,346379520,480,0,0
1870,2586963726552,2586963902321,346380000,480,0,0
1871,2586963885523,2586963999379,346380480,480,0,0
1872,2586963885588,2586964094132,346380960,480,0,0
1873,2586964030357,2586964198805,346381440,480,0,0
1874,2586964184876,2586964293899,346381920,480,0,0
1875,2586964184914,2586964394217,346382400,480,0,0
1876,2586964336380,2586964500029,346382880,480,0,0
1877,2586964503465,2586964595222,346383360,480,0,0
1878,2586964503519,2586964700536,346383840,480,0,0
1879,2586964663262,2586964795929,346384320,480,0,0
1880,2586964822413,2586964901773,346384800,480,0,0
1881,2586964822438,2586964997614,346385280,480,0,0
1882,2586964985077,2586965102405,346385760,480,0,0
1883,2586964985135,2586965197868,346386240,480,0,0
1884,2586965139482,2586965292969,346386720,480,0,0
1885,2586965295665,2586965398259,346387200,480,0,0
1886,2586965295733,2586965499538,346387680,480,0,0
1887,2586965460364,2586965594391,346388160,480,0,0
1888,2586965617903,2586965699798,346388640,480,0,0
1889,2586965617944,2586965795290,346389120,480,0,0
1890,2586965771371,2586965900537,346389600,480,0,0
1891,2586965928166,2586966001167,346390080,480,0,0
1892,2586965928212,2586966096682,346390560,480,0,0
1893,2586966082673,2586966201626,346391040,480,0,0
1894,2586966082723,2586966296986,346391520,480,0,0
1895,2586966241442,2586966394694,346392000,480,0,0
1896,2586966392543,2586966500616,346392480,480,0,0
1897,2586966392610,2586966595870,346392960,480,0,0
1898,2586966552581,2586966701443,346393440,480,0,0
1899,2586966708552,2586966796751,346393920,480,0,0
1900,2586966708604,2586966901954,346394400,480,0,0
1901,2586966864288,2586966997671,346394880,480,0,0
1902,2586967020271,2586967092934,346395360,480,0,0
1903,2586967020323,2586967198156,346395840,480,0,0
1904,2586967186561,2586967293275,346396320,480,0,0
1905,2586967186645,2586967393869,346396800,480,0,0
1906,2586967339842,2586967499673,346397280,480,0,0
1907,2586967497689,2586967594855,346397760,480,0,0
1908,2586967497746,2586967700183,346398240,480,0,0
1909,2586967664598,2586967795444,346398720,480,0,0
1910,2586967812613,2586967901196,346399200,480,0,0
1911,2586967812649,2586967996979,346399680,480,0,0
1912,2586967968530,2586968101835,346400160,480,0,0
1913,2586968128818,2586968198230,346400640,480,0,0
1914,2586968128856,2586968302484,346401120,480,0,0
1915,2586968285374,2586968397827,346401600,480,0,0
1916,2586968285428,2586968499399,346402080,480,0,0
1917,2586968445893,2586968593743,346402560,480,0,0
1918,2586968599942,2586968699036,346403040,480,0,0
1919,2586968599984,2586968794256,346403520,480,0,0
1920,2586968755330,2586968894548,346404000,480,0,0
1921,2586968912048,2586969000117,346404480,480,0,0
1922,2586968912094,2586969095228,346404960,480,0,0
1923,2586969067964,2586969200825,346405440,480,0,0
1924,2586969068027,2586969295904,346405920,480,0,0
1925,2586969227189,2586969401773,346406400,480,0,0
1926,2586969384248,2586969497115,346406880,480,0,0
1927,2586969384320,2586969602425,346407360,480,0,0
1928,2586969540263,2586969698091,346407840,480,0,0
1929,2586969695844,2586969793365,346408320,480,0,0
1930,2586969695921,2586969893509,346408800,480,0,0
1931,2586969851735,2586969999489,346409280,480,0,0
1932,2586970007324,2586970094528,346409760,480,0,0
1933,2586970007379,2586970200375,346410240,480,0,0
1934,2586970162806,2586970295361,346410720,480,0,0
1935,2586970319521,2586970401118,346411200,480,0,0
1936,2586970319595,2586970501429,346411680,480,0,0
1937,2586970476184,2586970596878,346412160,480,0,0
1938,2586970476229,2586970702553,346412640,480,0,0
1939,2586970631599,2586970797350,346413120,480,0,0
1940,2586970786732,2586970898526,346413600,480,0,0
1941,2586970786765,2586970999300,346414080,480,0,0
1942,2586970936227,2586971094347,346414560,480,0,0
1943,2586971097245,2586971200221,346415040,480,0,0
1944,2586971097274,2586971295120,346415520,480,0,0
1945,2586971253355,2586971400729,346416000,480,0,0
1946,2586971409122,2586971496430,346416480,480,0,0
1947,2586971409193,2586971602038,346416960,480,0,0
1948,2586971562632,2586971697358,346417440,480,0,0
1949,2586971714852,2586971802866,346417920,480,0,0
1950,2586971714918,2586971898111,346418400,480,0,0
1951,2586971875858,2586971998618,346418880,480,0,0
1952,2586971876141,2586972093857,346419360,480,0,0
1953,2586972032008,2586972199284,346419840,480,0,0
1954,2586972189846,2586972295196,346420320,480,0,0
1955,2586972189920,2586972396603,346420800,480,0,0
1956,2586972342254,2586972501024,346421280,480,0,0
1957,2586972503861,2586972596707,346421760,480,0,0
1958,2586972503909,2586972701718,346422240,480,0,0
1959,2586972658363,2586972796663,346422720,480,0,0
1960,2586972813987,2586972897144,346423200,480,0,0
1961,2586972814026,2586972997875,346423680,480,0,0
1962,2586972970921,2586973093073,346424160,480,0,0
1963,2586972970996,2586973198360,346424640,480,0,0
1964,2586973131094,2586973293508,346425120,480,0,0
1965,2586973286700,2586973393808,346425600,480,0,0
1966,2586973286765,2586973499798,346426080,480,0,0
1967,2586973436635,2586973595047,346426560,480,0,0
1968,2586973598941,2586973700195,346427040,480,0,0
1969,2586973599113,2586973795445,346427520,480,0,0
1970,2586973751249,2586973901419,346428000,480,0,0
1971,2586973912302,2586974001581,346428480,480,0,0
1972,2586973912350,2586974096567,346428960,480,0,0
1973,2586974068918,2586974202266,346429440,480,0,0
1974,2586974068980,2586974297282,346429920,480,0,0
1975,2586974219093,2586974397679,346430400,480,0,0
1976,2586974375109,2586974498462,346430880,480,0,0
1977,2586974375171,2586974593930,346431360,480,0,0
1978,2586974530124,2586974698999,346431840,480,0,0
1979,2586974685859,2586974794283,346432320,480,0,0
1980,2586974686114,2586974894575,346432800,480,0,0
1981,2586974837579,2586975000088,346433280,480,0,0
1982,2586974987245,2586975095337,346433760,480,0,0
1983,2586974987306,2586975200873,346434240,480,0,0
1984,2586975147352,2586975295842,346434720,480,0,0
1985,2586975302892,2586975402895,346435200,480,0,0
1986,2586975302939,2586975496873,346435680,480,0,0
1987,2586975458911,2586975602370,346436160,480,0,0
1988,2586975618719,2586975697642,346436640,480,0,0
1989,2586975618771,2586975802765,346437120,480,0,0
1990,2586975784077,2586975898006,346437600,480,0,0
1991,2586975784125,2586975998737,346438080,480,0,0
1992,2586975945919,2586976093620,346438560,480,0,0
1993,2586976101800,2586976199041,346439040,480,0,0
1994,2586976101872,2586976294329,346439520,480,0,0
1995,2586976256140,2586976394960,346440000,480,0,0
1996,2586976418747,2586976502076,346440480,480,0,0
1997,2586976418787,2586976597546,346440960,480,0,0
1998,2586976583328,2586976702627,346441440,480,0,0
1999,2586976583395,2586976797839,346441920,480,0,0
2000,2586976740125,2586976895224,346442400,480,0,1
2001,2586976897171,2586976995720,346442880,480,0,1
2002,2586976897211,2586977101157,346443360,480,0,1
2003,2586977057817,2586977196761,346443840,480,0,1
2004,2586977212688,2586977301629,346444320,480,0,1
2005,2586977212730,2586977402161,346444800,480,0,1
2006,2586977370864,2586977502859,346445280,480,0,1
2007,2586977370939,2586977598068,346445760,480,0,1
2008,2586977524748,2586977693162,346446240,480,0,1
2009,2586977685853,2586977798890,346446720,480,0,1
2010,2586977685914,2586977894901,346447200,480,0,1
2011,2586977841128,2586978000044,346447680,480,0,1
2012,2586978001991,2586978095202,346448160,480,0,1
2013,2586978002021,2586978200494,346448640,480,0,1
2014,2586978162264,2586978295579,346449120,480,0,1
2015,2586978318620,2586978401593,346449600,480,0,1
2016,2586978318673,2586978501600,346450080,480,0,1
2017,2586978473669,2586978597076,346450560,480,0,1
2018,2586978473709,2586978702331,346451040,480,0,1
2019,2586978628825,2586978797460,346451520,480,0,1
2020,2586978786144,2586978897870,346452000,480,0,1
2021,2586978786226,2586978998400,346452480,480,0,1
2022,2586978945424,2586979093470,346452960,480,0,1
2023,2586979100339,2586979199230,346453440,480,0,1
2024,2586979100383,2586979294058,346453920,480,0,1
2025,2586979257091,2586979394407,346454400,480,0,1
2026,2586979418708,2586979502111,346454880,480,0,1
2027,2586979418761,2586979597383,346455360,480,0,1
2028,2586979584498,2586979702452,346455840,480,0,1
2029,2586979584557,2586979797982,346456320,480,0,1
2030,2586979734963,2586979894452,346456800,480,0,1
2031,2586979891452,2586979999996,346457280,480,0,1
2032,2586979891481,2586980095191,346457760,480,0,1
2033,2586980052277,2586980200782,346458240,480,0,1
2034,2586980212934,2586980295750,346458720,480,0,1
2035,2586980212979,2586980401295,346459200,480,0,1
2036,2586980373424,2586980496840,346459680,480,0,1
2037,2586980373484,2586980602199,346460160,480,0,1
2038,2586980529171,2586980697467,346460640,480,0,1
2039,2586980684807,2586980793025,346461120,480,0,1
2040,2586980684854,2586980898003,346461600,480,0,1
2041,2586980840679,2586980998321,346462080,480,0,1
2042,2586980995160,2586981093605,346462560,480,0,1
2043,2586980995214,2586981199003,346463040,480,0,1
2044,2586981150789,2586981294291,346463520,480,0,1
2045,2586981306648,2586981394602,346464000,480,0,1
2046,2586981306690,2586981500138,346464480,480,0,1
2047,2586981462414,2586981595377,346464960,480,0,1
2048,2586981619349,2586981701004,346465440,480,0,1
2049,2586981620415,2586981796011,346465920,480,0,1
2050,2586981767336,2586981901501,346466400,480,0,1
2051,2586981923269,2586981997042,346466880,480,0,1
2052,2586981923314,2586982102317,346467360,480,0,1
2053,2586982084530,2586982197491,346467840,480,0,1
2054,2586982084587,2586982293121,346468320,480,0,1
2055,2586982239831,2586982398134,346468800,480,0,1
2056,2586982400972,2586982498679,346469280,480,0,1
2057,2586982401045,2586982593849,346469760,480,0,1
2058,2586982560397,2586982699300,346470240,480,0,1
2059,2586982716759,2586982794645,346470720,480,0,1
2060,2586982716804,2586982894817,346471200,480,0,1
2061,2586982882261,2586983000136,346471680,480,0,1
2062,2586982882302,2586983095386,346472160,480,0,1
2063,2586983042213,2586983201032,346472640,480,0,1
2064,2586983203484,2586983295927,346473120,480,0,1
2065,2586983203556,2586983401348,346473600,480,0,1
2066,2586983358001,2586983497199,346474080,480,0,1
2067,2586983510231,2586983602391,346474560,480,0,1
2068,2586983510264,2586983697699,346475040,480,0,1
2069,2586983659876,2586983793056,346475520,480,0,1
2070,2586983814240,2586983898170,346476000,480,0,1
2071,2586983814285,2586983998600,346476480,480,0,1
2072,2586983971258,2586984093962,346476960,480,0,1
2073,2586983971304,2586984199326,346477440,480,0,1
2074,2586984126383,2586984294436,346477920,480,0,1
2075,2586984281900,2586984400412,346478400,480,0,1
2076,2586984281929,2586984495635,346478880,480,0,1
2077,2586984441669,2586984600899,346479360,480,0,1
2078,2586984598105,2586984696414,346479840,480,0,1
2079,2586984598166,2586984801442,346480320,480,0,1
2080,2586984752063,2586984901714,346480800,480,0,1
2081,2586984910280,2586984998792,346481280,480,0,1
2082,2586984910313,2586985093732,346481760,480,0,1
2083,2586985059709,2586985199279,346482240,480,0,1
2084,2586985211649,2586985294870,346482720,480,0,1
2085,2586985211688,2586985394776,346483200,480,0,1
2086,2586985368188,2586985500477,346483680,480,0,1
2087,2586985368261,2586985596208,346484160,480,0,1
2088,2586985522531,2586985701045,346484640,480,0,1
2089,2586985684227,2586985796887,346485120,480,0,1
2090,2586985684279,2586985901870,346485600,480,0,1
2091,2586985840105,2586985997781,346486080,480,0,1
2092,2586985996047,2586986092986,346486560,480,0,1
2093,2586985996105,2586986198693,346487040,480,0,1
2094,2586986151170,2586986293666,346487520,480,0,1
2095,2586986306476,2586986393957,346488000,480,0,1
2096,2586986306520,2586986499790,346488480,480,0,1
2097,2586986461986,2586986594902,346488960,480,0,1
2098,2586986617863,2586986700201,346489440,480,0,1
2099,2586986618528,2586986795396,346489920,480,0,1
2100,2586986771635,2586986900868,346490400,480,0,1
2101,2586986929540,2586987001308,346490880,480,0,1
2102,2586986929582,2586987096903,346491360,480,0,1
2103,2586987083617,2586987202039,346491840,480,0,1
2104,2586987083656,2586987297197,346492320,480,0,1
2105,2586987240196,2586987393926,346492800,480,0,1
2106,2586987401629,2586987499775,346493280,480,0,1
2107,2586987401682,2586987594714,346493760,480,0,1
2108,2586987560797,2586987700608,346494240,480,0,1
2109,2586987717516,2586987795608,346494720,480,0,1
2110,2586987717578,2586987895909,346495200,480,0,1
2111,2586987874432,2586987996861,346495680,480,0,1
2112,2586987874489,2586988101918,346496160,480,0,1
2113,2586988028359,2586988197167,346496640,480,0,1
2114,2586988184098,2586988302412,346497120,480,0,1
2115,2586988184148,2586988397739,346497600,480,0,1
2116,2586988339595,2586988498177,346498080,480,0,1
2117,2586988496195,2586988593398,346498560,480,0,1
2118,2586988496270,2586988698917,346499040,480,0,1
2119,2586988651140,2586988794181,346499520,480,0,1
2120,2586988806738,2586988894473,346500000,480,0,1
2121,2586988806779,2586989000096,346500480,480,0,1
2122,2586988962504,2586989095297,346500960,480,0,1
2123,2586989118082,2586989200821,346501440,480,0,1
2124,2586989118125,2586989295918,346501920,480,0,1
2125,2586989283106,2586989401494,346502400,480,0,1
2126,2586989283159,2586989497180,346502880,480,0,1
2127,2586989443847,2586989602161,346503360,480,0,1
2128,2586989600036,2586989697472,346503840,480,0,1
2129,2586989600117,2586989802935,346504320,480,0,1
2130,2586989755116,2586989898177,346504800,480,0,1
2131,2586989910952,2586989998489,346505280,480,0,1
2132,2586989910985,2586990093911,346505760,480,0,1
2133,2586990078410,2586990199758,346506240,480,0,1
2134,2586990078471,2586990294941,346506720,480,0,1
2135,2586990238015,2586990395540,346507200,480,0,1
2136,2586990372714,2586990501354,346507680,480,0,1
2137,2586990372763,2586990600373,346508160,480,0,1
2138,2586990529329,2586990702541,346508640,480,0,1
2139,2586990687967,2586990797661,346509120,480,0,1
2140,2586990688010,2586990898240,346509600,480,0,1
2141,2586990841102,2586990998863,346510080,480,0,1
2142,2586990995513,2586991093953,346510560,480,0,1
2143,2586990995562,2586991199434,346511040,480,0,1
2144,2586991152395,2586991294927,346511520,480,0,1
2145,2586991307473,2586991395147,346512000,480,0,1
2146,2586991307535,2586991500937,346512480,480,0,1
2147,2586991462736,2586991595917,346512960,480,0,1
2148,2586991617780,2586991701198,346513440,480,0,1
2149,2586991617851,2586991796361,346513920,480,0,1
2150,2586991782644,2586991901871,346514400,480,0,1
2151,2586991782686,2586991997313,346514880,480,0,1
2152,2586991934658,2586992102812,346515360,480,0,1
2153,2586992089844,2586992198205,346515840,480,0,1
2154,2586992089896,2586992293418,346516320,480,0,1
2155,2586992240399,2586992393597,346516800,480,0,1
2156,2586992401330,2586992499669,346517280,480,0,1
2157,2586992401374,2586992594733,346517760,480,0,1
2158,2586992561323,2586992699827,346518240,480,0,1
2159,2586992717889,2586992795103,346518720,480,0,1
2160,2586992717937,2586992895398,346519200,480,0,1
2161,2586992873056,2586992995692,346519680,480,0,1
2162,2586992873118,2586993101166,346520160,480,0,1
2163,2586993028089,2586993196666,346520640,480,0,1
2164,2586993184121,2586993301846,346521120,480,0,1
2165,2586993184175,2586993397143,346521600,480,0,1
2166,2586993339349,2586993497886,346522080,480,0,1
2167,2586993494601,2586993593056,346522560,480,0,1
2168,2586993494655,2586993698622,346523040,480,0,1
2169,2586993650776,2586993793531,346523520,480,0,1
2170,2586993806321,2586993893757,346524000,480,0,1
2171,2586993806361,2586993999486,346524480,480,0,1
2172,2586993962542,2586994094515,346524960,480,0,1
2173,2586994117371,2586994199952,346525440,480,0,1
2174,2586994117432,2586994295029,346525920,480,0,1
2175,2586994267563,2586994400544,346526400,480,0,1
2176,2586994267604,2586994495903,346526880,480,0,1
2177,2586994422691,2586994601422,346527360,480,0,1
2178,2586994584033,2586994696516,346527840,480,0,1
2179,2586994584090,2586994801808,346528320,480,0,1
2180,2586994744380,2586994897241,346528800,480,0,1
2181,2586994899246,2586994997520,346529280,480,0,1
2182,2586994899305,2586995092856,346529760,480,0,1
2183,2586995059508,2586995198378,346530240,480,0,1
2184,2586995220379,2586995293269,346530720,480,0,1
2185,2586995220428,2586995393535,346531200,480,0,1
2186,2586995375542,2586995499615,346531680,480,0,1
2187,2586995375599,2586995594453,346532160,480,0,1
2188,2586995531374,2586995699844,346532640,480,0,1
2189,2586995692996,2586995795028,346533120,480,0,1
2190,2586995693082,2586995900539,346533600,480,0,1
2191,2586995857586,2586996000856,346534080,480,0,1
2192,2586996012057,2586996096641,346534560,480,0,1
2193,2586996012104,2586996201646,346535040,480,0,1
2194,2586996169339,2586996296717,346535520,480,0,1
2195,2586996325397,2586996399407,346536000,480,0,1
2196,2586996325447,2586996499267,346536480,480,0,1
2197,2586996486147,2586996594354,346536960,480,0,1
2198,2586996486183,2586996699883,346537440,480,0,1
2199,2586996645443,2586996794912,346537920,480,0,1
2200,2586996808439,2586996900483,346538400,480,0,1
2201,2586996808465,2586997000938,346538880,480,0,1
2202,2586996962954,2586997096227,346539360,480,0,1
2203,2586997118735,2586997201578,346539840,480,0,1
2204,2586997118801,2586997297028,346540320,480,0,1
2205,2586997284511,2586997397188,346540800,480,0,1
2206,2586997284553,2586997497747,346541280,480,0,1
2207,2586997444934,2586997593223,346541760,480,0,1
2208,2586997599970,2586997698607,346542240,480,0,1
2209,2586997600033,2586997793777,346542720,480,0,1
2210,2586997754461,2586997894266,346543200,480,0,1
2211,2586997912906,2586998001061,346543680,480,0,1
2212,2586997912951,2586998096498,346544160,480,0,1
2213,2586998068711,2586998201910,346544640,480,0,1
2214,2586998068753,2586998297195,346545120,480,0,1
2215,2586998219730,2586998397643,346545600,480,0,1
2216,2586998375172,2586998498748,346546080,480,0,1
2217,2586998375237,2586998593834,346546560,480,0,1
2218,2586998530682,2586998699510,346547040,480,0,1
2219,2586998685601,2586998794327,346547520,480,0,1
2220,2586998685647,2586998894602,346548000,480,0,1
2221,2586998847134,2586998999959,346548480,480,0,1
2222,2586999001877,2586999100556,346548960,480,0,1
2223,2586999001931,2586999195451,346549440,480,0,1
2224,2586999157716,2586999301008,346549920,480,0,1
2225,2586999313027,2586999401593,346550400,480,0,1
2226,2586999313046,2586999496867,346550880,480,0,1
2227,2586999469396,2586999602290,346551360,480,0,1
2228,2586999469449,2586999697596,346551840,480,0,1
2229,2586999628263,2586999792764,346552320,480,0,1
2230,2586999785033,2586999898028,346552800,480,0,1
2231,2586999785103,2586999998650,346553280,480,0,1
2232,2586999945899,2587000094323,346553760,480,0,1
2233,2587000102117,2587000199092,346554240,480,0,1
2234,2587000102192,2587000294376,346554720,480,0,1
2235,2587000258630,2587000394757,346555200,480,0,1
2236,2587000422336,2587000495328,346555680,480,0,1
2237,2587000422423,2587000600688,346556160,480,0,1
2238,2587000583055,2587000695685,346556640,480,0,1
2239,2587000583122,2587000801121,346557120,480,0,1
2240,2587000738707,2587000901795,346557600,480,0,1
2241,2587000899315,2587000997294,346558080,480,0,1
2242,2587000899364,2587001102441,346558560,480,0,1
2243,2587001060292,2587001197884,346559040,480,0,1
2244,2587001214583,2587001293233,346559520,480,0,1
2245,2587001214620,2587001393330,346560000,480,0,1
2246,2587001364669,2587001499256,346560480,480,0,1
2247,2587001521545,2587001594324,346560960,480,0,1
2248,2587001521605,2587001699479,346561440,480,0,1
2249,2587001671996,2587001794821,346561920,480,0,1
2250,2587001672042,2587001900732,346562400,480,0,1
2251,2587001827795,2587002000998,346562880,480,0,1
2252,2587001983143,2587002096463,346563360,480,0,1
2253,2587001983195,2587002201496,346563840,480,0,1
2254,2587002138480,2587002296951,346564320,480,0,1
2255,2587002293847,2587002397508,346564800,480,0,1
2256,2587002293891,2587002497752,346565280,480,0,1
2257,2587002459988,2587002593137,346565760,480,0,1
2258,2587002620316,2587002698585,346566240,480,0,1
2259,2587002620370,2587002793633,346566720,480,0,1
2260,2587002785206,2587002893905,346567200,480,0,1
2261,2587002785251,2587002999824,346567680,480,0,1
2262,2587002946566,2587003094751,346568160,480,0,1
2263,2587003106440,2587003200087,346568640,480,0,1
2264,2587003106477,2587003295167,346569120,480,0,1
2265,2587003262261,2587003400630,346569600,480,0,1
2266,2587003423099,2587003496117,346570080,480,0,1
2267,2587003423165,2587003601442,346570560,480,0,1
2268,2587003582197,2587003696683,346571040,480,0,1
2269,2587003582247,2587003801942,346571520,480,0,1
2270,2587003744126,2587003897511,346572000,480,0,1
2271,2587003900225,2587003997652,346572480,480,0,1
2272,2587003900272,2587004093109,346572960,480,0,1
2273,2587004060275,2587004198533,346573440,480,0,1
2274,2587004220479,2587004293489,346573920,480,0,1
2275,2587004220519,2587004393857,346574400,480,0,1
2276,2587004376526,2587004499644,346574880,480,0,1
2277,2587004376558,2587004594630,346575360,480,0,1
2278,2587004531515,2587004700343,346575840,480,0,1
2279,2587004682946,2587004796706,346576320,480,0,1
2280,2587004682990,2587004901287,346576800,480,0,1
2281,2587004838143,2587004996839,346577280,480,0,1
2282,2587004993758,2587005102331,346577760,480,0,1
2283,2587004993818,2587005197378,346578240,480,0,1
2284,2587005148230,2587005302786,346578720,480,0,1
2285,2587005306869,2587005398231,346579200,480,0,1
2286,2587005306903,2587005499514,346579680,480,0,1
2287,2587005461470,2587005594733,346580160,480,0,1
2288,2587005618436,2587005700374,346580640,480,0,1
2289,2587005618478,2587005795418,346581120,480,0,1
2290,2587005771814,2587005901024,346581600,480,0,1
2291,2587005928920,2587006001408,346582080,480,0,1
2292,2587005928980,2587006096803,346582560,480,0,1
2293,2587006083545,2587006202178,346583040,480,0,1
2294,2587006083573,2587006297483,346583520,480,0,1
2295,2587006241029,2587006393715,346584000,480,0,1
2296,2587006402993,2587006499491,346584480,480,0,1
2297,2587006403048,2587006594823,346584960,480,0,1
2298,2587006562453,2587006695352,346585440,480,0,1
2299,2587006722148,2587006800734,346585920,480,0,1
2300,2587006722197,2587006901010,346586400,480,0,1
2301,2587006883380,2587007001405,346586880,480,0,1
2302,2587006883431,2587007096677,346587360,480,0,1
2303,2587007044244,2587007202147,346587840,480,0,1
2304,2587007210105,2587007297221,346588320,480,0,1
2305,2587007210149,2587007397722,346588800,480,0,1
2306,2587007364219,2587007498968,346589280,480,0,1
2307,2587007522900,2587007593864,346589760,480,0,1
2308,2587007522956,2587007699360,346590240,480,0,1
2309,2587007671178,2587007794388,346590720,480,0,1
2310,2587007671225,2587007894711,346591200,480,0,1
2311,2587007826713,2587008000026,346591680,480,0,1
2312,2587007982161,2587008095331,346592160,480,0,1
2313,2587007982202,2587008200782,346592640,480,0,1
2314,2587008137291,2587008295758,346593120,480,0,1
2315,2587008293607,2587008401539,346593600,480,0,1
2316,2587008293653,2587008496859,346594080,480,0,1
2317,2587008458924,2587008602266,346594560,480,0,1
2318,2587008609192,2587008697521,346595040,480,0,1
2319,2587008609231,2587008802647,346595520,480,0,1
2320,2587008768854,2587008897960,346596000,480,0,1
2321,2587008926169,2587008998491,346596480,480,0,1
2322,2587008926216,2587009093753,346596960,480,0,1
2323,2587009077341,2587009199590,346597440,480,0,1
2324,2587009077373,2587009294655,346597920,480,0,1
2325,2587009231407,2587009394795,346598400,480,0,1
2326,2587009382781,2587009500651,346598880,480,0,1
2327,2587009382962,2587009595934,346599360,480,0,1
2328,2587009542311,2587009701240,346599840,480,0,1
2329,2587009698639,2587009796453,346600320,480,0,1
2330,2587009698696,2587009902013,346600800,480,0,1
2331,2587009850824,2587009997363,346601280,480,0,1
2332,2587010003727,2587010092845,346601760,480,0,1
2333,2587010003772,2587010198296,346602240,480,0,1
2334,2587010160358,2587010293577,346602720,480,0,1
2335,2587010316546,2587010393681,346603200,480,0,1
2336,2587010316600,2587010499682,346603680,480,0,1
2337,2587010471693,2587010594552,346604160,480,0,1
2338,2587010471755,2587010699950,346604640,480,0,1
2339,2587010627886,2587010795059,346605120,480,0,1
2340,2587010781538,2587010901127,346605600,480,0,1
2341,2587010781575,2587011000974,346606080,480,0,1
2342,2587010937987,2587011096523,346606560,480,0,1
2343,2587011098632,2587011201721,346607040,480,0,1
2344,2587011098671,2587011297122,346607520,480,0,1
2345,2587011253915,2587011397399,346608000,480,0,1
2346,2587011410790,2587011499243,346608480,480,0,1
2347,2587011410848,2587011594402,346608960,480,0,1
2348,2587011566968,2587011699949,346609440,480,0,1
2349,2587011567022,2587011795140,346609920,480,0,1
2350,2587011722082,2587011900544,346610400,480,0,1
2351,2587011883173,2587012001100,346610880,480,0,1
2352,2587011883225,2587012096176,346611360,480,0,1
2353,2587012042731,2587012201384,346611840,480,0,1
2354,2587012204609,2587012296934,346612320,480,0,1
2355,2587012204661,2587012397414,346612800,480,0,1
2356,2587012359338,2587012497801,346613280,480,0,1
2357,2587012520475,2587012593212,346613760,480,0,1
2358,2587012520514,2587012698343,346614240,480,0,1
2359,2587012685655,2587012793815,346614720,480,0,1
2360,2587012685704,2587012893858,346615200,480,0,1
2361,2587012842443,2587012999495,346615680,480,0,1
2362,2587012996857,2587013094901,346616160,480,0,1
2363,2587012996902,2587013200293,346616640,480,0,1
2364,2587013161154,2587013295490,346617120,480,0,1
2365,2587013317635,2587013401125,346617600,480,0,1
2366,2587013317691,2587013501973,346618080,480,0,1
2367,2587013474783,2587013596795,346618560,480,0,1
2368,2587013474840,2587013702211,346619040,480,0,1
2369,2587013628908,2587013797830,346619520,480,0,1
2370,2587013784734,2587013897779,346620000,480,0,1
2371,2587013784789,2587013998182,346620480,480,0,1
2372,2587013935462,2587014093349,346620960,480,0,1
2373,2587014091030,2587014198754,346621440,480,0,1
2374,2587014091089,2587014293872,346621920,480,0,1
2375,2587014255783,2587014394187,346622400,480,0,1
2376,2587014412752,2587014501240,346622880,480,0,1
2377,2587014412799,2587014596377,346623360,480,0,1
2378,2587014568296,2587014701800,346623840,480,0,1
2379,2587014568361,2587014796927,346624320,480,0,1
2380,2587014723610,2587014897441,346624800,480,0,1
2381,2587014884592,2587014998205,346625280,480,0,1
2382,2587014884661,2587015093115,346625760,480,0,1
2383,2587015040070,2587015198534,346626240,480,0,1
2384,2587015201860,2587015293727,346626720,480,0,1
2385,2587015201928,2587015394056,346627200,480,0,1
2386,2587015361371,2587015500128,346627680,480,0,1
2387,2587015523723,2587015596029,346628160,480,0,1
2388,2587015523782,2587015700636,346628640,480,0,1
2389,2587015677832,2587015795891,346629120,480,0,1
2390,2587015677886,2587015901479,346629600,480,0,1
2391,2587015838267,2587015997136,346630080,480,0,1
2392,2587015993814,2587016102176,346630560,480,0,1
2393,2587015993851,2587016197547,346631040,480,0,1
2394,2587016149058,2587016302785,346631520,480,0,1
2395,2587016305645,2587016398094,346632000,480,0,1
2396,2587016305693,2587016499060,346632480,480,0,1
2397,2587016461056,2587016594830,346632960,480,0,1
2398,2587016616581,2587016699532,346633440,480,0,1
2399,2587016616637,2587016795012,346633920,480,0,1
2400,2587016771042,2587016900199,346634400,480,0,1
2401,2587016927468,2587017000713,346634880,480,0,1
2402,2587016927510,2587017095861,346635360,480,0,1
2403,2587017083485,2587017201377,346635840,480,0,1
2404,2587017083553,2587017296909,346636320,480,0,1
2405,2587017240950,2587017393317,346636800,480,0,1
2406,2587017389938,2587017499599,346637280,480,0,1
2407,2587017389981,2587017594654,346637760,480,0,1
2408,2587017552109,2587017700227,346638240,480,0,1
2409,2587017713862,2587017795530,346638720,480,0,1
2410,2587017713891,2587017900761,346639200,480,0,1
2411,2587017867963,2587018001288,346639680,480,0,1
2412,2587018023422,2587018097912,346640160,480,0,1
2413,2587018023478,2587018201690,346640640,480,0,1
2414,2587018183762,2587018296998,346641120,480,0,1
2415,2587018183822,2587018397285,346641600,480,0,1
2416,2587018339522,2587018498142,346642080,480,0,1
2417,2587018494976,2587018593309,346642560,480,0,1
2418,2587018495022,2587018698705,346643040,480,0,1
2419,2587018650267,2587018793950,346643520,480,0,1
2420,2587018806094,2587018894130,346644000,480,0,1
2421,2587018806151,2587018999669,346644480,480,0,1
2422,2587018960672,2587019094886,346644960,480,0,1
2423,2587019117476,2587019200439,346645440,480,0,1
2424,2587019117541,2587019295486,346645920,480,0,1
2425,2587019283343,2587019401055,346646400,480,0,1
2426,2587019283415,2587019496560,346646880,480,0,1
2427,2587019443680,2587019601895,346647360,480,0,1
2428,2587019599483,2587019697307,346647840,480,0,1
2429,2587019599532,2587019802598,346648320,480,0,1
2430,2587019753353,2587019897819,346648800,480,0,1
2431,2587019908850,2587019998236,346649280,480,0,1
2432,2587019908898,2587020093503,346649760,480,0,1
2433,2587020066998,2587020198877,346650240,480,0,1
2434,2587020067037,2587020294269,346650720,480,0,1
2435,2587020221833,2587020394601,346651200,480,0,1
2436,2587020382858,2587020500393,346651680,480,0,1
2437,2587020382902,2587020595645,346652160,480,0,1
2438,2587020541705,2587020701148,346652640,480,0,1
2439,2587020698066,2587020796185,346653120,480,0,1
2440,2587020698120,2587020901685,346653600,480,0,1
2441,2587020858651,2587020997447,346654080,480,0,1
2442,2587021019891,2587021102627,346654560,480,0,1
2443,2587021019946,2587021197797,346655040,480,0,1
2444,2587021186039,2587021293355,346655520,480,0,1
2445,2587021186098,2587021393377,346656000,480,0,1
2446,2587021337176,2587021501337,346656480,480,0,1
2447,2587021502767,2587021596569,346656960,480,0,1
2448,2587021502820,2587021701754,346657440,480,0,1
2449,2587021659271,2587021797056,346657920,480,0,1
2450,2587021813960,2587021897563,346658400,480,0,1
2451,2587021814012,2587021997619,346658880,480,0,1
2452,2587021970754,2587022093021,346659360,480,0,1
2453,2587021970813,2587022198523,346659840,480,0,1
2454,2587022130037,2587022293572,346660320,480,0,1
2455,2587022286276,2587022393955,346660800,480,0,1
2456,2587022286333,2587022499775,346661280,480,0,1
2457,2587022445828,2587022594859,346661760,480,0,1
2458,2587022608029,2587022700371,346662240,480,0,1
2459,2587022608292,2587022795599,346662720,480,0,1
2460,2587022761492,2587022900913,346663200,480,0,1
2461,2587022923764,2587023001198,346663680,480,0,1
2462,2587022923805,2587023096855,346664160,480,0,1
2463,2587023082433,2587023202003,346664640,480,0,1
2464,2587023082480,2587023297110,346665120,480,0,1
2465,2587023241198,2587023393962,346665600,480,0,1
2466,2587023401939,2587023500321,346666080,480,0,1
2467,2587023401987,2587023595244,346666560,480,0,1
2468,2587023562597,2587023701018,346667040,480,0,1
2469,2587023716672,2587023796022,346667520,480,0,1
2470,2587023716704,2587023896065,346668000,480,0,1
2471,2587023873754,2587023996882,346668480,480,0,1
2472,2587023873795,2587024102190,346668960,480,0,1
2473,2587024034293,2587024197704,346669440,480,0,1
2474,2587024198997,2587024297887,346669920,480,0,1
2475,2587024199049,2587024398210,346670400,480,0,1
2476,2587024360855,2587024499347,346670880,480,0,1
2477,2587024521669,2587024594224,346671360,480,0,1
2478,2587024521730,2587024699348,346671840,480,0,1
2479,2587024671571,2587024794552,346672320,480,0,1
2480,2587024671684,2587024900079,346672800,480,0,1
2481,2587024826010,2587025000625,346673280,480,0,1
2482,2587024982498,2587025100897,346673760,480,0,1
2483,2587024982539,2587025196411,346674240,480,0,1
2484,2587025137465,2587025301399,346674720,480,0,1
2485,2587025293336,2587025401840,346675200,480,0,1
2486,2587025293413,2587025497242,346675680,480,0,1
2487,2587025459561,2587025602366,346676160,480,0,1
2488,2587025619211,2587025697652,346676640,480,0,1
2489,2587025619261,2587025793067,346677120,480,0,1
2490,2587025783796,2587025898145,346677600,480,0,1
2491,2587025783838,2587025998514,346678080,480,0,1
2492,2587025945133,2587026093771,346678560,480,0,1
2493,2587026102157,2587026199189,346679040,480,0,1
2494,2587026102215,2587026294369,346679520,480,0,1
2495,2587026256318,2587026394646,346680000,480,0,1
2496,2587026412857,2587026501308,346680480,480,0,1
2497,2587026412894,2587026596605,346680960,480,0,1
2498,2587026568711,2587026702198,346681440,480,0,1
2499,2587026568769,2587026797233,346681920,480,0,1
2500,2587026724185,2587026897600,346682400,480,0,1
2501,2587026884105,2587026998067,346682880,480,0,1
2502,2587026884159,2587027093179,346683360,480,0,1
2503,2587027040139,2587027198436,346683840,480,0,1
2504,2587027197102,2587027293666,346684320,480,0,1
2505,2587027197157,2587027394079,346684800,480,0,1
2506,2587027353219,2587027500422,346685280,480,0,1
2507,2587027504142,2587027595296,346685760,480,0,1
2508,2587027504196,2587027700848,346686240,480,0,1
2509,2587027659577,2587027796025,346686720,480,0,1
2510,2587027814394,2587027897476,346687200,480,0,1
2511,2587027814437,2587027997562,346687680,480,0,1
2512,2587027970402,2587028093008,346688160,480,0,1
2513,2587027970458,2587028198482,346688640,480,0,1
2514,2587028131035,2587028293751,346689120,480,0,1
2515,2587028286796,2587028394078,346689600,480,0,1
2516,2587028286851,2587028500097,346690080,480,0,1
2517,2587028436413,2587028595009,346690560,480,0,1
2518,2587028596128,2587028700289,346691040,480,0,1
2519,2587028596161,2587028795548,346691520,480,0,1
2520,2587028751201,2587028900998,346692000,480,0,1
2521,2587028913127,2587029001258,346692480,480,0,1
2522,2587028913149,2587029096752,346692960,480,0,1
2523,2587029068770,2587029201844,346693440,480,0,1
2524,2587029068820,2587029297024,346693920,480,0,1
2525,2587029228890,2587029397504,346694400,480,0,1
2526,2587029385233,2587029498027,346694880,480,0,1
2527,2587029385278,2587029593183,346695360,480,0,1
2528,2587029539122,2587029698663,346695840,480,0,1
2529,2587029695670,2587029793759,346696320,480,0,1
2530,2587029695734,2587029894074,346696800,480,0,1
2531,2587029850819,2587029999657,346697280,480,0,1
2532,2587030006375,2587030094609,346697760,480,0,1
2533,2587030006434,2587030194764,346698240,480,0,1
2534,2587030161711,2587030300300,346698720,480,0,1
2535,2587030321921,2587030400579,346699200,480,0,1
2536,2587030321943,2587030495839,346699680,480,0,1
2537,2587030483177,2587030601570,346700160,480,0,1
2538,2587030483220,2587030696538,346700640,480,0,1
2539,2587030637317,2587030801790,346701120,480,0,1
2540,2587030794245,2587030897413,346701600,480,0,1
2541,2587030794316,2587030997626,346702080,480,0,1
2542,2587030959477,2587031092862,346702560,480,0,1
2543,2587031119760,2587031198387,346703040,480,0,1
2544,2587031119939,2587031293255,346703520,480,0,1
2545,2587031285142,2587031393436,346704000,480,0,1
2546,2587031285187,2587031499243,346704480,480,0,1
2547,2587031445964,2587031594250,346704960,480,0,1
2548,2587031606070,2587031699634,346705440,480,0,1
2549,2587031606127,2587031794829,346705920,480,0,1
2550,2587031760944,2587031900551,346706400,480,0,1
2551,2587031921856,2587032000606,346706880,480,0,1
2552,2587031921914,2587032095745,346707360,480,0,1
2553,2587032082657,2587032201136,346707840,480,0,1
2554,2587032082707,2587032296239,346708320,480,0,1
2555,2587032239682,2587032393327,346708800,480,0,1
2556,2587032400191,2587032498879,346709280,480,0,1
2557,2587032400224,2587032594101,346709760,480,0,1
2558,2587032550808,2587032699639,346710240,480,0,1
2559,2587032711201,2587032794635,346710720,480,0,1
2560,2587032711227,2587032900117,346711200,480,0,1
2561,2587032867448,2587033000808,346711680,480,0,1
2562,2587032867493,2587033096037,346712160,480,0,1
2563,2587033023383,2587033201128,346712640,480,0,1
2564,2587033183056,2587033296612,346713120,480,0,1
2565,2587033183114,2587033401972,346713600,480,0,1
2566,2587033338463,2587033497185,346714080,480,0,1
2567,2587033493503,2587033603450,346714560,480,0,1
2568,2587033493545,2587033697641,346715040,480,0,1
2569,2587033649935,2587033792931,346715520,480,0,1
2570,2587033804233,2587033898230,346716000,480,0,1
2571,2587033804275,2587033998593,346716480,480,0,1
2572,2587033960148,2587034093904,346716960,480,0,1
2573,2587034120573,2587034199514,346717440,480,0,1
2574,2587034120874,2587034294367,346717920,480,0,1
2575,2587034282581,2587034394692,346718400,480,0,1
2576,2587034282638,2587034500602,346718880,480,0,1
2577,2587034436738,2587034595544,346719360,480,0,1
2578,2587034597678,2587034700806,346719840,480,0,1
2579,2587034597719,2587034795930,346720320,480,0,1
2580,2587034751804,2587034901740,346720800,480,0,1
2581,2587034910013,2587034998448,346721280,480,0,1
2582,2587034910075,2587035093335,346721760,480,0,1
2583,2587035065174,2587035198815,346722240,480,0,1
2584,2587035220468,2587035295454,346722720,480,0,1
2585,2587035220497,2587035394142,346723200,480,0,1
2586,2587035381221,2587035499741,346723680,480,0,1
2587,2587035381293,2587035594984,346724160,480,0,1
2588,2587035541838,2587035700492,346724640,480,0,1
2589,2587035702546,2587035795740,346725120,480,0,1
2590,2587035702605,2587035900954,346725600,480,0,1
2591,2587035857876,2587036001512,346726080,480,0,1
2592,2587036012371,2587036096578,346726560,480,0,1
2593,2587036012430,2587036201766,346727040,480,0,1
2594,2587036169605,2587036297170,346727520,480,0,1
2595,2587036169652,2587036397547,346728000,480,0,1
2596,2587036325744,2587036499534,346728480,480,0,1
2597,2587036480992,2587036594748,346728960,480,0,1
2598,2587036481048,2587036700136,346729440,480,0,1
2599,2587036636538,2587036795462,346729920,480,0,1
2600,2587036798002,2587036900966,346730400,480,0,1
2601,2587036798028,2587037001254,346730880,480,0,1
2602,2587036958046,2587037097461,346731360,480,0,1
2603,2587037118943,2587037202157,346731840,480,0,1
2604,2587037119085,2587037297083,346732320,480,0,1
2605,2587037284899,2587037397759,346732800,480,0,1
2606,2587037284943,2587037498509,346733280,480,0,1
2607,2587037445112,2587037593718,346733760,480,0,1
2608,2587037599742,2587037699531,346734240,480,0,1
2609,2587037599802,2587037794211,346734720,480,0,1
2610,2587037755090,2587037894653,346735200,480,0,1
2611,2587037911458,2587038000034,346735680,480,0,1
2612,2587037911496,2587038095076,346736160,480,0,1
2613,2587038068562,2587038200351,346736640,480,0,1
2614,2587038068587,2587038295668,346737120,480,0,1
2615,2587038227309,2587038401089,346737600,480,0,1
2616,2587038382009,2587038496458,346738080,480,0,1
2617,2587038382059,2587038601750,346738560,480,0,1
2618,2587038538210,2587038697193,346739040,480,0,1
2619,2587038694654,2587038802276,346739520,480,0,1
2620,2587038694722,2587038897587,346740000,480,0,1
2621,2587038849428,2587038998176,346740480,480,0,1
2622,2587039004675,2587039093207,346740960,480,0,1
2623,2587039004726,2587039198415,346741440,480,0,1
2624,2587039159902,2587039293731,346741920,480,0,1
2625,2587039317044,2587039394123,346742400,480,0,1
2626,2587039317325,2587039500250,346742880,480,0,1
2627,2587039488277,2587039600620,346743360,480,0,1
2628,2587039488343,2587039695794,346743840,480,0,1
2629,2587039637363,2587039801040,346744320,480,0,1
2630,2587039793542,2587039901751,346744800,480,0,1
2631,2587039793592,2587039997352,346745280,480,0,1
2632,2587039959769,2587040103038,346745760,480,0,1
2633,2587040111659,2587040198086,346746240,480,0,1
2634,2587040111702,2587040293354,346746720,480,0,1
2635,2587040272878,2587040393788,346747200,480,0,1
2636,2587040272943,2587040499691,346747680,480,0,1
2637,2587040427102,2587040595041,346748160,480,0,1
2638,2587040586642,2587040700414,346748640,480,0,1
2639,2587040586694,2587040798155,346749120,480,0,1
2640,2587040735422,2587040898293,346749600,480,0,1
2641,2587040894536,2587040999154,346750080,480,0,1
2642,2587040894584,2587041094187,346750560,480,0,1
2643,2587041043743,2587041199792,346751040,480,0,1
2644,2587041198936,2587041295149,346751520,480,0,1
2645,2587041198971,2587041402395,346752000,480,0,1
2646,2587041359045,2587041497512,346752480,480,0,1
2647,2587041519758,2587041594029,346752960,480,0,1
2648,2587041519807,2587041698435,346753440,480,0,1
2649,2587041685902,2587041793861,346753920,480,0,1
2650,2587041686233,2587041894144,346754400,480,0,1
2651,2587041841913,2587042000052,346754880,480,0,1
2652,2587042003238,2587042095373,346755360,480,0,1
2653,2587042003282,2587042200588,346755840,480,0,1
2654,2587042164662,2587042295780,346756320,480,0,1
2655,2587042326192,2587042401578,346756800,480,0,1
2656,2587042326246,2587042497309,346757280,480,0,1
2657,2587042490478,2587042603695,346757760,480,0,1
2658,2587042490533,2587042698703,346758240,480,0,1
2659,2587042640357,2587042793924,346758720,480,0,1
2660,2587042809521,2587042894432,346759200,480,0,1
2661,2587042809556,2587042999741,346759680,480,0,1
2662,2587042962105,2587043095237,346760160,480,0,1
2663,2587043136164,2587043200692,346760640,480,0,1
2664,2587043136204,2587043295943,346761120,480,0,1
2665,2587043274358,2587043402153,346761600,480,0,1
2666,2587043274416,2587043499047,346762080,480,0,1
2667,2587043427814,2587043593451,346762560,480,0,1
2668,2587043577605,2587043699262,346763040,480,0,1
2669,2587043577658,2587043794378,346763520,480,0,1
2670,2587043743327,2587043894770,346764000,480,0,1
2671,2587043904561,2587044000397,346764480,480,0,1
2672,2587043904593,2587044095800,346764960,480,0,1
2673,2587044054341,2587044196451,346765440,480,0,1
2674,2587044231168,2587044301833,346765920,480,0,1
2675,2587044231352,2587044402131,346766400,480,0,1
2676,2587044428394,2587044498041,346766880,480,0,1
2677,2587044428425,2587044593377,346767360,480,0,1
2678,2587044512475,2587044699272,346767840,480,0,1
2679,2587044669222,2587044794337,346768320,480,0,1
2680,2587044669268,2587044894673,346768800,480,0,1
2681,2587044820203,2587045000534,346769280,480,0,1
2682,2587044984930,2587045095865,346769760,480,0,1
2683,2587044984986,2587045196539,346770240,480,0,1
2684,2587045139197,2587045301757,346770720,480,0,1
2685,2587045295037,2587045402349,346771200,480,0,1
2686,2587045295085,2587045498470,346771680,480,0,1
2687,2587045449671,2587045593460,346772160,480,0,1
2688,2587045604201,2587045698752,346772640,480,0,1
2689,2587045604246,2587045794150,346773120,480,0,1
2690,2587045771719,2587045894629,346773600,480,0,1
2691,2587045771772,2587046000407,346774080,480,0,1
2692,2587045918778,2587046096080,346774560,480,0,1
2693,2587046071028,2587046201565,346775040,480,0,1
2694,2587046071066,2587046296960,346775520,480,0,1
2695,2587046222959,2587046397581,346776000,480,0,1
2696,2587046374747,2587046498557,346776480,480,0,1
2697,2587046374802,2587046593373,346776960,480,0,1
2698,2587046531010,2587046699025,346777440,480,0,1
2699,2587046686409,2587046794531,346777920,480,0,1
2700,2587046686460,2587046894601,346778400,480,0,1
2701,2587046843871,2587047000321,346778880,480,0,1
2702,2587047004827,2587047095605,346779360,480,0,1
2703,2587047004861,2587047195912,346779840,480,0,1
2704,2587047159671,2587047301604,346780320,480,0,1
2705,2587047314377,2587047402180,346780800,480,0,1
2706,2587047314428,2587047498041,346781280,480,0,1
2707,2587047473463,2587047593452,346781760,480,0,1
2708,2587047473499,2587047698872,346782240,480,0,1
2709,2587047630989,2587047793998,346782720,480,0,1
2710,2587047840212,2587047894541,346783200,480,0,1
2711,2587047840253,2587048000468,346783680,480,0,1
2712,2587047953209,2587048095853,346784160,480,0,1
2713,2587048104094,2587048203052,346784640,480,0,1
2714,2587048104133,2587048297290,346785120,480,0,1
2715,2587048260310,2587048397338,346785600,480,0,1
2716,2587048412476,2587048500723,346786080,480,0,1
2717,2587048412536,2587048595820,346786560,480,0,1
2718,2587048561405,2587048701047,346787040,480,0,1
2719,2587048718418,2587048796047,346787520,480,0,1
2720,2587048718452,2587048901849,346788000,480,0,1
2721,2587048874630,2587048997579,346788480,480,0,1
2722,2587048874843,2587049093189,346788960,480,0,1
2723,2587049029947,2587049198430,346789440,480,0,1
2724,2587049185697,2587049293511,346789920,480,0,1
2725,2587049185750,2587049393879,346790400,480,0,1
2726,2587049342433,2587049499852,346790880,480,0,1
2727,2587049495962,2587049594687,346791360,480,0,1
2728,2587049496016,2587049699966,346791840,480,0,1
2729,2587049646871,2587049795408,346792320,480,0,1
2730,2587049807844,2587049900638,346792800,480,0,1
2731,2587049807879,2587050001019,346793280,480,0,1
2732,2587049961983,2587050096986,346793760,480,0,1
2733,2587050118493,2587050201807,346794240,480,0,1
2734,2587050118553,2587050296933,346794720,480,0,1
2735,2587050284719,2587050397826,346795200,480,0,1
2736,2587050284787,2587050498180,346795680,480,0,1
2737,2587050445754,2587050593413,346796160,480,0,1
2738,2587050603802,2587050699213,346796640,480,0,1
2739,2587050603850,2587050794500,346797120,480,0,1
2740,2587050755297,2587050894531,346797600,480,0,1
2741,2587050926500,2587051000997,346798080,480,0,1
2742,2587050926558,2587051100495,346798560,480,0,1
2743,2587051081505,2587051195845,346799040,480,0,1
2744,2587051081572,2587051301235,346799520,480,0,1
2745,2587051230747,2587051393366,346800000,480,0,1
2746,2587051384933,2587051499278,346800480,480,0,1
2747,2587051384998,2587051594602,346800960,480,0,1
2748,2587051541773,2587051700113,346801440,480,0,1
2749,2587051692957,2587051795237,346801920,480,0,1
2750,2587051693026,2587051901062,346802400,480,0,1
2751,2587051858099,2587052001569,346802880,480,0,1
2752,2587052013476,2587052096639,346803360,480,0,1
2753,2587052013523,2587052202072,346803840,480,0,1
2754,2587052169137,2587052297307,346804320,480,0,1
2755,2587052325080,2587052399277,346804800,480,0,1
2756,2587052325130,2587052499790,346805280,480,0,1
2757,2587052482122,2587052594868,346805760,480,0,1
2758,2587052482178,2587052700152,346806240,480,0,1
2759,2587052636866,2587052795893,346806720,480,0,1
2760,2587052794584,2587052901194,346807200,480,0,1
2761,2587052794680,2587052997360,346807680,480,0,1
2762,2587052949074,2587053102489,346808160,480,0,1
2763,2587053100058,2587053202483,346808640,480,0,1
2764,2587053100094,2587053297629,346809120,480,0,1
2765,2587053254609,2587053398165,346809600,480,0,1
2766,2587053412354,2587053500324,346810080,480,0,1
2767,2587053412408,2587053595591,346810560,480,0,1
2768,2587053567985,2587053701015,346811040,480,0,1
2769,2587053568050,2587053796100,346811520,480,0,1
2770,2587053722638,2587053901556,346812000,480,0,1
2771,2587053883792,2587053996983,346812480,480,0,1
2772,2587053883833,2587054102044,346812960,480,0,1
2773,2587054038916,2587054197503,346813440,480,0,1
2774,2587054195309,2587054302842,346813920,480,0,1
2775,2587054195361,2587054398135,346814400,480,0,1
2776,2587054355172,2587054498931,346814880,480,0,1
2777,2587054507296,2587054594185,346815360,480,0,1
2778,2587054507361,2587054699593,346815840,480,0,1
2779,2587054661744,2587054794901,346816320,480,0,1
2780,2587054823434,2587054900592,346816800,480,0,1
2781,2587054823490,2587054995984,346817280,480,0,1
2782,2587054984226,2587055101234,346817760,480,0,1
2783,2587054984280,2587055196663,346818240,480,0,1
2784,2587055138074,2587055301846,346818720,480,0,1
2785,2587055293614,2587055402046,346819200,480,0,1
2786,2587055293661,2587055497670,346819680,480,0,1
2787,2587055444855,2587055602846,346820160,480,0,1
2788,2587055602587,2587055698064,346820640,480,0,1
2789,2587055602646,2587055798651,346821120,480,0,1
2790,2587055754163,2587055893773,346821600,480,0,1
2791,2587055912344,2587055999308,346822080,480,0,1
2792,2587055912397,2587056094323,346822560,480,0,1
2793,2587056066342,2587056199738,346823040,480,0,1
2794,2587056228074,2587056294966,346823520,480,0,1
2795,2587056228118,2587056400643,346824000,480,0,1
2796,2587056382359,2587056495743,346824480,480,0,1
2797,2587056382512,2587056601348,346824960,480,0,1
2798,2587056538174,2587056696476,346825440,480,0,1
2799,2587056690023,2587056801934,346825920,480,0,1
2800,2587056690079,2587056902011,346826400,480,0,1
2801,2587056849091,2587056998279,346826880,480,0,1
2802,2587057004671,2587057092860,346827360,480,0,1
2803,2587057004720,2587057198490,346827840,480,0,1
2804,2587057160537,2587057293400,346828320,480,0,1
2805,2587057315273,2587057393637,346828800,480,0,1
2806,2587057315326,2587057499299,346829280,480,0,1
2807,2587057471661,2587057594458,346829760,480,0,1
2808,2587057626233,2587057699929,346830240,480,0,1
2809,2587057626274,2587057795228,346830720,480,0,1
2810,2587057782408,2587057900816,346831200,480,0,1
2811,2587057782437,2587058001011,346831680,480,0,1
2812,2587057937981,2587058096290,346832160,480,0,1
2813,2587058100280,2587058201926,346832640,480,0,1
2814,2587058100329,2587058296897,346833120,480,0,1
2815,2587058253418,2587058397631,346833600,480,0,1
2816,2587058412062,2587058499990,346834080,480,0,1
2817,2587058412113,2587058595257,346834560,480,0,1
2818,2587058561032,2587058700565,346835040,480,0,1
2819,2587058718184,2587058795916,346835520,480,0,1
2820,2587058718230,2587058895958,346836000,480,0,1
2821,2587058872474,2587058997205,346836480,480,0,1
2822,2587059029726,2587059102126,346836960,480,0,1
2823,2587059029785,2587059197056,346837440,480,0,1
2824,2587059184684,2587059302527,346837920,480,0,1
2825,2587059184751,2587059397913,346838400,480,0,1
2826,2587059335431,2587059498689,346838880,480,0,1
2827,2587059486533,2587059594972,346839360,480,0,1
2828,2587059486600,2587059699443,346839840,480,0,1
2829,2587059641577,2587059794549,346840320,480,0,1
2830,2587059796592,2587059894924,346840800,480,0,1
2831,2587059796639,2587060000458,346841280,480,0,1
2832,2587059962919,2587060095592,346841760,480,0,1
2833,2587060118148,2587060200849,346842240,480,0,1
2834,2587060118201,2587060296614,346842720,480,0,1
2835,2587060268557,2587060401900,346843200,480,0,1
2836,2587060424638,2587060497216,346843680,480,0,1
2837,2587060424705,2587060602495,346844160,480,0,1
2838,2587060585662,2587060697524,346844640,480,0,1
2839,2587060586084,2587060792990,346845120,480,0,1
2840,2587060745254,2587060898634,346845600,480,0,1
2841,2587060902021,2587060998860,346846080,480,0,1
2842,2587060902117,2587061094093,346846560,480,0,1
2843,2587061061059,2587061199647,346847040,480,0,1
2844,2587061212441,2587061294658,346847520,480,0,1
2845,2587061212479,2587061394869,346848000,480,0,1
2846,2587061366934,2587061500679,346848480,480,0,1
2847,2587061521532,2587061595755,346848960,480,0,1
2848,2587061521578,2587061701104,346849440,480,0,1
2849,2587061677609,2587061796489,346849920,480,0,1
2850,2587061677655,2587061901970,346850400,480,0,1
2851,2587061825456,2587061997675,346850880,480,0,1
2852,2587061984730,2587062093140,346851360,480,0,1
2853,2587061984774,2587062198289,346851840,480,0,1
2854,2587062141170,2587062293536,346852320,480,0,1
2855,2587062296875,2587062393905,346852800,480,0,1
2856,2587062296935,2587062499865,346853280,480,0,1
2857,2587062462163,2587062595092,346853760,480,0,1
2858,2587062618117,2587062700655,346854240,480,0,1
2859,2587062618159,2587062796064,346854720,480,0,1
2860,2587062782326,2587062901566,346855200,480,0,1
2861,2587062782396,2587062997175,346855680,480,0,1
2862,2587062933927,2587063102110,346856160,480,0,1
2863,2587063089140,2587063197425,346856640,480,0,1
2864,2587063089188,2587063302978,346857120,480,0,1
2865,2587063253575,2587063397969,346857600,480,0,1
2866,2587063412704,2587063500431,346858080,480,0,1
2867,2587063412763,2587063595576,346858560,480,0,1
2868,2587063561949,2587063701011,346859040,480,0,1
2869,2587063718339,2587063797924,346859520,480,0,1
2870,2587063718385,2587063896824,346860000,480,0,1
2871,2587063876414,2587063997404,346860480,480,0,1
2872,2587063876447,2587064102737,346860960,480,0,1
2873,2587064029604,2587064198159,346861440,480,0,1
2874,2587064186092,2587064293349,346861920,480,0,1
2875,2587064186157,2587064393543,346862400,480,0,1
2876,2587064342999,2587064499323,346862880,480,0,1
2877,2587064496666,2587064594312,346863360,480,0,1
2878,2587064496721,2587064699814,346863840,480,0,1
2879,2587064662266,2587064794984,346864320,480,0,1
2880,2587064822618,2587064900654,346864800,480,0,1
2881,2587064822664,2587064995792,346865280,480,0,1
2882,2587064983162,2587065101427,346865760,480,0,1
2883,2587064983212,2587065196495,346866240,480,0,1
2884,2587065138558,2587065301827,346866720,480,0,1
2885,2587065294647,2587065402315,346867200,480,0,1
2886,2587065294703,2587065497727,346867680,480,0,1
2887,2587065460480,2587065592981,346868160,480,0,1
2888,2587065620251,2587065698364,346868640,480,0,1
2889,2587065620316,2587065798549,346869120,480,0,1
2890,2587065780147,2587065894027,346869600,480,0,1
2891,2587065780192,2587065999808,346870080,480,0,1
2892,2587065937594,2587066095162,346870560,480,0,1
2893,2587066097531,2587066200334,346871040,480,0,1
2894,2587066097573,2587066295645,346871520,480,0,1
2895,2587066253773,2587066401117,346872000,480,0,1
2896,2587066408499,2587066496471,346872480,480,0,1
2897,2587066408543,2587066601955,346872960,480,0,1
2898,2587066563036,2587066697254,346873440,480,0,1
2899,2587066715050,2587066802810,346873920,480,0,1
2900,2587066715087,2587066898214,346874400,480,0,1
2901,2587066865833,2587066998399,346874880,480,0,1
2902,2587066865888,2587067093699,346875360,480,0,1
2903,2587067021104,2587067199200,346875840,480,0,1
2904,2587067186681,2587067294253,346876320,480,0,1
2905,2587067186728,2587067394716,346876800,480,0,1
2906,2587067342252,2587067500355,346877280,480,0,1
2907,2587067505287,2587067595511,346877760,480,0,1
2908,2587067505348,2587067700902,346878240,480,0,1
2909,2587067663962,2587067796243,346878720,480,0,1
2910,2587067824816,2587067901592,346879200,480,0,1
2911,2587067824868,2587067997081,346879680,480,0,1
2912,2587067983498,2587068102428,346880160,480,0,1
2913,2587067983534,2587068197539,346880640,480,0,1
2914,2587068140096,2587068293018,346881120,480,0,1
2915,2587068295942,2587068398384,346881600,480,0,1
2916,2587068296020,2587068498873,346882080,480,0,1
2917,2587068462094,2587068594204,346882560,480,0,1
2918,2587068617822,2587068699785,346883040,480,0,1
2919,2587068617876,2587068794741,346883520,480,0,1
2920,2587068770898,2587068900311,346884000,480,0,1
2921,2587068927777,2587069000697,346884480,480,0,1
2922,2587068927804,2587069095929,346884960,480,0,1
2923,2587069081848,2587069201237,346885440,480,0,1
2924,2587069081902,2587069296554,346885920,480,0,1
2925,2587069239638,2587069393605,346886400,480,0,1
2926,2587069390943,2587069499083,346886880,480,0,1
2927,2587069390993,2587069594346,346887360,480,0,1
2928,2587069551455,2587069699976,346887840,480,0,1
2929,2587069713549,2587069795072,346888320,480,0,1
2930,2587069713603,2587069900621,346888800,480,0,1
2931,2587069867868,2587070000832,346889280,480,0,1
2932,2587069868065,2587070096189,346889760,480,0,1
2933,2587070024112,2587070201642,346890240,480,0,1
2934,2587070186133,2587070296915,346890720,480,0,1
2935,2587070186178,2587070397816,346891200,480,0,1
2936,2587070342355,2587070498826,346891680,480,0,1
2937,2587070496419,2587070593858,346892160,480,0,1
2938,2587070496479,2587070699442,346892640,480,0,1
2939,2587070651893,2587070794646,346893120,480,0,1
2940,2587070807931,2587070894864,346893600,480,0,1
2941,2587070807968,2587071000220,346894080,480,0,1
2942,2587070961313,2587071095607,346894560,480,0,1
2943,2587071118818,2587071200965,346895040,480,0,1
2944,2587071118871,2587071296261,346895520,480,0,1
2945,2587071283743,2587071402198,346896000,480,0,1
2946,2587071283788,2587071497319,346896480,480,0,1
2947,2587071444238,2587071602458,346896960,480,0,1
2948,2587071600178,2587071698141,346897440,480,0,1
2949,2587071600243,2587071793329,346897920,480,0,1
2950,2587071754302,2587071893487,346898400,480,0,1
2951,2587071911605,2587071999209,346898880,480,0,1
2952,2587071911649,2587072094228,346899360,480,0,1
2953,2587072067014,2587072199620,346899840,480,0,1
2954,2587072067064,2587072294766,346900320,480,0,1
2955,2587072227464,2587072400435,346900800,480,0,1
2956,2587072382678,2587072495831,346901280,480,0,1
2957,2587072382727,2587072601375,346901760,480,0,1
2958,2587072538064,2587072696523,346902240,480,0,1
2959,2587072689062,2587072801818,346902720,480,0,1
2960,2587072689118,2587072902280,346903200,480,0,1
2961,2587072849262,2587072997865,346903680,480,0,1
2962,2587073004691,2587073093116,346904160,480,0,1
2963,2587073004739,2587073198292,346904640,480,0,1
2964,2587073160137,2587073293355,346905120,480,0,1
2965,2587073318508,2587073393670,346905600,480,0,1
2966,2587073318570,2587073499844,346906080,480,0,1
2967,2587073468413,2587073599872,346906560,480,0,1
2968,2587073468476,2587073695161,346907040,480,0,1
2969,2587073627852,2587073800689,346907520,480,0,1
2970,2587073783178,2587073901169,346908000,480,0,1
2971,2587073783243,2587074001618,346908480,480,0,1
2972,2587073932143,2587074101933,346908960,480,0,1
2973,2587074088941,2587074197038,346909440,480,0,1
2974,2587074088984,2587074302408,346909920,480,0,1
2975,2587074254685,2587074397923,346910400,480,0,1
2976,2587074413732,2587074499558,346910880,480,0,1
2977,2587074413770,2587074595060,346911360,480,0,1
2978,2587074562190,2587074700400,346911840,480,0,1
2979,2587074721951,2587074800453,346912320,480,0,1
2980,2587074721988,2587074900706,346912800,480,0,1
2981,2587074882719,2587075001161,346913280,480,0,1
2982,2587074882765,2587075096243,346913760,480,0,1
2983,2587075043329,2587075201543,346914240,480,0,1
2984,2587075209007,2587075297142,346914720,480,0,1
2985,2587075209068,2587075397562,346915200,480,0,1
2986,2587075359420,2587075498187,346915680,480,0,1
2987,2587075515903,2587075593441,346916160,480,0,1
2988,2587075515951,2587075698963,346916640,480,0,1
2989,2587075673219,2587075799256,346917120,480,0,1
2990,2587075673274,2587075899546,346917600,480,0,1
2991,2587075828873,2587075999913,346918080,480,0,1
2992,2587075982755,2587076100249,346918560,480,0,1
2993,2587075982820,2587076195464,346919040,480,0,1
2994,2587076137001,2587076300930,346919520,480,0,1
2995,2587076293414,2587076401461,346920000,480,0,1
2996,2587076293502,2587076496918,346920480,480,0,1
2997,2587076459084,2587076602335,346920960,480,0,1
2998,2587076619748,2587076697538,346921440,480,0,1
2999,2587076619801,2587076802856,346921920,480,0,1
3000,2587076785307,2587076897976,346922400,480,0,1
3001,2587076785375,2587076998251,346922880,480,0,1
3002,2587076945231,2587077093452,346923360,480,0,1
3003,2587077101511,2587077198793,346923840,480,0,1
3004,2587077101574,2587077293996,346924320,480,0,1
3005,2587077255053,2587077394257,346924800,480,0,1
3006,2587077412683,2587077501577,346925280,480,0,1
3007,2587077412722,2587077596784,346925760,480,0,1
3008,2587077569108,2587077702385,346926240,480,0,1
3009,2587077569174,2587077797377,346926720,480,0,1
3010,2587077724273,2587077897760,346927200,480,0,1
3011,2587077885649,2587077998737,346927680,480,0,1
3012,2587077885707,2587078093614,346928160,480,0,1
3013,2587078040230,2587078199029,346928640,480,0,1
3014,2587078196076,2587078294252,346929120,480,0,1
3015,2587078196115,2587078394506,346929600,480,0,1
3016,2587078352378,2587078500239,346930080,480,0,1
3017,2587078513181,2587078595739,346930560,480,0,1
3018,2587078513228,2587078701010,346931040,480,0,1
3019,2587078672572,2587078796019,346931520,480,0,1
3020,2587078823863,2587078901592,346932000,480,0,1
3021,2587078824037,2587078997437,346932480,480,0,1
3022,2587078983917,2587079102512,346932960,480,0,1
3023,2587078983951,2587079197862,346933440,480,0,1
3024,2587079139757,2587079293092,346933920,480,0,1
3025,2587079294295,2587079393292,346934400,480,0,1
3026,2587079294377,2587079499204,346934880,480,0,1
3027,2587079445634,2587079594008,346935360,480,0,1
3028,2587079606419,2587079699427,346935840,480,0,1
3029,2587079606476,2587079799762,346936320,480,0,1
3030,2587079760814,2587079900080,346936800,480,0,1
3031,2587079921978,2587080000726,346937280,480,0,1
3032,2587079922016,2587080101369,346937760,480,0,1
3033,2587080081971,2587080196294,346938240,480,0,1
3034,2587080082006,2587080301598,346938720,480,0,1
3035,2587080240902,2587080394236,346939200,480,0,1
3036,2587080402773,2587080500397,346939680,480,0,1
3037,2587080402829,2587080595639,346940160,480,0,1
3038,2587080563249,2587080701227,346940640,480,0,1
3039,2587080719468,2587080796428,346941120,480,0,1
3040,2587080719536,2587080902111,346941600,480,0,1
3041,2587080874923,2587080998406,346942080,480,0,1
3042,2587080874979,2587081093395,346942560,480,0,1
3043,2587081029667,2587081198820,346943040,480,0,1
3044,2587081185945,2587081294037,346943520,480,0,1
3045,2587081185991,2587081394873,346944000,480,0,1
3046,2587081336744,2587081500092,346944480,480,0,1
3047,2587081502643,2587081595478,346944960,480,0,1
3048,2587081502693,2587081700898,346945440,480,0,1
3049,2587081663426,2587081795997,346945920,480,0,1
3050,2587081823153,2587081901535,346946400,480,0,1
3051,2587081823194,2587081996913,346946880,480,0,1
3052,2587081984077,2587082102159,346947360,480,0,1
3053,2587081984138,2587082197990,346947840,480,0,1
3054,2587082141172,2587082302841,346948320,480,0,1
3055,2587082296192,2587082397991,346948800,480,0,1
3056,2587082296239,2587082498716,346949280,480,0,1
3057,2587082462236,2587082593828,346949760,480,0,1
3058,2587082621094,2587082699176,346950240,480,0,1
3059,2587082621140,2587082794331,346950720,480,0,1
3060,2587082780130,2587082894637,346951200,480,0,1
3061,2587082780157,2587083000033,346951680,480,0,1
3062,2587082937127,2587083095387,346952160,480,0,1
3063,2587083097969,2587083200856,346952640,480,0,1
3064,2587083098021,2587083295749,346953120,480,0,1
3065,2587083252892,2587083401518,346953600,480,0,1
3066,2587083409540,2587083496781,346954080,480,0,1
3067,2587083409592,2587083602211,346954560,480,0,1
3068,2587083570464,2587083697788,346955040,480,0,1
3069,2587083570519,2587083797957,346955520,480,0,1
3070,2587083724857,2587083893391,346956000,480,0,1
3071,2587083885651,2587083999210,346956480,480,0,1
3072,2587083885700,2587084099200,346956960,480,0,1
3073,2587084046295,2587084194456,346957440,480,0,1
3074,2587084207234,2587084300002,346957920,480,0,1
3075,2587084207271,2587084400397,346958400,480,0,1
3076,2587084363063,2587084495612,346958880,480,0,1
3077,2587084517695,2587084601133,346959360,480,0,1
3078,2587084517753,2587084696097,346959840,480,0,1
3079,2587084675081,2587084802254,346960320,480,0,1
3080,2587084675149,2587084902002,346960800,480,0,1
3081,2587084822804,2587084997502,346961280,480,0,1
3082,2587084984016,2587085102931,346961760,480,0,1
3083,2587084984077,2587085198223,346962240,480,0,1
3084,2587085139703,2587085293338,346962720,480,0,1
3085,2587085295285,2587085393474,346963200,480,0,1
3086,2587085295357,2587085499432,346963680,480,0,1
3087,2587085461027,2587085594319,346964160,480,0,1
3088,2587085616081,2587085700491,346964640,480,0,1
3089,2587085616125,2587085795179,346965120,480,0,1
3090,2587085771542,2587085900595,346965600,480,0,1
3091,2587085927601,2587086001037,346966080,480,0,1
3092,2587085927643,2587086096346,346966560,480,0,1
3093,2587086084072,2587086201519,346967040,480,0,1
3094,2587086084146,2587086296749,346967520,480,0,1
3095,2587086240068,2587086394200,346968000,480,0,1
3096,2587086391420,2587086500362,346968480,480,0,1
3097,2587086391469,2587086595152,346968960,480,0,1
3098,2587086551650,2587086700565,346969440,480,0,1
3099,2587086712631,2587086795474,346969920,480,0,1
3100,2587086712676,2587086901056,346970400,480,0,1
3101,2587086868555,2587087001430,346970880,480,0,1
3102,2587086868615,2587087096564,346971360,480,0,1
3103,2587087023467,2587087201762,346971840,480,0,1
3104,2587087184646,2587087297288,346972320,480,0,1
3105,2587087184707,2587087397712,346972800,480,0,1
3106,2587087338891,2587087498513,346973280,480,0,1
3107,2587087495786,2587087593884,346973760,480,0,1
3108,2587087495838,2587087699773,346974240,480,0,1
3109,2587087650787,2587087794559,346974720,480,0,1
3110,2587087808011,2587087894669,346975200,480,0,1
3111,2587087808050,2587088000085,346975680,480,0,1
3112,2587087961193,2587088095496,346976160,480,0,1
3113,2587088117394,2587088200920,346976640,480,0,1
3114,2587088117452,2587088296039,346977120,480,0,1
3115,2587088283369,2587088401564,346977600,480,0,1
3116,2587088283431,2587088497077,346978080,480,0,1
3117,2587088444633,2587088602230,346978560,480,0,1
3118,2587088600886,2587088697574,346979040,480,0,1
3119,2587088600945,2587088793061,346979520,480,0,1
3120,2587088753884,2587088898241,346980000,480,0,1
3121,2587088911151,2587088998515,346980480,480,0,1
3122,2587088911182,2587089093931,346980960,480,0,1
3123,2587089066104,2587089199277,346981440,480,0,1
3124,2587089066155,2587089294567,346981920,480,0,1
3125,2587089222019,2587089394834,346982400,480,0,1
3126,2587089381901,2587089500441,346982880,480,0,1
3127,2587089382184,2587089595601,346983360,480,0,1
3128,2587089543215,2587089701533,346983840,480,0,1
3129,2587089698213,2587089796535,346984320,480,0,1
3130,2587089698260,2587089901938,346984800,480,0,1
3131,2587089859208,2587089997732,346985280,480,0,1
3132,2587090019295,2587090102643,346985760,480,0,1
3133,2587090019340,2587090197911,346986240,480,0,1
3134,2587090184780,2587090293464,346986720,480,0,1
3135,2587090184829,2587090393328,346987200,480,0,1
3136,2587090335317,2587090499380,346987680,480,0,1
3137,2587090496360,2587090594124,346988160,480,0,1
3138,2587090496420,2587090699617,346988640,480,0,1
3139,2587090662697,2587090794631,346989120,480,0,1
3140,2587090822409,2587090901212,346989600,480,0,1
3141,2587090822450,2587090995598,346990080,480,0,1
3142,2587090982633,2587091100920,346990560,480,0,1
3143,2587090982687,2587091196568,346991040,480,0,1
3144,2587091139380,2587091301755,346991520,480,0,1
3145,2587091294018,2587091397105,346992000,480,0,1
3146,2587091294083,2587091498138,346992480,480,0,1
3147,2587091459547,2587091593243,346992960,480,0,1
3148,2587091619849,2587091698858,346993440,480,0,1
3149,2587091619899,2587091793480,346993920,480,0,1
3150,2587091769463,2587091893760,346994400,480,0,1
3151,2587091926693,2587091999401,346994880,480,0,1
3152,2587091926737,2587092094597,346995360,480,0,1
3153,2587092081423,2587092200051,346995840,480,0,1
3154,2587092081451,2587092295234,346996320,480,0,1
3155,2587092233413,2587092401889,346996800,480,0,1
3156,2587092388546,2587092497115,346997280,480,0,1
3157,2587092388587,2587092602409,346997760,480,0,1
3158,2587092548877,2587092697924,346998240,480,0,1
3159,2587092704875,2587092792798,346998720,480,0,1
3160,2587092704903,2587092898234,346999200,480,0,1
3161,2587092859806,2587092998720,346999680,480,0,1
3162,2587093015755,2587093098995,347000160,480,0,1
3163,2587093015889,2587093194090,347000640,480,0,1
3164,2587093171512,2587093299805,347001120,480,0,1
3165,2587093171568,2587093399770,347001600,480,0,1
3166,2587093326432,2587093500061,347002080,480,0,1
3167,2587093482549,2587093595249,347002560,480,0,1
3168,2587093482656,2587093700554,347003040,480,0,1
3169,2587093637588,2587093795816,347003520,480,0,1
3170,2587093793059,2587093901531,347004000,480,0,1
3171,2587093793103,2587093996650,347004480,480,0,1
3172,2587093943153,2587094101930,347004960,480,0,1
3173,2587094098749,2587094197459,347005440,480,0,1
3174,2587094098784,2587094302444,347005920,480,0,1
3175,2587094254456,2587094397785,347006400,480,0,1
3176,2587094410971,2587094499837,347006880,480,0,1
3177,2587094411016,2587094594766,347007360,480,0,1
3178,2587094566945,2587094700129,347007840,480,0,1
3179,2587094722313,2587094795420,347008320,480,0,1
3180,2587094722358,2587094900813,347008800,480,0,1
3181,2587094882631,2587095001036,347009280,480,0,1
3182,2587094882663,2587095096496,347009760,480,0,1
3183,2587095042738,2587095201514,347010240,480,0,1
3184,2587095204001,2587095297497,347010720,480,0,1
3185,2587095204051,2587095397351,347011200,480,0,1
3186,2587095359377,2587095497911,347011680,480,0,1
3187,2587095519981,2587095592982,347012160,480,0,1
3188,2587095520039,2587095698574,347012640,480,0,1
3189,2587095685322,2587095793445,347013120,480,0,1
3190,2587095685368,2587095893763,347013600,480,0,1
3191,2587095841013,2587095999530,347014080,480,0,1
3192,2587095996312,2587096094521,347014560,480,0,1
3193,2587095996341,2587096200009,347015040,480,0,1
3194,2587096161752,2587096295115,347015520,480,0,1
3195,2587096317140,2587096400695,347016000,480,0,1
3196,2587096317185,2587096500952,347016480,480,0,1
3197,2587096473475,2587096596270,347016960,480,0,1
3198,2587096473532,2587096701907,347017440,480,0,1
3199,2587096627894,2587096796836,347017920,480,0,1
3200,2587096784325,2587096897616,347018400,480,0,1
3201,2587096784362,2587096997884,347018880,480,0,1
3202,2587096944748,2587097093306,347019360,480,0,1
3203,2587097100007,2587097198705,347019840,480,0,1
3204,2587097100063,2587097293655,347020320,480,0,1
3205,2587097255374,2587097393936,347020800,480,0,1
3206,2587097411382,2587097501156,347021280,480,0,1
3207,2587097411405,2587097595992,347021760,480,0,1
3208,2587097568442,2587097701337,347022240,480,0,1
3209,2587097568478,2587097796499,347022720,480,0,1
3210,2587097727966,2587097901845,347023200,480,0,1
3211,2587097884412,2587097997562,347023680,480,0,1
3212,2587097884461,2587098092911,347024160,480,0,1
3213,2587098039285,2587098198037,347024640,480,0,1
3214,2587098194992,2587098293155,347025120,480,0,1
3215,2587098195057,2587098393438,347025600,480,0,1
3216,2587098350617,2587098499124,347026080,480,0,1
3217,2587098506842,2587098594465,347026560,480,0,1
3218,2587098506893,2587098694944,347027040,480,0,1
3219,2587098661520,2587098800122,347027520,480,0,1
3220,2587098822331,2587098900502,347028000,480,0,1
3221,2587098822366,2587098995643,347028480,480,0,1
3222,2587098982563,2587099101092,347028960,480,0,1
3223,2587098982601,2587099196336,347029440,480,0,1
3224,2587099138030,2587099301908,347029920,480,0,1
3225,2587099293619,2587099401982,347030400,480,0,1
3226,2587099293651,2587099497251,347030880,480,0,1
3227,2587099443973,2587099602736,347031360,480,0,1
3228,2587099599861,2587099697874,347031840,480,0,1
3229,2587099599912,2587099793020,347032320,480,0,1
3230,2587099754078,2587099893222,347032800,480,0,1
3231,2587099912061,2587099998662,347033280,480,0,1
3232,2587099912117,2587100093989,347033760,480,0,1
3233,2587100066343,2587100199542,347034240,480,0,1
3234,2587100066387,2587100294840,347034720,480,0,1
3235,2587100227416,2587100400261,347035200,480,0,1
3236,2587100382245,2587100496382,347035680,480,0,1
3237,2587100382299,2587100601078,347036160,480,0,1
3238,2587100538137,2587100696463,347036640,480,0,1
3239,2587100688102,2587100802218,347037120,480,0,1
3240,2587100688160,2587100902301,347037600,480,0,1
3241,2587100849284,2587100997774,347038080,480,0,1
3242,2587101004160,2587101093188,347038560,480,0,1
3243,2587101004202,2587101198401,347039040,480,0,1
3244,2587101158993,2587101293503,347039520,480,0,1
3245,2587101316354,2587101393869,347040000,480,0,1
3246,2587101316402,2587101499719,347040480,480,0,1
3247,2587101467029,2587101600200,347040960,480,0,1
3248,2587101627487,2587101695720,347041440,480,0,1
3249,2587101627532,2587101800947,347041920,480,0,1
3250,2587101783533,2587101901422,347042400,480,0,1
3251,2587101783576,2587101996965,347042880,480,0,1
3252,2587101934946,2587102102232,347043360,480,0,1
3253,2587102085214,2587102197751,347043840,480,0,1
3254,2587102085266,2587102293371,347044320,480,0,1
3255,2587102240005,2587102398274,347044800,480,0,1
3256,2587102400856,2587102499000,347045280,480,0,1
3257,2587102400893,2587102593995,347045760,480,0,1
3258,2587102561473,2587102699453,347046240,480,0,1
3259,2587102716648,2587102794766,347046720,480,0,1
3260,2587102716691,2587102895525,347047200,480,0,1
3261,2587102882055,2587103000266,347047680,480,0,1
3262,2587102882111,2587103095496,347048160,480,0,1
3263,2587103042451,2587103201138,347048640,480,0,1
3264,2587103208058,2587103295956,347049120,480,0,1
3265,2587103208104,2587103401450,347049600,480,0,1
3266,2587103362358,2587103496993,347050080,480,0,1
3267,2587103519071,2587103602267,347050560,480,0,1
3268,2587103519138,2587103697685,347051040,480,0,1
3269,2587103675438,2587103793128,347051520,480,0,1
3270,2587103675476,2587103899942,347052000,480,0,1
3271,2587103826787,2587104000206,347052480,480,0,1
3272,2587103982696,2587104095751,347052960,480,0,1
3273,2587103982743,2587104200838,347053440,480,0,1
3274,2587104137496,2587104295821,347053920,480,0,1
3275,2587104293183,2587104401427,347054400,480,0,1
3276,2587104293223,2587104496764,347054880,480,0,1
3277,2587104458862,2587104602104,347055360,480,0,1
3278,2587104609898,2587104697638,347055840,480,0,1
3279,2587104609950,2587104802717,347056320,480,0,1
3280,2587104768658,2587104897942,347056800,480,0,1
3281,2587104925643,2587104998544,347057280,480,0,1
3282,2587104925674,2587105093541,347057760,480,0,1
3283,2587105085123,2587105198885,347058240,480,0,1
3284,2587105085182,2587105294313,347058720,480,0,1
3285,2587105241333,2587105394488,347059200,480,0,1
3286,2587105391813,2587105499987,347059680,480,0,1
3287,2587105391869,2587105595384,347060160,480,0,1
3288,2587105553021,2587105700878,347060640,480,0,1
3289,2587105713870,2587105796009,347061120,480,0,1
3290,2587105713905,2587105901679,347061600,480,0,1
3291,2587105875655,2587105996903,347062080,480,0,1
3292,2587105875720,2587106102469,347062560,480,0,1
3293,2587106033989,2587106197999,347063040,480,0,1
3294,2587106195426,2587106298096,347063520,480,0,1
3295,2587106195455,2587106393353,347064000,480,0,1
3296,2587106351266,2587106499160,347064480,480,0,1
3297,2587106507337,2587106594251,347064960,480,0,1
3298,2587106507382,2587106699519,347065440,480,0,1
3299,2587106660467,2587106794731,347065920,480,0,1
3300,2587106813884,2587106900321,347066400,480,0,1
3301,2587106813940,2587106996014,347066880,480,0,1
3302,2587106968121,2587107101537,347067360,480,0,1
3303,2587106968166,2587107196574,347067840,480,0,1
3304,2587107128926,2587107301825,347068320,480,0,1
3305,2587107283954,2587107402177,347068800,480,0,1
3306,2587107284012,2587107497651,347069280,480,0,1
3307,2587107436256,2587107602732,347069760,480,0,1
3308,2587107590350,2587107698219,347070240,480,0,1
3309,2587107590412,2587107798453,347070720,480,0,1
3310,2587107744927,2587107894100,347071200,480,0,1
3311,2587107903041,2587107999841,347071680,480,0,1
3312,2587107903088,2587108095468,347072160,480,0,1
3313,2587108061985,2587108200383,347072640,480,0,1
3314,2587108222345,2587108295583,347073120,480,0,1
3315,2587108222388,2587108395884,347073600,480,0,1
3316,2587108383837,2587108501435,347074080,480,0,1
3317,2587108383880,2587108596742,347074560,480,0,1
3318,2587108543460,2587108701977,347075040,480,0,1
3319,2587108704815,2587108797155,347075520,480,0,1
3320,2587108704865,2587108897826,347076000,480,0,1
3321,2587108861039,2587108998139,347076480,480,0,1
3322,2587109021528,2587109093729,347076960,480,0,1
3323,2587109021583,2587109199062,347077440,480,0,1
3324,2587109185975,2587109294100,347077920,480,0,1
3325,2587109186169,2587109394301,347078400,480,0,1
3326,2587109342198,2587109500304,347078880,480,0,1
3327,2587109502315,2587109595392,347079360,480,0,1
3328,2587109502378,2587109700725,347079840,480,0,1
3329,2587109662582,2587109795675,347080320,480,0,1
3330,2587109823535,2587109901236,347080800,480,0,1
3331,2587109823579,2587109996614,347081280,480,0,1
3332,2587109983411,2587110102078,347081760,480,0,1
3333,2587109983473,2587110197161,347082240,480,0,1
3334,2587110139019,2587110302477,347082720,480,0,1
3335,2587110296864,2587110398000,347083200,480,0,1
3336,2587110296930,2587110498500,347083680,480,0,1
3337,2587110460833,2587110593687,347084160,480,0,1
3338,2587110622113,2587110699390,347084640,480,0,1
3339,2587110622171,2587110794433,347085120,480,0,1
3340,2587110785658,2587110894763,347085600,480,0,1
3341,2587110785704,2587111000430,347086080,480,0,1
3342,2587110946531,2587111095553,347086560,480,0,1
3343,2587111099169,2587111200834,347087040,480,0,1
3344,2587111099221,2587111296254,347087520,480,0,1
3345,2587111253282,2587111401708,347088000,480,0,1
3346,2587111408864,2587111497386,347088480,480,0,1
3347,2587111408931,2587111602679,347088960,480,0,1
3348,2587111569151,2587111697791,347089440,480,0,1
3349,2587111725155,2587111798106,347089920,480,0,1
3350,2587111725230,2587111893443,347090400,480,0,1
3351,2587111885849,2587111999079,347090880,480,0,1
3352,2587111885895,2587112094497,347091360,480,0,1
3353,2587112042165,2587112199840,347091840,480,0,1
3354,2587112206873,2587112294923,347092320,480,0,1
3355,2587112206921,2587112400455,347092800,480,0,1
3356,2587112362620,2587112495922,347093280,480,0,1
3357,2587112523546,2587112601170,347093760,480,0,1
3358,2587112523599,2587112696578,347094240,480,0,1
3359,2587112684796,2587112796985,347094720,480,0,1
3360,2587112684871,2587112897403,347095200,480,0,1
3361,2587112839849,2587112997873,347095680,480,0,1
3362,2587112994705,2587113093276,347096160,480,0,1
3363,2587112994765,2587113198451,347096640,480,0,1
3364,2587113150629,2587113293769,347097120,480,0,1
3365,2587113306335,2587113394215,347097600,480,0,1
3366,2587113306381,2587113499799,347098080,480,0,1
3367,2587113462053,2587113594996,347098560,480,0,1
3368,2587113618621,2587113700821,347099040,480,0,1
3369,2587113618873,2587113795957,347099520,480,0,1
3370,2587113782268,2587113901598,347100000,480,0,1
3371,2587113782301,2587113997396,347100480,480,0,1
3372,2587113944454,2587114102492,347100960,480,0,1
3373,2587114098587,2587114197802,347101440,480,0,1
3374,2587114098620,2587114293102,347101920,480,0,1
3375,2587114254967,2587114398928,347102400,480,0,1
3376,2587114412893,2587114501029,347102880,480,0,1
3377,2587114412932,2587114596366,347103360,480,0,1
3378,2587114568408,2587114701614,347103840,480,0,1
3379,2587114723027,2587114796992,347104320,480,0,1
3380,2587114723071,2587114897432,347104800,480,0,1
3381,2587114884748,2587114997732,347105280,480,0,1
3382,2587114884793,2587115093087,347105760,480,0,1
3383,2587115040513,2587115198505,347106240,480,0,1
3384,2587115195325,2587115293616,347106720,480,0,1
3385,2587115195371,2587115393991,347107200,480,0,1
3386,2587115352079,2587115499942,347107680,480,0,1
3387,2587115512864,2587115595195,347108160,480,0,1
3388,2587115512920,2587115700661,347108640,480,0,1
3389,2587115674467,2587115795578,347109120,480,0,1
3390,2587115674531,2587115901751,347109600,480,0,1
3391,2587115823937,2587115997325,347110080,480,0,1
3392,2587115984604,2587116102784,347110560,480,0,1
3393,2587115984696,2587116198018,347111040,480,0,1
3394,2587116140354,2587116293262,347111520,480,0,1
3395,2587116295682,2587116393448,347112000,480,0,1
3396,2587116295707,2587116499088,347112480,480,0,1
3397,2587116446057,2587116594369,347112960,480,0,1
3398,2587116605830,2587116699911,347113440,480,0,1
3399,2587116605896,2587116794910,347113920,480,0,1
3400,2587116760993,2587116900537,347114400,480,0,1
3401,2587116922876,2587117000784,347114880,480,0,1
3402,2587116922910,2587117095918,347115360,480,0,1
3403,2587117082530,2587117201126,347115840,480,0,1
3404,2587117082585,2587117296741,347116320,480,0,1
3405,2587117240524,2587117393310,347116800,480,0,1
3406,2587117400724,2587117499085,347117280,480,0,1
3407,2587117400784,2587117594194,347117760,480,0,1
3408,2587117561831,2587117699782,347118240,480,0,1
3409,2587117716599,2587117794874,347118720,480,0,1
3410,2587117716663,2587117895131,347119200,480,0,1
3411,2587117873638,2587117995666,347119680,480,0,1
3412,2587117873665,2587118101097,347120160,480,0,1
3413,2587118028998,2587118196548,347120640,480,0,1
3414,2587118183298,2587118301697,347121120,480,0,1
3415,2587118183331,2587118401905,347121600,480,0,1
3416,2587118337924,2587118497421,347122080,480,0,1
3417,2587118505106,2587118602665,347122560,480,0,1
3418,2587118505166,2587118693062,347123040,480,0,1
3419,2587118660393,2587118798257,347123520,480,0,1
3420,2587118815447,2587118893529,347124000,480,0,1
3421,2587118815480,2587118998764,347124480,480,0,1
3422,2587118975527,2587119099761,347124960,480,0,1
3423,2587118975578,2587119194312,347125440,480,0,1
3424,2587119136582,2587119299599,347125920,480,0,1
3425,2587119286709,2587119400034,347126400,480,0,1
3426,2587119286750,2587119500366,347126880,480,0,1
3427,2587119448823,2587119595690,347127360,480,0,1
3428,2587119607828,2587119701285,347127840,480,0,1
3429,2587119607881,2587119796175,347128320,480,0,1
3430,2587119768305,2587119901634,347128800,480,0,1
3431,2587119918871,2587119997133,347129280,480,0,1
3432,2587119918917,2587120102349,347129760,480,0,1
3433,2587120074010,2587120197720,347130240,480,0,1
3434,2587120229612,2587120292977,347130720,480,0,1
3435,2587120229663,2587120398225,347131200,480,0,1
3436,2587120386332,2587120498853,347131680,480,0,1
3437,2587120386384,2587120594239,347132160,480,0,1
3438,2587120540799,2587120699879,347132640,480,0,1
3439,2587120702640,2587120794755,347133120,480,0,1
3440,2587120702699,2587120900555,347133600,480,0,1
3441,2587120862382,2587121000681,347134080,480,0,1
3442,2587121023816,2587121096108,347134560,480,0,1
3443,2587121023857,2587121201548,347135040,480,0,1
3444,2587121183027,2587121296430,347135520,480,0,1
3445,2587121183079,2587121402029,347136000,480,0,1
3446,2587121338674,2587121497603,347136480,480,0,1
3447,2587121494215,2587121602723,347136960,480,0,1
3448,2587121494273,2587121698249,347137440,480,0,1
3449,2587121649775,2587121793317,347137920,480,0,1
3450,2587121806452,2587121893672,347138400,480,0,1
3451,2587121806511,2587121999411,347138880,480,0,1
3452,2587121961890,2587122094652,347139360,480,0,1
3453,2587122117770,2587122200169,347139840,480,0,1
3454,2587122117804,2587122295265,347140320,480,0,1
3455,2587122282451,2587122400946,347140800,480,0,1
3456,2587122282480,2587122496081,347141280,480,0,1
3457,2587122443009,2587122601585,347141760,480,0,1
3458,2587122599568,2587122697063,347142240,480,0,1
3459,2587122599630,2587122802224,347142720,480,0,1
3460,2587122753251,2587122897409,347143200,480,0,1
3461,2587122909920,2587122998023,347143680,480,0,1
3462,2587122909951,2587123093092,347144160,480,0,1
3463,2587123065457,2587123198555,347144640,480,0,1
3464,2587123220549,2587123293760,347145120,480,0,1
3465,2587123220584,2587123394309,347145600,480,0,1
3466,2587123381017,2587123499758,347146080,480,0,1
3467,2587123381338,2587123594980,347146560,480,0,1
3468,2587123542344,2587123700346,347147040,480,0,1
3469,2587123702333,2587123795549,347147520,480,0,1
3470,2587123702369,2587123901194,347148000,480,0,1
3471,2587123858367,2587124001354,347148480,480,0,1
3472,2587124013814,2587124096709,347148960,480,0,1
3473,2587124013850,2587124202428,347149440,480,0,1
3474,2587124169482,2587124297454,347149920,480,0,1
3475,2587124169523,2587124397769,347150400,480,0,1
3476,2587124326982,2587124499832,347150880,480,0,1
3477,2587124482323,2587124594859,347151360,480,0,1
3478,2587124482368,2587124700319,347151840,480,0,1
3479,2587124636338,2587124800705,347152320,480,0,1
3480,2587124798184,2587124901163,347152800,480,0,1
3481,2587124798206,2587125001692,347153280,480,0,1
3482,2587124949111,2587125097060,347153760,480,0,1
3483,2587125109496,2587125202155,347154240,480,0,1
3484,2587125109533,2587125297267,347154720,480,0,1
3485,2587125270875,2587125397779,347155200,480,0,1
3486,2587125271136,2587125498523,347155680,480,0,1
3487,2587125426138,2587125593555,347156160,480,0,1
3488,2587125586296,2587125699240,347156640,480,0,1
3489,2587125586372,2587125799339,347157120,480,0,1
3490,2587125745971,2587125899693,347157600,480,0,1
3491,2587125901755,2587126000263,347158080,480,0,1
3492,2587125901788,2587126095201,347158560,480,0,1
3493,2587126061151,2587126200605,347159040,480,0,1
3494,2587126223149,2587126295856,347159520,480,0,1
3495,2587126223198,2587126396129,347160000,480,0,1
3496,2587126384065,2587126501695,347160480,480,0,1
3497,2587126384115,2587126597373,347160960,480,0,1
3498,2587126544878,2587126702777,347161440,480,0,1
3499,2587126705899,2587126797708,347161920,480,0,1
3500,2587126705933,2587126898378,347162400,480,0,1
3501,2587126859894,2587126998919,347162880,480,0,1
3502,2587127021693,2587127093951,347163360,480,0,1
3503,2587127021736,2587127199400,347163840,480,0,1
3504,2587127180865,2587127294420,347164320,480,0,1
3505,2587127180921,2587127394612,347164800,480,0,1
3506,2587127337416,2587127500500,347165280,480,0,1
3507,2587127487590,2587127595696,347165760,480,0,1
3508,2587127487773,2587127700957,347166240,480,0,1
3509,2587127646791,2587127796300,347166720,480,0,1
3510,2587127804074,2587127901576,347167200,480,0,1
3511,2587127804107,2587127997253,347167680,480,0,1
3512,2587127959655,2587128102607,347168160,480,0,1
3513,2587128119645,2587128197955,347168640,480,0,1
3514,2587128119698,2587128293170,347169120,480,0,1
3515,2587128284760,2587128393494,347169600,480,0,1
3516,2587128284797,2587128499295,347170080,480,0,1
3517,2587128445604,2587128594640,347170560,480,0,1
3518,2587128599324,2587128695345,347171040,480,0,1
3519,2587128599386,2587128801171,347171520,480,0,1
3520,2587128752308,2587128901639,347172000,480,0,1
3521,2587128908959,2587128997326,347172480,480,0,1
3522,2587128908985,2587129102273,347172960,480,0,1
3523,2587129064574,2587129197669,347173440,480,0,1
3524,2587129220016,2587129293069,347173920,480,0,1
3525,2587129220045,2587129398154,347174400,480,0,1
3526,2587129375513,2587129499044,347174880,480,0,1
3527,2587129375550,2587129599408,347175360,480,0,1
3528,2587129528080,2587129694472,347175840,480,0,1
3529,2587129681720,2587129800257,347176320,480,0,1
3530,2587129681781,2587129900541,347176800,480,0,1
3531,2587129842563,2587129995752,347177280,480,0,1
3532,2587129992849,2587130101234,347177760,480,0,1
3533,2587129992882,2587130196536,347178240,480,0,1
3534,2587130148866,2587130301691,347178720,480,0,1
3535,2587130303801,2587130402122,347179200,480,0,1
3536,2587130303846,2587130497933,347179680,480,0,1
3537,2587130459801,2587130593221,347180160,480,0,1
3538,2587130621446,2587130698412,347180640,480,0,1
3539,2587130621512,2587130793571,347181120,480,0,1
3540,2587130770032,2587130893864,347181600,480,0,1
3541,2587130929645,2587130999739,347182080,480,0,1
3542,2587130929697,2587131094725,347182560,480,0,1
3543,2587131080885,2587131200079,347183040,480,0,1
3544,2587131080932,2587131295316,347183520,480,0,1
3545,2587131238804,2587131397422,347184000,480,0,1
3546,2587131399852,2587131497927,347184480,480,0,1
3547,2587131399898,2587131593754,347184960,480,0,1
3548,2587131561033,2587131699061,347185440,480,0,1
3549,2587131716804,2587131794108,347185920,480,0,1
3550,2587131716851,2587131894312,347186400,480,0,1
3551,2587131881717,2587132000102,347186880,480,0,1
3552,2587131881916,2587132095342,347187360,480,0,1
3553,2587132032777,2587132200582,347187840,480,0,1
3554,2587132192918,2587132295914,347188320,480,0,1
3555,2587132192982,2587132401495,347188800,480,0,1
3556,2587132349428,2587132497207,347189280,480,0,1
3557,2587132504227,2587132602539,347189760,480,0,1
3558,2587132504274,2587132697655,347190240,480,0,1
3559,2587132660012,2587132793044,347190720,480,0,1
3560,2587132815204,2587132898741,347191200,480,0,1
3561,2587132815254,2587132998710,347191680,480,0,1
3562,2587132972435,2587133094584,347192160,480,0,1
3563,2587132972486,2587133199568,347192640,480,0,1
3564,2587133133410,2587133294867,347193120,480,0,1
3565,2587133287156,2587133394927,347193600,480,0,1
3566,2587133287195,2587133500787,347194080,480,0,1
3567,2587133446891,2587133595954,347194560,480,0,1
3568,2587133608203,2587133701193,347195040,480,0,1
3569,2587133608264,2587133796483,347195520,480,0,1
3570,2587133767962,2587133901868,347196000,480,0,1
3571,2587133925291,2587133997389,347196480,480,0,1
3572,2587133925329,2587134102702,347196960,480,0,1
3573,2587134084648,2587134197745,347197440,480,0,1
3574,2587134084692,2587134293269,347197920,480,0,1
3575,2587134240063,2587134400332,347198400,480,0,1
3576,2587134401274,2587134499322,347198880,480,0,1
3577,2587134401322,2587134594261,347199360,480,0,1
3578,2587134560234,2587134699849,347199840,480,0,1
3579,2587134715863,2587134794862,347200320,480,0,1
3580,2587134715924,2587134895293,347200800,480,0,1
3581,2587134873494,2587134995767,347201280,480,0,1
3582,2587134873620,2587135101310,347201760,480,0,1
3583,2587135028022,2587135196789,347202240,480,0,1
3584,2587135183900,2587135301962,347202720,480,0,1
3585,2587135183935,2587135397130,347203200,480,0,1
3586,2587135339277,2587135497912,347203680,480,0,1
3587,2587135495181,2587135593414,347204160,480,0,1
3588,2587135495235,2587135699824,347204640,480,0,1
3589,2587135650612,2587135793780,347205120,480,0,1
3590,2587135807975,2587135894209,347205600,480,0,1
3591,2587135808019,2587136000116,347206080,480,0,1
3592,2587135962166,2587136095181,347206560,480,0,1
3593,2587136118316,2587136200538,347207040,480,0,1
3594,2587136118384,2587136295837,347207520,480,0,1
3595,2587136271359,2587136401395,347208000,480,0,1
3596,2587136271605,2587136497324,347208480,480,0,1
3597,2587136419787,2587136602413,347208960,480,0,1
3598,2587136574464,2587136697847,347209440,480,0,1
3599,2587136735208,2587136793379,347209920,480,0,1
3600,2587136735280,2587136893377,347210400,480,0,1
3601,2587136890407,2587136999034,347210880,480,0,1
3602,2587136890470,2587137094236,347211360,480,0,1
3603,2587137051145,2587137199856,347211840,480,0,1
3604,2587137207563,2587137295036,347212320,480,0,1
3605,2587137207612,2587137400606,347212800,480,0,1
3606,2587137364418,2587137495824,347213280,480,0,1
3607,2587137518479,2587137601481,347213760,480,0,1
3608,2587137518563,2587137696769,347214240,480,0,1
3609,2587137685430,2587137801951,347214720,480,0,1
3610,2587137685505,2587137897161,347215200,480,0,1
3611,2587137838948,2587137998318,347215680,480,0,1
3612,2587137998075,2587138093351,347216160,480,0,1
3613,2587137998136,2587138198476,347216640,480,0,1
3614,2587138150836,2587138293687,347217120,480,0,1
3615,2587138307751,2587138394314,347217600,480,0,1
3616,2587138307799,2587138500407,347218080,480,0,1
3617,2587138461374,2587138595053,347218560,480,0,1
3618,2587138619244,2587138700435,347219040,480,0,1
3619,2587138619287,2587138796058,347219520,480,0,1
3620,2587138766986,2587138902150,347220000,480,0,1
3621,2587138919846,2587138996878,347220480,480,0,1
3622,2587138919884,2587139102408,347220960,480,0,1
3623,2587139074879,2587139198192,347221440,480,0,1
3624,2587139231344,2587139293422,347221920,480,0,1
3625,2587139231405,2587139393627,347222400,480,0,1
3626,2587139387390,2587139499773,347222880,480,0,1
3627,2587139387462,2587139594982,347223360,480,0,1
3628,2587139542228,2587139700619,347223840,480,0,1
3629,2587139702917,2587139795697,347224320,480,0,1
3630,2587139702968,2587139901145,347224800,480,0,1
3631,2587139859012,2587140001928,347225280,480,0,1
3632,2587140015262,2587140097900,347225760,480,0,1
3633,2587140015326,2587140202414,347226240,480,0,1
3634,2587140170625,2587140297638,347226720,480,0,1
3635,2587140170662,2587140398137,347227200,480,0,1
3636,2587140327335,2587140500707,347227680,480,0,1
3637,2587140483682,2587140595589,347228160,480,0,1
3638,2587140483734,2587140701104,347228640,480,0,1
3639,2587140637750,2587140796218,347229120,480,0,1
3640,2587140794709,2587140901880,347229600,480,0,1
3641,2587140794774,2587140997471,347230080,480,0,1
3642,2587140959783,2587141102712,347230560,480,0,1
3643,2587141120637,2587141197891,347231040,480,0,1
3644,2587141120677,2587141293512,347231520,480,0,1
3645,2587141284363,2587141393345,347232000,480,0,1
3646,2587141284390,2587141499275,347232480,480,0,1
3647,2587141446307,2587141594360,347232960,480,0,1
3648,2587141607160,2587141700554,347233440,480,0,1
3649,2587141607214,2587141794982,347233920,480,0,1
3650,2587141756149,2587141900839,347234400,480,0,1
3651,2587141911934,2587142001481,347234880,480,0,1
3652,2587141912011,2587142096243,347235360,480,0,1
3653,2587142068755,2587142201703,347235840,480,0,1
3654,2587142218904,2587142296941,347236320,480,0,1
3655,2587142218967,2587142397380,347236800,480,0,1
3656,2587142375342,2587142498975,347237280,480,0,1
3657,2587142375402,2587142593524,347237760,480,0,1
3658,2587142533019,2587142698611,347238240,480,0,1
3659,2587142687162,2587142793846,347238720,480,0,1
3660,2587142687212,2587142894233,347239200,480,0,1
3661,2587142841838,2587143000146,347239680,480,0,1
3662,2587143002881,2587143095516,347240160,480,0,1
3663,2587143002954,2587143200515,347240640,480,0,1
3664,2587143162969,2587143296295,347241120,480,0,1
3665,2587143324465,2587143401509,347241600,480,0,1
3666,2587143324504,2587143497167,347242080,480,0,1
3667,2587143487116,2587143602749,347242560,480,0,1
3668,2587143487178,2587143698243,347243040,480,0,1
3669,2587143640837,2587143793102,347243520,480,0,1
3670,2587143795784,2587143893394,347244000,480,0,1
3671,2587143795834,2587143999254,347244480,480,0,1
3672,2587143961023,2587144094349,347244960,480,0,1
3673,2587144116142,2587144199879,347245440,480,0,1
3674,2587144116191,2587144294893,347245920,480,0,1
3675,2587144268788,2587144400451,347246400,480,0,1
3676,2587144268838,2587144496061,347246880,480,0,1
3677,2587144422334,2587144601353,347247360,480,0,1
3678,2587144582382,2587144696755,347247840,480,0,1
3679,2587144582436,2587144802188,347248320,480,0,1
3680,2587144775899,2587144897460,347248800,480,0,1
3681,2587144775953,2587144997871,347249280,480,0,1
3682,2587144903523,2587145093366,347249760,480,0,1
3683,2587145064229,2587145199423,347250240,480,0,1
3684,2587145222647,2587145294403,347250720,480,0,1
3685,2587145222800,2587145394567,347251200,480,0,1
3686,2587145384412,2587145501261,347251680,480,0,1
3687,2587145384487,2587145601568,347252160,480,0,1
3688,2587145542268,2587145697025,347252640,480,0,1
3689,2587145693754,2587145802380,347253120,480,0,1
3690,2587145693804,2587145897372,347253600,480,0,1
3691,2587145850321,2587145998013,347254080,480,0,1
3692,2587146005997,2587146093454,347254560,480,0,1
3693,2587146006056,2587146198585,347255040,480,0,1
3694,2587146161382,2587146293951,347255520,480,0,1
3695,2587146315926,2587146394204,347256000,480,0,1
3696,2587146316002,2587146500612,347256480,480,0,1
3697,2587146474162,2587146595628,347256960,480,0,1
3698,2587146474217,2587146701346,347257440,480,0,1
3699,2587146628408,2587146796597,347257920,480,0,1
3700,2587146784851,2587146902194,347258400,480,0,1
3701,2587146784880,2587146997839,347258880,480,0,1
3702,2587146944959,2587147093233,347259360,480,0,1
3703,2587147102162,2587147198665,347259840,480,0,1
3704,2587147102530,2587147293785,347260320,480,0,1
3705,2587147258328,2587147394036,347260800,480,0,1
3706,2587147409147,2587147502896,347261280,480,0,1
3707,2587147409213,2587147593555,347261760,480,0,1
3708,2587147564895,2587147698727,347262240,480,0,1
3709,2587147715760,2587147793901,347262720,480,0,1
3710,2587147715798,2587147894039,347263200,480,0,1
3711,2587147867818,2587147999658,347263680,480,0,1
3712,2587148024491,2587148096751,347264160,480,0,1
3713,2587148024562,2587148200446,347264640,480,0,1
3714,2587148177174,2587148295524,347265120,480,0,1
3715,2587148177211,2587148401073,347265600,480,0,1
3716,2587148338089,2587148496620,347266080,480,0,1
3717,2587148493020,2587148601875,347266560,480,0,1
3718,2587148493060,2587148697178,347267040,480,0,1
3719,2587148648997,2587148802667,347267520,480,0,1
3720,2587148806095,2587148898317,347268000,480,0,1
3721,2587148806152,2587148998228,347268480,480,0,1
3722,2587148960746,2587149093470,347268960,480,0,1
3723,2587149111778,2587149198818,347269440,480,0,1
3724,2587149111850,2587149294433,347269920,480,0,1
3725,2587149262862,2587149394243,347270400,480,0,1
3726,2587149422432,2587149500787,347270880,480,0,1
3727,2587149422462,2587149596057,347271360,480,0,1
3728,2587149583253,2587149701849,347271840,480,0,1
3729,2587149583287,2587149796709,347272320,480,0,1
3730,2587149735318,2587149893404,347272800,480,0,1
3731,2587149886078,2587149999381,347273280,480,0,1
3732,2587149886137,2587150094429,347273760,480,0,1
3733,2587150041531,2587150199590,347274240,480,0,1
3734,2587150202346,2587150294796,347274720,480,0,1
3735,2587150202389,2587150400285,347275200,480,0,1
3736,2587150362479,2587150495856,347275680,480,0,1
3737,2587150518392,2587150601227,347276160,480,0,1
3738,2587150518453,2587150696326,347276640,480,0,1
3739,2587150676120,2587150801613,347277120,480,0,1
3740,2587150676199,2587150902214,347277600,480,0,1
3741,2587150824833,2587150997531,347278080,480,0,1
3742,2587150984705,2587151092761,347278560,480,0,1
3743,2587150984782,2587151198553,347279040,480,0,1
3744,2587151139970,2587151293335,347279520,480,0,1
3745,2587151295640,2587151393541,347280000,480,0,1
3746,2587151295705,2587151499662,347280480,480,0,1
3747,2587151461571,2587151594573,347280960,480,0,1
3748,2587151616538,2587151699823,347281440,480,0,1
3749,2587151616595,2587151795029,347281920,480,0,1
3750,2587151771676,2587151900794,347282400,480,0,1
3751,2587151929692,2587152001137,347282880,480,0,1
3752,2587151929762,2587152096353,347283360,480,0,1
3753,2587152082257,2587152201588,347283840,480,0,1
3754,2587152082310,2587152296759,347284320,480,0,1
3755,2587152240093,2587152393814,347284800,480,0,1
3756,2587152392421,2587152499922,347285280,480,0,1
3757,2587152392483,2587152594985,347285760,480,0,1
3758,2587152552014,2587152700263,347286240,480,0,1
3759,2587152712857,2587152795531,347286720,480,0,1
3760,2587152712910,2587152900923,347287200,480,0,1
3761,2587152873036,2587152996436,347287680,480,0,1
3762,2587153028882,2587153101754,347288160,480,0,1
3763,2587153028911,2587153197268,347288640,480,0,1
3764,2587153184217,2587153302462,347289120,480,0,1
3765,2587153184277,2587153397447,347289600,480,0,1
3766,2587153340498,2587153498263,347290080,480,0,1
3767,2587153496106,2587153593340,347290560,480,0,1
3768,2587153496194,2587153698758,347291040,480,0,1
3769,2587153651511,2587153793990,347291520,480,0,1
3770,2587153806389,2587153894342,347292000,480,0,1
3771,2587153806448,2587153999962,347292480,480,0,1
3772,2587153961792,2587154095984,347292960,480,0,1
3773,2587154117563,2587154200609,347293440,480,0,1
3774,2587154117724,2587154295954,347293920,480,0,1
3775,2587154284277,2587154401507,347294400,480,0,1
3776,2587154284317,2587154499088,347294880,480,0,1
3777,2587154443946,2587154602389,347295360,480,0,1
3778,2587154599613,2587154697565,347295840,480,0,1
3779,2587154599702,2587154793245,347296320,480,0,1
3780,2587154753814,2587154898223,347296800,480,0,1
3781,2587154911517,2587154998471,347297280,480,0,1
3782,2587154911554,2587155093781,347297760,480,0,1
3783,2587155066270,2587155199260,347298240,480,0,1
3784,2587155221198,2587155296272,347298720,480,0,1
3785,2587155221256,2587155394617,347299200,480,0,1
3786,2587155382102,2587155500441,347299680,480,0,1
3787,2587155382448,2587155596614,347300160,480,0,1
3788,2587155543259,2587155701271,347300640,480,0,1
3789,2587155697776,2587155796108,347301120,480,0,1
3790,2587155697826,2587155901563,347301600,480,0,1
3791,2587155849791,2587155997508,347302080,480,0,1
3792,2587156005268,2587156103068,347302560,480,0,1
3793,2587156005326,2587156198006,347303040,480,0,1
3794,2587156159778,2587156293328,347303520,480,0,1
3795,2587156315503,2587156393745,347304000,480,0,1
3796,2587156315539,2587156499477,347304480,480,0,1
3797,2587156471748,2587156594556,347304960,480,0,1
3798,2587156627194,2587156700177,347305440,480,0,1
3799,2587156627262,2587156795452,347305920,480,0,1
3800,2587156782575,2587156901355,347306400,480,0,1
3801,2587156782613,2587156996329,347306880,480,0,1
3802,2587156935214,2587157101751,347307360,480,0,1
3803,2587157082956,2587157197344,347307840,480,0,1
3804,2587157083014,2587157302447,347308320,480,0,1
3805,2587157239038,2587157397518,347308800,480,0,1
3806,2587157390184,2587157498723,347309280,480,0,1
3807,2587157390255,2587157593714,347309760,480,0,1
3808,2587157540157,2587157699362,347310240,480,0,1
3809,2587157697074,2587157794148,347310720,480,0,1
3810,2587157697137,2587157894481,347311200,480,0,1
3811,2587157853213,2587158000578,347311680,480,0,1
3812,2587158013520,2587158095660,347312160,480,0,1
3813,2587158013551,2587158200714,347312640,480,0,1
3814,2587158173081,2587158295917,347313120,480,0,1
3815,2587158339173,2587158401736,347313600,480,0,1
3816,2587158339234,2587158497003,347314080,480,0,1
3817,2587158494690,2587158602480,347314560,480,0,1
3818,2587158494757,2587158697837,347315040,480,0,1
3819,2587158650337,2587158793261,347315520,480,0,1
3820,2587158807096,2587158893529,347316000,480,0,1
3821,2587158807140,2587158999405,347316480,480,0,1
3822,2587158962858,2587159094787,347316960,480,0,1
3823,2587159117572,2587159200233,347317440,480,0,1
3824,2587159117625,2587159295633,347317920,480,0,1
3825,2587159269639,2587159401154,347318400,480,0,1
3826,2587159269692,2587159496664,347318880,480,0,1
3827,2587159424003,2587159604966,347319360,480,0,1
3828,2587159585073,2587159697472,347319840,480,0,1
3829,2587159585129,2587159803029,347320320,480,0,1
3830,2587159743988,2587159898456,347320800,480,0,1
3831,2587159901834,2587159999052,347321280,480,0,1
3832,2587159901911,2587160094300,347321760,480,0,1
3833,2587160061104,2587160199593,347322240,480,0,1
3834,2587160224751,2587160294961,347322720,480,0,1
3835,2587160224816,2587160395290,347323200,480,0,1
3836,2587160381464,2587160502838,347323680,480,0,1
3837,2587160381495,2587160596138,347324160,480,0,1
3838,2587160544214,2587160701442,347324640,480,0,1
3839,2587160704416,2587160796956,347325120,480,0,1
3840,2587160704482,2587160897336,347325600,480,0,1
3841,2587160859695,2587160997631,347326080,480,0,1
3842,2587161018909,2587161093254,347326560,480,0,1
3843,2587161018947,2587161198580,347327040,480,0,1
3844,2587161186228,2587161293653,347327520,480,0,1
3845,2587161186289,2587161393909,347328000,480,0,1
3846,2587161342649,2587161499929,347328480,480,0,1
3847,2587161503901,2587161595106,347328960,480,0,1
3848,2587161503961,2587161701053,347329440,480,0,1
3849,2587161660643,2587161795778,347329920,480,0,1
3850,2587161814578,2587161901680,347330400,480,0,1
3851,2587161814616,2587161997814,347330880,480,0,1
3852,2587161970160,2587162093624,347331360,480,0,1
3853,2587161970198,2587162198512,347331840,480,0,1
3854,2587162120575,2587162293682,347332320,480,0,1
3855,2587162281797,2587162394586,347332800,480,0,1
3856,2587162281859,2587162500011,347333280,480,0,1
3857,2587162439090,2587162595166,347333760,480,0,1
3858,2587162599894,2587162700601,347334240,480,0,1
3859,2587162599969,2587162796229,347334720,480,0,1
3860,2587162752210,2587162901960,347335200,480,0,1
3861,2587162911267,2587162999505,347335680,480,0,1
3862,2587162911319,2587163094555,347336160,480,0,1
3863,2587163069186,2587163200258,347336640,480,0,1
3864,2587163069226,2587163295304,347337120,480,0,1
3865,2587163226962,2587163400631,347337600,480,0,1
3866,2587163383834,2587163496211,347338080,480,0,1
3867,2587163383896,2587163601900,347338560,480,0,1
3868,2587163538882,2587163697292,347339040,480,0,1
3869,2587163694357,2587163802455,347339520,480,0,1
3870,2587163694399,2587163897638,347340000,480,0,1
3871,2587163849803,2587163998282,347340480,480,0,1
3872,2587164006978,2587164093867,347340960,480,0,1
3873,2587164007032,2587164199232,347341440,480,0,1
3874,2587164161670,2587164294471,347341920,480,0,1
3875,2587164317565,2587164395222,347342400,480,0,1
3876,2587164317608,2587164501021,347342880,480,0,1
3877,2587164471267,2587164596287,347343360,480,0,1
3878,2587164628066,2587164701237,347343840,480,0,1
3879,2587164628117,2587164796503,347344320,480,0,1
3880,2587164784585,2587164902209,347344800,480,0,1
3881,2587164784639,2587164997795,347345280,480,0,1
3882,2587164937006,2587165093159,347345760,480,0,1
3883,2587165084032,2587165198509,347346240,480,0,1
3884,2587165084084,2587165293539,347346720,480,0,1
3885,2587165240711,2587165393879,347347200,480,0,1
3886,2587165391838,2587165499935,347347680,480,0,1
3887,2587165391880,2587165595415,347348160,480,0,1
3888,2587165543641,2587165700705,347348640,480,0,1
3889,2587165693747,2587165795861,347349120,480,0,1
3890,2587165693845,2587165901443,347349600,480,0,1
3891,2587165849675,2587165996972,347350080,480,0,1
3892,2587166005347,2587166102419,347350560,480,0,1
3893,2587166005390,2587166197741,347351040,480,0,1
3894,2587166158496,2587166292876,347351520,480,0,1
3895,2587166307396,2587166399115,347352000,480,0,1
3896,2587166307451,2587166501111,347352480,480,0,1
3897,2587166461018,2587166595651,347352960,480,0,1
3898,2587166617441,2587166700605,347353440,480,0,1
3899,2587166617499,2587166795819,347353920,480,0,1
3900,2587166782537,2587166901522,347354400,480,0,1
3901,2587166782586,2587166996895,347354880,480,0,1
3902,2587166934955,2587167102607,347355360,480,0,1
3903,2587167083690,2587167197935,347355840,480,0,1
3904,2587167083746,2587167293194,347356320,480,0,1
3905,2587167239689,2587167398457,347356800,480,0,1
3906,2587167400914,2587167499034,347357280,480,0,1
3907,2587167400979,2587167594280,347357760,480,0,1
3908,2587167560999,2587167699948,347358240,480,0,1
3909,2587167716032,2587167794879,347358720,480,0,1
3910,2587167716073,2587167895111,347359200,480,0,1
3911,2587167873814,2587167995706,347359680,480,0,1
3912,2587167873887,2587168101229,347360160,480,0,1
3913,2587168028684,2587168196405,347360640,480,0,1
3914,2587168183472,2587168301882,347361120,480,0,1
3915,2587168183530,2587168402154,347361600,480,0,1
3916,2587168338684,2587168502488,347362080,480,0,1
3917,2587168506017,2587168597946,347362560,480,0,1
3918,2587168506065,2587168693193,347363040,480,0,1
3919,2587168660949,2587168798442,347363520,480,0,1
3920,2587168815652,2587168893840,347364000,480,0,1
3921,2587168815700,2587168999289,347364480,480,0,1
3922,2587168972207,2587169094511,347364960,480,0,1
3923,2587168972267,2587169200087,347365440,480,0,1
3924,2587169127644,2587169295635,347365920,480,0,1
3925,2587169282763,2587169400654,347366400,480,0,1
3926,2587169282829,2587169496161,347366880,480,0,1
3927,2587169434281,2587169601962,347367360,480,0,1
3928,2587169589458,2587169697536,347367840,480,0,1
3929,2587169589536,2587169802313,347368320,480,0,1
3930,2587169743356,2587169897481,347368800,480,0,1
3931,2587169900329,2587169998045,347369280,480,0,1
3932,2587169900386,2587170093591,347369760,480,0,1
3933,2587170060467,2587170198703,347370240,480,0,1
3934,2587170211678,2587170294014,347370720,480,0,1
3935,2587170211725,2587170394661,347371200,480,0,1
3936,2587170367051,2587170500750,347371680,480,0,1
3937,2587170524257,2587170595861,347372160,480,0,1
3938,2587170524320,2587170701333,347372640,480,0,1
3939,2587170679379,2587170796729,347373120,480,0,1
3940,2587170679447,2587170902090,347373600,480,0,1
3941,2587170840136,2587170997650,347374080,480,0,1
3942,2587170994699,2587171102778,347374560,480,0,1
3943,2587170994791,2587171198161,347375040,480,0,1
3944,2587171150691,2587171293522,347375520,480,0,1
3945,2587171305663,2587171393471,347376000,480,0,1
3946,2587171305710,2587171499391,347376480,480,0,1
3947,2587171461293,2587171594958,347376960,480,0,1
3948,2587171616528,2587171700239,347377440,480,0,1
3949,2587171616561,2587171795056,347377920,480,0,1
3950,2587171772152,2587171900932,347378400,480,0,1
3951,2587171928441,2587172001635,347378880,480,0,1
3952,2587171928503,2587172096396,347379360,480,0,1
3953,2587172084110,2587172202036,347379840,480,0,1
3954,2587172084151,2587172297202,347380320,480,0,1
3955,2587172240551,2587172394357,347380800,480,0,1
3956,2587172394067,2587172502032,347381280,480,0,1
3957,2587172394120,2587172595731,347381760,480,0,1
3958,2587172552130,2587172700693,347382240,480,0,1
3959,2587172715207,2587172795945,347382720,480,0,1
3960,2587172715272,2587172901674,347383200,480,0,1
3961,2587172869355,2587173001931,347383680,480,0,1
3962,2587172869404,2587173097583,347384160,480,0,1
3963,2587173025040,2587173202846,347384640,480,0,1
3964,2587173185743,2587173298178,347385120,480,0,1
3965,2587173185806,2587173393554,347385600,480,0,1
3966,2587173339637,2587173499203,347386080,480,0,1
3967,2587173546995,2587173595021,347386560,480,0,1
3968,2587173547039,2587173700416,347387040,480,0,1
3969,2587173661742,2587173795565,347387520,480,0,1
3970,2587173807032,2587173902150,347388000,480,0,1
3971,2587173807071,2587173998559,347388480,480,0,1
3972,2587173959449,2587174093335,347388960,480,0,1
3973,2587174121225,2587174198544,347389440,480,0,1
3974,2587174121272,2587174293785,347389920,480,0,1
3975,2587174263567,2587174394588,347390400,480,0,1
3976,2587174411979,2587174500399,347390880,480,0,1
3977,2587174412030,2587174595346,347391360,480,0,1
3978,2587174566499,2587174700960,347391840,480,0,1
3979,2587174723003,2587174796140,347392320,480,0,1
3980,2587174723301,2587174902370,347392800,480,0,1
3981,2587174882683,2587175002741,347393280,480,0,1
3982,2587174882752,2587175097692,347393760,480,0,1
3983,2587175034233,2587175203134,347394240,480,0,1
3984,2587175195985,2587175298386,347394720,480,0,1
3985,2587175196586,2587175393574,347395200,480,0,1
3986,2587175350992,2587175499631,347395680,480,0,1
3987,2587175507073,2587175594953,347396160,480,0,1
3988,2587175507151,2587175699982,347396640,480,0,1
3989,2587175661783,2587175795227,347397120,480,0,1
3990,2587175823437,2587175900815,347397600,480,0,1
3991,2587175823634,2587175996260,347398080,480,0,1
3992,2587175983645,2587176101800,347398560,480,0,1
3993,2587175983705,2587176196723,347399040,480,0,1
3994,2587176139284,2587176302100,347399520,480,0,1
3995,2587176294892,2587176397636,347400000,480,0,1
3996,2587176294964,2587176498912,347400480,480,0,1
3997,2587176446998,2587176593384,347400960,480,0,1
3998,2587176600199,2587176699140,347401440,480,0,1
3999,2587176600266,2587176794328,347401920,480,0,1
4000,2587176757703,2587176894424,347402400,480,0,2
4001,2587176911742,2587177000295,347402880,480,0,2
4002,2587176911787,2587177095420,347403360,480,0,2
4003,2587177067966,2587177200636,347403840,480,0,2
4004,2587177227207,2587177298356,347404320,480,0,2
4005,2587177227281,2587177401538,347404800,480,0,2
4006,2587177384744,2587177496810,347405280,480,0,2
4007,2587177384808,2587177604814,347405760,480,0,2
4008,2587177539357,2587177697811,347406240,480,0,2
4009,2587177694903,2587177792894,347406720,480,0,2
4010,2587177694975,2587177898267,347407200,480,0,2
4011,2587177849808,2587177998718,347407680,480,0,2
4012,2587178009602,2587178094346,347408160,480,0,2
4013,2587178009672,2587178199580,347408640,480,0,2
4014,2587178161437,2587178294752,347409120,480,0,2
4015,2587178317468,2587178395135,347409600,480,0,2
4016,2587178317508,2587178500830,347410080,480,0,2
4017,2587178473382,2587178595913,347410560,480,0,2
4018,2587178631210,2587178701489,347411040,480,0,2
4019,2587178631275,2587178796774,347411520,480,0,2
4020,2587178784721,2587178902311,347412000,480,0,2
4021,2587178784788,2587178997574,347412480,480,0,2
4022,2587178934889,2587179093234,347412960,480,0,2
4023,2587179089866,2587179198493,347413440,480,0,2
4024,2587179089915,2587179293970,347413920,480,0,2
4025,2587179256776,2587179393878,347414400,480,0,2
4026,2587179403036,2587179501853,347414880,480,0,2
4027,2587179403067,2587179597722,347415360,480,0,2
4028,2587179557913,2587179702877,347415840,480,0,2
4029,2587179714968,2587179797787,347416320,480,0,2
4030,2587179715040,2587179893225,347416800,480,0,2
4031,2587179868789,2587179999522,347417280,480,0,2
4032,2587179868847,2587180094455,347417760,480,0,2
4033,2587180022150,2587180199625,347418240,480,0,2
4034,2587180177552,2587180294855,347418720,480,0,2
4035,2587180177615,2587180400325,347419200,480,0,2
4036,2587180337206,2587180495938,347419680,480,0,2
4037,2587180493591,2587180601504,347420160,480,0,2
4038,2587180493653,2587180696612,347420640,480,0,2
4039,2587180648284,2587180802053,347421120,480,0,2
4040,2587180806629,2587180897559,347421600,480,0,2
4041,2587180806672,2587180997855,347422080,480,0,2
4042,2587180960455,2587181093158,347422560,480,0,2
4043,2587181113787,2587181198690,347423040,480,0,2
4044,2587181113844,2587181293752,347423520,480,0,2
4045,2587181272279,2587181394044,347424000,480,0,2
4046,2587181427264,2587181499933,347424480,480,0,2
4047,2587181427327,2587181597695,347424960,480,0,2
4048,2587181584764,2587181700721,347425440,480,0,2
4049,2587181584831,2587181795976,347425920,480,0,2
4050,2587181737474,2587181898078,347426400,480,0,2
4051,2587181890724,2587181998937,347426880,480,0,2
4052,2587181890780,2587182094206,347427360,480,0,2
4053,2587182052113,2587182199359,347427840,480,0,2
4054,2587182207173,2587182294559,347428320,480,0,2
4055,2587182207242,2587182395480,347428800,480,0,2
4056,2587182364713,2587182501005,347429280,480,0,2
4057,2587182513267,2587182597465,347429760,480,0,2
4058,2587182513325,2587182701602,347430240,480,0,2
4059,2587182671147,2587182796885,347430720,480,0,2
4060,2587182671207,2587182897634,347431200,480,0,2
4061,2587182829723,2587183000675,347431680,480,0,2
4062,2587182983301,2587183095821,347432160,480,0,2
4063,2587182983355,2587183201272,347432640,480,0,2
4064,2587183137814,2587183296901,347433120,480,0,2
4065,2587183294230,2587183402273,347433600,480,0,2
4066,2587183294287,2587183497486,347434080,480,0,2
4067,2587183460991,2587183593132,347434560,480,0,2
4068,2587183620045,2587183698314,347435040,480,0,2
4069,2587183620112,2587183793453,347435520,480,0,2
4070,2587183784844,2587183893747,347436000,480,0,2
4071,2587183784903,2587183999724,347436480,480,0,2
4072,2587183946959,2587184095394,347436960,480,0,2
4073,2587184106763,2587184200614,347437440,480,0,2
4074,2587184106795,2587184295612,347437920,480,0,2
4075,2587184262595,2587184401243,347438400,480,0,2
4076,2587184426278,2587184496857,347438880,480,0,2
4077,2587184426355,2587184602177,347439360,480,0,2
4078,2587184575905,2587184697728,347439840,480,0,2
4079,2587184575971,2587184793160,347440320,480,0,2
4080,2587184733971,2587184898334,347440800,480,0,2
4081,2587184890939,2587184998815,347441280,480,0,2
4082,2587184891006,2587185094223,347441760,480,0,2
4083,2587185050885,2587185200816,347442240,480,0,2
4084,2587185207490,2587185295028,347442720,480,0,2
4085,2587185207540,2587185395017,347443200,480,0,2
4086,2587185363726,2587185500593,347443680,480,0,2
4087,2587185524123,2587185596303,347444160,480,0,2
4088,2587185524160,2587185701465,347444640,480,0,2
4089,2587185684292,2587185796563,347445120,480,0,2
4090,2587185684357,2587185897143,347445600,480,0,2
4091,2587185839316,2587185999260,347446080,480,0,2
4092,2587185995351,2587186093241,347446560,480,0,2
4093,2587185995402,2587186198523,347447040,480,0,2
4094,2587186151179,2587186293683,347447520,480,0,2
4095,2587186305953,2587186394198,347448000,480,0,2
4096,2587186305993,2587186500059,347448480,480,0,2
4097,2587186462661,2587186595361,347448960,480,0,2
4098,2587186622843,2587186700644,347449440,480,0,2
4099,2587186623165,2587186796117,347449920,480,0,2
4100,2587186786157,2587186902570,347450400,480,0,2
4101,2587186786208,2587186997742,347450880,480,0,2
4102,2587186944849,2587187093478,347451360,480,0,2
4103,2587187102854,2587187198788,347451840,480,0,2
4104,2587187102941,2587187293726,347452320,480,0,2
4105,2587187256723,2587187394041,347452800,480,0,2
4106,2587187415249,2587187501387,347453280,480,0,2
4107,2587187415454,2587187596591,347453760,480,0,2
4108,2587187569004,2587187702070,347454240,480,0,2
4109,2587187727284,2587187797278,347454720,480,0,2
4110,2587187727330,2587187898057,347455200,480,0,2
4111,2587187885398,2587187998691,347455680,480,0,2
4112,2587187885464,2587188093809,347456160,480,0,2
4113,2587188041813,2587188199036,347456640,480,0,2
4114,2587188196833,2587188294310,347457120,480,0,2
4115,2587188196904,2587188394824,347457600,480,0,2
4116,2587188352737,2587188501200,347458080,480,0,2
4117,2587188514633,2587188596067,347458560,480,0,2
4118,2587188514694,2587188701875,347459040,480,0,2
4119,2587188672560,2587188796932,347459520,480,0,2
4120,2587188672626,2587188897782,347460000,480,0,2
4121,2587188827600,2587189000683,347460480,480,0,2
4122,2587188982691,2587189095758,347460960,480,0,2
4123,2587188982732,2587189201400,347461440,480,0,2
4124,2587189138194,2587189296836,347461920,480,0,2
4125,2587189293915,2587189402101,347462400,480,0,2
4126,2587189293959,2587189497375,347462880,480,0,2
4127,2587189459506,2587189603155,347463360,480,0,2
4128,2587189620606,2587189698067,347463840,480,0,2
4129,2587189620651,2587189793490,347464320,480,0,2
4130,2587189784880,2587189893509,347464800,480,0,2
4131,2587189784928,2587189999266,347465280,480,0,2
4132,2587189946673,2587190094659,347465760,480,0,2
4133,2587190106919,2587190200157,347466240,480,0,2
4134,2587190106974,2587190295360,347466720,480,0,2
4135,2587190263857,2587190400997,347467200,480,0,2
4136,2587190422365,2587190496491,347467680,480,0,2
4137,2587190422418,2587190603220,347468160,480,0,2
4138,2587190585446,2587190697347,347468640,480,0,2
4139,2587190585504,2587190803035,347469120,480,0,2
4140,2587190745791,2587190898546,347469600,480,0,2
4141,2587190901628,2587190998963,347470080,480,0,2
4142,2587190901706,2587191094427,347470560,480,0,2
4143,2587191067348,2587191199937,347471040,480,0,2
4144,2587191216691,2587191296443,347471520,480,0,2
4145,2587191216743,2587191395736,347472000,480,0,2
4146,2587191383160,2587191501273,347472480,480,0,2
4147,2587191383227,2587191596865,347472960,480,0,2
4148,2587191545137,2587191702528,347473440,480,0,2
4149,2587191704853,2587191797457,347473920,480,0,2
4150,2587191705135,2587191898025,347474400,480,0,2
4151,2587191860546,2587191998843,347474880,480,0,2
4152,2587192011052,2587192093781,347475360,480,0,2
4153,2587192011097,2587192199071,347475840,480,0,2
4154,2587192162982,2587192294354,347476320,480,0,2
4155,2587192316772,2587192395035,347476800,480,0,2
4156,2587192317108,2587192500914,347477280,480,0,2
4157,2587192472709,2587192595779,347477760,480,0,2
4158,2587192628274,2587192701262,347478240,480,0,2
4159,2587192628332,2587192796571,347478720,480,0,2
4160,2587192786373,2587192902519,347479200,480,0,2
4161,2587192786437,2587192997636,347479680,480,0,2
4162,2587192936177,2587193092987,347480160,480,0,2
4163,2587193089700,2587193199967,347480640,480,0,2
4164,2587193089751,2587193293783,347481120,480,0,2
4165,2587193255042,2587193393828,347481600,480,0,2
4166,2587193412197,2587193500700,347482080,480,0,2
4167,2587193412254,2587193595964,347482560,480,0,2
4168,2587193568442,2587193701198,347483040,480,0,2
4169,2587193730664,2587193796550,347483520,480,0,2
4170,2587193730722,2587193901933,347484000,480,0,2
4171,2587193884497,2587193997773,347484480,480,0,2
4172,2587193884564,2587194093168,347484960,480,0,2
4173,2587194039856,2587194198248,347485440,480,0,2
4174,2587194195581,2587194293478,347485920,480,0,2
4175,2587194195631,2587194393754,347486400,480,0,2
4176,2587194351221,2587194500506,347486880,480,0,2
4177,2587194514670,2587194594941,347487360,480,0,2
4178,2587194514746,2587194700469,347487840,480,0,2
4179,2587194674519,2587194795559,347488320,480,0,2
4180,2587194674576,2587194901381,347488800,480,0,2
4181,2587194838841,2587194996964,347489280,480,0,2
4182,2587194993518,2587195101897,347489760,480,0,2
4183,2587194993555,2587195197200,347490240,480,0,2
4184,2587195148923,2587195302718,347490720,480,0,2
4185,2587195305095,2587195397830,347491200,480,0,2
4186,2587195305144,2587195498536,347491680,480,0,2
4187,2587195461041,2587195593988,347492160,480,0,2
4188,2587195620814,2587195699379,347492640,480,0,2
4189,2587195620874,2587195794377,347493120,480,0,2
4190,2587195780335,2587195894688,347493600,480,0,2
4191,2587195780386,2587196000125,347494080,480,0,2
4192,2587195937231,2587196095507,347494560,480,0,2
4193,2587196098669,2587196200897,347495040,480,0,2
4194,2587196098757,2587196295993,347495520,480,0,2
4195,2587196252072,2587196401600,347496000,480,0,2
4196,2587196408799,2587196497288,347496480,480,0,2
4197,2587196408853,2587196602391,347496960,480,0,2
4198,2587196564099,2587196697595,347497440,480,0,2
4199,2587196724199,2587196793406,347497920,480,0,2
4200,2587196724250,2587196898535,347498400,480,0,2
4201,2587196884463,2587196998792,347498880,480,0,2
4202,2587196884503,2587197094244,347499360,480,0,2
4203,2587197041109,2587197199892,347499840,480,0,2
4204,2587197197461,2587197294710,347500320,480,0,2
4205,2587197197505,2587197395049,347500800,480,0,2
4206,2587197353448,2587197500654,347501280,480,0,2
4207,2587197515180,2587197596107,347501760,480,0,2
4208,2587197515246,2587197701413,347502240,480,0,2
4209,2587197668340,2587197796575,347502720,480,0,2
4210,2587197826233,2587197899217,347503200,480,0,2
4211,2587197826405,2587197999418,347503680,480,0,2
4212,2587197982535,2587198094508,347504160,480,0,2
4213,2587197982603,2587198199780,347504640,480,0,2
4214,2587198137455,2587198295072,347505120,480,0,2
4215,2587198292923,2587198400635,347505600,480,0,2
4216,2587198292962,2587198496362,347506080,480,0,2
4217,2587198445276,2587198602210,347506560,480,0,2
4218,2587198597953,2587198696959,347507040,480,0,2
4219,2587198598004,2587198802387,347507520,480,0,2
4220,2587198753816,2587198898171,347508000,480,0,2
4221,2587198909632,2587198998666,347508480,480,0,2
4222,2587198909680,2587199093489,347508960,480,0,2
4223,2587199067088,2587199199149,347509440,480,0,2
4224,2587199067143,2587199294420,347509920,480,0,2
4225,2587199221004,2587199394508,347510400,480,0,2
4226,2587199382727,2587199500465,347510880,480,0,2
4227,2587199382794,2587199595711,347511360,480,0,2
4228,2587199542480,2587199701215,347511840,480,0,2
4229,2587199699202,2587199796716,347512320,480,0,2
4230,2587199699259,2587199902215,347512800,480,0,2
4231,2587199850198,2587199999411,347513280,480,0,2
4232,2587200005825,2587200093871,347513760,480,0,2
4233,2587200005873,2587200198737,347514240,480,0,2
4234,2587200160510,2587200294016,347514720,480,0,2
4235,2587200316826,2587200394339,347515200,480,0,2
4236,2587200316868,2587200500434,347515680,480,0,2
4237,2587200473764,2587200595485,347516160,480,0,2
4238,2587200473832,2587200700913,347516640,480,0,2
4239,2587200627644,2587200796210,347517120,480,0,2
4240,2587200784396,2587200901685,347517600,480,0,2
4241,2587200784454,2587200997634,347518080,480,0,2
4242,2587200945404,2587201102587,347518560,480,0,2
4243,2587201101284,2587201198155,347519040,480,0,2
4244,2587201101379,2587201293447,347519520,480,0,2
4245,2587201255714,2587201393981,347520000,480,0,2
4246,2587201413046,2587201501609,347520480,480,0,2
4247,2587201413107,2587201596978,347520960,480,0,2
4248,2587201569149,2587201702164,347521440,480,0,2
4249,2587201731047,2587201797519,347521920,480,0,2
4250,2587201731087,2587201893820,347522400,480,0,2
4251,2587201887243,2587201999587,347522880,480,0,2
4252,2587201887299,2587202094837,347523360,480,0,2
4253,2587202033242,2587202201128,347523840,480,0,2
4254,2587202182375,2587202295853,347524320,480,0,2
4255,2587202182443,2587202401729,347524800,480,0,2
4256,2587202343110,2587202501363,347525280,480,0,2
4257,2587202495380,2587202604362,347525760,480,0,2
4258,2587202495428,2587202698472,347526240,480,0,2
4259,2587202653413,2587202793838,347526720,480,0,2
4260,2587202808213,2587202894117,347527200,480,0,2
4261,2587202808252,2587202999917,347527680,480,0,2
4262,2587202961988,2587203094902,347528160,480,0,2
4263,2587203117490,2587203200404,347528640,480,0,2
4264,2587203117535,2587203295893,347529120,480,0,2
4265,2587203283138,2587203401415,347529600,480,0,2
4266,2587203283197,2587203496744,347530080,480,0,2
4267,2587203445272,2587203602243,347530560,480,0,2
4268,2587203602265,2587203697673,347531040,480,0,2
4269,2587203602346,2587203802729,347531520,480,0,2
4270,2587203753436,2587203898024,347532000,480,0,2
4271,2587203909933,2587203998585,347532480,480,0,2
4272,2587203909999,2587204093694,347532960,480,0,2
4273,2587204066031,2587204199413,347533440,480,0,2
4274,2587204221892,2587204296151,347533920,480,0,2
4275,2587204222047,2587204394647,347534400,480,0,2
4276,2587204383436,2587204500608,347534880,480,0,2
4277,2587204383504,2587204595744,347535360,480,0,2
4278,2587204543053,2587204701155,347535840,480,0,2
4279,2587204698879,2587204796363,347536320,480,0,2
4280,2587204698931,2587204902273,347536800,480,0,2
4281,2587204857968,2587204997752,347537280,480,0,2
4282,2587205020340,2587205092783,347537760,480,0,2
4283,2587205020375,2587205198236,347538240,480,0,2
4284,2587205185732,2587205293455,347538720,480,0,2
4285,2587205185796,2587205393794,347539200,480,0,2
4286,2587205343601,2587205499649,347539680,480,0,2
4287,2587205497042,2587205594701,347540160,480,0,2
4288,2587205497111,2587205700116,347540640,480,0,2
4289,2587205662951,2587205795382,347541120,480,0,2
4290,2587205822614,2587205901207,347541600,480,0,2
4291,2587205822647,2587205996995,347542080,480,0,2
4292,2587205984485,2587206102358,347542560,480,0,2
4293,2587205984547,2587206197317,347543040,480,0,2
4294,2587206139506,2587206302638,347543520,480,0,2
4295,2587206297070,2587206398050,347544000,480,0,2
4296,2587206297134,2587206499208,347544480,480,0,2
4297,2587206445987,2587206594124,347544960,480,0,2
4298,2587206608932,2587206699760,347545440,480,0,2
4299,2587206609004,2587206794848,347545920,480,0,2
4300,2587206762136,2587206900545,347546400,480,0,2
4301,2587206925843,2587207001237,347546880,480,0,2
4302,2587206925897,2587207096137,347547360,480,0,2
4303,2587207084822,2587207201987,347547840,480,0,2
4304,2587207084885,2587207297376,347548320,480,0,2
4305,2587207241182,2587207394313,347548800,480,0,2
4306,2587207391057,2587207500440,347549280,480,0,2
4307,2587207391100,2587207595710,347549760,480,0,2
4308,2587207552440,2587207700997,347550240,480,0,2
4309,2587207714380,2587207796050,347550720,480,0,2
4310,2587207714418,2587207902072,347551200,480,0,2
4311,2587207864257,2587207999759,347551680,480,0,2
4312,2587208010839,2587208093430,347552160,480,0,2
4313,2587208010889,2587208198833,347552640,480,0,2
4314,2587208166495,2587208293801,347553120,480,0,2
4315,2587208325897,2587208394274,347553600,480,0,2
4316,2587208325992,2587208500185,347554080,480,0,2
4317,2587208481886,2587208595249,347554560,480,0,2
4318,2587208481928,2587208700510,347555040,480,0,2
4319,2587208637213,2587208795730,347555520,480,0,2
4320,2587208793888,2587208901583,347556000,480,0,2
4321,2587208793917,2587208997225,347556480,480,0,2
4322,2587208958742,2587209102176,347556960,480,0,2
4323,2587209119251,2587209197340,347557440,480,0,2
4324,2587209119434,2587209302495,347557920,480,0,2
4325,2587209284152,2587209397743,347558400,480,0,2
4326,2587209284196,2587209498403,347558880,480,0,2
4327,2587209445254,2587209593955,347559360,480,0,2
4328,2587209602327,2587209699251,347559840,480,0,2
4329,2587209602393,2587209794202,347560320,480,0,2
4330,2587209755158,2587209894542,347560800,480,0,2
4331,2587209910867,2587210000267,347561280,480,0,2
4332,2587209910914,2587210095345,347561760,480,0,2
4333,2587210067355,2587210200561,347562240,480,0,2
4334,2587210227278,2587210295918,347562720,480,0,2
4335,2587210227314,2587210401204,347563200,480,0,2
4336,2587210383957,2587210497148,347563680,480,0,2
4337,2587210384009,2587210602425,347564160,480,0,2
4338,2587210538843,2587210697322,347564640,480,0,2
4339,2587210694533,2587210802607,347565120,480,0,2
4340,2587210694602,2587210898137,347565600,480,0,2
4341,2587210849604,2587210998303,347566080,480,0,2
4342,2587211005227,2587211093943,347566560,480,0,2
4343,2587211005273,2587211199447,347567040,480,0,2
4344,2587211161137,2587211294240,347567520,480,0,2
4345,2587211318129,2587211394537,347568000,480,0,2
4346,2587211318167,2587211500663,347568480,480,0,2
4347,2587211472287,2587211596427,347568960,480,0,2
4348,2587211628724,2587211701084,347569440,480,0,2
4349,2587211628754,2587211796445,347569920,480,0,2
4350,2587211783971,2587211901627,347570400,480,0,2
4351,2587211784038,2587211998008,347570880,480,0,2
4352,2587211944041,2587212102680,347571360,480,0,2
4353,2587212099445,2587212197740,347571840,480,0,2
4354,2587212099497,2587212292959,347572320,480,0,2
4355,2587212255359,2587212398620,347572800,480,0,2
4356,2587212411410,2587212500493,347573280,480,0,2
4357,2587212411467,2587212595703,347573760,480,0,2
4358,2587212563097,2587212701239,347574240,480,0,2
4359,2587212717891,2587212796707,347574720,480,0,2
4360,2587212717952,2587212901955,347575200,480,0,2
4361,2587212874194,2587212998382,347575680,480,0,2
4362,2587212874240,2587213102708,347576160,480,0,2
4363,2587213029192,2587213198005,347576640,480,0,2
4364,2587213186663,2587213293516,347577120,480,0,2
4365,2587213186718,2587213393617,347577600,480,0,2
4366,2587213335671,2587213499366,347578080,480,0,2
4367,2587213496589,2587213594677,347578560,480,0,2
4368,2587213496639,2587213699937,347579040,480,0,2
4369,2587213663051,2587213795194,347579520,480,0,2
4370,2587213822989,2587213900895,347580000,480,0,2
4371,2587213823024,2587213996031,347580480,480,0,2
4372,2587213983741,2587214101402,347580960,480,0,2
4373,2587213983816,2587214197044,347581440,480,0,2
4374,2587214138686,2587214302129,347581920,480,0,2
4375,2587214294307,2587214397409,347582400,480,0,2
4376,2587214294378,2587214498293,347582880,480,0,2
4377,2587214444679,2587214593429,347583360,480,0,2
4378,2587214600092,2587214698556,347583840,480,0,2
4379,2587214600144,2587214793737,347584320,480,0,2
4380,2587214754678,2587214894169,347584800,480,0,2
4381,2587214911135,2587214999474,347585280,480,0,2
4382,2587214911191,2587215095470,347585760,480,0,2
4383,2587215062340,2587215200015,347586240,480,0,2
4384,2587215220986,2587215295332,347586720,480,0,2
4385,2587215221016,2587215395496,347587200,480,0,2
4386,2587215382483,2587215501132,347587680,480,0,2
4387,2587215382530,2587215596499,347588160,480,0,2
4388,2587215543627,2587215701959,347588640,480,0,2
4389,2587215704906,2587215797036,347589120,480,0,2
4390,2587215704962,2587215897791,347589600,480,0,2
4391,2587215860214,2587215998425,347590080,480,0,2
4392,2587216021502,2587216093668,347590560,480,0,2
4393,2587216021555,2587216198814,347591040,480,0,2
4394,2587216185819,2587216294135,347591520,480,0,2
4395,2587216185874,2587216394442,347592000,480,0,2
4396,2587216341541,2587216500205,347592480,480,0,2
4397,2587216502125,2587216595341,347592960,480,0,2
4398,2587216502180,2587216700742,347593440,480,0,2
4399,2587216661975,2587216795905,347593920,480,0,2
4400,2587216823533,2587216901708,347594400,480,0,2
4401,2587216823640,2587216997290,347594880,480,0,2
4402,2587216984221,2587217102388,347595360,480,0,2
4403,2587216984250,2587217197934,347595840,480,0,2
4404,2587217139428,2587217293108,347596320,480,0,2
4405,2587217295403,2587217398206,347596800,480,0,2
4406,2587217295447,2587217499294,347597280,480,0,2
4407,2587217461812,2587217594349,347597760,480,0,2
4408,2587217617681,2587217699630,347598240,480,0,2
4409,2587217617721,2587217794952,347598720,480,0,2
4410,2587217771251,2587217900542,347599200,480,0,2
4411,2587217927708,2587218001125,347599680,480,0,2
4412,2587217927755,2587218096292,347600160,480,0,2
4413,2587218083067,2587218201651,347600640,480,0,2
4414,2587218083110,2587218296675,347601120,480,0,2
4415,2587218240720,2587218398268,347601600,480,0,2
4416,2587218391798,2587218500328,347602080,480,0,2
4417,2587218391855,2587218595520,347602560,480,0,2
4418,2587218553339,2587218701031,347603040,480,0,2
4419,2587218707672,2587218796310,347603520,480,0,2
4420,2587218707708,2587218901906,347604000,480,0,2
4421,2587218860161,2587218997630,347604480,480,0,2
4422,2587219020480,2587219102777,347604960,480,0,2
4423,2587219020529,2587219198183,347605440,480,0,2
4424,2587219187962,2587219293509,347605920,480,0,2
4425,2587219188031,2587219393708,347606400,480,0,2
4426,2587219342738,2587219500176,347606880,480,0,2
4427,2587219502993,2587219595619,347607360,480,0,2
4428,2587219503036,2587219701005,347607840,480,0,2
4429,2587219662627,2587219795969,347608320,480,0,2
4430,2587219824201,2587219901899,347608800,480,0,2
4431,2587219824241,2587219997810,347609280,480,0,2
4432,2587219987603,2587220102694,347609760,480,0,2
4433,2587219987676,2587220198230,347610240,480,0,2
4434,2587220141727,2587220293393,347610720,480,0,2
4435,2587220297092,2587220393815,347611200,480,0,2
4436,2587220297166,2587220499989,347611680,480,0,2
4437,2587220452165,2587220600944,347612160,480,0,2
4438,2587220608024,2587220695423,347612640,480,0,2
4439,2587220608071,2587220801122,347613120,480,0,2
4440,2587220761897,2587220901258,347613600,480,0,2
4441,2587220919388,2587221002121,347614080,480,0,2
4442,2587220919437,2587221097290,347614560,480,0,2
4443,2587221085831,2587221202402,347615040,480,0,2
4444,2587221085907,2587221297790,347615520,480,0,2
4445,2587221241473,2587221394939,347616000,480,0,2
4446,2587221391736,2587221500720,347616480,480,0,2
4447,2587221391800,2587221596317,347616960,480,0,2
4448,2587221552645,2587221701707,347617440,480,0,2
4449,2587221717040,2587221796527,347617920,480,0,2
4450,2587221717105,2587221898050,347618400,480,0,2
4451,2587221877346,2587221998213,347618880,480,0,2
4452,2587221877390,2587222093561,347619360,480,0,2
4453,2587222034084,2587222199089,347619840,480,0,2
4454,2587222186143,2587222294145,347620320,480,0,2
4455,2587222186186,2587222394662,347620800,480,0,2
4456,2587222342171,2587222500550,347621280,480,0,2
4457,2587222506491,2587222595557,347621760,480,0,2
4458,2587222506550,2587222701126,347622240,480,0,2
4459,2587222663938,2587222796251,347622720,480,0,2
4460,2587222824520,2587222902004,347623200,480,0,2
4461,2587222824577,2587222997267,347623680,480,0,2
4462,2587222984592,2587223102901,347624160,480,0,2
4463,2587222984641,2587223198294,347624640,480,0,2
4464,2587223139967,2587223293340,347625120,480,0,2
4465,2587223296627,2587223393694,347625600,480,0,2
4466,2587223296690,2587223499626,347626080,480,0,2
4467,2587223446606,2587223594746,347626560,480,0,2
4468,2587223608877,2587223700455,347627040,480,0,2
4469,2587223608935,2587223795580,347627520,480,0,2
4470,2587223762291,2587223901281,347628000,480,0,2
4471,2587223924089,2587224001678,347628480,480,0,2
4472,2587223924124,2587224097207,347628960,480,0,2
4473,2587224083551,2587224202501,347629440,480,0,2
4474,2587224083591,2587224297643,347629920,480,0,2
4475,2587224243885,2587224394950,347630400,480,0,2
4476,2587224401508,2587224500849,347630880,480,0,2
4477,2587224401565,2587224596126,347631360,480,0,2
4478,2587224562979,2587224701414,347631840,480,0,2
4479,2587224719086,2587224796428,347632320,480,0,2
4480,2587224719145,2587224902421,347632800,480,0,2
4481,2587224875057,2587224998282,347633280,480,0,2
4482,2587224875099,2587225093126,347633760,480,0,2
4483,2587225029860,2587225198690,347634240,480,0,2
4484,2587225186280,2587225293604,347634720,480,0,2
4485,2587225186358,2587225394008,347635200,480,0,2
4486,2587225337297,2587225499873,347635680,480,0,2
4487,2587225487624,2587225595476,347636160,480,0,2
4488,2587225487683,2587225700572,347636640,480,0,2
4489,2587225646747,2587225795615,347637120,480,0,2
4490,2587225807705,2587225901467,347637600,480,0,2
4491,2587225807847,2587226001737,347638080,480,0,2
4492,2587225963276,2587226096979,347638560,480,0,2
4493,2587226120460,2587226203049,347639040,480,0,2
4494,2587226120512,2587226297563,347639520,480,0,2
4495,2587226273627,2587226398548,347640000,480,0,2
4496,2587226273660,2587226499483,347640480,480,0,2
4497,2587226428754,2587226594356,347640960,480,0,2
4498,2587226581888,2587226699961,347641440,480,0,2
4499,2587226581960,2587226795074,347641920,480,0,2
4500,2587226733220,2587226901930,347642400,480,0,2
4501,2587226887970,2587226997512,347642880,480,0,2
4502,2587226888010,2587227102589,347643360,480,0,2
4503,2587227050747,2587227197758,347643840,480,0,2
4504,2587227204922,2587227293450,347644320,480,0,2
4505,2587227204965,2587227393323,347644800,480,0,2
4506,2587227361027,2587227499123,347645280,480,0,2
4507,2587227522622,2587227594565,347645760,480,0,2
4508,2587227522679,2587227700176,347646240,480,0,2
4509,2587227682149,2587227795214,347646720,480,0,2
4510,2587227682664,2587227895515,347647200,480,0,2
4511,2587227838968,2587227995879,347647680,480,0,2
4512,2587227994426,2587228101319,347648160,480,0,2
4513,2587227994504,2587228197019,347648640,480,0,2
4514,2587228148472,2587228302103,347649120,480,0,2
4515,2587228305268,2587228397130,347649600,480,0,2
4516,2587228305470,2587228498377,347650080,480,0,2
4517,2587228461132,2587228593660,347650560,480,0,2
4518,2587228621461,2587228698612,347651040,480,0,2
4519,2587228621600,2587228793915,347651520,480,0,2
4520,2587228785001,2587228894138,347652000,480,0,2
4521,2587228785053,2587229000761,347652480,480,0,2
4522,2587228937587,2587229094907,347652960,480,0,2
4523,2587229096673,2587229200367,347653440,480,0,2
4524,2587229096743,2587229295673,347653920,480,0,2
4525,2587229302277,2587229401291,347654400,480,0,2
4526,2587229303707,2587229497121,347654880,480,0,2
4527,2587229451179,2587229602549,347655360,480,0,2
4528,2587229566319,2587229698095,347655840,480,0,2
4529,2587229716065,2587229794561,347656320,480,0,2
4530,2587229716136,2587229893893,347656800,480,0,2
4531,2587229875074,2587229999555,347657280,480,0,2
4532,2587229875148,2587230099907,347657760,480,0,2
4533,2587230029195,2587230196409,347658240,480,0,2
4534,2587230181656,2587230300403,347658720,480,0,2
4535,2587230181700,2587230400996,347659200,480,0,2
4536,2587230337717,2587230496302,347659680,480,0,2
4537,2587230492754,2587230601732,347660160,480,0,2
4538,2587230492788,2587230697146,347660640,480,0,2
4539,2587230650736,2587230802430,347661120,480,0,2
4540,2587230807623,2587230898027,347661600,480,0,2
4541,2587230807666,2587230998503,347662080,480,0,2
4542,2587230962662,2587231093762,347662560,480,0,2
4543,2587231116521,2587231199228,347663040,480,0,2
4544,2587231116557,2587231299630,347663520,480,0,2
4545,2587231272089,2587231399759,347664000,480,0,2
4546,2587231272140,2587231500280,347664480,480,0,2
4547,2587231427730,2587231595703,347664960,480,0,2
4548,2587231582785,2587231700913,347665440,480,0,2
4549,2587231582847,2587231796289,347665920,480,0,2
4550,2587231734287,2587231898118,347666400,480,0,2
4551,2587231885388,2587231998613,347666880,480,0,2
4552,2587231885585,2587232093839,347667360,480,0,2
4553,2587232041657,2587232199968,347667840,480,0,2
4554,2587232196375,2587232294571,347668320,480,0,2
4555,2587232196462,2587232394770,347668800,480,0,2
4556,2587232352012,2587232500716,347669280,480,0,2
4557,2587232506711,2587232595961,347669760,480,0,2
4558,2587232506786,2587232701143,347670240,480,0,2
4559,2587232659666,2587232796557,347670720,480,0,2
4560,2587232813929,2587232902134,347671200,480,0,2
4561,2587232813976,2587232997674,347671680,480,0,2
4562,2587232969829,2587233093023,347672160,480,0,2
4563,2587233129160,2587233198296,347672640,480,0,2
4564,2587233129224,2587233293363,347673120,480,0,2
4565,2587233286610,2587233393677,347673600,480,0,2
4566,2587233286645,2587233499496,347674080,480,0,2
4567,2587233436725,2587233594921,347674560,480,0,2
4568,2587233598310,2587233700447,347675040,480,0,2
4569,2587233598352,2587233795581,347675520,480,0,2
4570,2587233751928,2587233901054,347676000,480,0,2
4571,2587233913888,2587234001763,347676480,480,0,2
4572,2587233913926,2587234096813,347676960,480,0,2
4573,2587234068045,2587234202457,347677440,480,0,2
4574,2587234225584,2587234297613,347677920,480,0,2
4575,2587234225613,2587234398035,347678400,480,0,2
4576,2587234387486,2587234493451,347678880,480,0,2
4577,2587234387564,2587234599491,347679360,480,0,2
4578,2587234545490,2587234694099,347679840,480,0,2
4579,2587234697957,2587234799410,347680320,480,0,2
4580,2587234698015,2587234900005,347680800,480,0,2
4581,2587234852156,2587235000458,347681280,480,0,2
4582,2587235013251,2587235095812,347681760,480,0,2
4583,2587235013302,2587235201028,347682240,480,0,2
4584,2587235163039,2587235296205,347682720,480,0,2
4585,2587235325606,2587235402574,347683200,480,0,2
4586,2587235325661,2587235498012,347683680,480,0,2
4587,2587235485681,2587235593594,347684160,480,0,2
4588,2587235485734,2587235698244,347684640,480,0,2
4589,2587235639699,2587235793418,347685120,480,0,2
4590,2587235796026,2587235893643,347685600,480,0,2
4591,2587235796071,2587235999296,347686080,480,0,2
4592,2587235961110,2587236094733,347686560,480,0,2
4593,2587236117788,2587236200326,347687040,480,0,2
4594,2587236117835,2587236295065,347687520,480,0,2
4595,2587236270277,2587236400796,347688000,480,0,2
4596,2587236270350,2587236496227,347688480,480,0,2
4597,2587236423324,2587236601713,347688960,480,0,2
4598,2587236573719,2587236696968,347689440,480,0,2
4599,2587236732810,2587236802313,347689920,480,0,2
4600,2587236732832,2587236897378,347690400,480,0,2
4601,2587236884122,2587236998568,347690880,480,0,2
4602,2587236884175,2587237093072,347691360,480,0,2
4603,2587237040993,2587237198592,347691840,480,0,2
4604,2587237195190,2587237293752,347692320,480,0,2
4605,2587237195247,2587237394560,347692800,480,0,2
4606,2587237352250,2587237499698,347693280,480,0,2
4607,2587237511942,2587237595024,347693760,480,0,2
4608,2587237512000,2587237700450,347694240,480,0,2
4609,2587237662576,2587237795597,347694720,480,0,2
4610,2587237822939,2587237901583,347695200,480,0,2
4611,2587237822984,2587237996591,347695680,480,0,2
4612,2587237985209,2587238102169,347696160,480,0,2
4613,2587237985257,2587238197660,347696640,480,0,2
4614,2587238138727,2587238302575,347697120,480,0,2
4615,2587238295883,2587238397971,347697600,480,0,2
4616,2587238295929,2587238498980,347698080,480,0,2
4617,2587238446051,2587238594539,347698560,480,0,2
4618,2587238601858,2587238699503,347699040,480,0,2
4619,2587238601910,2587238794666,347699520,480,0,2
4620,2587238755741,2587238894953,347700000,480,0,2
4621,2587238918561,2587239000959,347700480,480,0,2
4622,2587238918613,2587239095970,347700960,480,0,2
4623,2587239063044,2587239201098,347701440,480,0,2
4624,2587239218745,2587239296251,347701920,480,0,2
4625,2587239218796,2587239402062,347702400,480,0,2
4626,2587239384076,2587239502455,347702880,480,0,2
4627,2587239384130,2587239597595,347703360,480,0,2
4628,2587239544389,2587239693154,347703840,480,0,2
4629,2587239706187,2587239798299,347704320,480,0,2
4630,2587239706237,2587239893481,347704800,480,0,2
4631,2587239861141,2587239999603,347705280,480,0,2
4632,2587240021878,2587240094439,347705760,480,0,2
4633,2587240021935,2587240199987,347706240,480,0,2
4634,2587240176563,2587240294963,347706720,480,0,2
4635,2587240176587,2587240400408,347707200,480,0,2
4636,2587240336819,2587240495868,347707680,480,0,2
4637,2587240493228,2587240601697,347708160,480,0,2
4638,2587240493278,2587240696920,347708640,480,0,2
4639,2587240650927,2587240801990,347709120,480,0,2
4640,2587240805825,2587240897440,347709600,480,0,2
4641,2587240805863,2587240998183,347710080,480,0,2
4642,2587240961579,2587241093134,347710560,480,0,2
4643,2587241121539,2587241198754,347711040,480,0,2
4644,2587241121580,2587241293641,347711520,480,0,2
4645,2587241272561,2587241395439,347712000,480,0,2
4646,2587241272609,2587241500080,347712480,480,0,2
4647,2587241422222,2587241595035,347712960,480,0,2
4648,2587241581623,2587241700451,347713440,480,0,2
4649,2587241581666,2587241795710,347713920,480,0,2
4650,2587241735165,2587241897944,347714400,480,0,2
4651,2587241891338,2587241999289,347714880,480,0,2
4652,2587241891413,2587242093937,347715360,480,0,2
4653,2587242051379,2587242199597,347715840,480,0,2
4654,2587242206248,2587242294579,347716320,480,0,2
4655,2587242206281,2587242395027,347716800,480,0,2
4656,2587242363604,2587242501111,347717280,480,0,2
4657,2587242526766,2587242596403,347717760,480,0,2
4658,2587242526825,2587242701732,347718240,480,0,2
4659,2587242685435,2587242796684,347718720,480,0,2
4660,2587242685503,2587242897384,347719200,480,0,2
4661,2587242842700,2587243000389,347719680,480,0,2
4662,2587242995196,2587243093381,347720160,480,0,2
4663,2587242995262,2587243198719,347720640,480,0,2
4664,2587243150827,2587243294119,347721120,480,0,2
4665,2587243307647,2587243394426,347721600,480,0,2
4666,2587243307684,2587243500064,347722080,480,0,2
4667,2587243462515,2587243595427,347722560,480,0,2
4668,2587243620272,2587243700841,347723040,480,0,2
4669,2587243620336,2587243796522,347723520,480,0,2
4670,2587243769896,2587243902058,347724000,480,0,2
4671,2587243920685,2587243997897,347724480,480,0,2
4672,2587243920735,2587244093438,347724960,480,0,2
4673,2587244075148,2587244199281,347725440,480,0,2
4674,2587244075200,2587244294021,347725920,480,0,2
4675,2587244231752,2587244394236,347726400,480,0,2
4676,2587244384934,2587244500684,347726880,480,0,2
4677,2587244384994,2587244595827,347727360,480,0,2
4678,2587244543411,2587244700885,347727840,480,0,2
4679,2587244698238,2587244796381,347728320,480,0,2
4680,2587244698301,2587244903073,347728800,480,0,2
4681,2587244859625,2587244997718,347729280,480,0,2
4682,2587245021161,2587245093309,347729760,480,0,2
4683,2587245021228,2587245198348,347730240,480,0,2
4684,2587245189697,2587245293450,347730720,480,0,2
4685,2587245189756,2587245394044,347731200,480,0,2
4686,2587245341461,2587245499712,347731680,480,0,2
4687,2587245497588,2587245595108,347732160,480,0,2
4688,2587245497635,2587245700502,347732640,480,0,2
4689,2587245661278,2587245795599,347733120,480,0,2
4690,2587245822195,2587245900976,347733600,480,0,2
4691,2587245822228,2587245996877,347734080,480,0,2
4692,2587245984171,2587246102303,347734560,480,0,2
4693,2587245984219,2587246197917,347735040,480,0,2
4694,2587246139852,2587246292973,347735520,480,0,2
4695,2587246296084,2587246398085,347736000,480,0,2
4696,2587246296149,2587246499754,347736480,480,0,2
4697,2587246447789,2587246594451,347736960,480,0,2
4698,2587246598590,2587246699875,347737440,480,0,2
4699,2587246598625,2587246795097,347737920,480,0,2
4700,2587246751374,2587246900979,347738400,480,0,2
4701,2587246902317,2587247001418,347738880,480,0,2
4702,2587246902361,2587247096806,347739360,480,0,2
4703,2587247059452,2587247202360,347739840,480,0,2
4704,2587247220478,2587247297599,347740320,480,0,2
4705,2587247220523,2587247398300,347740800,480,0,2
4706,2587247376076,2587247499098,347741280,480,0,2
4707,2587247376123,2587247594227,347741760,480,0,2
4708,2587247530391,2587247699748,347742240,480,0,2
4709,2587247692870,2587247794989,347742720,480,0,2
4710,2587247692932,2587247900642,347743200,480,0,2
4711,2587247854830,2587248000915,347743680,480,0,2
4712,2587248014060,2587248096480,347744160,480,0,2
4713,2587248014106,2587248201793,347744640,480,0,2
4714,2587248171148,2587248296991,347745120,480,0,2
4715,2587248171366,2587248398035,347745600,480,0,2
4716,2587248328068,2587248500796,347746080,480,0,2
4717,2587248484011,2587248596203,347746560,480,0,2
4718,2587248484060,2587248701498,347747040,480,0,2
4719,2587248644375,2587248797367,347747520,480,0,2
4720,2587248796685,2587248897335,347748000,480,0,2
4721,2587248796737,2587249000453,347748480,480,0,2
4722,2587248944176,2587249093423,347748960,480,0,2
4723,2587249102278,2587249198759,347749440,480,0,2
4724,2587249102326,2587249294953,347749920,480,0,2
4725,2587249256600,2587249394360,347750400,480,0,2
4726,2587249412842,2587249501245,347750880,480,0,2
4727,2587249412890,2587249596879,347751360,480,0,2
4728,2587249569452,2587249702006,347751840,480,0,2
4729,2587249569497,2587249797421,347752320,480,0,2
4730,2587249725215,2587249897730,347752800,480,0,2
4731,2587249875834,2587249998392,347753280,480,0,2
4732,2587249875875,2587250093830,347753760,480,0,2
4733,2587250031698,2587250199575,347754240,480,0,2
4734,2587250187882,2587250294928,347754720,480,0,2
4735,2587250187961,2587250395132,347755200,480,0,2
4736,2587250342308,2587250501121,347755680,480,0,2
4737,2587250506710,2587250596215,347756160,480,0,2
4738,2587250506754,2587250701451,347756640,480,0,2
4739,2587250659688,2587250796929,347757120,480,0,2
4740,2587250813663,2587250897604,347757600,480,0,2
4741,2587250813710,2587250997997,347758080,480,0,2
4742,2587250970441,2587251093308,347758560,480,0,2
4743,2587250970496,2587251198669,347759040,480,0,2
4744,2587251131614,2587251293859,347759520,480,0,2
4745,2587251286833,2587251394311,347760000,480,0,2
4746,2587251286882,2587251500006,347760480,480,0,2
4747,2587251440486,2587251595629,347760960,480,0,2
4748,2587251599857,2587251701154,347761440,480,0,2
4749,2587251599907,2587251796260,347761920,480,0,2
4750,2587251752192,2587251901583,347762400,480,0,2
4751,2587251909757,2587251998837,347762880,480,0,2
4752,2587251909795,2587252093751,347763360,480,0,2
4753,2587252064851,2587252199574,347763840,480,0,2
4754,2587252222646,2587252295157,347764320,480,0,2
4755,2587252222859,2587252394686,347764800,480,0,2
4756,2587252382330,2587252500965,347765280,480,0,2
4757,2587252382394,2587252596516,347765760,480,0,2
4758,2587252544165,2587252701589,347766240,480,0,2
4759,2587252704387,2587252796839,347766720,480,0,2
4760,2587252704425,2587252897545,347767200,480,0,2
4761,2587252859862,2587252997959,347767680,480,0,2
4762,2587253020700,2587253093401,347768160,480,0,2
4763,2587253020743,2587253198630,347768640,480,0,2
4764,2587253186337,2587253293751,347769120,480,0,2
4765,2587253186411,2587253394346,347769600,480,0,2
4766,2587253342942,2587253499761,347770080,480,0,2
4767,2587253502338,2587253595127,347770560,480,0,2
4768,2587253502392,2587253700500,347771040,480,0,2
4769,2587253663024,2587253795789,347771520,480,0,2
4770,2587253823355,2587253901066,347772000,480,0,2
4771,2587253823407,2587253996901,347772480,480,0,2
4772,2587253982639,2587254102163,347772960,480,0,2
4773,2587253982695,2587254197769,347773440,480,0,2
4774,2587254138873,2587254302491,347773920,480,0,2
4775,2587254295771,2587254398081,347774400,480,0,2
4776,2587254295821,2587254499261,347774880,480,0,2
4777,2587254460859,2587254593974,347775360,480,0,2
4778,2587254612084,2587254699513,347775840,480,0,2
4779,2587254612142,2587254794593,347776320,480,0,2
4780,2587254770660,2587254894919,347776800,480,0,2
4781,2587254928352,2587255000523,347777280,480,0,2
4782,2587254928409,2587255095709,347777760,480,0,2
4783,2587255082331,2587255201009,347778240,480,0,2
4784,2587255082395,2587255296412,347778720,480,0,2
4785,2587255239060,2587255398666,347779200,480,0,2
4786,2587255390523,2587255499089,347779680,480,0,2
4787,2587255390561,2587255594450,347780160,480,0,2
4788,2587255551280,2587255699832,347780640,480,0,2
4789,2587255712552,2587255795087,347781120,480,0,2
4790,2587255712608,2587255900726,347781600,480,0,2
4791,2587255867744,2587256000830,347782080,480,0,2
4792,2587256023327,2587256097755,347782560,480,0,2
4793,2587256023391,2587256201676,347783040,480,0,2
4794,2587256184582,2587256296886,347783520,480,0,2
4795,2587256184625,2587256397423,347784000,480,0,2
4796,2587256335045,2587256498986,347784480,480,0,2
4797,2587256495211,2587256594154,347784960,480,0,2
4798,2587256495263,2587256699269,347785440,480,0,2
4799,2587256652602,2587256794662,347785920,480,0,2
4800,2587256807880,2587256894902,347786400,480,0,2
4801,2587256807928,2587257000679,347786880,480,0,2
4802,2587256961657,2587257095633,347787360,480,0,2
4803,2587257121072,2587257200984,347787840,480,0,2
4804,2587257121144,2587257296490,347788320,480,0,2
4805,2587257284446,2587257402466,347788800,480,0,2
4806,2587257284508,2587257497988,347789280,480,0,2
4807,2587257447472,2587257602694,347789760,480,0,2
4808,2587257599818,2587257698312,347790240,480,0,2
4809,2587257599870,2587257793470,347790720,480,0,2
4810,2587257754644,2587257893694,347791200,480,0,2
4811,2587257910941,2587257999424,347791680,480,0,2
4812,2587257910979,2587258094476,347792160,480,0,2
4813,2587258067887,2587258200224,347792640,480,0,2
4814,2587258067949,2587258295311,347793120,480,0,2
4815,2587258230030,2587258401254,347793600,480,0,2
4816,2587258382586,2587258496438,347794080,480,0,2
4817,2587258382628,2587258602857,347794560,480,0,2
4818,2587258540162,2587258698085,347795040,480,0,2
4819,2587258739304,2587258793392,347795520,480,0,2
4820,2587258739347,2587258899351,347796000,480,0,2
4821,2587258875815,2587258999579,347796480,480,0,2
4822,2587258875866,2587259094640,347796960,480,0,2
4823,2587259013543,2587259201104,347797440,480,0,2
4824,2587259157858,2587259300927,347797920,480,0,2
4825,2587259327290,2587259401848,347798400,480,0,2
4826,2587259327353,2587259498350,347798880,480,0,2
4827,2587259471357,2587259593544,347799360,480,0,2
4828,2587259471429,2587259698803,347799840,480,0,2
4829,2587259632237,2587259794237,347800320,480,0,2
4830,2587259787395,2587259894486,347800800,480,0,2
4831,2587259787444,2587259999922,347801280,480,0,2
4832,2587259937641,2587260095106,347801760,480,0,2
4833,2587260101112,2587260200884,347802240,480,0,2
4834,2587260101173,2587260296335,347802720,480,0,2
4835,2587260252513,2587260402429,347803200,480,0,2
4836,2587260410169,2587260497151,347803680,480,0,2
4837,2587260410215,2587260602911,347804160,480,0,2
4838,2587260565333,2587260698539,347804640,480,0,2
4839,2587260715497,2587260793568,347805120,480,0,2
4840,2587260715554,2587260893957,347805600,480,0,2
4841,2587260876260,2587260999896,347806080,480,0,2
4842,2587260876312,2587261094896,347806560,480,0,2
4843,2587261032595,2587261200483,347807040,480,0,2
4844,2587261193746,2587261295594,347807520,480,0,2
4845,2587261194078,2587261401298,347808000,480,0,2
4846,2587261350300,2587261496628,347808480,480,0,2
4847,2587261504177,2587261602525,347808960,480,0,2
4848,2587261504231,2587261697495,347809440,480,0,2
4849,2587261661513,2587261795626,347809920,480,0,2
4850,2587261815932,2587261898594,347810400,480,0,2
4851,2587261815992,2587261999064,347810880,480,0,2
4852,2587261975313,2587262094225,347811360,480,0,2
4853,2587261975379,2587262200315,347811840,480,0,2
4854,2587262125889,2587262294839,347812320,480,0,2
4855,2587262283617,2587262400694,347812800,480,0,2
4856,2587262283670,2587262495781,347813280,480,0,2
4857,2587262443174,2587262601723,347813760,480,0,2
4858,2587262598106,2587262696807,347814240,480,0,2
4859,2587262598172,2587262802314,347814720,480,0,2
4860,2587262753186,2587262897424,347815200,480,0,2
4861,2587262910564,2587262998257,347815680,480,0,2
4862,2587262910592,2587263093471,347816160,480,0,2
4863,2587263065744,2587263198755,347816640,480,0,2
4864,2587263216896,2587263294027,347817120,480,0,2
4865,2587263216952,2587263394747,347817600,480,0,2
4866,2587263381482,2587263500764,347818080,480,0,2
4867,2587263381515,2587263596130,347818560,480,0,2
4868,2587263543083,2587263701448,347819040,480,0,2
4869,2587263704486,2587263796811,347819520,480,0,2
4870,2587263704547,2587263897208,347820000,480,0,2
4871,2587263860609,2587263998169,347820480,480,0,2
4872,2587264020543,2587264093177,347820960,480,0,2
4873,2587264020578,2587264198378,347821440,480,0,2
4874,2587264186347,2587264293634,347821920,480,0,2
4875,2587264186408,2587264393834,347822400,480,0,2
4876,2587264342084,2587264500235,347822880,480,0,2
4877,2587264502880,2587264595685,347823360,480,0,2
4878,2587264502929,2587264700994,347823840,480,0,2
4879,2587264656851,2587264796110,347824320,480,0,2
4880,2587264813930,2587264901757,347824800,480,0,2
4881,2587264813960,2587264997462,347825280,480,0,2
4882,2587264969808,2587265102763,347825760,480,0,2
4883,2587265129603,2587265197907,347826240,480,0,2
4884,2587265129655,2587265293181,347826720,480,0,2
4885,2587265284464,2587265393877,347827200,480,0,2
4886,2587265284543,2587265499123,347827680,480,0,2
4887,2587265434919,2587265594394,347828160,480,0,2
4888,2587265597709,2587265699951,347828640,480,0,2
4889,2587265597760,2587265795069,347829120,480,0,2
4890,2587265751004,2587265900456,347829600,480,0,2
4891,2587265912887,2587266000888,347830080,480,0,2
4892,2587265912927,2587266096632,347830560,480,0,2
4893,2587266068407,2587266202058,347831040,480,0,2
4894,2587266229834,2587266296761,347831520,480,0,2
4895,2587266229890,2587266397541,347832000,480,0,2
4896,2587266384721,2587266497641,347832480,480,0,2
4897,2587266384774,2587266593254,347832960,480,0,2
4898,2587266539053,2587266698581,347833440,480,0,2
4899,2587266698167,2587266793630,347833920,480,0,2
4900,2587266698220,2587266893971,347834400,480,0,2
4901,2587266851811,2587267001107,347834880,480,0,2
4902,2587267012535,2587267095842,347835360,480,0,2
4903,2587267012588,2587267200284,347835840,480,0,2
4904,2587267172414,2587267295535,347836320,480,0,2
4905,2587267337534,2587267401259,347836800,480,0,2
4906,2587267337584,2587267496769,347837280,480,0,2
4907,2587267493430,2587267602098,347837760,480,0,2
4908,2587267493472,2587267697228,347838240,480,0,2
4909,2587267649050,2587267802464,347838720,480,0,2
4910,2587267805314,2587267898302,347839200,480,0,2
4911,2587267805354,2587267998982,347839680,480,0,2
4912,2587267961974,2587268094456,347840160,480,0,2
4913,2587268119211,2587268200123,347840640,480,0,2
4914,2587268119278,2587268295152,347841120,480,0,2
4915,2587268269655,2587268400935,347841600,480,0,2
4916,2587268269713,2587268496463,347842080,480,0,2
4917,2587268422368,2587268601780,347842560,480,0,2
4918,2587268582481,2587268697008,347843040,480,0,2
4919,2587268582508,2587268802830,347843520,480,0,2
4920,2587268743300,2587268897547,347844000,480,0,2
4921,2587268899131,2587268997986,347844480,480,0,2
4922,2587268899188,2587269093365,347844960,480,0,2
4923,2587269059724,2587269198415,347845440,480,0,2
4924,2587269215886,2587269293792,347845920,480,0,2
4925,2587269215944,2587269394057,347846400,480,0,2
4926,2587269367180,2587269499762,347846880,480,0,2
4927,2587269521646,2587269596468,347847360,480,0,2
4928,2587269521691,2587269700618,347847840,480,0,2
4929,2587269671747,2587269795938,347848320,480,0,2
4930,2587269828722,2587269901364,347848800,480,0,2
4931,2587269828792,2587270002360,347849280,480,0,2
4932,2587269983544,2587270097077,347849760,480,0,2
4933,2587269983593,2587270202591,347850240,480,0,2
4934,2587270139629,2587270298316,347850720,480,0,2
4935,2587270296188,2587270393390,347851200,480,0,2
4936,2587270296216,2587270499307,347851680,480,0,2
4937,2587270447209,2587270595607,347852160,480,0,2
4938,2587270606438,2587270700420,347852640,480,0,2
4939,2587270606499,2587270795610,347853120,480,0,2
4940,2587270761953,2587270901751,347853600,480,0,2
4941,2587270922357,2587271002012,347854080,480,0,2
4942,2587270922724,2587271097225,347854560,480,0,2
4943,2587271083697,2587271203854,347855040,480,0,2
4944,2587271083814,2587271297449,347855520,480,0,2
4945,2587271241491,2587271395126,347856000,480,0,2
4946,2587271403419,2587271500953,347856480,480,0,2
4947,2587271403462,2587271595920,347856960,480,0,2
4948,2587271562865,2587271701337,347857440,480,0,2
4949,2587271718085,2587271796667,347857920,480,0,2
4950,2587271718126,2587271902017,347858400,480,0,2
4951,2587271874437,2587271997426,347858880,480,0,2
4952,2587272030161,2587272103014,347859360,480,0,2
4953,2587272030218,2587272198220,347859840,480,0,2
4954,2587272184498,2587272293571,347860320,480,0,2
4955,2587272184556,2587272394520,347860800,480,0,2
4956,2587272340614,2587272494064,347861280,480,0,2
4957,2587272497564,2587272594432,347861760,480,0,2
4958,2587272497630,2587272700017,347862240,480,0,2
4959,2587272661730,2587272795053,347862720,480,0,2
4960,2587272812838,2587272900915,347863200,480,0,2
4961,2587272812876,2587272997776,347863680,480,0,2
4962,2587272969512,2587273101858,347864160,480,0,2
4963,2587272969583,2587273197108,347864640,480,0,2
4964,2587273131381,2587273302672,347865120,480,0,2
4965,2587273288055,2587273398326,347865600,480,0,2
4966,2587273288118,2587273499163,347866080,480,0,2
4967,2587273452843,2587273594853,347866560,480,0,2
4968,2587273597062,2587273700005,347867040,480,0,2
4969,2587273597103,2587273795521,347867520,480,0,2
4970,2587273752874,2587273900937,347868000,480,0,2
4971,2587273912263,2587274000919,347868480,480,0,2
4972,2587273912298,2587274096196,347868960,480,0,2
4973,2587274067647,2587274201786,347869440,480,0,2
4974,2587274224297,2587274296770,347869920,480,0,2
4975,2587274224359,2587274397107,347870400,480,0,2
4976,2587274384718,2587274497963,347870880,480,0,2
4977,2587274384767,2587274593301,347871360,480,0,2
4978,2587274540106,2587274699005,347871840,480,0,2
4979,2587274695544,2587274793713,347872320,480,0,2
4980,2587274695596,2587274894001,347872800,480,0,2
4981,2587274851023,2587274999608,347873280,480,0,2
4982,2587275006479,2587275094805,347873760,480,0,2
4983,2587275006548,2587275200249,347874240,480,0,2
4984,2587275163126,2587275295528,347874720,480,0,2
4985,2587275319136,2587275401265,347875200,480,0,2
4986,2587275319184,2587275502202,347875680,480,0,2
4987,2587275473523,2587275596825,347876160,480,0,2
4988,2587275473586,2587275702021,347876640,480,0,2
4989,2587275629668,2587275797362,347877120,480,0,2
4990,2587275784822,2587275897725,347877600,480,0,2
4991,2587275784866,2587275998303,347878080,480,0,2
4992,2587275944039,2587276093449,347878560,480,0,2
4993,2587276100769,2587276198899,347879040,480,0,2
4994,2587276100848,2587276294123,347879520,480,0,2
4995,2587276256416,2587276394388,347880000,480,0,2
4996,2587276412587,2587276501215,347880480,480,0,2
4997,2587276412632,2587276596904,347880960,480,0,2
4998,2587276570153,2587276701871,347881440,480,0,2
4999,2587276570199,2587276797177,347881920,480,0,2
5000,2587276726097,2587276897794,347882400,480,0,2
5001,2587276876744,2587276998474,347882880,480,0,2
5002,2587276876794,2587277093302,347883360,480,0,2
5003,2587277029880,2587277198656,347883840,480,0,2
5004,2587277185060,2587277293962,347884320,480,0,2
5005,2587277185102,2587277394991,347884800,480,0,2
5006,2587277336089,2587277500403,347885280,480,0,2
5007,2587277502903,2587277595366,347885760,480,0,2
5008,2587277502956,2587277700661,347886240,480,0,2
5009,2587277662104,2587277795747,347886720,480,0,2
5010,2587277814549,2587277901244,347887200,480,0,2
5011,2587277814592,2587277996566,347887680,480,0,2
5012,2587277969600,2587278102199,347888160,480,0,2
5013,2587277969677,2587278197466,347888640,480,0,2
5014,2587278129998,2587278302562,347889120,480,0,2
5015,2587278285896,2587278398708,347889600,480,0,2
5016,2587278285951,2587278499274,347890080,480,0,2
5017,2587278438017,2587278594449,347890560,480,0,2
5018,2587278596405,2587278700001,347891040,480,0,2
5019,2587278596453,2587278795077,347891520,480,0,2
5020,2587278751364,2587278900908,347892000,480,0,2
5021,2587278912627,2587279001604,347892480,480,0,2
5022,2587278912938,2587279096377,347892960,480,0,2
5023,2587279068465,2587279201648,347893440,480,0,2
5024,2587279229112,2587279296964,347893920,480,0,2
5025,2587279229161,2587279397637,347894400,480,0,2
5026,2587279385813,2587279498107,347894880,480,0,2
5027,2587279385866,2587279593356,347895360,480,0,2
5028,2587279544622,2587279699130,347895840,480,0,2
5029,2587279698176,2587279795093,347896320,480,0,2
5030,2587279698235,2587279894928,347896800,480,0,2
5031,2587279862285,2587279996137,347897280,480,0,2
5032,2587280019869,2587280101402,347897760,480,0,2
5033,2587280019926,2587280197124,347898240,480,0,2
5034,2587280169878,2587280302229,347898720,480,0,2
5035,2587280169929,2587280397424,347899200,480,0,2
5036,2587280327352,2587280499957,347899680,480,0,2
5037,2587280482211,2587280595543,347900160,480,0,2
5038,2587280482257,2587280700604,347900640,480,0,2
5039,2587280639090,2587280795963,347901120,480,0,2
5040,2587280793183,2587280901508,347901600,480,0,2
5041,2587280793229,2587280997254,347902080,480,0,2
5042,2587280961712,2587281103010,347902560,480,0,2
5043,2587281112616,2587281198008,347903040,480,0,2
5044,2587281112658,2587281293422,347903520,480,0,2
5045,2587281263579,2587281393833,347904000,480,0,2
5046,2587281425907,2587281500484,347904480,480,0,2
5047,2587281425973,2587281595859,347904960,480,0,2
5048,2587281584049,2587281696460,347905440,480,0,2
5049,2587281584100,2587281801735,347905920,480,0,2
5050,2587281735422,2587281898261,347906400,480,0,2
5051,2587281895578,2587281999217,347906880,480,0,2
5052,2587281895618,2587282099181,347907360,480,0,2
5053,2587282060548,2587282194715,347907840,480,0,2
5054,2587282217812,2587282300174,347908320,480,0,2
5055,2587282217847,2587282400266,347908800,480,0,2
5056,2587282382687,2587282500695,347909280,480,0,2
5057,2587282382744,2587282595899,347909760,480,0,2
5058,2587282543443,2587282701426,347910240,480,0,2
5059,2587282699349,2587282796572,347910720,480,0,2
5060,2587282699396,2587282902211,347911200,480,0,2
5061,2587282859763,2587282998236,347911680,480,0,2
5062,2587283016651,2587283093093,347912160,480,0,2
5063,2587283016689,2587283193427,347912640,480,0,2
5064,2587283174289,2587283298766,347913120,480,0,2
5065,2587283174338,2587283399171,347913600,480,0,2
5066,2587283326718,2587283500023,347914080,480,0,2
5067,2587283482816,2587283595222,347914560,480,0,2
5068,2587283482871,2587283700368,347915040,480,0,2
5069,2587283638000,2587283795558,347915520,480,0,2
5070,2587283788421,2587283901237,347916000,480,0,2
5071,2587283788457,2587284001615,347916480,480,0,2
5072,2587283943659,2587284102109,347916960,480,0,2
5073,2587284099652,2587284197263,347917440,480,0,2
5074,2587284099677,2587284302612,347917920,480,0,2
5075,2587284255739,2587284397940,347918400,480,0,2
5076,2587284413321,2587284501088,347918880,480,0,2
5077,2587284413348,2587284596065,347919360,480,0,2
5078,2587284568930,2587284701687,347919840,480,0,2
5079,2587284568995,2587284796671,347920320,480,0,2
5080,2587284724021,2587284897258,347920800,480,0,2
5081,2587284883885,2587284998575,347921280,480,0,2
5082,2587284883966,2587285092980,347921760,480,0,2
5083,2587285044589,2587285193369,347922240,480,0,2
5084,2587285205446,2587285298823,347922720,480,0,2
5085,2587285205477,2587285393985,347923200,480,0,2
5086,2587285361287,2587285501721,347923680,480,0,2
5087,2587285511491,2587285594847,347924160,480,0,2
5088,2587285511554,2587285700262,347924640,480,0,2
5089,2587285662668,2587285795621,347925120,480,0,2
5090,2587285822885,2587285901559,347925600,480,0,2
5091,2587285822929,2587285996488,347926080,480,0,2
5092,2587285983592,2587286102292,347926560,480,0,2
5093,2587285983633,2587286202665,347927040,480,0,2
5094,2587286139208,2587286297752,347927520,480,0,2
5095,2587286295339,2587286398144,347928000,480,0,2
5096,2587286295371,2587286498974,347928480,480,0,2
5097,2587286445786,2587286594227,347928960,480,0,2
5098,2587286601686,2587286699490,347929440,480,0,2
5099,2587286601725,2587286794633,347929920,480,0,2
5100,2587286756057,2587286894921,347930400,480,0,2
5101,2587286911186,2587287000483,347930880,480,0,2
5102,2587286911215,2587287095601,347931360,480,0,2
5103,2587287062758,2587287201238,347931840,480,0,2
5104,2587287218482,2587287296221,347932320,480,0,2
5105,2587287218540,2587287396623,347932800,480,0,2
5106,2587287383183,2587287502638,347933280,480,0,2
5107,2587287383233,2587287597766,347933760,480,0,2
5108,2587287535058,2587287702739,347934240,480,0,2
5109,2587287685378,2587287798029,347934720,480,0,2
5110,2587287685450,2587287893434,347935200,480,0,2
5111,2587287842924,2587287999185,347935680,480,0,2
5112,2587287995713,2587288094234,347936160,480,0,2
5113,2587287995774,2587288199681,347936640,480,0,2
5114,2587288163320,2587288294987,347937120,480,0,2
5115,2587288317301,2587288401119,347937600,480,0,2
5116,2587288317347,2587288501034,347938080,480,0,2
5117,2587288474038,2587288596769,347938560,480,0,2
5118,2587288474086,2587288701892,347939040,480,0,2
5119,2587288631457,2587288797337,347939520,480,0,2
5120,2587288787018,2587288898265,347940000,480,0,2
5121,2587288787074,2587288998695,347940480,480,0,2
5122,2587288935587,2587289094139,347940960,480,0,2
5123,2587289091127,2587289200249,347941440,480,0,2
5124,2587289091196,2587289294749,347941920,480,0,2
5125,2587289242160,2587289395468,347942400,480,0,2
5126,2587289397878,2587289495620,347942880,480,0,2
5127,2587289397945,2587289601188,347943360,480,0,2
5128,2587289547600,2587289696517,347943840,480,0,2
5129,2587289704485,2587289802239,347944320,480,0,2
5130,2587289704525,2587289897372,347944800,480,0,2
5131,2587289860861,2587289997647,347945280,480,0,2
5132,2587290020917,2587290093542,347945760,480,0,2
5133,2587290020964,2587290198313,347946240,480,0,2
5134,2587290186921,2587290293541,347946720,480,0,2
5135,2587290186987,2587290394207,347947200,480,0,2
5136,2587290341689,2587290500363,347947680,480,0,2
5137,2587290503037,2587290595472,347948160,480,0,2
5138,2587290503090,2587290701209,347948640,480,0,2
5139,2587290662984,2587290796323,347949120,480,0,2
5140,2587290823936,2587290901592,347949600,480,0,2
5141,2587290823981,2587290997117,347950080,480,0,2
5142,2587290984664,2587291102346,347950560,480,0,2
5143,2587290984745,2587291197709,347951040,480,0,2
5144,2587291139021,2587291293328,347951520,480,0,2
5145,2587291295829,2587291398429,347952000,480,0,2
5146,2587291295894,2587291499369,347952480,480,0,2
5147,2587291461431,2587291594582,347952960,480,0,2
5148,2587291618083,2587291700241,347953440,480,0,2
5149,2587291618147,2587291795915,347953920,480,0,2
5150,2587291772732,2587291901636,347954400,480,0,2
5151,2587291928611,2587292002557,347954880,480,0,2
5152,2587291928652,2587292097407,347955360,480,0,2
5153,2587292086738,2587292203002,347955840,480,0,2
5154,2587292086807,2587292298124,347956320,480,0,2
5155,2587292242790,2587292397352,347956800,480,0,2
5156,2587292399382,2587292498488,347957280,480,0,2
5157,2587292399425,2587292594359,347957760,480,0,2
5158,2587292560931,2587292699010,347958240,480,0,2
5159,2587292716471,2587292793905,347958720,480,0,2
5160,2587292716515,2587292894390,347959200,480,0,2
5161,2587292885123,2587293000768,347959680,480,0,2
5162,2587292885202,2587293095828,347960160,480,0,2
5163,2587293042783,2587293201267,347960640,480,0,2
5164,2587293200888,2587293296383,347961120,480,0,2
5165,2587293200961,2587293402249,347961600,480,0,2
5166,2587293348674,2587293497879,347962080,480,0,2
5167,2587293507298,2587293593520,347962560,480,0,2
5168,2587293507353,2587293693958,347963040,480,0,2
5169,2587293661039,2587293799119,347963520,480,0,2
5170,2587293819019,2587293899645,347964000,480,0,2
5171,2587293819098,2587294000500,347964480,480,0,2
5172,2587294154296,2587294100762,347964960,480,0,2
5173,2587294154332,2587294198189,347965440,480,0,2
5174,2587294154346,2587294301803,347965920,480,0,2
5175,2587294287585,2587294397323,347966400,480,0,2
5176,2587294287643,2587294498277,347966880,480,0,2
5177,2587294461424,2587294593789,347967360,480,0,2
5178,2587294600817,2587294699426,347967840,480,0,2
5179,2587294600880,2587294794647,347968320,480,0,2
5180,2587294755969,2587294895139,347968800,480,0,2
5181,2587294934033,2587294993207,347969280,480,0,2
5182,2587294934099,2587295098626,347969760,480,0,2
5183,2587295087469,2587295194021,347970240,480,0,2
5184,2587295087533,2587295299690,347970720,480,0,2
5185,2587295241501,2587295399903,347971200,480,0,2
5186,2587295393744,2587295501013,347971680,480,0,2
5187,2587295393813,2587295596214,347972160,480,0,2
5188,2587295561929,2587295701961,347972640,480,0,2
5189,2587295714006,2587295797558,347973120,480,0,2
5190,2587295714061,2587295897699,347973600,480,0,2
5191,2587295874232,2587295998051,347974080,480,0,2
5192,2587296032129,2587296093829,347974560,480,0,2
5193,2587296032213,2587296198610,347975040,480,0,2
5194,2587296184901,2587296294045,347975520,480,0,2
5195,2587296184940,2587296394353,347976000,480,0,2
5196,2587296341697,2587296499955,347976480,480,0,2
5197,2587296502954,2587296595135,347976960,480,0,2
5198,2587296502991,2587296700893,347977440,480,0,2
5199,2587296661671,2587296795802,347977920,480,0,2
5200,2587296822981,2587296901917,347978400,480,0,2
5201,2587296823045,2587296996891,347978880,480,0,2
5202,2587296983669,2587297102822,347979360,480,0,2
5203,2587296983715,2587297203075,347979840,480,0,2
5204,2587297140482,2587297298226,347980320,480,0,2
5205,2587297295578,2587297395398,347980800,480,0,2
5206,2587297295633,2587297500086,347981280,480,0,2
5207,2587297447617,2587297595241,347981760,480,0,2
5208,2587297603651,2587297700977,347982240,480,0,2
5209,2587297603696,2587297796403,347982720,480,0,2
5210,2587297758074,2587297896915,347983200,480,0,2
5211,2587297918925,2587297997388,347983680,480,0,2
5212,2587297918975,2587298102667,347984160,480,0,2
5213,2587298068825,2587298193028,347984640,480,0,2
5214,2587298068985,2587298298105,347985120,480,0,2
5215,2587298226063,2587298393475,347985600,480,0,2
5216,2587298384846,2587298499309,347986080,480,0,2
5217,2587298384887,2587298594327,347986560,480,0,2
5218,2587298541753,2587298699821,347987040,480,0,2
5219,2587298691924,2587298795297,347987520,480,0,2
5220,2587298692016,2587298900587,347988000,480,0,2
5221,2587298852299,2587299001133,347988480,480,0,2
5222,2587299012462,2587299096448,347988960,480,0,2
5223,2587299012524,2587299201626,347989440,480,0,2
5224,2587299167413,2587299296850,347989920,480,0,2
5225,2587299325394,2587299397420,347990400,480,0,2
5226,2587299325440,2587299499743,347990880,480,0,2
5227,2587299482609,2587299595126,347991360,480,0,2
5228,2587299482658,2587299700749,347991840,480,0,2
5229,2587299637840,2587299795610,347992320,480,0,2
5230,2587299788787,2587299901202,347992800,480,0,2
5231,2587299788868,2587300001647,347993280,480,0,2
5232,2587299948125,2587300097341,347993760,480,0,2
5233,2587300109253,2587300202243,347994240,480,0,2
5234,2587300109303,2587300297667,347994720,480,0,2
5235,2587300259871,2587300398154,347995200,480,0,2
5236,2587300420208,2587300499257,347995680,480,0,2
5237,2587300420252,2587300594074,347996160,480,0,2
5238,2587300575394,2587300699713,347996640,480,0,2
5239,2587300575452,2587300794907,347997120,480,0,2
5240,2587300736860,2587300895032,347997600,480,0,2
5241,2587300897488,2587300995613,347998080,480,0,2
5242,2587300897521,2587301101124,347998560,480,0,2
5243,2587301057291,2587301196568,347999040,480,0,2
5244,2587301218144,2587301301610,347999520,480,0,2
5245,2587301218861,2587301401939,348000000,480,0,2
5246,2587301374552,2587301497730,348000480,480,0,2
5247,2587301374587,2587301603085,348000960,480,0,2
5248,2587301529429,2587301698271,348001440,480,0,2
5249,2587301688297,2587301793260,348001920,480,0,2
5250,2587301688347,2587301893543,348002400,480,0,2
5251,2587301839640,2587301999143,348002880,480,0,2
5252,2587301996206,2587302094907,348003360,480,0,2
5253,2587301996231,2587302199503,348003840,480,0,2
5254,2587302151881,2587302294761,348004320,480,0,2
5255,2587302312635,2587302395261,348004800,480,0,2
5256,2587302312697,2587302495877,348005280,480,0,2
5257,2587302468448,2587302601246,348005760,480,0,2
5258,2587302468489,2587302697801,348006240,480,0,2
5259,2587302628473,2587302802025,348006720,480,0,2
5260,2587302783135,2587302902125,348007200,480,0,2
5261,2587302783168,2587302997861,348007680,480,0,2
5262,2587302940408,2587303093020,348008160,480,0,2
5263,2587303099228,2587303193133,348008640,480,0,2
5264,2587303099260,2587303298605,348009120,480,0,2
5265,2587303255968,2587303393782,348009600,480,0,2
5266,2587303417712,2587303501702,348010080,480,0,2
5267,2587303417763,2587303597179,348010560,480,0,2
5268,2587303587361,2587303702327,348011040,480,0,2
5269,2587303587436,2587303797614,348011520,480,0,2
5270,2587303736427,2587303895457,348012000,480,0,2
5271,2587303898905,2587303996134,348012480,480,0,2
5272,2587303898946,2587304101540,348012960,480,0,2
5273,2587304058682,2587304197029,348013440,480,0,2
5274,2587304214914,2587304297147,348013920,480,0,2
5275,2587304214964,2587304397707,348014400,480,0,2
5276,2587304374271,2587304498565,348014880,480,0,2
5277,2587304374322,2587304593554,348015360,480,0,2
5278,2587304531204,2587304699056,348015840,480,0,2
5279,2587304686369,2587304794460,348016320,480,0,2
5280,2587304686422,2587304894500,348016800,480,0,2
5281,2587304842126,2587305000375,348017280,480,0,2
5282,2587305002455,2587305095363,348017760,480,0,2
5283,2587305002510,2587305195600,348018240,480,0,2
5284,2587305162482,2587305300937,348018720,480,0,2
5285,2587305323064,2587305401630,348019200,480,0,2
5286,2587305323088,2587305497043,348019680,480,0,2
5287,2587305484633,2587305602393,348020160,480,0,2
5288,2587305484691,2587305697966,348020640,480,0,2
5289,2587305640800,2587305793080,348021120,480,0,2
5290,2587305795371,2587305898587,348021600,480,0,2
5291,2587305795423,2587305998926,348022080,480,0,2
5292,2587305961205,2587306094096,348022560,480,0,2
5293,2587306120952,2587306199595,348023040,480,0,2
5294,2587306120988,2587306294774,348023520,480,0,2
5295,2587306281638,2587306395194,348024000,480,0,2
5296,2587306281695,2587306495842,348024480,480,0,2
5297,2587306443292,2587306601533,348024960,480,0,2
5298,2587306598702,2587306696694,348025440,480,0,2
5299,2587306598766,2587306802125,348025920,480,0,2
5300,2587306753714,2587306897493,348026400,480,0,2
5301,2587306908475,2587306997763,348026880,480,0,2
5302,2587306908522,2587307093440,348027360,480,0,2
5303,2587307065360,2587307198566,348027840,480,0,2
5304,2587307065413,2587307293699,348028320,480,0,2
5305,2587307225469,2587307393994,348028800,480,0,2
5306,2587307385719,2587307500108,348029280,480,0,2
5307,2587307385766,2587307594861,348029760,480,0,2
5308,2587307541768,2587307700188,348030240,480,0,2
5309,2587307702999,2587307795710,348030720,480,0,2
5310,2587307703044,2587307901558,348031200,480,0,2
5311,2587307858922,2587307996913,348031680,480,0,2
5312,2587308014199,2587308102442,348032160,480,0,2
5313,2587308014246,2587308197541,348032640,480,0,2
5314,2587308165894,2587308293185,348033120,480,0,2
5315,2587308165961,2587308393483,348033600,480,0,2
5316,2587308316375,2587308499272,348034080,480,0,2
5317,2587308473553,2587308594682,348034560,480,0,2
5318,2587308473618,2587308700869,348035040,480,0,2
5319,2587308626905,2587308795740,348035520,480,0,2
5320,2587308782613,2587308901240,348036000,480,0,2
5321,2587308782660,2587308997033,348036480,480,0,2
5322,2587308939757,2587309102355,348036960,480,0,2
5323,2587309099980,2587309202597,348037440,480,0,2
5324,2587309100021,2587309297923,348037920,480,0,2
5325,2587309254180,2587309398323,348038400,480,0,2
5326,2587309416159,2587309501626,348038880,480,0,2
5327,2587309416221,2587309598024,348039360,480,0,2
5328,2587309571674,2587309702832,348039840,480,0,2
5329,2587309571740,2587309798031,348040320,480,0,2
5330,2587309725780,2587309898501,348040800,480,0,2
5331,2587309885506,2587309998799,348041280,480,0,2
5332,2587309885572,2587310094293,348041760,480,0,2
5333,2587310050871,2587310195091,348042240,480,0,2
5334,2587310206012,2587310300616,348042720,480,0,2
5335,2587310206077,2587310397794,348043200,480,0,2
5336,2587310361097,2587310499271,348043680,480,0,2
5337,2587310510997,2587310593916,348044160,480,0,2
5338,2587310511044,2587310699264,348044640,480,0,2
5339,2587310665743,2587310794439,348045120,480,0,2
5340,2587310665799,2587310894744,348045600,480,0,2
5341,2587310827345,2587311000351,348046080,480,0,2
5342,2587310981888,2587311095490,348046560,480,0,2
5343,2587310981936,2587311200887,348047040,480,0,2
5344,2587311137959,2587311296079,348047520,480,0,2
5345,2587311293526,2587311401953,348048000,480,0,2
5346,2587311293584,2587311497319,348048480,480,0,2
5347,2587311444285,2587311602962,348048960,480,0,2
5348,2587311599778,2587311698369,348049440,480,0,2
5349,2587311599820,2587311793277,348049920,480,0,2
5350,2587311754140,2587311893752,348050400,480,0,2
5351,2587311910426,2587311999090,348050880,480,0,2
5352,2587311910630,2587312094454,348051360,480,0,2
5353,2587312061837,2587312199997,348051840,480,0,2
5354,2587312223949,2587312295165,348052320,480,0,2
5355,2587312224000,2587312395598,348052800,480,0,2
5356,2587312372650,2587312496002,348053280,480,0,2
5357,2587312372713,2587312601579,348053760,480,0,2
5358,2587312528550,2587312696997,348054240,480,0,2
5359,2587312686205,2587312802218,348054720,480,0,2
5360,2587312686254,2587312898261,348055200,480,0,2
5361,2587312840131,2587312998819,348055680,480,0,2
5362,2587312995813,2587313093841,348056160,480,0,2
5363,2587312996012,2587313199425,348056640,480,0,2
5364,2587313151320,2587313294413,348057120,480,0,2
5365,2587313306002,2587313394841,348057600,480,0,2
5366,2587313306060,2587313500907,348058080,480,0,2
5367,2587313456705,2587313595787,348058560,480,0,2
5368,2587313617268,2587313701349,348059040,480,0,2
5369,2587313617294,2587313796700,348059520,480,0,2
5370,2587313782585,2587313901983,348060000,480,0,2
5371,2587313782618,2587313997532,348060480,480,0,2
5372,2587313935968,2587314092886,348060960,480,0,2
5373,2587314089531,2587314198203,348061440,480,0,2
5374,2587314089595,2587314293399,348061920,480,0,2
5375,2587314255246,2587314393645,348062400,480,0,2
5376,2587314412768,2587314501267,348062880,480,0,2
5377,2587314412813,2587314596457,348063360,480,0,2
5378,2587314568831,2587314702204,348063840,480,0,2
5379,2587314568887,2587314797276,348064320,480,0,2
5380,2587314723720,2587314897476,348064800,480,0,2
5381,2587314885635,2587314998096,348065280,480,0,2
5382,2587314885703,2587315093137,348065760,480,0,2
5383,2587315039451,2587315198466,348066240,480,0,2
5384,2587315196093,2587315293778,348066720,480,0,2
5385,2587315196154,2587315394002,348067200,480,0,2
5386,2587315350930,2587315499633,348067680,480,0,2
5387,2587315506809,2587315594851,348068160,480,0,2
5388,2587315506847,2587315700119,348068640,480,0,2
5389,2587315661900,2587315795415,348069120,480,0,2
5390,2587315815482,2587315900936,348069600,480,0,2
5391,2587315815553,2587315996336,348070080,480,0,2
5392,2587315968213,2587316101811,348070560,480,0,2
5393,2587315968378,2587316197084,348071040,480,0,2
5394,2587316128632,2587316302301,348071520,480,0,2
5395,2587316283599,2587316397539,348072000,480,0,2
5396,2587316283651,2587316498550,348072480,480,0,2
5397,2587316435937,2587316594287,348072960,480,0,2
5398,2587316589894,2587316699275,348073440,480,0,2
5399,2587316589946,2587316794173,348073920,480,0,2
5400,2587316745396,2587316894508,348074400,480,0,2
5401,2587316902052,2587317000032,348074880,480,0,2
5402,2587316902088,2587317095488,348075360,480,0,2
5403,2587317057760,2587317200839,348075840,480,0,2
5404,2587317218717,2587317296086,348076320,480,0,2
5405,2587317218773,2587317402188,348076800,480,0,2
5406,2587317384376,2587317502647,348077280,480,0,2
5407,2587317384405,2587317597927,348077760,480,0,2
5408,2587317534256,2587317693329,348078240,480,0,2
5409,2587317695139,2587317798417,348078720,480,0,2
5410,2587317695399,2587317893696,348079200,480,0,2
5411,2587317850585,2587317999297,348079680,480,0,2
5412,2587318006001,2587318094581,348080160,480,0,2
5413,2587318006034,2587318194799,348080640,480,0,2
5414,2587318163287,2587318300426,348081120,480,0,2
5415,2587318316898,2587318400510,348081600,480,0,2
5416,2587318316958,2587318501030,348082080,480,0,2
5417,2587318472768,2587318596564,348082560,480,0,2
5418,2587318473307,2587318701708,348083040,480,0,2
5419,2587318629020,2587318797233,348083520,480,0,2
5420,2587318784588,2587318897712,348084000,480,0,2
5421,2587318784611,2587318998342,348084480,480,0,2
5422,2587318936700,2587319093616,348084960,480,0,2
5423,2587319086564,2587319199665,348085440,480,0,2
5424,2587319086648,2587319294728,348085920,480,0,2
5425,2587319242375,2587319395161,348086400,480,0,2
5426,2587319391791,2587319500799,348086880,480,0,2
5427,2587319391842,2587319596212,348087360,480,0,2
5428,2587319558582,2587319701446,348087840,480,0,2
5429,2587319713313,2587319797054,348088320,480,0,2
5430,2587319713355,2587319897270,348088800,480,0,2
5431,2587319876227,2587319997728,348089280,480,0,2
5432,2587319876262,2587320093109,348089760,480,0,2
5433,2587320034660,2587320193354,348090240,480,0,2
5434,2587320194597,2587320298953,348090720,480,0,2
5435,2587320194640,2587320399247,348091200,480,0,2
5436,2587320352525,2587320499808,348091680,480,0,2
5437,2587320505883,2587320595064,348092160,480,0,2
5438,2587320505937,2587320700688,348092640,480,0,2
5439,2587320661964,2587320795654,348093120,480,0,2
5440,2587320824299,2587320901428,348093600,480,0,2
5441,2587320824350,2587320997069,348094080,480,0,2
5442,2587320983555,2587321102143,348094560,480,0,2
5443,2587320983595,2587321202411,348095040,480,0,2
5444,2587321139346,2587321297974,348095520,480,0,2
5445,2587321295280,2587321398156,348096000,480,0,2
5446,2587321295358,2587321498770,348096480,480,0,2
5447,2587321460957,2587321593989,348096960,480,0,2
5448,2587321620684,2587321699292,348097440,480,0,2
5449,2587321620726,2587321794827,348097920,480,0,2
5450,2587321780669,2587321895667,348098400,480,0,2
5451,2587321780721,2587322000297,348098880,480,0,2
5452,2587321937865,2587322095568,348099360,480,0,2
5453,2587322096942,2587322201206,348099840,480,0,2
5454,2587322096983,2587322296223,348100320,480,0,2
5455,2587322252979,2587322401634,348100800,480,0,2
5456,2587322408977,2587322497513,348101280,480,0,2
5457,2587322409015,2587322602462,348101760,480,0,2
5458,2587322564607,2587322697760,348102240,480,0,2
5459,2587322725986,2587322793447,348102720,480,0,2
5460,2587322726044,2587322893275,348103200,480,0,2
5461,2587322886734,2587322999333,348103680,480,0,2
5462,2587322886800,2587323094091,348104160,480,0,2
5463,2587323039748,2587323199574,348104640,480,0,2
5464,2587323192248,2587323294660,348105120,480,0,2
5465,2587323192318,2587323400638,348105600,480,0,2
5466,2587323348092,2587323495715,348106080,480,0,2
5467,2587323502842,2587323601027,348106560,480,0,2
5468,2587323502904,2587323696429,348107040,480,0,2
5469,2587323657936,2587323801685,348107520,480,0,2
5470,2587323815090,2587323901962,348108000,480,0,2
5471,2587323815151,2587323997719,348108480,480,0,2
5472,2587323969434,2587324092995,348108960,480,0,2
5473,2587323969480,2587324198347,348109440,480,0,2
5474,2587324129356,2587324293531,348109920,480,0,2
5475,2587324285813,2587324393783,348110400,480,0,2
5476,2587324285870,2587324499538,348110880,480,0,2
5477,2587324436661,2587324594704,348111360,480,0,2
5478,2587324586283,2587324700202,348111840,480,0,2
5479,2587324586342,2587324795625,348112320,480,0,2
5480,2587324741749,2587324901150,348112800,480,0,2
5481,2587324898747,2587324996714,348113280,480,0,2
5482,2587324898777,2587325101976,348113760,480,0,2
5483,2587325058689,2587325197472,348114240,480,0,2
5484,2587325220104,2587325302546,348114720,480,0,2
5485,2587325220158,2587325398358,348115200,480,0,2
5486,2587325375720,2587325499107,348115680,480,0,2
5487,2587325375789,2587325594218,348116160,480,0,2
5488,2587325531829,2587325699847,348116640,480,0,2
5489,2587325687326,2587325795301,348117120,480,0,2
5490,2587325687381,2587325895338,348117600,480,0,2
5491,2587325850292,2587325995730,348118080,480,0,2
5492,2587326004879,2587326101538,348118560,480,0,2
5493,2587326004949,2587326197097,348119040,480,0,2
5494,2587326160672,2587326302125,348119520,480,0,2
5495,2587326314685,2587326397646,348120000,480,0,2
5496,2587326314737,2587326498415,348120480,480,0,2
5497,2587326469915,2587326593548,348120960,480,0,2
5498,2587326625996,2587326699499,348121440,480,0,2
5499,2587326626039,2587326799607,348121920,480,0,2
5500,2587326781911,2587326899833,348122400,480,0,2
5501,2587326781960,2587327000273,348122880,480,0,2
5502,2587326937378,2587327095513,348123360,480,0,2
5503,2587327099255,2587327200864,348123840,480,0,2
5504,2587327099295,2587327296218,348124320,480,0,2
5505,2587327253583,2587327401612,348124800,480,0,2
5506,2587327412327,2587327498829,348125280,480,0,2
5507,2587327412373,2587327593915,348125760,480,0,2
5508,2587327565467,2587327699476,348126240,480,0,2
5509,2587327725204,2587327795985,348126720,480,0,2
5510,2587327725230,2587327894833,348127200,480,0,2
5511,2587327883757,2587328000284,348127680,480,0,2
5512,2587327883816,2587328095835,348128160,480,0,2
5513,2587328043130,2587328201413,348128640,480,0,2
5514,2587328198126,2587328296566,348129120,480,0,2
5515,2587328198172,2587328401955,348129600,480,0,2
5516,2587328349642,2587328497772,348130080,480,0,2
5517,2587328504272,2587328602591,348130560,480,0,2
5518,2587328504319,2587328697843,348131040,480,0,2
5519,2587328659416,2587328793532,348131520,480,0,2
5520,2587328815081,2587328893440,348132000,480,0,2
5521,2587328815123,2587328998849,348132480,480,0,2
5522,2587328971166,2587329094033,348132960,480,0,2
5523,2587328971226,2587329199448,348133440,480,0,2
5524,2587329130637,2587329294554,348133920,480,0,2
5525,2587329281409,2587329394913,348134400,480,0,2
5526,2587329281443,2587329500353,348134880,480,0,2
5527,2587329437106,2587329595767,348135360,480,0,2
5528,2587329597958,2587329701185,348135840,480,0,2
5529,2587329598005,2587329796250,348136320,480,0,2
5530,2587329752262,2587329901710,348136800,480,0,2
5531,2587329910728,2587329998650,348137280,480,0,2
5532,2587329910793,2587330093677,348137760,480,0,2
5533,2587330065464,2587330199061,348138240,480,0,2
5534,2587330065529,2587330294350,348138720,480,0,2
5535,2587330222073,2587330394686,348139200,480,0,2
5536,2587330382236,2587330500593,348139680,480,0,2
5537,2587330382301,2587330595561,348140160,480,0,2
5538,2587330542453,2587330700884,348140640,480,0,2
5539,2587330697636,2587330796096,348141120,480,0,2
5540,2587330697697,2587330901639,348141600,480,0,2
5541,2587330849723,2587330997266,348142080,480,0,2
5542,2587331003936,2587331102410,348142560,480,0,2
5543,2587331003969,2587331197894,348143040,480,0,2
5544,2587331159788,2587331292991,348143520,480,0,2
5545,2587331315497,2587331398322,348144000,480,0,2
5546,2587331315542,2587331499041,348144480,480,0,2
5547,2587331471486,2587331594049,348144960,480,0,2
5548,2587331471547,2587331699727,348145440,480,0,2
5549,2587331625818,2587331794645,348145920,480,0,2
5550,2587331781959,2587331900386,348146400,480,0,2
5551,2587331782001,2587332000667,348146880,480,0,2
5552,2587331937395,2587332096052,348147360,480,0,2
5553,2587332098186,2587332201259,348147840,480,0,2
5554,2587332098234,2587332296466,348148320,480,0,2
5555,2587332253161,2587332402133,348148800,480,0,2
5556,2587332408015,2587332497306,348149280,480,0,2
5557,2587332408037,2587332602979,348149760,480,0,2
5558,2587332558953,2587332698057,348150240,480,0,2
5559,2587332715606,2587332793081,348150720,480,0,2
5560,2587332715640,2587332893370,348151200,480,0,2
5561,2587332865778,2587332998986,348151680,480,0,2
5562,2587332865841,2587333094116,348152160,480,0,2
5563,2587333020954,2587333199387,348152640,480,0,2
5564,2587333171166,2587333294597,348153120,480,0,2
5565,2587333171243,2587333400130,348153600,480,0,2
5566,2587333321655,2587333495533,348154080,480,0,2
5567,2587333483104,2587333601674,348154560,480,0,2
5568,2587333483182,2587333696179,348155040,480,0,2
5569,2587333638046,2587333801461,348155520,480,0,2
5570,2587333793973,2587333901903,348156000,480,0,2
5571,2587333794009,2587333997300,348156480,480,0,2
5572,2587333959187,2587334102799,348156960,480,0,2
5573,2587334119646,2587334198106,348157440,480,0,2
5574,2587334119694,2587334293289,348157920,480,0,2
5575,2587334285322,2587334398552,348158400,480,0,2
5576,2587334285374,2587334499144,348158880,480,0,2
5577,2587334436142,2587334594229,348159360,480,0,2
5578,2587334596871,2587334699503,348159840,480,0,2
5579,2587334596914,2587334794671,348160320,480,0,2
5580,2587334750608,2587334900184,348160800,480,0,2
5581,2587334902493,2587335000919,348161280,480,0,2
5582,2587334902531,2587335095747,348161760,480,0,2
5583,2587335062095,2587335201100,348162240,480,0,2
5584,2587335217895,2587335296213,348162720,480,0,2
5585,2587335217922,2587335402001,348163200,480,0,2
5586,2587335373815,2587335497341,348163680,480,0,2
5587,2587335373868,2587335602705,348164160,480,0,2
5588,2587335529727,2587335698153,348164640,480,0,2
5589,2587335684370,2587335793097,348165120,480,0,2
5590,2587335684421,2587335893641,348165600,480,0,2
5591,2587335836458,2587335999094,348166080,480,0,2
5592,2587335995493,2587336094367,348166560,480,0,2
5593,2587335995537,2587336199585,348167040,480,0,2
5594,2587336162277,2587336294770,348167520,480,0,2
5595,2587336316480,2587336400552,348168000,480,0,2
5596,2587336316507,2587336501047,348168480,480,0,2
5597,2587336474330,2587336596551,348168960,480,0,2
5598,2587336474391,2587336701754,348169440,480,0,2
5599,2587336627905,2587336796734,348169920,480,0,2
5600,2587336784787,2587336897845,348170400,480,0,2
5601,2587336784830,2587336998254,348170880,480,0,2
5602,2587336944922,2587337093392,348171360,480,0,2
5603,2587337100424,2587337198973,348171840,480,0,2
5604,2587337100475,2587337293924,348172320,480,0,2
5605,2587337256034,2587337394376,348172800,480,0,2
5606,2587337413374,2587337501825,348173280,480,0,2
5607,2587337413672,2587337597036,348173760,480,0,2
5608,2587337567707,2587337702284,348174240,480,0,2
5609,2587337723266,2587337797589,348174720,480,0,2
5610,2587337723291,2587337898021,348175200,480,0,2
5611,2587337874833,2587337998320,348175680,480,0,2
5612,2587337874876,2587338093768,348176160,480,0,2
5613,2587338031602,2587338198963,348176640,480,0,2
5614,2587338186104,2587338294168,348177120,480,0,2
5615,2587338186153,2587338394429,348177600,480,0,2
5616,2587338336366,2587338500214,348178080,480,0,2
5617,2587338503127,2587338595431,348178560,480,0,2
5618,2587338503188,2587338701337,348179040,480,0,2
5619,2587338658046,2587338796059,348179520,480,0,2
5620,2587338814292,2587338902423,348180000,480,0,2
5621,2587338814327,2587338997492,348180480,480,0,2
5622,2587338969456,2587339102759,348180960,480,0,2
5623,2587338969514,2587339198192,348181440,480,0,2
5624,2587339120531,2587339293384,348181920,480,0,2
5625,2587339286786,2587339393629,348182400,480,0,2
5626,2587339286940,2587339499528,348182880,480,0,2
5627,2587339445720,2587339595077,348183360,480,0,2
5628,2587339608097,2587339699994,348183840,480,0,2
5629,2587339608167,2587339800492,348184320,480,0,2
5630,2587339761574,2587339901106,348184800,480,0,2
5631,2587339925503,2587340001463,348185280,480,0,2
5632,2587339925558,2587340096523,348185760,480,0,2
5633,2587340086511,2587340202194,348186240,480,0,2
5634,2587340086566,2587340297325,348186720,480,0,2
5635,2587340242561,2587340394694,348187200,480,0,2
5636,2587340396773,2587340500373,348187680,480,0,2
5637,2587340396811,2587340600647,348188160,480,0,2
5638,2587340562642,2587340695809,348188640,480,0,2
5639,2587340722856,2587340801353,348189120,480,0,2
5640,2587340722895,2587340901447,348189600,480,0,2
5641,2587340883522,2587341001938,348190080,480,0,2
5642,2587340883571,2587341097317,348190560,480,0,2
5643,2587341044467,2587341202611,348191040,480,0,2
5644,2587341206081,2587341297949,348191520,480,0,2
5645,2587341206126,2587341398183,348192000,480,0,2
5646,2587341360566,2587341493728,348192480,480,0,2
5647,2587341521506,2587341594024,348192960,480,0,2
5648,2587341521548,2587341699609,348193440,480,0,2
5649,2587341671310,2587341794745,348193920,480,0,2
5650,2587341671367,2587341895102,348194400,480,0,2
5651,2587341830766,2587342000692,348194880,480,0,2
5652,2587341982796,2587342096070,348195360,480,0,2
5653,2587341982910,2587342201119,348195840,480,0,2
5654,2587342138613,2587342296470,348196320,480,0,2
5655,2587342294605,2587342402180,348196800,480,0,2
5656,2587342294661,2587342497302,348197280,480,0,2
5657,2587342458255,2587342602752,348197760,480,0,2
5658,2587342610740,2587342697874,348198240,480,0,2
5659,2587342610798,2587342798128,348198720,480,0,2
5660,2587342770545,2587342893436,348199200,480,0,2
5661,2587342770580,2587342999156,348199680,480,0,2
5662,2587342925722,2587343094337,348200160,480,0,2
5663,2587343081398,2587343199750,348200640,480,0,2
5664,2587343081446,2587343294790,348201120,480,0,2
5665,2587343238788,2587343397173,348201600,480,0,2
5666,2587343389641,2587343498092,348202080,480,0,2
5667,2587343389685,2587343593186,348202560,480,0,2
5668,2587343549748,2587343698411,348203040,480,0,2
5669,2587343706070,2587343793654,348203520,480,0,2
5670,2587343706111,2587343893960,348204000,480,0,2
5671,2587343862661,2587343999482,348204480,480,0,2
5672,2587344016592,2587344100143,348204960,480,0,2
5673,2587344016631,2587344195109,348205440,480,0,2
5674,2587344172944,2587344300915,348205920,480,0,2
5675,2587344173021,2587344400816,348206400,480,0,2
5676,2587344338498,2587344496187,348206880,480,0,2
5677,2587344493410,2587344601497,348207360,480,0,2
5678,2587344493478,2587344697013,348207840,480,0,2
5679,2587344648650,2587344797142,348208320,480,0,2
5680,2587344804838,2587344897715,348208800,480,0,2
5681,2587344804873,2587344998613,348209280,480,0,2
5682,2587344961387,2587345093479,348209760,480,0,2
5683,2587345119649,2587345198991,348210240,480,0,2
5684,2587345119688,2587345294030,348210720,480,0,2
5685,2587345281736,2587345394501,348211200,480,0,2
5686,2587345281783,2587345500463,348211680,480,0,2
5687,2587345437665,2587345595584,348212160,480,0,2
5688,2587345588932,2587345700953,348212640,480,0,2
5689,2587345588990,2587345796206,348213120,480,0,2
5690,2587345752075,2587345902105,348213600,480,0,2
5691,2587345909520,2587345998423,348214080,480,0,2
5692,2587345909562,2587346094080,348214560,480,0,2
5693,2587346061335,2587346199484,348215040,480,0,2
5694,2587346221623,2587346294568,348215520,480,0,2
5695,2587346221668,2587346395167,348216000,480,0,2
5696,2587346382410,2587346500844,348216480,480,0,2
5697,2587346382461,2587346595755,348216960,480,0,2
5698,2587346542146,2587346702648,348217440,480,0,2
5699,2587346699054,2587346796539,348217920,480,0,2
5700,2587346699107,2587346901920,348218400,480,0,2
5701,2587346849283,2587346997581,348218880,480,0,2
5702,2587347004671,2587347103108,348219360,480,0,2
5703,2587347004731,2587347198086,348219840,480,0,2
5704,2587347158804,2587347293201,348220320,480,0,2
5705,2587347315078,2587347393641,348220800,480,0,2
5706,2587347315121,2587347499610,348221280,480,0,2
5707,2587347473211,2587347594817,348221760,480,0,2
5708,2587347473292,2587347700303,348222240,480,0,2
5709,2587347626926,2587347795479,348222720,480,0,2
5710,2587347782696,2587347901217,348223200,480,0,2
5711,2587347782754,2587348001423,348223680,480,0,2
5712,2587347941434,2587348096924,348224160,480,0,2
5713,2587348099401,2587348202175,348224640,480,0,2
5714,2587348099449,2587348297253,348225120,480,0,2
5715,2587348254963,2587348397836,348225600,480,0,2
5716,2587348411501,2587348500046,348226080,480,0,2
5717,2587348411525,2587348595414,348226560,480,0,2
5718,2587348566041,2587348701681,348227040,480,0,2
5719,2587348723086,2587348795929,348227520,480,0,2
5720,2587348723144,2587348901533,348228000,480,0,2
5721,2587348883433,2587348996799,348228480,480,0,2
5722,2587348883499,2587349102271,348228960,480,0,2
5723,2587349039160,2587349197858,348229440,480,0,2
5724,2587349200269,2587349292708,348229920,480,0,2
5725,2587349200323,2587349398025,348230400,480,0,2
5726,2587349361174,2587349498799,348230880,480,0,2
5727,2587349520414,2587349594153,348231360,480,0,2
5728,2587349520488,2587349699647,348231840,480,0,2
5729,2587349675919,2587349794717,348232320,480,0,2
5730,2587349675963,2587349900335,348232800,480,0,2
5731,2587349826561,2587350000530,348233280,480,0,2
5732,2587349982236,2587350095964,348233760,480,0,2
5733,2587349982283,2587350201237,348234240,480,0,2
5734,2587350139015,2587350296292,348234720,480,0,2
5735,2587350293603,2587350402306,348235200,480,0,2
5736,2587350293638,2587350497530,348235680,480,0,2
5737,2587350444885,2587350592896,348236160,480,0,2
5738,2587350599879,2587350698376,348236640,480,0,2
5739,2587350599933,2587350793502,348237120,480,0,2
5740,2587350755142,2587350893933,348237600,480,0,2
5741,2587350910245,2587350999920,348238080,480,0,2
5742,2587350910268,2587351094873,348238560,480,0,2
5743,2587351066770,2587351200305,348239040,480,0,2
5744,2587351217628,2587351297049,348239520,480,0,2
5745,2587351217675,2587351401286,348240000,480,0,2
5746,2587351375153,2587351496908,348240480,480,0,2
5747,2587351375229,2587351602229,348240960,480,0,2
5748,2587351543884,2587351697859,348241440,480,0,2
5749,2587351701704,2587351794771,348241920,480,0,2
5750,2587351704415,2587351893564,348242400,480,0,2
5751,2587351850900,2587352000147,348242880,480,0,2
5752,2587352013112,2587352095282,348243360,480,0,2
5753,2587352013157,2587352201321,348243840,480,0,2
5754,2587352176887,2587352295951,348244320,480,0,2
5755,2587352176963,2587352401842,348244800,480,0,2
5756,2587352332106,2587352497383,348245280,480,0,2
5757,2587352466451,2587352602918,348245760,480,0,2
5758,2587352617300,2587352694855,348246240,480,0,2
5759,2587352617362,2587352799169,348246720,480,0,2
5760,2587352778909,2587352899395,348247200,480,0,2
5761,2587352778964,2587353002702,348247680,480,0,2
5762,2587352928657,2587353100687,348248160,480,0,2
5763,2587353082528,2587353195738,348248640,480,0,2
5764,2587353082558,2587353301040,348249120,480,0,2
5765,2587353239743,2587353398025,348249600,480,0,2
5766,2587353391038,2587353499203,348250080,480,0,2
5767,2587353391092,2587353594340,348250560,480,0,2
5768,2587353544217,2587353699978,348251040,480,0,2
5769,2587353702490,2587353794967,348251520,480,0,2
5770,2587353702554,2587353900924,348252000,480,0,2
5771,2587353863085,2587354001384,348252480,480,0,2
5772,2587354023578,2587354096654,348252960,480,0,2
5773,2587354023605,2587354202509,348253440,480,0,2
5774,2587354184881,2587354297709,348253920,480,0,2
5775,2587354184927,2587354398392,348254400,480,0,2
5776,2587354347403,2587354499293,348254880,480,0,2
5777,2587354506728,2587354599668,348255360,480,0,2
5778,2587354506772,2587354694903,348255840,480,0,2
5779,2587354663179,2587354800332,348256320,480,0,2
5780,2587354822326,2587354900946,348256800,480,0,2
5781,2587354822385,2587354996366,348257280,480,0,2
5782,2587354984062,2587355102087,348257760,480,0,2
5783,2587354984101,2587355197384,348258240,480,0,2
5784,2587355144206,2587355293013,348258720,480,0,2
5785,2587355295300,2587355398131,348259200,480,0,2
5786,2587355295343,2587355499103,348259680,480,0,2
5787,2587355448748,2587355594207,348260160,480,0,2
5788,2587355608384,2587355699716,348260640,480,0,2
5789,2587355608423,2587355800301,348261120,480,0,2
5790,2587355760887,2587355900415,348261600,480,0,2
5791,2587355923114,2587356000786,348262080,480,0,2
5792,2587355923160,2587356101201,348262560,480,0,2
5793,2587356082108,2587356196300,348263040,480,0,2
5794,2587356082162,2587356301855,348263520,480,0,2
5795,2587356239959,2587356393929,348264000,480,0,2
5796,2587356391331,2587356499641,348264480,480,0,2
5797,2587356391396,2587356594826,348264960,480,0,2
5798,2587356551489,2587356701591,348265440,480,0,2
5799,2587356704709,2587356795387,348265920,480,0,2
5800,2587356704774,2587356901051,348266400,480,0,2
5801,2587356862838,2587357001511,348266880,480,0,2
5802,2587357017912,2587357101826,348267360,480,0,2
5803,2587357017961,2587357196913,348267840,480,0,2
5804,2587357184898,2587357302393,348268320,480,0,2
5805,2587357184976,2587357397678,348268800,480,0,2
5806,2587357339945,2587357498575,348269280,480,0,2
5807,2587357494999,2587357593524,348269760,480,0,2
5808,2587357495026,2587357698973,348270240,480,0,2
5809,2587357650184,2587357794076,348270720,480,0,2
5810,2587357808196,2587357894448,348271200,480,0,2
5811,2587357808250,2587358000041,348271680,480,0,2
5812,2587357961784,2587358100349,348272160,480,0,2
5813,2587358117191,2587358195480,348272640,480,0,2
5814,2587358117250,2587358295883,348273120,480,0,2
5815,2587358269263,2587358401205,348273600,480,0,2
5816,2587358269312,2587358496648,348274080,480,0,2
5817,2587358424214,2587358601971,348274560,480,0,2
5818,2587358573071,2587358698140,348275040,480,0,2
5819,2587358734623,2587358802782,348275520,480,0,2
5820,2587358734663,2587358898129,348276000,480,0,2
5821,2587358889797,2587358998473,348276480,480,0,2
5822,2587358889843,2587359093642,348276960,480,0,2
5823,2587359040674,2587359199211,348277440,480,0,2
5824,2587359196182,2587359294231,348277920,480,0,2
5825,2587359196255,2587359394557,348278400,480,0,2
5826,2587359352133,2587359500915,348278880,480,0,2
5827,2587359512308,2587359595659,348279360,480,0,2
5828,2587359512358,2587359700973,348279840,480,0,2
5829,2587359675321,2587359795971,348280320,480,0,2
5830,2587359675382,2587359901643,348280800,480,0,2
5831,2587359828165,2587360002017,348281280,480,0,2
5832,2587359983738,2587360097299,348281760,480,0,2
5833,2587359983788,2587360202587,348282240,480,0,2
5834,2587360140439,2587360298149,348282720,480,0,2
5835,2587360295920,2587360398305,348283200,480,0,2
5836,2587360295984,2587360499008,348283680,480,0,2
5837,2587360461147,2587360594331,348284160,480,0,2
5838,2587360621727,2587360699896,348284640,480,0,2
5839,2587360621766,2587360794749,348285120,480,0,2
5840,2587360780658,2587360895258,348285600,480,0,2
5841,2587360780702,2587360995617,348286080,480,0,2
5842,2587360943054,2587361101394,348286560,480,0,2
5843,2587361098624,2587361197022,348287040,480,0,2
5844,2587361098678,2587361302032,348287520,480,0,2
5845,2587361254201,2587361397530,348288000,480,0,2
5846,2587361411631,2587361500786,348288480,480,0,2
5847,2587361411682,2587361595065,348288960,480,0,2
5848,2587361561668,2587361700516,348289440,480,0,2
5849,2587361718830,2587361795633,348289920,480,0,2
5850,2587361718905,2587361896469,348290400,480,0,2
5851,2587361874783,2587361997080,348290880,480,0,2
5852,2587361874825,2587362102344,348291360,480,0,2
5853,2587362029939,2587362197628,348291840,480,0,2
5854,2587362183880,2587362292888,348292320,480,0,2
5855,2587362183928,2587362398068,348292800,480,0,2
5856,2587362343010,2587362499004,348293280,480,0,2
5857,2587362496801,2587362594294,348293760,480,0,2
5858,2587362496895,2587362700102,348294240,480,0,2
5859,2587362660738,2587362794790,348294720,480,0,2
5860,2587362822327,2587362900314,348295200,480,0,2
5861,2587362822523,2587362996352,348295680,480,0,2
5862,2587362982810,2587363101287,348296160,480,0,2
5863,2587362982850,2587363196472,348296640,480,0,2
5864,2587363139754,2587363301944,348297120,480,0,2
5865,2587363294334,2587363397312,348297600,480,0,2
5866,2587363294387,2587363498363,348298080,480,0,2
5867,2587363444232,2587363593347,348298560,480,0,2
5868,2587363605940,2587363699040,348299040,480,0,2
5869,2587363605988,2587363799108,348299520,480,0,2
5870,2587363759923,2587363899695,348300000,480,0,2
5871,2587363922554,2587363999961,348300480,480,0,2
5872,2587363922609,2587364100143,348300960,480,0,2
5873,2587364082268,2587364195569,348301440,480,0,2
5874,2587364082323,2587364301191,348301920,480,0,2
5875,2587364239990,2587364398080,348302400,480,0,2
5876,2587364391314,2587364499020,348302880,480,0,2
5877,2587364391346,2587364594122,348303360,480,0,2
5878,2587364541298,2587364699931,348303840,480,0,2
5879,2587364697510,2587364794999,348304320,480,0,2
5880,2587364697558,2587364895171,348304800,480,0,2
5881,2587364862910,2587364995727,348305280,480,0,2
5882,2587365017910,2587365101372,348305760,480,0,2
5883,2587365018086,2587365196740,348306240,480,0,2
5884,2587365175056,2587365301679,348306720,480,0,2
5885,2587365175122,2587365402123,348307200,480,0,2
5886,2587365338902,2587365498096,348307680,480,0,2
5887,2587365494711,2587365593115,348308160,480,0,2
5888,2587365494787,2587365698516,348308640,480,0,2
5889,2587365650199,2587365793719,348309120,480,0,2
5890,2587365807862,2587365893857,348309600,480,0,2
5891,2587365807926,2587365999718,348310080,480,0,2
5892,2587365961342,2587366100149,348310560,480,0,2
5893,2587366118696,2587366195071,348311040,480,0,2
5894,2587366118764,2587366300881,348311520,480,0,2
5895,2587366269799,2587366401199,348312000,480,0,2
5896,2587366269848,2587366496708,348312480,480,0,2
5897,2587366423991,2587366602475,348312960,480,0,2
5898,2587366574648,2587366698400,348313440,480,0,2
5899,2587366574708,2587366792952,348313920,480,0,2
5900,2587366734466,2587366898320,348314400,480,0,2
5901,2587366895721,2587366998864,348314880,480,0,2
5902,2587366895768,2587367099219,348315360,480,0,2
5903,2587367061101,2587367194239,348315840,480,0,2
5904,2587367221285,2587367299556,348316320,480,0,2
5905,2587367221334,2587367399910,348316800,480,0,2
5906,2587367381666,2587367501157,348317280,480,0,2
5907,2587367381707,2587367595613,348317760,480,0,2
5908,2587367542816,2587367700973,348318240,480,0,2
5909,2587367702887,2587367796327,348318720,480,0,2
5910,2587367702959,2587367901633,348319200,480,0,2
5911,2587367859761,2587368001875,348319680,480,0,2
5912,2587368015632,2587368097533,348320160,480,0,2
5913,2587368015686,2587368202645,348320640,480,0,2
5914,2587368169998,2587368298013,348321120,480,0,2
5915,2587368170050,2587368393608,348321600,480,0,2
5916,2587368327344,2587368500676,348322080,480,0,2
5917,2587368483677,2587368595833,348322560,480,0,2
5918,2587368483707,2587368701527,348323040,480,0,2
5919,2587368639544,2587368796375,348323520,480,0,2
5920,2587368795096,2587368902139,348324000,480,0,2
5921,2587368795155,2587368997665,348324480,480,0,2
5922,2587368959955,2587369103332,348324960,480,0,2
5923,2587369120394,2587369198107,348325440,480,0,2
5924,2587369120426,2587369293309,348325920,480,0,2
5925,2587369273048,2587369393705,348326400,480,0,2
5926,2587369273102,2587369500038,348326880,480,0,2
5927,2587369427010,2587369594628,348327360,480,0,2
5928,2587369581722,2587369700050,348327840,480,0,2
5929,2587369581776,2587369795175,348328320,480,0,2
5930,2587369737557,2587369902121,348328800,480,0,2
5931,2587369899701,2587369997793,348329280,480,0,2
5932,2587369899773,2587370093224,348329760,480,0,2
5933,2587370059602,2587370198689,348330240,480,0,2
5934,2587370220856,2587370293602,348330720,480,0,2
5935,2587370220917,2587370393866,348331200,480,0,2
5936,2587370381288,2587370500304,348331680,480,0,2
5937,2587370381334,2587370595465,348332160,480,0,2
5938,2587370542022,2587370701256,348332640,480,0,2
5939,2587370703066,2587370795789,348333120,480,0,2
5940,2587370703123,2587370901296,348333600,480,0,2
5941,2587370858316,2587370996765,348334080,480,0,2
5942,2587371020676,2587371102787,348334560,480,0,2
5943,2587371020729,2587371197372,348335040,480,0,2
5944,2587371184689,2587371302670,348335520,480,0,2
5945,2587371184731,2587371398041,348336000,480,0,2
5946,2587371339920,2587371498958,348336480,480,0,2
5947,2587371495984,2587371594028,348336960,480,0,2
5948,2587371496045,2587371699479,348337440,480,0,2
5949,2587371661536,2587371799698,348337920,480,0,2
5950,2587371818768,2587371900275,348338400,480,0,2
5951,2587371818820,2587372000592,348338880,480,0,2
5952,2587371982169,2587372100749,348339360,480,0,2
5953,2587371982190,2587372196101,348339840,480,0,2
5954,2587372138448,2587372301761,348340320,480,0,2
5955,2587372294512,2587372401775,348340800,480,0,2
5956,2587372294573,2587372497251,348341280,480,0,2
5957,2587372459336,2587372602726,348341760,480,0,2
5958,2587372608859,2587372699349,348342240,480,0,2
5959,2587372608912,2587372793047,348342720,480,0,2
5960,2587372769178,2587372893280,348343200,480,0,2
5961,2587372921071,2587372999110,348343680,480,0,2
5962,2587372921114,2587373094153,348344160,480,0,2
5963,2587373076066,2587373199981,348344640,480,0,2
5964,2587373076098,2587373294586,348345120,480,0,2
5965,2587373230481,2587373394984,348345600,480,0,2
5966,2587373392229,2587373500895,348346080,480,0,2
5967,2587373392298,2587373595736,348346560,480,0,2
5968,2587373542457,2587373701163,348347040,480,0,2
5969,2587373695209,2587373796490,348347520,480,0,2
5970,2587373695273,2587373893747,348348000,480,0,2
5971,2587373860167,2587373998706,348348480,480,0,2
5972,2587374015190,2587374099209,348348960,480,0,2
5973,2587374015222,2587374194211,348349440,480,0,2
5974,2587374171713,2587374299884,348349920,480,0,2
5975,2587374171774,2587374399815,348350400,480,0,2
5976,2587374326606,2587374500156,348350880,480,0,2
5977,2587374482237,2587374595447,348351360,480,0,2
5978,2587374482280,2587374702496,348351840,480,0,2
5979,2587374638124,2587374795964,348352320,480,0,2
5980,2587374794572,2587374901380,348352800,480,0,2
5981,2587374794629,2587374996998,348353280,480,0,2
5982,2587374961109,2587375102326,348353760,480,0,2
5983,2587375119650,2587375197607,348354240,480,0,2
5984,2587375119703,2587375293031,348354720,480,0,2
5985,2587375285347,2587375398252,348355200,480,0,2
5986,2587375285406,2587375499044,348355680,480,0,2
5987,2587375446522,2587375594510,348356160,480,0,2
5988,2587375602095,2587375699495,348356640,480,0,2
5989,2587375602157,2587375794638,348357120,480,0,2
5990,2587375755745,2587375894972,348357600,480,0,2
5991,2587375922201,2587376000481,348358080,480,0,2
5992,2587375922245,2587376100587,348358560,480,0,2
5993,2587376082459,2587376195813,348359040,480,0,2
5994,2587376082514,2587376301373,348359520,480,0,2
5995,2587376239161,2587376398187,348360000,480,0,2
5996,2587376389430,2587376499058,348360480,480,0,2
5997,2587376389466,2587376593923,348360960,480,0,2
5998,2587376551098,2587376699880,348361440,480,0,2
