2026-09-25 19:17:20.352 [914566608153] launcher-cef log opened (pid 15036)
2026-09-25 19:17:20.352 [914566611486] NvLauncherCefMain entered (pid 15036)
2026-09-25 19:17:20.356 [914566645343] browser process path
2026-09-25 19:17:20.360 [914566692089] http://127.0.0.1:60132/ serving C:\My Project\NVIDIA-Shadowplay\build\NVIDIA ShadowPlay\NvOverlay\Cef\Resources\launcher
2026-09-25 19:17:20.361 [914566696737] navigating to http://127.0.0.1:60132/index.html
2026-09-25 19:17:20.613 [914569219291] launcher-cef log opened (pid 7896)
2026-09-25 19:17:20.613 [914569222379] NvLauncherCefMain entered (pid 7896)
2026-09-25 19:17:20.672 [914569803585] CefInitialize ok (window 1000x640)
2026-09-25 19:17:20.717 [914570258636] browser object created
2026-09-25 19:17:20.784 [914570923407] launcher-cef log opened (pid 27036)
2026-09-25 19:17:20.784 [914570926181] NvLauncherCefMain entered (pid 27036)
2026-09-25 19:17:24.223 [914605320809] page loaded url=http://127.0.0.1:60132/index.html httpStatus=200
2026-09-25 19:17:35.702 [914720112010] launcher-cef log opened (pid 5232)
2026-09-25 19:17:35.703 [914720117508] NvLauncherCefMain entered (pid 5232)
2026-09-25 19:17:36.299 [914726082776] subprocess exit code 0
2026-09-25 19:17:40.733 [914770416800] self-exit watchdog fired
2026-09-25 19:17:40.762 [914770714185] browser closed - quitting message loop
2026-09-25 19:17:40.896 [914772050964] host exit
2026-09-25 19:19:13.340 [915696488036] launcher-cef log opened (pid 7320)
2026-09-25 19:19:13.340 [915696490947] NvLauncherCefMain entered (pid 7320)
2026-09-25 19:19:13.340 [915696495049] browser process path
2026-09-25 19:19:13.343 [915696517674] http://127.0.0.1:62658/ serving C:\My Project\NVIDIA-Shadowplay\build\NVIDIA ShadowPlay\NvOverlay\Cef\Resources\launcher
2026-09-25 19:19:13.344 [915696522396] navigating to http://127.0.0.1:62658/index.html
2026-09-25 19:19:13.474 [915697823889] CefInitialize ok (window 1000x640)
2026-09-25 19:19:13.480 [915697891613] launcher-cef log opened (pid 27240)
2026-09-25 19:19:13.480 [915697896435] NvLauncherCefMain entered (pid 27240)
2026-09-25 19:19:13.510 [915698189441] browser object created
2026-09-25 19:19:13.587 [915698959307] launcher-cef log opened (pid 12504)
2026-09-25 19:19:13.588 [915698963800] NvLauncherCefMain entered (pid 12504)
2026-09-25 19:19:14.698 [915710068094] page loaded url=http://127.0.0.1:62658/index.html httpStatus=200
2026-09-25 19:19:22.537 [915788451726] config.json Overlay.UseOverlayEnabled = true
2026-09-25 19:19:23.090 [915793992645] config.json Overlay.UseOverlayEnabled = false
2026-09-25 19:19:23.410 [915797198063] config.json Overlay.EngineOverlayMode = true
2026-09-25 19:19:23.411 [915797204166] engine overlay chain: begin
2026-09-25 19:19:23.467 [915797761256] started: "C:\My Project\NVIDIA-Shadowplay\build\NVIDIA ShadowPlay\NvContainer\NvContainer.exe"
2026-09-25 19:19:23.522 [915798306354] started: "C:\My Project\NVIDIA-Shadowplay\build\NVIDIA ShadowPlay\NvBackend\NVIDIA Web Helper.exe"
2026-09-25 19:19:23.842 [915801511394] config.json Overlay.EngineOverlayMode = false
2026-09-25 19:19:28.488 [915847967473] launcher-cef log opened (pid 30848)
2026-09-25 19:19:28.488 [915847972544] NvLauncherCefMain entered (pid 30848)
2026-09-25 19:19:28.950 [915852594559] subprocess exit code 0
2026-09-25 19:19:29.707 [915860157246] started: "C:\My Project\NVIDIA-Shadowplay\build\NVIDIA ShadowPlay\NvOverlay\Cef\NVIDIA Share.exe" --backend-port 59001
2026-09-25 19:19:29.707 [915860163605] engine overlay chain: done
2026-09-25 19:20:43.481 [916597906310] self-exit watchdog fired
2026-09-25 19:20:43.500 [916598089511] browser closed - quitting message loop
2026-09-25 19:20:43.613 [916599220717] host exit
2026-09-25 19:20:57.509 [916738181206] launcher-cef log opened (pid 23988)
2026-09-25 19:20:57.510 [916738184224] NvLauncherCefMain entered (pid 23988)
2026-09-25 19:20:57.510 [916738188387] browser process path
2026-09-25 19:20:57.512 [916738207447] http://127.0.0.1:53809/ serving C:\My Project\NVIDIA-Shadowplay\build\NVIDIA ShadowPlay\NvOverlay\Cef\Resources\launcher
2026-09-25 19:20:57.512 [916738210582] navigating to http://127.0.0.1:53809/index.html
2026-09-25 19:20:57.642 [916739507757] CefInitialize ok (window 1000x640)
2026-09-25 19:20:57.655 [916739640313] launcher-cef log opened (pid 7136)
2026-09-25 19:20:57.655 [916739644296] NvLauncherCefMain entered (pid 7136)
2026-09-25 19:20:57.660 [916739690654] browser object created
2026-09-25 19:20:57.730 [916740392312] launcher-cef log opened (pid 31064)
2026-09-25 19:20:57.731 [916740396602] NvLauncherCefMain entered (pid 31064)
2026-09-25 19:20:58.814 [916751235579] page loaded url=http://127.0.0.1:53809/index.html httpStatus=200
2026-09-25 19:21:10.632 [916869409555] config.json Overlay.UseOverlayEnabled = true
2026-09-25 19:21:12.252 [916885608011] config.json Overlay.UseOverlayEnabled = false
2026-09-25 19:21:12.661 [916889696133] launcher-cef log opened (pid 17380)
2026-09-25 19:21:12.661 [916889701866] NvLauncherCefMain entered (pid 17380)
2026-09-25 19:21:12.980 [916892887666] subprocess exit code 0
2026-09-25 19:21:18.343 [916946521792] config.json Overlay.UseOverlayEnabled = true
2026-09-25 19:21:23.063 [916993724104] config.json Overlay.UseOverlayEnabled = false
2026-09-25 19:21:23.173 [916994833902] killed: nvsphelper64.exe pid 14480
2026-09-25 19:21:23.183 [916994931708] kill open failed: NvContainer.exe pid 4812 err 5
2026-09-25 19:21:23.185 [916994936909] kill open failed: NvContainer.exe pid 9392 err 5
2026-09-25 19:21:23.240 [916995490869] killed: NvContainer.exe pid 14752
2026-09-25 19:21:23.252 [916995608017] killed: NvContainer.exe pid 25396
2026-09-25 19:21:23.277 [916995861871] installer exit complete
2026-09-25 19:21:23.303 [916996120230] browser closed - quitting message loop
2026-09-25 19:21:23.372 [916996803761] host exit
2026-09-25 19:24:05.965 [918622745545] launcher-cef log opened (pid 13264)
2026-09-25 19:24:05.966 [918622749490] NvLauncherCefMain entered (pid 13264)
2026-09-25 19:24:05.966 [918622756637] browser process path
2026-09-25 19:24:05.969 [918622779100] http://127.0.0.1:54902/ serving C:\My Project\NVIDIA-Shadowplay\build\NVIDIA ShadowPlay\NvOverlay\Cef\Resources\launcher
2026-09-25 19:24:05.969 [918622783221] navigating to http://127.0.0.1:54902/index.html
2026-09-25 19:24:06.106 [918624151566] CefInitialize ok (window 1000x640)
2026-09-25 19:24:06.121 [918624300738] launcher-cef log opened (pid 24644)
2026-09-25 19:24:06.122 [918624308413] NvLauncherCefMain entered (pid 24644)
2026-09-25 19:24:06.133 [918624431210] browser object created
2026-09-25 19:24:06.214 [918625225965] launcher-cef log opened (pid 17472)
2026-09-25 19:24:06.214 [918625228905] NvLauncherCefMain entered (pid 17472)
2026-09-25 19:24:07.287 [918635963725] page loaded url=http://127.0.0.1:54902/index.html httpStatus=200
2026-09-25 19:24:21.108 [918774166369] launcher-cef log opened (pid 18748)
2026-09-25 19:24:21.108 [918774169636] NvLauncherCefMain entered (pid 18748)
2026-09-25 19:24:21.475 [918777842197] subprocess exit code 0
2026-09-25 19:26:49.044 [920253522589] launcher-cef log opened (pid 13140)
2026-09-25 19:26:49.044 [920253527490] NvLauncherCefMain entered (pid 13140)
2026-09-25 19:26:49.044 [920253532290] browser process path
2026-09-25 19:26:49.046 [920253555335] http://127.0.0.1:49827/ serving C:\My Project\NVIDIA-Shadowplay\build\NVIDIA ShadowPlay\NvOverlay\Cef\Resources\launcher
2026-09-25 19:26:49.047 [920253559618] navigating to http://127.0.0.1:49827/index.html
2026-09-25 19:26:49.171 [920254798830] CefInitialize ok (window 1000x640)
2026-09-25 19:26:49.192 [920255015533] launcher-cef log opened (pid 31716)
2026-09-25 19:26:49.193 [920255022227] NvLauncherCefMain entered (pid 31716)
2026-09-25 19:26:49.193 [920255026271] started: "C:\My Project\NVIDIA-Shadowplay\build\NVIDIA ShadowPlay\NvContainer\NvContainer.exe"
2026-09-25 19:26:49.222 [920255316489] browser object created
2026-09-25 19:26:49.307 [920256163096] launcher-cef log opened (pid 15040)
2026-09-25 19:26:49.308 [920256168085] NvLauncherCefMain entered (pid 15040)
2026-09-25 19:26:50.380 [920266889405] page loaded url=http://127.0.0.1:49827/index.html httpStatus=200
2026-09-25 19:26:53.966 [920302745436] NvContainer lost - restarting
2026-09-25 19:26:53.982 [920302914808] started: "C:\My Project\NVIDIA-Shadowplay\build\NVIDIA ShadowPlay\NvContainer\NvContainer.exe"
2026-09-25 19:26:54.003 [920303113203] NVIDIA Backend lost - restarting
2026-09-25 19:26:54.003 [920303120004] start skipped (missing): C:\My Project\NVIDIA-Shadowplay\build\NVIDIA ShadowPlay\NVIDIA Backend.exe
2026-09-25 19:26:59.790 [920360984906] NvContainer lost - restarting
2026-09-25 19:26:59.802 [920361110194] started: "C:\My Project\NVIDIA-Shadowplay\build\NVIDIA ShadowPlay\NvContainer\NvContainer.exe"
2026-09-25 19:26:59.811 [920361203436] NVIDIA Backend lost - restarting
2026-09-25 19:26:59.812 [920361208998] start skipped (missing): C:\My Project\NVIDIA-Shadowplay\build\NVIDIA ShadowPlay\NVIDIA Backend.exe
2026-09-25 19:27:01.195 [920375042711] self-exit watchdog fired
2026-09-25 19:27:01.250 [920375588678] browser closed - quitting message loop
2026-09-25 19:27:01.327 [920376363426] host exit
2026-09-25 19:29:57.590 [922138986316] launcher-cef log opened (pid 27552)
2026-09-25 19:29:57.590 [922138989414] NvLauncherCefMain entered (pid 27552)
2026-09-25 19:29:57.591 [922138993974] browser process path
2026-09-25 19:29:57.593 [922139018350] http://127.0.0.1:54835/ serving C:\My Project\NVIDIA-Shadowplay\build\NVIDIA ShadowPlay\NvOverlay\Cef\Resources\launcher
2026-09-25 19:29:57.594 [922139022044] navigating to http://127.0.0.1:54835/index.html
2026-09-25 19:29:57.702 [922140113244] launcher-cef log opened (pid 11580)
2026-09-25 19:29:57.702 [922140116515] NvLauncherCefMain entered (pid 11580)
2026-09-25 19:29:57.710 [922140195623] CefInitialize ok (window 1000x640)
2026-09-25 19:29:57.729 [922140383500] started: "C:\My Project\NVIDIA-Shadowplay\build\NVIDIA ShadowPlay\NvContainer\NvContainer.exe"
2026-09-25 19:29:57.762 [922140708508] browser object created
2026-09-25 19:29:57.833 [922141422432] launcher-cef log opened (pid 8116)
2026-09-25 19:29:57.834 [922141426232] NvLauncherCefMain entered (pid 8116)
2026-09-25 19:29:58.628 [922149375097] launcher-cef log opened (pid 26628)
2026-09-25 19:29:58.629 [922149378223] NvLauncherCefMain entered (pid 26628)
2026-09-25 19:29:58.920 [922152291522] subprocess exit code 0
2026-09-25 19:29:59.748 [922160567760] launcher-cef log opened (pid 11976)
2026-09-25 19:29:59.748 [922160571104] NvLauncherCefMain entered (pid 11976)
2026-09-25 19:29:59.749 [922160575190] browser process path
2026-09-25 19:29:59.752 [922160607138] http://127.0.0.1:54838/ serving C:\My Project\NVIDIA-Shadowplay\build\NVIDIA ShadowPlay\NvOverlay\Cef\Resources\launcher
2026-09-25 19:29:59.752 [922160610942] navigating to http://127.0.0.1:54838/index.html
2026-09-25 19:29:59.874 [922161822719] launcher-cef log opened (pid 14536)
2026-09-25 19:29:59.874 [922161825931] NvLauncherCefMain entered (pid 14536)
2026-09-25 19:29:59.881 [922161902094] CefInitialize ok (window 1000x640)
2026-09-25 19:29:59.897 [922162060550] started: "C:\My Project\NVIDIA-Shadowplay\build\NVIDIA ShadowPlay\NvContainer\NvContainer.exe"
2026-09-25 19:29:59.927 [922162359160] browser object created
2026-09-25 19:29:59.994 [922163033650] launcher-cef log opened (pid 16572)
2026-09-25 19:29:59.995 [922163037208] NvLauncherCefMain entered (pid 16572)
2026-09-25 19:30:01.053 [922173619373] page loaded url=http://127.0.0.1:54838/index.html httpStatus=200
2026-09-25 19:30:04.612 [922209204292] NvContainer lost - restarting
2026-09-25 19:30:04.625 [922209334996] started: "C:\My Project\NVIDIA-Shadowplay\build\NVIDIA ShadowPlay\NvContainer\NvContainer.exe"
2026-09-25 19:30:04.635 [922209439460] NVIDIA Backend lost - restarting
2026-09-25 19:30:04.635 [922209442838] start skipped (missing): C:\My Project\NVIDIA-Shadowplay\build\NVIDIA ShadowPlay\NVIDIA Backend.exe
2026-09-25 19:30:05.194 [922215032780] browser closed - quitting message loop
2026-09-25 19:30:05.317 [922216264080] host exit
2026-09-25 19:30:15.125 [922314343867] launcher-cef log opened (pid 12460)
2026-09-25 19:30:15.126 [922314347093] NvLauncherCefMain entered (pid 12460)
2026-09-25 19:30:15.126 [922314351495] browser process path
2026-09-25 19:30:15.128 [922314373033] http://127.0.0.1:60472/ serving C:\My Project\NVIDIA-Shadowplay\build\NVIDIA ShadowPlay\NvOverlay\Cef\Resources\launcher
2026-09-25 19:30:15.129 [922314377201] navigating to http://127.0.0.1:60472/index.html
2026-09-25 19:30:15.255 [922315641801] launcher-cef log opened (pid 21508)
2026-09-25 19:30:15.256 [922315645938] NvLauncherCefMain entered (pid 21508)
2026-09-25 19:30:15.268 [922315766591] CefInitialize ok (window 1000x640)
2026-09-25 19:30:15.276 [922315850076] adopt running: NvContainer
2026-09-25 19:30:15.322 [922316318327] started: "C:\My Project\NVIDIA-Shadowplay\build\NVIDIA ShadowPlay\NvBackend\NvBackend.exe"
2026-09-25 19:30:15.354 [922316634367] browser object created
2026-09-25 19:30:15.437 [922317461836] launcher-cef log opened (pid 14748)
2026-09-25 19:30:15.438 [922317465346] NvLauncherCefMain entered (pid 14748)
2026-09-25 19:30:16.519 [922328279232] page loaded url=http://127.0.0.1:60472/index.html httpStatus=200
2026-09-25 19:30:23.371 [922396805091] launcher-cef log opened (pid 22084)
2026-09-25 19:30:23.372 [922396808806] NvLauncherCefMain entered (pid 22084)
2026-09-25 19:30:23.372 [922396813265] browser process path
2026-09-25 19:30:23.375 [922396842174] http://127.0.0.1:60493/ serving C:\My Project\NVIDIA-Shadowplay\build\NVIDIA ShadowPlay\NvOverlay\Cef\Resources\launcher
2026-09-25 19:30:23.375 [922396846999] navigating to http://127.0.0.1:60493/index.html
2026-09-25 19:30:23.505 [922398144350] launcher-cef log opened (pid 32192)
2026-09-25 19:30:23.506 [922398150755] NvLauncherCefMain entered (pid 32192)
2026-09-25 19:30:23.518 [922398268549] CefInitialize ok (window 1000x640)
2026-09-25 19:30:23.530 [922398394660] adopt running: NvContainer
2026-09-25 19:30:23.547 [922398560661] adopt running: NvBackend
2026-09-25 19:30:23.607 [922399163608] browser object created
2026-09-25 19:30:23.692 [922400007913] launcher-cef log opened (pid 14676)
2026-09-25 19:30:23.692 [922400012155] NvLauncherCefMain entered (pid 14676)
2026-09-25 19:30:24.732 [922410423224] page loaded url=http://127.0.0.1:60493/index.html httpStatus=200
2026-09-25 19:30:26.165 [922424746138] browser closed - quitting message loop
2026-09-25 19:30:26.250 [922425584985] host exit
2026-09-25 19:30:28.345 [922446537258] config.json Overlay.UseOverlayEnabled = false
2026-09-25 19:30:28.447 [922447563782] killed: nvsphelper64.exe pid 21992
2026-09-25 19:30:28.455 [922447643531] kill open failed: NvContainer.exe pid 4812 err 5
2026-09-25 19:30:28.456 [922447648850] kill open failed: NvContainer.exe pid 9392 err 5
2026-09-25 19:30:28.479 [922447882784] killed: NvContainer.exe pid 27680
2026-09-25 19:30:28.489 [922447976639] killed: NvContainer.exe pid 30784
2026-09-25 19:30:28.514 [922448236835] killed: NvBackend.exe pid 29656
2026-09-25 19:30:28.538 [922448463326] installer exit complete
2026-09-25 19:30:28.583 [922448922373] browser closed - quitting message loop
2026-09-25 19:30:28.642 [922449510506] host exit
2026-09-25 19:34:05.236 [924615448618] launcher-cef log opened (pid 30744)
2026-09-25 19:34:05.236 [924615453336] NvLauncherCefMain entered (pid 30744)
2026-09-25 19:34:05.237 [924615460938] browser process path
2026-09-25 19:34:05.241 [924615493853] http://127.0.0.1:51433/ serving C:\My Project\NVIDIA-Shadowplay\build\NVIDIA ShadowPlay\NvOverlay\Cef\Resources\launcher
2026-09-25 19:34:05.241 [924615497707] navigating to http://127.0.0.1:51433/index.html
2026-09-25 19:34:05.368 [924616772846] CefInitialize ok (window 1000x640)
2026-09-25 19:34:05.382 [924616919282] launcher-cef log opened (pid 26168)
2026-09-25 19:34:05.382 [924616922600] NvLauncherCefMain entered (pid 26168)
2026-09-25 19:34:05.401 [924617100857] browser object created
2026-09-25 19:34:05.480 [924617887323] launcher-cef log opened (pid 29856)
2026-09-25 19:34:05.480 [924617890600] NvLauncherCefMain entered (pid 29856)
2026-09-25 19:34:06.552 [924628605049] page loaded url=http://127.0.0.1:51433/index.html httpStatus=200
2026-09-25 19:34:20.369 [924766777870] launcher-cef log opened (pid 27256)
2026-09-25 19:34:20.369 [924766782072] NvLauncherCefMain entered (pid 27256)
2026-09-25 19:34:20.689 [924769982873] subprocess exit code 0
2026-09-25 19:36:07.976 [925842855427] config.json Overlay.UseOverlayEnabled = false
2026-09-25 19:36:08.009 [925843181529] kill open failed: NvContainer.exe pid 4812 err 5
2026-09-25 19:36:08.010 [925843187065] kill open failed: NvContainer.exe pid 9392 err 5
2026-09-25 19:36:08.057 [925843659219] killed: NvContainer.exe pid 30024
2026-09-25 19:36:08.082 [925843916279] installer exit complete
2026-09-25 19:36:08.131 [925844400823] browser closed - quitting message loop
2026-09-25 19:36:08.218 [925845269492] host exit
2026-09-25 19:40:18.571 [928348799168] launcher-cef log opened (pid 22064)
2026-09-25 19:40:18.571 [928348802236] NvLauncherCefMain entered (pid 22064)
2026-09-25 19:40:18.572 [928348807609] browser process path
2026-09-25 19:40:18.574 [928348829145] http://127.0.0.1:57322/ serving C:\My Project\NVIDIA-Shadowplay\build\NVIDIA ShadowPlay\NvOverlay\Cef\Resources\launcher
2026-09-25 19:40:18.574 [928348831874] navigating to http://127.0.0.1:57322/index.html
2026-09-25 19:40:18.679 [928349879197] CefInitialize ok (window 1000x640)
2026-09-25 19:40:18.698 [928350066508] launcher-cef log opened (pid 25828)
2026-09-25 19:40:18.698 [928350071170] NvLauncherCefMain entered (pid 25828)
2026-09-25 19:40:18.708 [928350170724] browser object created
2026-09-25 19:40:18.789 [928350978096] launcher-cef log opened (pid 23904)
2026-09-25 19:40:18.789 [928350981257] NvLauncherCefMain entered (pid 23904)
2026-09-25 19:40:20.295 [928366035630] page loaded url=http://127.0.0.1:57322/index.html httpStatus=200
2026-09-25 19:40:24.747 [928410565162] config.json Overlay.EngineOverlayMode = true
2026-09-25 19:40:24.748 [928410573143] engine overlay chain: begin
2026-09-25 19:40:24.759 [928410680448] adopt running: NvContainer
2026-09-25 19:40:24.775 [928410846289] adopt running: NVIDIA Web Helper
2026-09-25 19:40:24.796 [928411052500] started: "C:\My Project\NVIDIA-Shadowplay\build\NVIDIA ShadowPlay\NvOverlay\Cef\NVIDIA Share.exe" --backend-port 59001
2026-09-25 19:40:24.797 [928411057066] engine overlay chain: done
2026-09-25 19:40:30.545 [928468544185] config.json Overlay.EngineOverlayMode = false
2026-09-25 19:40:33.722 [928500305353] launcher-cef log opened (pid 14956)
2026-09-25 19:40:33.722 [928500308555] NvLauncherCefMain entered (pid 14956)
2026-09-25 19:40:34.092 [928504004766] subprocess exit code 0
2026-09-25 19:41:35.488 [929117973704] browser closed - quitting message loop
2026-09-25 19:41:35.533 [929118422936] host exit
2026-09-25 19:42:04.103 [929404119449] launcher-cef log opened (pid 13068)
2026-09-25 19:42:04.103 [929404122916] NvLauncherCefMain entered (pid 13068)
2026-09-25 19:42:04.104 [929404127665] browser process path
2026-09-25 19:42:04.107 [929404160839] http://127.0.0.1:57658/ serving C:\My Project\NVIDIA-Shadowplay\build\NVIDIA ShadowPlay\NvOverlay\Cef\Resources\launcher
2026-09-25 19:42:04.108 [929404165253] navigating to http://127.0.0.1:57658/index.html
2026-09-25 19:42:04.249 [929405581823] launcher-cef log opened (pid 29580)
2026-09-25 19:42:04.249 [929405585898] NvLauncherCefMain entered (pid 29580)
2026-09-25 19:42:04.256 [929405645583] CefInitialize ok (window 1000x640)
2026-09-25 19:42:04.268 [929405766383] adopt running: NvContainer
2026-09-25 19:42:04.289 [929405981545] started: "C:\My Project\NVIDIA-Shadowplay\build\NVIDIA ShadowPlay\NvBackend\NvBackend.exe"
2026-09-25 19:42:04.358 [929406668673] browser object created
2026-09-25 19:42:04.450 [929407587509] launcher-cef log opened (pid 26152)
2026-09-25 19:42:04.450 [929407592902] NvLauncherCefMain entered (pid 26152)
2026-09-25 19:42:05.624 [929419330687] page loaded url=http://127.0.0.1:57658/index.html httpStatus=200
2026-09-25 19:42:19.238 [929555462917] launcher-cef log opened (pid 18704)
2026-09-25 19:42:19.238 [929555466227] NvLauncherCefMain entered (pid 18704)
2026-09-25 19:42:19.623 [929559318433] subprocess exit code 0
2026-09-25 19:48:26.344 [933226527212] launcher-cef log opened (pid 24328)
2026-09-25 19:48:26.344 [933226533378] NvLauncherCefMain entered (pid 24328)
2026-09-25 19:48:26.345 [933226540955] browser process path
2026-09-25 19:48:26.349 [933226585454] http://127.0.0.1:52148/ serving C:\My Project\NVIDIA-Shadowplay\build\NVIDIA ShadowPlay\NvOverlay\Cef\Resources\launcher
2026-09-25 19:48:26.350 [933226590546] navigating to http://127.0.0.1:52148/index.html
2026-09-25 19:48:26.553 [933228620878] CefInitialize ok (window 1000x640)
2026-09-25 19:48:26.571 [933228798190] adopt running: NvContainer
2026-09-25 19:48:26.592 [933229006954] launcher-cef log opened (pid 19756)
2026-09-25 19:48:26.593 [933229017697] NvLauncherCefMain entered (pid 19756)
2026-09-25 19:48:26.640 [933229492518] browser object created
2026-09-25 19:48:26.744 [933230535690] launcher-cef log opened (pid 8280)
2026-09-25 19:48:26.745 [933230539969] NvLauncherCefMain entered (pid 8280)
2026-09-25 19:48:27.933 [933242418150] page loaded url=http://127.0.0.1:52148/index.html httpStatus=200
2026-09-25 19:48:41.518 [933378271814] launcher-cef log opened (pid 21796)
2026-09-25 19:48:41.518 [933378274559] NvLauncherCefMain entered (pid 21796)
2026-09-25 19:48:41.833 [933381417347] subprocess exit code 0
2026-09-25 19:54:03.355 [936596637742] browser closed - quitting message loop
2026-09-25 19:54:03.472 [936597811520] host exit
2026-09-25 19:54:06.408 [936627173403] launcher-cef log opened (pid 8180)
2026-09-25 19:54:06.409 [936627176300] NvLauncherCefMain entered (pid 8180)
2026-09-25 19:54:06.409 [936627180300] browser process path
2026-09-25 19:54:06.411 [936627204249] http://127.0.0.1:52980/ serving C:\My Project\NVIDIA-Shadowplay\build\NVIDIA ShadowPlay\NvOverlay\Cef\Resources\launcher
2026-09-25 19:54:06.411 [936627207308] navigating to http://127.0.0.1:52980/index.html
2026-09-25 19:54:06.533 [936628427822] CefInitialize ok (window 1000x640)
2026-09-25 19:54:06.541 [936628504975] launcher-cef log opened (pid 24812)
2026-09-25 19:54:06.542 [936628509074] NvLauncherCefMain entered (pid 24812)
2026-09-25 19:54:06.543 [936628526326] adopt running: NvContainer
2026-09-25 19:54:06.554 [936628633481] adopt running: NvBackend
2026-09-25 19:54:06.580 [936628888155] browser object created
2026-09-25 19:54:06.650 [936629584948] launcher-cef log opened (pid 26348)
2026-09-25 19:54:06.650 [936629587657] NvLauncherCefMain entered (pid 26348)
2026-09-25 19:54:07.825 [936641344925] page loaded url=http://127.0.0.1:52980/index.html httpStatus=200
2026-09-25 19:54:09.854 [936661624160] launcher-cef log opened (pid 30224)
2026-09-25 19:54:09.854 [936661627018] NvLauncherCefMain entered (pid 30224)
2026-09-25 19:54:09.854 [936661630961] browser process path
2026-09-25 19:54:09.856 [936661652948] http://127.0.0.1:52986/ serving C:\My Project\NVIDIA-Shadowplay\build\NVIDIA ShadowPlay\NvOverlay\Cef\Resources\launcher
2026-09-25 19:54:09.857 [936661656232] navigating to http://127.0.0.1:52986/index.html
2026-09-25 19:54:09.981 [936662905061] launcher-cef log opened (pid 4976)
2026-09-25 19:54:09.982 [936662909430] NvLauncherCefMain entered (pid 4976)
2026-09-25 19:54:09.991 [936662992762] CefInitialize ok (window 1000x640)
2026-09-25 19:54:10.003 [936663119505] adopt running: NvContainer
2026-09-25 19:54:10.014 [936663231997] adopt running: NvBackend
2026-09-25 19:54:10.047 [936663554236] browser object created
2026-09-25 19:54:10.122 [936664309911] launcher-cef log opened (pid 2952)
2026-09-25 19:54:10.123 [936664313549] NvLauncherCefMain entered (pid 2952)
2026-09-25 19:54:11.325 [936676338649] page loaded url=http://127.0.0.1:52986/index.html httpStatus=200
2026-09-25 19:54:13.772 [936700817786] launcher-cef log opened (pid 21536)
2026-09-25 19:54:13.772 [936700821125] NvLauncherCefMain entered (pid 21536)
2026-09-25 19:54:13.966 [936702752836] launcher-cef log opened (pid 25408)
2026-09-25 19:54:13.967 [936702756894] NvLauncherCefMain entered (pid 25408)
2026-09-25 19:54:13.967 [936702762679] browser process path
2026-09-25 19:54:13.971 [936702795620] http://127.0.0.1:53001/ serving C:\My Project\NVIDIA-Shadowplay\build\NVIDIA ShadowPlay\NvOverlay\Cef\Resources\launcher
2026-09-25 19:54:13.972 [936702803946] navigating to http://127.0.0.1:53001/index.html
2026-09-25 19:54:14.093 [936704021370] subprocess exit code 0
2026-09-25 19:54:14.105 [936704138199] launcher-cef log opened (pid 29656)
2026-09-25 19:54:14.105 [936704141730] NvLauncherCefMain entered (pid 29656)
2026-09-25 19:54:14.107 [936704162893] CefInitialize ok (window 1000x640)
2026-09-25 19:54:14.131 [936704398599] browser object created
2026-09-25 19:54:14.202 [936705110924] launcher-cef log opened (pid 9552)
2026-09-25 19:54:14.203 [936705114457] NvLauncherCefMain entered (pid 9552)
2026-09-25 19:54:15.364 [936716732790] page loaded url=http://127.0.0.1:53001/index.html httpStatus=200
2026-09-25 19:54:28.347 [936846562000] hub send "[Send] NVIDIA  APP|open_overlay" -> ok
2026-09-25 19:54:29.049 [936853586857] hub send "[Send] NVIDIA  APP|open_overlay" -> ok
2026-09-25 19:54:29.107 [936854166190] launcher-cef log opened (pid 8268)
2026-09-25 19:54:29.107 [936854169426] NvLauncherCefMain entered (pid 8268)
2026-09-25 19:54:29.466 [936857751968] subprocess exit code 0
2026-09-25 19:54:30.262 [936865705134] hub send "[Send] NVIDIA  APP|open_overlay" -> ok
2026-09-25 19:54:30.452 [936867610832] hub send "[Send] NVIDIA  APP|open_overlay" -> ok
2026-09-25 19:54:37.931 [936942399900] config.json Overlay.UseOverlayEnabled = true
2026-09-25 19:54:38.347 [936946565423] config.json Overlay.UseOverlayEnabled = false
2026-09-25 19:54:38.695 [936950044016] config.json Overlay.UseOverlayEnabled = true
2026-09-25 19:54:38.839 [936951484100] config.json Overlay.UseOverlayEnabled = false
2026-09-25 19:54:39.000 [936953087635] config.json Overlay.UseOverlayEnabled = true
2026-09-25 19:54:39.135 [936954443254] config.json Overlay.UseOverlayEnabled = false
2026-09-25 19:54:39.302 [936956110697] config.json Overlay.UseOverlayEnabled = true
2026-09-25 19:54:39.455 [936957643674] config.json Overlay.UseOverlayEnabled = false
2026-09-25 19:54:39.860 [936961695959] config.json Overlay.UseOverlayEnabled = true
2026-09-25 19:54:40.319 [936966281216] config.json Overlay.UseOverlayEnabled = false
2026-09-25 19:55:09.440 [937257493567] launcher-cef log opened (pid 15712)
2026-09-25 19:55:09.440 [937257496367] NvLauncherCefMain entered (pid 15712)
2026-09-25 19:55:09.441 [937257500468] browser process path
2026-09-25 19:55:09.443 [937257521193] http://127.0.0.1:63074/ serving C:\My Project\NVIDIA-Shadowplay\build\NVIDIA ShadowPlay\NvOverlay\Cef\Resources\launcher
2026-09-25 19:55:09.443 [937257526664] navigating to http://127.0.0.1:63074/index.html
2026-09-25 19:55:09.546 [937258548868] CefInitialize ok (window 1000x640)
2026-09-25 19:55:09.547 [937258567517] launcher-cef log opened (pid 26380)
2026-09-25 19:55:09.547 [937258571090] NvLauncherCefMain entered (pid 26380)
2026-09-25 19:55:09.572 [937258808228] browser object created
2026-09-25 19:55:09.642 [937259509934] launcher-cef log opened (pid 30204)
2026-09-25 19:55:09.643 [937259513000] NvLauncherCefMain entered (pid 30204)
2026-09-25 19:55:10.851 [937271599825] page loaded url=http://127.0.0.1:63074/index.html httpStatus=200
2026-09-25 19:55:24.564 [937408731333] launcher-cef log opened (pid 20736)
2026-09-25 19:55:24.565 [937408735450] NvLauncherCefMain entered (pid 20736)
2026-09-25 19:55:24.855 [937411639237] subprocess exit code 0
2026-09-25 19:55:38.169 [937544778358] browser closed - quitting message loop
2026-09-25 19:55:38.261 [937545702660] host exit
2026-09-25 19:55:44.545 [937608536850] launcher-cef log opened (pid 24956)
2026-09-25 19:55:44.545 [937608539949] NvLauncherCefMain entered (pid 24956)
2026-09-25 19:55:44.545 [937608544305] browser process path
2026-09-25 19:55:44.547 [937608565592] http://127.0.0.1:65352/ serving C:\My Project\NVIDIA-Shadowplay\build\NVIDIA ShadowPlay\NvOverlay\Cef\Resources\launcher
2026-09-25 19:55:44.547 [937608569002] navigating to http://127.0.0.1:65352/index.html
2026-09-25 19:55:44.652 [937609605671] launcher-cef log opened (pid 14916)
2026-09-25 19:55:44.652 [937609609810] NvLauncherCefMain entered (pid 14916)
2026-09-25 19:55:44.660 [937609683797] CefInitialize ok (window 1000x640)
2026-09-25 19:55:44.670 [937609787619] adopt running: NvContainer
2026-09-25 19:55:44.681 [937609893831] adopt running: NvBackend
2026-09-25 19:55:44.705 [937610142886] browser object created
2026-09-25 19:55:44.767 [937610763188] launcher-cef log opened (pid 31964)
2026-09-25 19:55:44.767 [937610765877] NvLauncherCefMain entered (pid 31964)
2026-09-25 19:55:45.950 [937622587688] page loaded url=http://127.0.0.1:65352/index.html httpStatus=200
2026-09-25 19:55:54.996 [937713055679] config.json Overlay.UseOverlayEnabled = true
2026-09-25 19:55:55.374 [937716844021] config.json Overlay.UseOverlayEnabled = false
2026-09-25 19:55:55.923 [937722323811] config.json Overlay.EngineOverlayMode = true
2026-09-25 19:55:55.924 [937722329795] engine overlay chain: begin
2026-09-25 19:55:55.932 [937722408634] adopt running: NvContainer
2026-09-25 19:55:55.940 [937722493785] adopt running: NVIDIA Web Helper
2026-09-25 19:55:55.961 [937722699945] started: "C:\My Project\NVIDIA-Shadowplay\build\NVIDIA ShadowPlay\NvOverlay\Cef\NVIDIA Share.exe" --backend-port 59001
2026-09-25 19:55:55.962 [937722706045] engine overlay chain: done
2026-09-25 19:55:59.661 [937759708818] launcher-cef log opened (pid 12812)
2026-09-25 19:55:59.662 [937759712470] NvLauncherCefMain entered (pid 12812)
2026-09-25 19:56:00.011 [937763204492] subprocess exit code 0
2026-09-25 19:56:06.245 [937825542963] config.json Overlay.EngineOverlayMode = false
2026-09-25 19:56:07.519 [937838283368] config.json Overlay.UseOverlayEnabled = true
2026-09-25 19:56:08.595 [937849042048] config.json Overlay.UseOverlayEnabled = false
2026-09-25 19:56:08.990 [937852992392] stale Flags\Ready removed (notifier down)
2026-09-25 19:56:12.776 [937890845612] hub send "[Send] NVIDIA  APP|open_overlay" -> ok
2026-09-25 19:56:14.637 [937909459087] hub send "[Send] NVIDIA  APP|open_overlay" -> ok
2026-09-25 19:56:14.809 [937911180086] hub send "[Send] NVIDIA  APP|open_overlay" -> ok
2026-09-25 19:56:14.989 [937912981187] hub send "[Send] NVIDIA  APP|open_overlay" -> ok
2026-09-25 19:56:15.144 [937914538871] hub send "[Send] NVIDIA  APP|open_overlay" -> ok
2026-09-25 20:03:05.693 [942020022587] launcher-cef log opened (pid 20416)
2026-09-25 20:03:05.694 [942020026986] NvLauncherCefMain entered (pid 20416)
2026-09-25 20:03:05.694 [942020032421] browser process path
2026-09-25 20:03:05.696 [942020056676] http://127.0.0.1:63899/ serving C:\My Project\NVIDIA-Shadowplay\build\NVIDIA ShadowPlay\NvOverlay\Cef\Resources\launcher
2026-09-25 20:03:05.697 [942020059827] navigating to http://127.0.0.1:63899/index.html
2026-09-25 20:03:05.833 [942021415952] CefInitialize ok (window 1000x640)
2026-09-25 20:03:05.868 [942021765607] launcher-cef log opened (pid 18380)
2026-09-25 20:03:05.868 [942021770099] NvLauncherCefMain entered (pid 18380)
2026-09-25 20:03:05.959 [942022677742] launcher-cef log opened (pid 31460)
2026-09-25 20:03:05.959 [942022680848] NvLauncherCefMain entered (pid 31460)
2026-09-25 20:03:07.221 [942035307991] page loaded url=http://127.0.0.1:63899/index.html httpStatus=200
2026-09-25 20:03:20.852 [942171616299] launcher-cef log opened (pid 31696)
2026-09-25 20:03:20.853 [942171619568] NvLauncherCefMain entered (pid 31696)
2026-09-25 20:03:21.205 [942175138798] subprocess exit code 0
2026-09-25 20:03:34.925 [942312338625] config.json Overlay.UseOverlayEnabled = true
2026-09-25 20:03:35.462 [942317707200] config.json Overlay.UseOverlayEnabled = false
2026-09-25 20:03:35.947 [942322553296] config.json Overlay.EngineOverlayMode = true
2026-09-25 20:03:35.948 [942322562405] engine overlay chain: begin
2026-09-25 20:03:35.958 [942322671366] adopt running: NvContainer
2026-09-25 20:03:35.970 [942322791995] adopt running: NVIDIA Web Helper
2026-09-25 20:03:35.995 [942323043299] started: "C:\My Project\NVIDIA-Shadowplay\build\NVIDIA ShadowPlay\NvOverlay\Cef\NVIDIA Share.exe" --backend-port 59001
2026-09-25 20:03:35.996 [942323047726] engine overlay chain: done
2026-09-25 20:03:39.594 [942359028331] config.json Overlay.EngineOverlayMode = false
2026-09-25 20:03:40.494 [942368034808] config.json Overlay.UseOverlayEnabled = true
2026-09-25 20:03:43.208 [942395169872] config.json Overlay.UseOverlayEnabled = false
2026-09-25 20:03:43.901 [942402106070] config.json Overlay.UseOverlayEnabled = true
2026-09-25 20:24:02.643 [954589523456] launcher-cef log opened (pid 9716)
2026-09-25 20:24:02.644 [954589529420] NvLauncherCefMain entered (pid 9716)
2026-09-25 20:24:02.645 [954589536993] browser process path
2026-09-25 20:24:02.647 [954589567141] http://127.0.0.1:56794/ serving C:\My Project\NVIDIA-Shadowplay\build\NVIDIA ShadowPlay\NvOverlay\Cef\Resources\launcher
2026-09-25 20:24:02.649 [954589573406] navigating to http://127.0.0.1:56794/index.html
2026-09-25 20:24:02.832 [954591409140] CefInitialize ok (window 1000x640)
2026-09-25 20:24:02.877 [954591858680] browser object created
2026-09-25 20:24:02.933 [954592421022] launcher-cef log opened (pid 384)
2026-09-25 20:24:02.935 [954592431789] NvLauncherCefMain entered (pid 384)
2026-09-25 20:24:03.039 [954593483102] launcher-cef log opened (pid 27408)
2026-09-25 20:24:03.040 [954593486862] NvLauncherCefMain entered (pid 27408)
2026-09-25 20:24:04.407 [954607166943] page loaded url=http://127.0.0.1:56794/index.html httpStatus=200
2026-09-25 20:24:17.801 [954741102122] launcher-cef log opened (pid 11640)
2026-09-25 20:24:17.801 [954741105184] NvLauncherCefMain entered (pid 11640)
2026-09-25 20:24:18.167 [954744756358] subprocess exit code 0
2026-09-25 20:25:26.589 [955428974796] config.json Overlay.EngineOverlayMode = true
2026-09-25 20:25:26.590 [955428984857] engine overlay chain: begin
2026-09-25 20:25:26.605 [955429144198] adopt running: NvContainer
2026-09-25 20:25:26.621 [955429298989] adopt running: NVIDIA Web Helper
2026-09-25 20:25:26.643 [955429518900] started: "C:\My Project\NVIDIA-Shadowplay\build\NVIDIA ShadowPlay\NvOverlay\Cef\NVIDIA Share.exe" --backend-port 59001
2026-09-25 20:25:26.643 [955429523618] engine overlay chain: done
2026-09-25 20:26:02.574 [955788826435] config.json Overlay.UseOverlayEnabled = false
2026-09-25 20:26:03.551 [955798600326] config.json Overlay.UseOverlayEnabled = true
2026-09-25 20:26:15.174 [955914827683] config.json Overlay.EngineOverlayMode = false
2026-09-25 20:26:15.984 [955922934005] config.json Overlay.EngineOverlayMode = true
2026-09-25 20:26:15.984 [955922936921] engine overlay chain already running
2026-09-25 20:26:16.530 [955928397744] config.json Overlay.EngineOverlayMode = false
2026-09-25 20:26:17.609 [955939173526] config.json Overlay.UseOverlayEnabled = false
2026-09-25 20:26:18.323 [955946321823] config.json Overlay.UseOverlayEnabled = true
2026-09-25 20:26:18.905 [955952136327] config.json Overlay.UseOverlayEnabled = false
2026-09-25 20:26:19.930 [955962382977] config.json Overlay.EngineOverlayMode = true
2026-09-25 20:26:19.930 [955962387258] engine overlay chain already running
2026-09-25 20:26:20.086 [955963953547] config.json Overlay.EngineOverlayMode = false
2026-09-25 20:26:20.463 [955967720199] config.json Overlay.EngineOverlayMode = true
2026-09-25 20:26:20.463 [955967723454] engine overlay chain already running
2026-09-25 20:26:21.144 [955974522884] config.json Overlay.EngineOverlayMode = false
2026-09-25 20:26:21.837 [955981458216] config.json Overlay.EngineOverlayMode = true
2026-09-25 20:26:21.837 [955981460723] engine overlay chain already running
2026-09-25 20:26:22.500 [955988091410] config.json Overlay.EngineOverlayMode = false
2026-09-25 20:26:22.675 [955989846452] config.json Overlay.EngineOverlayMode = true
2026-09-25 20:26:22.676 [955989849680] engine overlay chain already running
2026-09-25 20:26:23.727 [956000373213] config.json Overlay.EngineOverlayMode = false
2026-09-25 20:26:24.303 [956006123470] config.json Overlay.EngineOverlayMode = true
2026-09-25 20:26:24.303 [956006126625] engine overlay chain already running
2026-09-25 20:26:35.527 [956118363441] config.json Overlay.UseOverlayEnabled = true
2026-09-25 20:26:35.756 [956120651822] config.json Overlay.UseOverlayEnabled = false
2026-09-25 20:26:37.656 [956139656454] hub send "[Send] NVIDIA  APP|open_overlay" -> ok
2026-09-25 20:27:29.529 [956658377743] config.json Overlay.UseOverlayEnabled = true
2026-09-25 20:27:30.004 [956663134649] config.json Overlay.UseOverlayEnabled = false
2026-09-25 20:31:05.159 [958814680732] launcher-cef log opened (pid 13056)
2026-09-25 20:31:05.160 [958814684725] NvLauncherCefMain entered (pid 13056)
2026-09-25 20:31:05.160 [958814689181] browser process path
2026-09-25 20:31:05.162 [958814709729] http://127.0.0.1:51370/ serving C:\My Project\NVIDIA-Shadowplay\build\NVIDIA ShadowPlay\NvOverlay\Cef\Resources\launcher
2026-09-25 20:31:05.162 [958814712958] navigating to http://127.0.0.1:51370/index.html
2026-09-25 20:31:05.265 [958815741619] CefInitialize ok (window 1000x640)
2026-09-25 20:31:05.293 [958816018979] browser object created
2026-09-25 20:31:05.303 [958816121416] launcher-cef log opened (pid 10752)
2026-09-25 20:31:05.303 [958816126318] NvLauncherCefMain entered (pid 10752)
2026-09-25 20:31:05.387 [958816957088] launcher-cef log opened (pid 28412)
2026-09-25 20:31:05.387 [958816960217] NvLauncherCefMain entered (pid 28412)
2026-09-25 20:31:06.720 [958830295992] page loaded url=http://127.0.0.1:51370/index.html httpStatus=200
2026-09-25 20:31:20.290 [958965990828] launcher-cef log opened (pid 2596)
2026-09-25 20:31:20.290 [958965994499] NvLauncherCefMain entered (pid 2596)
2026-09-25 20:31:20.655 [958969641456] subprocess exit code 0
2026-09-25 20:31:26.897 [959032061885] config.json Overlay.EngineOverlayMode = false
2026-09-25 20:31:27.271 [959035796415] config.json Overlay.EngineOverlayMode = true
2026-09-25 20:31:27.272 [959035808785] engine overlay chain: begin
2026-09-25 20:31:27.285 [959035936010] adopt running: NvContainer
2026-09-25 20:31:27.297 [959036058462] adopt running: NVIDIA Web Helper
2026-09-25 20:31:27.321 [959036305274] started: "C:\My Project\NVIDIA-Shadowplay\build\NVIDIA ShadowPlay\NvOverlay\Cef\NVIDIA Share.exe" --backend-port 59001
2026-09-25 20:31:27.322 [959036311337] engine overlay chain: done
2026-09-25 20:31:33.823 [959101323223] config.json Overlay.EngineOverlayMode = false
2026-09-25 20:31:35.791 [959120995723] config.json Overlay.UseOverlayEnabled = true
2026-09-25 20:31:36.584 [959128931669] config.json Overlay.UseOverlayEnabled = false
2026-09-25 20:32:39.662 [959759718214] config.json Overlay.EngineOverlayMode = true
2026-09-25 20:32:39.663 [959759721332] engine overlay chain already running
2026-09-25 20:32:40.205 [959765137780] config.json Overlay.EngineOverlayMode = false
2026-09-25 20:32:40.932 [959772404466] config.json Overlay.UseOverlayEnabled = true
2026-09-25 20:32:41.477 [959777865616] config.json Overlay.UseOverlayEnabled = false
2026-09-25 20:34:25.719 [960820279811] config.json Overlay.UseOverlayEnabled = true
2026-09-25 20:34:26.066 [960823744789] config.json Overlay.UseOverlayEnabled = false
2026-09-25 20:34:27.231 [960835405748] config.json Overlay.EngineOverlayMode = true
2026-09-25 20:34:27.232 [960835409963] engine overlay chain already running
2026-09-25 20:34:27.715 [960840240149] config.json Overlay.EngineOverlayMode = false
2026-09-25 20:34:28.282 [960845910489] config.json Overlay.EngineOverlayMode = true
2026-09-25 20:34:28.283 [960845915421] engine overlay chain already running
2026-09-25 20:34:28.445 [960847531878] config.json Overlay.EngineOverlayMode = false
2026-09-25 20:34:28.709 [960850180253] config.json Overlay.EngineOverlayMode = true
2026-09-25 20:34:28.709 [960850184678] engine overlay chain already running
2026-09-25 20:34:29.033 [960853427924] config.json Overlay.EngineOverlayMode = false
2026-09-25 20:34:30.009 [960863175023] config.json Overlay.UseOverlayEnabled = true
2026-09-25 20:34:30.169 [960864778380] config.json Overlay.UseOverlayEnabled = false
2026-09-25 20:34:30.320 [960866285730] config.json Overlay.UseOverlayEnabled = true
2026-09-25 20:34:30.717 [960870259848] config.json Overlay.UseOverlayEnabled = false
2026-09-25 20:34:30.908 [960872166325] config.json Overlay.UseOverlayEnabled = true
2026-09-25 20:34:31.434 [960877432477] config.json Overlay.UseOverlayEnabled = false
2026-09-25 20:48:52.206 [969485154186] config.json Overlay.EngineOverlayMode = true
2026-09-25 20:48:52.206 [969485157878] engine overlay chain already running
2026-09-25 20:48:54.143 [969504525408] config.json Overlay.UseOverlayEnabled = true
2026-09-25 20:48:55.486 [969517947240] config.json Overlay.UseOverlayEnabled = false
2026-09-25 20:48:56.401 [969527102787] config.json Overlay.EngineOverlayMode = false
2026-09-25 20:48:57.487 [969537959784] config.json Overlay.UseOverlayEnabled = true
2026-09-25 20:49:02.095 [969584039401] config.json Overlay.UseOverlayEnabled = false
2026-09-25 20:49:16.714 [969730233923] browser closed - quitting message loop
2026-09-25 20:49:16.772 [969730808818] host exit
2026-09-25 20:58:26.668 [975229774542] launcher-cef log opened (pid 34360)
2026-09-25 20:58:26.669 [975229779615] NvLauncherCefMain entered (pid 34360)
2026-09-25 20:58:26.669 [975229784054] browser process path
2026-09-25 20:58:26.671 [975229805484] http://127.0.0.1:61818/ serving C:\My Project\NVIDIA-Shadowplay\build\NVIDIA ShadowPlay\NvOverlay\Cef\Resources\launcher
2026-09-25 20:58:26.672 [975229808849] navigating to http://127.0.0.1:61818/index.html
2026-09-25 20:58:26.795 [975231044781] CefInitialize ok (window 1000x640)
2026-09-25 20:58:26.808 [975231165245] adopt running: NvContainer
2026-09-25 20:58:26.815 [975231243621] launcher-cef log opened (pid 16264)
2026-09-25 20:58:26.816 [975231247588] NvLauncherCefMain entered (pid 16264)
2026-09-25 20:58:26.819 [975231290033] adopt running: NvBackend
2026-09-25 20:58:26.851 [975231601910] browser object created
2026-09-25 20:58:26.910 [975232189346] stale Flags\Ready removed (notifier down)
2026-09-25 20:58:26.942 [975232510071] launcher-cef log opened (pid 24940)
2026-09-25 20:58:26.942 [975232513810] NvLauncherCefMain entered (pid 24940)
2026-09-25 20:58:28.399 [975247075102] page loaded url=http://127.0.0.1:61818/index.html httpStatus=200
2026-09-25 20:58:31.267 [975275752208] browser closed - quitting message loop
2026-09-25 20:58:31.429 [975277384787] host exit
2026-09-25 20:58:32.665 [975289740313] launcher-cef log opened (pid 35276)
2026-09-25 20:58:32.666 [975289743414] NvLauncherCefMain entered (pid 35276)
2026-09-25 20:58:32.666 [975289747849] browser process path
2026-09-25 20:58:32.668 [975289770404] http://127.0.0.1:61823/ serving C:\My Project\NVIDIA-Shadowplay\build\NVIDIA ShadowPlay\NvOverlay\Cef\Resources\launcher
2026-09-25 20:58:32.668 [975289774308] navigating to http://127.0.0.1:61823/index.html
2026-09-25 20:58:32.816 [975291254433] launcher-cef log opened (pid 33724)
2026-09-25 20:58:32.816 [975291259364] NvLauncherCefMain entered (pid 33724)
2026-09-25 20:58:32.825 [975291341040] CefInitialize ok (window 1000x640)
2026-09-25 20:58:32.835 [975291444956] adopt running: NvContainer
2026-09-25 20:58:32.846 [975291556786] adopt running: NvBackend
2026-09-25 20:58:32.904 [975292133813] browser object created
2026-09-25 20:58:32.980 [975292884810] launcher-cef log opened (pid 21708)
2026-09-25 20:58:32.980 [975292889626] NvLauncherCefMain entered (pid 21708)
2026-09-25 20:58:34.179 [975304884919] page loaded url=http://127.0.0.1:61823/index.html httpStatus=200
2026-09-25 20:58:36.249 [975325580266] config.json Overlay.UseOverlayEnabled = false
2026-09-25 20:58:36.286 [975325955609] kill open failed: NvContainer.exe pid 4812 err 5
2026-09-25 20:58:36.287 [975325961301] kill open failed: NvContainer.exe pid 9392 err 5
2026-09-25 20:58:36.338 [975326478199] killed: NvContainer.exe pid 3872
2026-09-25 20:58:36.376 [975326860960] killed: NvBackend.exe pid 13848
2026-09-25 20:58:36.405 [975327137272] installer exit complete
2026-09-25 20:58:36.434 [975327437098] browser closed - quitting message loop
2026-09-25 20:58:36.550 [975328594506] host exit
2026-09-25 20:58:37.495 [975338042499] launcher-cef log opened (pid 35444)
2026-09-25 20:58:37.495 [975338046346] NvLauncherCefMain entered (pid 35444)
2026-09-25 20:58:37.496 [975338050690] browser process path
2026-09-25 20:58:37.499 [975338077797] http://127.0.0.1:56059/ serving C:\My Project\NVIDIA-Shadowplay\build\NVIDIA ShadowPlay\NvOverlay\Cef\Resources\launcher
2026-09-25 20:58:37.499 [975338082454] navigating to http://127.0.0.1:56059/index.html
2026-09-25 20:58:37.610 [975339193700] launcher-cef log opened (pid 2948)
2026-09-25 20:58:37.611 [975339197600] NvLauncherCefMain entered (pid 2948)
2026-09-25 20:58:37.656 [975339656781] CefInitialize ok (window 1000x640)
2026-09-25 20:58:37.666 [975339742630] adopt running: NvContainer
2026-09-25 20:58:37.681 [975339905893] started: "C:\My Project\NVIDIA-Shadowplay\build\NVIDIA ShadowPlay\NvBackend\NvBackend.exe"
2026-09-25 20:58:37.735 [975340434776] browser object created
2026-09-25 20:58:37.810 [975341185679] launcher-cef log opened (pid 32520)
2026-09-25 20:58:37.810 [975341189294] NvLauncherCefMain entered (pid 32520)
2026-09-25 20:58:39.059 [975353676149] page loaded url=http://127.0.0.1:56059/index.html httpStatus=200
2026-09-25 20:58:40.135 [975364441811] browser closed - quitting message loop
2026-09-25 20:58:40.328 [975366373364] host exit
2026-09-25 20:59:09.810 [975661191705] launcher-cef log opened (pid 34236)
2026-09-25 20:59:09.811 [975661196357] NvLauncherCefMain entered (pid 34236)
2026-09-25 20:59:09.811 [975661202110] browser process path
2026-09-25 20:59:09.814 [975661230949] http://127.0.0.1:52348/ serving C:\My Project\NVIDIA-Shadowplay\build\NVIDIA ShadowPlay\NvOverlay\Cef\Resources\launcher
2026-09-25 20:59:09.815 [975661235254] navigating to http://127.0.0.1:52348/index.html
2026-09-25 20:59:09.961 [975662698056] CefInitialize ok (window 1000x640)
2026-09-25 20:59:09.962 [975662711583] launcher-cef log opened (pid 18872)
2026-09-25 20:59:09.963 [975662715304] NvLauncherCefMain entered (pid 18872)
2026-09-25 20:59:09.976 [975662850420] adopt running: NvContainer
2026-09-25 20:59:10.000 [975663084602] adopt running: NvBackend
2026-09-25 20:59:10.040 [975663484984] browser object created
2026-09-25 20:59:10.131 [975664400932] launcher-cef log opened (pid 21536)
2026-09-25 20:59:10.132 [975664405643] NvLauncherCefMain entered (pid 21536)
2026-09-25 20:59:11.441 [975677502141] page loaded url=http://127.0.0.1:52348/index.html httpStatus=200
2026-09-25 20:59:13.498 [975698066767] browser closed - quitting message loop
2026-09-25 20:59:13.624 [975699321649] host exit
2026-09-25 20:59:50.422 [976067319925] launcher-cef log opened (pid 14876)
2026-09-25 20:59:50.423 [976067326585] NvLauncherCefMain entered (pid 14876)
2026-09-25 20:59:50.424 [976067334770] browser process path
2026-09-25 20:59:50.428 [976067370016] http://127.0.0.1:60807/ serving C:\My Project\NVIDIA-Shadowplay\build\NVIDIA ShadowPlay\NvOverlay\Cef\Resources\launcher
2026-09-25 20:59:50.428 [976067374414] navigating to http://127.0.0.1:60807/index.html
2026-09-25 20:59:50.588 [976068975382] CefInitialize ok (window 1000x640)
2026-09-25 20:59:50.629 [976069384256] browser object created
2026-09-25 20:59:50.673 [976069824514] launcher-cef log opened (pid 27008)
2026-09-25 20:59:50.674 [976069829942] NvLauncherCefMain entered (pid 27008)
2026-09-25 20:59:50.741 [976070506332] launcher-cef log opened (pid 31472)
2026-09-25 20:59:50.742 [976070510198] NvLauncherCefMain entered (pid 31472)
2026-09-25 20:59:51.979 [976082878968] page loaded url=http://127.0.0.1:60807/index.html httpStatus=200
2026-09-25 20:59:56.521 [976128306721] config.json Overlay.EngineOverlayMode = true
2026-09-25 20:59:56.522 [976128314039] engine overlay chain: begin
2026-09-25 20:59:56.541 [976128495653] adopt running: NvContainer
2026-09-25 20:59:56.562 [976128707077] adopt running: NVIDIA Web Helper
2026-09-25 20:59:56.669 [976129776010] started: "C:\My Project\NVIDIA-Shadowplay\build\NVIDIA ShadowPlay\NvOverlay\Cef\NVIDIA Share.exe" --backend-port 59001
2026-09-25 20:59:56.669 [976129780596] engine overlay chain: done
2026-09-25 20:59:56.915 [976132246004] config.json Overlay.EngineOverlayMode = false
2026-09-25 20:59:56.974 [976132828176] killed: NVIDIA Share pid 34688 (overlay mode OFF)
2026-09-25 20:59:56.998 [976133076887] killed: NVIDIA Share pid 34772 (overlay mode OFF)
2026-09-25 20:59:57.625 [976139345355] config.json Overlay.UseOverlayEnabled = true
2026-09-25 20:59:57.960 [976142694222] config.json Overlay.UseOverlayEnabled = false
2026-09-25 20:59:59.223 [976155321460] config.json Overlay.UseOverlayEnabled = true
2026-09-25 21:00:00.283 [976165924716] config.json Overlay.UseOverlayEnabled = false
2026-09-25 21:00:01.044 [976173531711] config.json Overlay.EngineOverlayMode = true
2026-09-25 21:00:01.045 [976173534915] engine overlay chain already running
2026-09-25 21:00:02.070 [976183787516] config.json Overlay.UseOverlayEnabled = true
2026-09-25 21:00:02.473 [976187827718] config.json Overlay.UseOverlayEnabled = false
2026-09-25 21:00:03.263 [976195715182] config.json Overlay.EngineOverlayMode = false
2026-09-25 21:00:03.453 [976197620188] config.json Overlay.EngineOverlayMode = true
2026-09-25 21:00:03.453 [976197622998] engine overlay chain already running
2026-09-25 21:00:03.833 [976201429700] config.json Overlay.EngineOverlayMode = false
2026-09-25 21:00:05.054 [976213634438] hub send "[Send] NVIDIA  APP|open_overlay" -> ok
2026-09-25 21:00:05.548 [976218571322] launcher-cef log opened (pid 32384)
2026-09-25 21:00:05.548 [976218574617] NvLauncherCefMain entered (pid 32384)
2026-09-25 21:00:05.714 [976220229713] hub send "[Send] NVIDIA  APP|open_overlay" -> ok
2026-09-25 21:00:05.937 [976222452297] subprocess exit code 0
2026-09-25 21:00:06.016 [976223244460] hub send "[Send] NVIDIA  APP|open_overlay" -> ok
2026-09-25 21:00:06.283 [976225916713] hub send "[Send] NVIDIA  APP|open_overlay" -> ok
2026-09-25 21:00:07.012 [976233211636] config.json Overlay.UseOverlayEnabled = true
2026-09-25 21:00:08.642 [976249516243] hub send "[Send] NVIDIA  APP|open_overlay" -> ok
2026-09-25 21:00:09.390 [976256991046] hub send "[Send] NVIDIA  APP|open_overlay" -> ok
2026-09-25 21:00:09.822 [976261303552] hub send "[Send] NVIDIA  APP|open_overlay" -> ok
2026-09-25 21:00:10.078 [976263865577] hub send "[Send] NVIDIA  APP|open_overlay" -> ok
2026-09-25 21:00:13.493 [976298018582] browser closed - quitting message loop
2026-09-25 21:00:13.606 [976299145121] host exit
2026-09-25 21:00:22.189 [976384984989] launcher-cef log opened (pid 18148)
2026-09-25 21:00:22.190 [976384990871] NvLauncherCefMain entered (pid 18148)
2026-09-25 21:00:22.191 [976384997632] browser process path
2026-09-25 21:00:22.193 [976385022917] http://127.0.0.1:65119/ serving C:\My Project\NVIDIA-Shadowplay\build\NVIDIA ShadowPlay\NvOverlay\Cef\Resources\launcher
2026-09-25 21:00:22.194 [976385026834] navigating to http://127.0.0.1:65119/index.html
2026-09-25 21:00:22.329 [976386378364] CefInitialize ok (window 1000x640)
2026-09-25 21:00:22.330 [976386393066] launcher-cef log opened (pid 34004)
2026-09-25 21:00:22.331 [976386397541] NvLauncherCefMain entered (pid 34004)
2026-09-25 21:00:22.344 [976386528014] adopt running: NvContainer
2026-09-25 21:00:22.361 [976386703287] adopt running: NvBackend
2026-09-25 21:00:22.394 [976387026038] browser object created
2026-09-25 21:00:22.471 [976387800649] launcher-cef log opened (pid 8364)
2026-09-25 21:00:22.472 [976387804483] NvLauncherCefMain entered (pid 8364)
2026-09-25 21:00:23.817 [976401266417] page loaded url=http://127.0.0.1:65119/index.html httpStatus=200
2026-09-25 21:00:28.985 [976452941944] browser closed - quitting message loop
2026-09-25 21:00:29.093 [976454014007] host exit
2026-09-25 21:04:24.321 [978806303392] launcher-cef log opened (pid 7144)
2026-09-25 21:04:24.322 [978806309689] NvLauncherCefMain entered (pid 7144)
2026-09-25 21:04:24.323 [978806316988] browser process path
2026-09-25 21:04:24.325 [978806340958] http://127.0.0.1:58742/ serving C:\My Project\NVIDIA-Shadowplay\build\NVIDIA ShadowPlay\NvOverlay\Cef\Resources\launcher
2026-09-25 21:04:24.326 [978806344398] navigating to http://127.0.0.1:58742/index.html
2026-09-25 21:04:24.441 [978807502530] CefInitialize ok (window 1000x640)
2026-09-25 21:04:24.472 [978807807198] browser object created
2026-09-25 21:04:24.493 [978808023726] launcher-cef log opened (pid 29876)
2026-09-25 21:04:24.494 [978808028808] NvLauncherCefMain entered (pid 29876)
2026-09-25 21:04:24.590 [978808987351] launcher-cef log opened (pid 36712)
2026-09-25 21:04:24.590 [978808990882] NvLauncherCefMain entered (pid 36712)
2026-09-25 21:04:25.941 [978822496605] page loaded url=http://127.0.0.1:58742/index.html httpStatus=200
2026-09-25 21:04:39.441 [978957502338] launcher-cef log opened (pid 25396)
2026-09-25 21:04:39.442 [978957505823] NvLauncherCefMain entered (pid 25396)
2026-09-25 21:04:39.913 [978962217593] subprocess exit code 0
2026-09-25 21:05:05.011 [979213197899] launcher-cef log opened (pid 33140)
2026-09-25 21:05:05.011 [979213202106] NvLauncherCefMain entered (pid 33140)
2026-09-25 21:05:05.012 [979213210112] browser process path
2026-09-25 21:05:05.016 [979213244851] http://127.0.0.1:57261/ serving C:\My Project\NVIDIA-Shadowplay\build\NVIDIA ShadowPlay\NvOverlay\Cef\Resources\launcher
2026-09-25 21:05:05.016 [979213250067] navigating to http://127.0.0.1:57261/index.html
2026-09-25 21:05:05.184 [979214932473] launcher-cef log opened (pid 16244)
2026-09-25 21:05:05.185 [979214936480] NvLauncherCefMain entered (pid 16244)
2026-09-25 21:05:05.198 [979215077834] CefInitialize ok (window 1000x640)
2026-09-25 21:05:05.246 [979215547484] browser object created
2026-09-25 21:05:05.346 [979216559940] launcher-cef log opened (pid 36216)
2026-09-25 21:05:05.348 [979216565056] NvLauncherCefMain entered (pid 36216)
2026-09-25 21:05:06.638 [979229469821] page loaded url=http://127.0.0.1:57261/index.html httpStatus=200
2026-09-25 21:05:20.182 [979364914540] launcher-cef log opened (pid 29268)
2026-09-25 21:05:20.182 [979364918408] NvLauncherCefMain entered (pid 29268)
2026-09-25 21:05:20.524 [979368330535] subprocess exit code 0
2026-09-25 21:08:12.365 [981086743520] launcher-cef log opened (pid 32640)
2026-09-25 21:08:12.365 [981086747579] NvLauncherCefMain entered (pid 32640)
2026-09-25 21:08:12.366 [981086752853] browser process path
2026-09-25 21:08:12.369 [981086782375] http://127.0.0.1:63750/ serving C:\My Project\NVIDIA-Shadowplay\build\NVIDIA ShadowPlay\NvOverlay\Cef\Resources\launcher
2026-09-25 21:08:12.369 [981086786051] navigating to http://127.0.0.1:63750/index.html
2026-09-25 21:08:12.485 [981087948008] CefInitialize ok (window 1000x640)
2026-09-25 21:08:12.493 [981088025531] launcher-cef log opened (pid 33956)
2026-09-25 21:08:12.494 [981088030723] NvLauncherCefMain entered (pid 33956)
2026-09-25 21:08:12.515 [981088234688] browser object created
2026-09-25 21:08:12.587 [981088956046] launcher-cef log opened (pid 17128)
2026-09-25 21:08:12.587 [981088959810] NvLauncherCefMain entered (pid 17128)
2026-09-25 21:08:13.806 [981101155078] page loaded url=http://127.0.0.1:63750/index.html httpStatus=200
2026-09-25 21:08:18.076 [981143850304] config.json Overlay.UseOverlayEnabled = false
2026-09-25 21:08:18.520 [981148292169] config.json Overlay.UseOverlayEnabled = true
2026-09-25 21:08:18.977 [981152856625] config.json Overlay.UseOverlayEnabled = false
2026-09-25 21:08:19.153 [981154627579] config.json Overlay.UseOverlayEnabled = true
2026-09-25 21:08:22.415 [981187239712] config.json Overlay.UseOverlayEnabled = false
2026-09-25 21:08:27.495 [981238037922] launcher-cef log opened (pid 2712)
2026-09-25 21:08:27.495 [981238041481] NvLauncherCefMain entered (pid 2712)
2026-09-25 21:08:27.845 [981241543840] subprocess exit code 0
2026-09-25 21:09:00.487 [981567962786] launcher-cef log opened (pid 20908)
2026-09-25 21:09:00.487 [981567966372] NvLauncherCefMain entered (pid 20908)
2026-09-25 21:09:00.488 [981567970924] browser process path
2026-09-25 21:09:00.490 [981567992828] http://127.0.0.1:49428/ serving C:\My Project\NVIDIA-Shadowplay\build\NVIDIA ShadowPlay\NvOverlay\Cef\Resources\launcher
2026-09-25 21:09:00.490 [981567996680] navigating to http://127.0.0.1:49428/index.html
2026-09-25 21:09:00.587 [981568960999] CefInitialize ok (window 1000x640)
2026-09-25 21:09:00.599 [981569083869] launcher-cef log opened (pid 25408)
2026-09-25 21:09:00.600 [981569089533] NvLauncherCefMain entered (pid 25408)
2026-09-25 21:09:00.613 [981569215528] browser object created
2026-09-25 21:09:00.712 [981570203148] launcher-cef log opened (pid 26436)
2026-09-25 21:09:00.712 [981570208732] NvLauncherCefMain entered (pid 26436)
2026-09-25 21:09:01.913 [981582218900] page loaded url=http://127.0.0.1:49428/index.html httpStatus=200
2026-09-25 21:09:15.613 [981719223547] launcher-cef log opened (pid 35560)
2026-09-25 21:09:15.613 [981719226973] NvLauncherCefMain entered (pid 35560)
2026-09-25 21:09:16.030 [981723386736] subprocess exit code 0
2026-09-25 21:11:54.909 [983312177159] launcher-cef log opened (pid 30616)
2026-09-25 21:11:54.909 [983312182026] NvLauncherCefMain entered (pid 30616)
2026-09-25 21:11:54.910 [983312189771] browser process path
2026-09-25 21:11:54.912 [983312213721] http://127.0.0.1:51732/ serving C:\My Project\NVIDIA-Shadowplay\build\NVIDIA ShadowPlay\NvOverlay\Cef\Resources\launcher
2026-09-25 21:11:54.912 [983312217348] navigating to http://127.0.0.1:51732/index.html
2026-09-25 21:11:55.033 [983313423586] CefInitialize ok (window 1000x640)
2026-09-25 21:11:55.046 [983313546638] launcher-cef log opened (pid 37488)
2026-09-25 21:11:55.046 [983313551946] NvLauncherCefMain entered (pid 37488)
2026-09-25 21:11:55.059 [983313684436] browser object created
2026-09-25 21:11:55.139 [983314481854] launcher-cef log opened (pid 9624)
2026-09-25 21:11:55.140 [983314486389] NvLauncherCefMain entered (pid 9624)
2026-09-25 21:11:56.389 [983326982249] page loaded url=http://127.0.0.1:51732/index.html httpStatus=200
2026-09-25 21:12:10.040 [983463489154] launcher-cef log opened (pid 30124)
2026-09-25 21:12:10.041 [983463494161] NvLauncherCefMain entered (pid 30124)
2026-09-25 21:12:10.344 [983466528520] subprocess exit code 0
2026-09-25 21:14:01.994 [984583029359] launcher-cef log opened (pid 26776)
2026-09-25 21:14:01.995 [984583034521] NvLauncherCefMain entered (pid 26776)
2026-09-25 21:14:01.995 [984583039293] browser process path
2026-09-25 21:14:01.998 [984583062312] http://127.0.0.1:51139/ serving C:\My Project\NVIDIA-Shadowplay\build\NVIDIA ShadowPlay\NvOverlay\Cef\Resources\launcher
2026-09-25 21:14:01.998 [984583066287] navigating to http://127.0.0.1:51139/index.html
2026-09-25 21:14:02.109 [984584176090] CefInitialize ok (window 1000x640)
2026-09-25 21:14:02.121 [984584302385] launcher-cef log opened (pid 27244)
2026-09-25 21:14:02.122 [984584307366] NvLauncherCefMain entered (pid 27244)
2026-09-25 21:14:02.150 [984584593932] browser object created
2026-09-25 21:14:02.228 [984585365389] launcher-cef log opened (pid 13128)
2026-09-25 21:14:02.228 [984585369614] NvLauncherCefMain entered (pid 13128)
2026-09-25 21:14:03.443 [984597519905] page loaded url=http://127.0.0.1:51139/index.html httpStatus=200
2026-09-25 21:14:17.113 [984734215624] launcher-cef log opened (pid 28296)
2026-09-25 21:14:17.113 [984734219377] NvLauncherCefMain entered (pid 28296)
2026-09-25 21:14:17.415 [984737233195] subprocess exit code 0
2026-09-25 21:16:20.265 [985965733932] subprocess exit code 0
2026-09-25 21:20:41.293 [988576025164] launcher-cef log opened (pid 23944)
2026-09-25 21:20:41.293 [988576028221] NvLauncherCefMain entered (pid 23944)
2026-09-25 21:20:41.293 [988576032318] browser process path
2026-09-25 21:20:41.296 [988576055724] http://127.0.0.1:62793/ serving C:\My Project\NVIDIA-Shadowplay\build\NVIDIA ShadowPlay\NvOverlay\Cef\Resources\launcher
2026-09-25 21:20:41.296 [988576058812] navigating to http://127.0.0.1:62793/index.html
2026-09-25 21:20:41.399 [988577087803] CefInitialize ok (window 1000x640)
2026-09-25 21:20:41.421 [988577301830] browser object created
2026-09-25 21:20:41.422 [988577317939] launcher-cef log opened (pid 33260)
2026-09-25 21:20:41.423 [988577321983] NvLauncherCefMain entered (pid 33260)
2026-09-25 21:20:41.492 [988578008418] launcher-cef log opened (pid 26676)
2026-09-25 21:20:41.492 [988578011622] NvLauncherCefMain entered (pid 26676)
2026-09-25 21:20:42.712 [988590213457] page loaded url=http://127.0.0.1:62793/index.html httpStatus=200
2026-09-25 21:20:56.423 [988727317825] launcher-cef log opened (pid 36256)
2026-09-25 21:20:56.423 [988727321961] NvLauncherCefMain entered (pid 36256)
2026-09-25 21:20:56.708 [988730167211] subprocess exit code 0
2026-09-25 21:38:10.713 [999070222374] launcher-cef log opened (pid 16840)
2026-09-25 21:38:10.713 [999070225333] NvLauncherCefMain entered (pid 16840)
2026-09-25 21:38:10.714 [999070229415] browser process path
2026-09-25 21:38:10.716 [999070253122] http://127.0.0.1:52215/ serving C:\My Project\NVIDIA-Shadowplay\build\NVIDIA ShadowPlay\NvOverlay\Cef\Resources\launcher
2026-09-25 21:38:10.716 [999070256259] navigating to http://127.0.0.1:52215/index.html
2026-09-25 21:38:10.869 [999071781569] CefInitialize ok (window 1000x640)
2026-09-25 21:38:10.902 [999072107930] browser object created
2026-09-25 21:38:10.912 [999072207109] launcher-cef log opened (pid 33376)
2026-09-25 21:38:10.913 [999072219656] NvLauncherCefMain entered (pid 33376)
2026-09-25 21:38:11.010 [999073185503] launcher-cef log opened (pid 29500)
2026-09-25 21:38:11.010 [999073188373] NvLauncherCefMain entered (pid 29500)
2026-09-25 21:38:12.219 [999085287567] page loaded url=http://127.0.0.1:52215/index.html httpStatus=200
2026-09-25 21:38:15.790 [999120991424] hub send "[Send] NVIDIA  APP|open_overlay" -> failed
2026-09-25 21:38:17.911 [999142201251] hub send "[Send] NVIDIA  APP|open_overlay" -> failed
2026-09-25 21:38:19.938 [999162469083] hub send "[Send] NVIDIA  APP|open_overlay" -> failed
2026-09-25 21:38:19.944 [999162530719] config.json Overlay.UseOverlayEnabled = true
2026-09-25 21:38:19.949 [999162579719] config.json Overlay.UseOverlayEnabled = false
2026-09-25 21:38:20.092 [999164011626] config.json Overlay.UseOverlayEnabled = true
2026-09-25 21:38:22.127 [999184361481] hub send "[Send] NVIDIA  APP|open_overlay" -> failed
2026-09-25 21:38:24.312 [999206211574] hub send "[Send] NVIDIA  APP|open_overlay" -> failed
2026-09-25 21:38:24.321 [999206305170] config.json Overlay.EngineOverlayMode = true
2026-09-25 21:38:24.322 [999206311309] engine overlay chain: begin
2026-09-25 21:38:24.334 [999206434018] adopt running: NvContainer
2026-09-25 21:38:24.349 [999206585010] adopt running: NVIDIA Web Helper
2026-09-25 21:38:24.374 [999206833670] started: "C:\My Project\NVIDIA-Shadowplay\build\NVIDIA ShadowPlay\NvOverlay\Cef\NVIDIA Share.exe" --backend-port 59001
2026-09-25 21:38:24.374 [999206837046] engine overlay chain: done
2026-09-25 21:38:24.413 [999207216399] config.json Overlay.EngineOverlayMode = false
2026-09-25 21:38:24.428 [999207367949] killed: NVIDIA Share pid 31116 (overlay mode OFF)
2026-09-25 21:38:24.431 [999207405211] config.json Overlay.UseOverlayEnabled = false
2026-09-25 21:38:25.873 [999221822738] launcher-cef log opened (pid 32096)
2026-09-25 21:38:25.875 [999221841742] NvLauncherCefMain entered (pid 32096)
2026-09-25 21:38:26.340 [999226492968] subprocess exit code 0
2026-09-25 21:38:26.762 [999230709044] config.json Overlay.EngineOverlayMode = true
2026-09-25 21:38:26.762 [999230712439] engine overlay chain already running
2026-09-25 21:38:27.278 [999235868705] borrow caption frame for window animation
2026-09-25 21:38:30.985 [999272949562] borrow caption frame for window animation
2026-09-25 21:38:34.167 [999304766493] config.json Overlay.EngineOverlayMode = false
2026-09-25 21:38:35.605 [999319139310] config.json Overlay.UseOverlayEnabled = true
2026-09-25 21:38:36.780 [999330890047] config.json Overlay.UseOverlayEnabled = false
2026-09-25 21:38:36.959 [999332683093] config.json Overlay.UseOverlayEnabled = true
2026-09-25 21:38:37.140 [999334483850] config.json Overlay.UseOverlayEnabled = false
2026-09-25 21:38:37.307 [999336161699] config.json Overlay.UseOverlayEnabled = true
2026-09-25 21:38:37.700 [999340091113] config.json Overlay.UseOverlayEnabled = false
2026-09-25 21:38:40.154 [999364631118] hub send "[Send] NVIDIA  APP|open_overlay" -> failed
2026-09-25 21:38:42.267 [999385760850] hub send "[Send] NVIDIA  APP|open_overlay" -> failed
2026-09-25 21:38:44.298 [999406063814] hub send "[Send] NVIDIA  APP|open_overlay" -> failed
2026-09-25 21:38:46.319 [999426281132] hub send "[Send] NVIDIA  APP|open_overlay" -> failed
2026-09-25 21:38:48.350 [999446588059] hub send "[Send] NVIDIA  APP|open_overlay" -> failed
2026-09-25 21:38:48.414 [999447225600] config.json Overlay.UseOverlayEnabled = false
2026-09-25 21:38:48.441 [999447501007] killed: NVIDIA Notifier.exe pid 15960
2026-09-25 21:38:48.489 [999447979461] killed: NVIDIA ShadowPlay.exe pid 34020
2026-09-25 21:38:48.513 [999448224244] kill open failed: NvContainer.exe pid 4812 err 5
2026-09-25 21:38:48.514 [999448231029] kill open failed: NvContainer.exe pid 9392 err 5
2026-09-25 21:38:48.568 [999448769774] killed: NvContainer.exe pid 12656
2026-09-25 21:38:48.598 [999449066813] installer exit complete
2026-09-25 21:38:48.598 [999449069526] borrow caption frame for window animation
2026-09-25 21:38:48.599 [999449082321] borrow caption frame for window animation
2026-09-25 21:38:48.600 [999449092165] borrow caption frame for window animation
2026-09-25 21:38:49.308 [999456173144] browser closed - quitting message loop
2026-09-25 21:38:49.374 [999456830849] host exit
2026-09-25 22:03:27.976 [1014242846493] launcher-cef log opened (pid 15008)
2026-09-25 22:03:27.976 [1014242849687] NvLauncherCefMain entered (pid 15008)
2026-09-25 22:03:27.976 [1014242853629] browser process path
2026-09-25 22:03:27.978 [1014242876179] http://127.0.0.1:65526/ serving C:\My Project\NVIDIA-Shadowplay\build\NVIDIA ShadowPlay\NvOverlay\Cef\Resources\launcher
2026-09-25 22:03:27.979 [1014242879864] navigating to http://127.0.0.1:65526/index.html
2026-09-25 22:03:28.103 [1014244113722] CefInitialize ok (window 1000x640)
2026-09-25 22:03:28.112 [1014244208980] adopt running: NvContainer
2026-09-25 22:03:28.115 [1014244244868] launcher-cef log opened (pid 15344)
2026-09-25 22:03:28.116 [1014244250760] NvLauncherCefMain entered (pid 15344)
2026-09-25 22:03:28.129 [1014244378593] started: "C:\My Project\NVIDIA-Shadowplay\build\NVIDIA ShadowPlay\NvBackend\NvBackend.exe"
2026-09-25 22:03:28.166 [1014244748644] browser object created
2026-09-25 22:03:28.207 [1014245158397] stale Flags\Ready removed (notifier down)
2026-09-25 22:03:28.242 [1014245504809] launcher-cef log opened (pid 13768)
2026-09-25 22:03:28.242 [1014245508235] NvLauncherCefMain entered (pid 13768)
2026-09-25 22:03:29.442 [1014257514646] page loaded url=http://127.0.0.1:65526/index.html httpStatus=200
2026-09-25 22:03:31.629 [1014279377471] borrow caption frame for window animation
2026-09-25 22:03:35.210 [1014315198796] borrow caption frame for window animation
2026-09-25 22:03:35.212 [1014315215719] borrow caption frame for window animation
2026-09-25 22:03:35.213 [1014315232501] borrow caption frame for window animation
2026-09-25 22:03:35.235 [1014315439087] browser closed - quitting message loop
2026-09-25 22:03:35.270 [1014315787059] host exit
2026-09-25 22:03:36.263 [1014325721308] launcher-cef log opened (pid 28960)
2026-09-25 22:03:36.263 [1014325726018] NvLauncherCefMain entered (pid 28960)
2026-09-25 22:03:36.263 [1014325730500] browser process path
2026-09-25 22:03:36.266 [1014325753462] http://127.0.0.1:49160/ serving C:\My Project\NVIDIA-Shadowplay\build\NVIDIA ShadowPlay\NvOverlay\Cef\Resources\launcher
2026-09-25 22:03:36.266 [1014325756443] navigating to http://127.0.0.1:49160/index.html
2026-09-25 22:03:36.381 [1014326901795] launcher-cef log opened (pid 25768)
2026-09-25 22:03:36.381 [1014326905562] NvLauncherCefMain entered (pid 25768)
2026-09-25 22:03:36.385 [1014326938009] CefInitialize ok (window 1000x640)
2026-09-25 22:03:36.395 [1014327039204] adopt running: NvContainer
2026-09-25 22:03:36.406 [1014327146125] adopt running: NvBackend
2026-09-25 22:03:36.458 [1014327663865] browser object created
2026-09-25 22:03:36.519 [1014328280431] launcher-cef log opened (pid 28820)
2026-09-25 22:03:36.520 [1014328284504] NvLauncherCefMain entered (pid 28820)
2026-09-25 22:03:37.711 [1014340201343] page loaded url=http://127.0.0.1:49160/index.html httpStatus=200
2026-09-25 22:03:41.705 [1014380142484] config.json Overlay.EngineOverlayMode = true
2026-09-25 22:03:41.706 [1014380150701] engine overlay chain: begin
2026-09-25 22:03:41.715 [1014380242744] adopt running: NvContainer
2026-09-25 22:03:41.731 [1014380402629] started: "C:\My Project\NVIDIA-Shadowplay\build\NVIDIA ShadowPlay\NvBackend\NVIDIA Web Helper.exe"
2026-09-25 22:03:41.753 [1014380623739] started: "C:\My Project\NVIDIA-Shadowplay\build\NVIDIA ShadowPlay\NvOverlay\Cef\NVIDIA Share.exe" --backend-port 59001
2026-09-25 22:03:41.753 [1014380626396] engine overlay chain: done
2026-09-25 22:03:42.481 [1014387895624] config.json Overlay.EngineOverlayMode = false
2026-09-25 22:03:42.507 [1014388158476] killed: NVIDIA Share pid 35712 (overlay mode OFF)
2026-09-25 22:03:42.534 [1014388429162] killed: NVIDIA Share pid 27196 (overlay mode OFF)
2026-09-25 22:03:43.618 [1014399268190] config.json Overlay.EngineOverlayMode = true
2026-09-25 22:03:43.618 [1014399270700] engine overlay chain already running
2026-09-25 22:03:44.144 [1014404528576] config.json Overlay.EngineOverlayMode = false
2026-09-25 22:03:44.571 [1014408803121] config.json Overlay.EngineOverlayMode = true
2026-09-25 22:03:44.571 [1014408807023] engine overlay chain already running
2026-09-25 22:03:46.456 [1014427659800] config.json Overlay.EngineOverlayMode = false
2026-09-25 22:03:46.528 [1014428365523] killed: NVIDIA Share pid 35276 (overlay mode OFF)
2026-09-25 22:03:47.111 [1014434198030] config.json Overlay.EngineOverlayMode = true
2026-09-25 22:03:47.111 [1014434202017] engine overlay chain already running
2026-09-25 22:03:49.224 [1014455335017] config.json Overlay.UseOverlayEnabled = true
2026-09-25 22:03:49.522 [1014458305552] config.json Overlay.UseOverlayEnabled = false
2026-09-25 22:03:50.164 [1014464725824] config.json Overlay.UseOverlayEnabled = true
2026-09-25 22:03:51.379 [1014476887103] launcher-cef log opened (pid 19828)
2026-09-25 22:03:51.380 [1014476891447] NvLauncherCefMain entered (pid 19828)
2026-09-25 22:03:51.695 [1014480043788] subprocess exit code 0
2026-09-25 22:03:51.770 [1014480794515] config.json Overlay.UseOverlayEnabled = false
2026-09-25 22:03:52.643 [1014489522797] stale Flags\Ready removed (notifier down)
2026-09-25 22:03:55.966 [1014522755833] config.json Overlay.UseOverlayEnabled = true
2026-09-25 22:04:00.098 [1014564075468] config.json Overlay.EngineOverlayMode = false
2026-09-25 22:04:01.957 [1014582658437] config.json Overlay.EngineOverlayMode = true
2026-09-25 22:04:01.957 [1014582660964] engine overlay chain already running
2026-09-25 22:04:02.641 [1014589499146] config.json Overlay.EngineOverlayMode = false
2026-09-25 22:04:02.825 [1014591341801] config.json Overlay.EngineOverlayMode = true
2026-09-25 22:04:02.825 [1014591345826] engine overlay chain already running
2026-09-25 22:04:03.280 [1014595889613] config.json Overlay.EngineOverlayMode = false
2026-09-25 22:04:04.045 [1014603542756] config.json Overlay.EngineOverlayMode = true
2026-09-25 22:04:04.046 [1014603547073] engine overlay chain already running
2026-09-25 22:04:04.642 [1014609514295] config.json Overlay.EngineOverlayMode = false
2026-09-25 22:04:05.300 [1014616087028] config.json Overlay.EngineOverlayMode = true
2026-09-25 22:04:05.300 [1014616090785] engine overlay chain already running
2026-09-25 22:04:06.149 [1014624571668] config.json Overlay.EngineOverlayMode = false
2026-09-25 22:04:07.129 [1014634377511] config.json Overlay.UseOverlayEnabled = false
2026-09-25 22:04:07.805 [1014641140360] stale Flags\Ready removed (notifier down)
2026-09-25 22:04:08.286 [1014645951451] hub send "[Send] NVIDIA  APP|open_overlay" -> ok
2026-09-25 22:04:09.068 [1014653766330] hub send "[Send] NVIDIA  APP|open_overlay" -> ok
2026-09-25 22:04:09.678 [1014659868029] config.json Overlay.UseOverlayEnabled = true
2026-09-25 22:04:10.897 [1014672063295] config.json Overlay.UseOverlayEnabled = false
2026-09-25 22:04:11.734 [1014680433663] config.json Overlay.UseOverlayEnabled = true
2026-09-25 22:04:12.120 [1014684292571] config.json Overlay.UseOverlayEnabled = false
2026-09-25 22:04:12.472 [1014687812268] stale Flags\Ready removed (notifier down)
2026-09-25 22:04:14.472 [1014707811325] hub send "[Send] NVIDIA  APP|open_overlay" -> ok
2026-09-25 22:04:14.956 [1014712642476] hub send "[Send] NVIDIA  APP|open_overlay" -> ok
2026-09-25 22:04:15.140 [1014714486327] hub send "[Send] NVIDIA  APP|open_overlay" -> ok
2026-09-25 22:04:25.870 [1014821790493] borrow caption frame for window animation
2026-09-25 22:04:25.872 [1014821811453] borrow caption frame for window animation
2026-09-25 22:04:25.874 [1014821826931] borrow caption frame for window animation
2026-09-25 22:04:25.916 [1014822249103] browser closed - quitting message loop
2026-09-25 22:04:26.039 [1014823485218] host exit
2026-09-25 22:05:47.395 [1015637041391] launcher-cef log opened (pid 22764)
2026-09-25 22:05:47.396 [1015637045441] NvLauncherCefMain entered (pid 22764)
2026-09-25 22:05:47.396 [1015637052497] browser process path
2026-09-25 22:05:47.398 [1015637076144] http://127.0.0.1:59336/ serving C:\My Project\NVIDIA-Shadowplay\build\NVIDIA ShadowPlay\NvOverlay\Cef\Resources\launcher
2026-09-25 22:05:47.399 [1015637080006] navigating to http://127.0.0.1:59336/index.html
2026-09-25 22:05:47.522 [1015638311019] CefInitialize ok (window 1000x640)
2026-09-25 22:05:47.556 [1015638660182] launcher-cef log opened (pid 37600)
2026-09-25 22:05:47.558 [1015638674621] NvLauncherCefMain entered (pid 37600)
2026-09-25 22:05:47.574 [1015638833072] browser object created
2026-09-25 22:05:47.680 [1015639888071] launcher-cef log opened (pid 31348)
2026-09-25 22:05:47.680 [1015639892684] NvLauncherCefMain entered (pid 31348)
2026-09-25 22:05:48.962 [1015652710843] page loaded url=http://127.0.0.1:59336/index.html httpStatus=200
2026-09-25 22:05:53.953 [1015702623146] hub send "[Send] NVIDIA  APP|open_overlay" -> ok
2026-09-25 22:05:54.218 [1015705274843] hub send "[Send] NVIDIA  APP|open_overlay" -> ok
2026-09-25 22:05:54.900 [1015712082839] config.json Overlay.EngineOverlayMode = true
2026-09-25 22:05:54.900 [1015712090677] engine overlay chain: begin
2026-09-25 22:05:54.909 [1015712175702] adopt running: NvContainer
2026-09-25 22:05:54.928 [1015712375523] started: "C:\My Project\NVIDIA-Shadowplay\build\NVIDIA ShadowPlay\NvBackend\NVIDIA Web Helper.exe"
2026-09-25 22:05:54.950 [1015712590751] started: "C:\My Project\NVIDIA-Shadowplay\build\NVIDIA ShadowPlay\NvOverlay\Cef\NVIDIA Share.exe" --backend-port 59001
2026-09-25 22:05:54.950 [1015712595277] engine overlay chain: done
2026-09-25 22:05:55.319 [1015716280424] config.json Overlay.EngineOverlayMode = false
2026-09-25 22:05:55.358 [1015716663368] killed: NVIDIA Share pid 29464 (overlay mode OFF)
2026-09-25 22:05:55.370 [1015716787248] killed: NVIDIA Share pid 28636 (overlay mode OFF)
2026-09-25 22:05:55.766 [1015720744206] config.json Overlay.UseOverlayEnabled = true
2026-09-25 22:05:58.303 [1015746127111] config.json Overlay.EngineOverlayMode = true
2026-09-25 22:05:58.304 [1015746131079] engine overlay chain already running
2026-09-25 22:06:00.863 [1015771728847] config.json Overlay.UseOverlayEnabled = false
2026-09-25 22:06:01.704 [1015780130253] config.json Overlay.EngineOverlayMode = false
2026-09-25 22:06:01.808 [1015781176581] killed: NVIDIA Share pid 32112 (overlay mode OFF)
2026-09-25 22:06:01.809 [1015781180216] kill open failed: NVIDIA Share pid 21644 err 87
2026-09-25 22:06:01.809 [1015781182812] kill open failed: NVIDIA Share pid 14100 err 87
2026-09-25 22:06:02.294 [1015786032111] config.json Overlay.UseOverlayEnabled = false
2026-09-25 22:06:02.331 [1015786399323] kill open failed: NvContainer.exe pid 4812 err 5
2026-09-25 22:06:02.331 [1015786406264] kill open failed: NvContainer.exe pid 9392 err 5
2026-09-25 22:06:02.383 [1015786922851] killed: NvContainer.exe pid 33024
2026-09-25 22:06:02.418 [1015787270419] killed: NvBackend.exe pid 32272
2026-09-25 22:06:02.444 [1015787535264] installer exit complete
2026-09-25 22:06:02.445 [1015787538848] borrow caption frame for window animation
2026-09-25 22:06:02.448 [1015787568957] borrow caption frame for window animation
2026-09-25 22:06:02.450 [1015787591923] borrow caption frame for window animation
2026-09-25 22:06:02.501 [1015788108324] browser closed - quitting message loop
2026-09-25 22:06:02.562 [1015788712703] launcher-cef log opened (pid 17740)
2026-09-25 22:06:02.563 [1015788717459] NvLauncherCefMain entered (pid 17740)
2026-09-25 22:06:02.704 [1015790133484] host exit
2026-09-25 22:09:02.732 [1017590409760] launcher-cef log opened (pid 11144)
2026-09-25 22:09:02.732 [1017590414033] NvLauncherCefMain entered (pid 11144)
2026-09-25 22:09:02.733 [1017590422323] browser process path
2026-09-25 22:09:02.737 [1017590462986] http://127.0.0.1:62189/ serving C:\My Project\NVIDIA-Shadowplay\build\NVIDIA ShadowPlay\NvOverlay\Cef\Resources\launcher
2026-09-25 22:09:02.738 [1017590473230] navigating to http://127.0.0.1:62189/index.html
2026-09-25 22:09:03.005 [1017593138922] CefInitialize ok (window 1152x648)
2026-09-25 22:09:03.058 [1017593677308] browser object created
2026-09-25 22:09:03.097 [1017594058628] launcher-cef log opened (pid 36804)
2026-09-25 22:09:03.097 [1017594064472] NvLauncherCefMain entered (pid 36804)
2026-09-25 22:09:03.330 [1017596392184] launcher-cef log opened (pid 33984)
2026-09-25 22:09:03.331 [1017596403430] NvLauncherCefMain entered (pid 33984)
2026-09-25 22:09:05.131 [1017614407602] page loaded url=http://127.0.0.1:62189/index.html httpStatus=200
2026-09-25 22:09:18.017 [1017743260559] launcher-cef log opened (pid 32688)
2026-09-25 22:09:18.017 [1017743265391] NvLauncherCefMain entered (pid 32688)
2026-09-25 22:09:18.740 [1017750491920] subprocess exit code 0
2026-09-25 22:09:21.900 [1017782093032] config.json Overlay.UseOverlayEnabled = true
2026-09-25 22:09:22.404 [1017787127101] config.json Overlay.UseOverlayEnabled = false
2026-09-25 22:09:25.816 [1017821245365] config.json Overlay.EngineOverlayMode = true
2026-09-25 22:09:25.816 [1017821253849] engine overlay chain: begin
2026-09-25 22:09:25.829 [1017821384709] adopt running: NvContainer
2026-09-25 22:09:25.856 [1017821655681] started: "C:\My Project\NVIDIA-Shadowplay\build\NVIDIA ShadowPlay\NvBackend\NVIDIA Web Helper.exe"
2026-09-25 22:09:25.876 [1017821852119] CEF overlay already running from NvOverlay\Cef - adopted
2026-09-25 22:09:25.876 [1017821856515] engine overlay chain: done
2026-09-25 22:09:26.110 [1017824194034] config.json Overlay.EngineOverlayMode = false
2026-09-25 22:09:26.230 [1017825391639] killed: NVIDIA Share pid 29032 (overlay mode OFF)
2026-09-25 22:09:26.520 [1017828288985] config.json Overlay.EngineOverlayMode = true
2026-09-25 22:09:26.520 [1017828291636] engine overlay chain already running
2026-09-25 22:09:26.705 [1017830143092] config.json Overlay.EngineOverlayMode = false
2026-09-25 22:09:26.894 [1017832034029] config.json Overlay.EngineOverlayMode = true
2026-09-25 22:09:26.894 [1017832037826] engine overlay chain already running
2026-09-25 22:09:27.024 [1017833326273] config.json Overlay.EngineOverlayMode = false
2026-09-25 22:09:27.531 [1017838401693] config.json Overlay.EngineOverlayMode = true
2026-09-25 22:09:27.532 [1017838405149] engine overlay chain already running
2026-09-25 22:09:27.559 [1017838683193] config.json Overlay.EngineOverlayMode = false
2026-09-25 22:09:28.276 [1017845860564] config.json Overlay.EngineOverlayMode = true
2026-09-25 22:09:28.278 [1017845864320] engine overlay chain already running
2026-09-25 22:09:29.334 [1017856432073] config.json Overlay.UseOverlayEnabled = true
2026-09-25 22:09:34.138 [1017904472893] config.json Overlay.UseOverlayEnabled = false
2026-09-25 22:09:35.086 [1017913957328] config.json Overlay.EngineOverlayMode = false
2026-09-25 22:09:35.113 [1017914217407] killed: NVIDIA Share pid 35444 (overlay mode OFF)
2026-09-25 22:09:35.128 [1017914368322] killed: NVIDIA Share pid 30148 (overlay mode OFF)
2026-09-25 22:09:35.727 [1017920355652] config.json Overlay.UseOverlayEnabled = false
2026-09-25 22:09:35.764 [1017920726874] kill open failed: NvContainer.exe pid 4812 err 5
2026-09-25 22:09:35.765 [1017920734482] kill open failed: NvContainer.exe pid 9392 err 5
2026-09-25 22:09:35.825 [1017921340954] killed: NvContainer.exe pid 24116
2026-09-25 22:09:35.857 [1017921663826] installer exit complete
2026-09-25 22:09:35.858 [1017921667155] borrow caption frame for window animation
2026-09-25 22:09:35.859 [1017921683144] borrow caption frame for window animation
2026-09-25 22:09:35.860 [1017921693698] borrow caption frame for window animation
2026-09-25 22:09:35.929 [1017922383150] browser closed - quitting message loop
2026-09-25 22:09:35.989 [1017922986303] host exit
2026-09-25 22:10:25.214 [1018415230744] launcher-cef log opened (pid 5552)
2026-09-25 22:10:25.214 [1018415234314] NvLauncherCefMain entered (pid 5552)
2026-09-25 22:10:25.215 [1018415240489] browser process path
2026-09-25 22:10:25.218 [1018415271976] http://127.0.0.1:57952/ serving C:\My Project\NVIDIA-Shadowplay\build\NVIDIA ShadowPlay\NvOverlay\Cef\Resources\launcher
2026-09-25 22:10:25.219 [1018415275810] navigating to http://127.0.0.1:57952/index.html
2026-09-25 22:10:25.358 [1018416672263] CefInitialize ok (window 1152x648)
2026-09-25 22:10:25.372 [1018416808726] adopt running: NvContainer
2026-09-25 22:10:25.380 [1018416892133] launcher-cef log opened (pid 31980)
2026-09-25 22:10:25.381 [1018416896619] NvLauncherCefMain entered (pid 31980)
2026-09-25 22:10:25.396 [1018417046411] started: "C:\My Project\NVIDIA-Shadowplay\build\NVIDIA ShadowPlay\NvBackend\NvBackend.exe"
2026-09-25 22:10:25.422 [1018417310061] browser object created
2026-09-25 22:10:25.498 [1018418073955] stale Flags\Ready removed (notifier down)
2026-09-25 22:10:25.511 [1018418201831] launcher-cef log opened (pid 34236)
2026-09-25 22:10:25.512 [1018418207061] NvLauncherCefMain entered (pid 34236)
2026-09-25 22:10:27.248 [1018435567601] page loaded url=http://127.0.0.1:57952/index.html httpStatus=200
2026-09-25 22:10:40.371 [1018566802453] launcher-cef log opened (pid 24208)
2026-09-25 22:10:40.372 [1018566805861] NvLauncherCefMain entered (pid 24208)
2026-09-25 22:10:41.026 [1018573344512] subprocess exit code 0
2026-09-25 22:11:33.019 [1019093277188] config.json Overlay.UseOverlayEnabled = false
2026-09-25 22:11:33.054 [1019093636894] kill open failed: NvContainer.exe pid 4812 err 5
2026-09-25 22:11:33.055 [1019093643092] kill open failed: NvContainer.exe pid 9392 err 5
2026-09-25 22:11:33.104 [1019094135860] killed: NvContainer.exe pid 21600
2026-09-25 22:11:33.133 [1019094421702] killed: NvBackend.exe pid 8908
2026-09-25 22:11:33.154 [1019094631292] installer exit complete
2026-09-25 22:11:33.154 [1019094634278] borrow caption frame for window animation
2026-09-25 22:11:33.157 [1019094657266] borrow caption frame for window animation
2026-09-25 22:11:33.159 [1019094683221] borrow caption frame for window animation
2026-09-25 22:11:33.185 [1019094941393] browser closed - quitting message loop
2026-09-25 22:11:33.302 [1019096108679] host exit
[test] append ok 22:15:17
2026-09-25 22:15:17.769 [1021340781172] launcher-cef log opened (pid 35512)
2026-09-25 22:15:17.769 [1021340783918] NvLauncherCefMain entered (pid 35512)
2026-09-25 22:15:17.769 [1021340787727] browser process path
2026-09-25 22:15:17.772 [1021340811918] http://127.0.0.1:60252/ serving C:\My Project\NVIDIA-Shadowplay\build\NVIDIA ShadowPlay\NvOverlay\Cef\Resources\launcher
2026-09-25 22:15:17.772 [1021340815655] navigating to http://127.0.0.1:60252/index.html
2026-09-25 22:15:17.887 [1021341967859] CefInitialize ok (window 1152x648)
2026-09-25 22:15:17.900 [1021342091091] adopt running: NvContainer
2026-09-25 22:15:17.911 [1021342197274] launcher-cef log opened (pid 25488)
2026-09-25 22:15:17.911 [1021342200546] NvLauncherCefMain entered (pid 25488)
2026-09-25 22:15:17.927 [1021342353795] started: "C:\My Project\NVIDIA-Shadowplay\build\NVIDIA ShadowPlay\NvBackend\NvBackend.exe"
2026-09-25 22:15:17.967 [1021342754623] browser object created
2026-09-25 22:15:18.076 [1021343849646] launcher-cef log opened (pid 10900)
2026-09-25 22:15:18.077 [1021343853132] NvLauncherCefMain entered (pid 10900)
2026-09-25 22:15:19.296 [1021356049823] page loaded url=http://127.0.0.1:60252/index.html httpStatus=200
2026-09-25 22:15:32.901 [1021492096042] launcher-cef log opened (pid 33932)
2026-09-25 22:15:32.901 [1021492099582] NvLauncherCefMain entered (pid 33932)
2026-09-25 22:15:33.246 [1021495550677] subprocess exit code 0
2026-09-25 22:15:59.336 [1021756456183] subprocess exit code 0
2026-09-25 22:17:21.603 [1022579124309] launcher-cef log opened (pid 13148)
2026-09-25 22:17:21.603 [1022579127275] NvLauncherCefMain entered (pid 13148)
2026-09-25 22:17:21.604 [1022579131474] browser process path
2026-09-25 22:17:21.607 [1022579153318] http://127.0.0.1:52318/ serving C:\My Project\NVIDIA-Shadowplay\build\NVIDIA ShadowPlay\NvOverlay\Cef\Resources\launcher
2026-09-25 22:17:21.607 [1022579157842] navigating to http://127.0.0.1:52318/index.html
2026-09-25 22:17:21.746 [1022580551258] CefInitialize ok (window 1152x648)
2026-09-25 22:17:21.750 [1022580583688] launcher-cef log opened (pid 33956)
2026-09-25 22:17:21.750 [1022580588122] NvLauncherCefMain entered (pid 33956)
2026-09-25 22:17:21.756 [1022580658090] adopt running: NvContainer
2026-09-25 22:17:21.769 [1022580783717] adopt running: NvBackend
2026-09-25 22:17:21.805 [1022581138541] browser object created
2026-09-25 22:17:21.876 [1022581849232] launcher-cef log opened (pid 11968)
2026-09-25 22:17:21.877 [1022581851878] NvLauncherCefMain entered (pid 11968)
2026-09-25 22:17:23.081 [1022593897461] page loaded url=http://127.0.0.1:52318/index.html httpStatus=200
2026-09-25 22:17:36.738 [1022730466415] launcher-cef log opened (pid 15148)
2026-09-25 22:17:36.738 [1022730470248] NvLauncherCefMain entered (pid 15148)
2026-09-25 22:17:37.126 [1022734348067] subprocess exit code 0
2026-09-25 22:17:47.957 [1022842663559] config.json Overlay.UseOverlayEnabled = false
2026-09-25 22:17:47.991 [1022843001885] kill open failed: NvContainer.exe pid 4812 err 5
2026-09-25 22:17:47.991 [1022843007404] kill open failed: NvContainer.exe pid 9392 err 5
2026-09-25 22:17:48.044 [1022843533013] killed: NvContainer.exe pid 24740
2026-09-25 22:17:48.074 [1022843825952] killed: NvBackend.exe pid 22800
2026-09-25 22:17:48.101 [1022844101051] installer exit complete
2026-09-25 22:17:48.101 [1022844106751] borrow caption frame for window animation
2026-09-25 22:17:48.103 [1022844132147] borrow caption frame for window animation
2026-09-25 22:17:48.106 [1022844146959] borrow caption frame for window animation
2026-09-25 22:17:48.144 [1022844524843] browser closed - quitting message loop
2026-09-25 22:17:48.216 [1022845246775] host exit
2026-09-25 22:18:43.243 [1023395526374] launcher-cef log opened (pid 29480)
2026-09-25 22:18:43.244 [1023395529343] NvLauncherCefMain entered (pid 29480)
2026-09-25 22:18:43.244 [1023395533566] browser process path
2026-09-25 22:18:43.247 [1023395555790] http://127.0.0.1:65473/ serving C:\My Project\NVIDIA-Shadowplay\Build\NVIDIA ShadowPlay\NvOverlay\Cef\Resources\launcher
2026-09-25 22:18:43.247 [1023395560705] navigating to http://127.0.0.1:65473/index.html
2026-09-25 22:18:43.374 [1023396832022] CefInitialize ok (window 1152x648)
2026-09-25 22:18:43.392 [1023397011710] adopt running: NvContainer
2026-09-25 22:18:43.405 [1023397141182] launcher-cef log opened (pid 21432)
2026-09-25 22:18:43.406 [1023397144946] NvLauncherCefMain entered (pid 21432)
2026-09-25 22:18:43.419 [1023397282489] started: "C:\My Project\NVIDIA-Shadowplay\Build\NVIDIA ShadowPlay\NvBackend\NvBackend.exe"
2026-09-25 22:18:43.454 [1023397636996] browser object created
2026-09-25 22:18:43.558 [1023398671263] launcher-cef log opened (pid 8220)
2026-09-25 22:18:43.559 [1023398674513] NvLauncherCefMain entered (pid 8220)
2026-09-25 22:18:44.739 [1023410484556] page loaded url=http://127.0.0.1:65473/index.html httpStatus=200
2026-09-25 22:18:58.379 [1023546881113] launcher-cef log opened (pid 15724)
2026-09-25 22:18:58.380 [1023546887069] NvLauncherCefMain entered (pid 15724)
2026-09-25 22:18:58.732 [1023550411128] subprocess exit code 0
2026-09-25 22:19:16.141 [1023724499437] config.json Overlay.UseOverlayEnabled = true
2026-09-25 22:19:16.545 [1023728541140] config.json Overlay.UseOverlayEnabled = false
2026-09-25 22:19:17.161 [1023734702682] config.json Overlay.EngineOverlayMode = true
2026-09-25 22:19:17.162 [1023734709866] engine overlay chain: begin
2026-09-25 22:19:17.171 [1023734803603] adopt running: NvContainer
2026-09-25 22:19:17.189 [1023734983059] started: "C:\My Project\NVIDIA-Shadowplay\Build\NVIDIA ShadowPlay\NvBackend\NVIDIA Web Helper.exe"
2026-09-25 22:19:17.481 [1023737898257] config.json Overlay.EngineOverlayMode = false
2026-09-25 22:19:18.074 [1023743832914] config.json Overlay.EngineOverlayMode = true
2026-09-25 22:19:18.075 [1023743835550] engine overlay chain already running
2026-09-25 22:19:18.281 [1023745891798] started: "C:\My Project\NVIDIA-Shadowplay\Build\NVIDIA ShadowPlay\NvOverlay\Cef\NVIDIA Share.exe" --backend-port 59001
2026-09-25 22:19:18.281 [1023745895867] engine overlay chain: done
2026-09-25 22:19:18.480 [1023747890048] config.json Overlay.EngineOverlayMode = false
2026-09-25 22:19:18.523 [1023748319746] killed: NVIDIA Share pid 4068 (overlay mode OFF)
2026-09-25 22:19:18.523 [1023748326697] kill failed: NVIDIA Share pid 17244 err 5
2026-09-25 22:19:18.528 [1023748369858] killed: NVIDIA Share pid 35368 (overlay mode OFF)
2026-09-25 22:19:20.126 [1023764350435] config.json Overlay.EngineOverlayMode = true
2026-09-25 22:19:20.126 [1023764353043] engine overlay chain already running
2026-09-25 22:19:21.836 [1023781455753] config.json Overlay.UseOverlayEnabled = true
2026-09-25 22:19:24.291 [1023805997694] config.json Overlay.UseOverlayEnabled = false
2026-09-25 22:19:25.126 [1023814353342] stale Flags\Ready removed (notifier down)
2026-09-25 22:19:42.667 [1023989766902] config.json Overlay.UseOverlayEnabled = true
2026-09-25 22:23:16.855 [1026131638275] hub send "[Send] NVIDIA  APP|open_overlay" -> ok
2026-09-25 22:23:19.396 [1026157044705] config.json Overlay.UseOverlayEnabled = false
2026-09-25 22:23:19.425 [1026157335021] killed: NVIDIA Notifier.exe pid 22496
2026-09-25 22:23:19.462 [1026157712330] killed: NVIDIA ShadowPlay.exe pid 35616
2026-09-25 22:23:19.480 [1026157885393] kill open failed: NvContainer.exe pid 4812 err 5
2026-09-25 22:23:19.480 [1026157890596] kill open failed: NvContainer.exe pid 9392 err 5
2026-09-25 22:23:19.535 [1026158439809] killed: NvContainer.exe pid 10532
2026-09-25 22:23:19.572 [1026158806467] killed: NvBackend.exe pid 35704
2026-09-25 22:23:19.606 [1026159152355] installer exit complete
2026-09-25 22:23:19.606 [1026159157213] borrow caption frame for window animation
2026-09-25 22:23:19.609 [1026159184442] borrow caption frame for window animation
2026-09-25 22:23:19.612 [1026159209869] borrow caption frame for window animation
2026-09-25 22:23:19.659 [1026159680576] browser closed - quitting message loop
2026-09-25 22:23:19.715 [1026160247865] stale Flags\Ready removed (notifier down)
2026-09-25 22:23:19.745 [1026160539745] host exit
2026-09-25 22:24:06.626 [1026629354930] launcher-cef log opened (pid 14832)
2026-09-25 22:24:06.627 [1026629358555] NvLauncherCefMain entered (pid 14832)
2026-09-25 22:24:06.627 [1026629363756] browser process path
2026-09-25 22:24:06.630 [1026629391694] http://127.0.0.1:61902/ serving C:\My Project\NVIDIA-Shadowplay\Build\NVIDIA ShadowPlay\NvOverlay\Cef\Resources\launcher
2026-09-25 22:24:06.631 [1026629396408] navigating to http://127.0.0.1:61902/index.html
2026-09-25 22:24:06.817 [1026631269130] CefInitialize ok (window 1152x648)
2026-09-25 22:24:06.835 [1026631439581] adopt running: NvContainer
2026-09-25 22:24:06.847 [1026631562382] launcher-cef log opened (pid 18768)
2026-09-25 22:24:06.847 [1026631568925] NvLauncherCefMain entered (pid 18768)
2026-09-25 22:24:06.869 [1026631776106] started: "C:\My Project\NVIDIA-Shadowplay\Build\NVIDIA ShadowPlay\NvBackend\NvBackend.exe"
2026-09-25 22:24:06.871 [1026631800342] engine overlay chain: begin
2026-09-25 22:24:06.892 [1026632010327] adopt running: NvContainer
2026-09-25 22:24:06.917 [1026632257607] adopt running: NVIDIA Web Helper
2026-09-25 22:24:06.943 [1026632516114] CEF overlay already running from NvOverlay\Cef - adopted
2026-09-25 22:24:06.945 [1026632542840] engine overlay chain: done
2026-09-25 22:24:06.983 [1026632918923] browser object created
2026-09-25 22:24:07.125 [1026634339444] launcher-cef log opened (pid 3708)
2026-09-25 22:24:07.126 [1026634346652] NvLauncherCefMain entered (pid 3708)
2026-09-25 22:24:08.357 [1026646659624] page loaded url=http://127.0.0.1:61902/index.html httpStatus=200
2026-09-25 22:24:21.823 [1026781327318] launcher-cef log opened (pid 37352)
2026-09-25 22:24:21.824 [1026781331175] NvLauncherCefMain entered (pid 37352)
2026-09-25 22:24:22.630 [1026789388763] subprocess exit code 0
2026-09-25 22:25:00.599 [1027169086442] subprocess exit code 0
2026-09-25 23:00:06.452 [1048227606981] launcher-cef log opened (pid 24620)
2026-09-25 23:00:06.452 [1048227610049] NvLauncherCefMain entered (pid 24620)
2026-09-25 23:00:06.453 [1048227613995] browser process path
2026-09-25 23:00:06.455 [1048227634943] http://127.0.0.1:61727/ serving C:\My Project\NVIDIA-Shadowplay\build\NVIDIA ShadowPlay\NvOverlay\Cef\Resources\launcher
2026-09-25 23:00:06.455 [1048227637759] navigating to http://127.0.0.1:61727/index.html
2026-09-25 23:00:06.594 [1048229037017] CefInitialize ok (window 1152x648)
2026-09-25 23:00:06.604 [1048229125829] launcher-cef log opened (pid 19332)
2026-09-25 23:00:06.604 [1048229131175] NvLauncherCefMain entered (pid 19332)
2026-09-25 23:00:06.607 [1048229167606] adopt running: NvContainer
2026-09-25 23:00:06.620 [1048229289036] adopt running: NvBackend
2026-09-25 23:00:06.621 [1048229301609] engine overlay chain: begin
2026-09-25 23:00:06.637 [1048229460119] adopt running: NvContainer
2026-09-25 23:00:06.660 [1048229687790] adopt running: NVIDIA Web Helper
2026-09-25 23:00:06.667 [1048229758022] browser object created
2026-09-25 23:00:06.678 [1048229869508] CEF overlay already running from NvOverlay\Cef - adopted
2026-09-25 23:00:06.678 [1048229874070] engine overlay chain: done
2026-09-25 23:00:06.758 [1048230674725] launcher-cef log opened (pid 37632)
2026-09-25 23:00:06.758 [1048230677785] NvLauncherCefMain entered (pid 37632)
2026-09-25 23:00:07.963 [1048242715450] page loaded url=http://127.0.0.1:61727/index.html httpStatus=200
2026-09-25 23:00:14.300 [1048306086021] config.json Overlay.UseOverlayEnabled = true
2026-09-25 23:00:16.625 [1048329346300] config.json Overlay.UseOverlayEnabled = false
2026-09-25 23:00:17.088 [1048333968259] stale Flags\Ready removed (notifier down)
2026-09-25 23:00:21.585 [1048378942698] launcher-cef log opened (pid 35952)
2026-09-25 23:00:21.585 [1048378947181] NvLauncherCefMain entered (pid 35952)
2026-09-25 23:00:21.938 [1048382467881] subprocess exit code 0
2026-09-25 23:00:24.141 [1048404500585] config.json Overlay.UseOverlayEnabled = false
2026-09-25 23:00:24.179 [1048404875869] kill open failed: NvContainer.exe pid 4812 err 5
2026-09-25 23:00:24.180 [1048404881858] kill open failed: NvContainer.exe pid 9392 err 5
2026-09-25 23:00:24.237 [1048405454969] killed: NvContainer.exe pid 14212
2026-09-25 23:00:24.270 [1048405791348] killed: NvBackend.exe pid 35028
2026-09-25 23:00:24.290 [1048405994952] installer exit complete
2026-09-25 23:00:24.291 [1048406000195] borrow caption frame for window animation
2026-09-25 23:00:24.293 [1048406026807] borrow caption frame for window animation
2026-09-25 23:00:24.295 [1048406043561] borrow caption frame for window animation
2026-09-25 23:00:24.343 [1048406517406] browser closed - quitting message loop
2026-09-25 23:00:24.468 [1048407781281] host exit
2026-09-25 23:08:26.411 [1053227197497] launcher-cef log opened (pid 17676)
2026-09-25 23:08:26.411 [1053227201557] NvLauncherCefMain entered (pid 17676)
2026-09-25 23:08:26.412 [1053227206396] browser process path
2026-09-25 23:08:26.414 [1053227230714] http://127.0.0.1:56705/ serving C:\My Project\NVIDIA-Shadowplay\build\NVIDIA ShadowPlay\NvOverlay\Cef\Resources\launcher
2026-09-25 23:08:26.415 [1053227235800] navigating to http://127.0.0.1:56705/index.html
2026-09-25 23:08:26.575 [1053228838143] CefInitialize ok (window 1152x648)
2026-09-25 23:08:26.590 [1053228995403] adopt running: NvContainer
2026-09-25 23:08:26.604 [1053229125927] launcher-cef log opened (pid 35404)
2026-09-25 23:08:26.604 [1053229129563] NvLauncherCefMain entered (pid 35404)
2026-09-25 23:08:26.616 [1053229254272] started: "C:\My Project\NVIDIA-Shadowplay\build\NVIDIA ShadowPlay\NvBackend\NvBackend.exe"
2026-09-25 23:08:26.617 [1053229265814] engine overlay chain: begin
2026-09-25 23:08:26.636 [1053229450885] adopt running: NvContainer
2026-09-25 23:08:26.658 [1053229667622] browser object created
2026-09-25 23:08:26.667 [1053229758044] started: "C:\My Project\NVIDIA-Shadowplay\build\NVIDIA ShadowPlay\NvNode\NVIDIA Web Helper.exe"
2026-09-25 23:08:26.778 [1053230879492] launcher-cef log opened (pid 20396)
2026-09-25 23:08:26.779 [1053230883199] NvLauncherCefMain entered (pid 20396)
2026-09-25 23:08:28.106 [1053244148422] page loaded url=http://127.0.0.1:56705/index.html httpStatus=200
2026-09-25 23:08:28.211 [1053245196035] start skipped (missing): C:\My Project\NVIDIA-Shadowplay\build\NVIDIA ShadowPlay\NvOverlay\Cef\NVIDIA Share.exe
2026-09-25 23:08:28.211 [1053245199965] engine overlay chain: done
2026-09-25 23:08:41.554 [1053378627337] launcher-cef log opened (pid 13796)
2026-09-25 23:08:41.554 [1053378631982] NvLauncherCefMain entered (pid 13796)
2026-09-25 23:08:41.974 [1053382834025] subprocess exit code 0
2026-09-25 23:17:06.999 [1058433088275] launcher-cef log opened (pid 34088)
2026-09-25 23:17:07.000 [1058433091659] NvLauncherCefMain entered (pid 34088)
2026-09-25 23:17:07.000 [1058433095622] browser process path
2026-09-25 23:17:07.003 [1058433117023] http://127.0.0.1:57809/ serving C:\My Project\NVIDIA-Shadowplay\Build\NVIDIA ShadowPlay\NvOverlay\Cef\Resources\launcher
2026-09-25 23:17:07.003 [1058433120158] navigating to http://127.0.0.1:57809/index.html
2026-09-25 23:17:07.124 [1058434336626] CefInitialize ok (window 1152x648)
2026-09-25 23:17:07.137 [1058434458818] adopt running: NvContainer
2026-09-25 23:17:07.137 [1058434462329] launcher-cef log opened (pid 29036)
2026-09-25 23:17:07.138 [1058434465019] NvLauncherCefMain entered (pid 29036)
2026-09-25 23:17:07.149 [1058434575913] adopt running: NvBackend
2026-09-25 23:17:07.149 [1058434586393] engine overlay chain: begin
2026-09-25 23:17:07.163 [1058434718974] adopt running: NvContainer
2026-09-25 23:17:07.182 [1058434905376] browser object created
2026-09-25 23:17:07.263 [1058435718059] started: "C:\My Project\NVIDIA-Shadowplay\Build\NVIDIA ShadowPlay\NvOverlay\Cef\NVIDIA Share.exe"
2026-09-25 23:17:07.271 [1058435800934] launcher-cef log opened (pid 12588)
2026-09-25 23:17:07.272 [1058435803782] NvLauncherCefMain entered (pid 12588)
2026-09-25 23:17:08.273 [1058445818269] engine overlay chain: done
2026-09-25 23:17:08.461 [1058447702627] page loaded url=http://127.0.0.1:57809/index.html httpStatus=200
2026-09-25 23:17:22.109 [1058584186207] launcher-cef log opened (pid 35024)
2026-09-25 23:17:22.110 [1058584189206] NvLauncherCefMain entered (pid 35024)
2026-09-25 23:17:22.397 [1058587066259] subprocess exit code 0
2026-09-25 23:19:35.424 [1059917331689] launcher-cef log opened (pid 32632)
2026-09-25 23:19:35.424 [1059917335138] NvLauncherCefMain entered (pid 32632)
2026-09-25 23:19:35.425 [1059917340958] browser process path
2026-09-25 23:19:35.428 [1059917370822] http://127.0.0.1:63025/ serving C:\My Project\NVIDIA-Shadowplay\Build\NVIDIA ShadowPlay\NvOverlay\Cef\Resources\launcher
2026-09-25 23:19:35.428 [1059917374383] navigating to http://127.0.0.1:63025/index.html
2026-09-25 23:19:35.547 [1059918556854] CefInitialize ok (window 1152x648)
2026-09-25 23:19:35.551 [1059918603977] launcher-cef log opened (pid 16568)
2026-09-25 23:19:35.551 [1059918608256] NvLauncherCefMain entered (pid 16568)
2026-09-25 23:19:35.559 [1059918677919] adopt running: NvContainer
2026-09-25 23:19:35.572 [1059918816549] adopt running: NvBackend
2026-09-25 23:19:35.574 [1059918829996] engine overlay chain already running
2026-09-25 23:19:35.586 [1059918952387] adopt running: NvContainer
2026-09-25 23:19:35.601 [1059919093602] CEF overlay already running from NvOverlay\Cef - adopted
2026-09-25 23:19:35.601 [1059919098307] browser object created
2026-09-25 23:19:35.602 [1059919107309] engine overlay chain: done
2026-09-25 23:19:35.682 [1059919916294] launcher-cef log opened (pid 20060)
2026-09-25 23:19:35.683 [1059919919478] NvLauncherCefMain entered (pid 20060)
2026-09-25 23:19:36.900 [1059932091696] page loaded url=http://127.0.0.1:63025/index.html httpStatus=200
2026-09-25 23:19:50.554 [1060068631658] launcher-cef log opened (pid 10416)
2026-09-25 23:19:50.554 [1060068636052] NvLauncherCefMain entered (pid 10416)
2026-09-25 23:19:50.840 [1060071491490] subprocess exit code 0
2026-09-25 23:20:33.064 [1060493729929] config.json Overlay.UseOverlayEnabled = true
2026-09-25 23:20:35.677 [1060519857428] config.json Overlay.UseOverlayEnabled = false
2026-09-25 23:20:36.637 [1060529460759] stale Flags\Ready removed (notifier down)
2026-09-25 23:20:39.379 [1060556885161] loopback POST /ShadowPlay/v.1.0/Hotkey/Toggle -> failed
2026-09-25 23:21:18.364 [1060946728369] config.json Overlay.UseOverlayEnabled = true
2026-09-28 02:51:22.788 [2914934014576] launcher-cef log opened (pid 16032)
2026-09-28 02:51:22.789 [2914934019773] NvLauncherCefMain entered (pid 16032)
2026-09-28 02:51:22.790 [2914934026270] browser process path
2026-09-28 02:51:22.794 [2914934063197] http://127.0.0.1:63112/ serving C:\My Project\NVIDIA-Shadowplay\build\NVIDIA ShadowPlay\NvOverlay\Cef\Resources\launcher
2026-09-28 02:51:22.794 [2914934066828] navigating to http://127.0.0.1:63112/index.html
2026-09-28 02:51:23.074 [2914936861851] launcher-cef log opened (pid 26704)
2026-09-28 02:51:23.074 [2914936866381] NvLauncherCefMain entered (pid 26704)
2026-09-28 02:51:23.100 [2914937121246] CefInitialize ok (window 1152x648)
2026-09-28 02:51:23.119 [2914937309712] adopt running: NvContainer
2026-09-28 02:51:23.122 [2914937339184] engine overlay chain already running
2026-09-28 02:51:23.122 [2914937347679] engine overlay chain: begin
2026-09-28 02:51:23.148 [2914937613521] adopt running: NvContainer
2026-09-28 02:51:23.177 [2914937903840] browser object created
2026-09-28 02:51:23.272 [2914938845205] started: "C:\My Project\NVIDIA-Shadowplay\build\NVIDIA ShadowPlay\NvOverlay\Cef\NVIDIA Share.exe" --backend-port 59001
2026-09-28 02:51:23.273 [2914938850053] engine overlay chain: done
2026-09-28 02:51:23.279 [2914938913024] launcher-cef log opened (pid 6340)
2026-09-28 02:51:23.279 [2914938923142] NvLauncherCefMain entered (pid 6340)
2026-09-28 02:51:24.962 [2914955743455] page loaded url=http://127.0.0.1:63112/index.html httpStatus=200
2026-09-28 02:51:27.595 [2914982079963] config.json Overlay.EngineOverlayMode = false
2026-09-28 02:51:27.688 [2914983008245] killed: NVIDIA Share pid 9196 (overlay mode OFF)
2026-09-28 02:51:27.688 [2914983012906] kill open failed: NVIDIA Share pid 33656 err 87
2026-09-28 02:51:27.689 [2914983015820] kill open failed: NVIDIA Share pid 19676 err 87
2026-09-28 02:51:28.001 [2914986140548] hub lost - restarting
2026-09-28 02:51:28.002 [2914986145942] start skipped (missing): C:\My Project\NVIDIA-Shadowplay\build\NVIDIA ShadowPlay\NvBackend\NvBackend.exe
2026-09-28 02:51:28.491 [2914991035829] config.json Overlay.UseOverlayEnabled = false
2026-09-28 02:51:28.792 [2914994046474] config.json Overlay.UseOverlayEnabled = true
2026-09-28 02:51:29.432 [2915000443896] config.json Overlay.EngineOverlayMode = true
2026-09-28 02:51:29.432 [2915000447883] engine overlay chain already running
2026-09-28 02:51:30.010 [2915006232196] config.json Overlay.EngineOverlayMode = false
2026-09-28 02:51:30.615 [2915012282033] config.json Overlay.UseOverlayEnabled = false
2026-09-28 02:51:31.037 [2915016492644] config.json Overlay.UseOverlayEnabled = true
2026-09-28 02:51:33.529 [2915041424899] hub send "[Send] NVIDIA  APP|open_overlay" -> failed
2026-09-28 02:51:33.596 [2915042083296] config.json Overlay.UseOverlayEnabled = false
2026-09-28 02:51:33.599 [2915042115349] config.json Overlay.EngineOverlayMode = true
2026-09-28 02:51:33.600 [2915042118623] engine overlay chain already running
2026-09-28 02:51:33.797 [2915044088432] hub lost - restarting
2026-09-28 02:51:33.797 [2915044095289] start skipped (missing): C:\My Project\NVIDIA-Shadowplay\build\NVIDIA ShadowPlay\NvBackend\NvBackend.exe
2026-09-28 02:51:34.240 [2915048531284] loopback POST /ShadowPlay/v.1.0/Hotkey/Toggle -> failed
2026-09-28 02:51:34.245 [2915048570997] config.json Overlay.UseOverlayEnabled = false
2026-09-28 02:51:34.919 [2915055319137] config.json Overlay.EngineOverlayMode = false
2026-09-28 02:51:35.754 [2915063664872] config.json Overlay.UseOverlayEnabled = false
2026-09-28 02:51:38.054 [2915086667499] launcher-cef log opened (pid 32560)
2026-09-28 02:51:38.055 [2915086671561] NvLauncherCefMain entered (pid 32560)
2026-09-28 02:51:38.470 [2915090832654] subprocess exit code 0
2026-09-28 02:51:39.010 [2915096220682] hub send "[Send] NVIDIA  APP|open_overlay" -> failed
2026-09-28 02:51:39.632 [2915102445295] hub lost - restarting
2026-09-28 02:51:39.632 [2915102450611] start skipped (missing): C:\My Project\NVIDIA-Shadowplay\build\NVIDIA ShadowPlay\NvBackend\NvBackend.exe
2026-09-28 02:51:42.352 [2915129637444] hub send "[Send] NVIDIA  APP|open_overlay" -> failed
2026-09-28 02:51:45.551 [2915161638203] hub lost - restarting
2026-09-28 02:51:45.552 [2915161644273] start skipped (missing): C:\My Project\NVIDIA-Shadowplay\build\NVIDIA ShadowPlay\NvBackend\NvBackend.exe
2026-09-28 02:51:46.106 [2915167181977] config.json Overlay.UseOverlayEnabled = false
2026-09-28 02:51:46.149 [2915167615726] killed: NvContainer.exe pid 32832
2026-09-28 02:51:46.177 [2915167897161] installer exit complete
2026-09-28 02:51:46.177 [2915167899956] borrow caption frame for window animation
2026-09-28 02:51:46.179 [2915167912997] borrow caption frame for window animation
2026-09-28 02:51:46.180 [2915167921109] borrow caption frame for window animation
2026-09-28 02:51:46.211 [2915168237368] browser closed - quitting message loop
2026-09-28 02:51:46.344 [2915169571512] host exit
2026-09-28 02:51:49.846 [2915204579354] launcher-cef log opened (pid 20420)
2026-09-28 02:51:49.846 [2915204582661] NvLauncherCefMain entered (pid 20420)
2026-09-28 02:51:49.846 [2915204587382] browser process path
2026-09-28 02:51:49.848 [2915204609058] http://127.0.0.1:63169/ serving C:\My Project\NVIDIA-Shadowplay\build\NVIDIA ShadowPlay\NvOverlay\Cef\Resources\launcher
2026-09-28 02:51:49.848 [2915204611824] navigating to http://127.0.0.1:63169/index.html
2026-09-28 02:51:49.989 [2915206016985] launcher-cef log opened (pid 30180)
2026-09-28 02:51:49.989 [2915206021135] NvLauncherCefMain entered (pid 30180)
2026-09-28 02:51:50.030 [2915206427093] CefInitialize ok (window 1152x648)
2026-09-28 02:51:50.055 [2915206681045] started: "C:\My Project\NVIDIA-Shadowplay\build\NVIDIA ShadowPlay\NvContainer\NvContainer.exe"
2026-09-28 02:51:50.108 [2915207210943] browser object created
2026-09-28 02:51:50.203 [2915208156177] launcher-cef log opened (pid 16156)
2026-09-28 02:51:50.203 [2915208160842] NvLauncherCefMain entered (pid 16156)
2026-09-28 02:51:51.464 [2915220764486] page loaded url=http://127.0.0.1:63169/index.html httpStatus=200
2026-09-28 02:51:52.946 [2915235578069] borrow caption frame for window animation
2026-09-28 02:51:52.947 [2915235596856] borrow caption frame for window animation
2026-09-28 02:51:52.948 [2915235608822] borrow caption frame for window animation
2026-09-28 02:51:52.979 [2915235910005] browser closed - quitting message loop
2026-09-28 02:51:53.109 [2915237207603] host exit
2026-09-28 14:10:45.108 [220749342547] launcher-cef log opened (pid 9292)
2026-09-28 14:10:45.109 [220749346927] NvLauncherCefMain entered (pid 9292)
2026-09-28 14:10:45.109 [220749353114] browser process path
2026-09-28 14:10:45.112 [220749382615] http://127.0.0.1:58311/ serving C:\My Project\NVIDIA-Shadowplay\build\NVIDIA ShadowPlay\NvOverlay\Cef\Resources\launcher
2026-09-28 14:10:45.113 [220749386378] navigating to http://127.0.0.1:58311/index.html
2026-09-28 14:10:45.324 [220751500055] CefInitialize ok (window 1152x648)
2026-09-28 14:10:45.336 [220751616951] adopt running: NvContainer
2026-09-28 14:10:45.357 [220751822736] launcher-cef log opened (pid 19992)
2026-09-28 14:10:45.357 [220751826840] NvLauncherCefMain entered (pid 19992)
2026-09-28 14:10:45.404 [220752294113] browser object created
2026-09-28 14:10:45.513 [220753385788] launcher-cef log opened (pid 15940)
2026-09-28 14:10:45.513 [220753389798] NvLauncherCefMain entered (pid 15940)
2026-09-28 14:10:46.780 [220766063211] page loaded url=http://127.0.0.1:58311/index.html httpStatus=200
2026-09-28 14:10:50.029 [220798548489] hub lost - restarting
2026-09-28 14:10:50.029 [220798552979] start skipped (missing): C:\My Project\NVIDIA-Shadowplay\build\NVIDIA ShadowPlay\NvBackend\NvBackend.exe
2026-09-28 14:10:55.747 [220855730931] hub lost - restarting
2026-09-28 14:10:55.747 [220855734959] start skipped (missing): C:\My Project\NVIDIA-Shadowplay\build\NVIDIA ShadowPlay\NvBackend\NvBackend.exe
2026-09-28 14:11:00.298 [220901231683] launcher-cef log opened (pid 10568)
2026-09-28 14:11:00.298 [220901234209] NvLauncherCefMain entered (pid 10568)
2026-09-28 14:11:00.610 [220904359321] subprocess exit code 0
2026-09-28 14:11:01.459 [220912846619] hub lost - restarting
2026-09-28 14:11:01.459 [220912850500] start skipped (missing): C:\My Project\NVIDIA-Shadowplay\build\NVIDIA ShadowPlay\NvBackend\NvBackend.exe
2026-09-28 14:11:07.170 [220969957744] hub lost - restarting
2026-09-28 14:11:07.171 [220969961793] start skipped (missing): C:\My Project\NVIDIA-Shadowplay\build\NVIDIA ShadowPlay\NvBackend\NvBackend.exe
2026-09-28 14:11:12.855 [221026814166] hub lost - restarting
2026-09-28 14:11:12.856 [221026818356] start skipped (missing): C:\My Project\NVIDIA-Shadowplay\build\NVIDIA ShadowPlay\NvBackend\NvBackend.exe
2026-09-28 14:11:18.534 [221083593989] hub lost - restarting
2026-09-28 14:11:18.534 [221083597786] start skipped (missing): C:\My Project\NVIDIA-Shadowplay\build\NVIDIA ShadowPlay\NvBackend\NvBackend.exe
2026-09-28 14:11:24.239 [221140645782] hub lost - restarting
2026-09-28 14:11:24.240 [221140649811] start skipped (missing): C:\My Project\NVIDIA-Shadowplay\build\NVIDIA ShadowPlay\NvBackend\NvBackend.exe
2026-09-28 14:11:29.925 [221197505071] hub lost - restarting
2026-09-28 14:11:29.925 [221197509184] start skipped (missing): C:\My Project\NVIDIA-Shadowplay\build\NVIDIA ShadowPlay\NvBackend\NvBackend.exe
2026-09-28 14:11:35.644 [221254701465] hub lost - restarting
2026-09-28 14:11:35.645 [221254706908] start skipped (missing): C:\My Project\NVIDIA-Shadowplay\build\NVIDIA ShadowPlay\NvBackend\NvBackend.exe
2026-09-28 14:11:38.216 [221280421754] config.json Overlay.UseOverlayEnabled = true
2026-09-28 14:11:39.257 [221290828697] config.json Overlay.UseOverlayEnabled = false
2026-09-28 14:11:41.362 [221311871907] hub lost - restarting
2026-09-28 14:11:41.362 [221311877589] start skipped (missing): C:\My Project\NVIDIA-Shadowplay\build\NVIDIA ShadowPlay\NvBackend\NvBackend.exe
2026-09-28 14:11:47.090 [221369151193] hub lost - restarting
2026-09-28 14:11:47.090 [221369155048] start skipped (missing): C:\My Project\NVIDIA-Shadowplay\build\NVIDIA ShadowPlay\NvBackend\NvBackend.exe
2026-09-28 14:11:52.833 [221426588939] hub lost - restarting
2026-09-28 14:11:52.834 [221426593396] start skipped (missing): C:\My Project\NVIDIA-Shadowplay\build\NVIDIA ShadowPlay\NvBackend\NvBackend.exe
2026-09-28 14:11:58.506 [221483317385] hub lost - restarting
2026-09-28 14:11:58.507 [221483322108] start skipped (missing): C:\My Project\NVIDIA-Shadowplay\build\NVIDIA ShadowPlay\NvBackend\NvBackend.exe
2026-09-28 14:12:02.982 [221528080211] config.json Overlay.UseOverlayEnabled = false
2026-09-28 14:12:03.005 [221528311425] kill open failed: NvContainer.exe pid 5028 err 5
2026-09-28 14:12:03.028 [221528541969] killed: NvContainer.exe pid 10536
2026-09-28 14:12:03.054 [221528803826] installer exit complete
2026-09-28 14:12:03.054 [221528806294] borrow caption frame for window animation
2026-09-28 14:12:03.056 [221528822047] borrow caption frame for window animation
2026-09-28 14:12:03.057 [221528830201] borrow caption frame for window animation
2026-09-28 14:12:03.084 [221529102390] browser closed - quitting message loop
2026-09-28 14:12:03.185 [221530102004] host exit
2026-09-30 08:39:51.111 [90139357734] launcher-cef log opened (pid 24168)
2026-09-30 08:39:51.111 [90139362137] NvLauncherCefMain entered (pid 24168)
2026-09-30 08:39:51.115 [90139399638] browser process path
2026-09-30 08:39:51.120 [90139451152] http://127.0.0.1:65189/ serving C:\My Project\NVIDIA-Shadowplay\build\NVIDIA ShadowPlay\NvOverlay\Cef\Resources\launcher
2026-09-30 08:39:51.121 [90139455076] navigating to http://127.0.0.1:65189/index.html
2026-09-30 08:39:51.372 [90141962476] launcher-cef log opened (pid 23024)
2026-09-30 08:39:51.372 [90141966622] NvLauncherCefMain entered (pid 23024)
2026-09-30 08:39:51.446 [90142713323] CefInitialize ok (window 1152x648)
2026-09-30 08:39:51.456 [90142807306] adopt running: NvContainer
2026-09-30 08:39:51.527 [90143526310] browser object created
2026-09-30 08:39:51.590 [90144149480] launcher-cef log opened (pid 10552)
2026-09-30 08:39:51.590 [90144152031] NvLauncherCefMain entered (pid 10552)
2026-09-30 08:39:53.157 [90159815147] page loaded url=http://127.0.0.1:65189/index.html httpStatus=200
2026-09-30 08:39:56.135 [90189604239] hub lost - restarting
2026-09-30 08:39:56.136 [90189608687] start skipped (missing): C:\My Project\NVIDIA-Shadowplay\build\NVIDIA ShadowPlay\NvBackend\NvBackend.exe
2026-09-30 08:39:57.904 [90207289169] config.json Overlay.UseOverlayEnabled = true
2026-09-30 08:39:59.334 [90221589700] config.json Overlay.EngineOverlayMode = true
2026-09-30 08:39:59.335 [90221595072] engine overlay chain: begin
2026-09-30 08:39:59.341 [90221655036] adopt running: NvContainer
2026-09-30 08:39:59.413 [90222378715] started: "C:\My Project\NVIDIA-Shadowplay\build\NVIDIA ShadowPlay\NvOverlay\Cef\NVIDIA Share.exe" --backend-port 59001
2026-09-30 08:39:59.413 [90222382298] engine overlay chain: done
2026-09-30 08:40:01.860 [90246843982] hub lost - restarting
2026-09-30 08:40:01.860 [90246848243] start skipped (missing): C:\My Project\NVIDIA-Shadowplay\build\NVIDIA ShadowPlay\NvBackend\NvBackend.exe
2026-09-30 08:40:06.401 [90292250089] launcher-cef log opened (pid 20068)
2026-09-30 08:40:06.401 [90292252891] NvLauncherCefMain entered (pid 20068)
2026-09-30 08:40:06.705 [90295295732] subprocess exit code 0
2026-09-30 08:40:07.620 [90304447808] hub lost - restarting
2026-09-30 08:40:07.620 [90304453521] start skipped (missing): C:\My Project\NVIDIA-Shadowplay\build\NVIDIA ShadowPlay\NvBackend\NvBackend.exe
2026-09-30 08:40:13.332 [90361574866] hub lost - restarting
2026-09-30 08:40:13.333 [90361579722] start skipped (missing): C:\My Project\NVIDIA-Shadowplay\build\NVIDIA ShadowPlay\NvBackend\NvBackend.exe
2026-09-30 08:40:13.624 [90364488031] config.json Overlay.EngineOverlayMode = false
2026-09-30 08:40:13.733 [90365581602] killed: NVIDIA Share pid 19232 (overlay mode OFF)
2026-09-30 08:40:13.733 [90365586013] kill open failed: NVIDIA Share pid 25360 err 87
2026-09-30 08:40:13.734 [90365588518] kill open failed: NVIDIA Share pid 18208 err 87
2026-09-30 08:40:15.400 [90382256844] config.json Overlay.UseOverlayEnabled = false
2026-09-30 08:40:17.065 [90398901236] config.json Overlay.UseOverlayEnabled = true
2026-09-30 08:40:17.467 [90402914208] config.json Overlay.UseOverlayEnabled = false
2026-09-30 08:40:19.066 [90418913748] hub lost - restarting
2026-09-30 08:40:19.067 [90418918061] start skipped (missing): C:\My Project\NVIDIA-Shadowplay\build\NVIDIA ShadowPlay\NvBackend\NvBackend.exe
2026-09-30 08:40:24.778 [90476023041] hub lost - restarting
2026-09-30 08:40:24.778 [90476027693] start skipped (missing): C:\My Project\NVIDIA-Shadowplay\build\NVIDIA ShadowPlay\NvBackend\NvBackend.exe
2026-09-30 08:40:30.507 [90533318930] hub lost - restarting
2026-09-30 08:40:30.508 [90533324467] start skipped (missing): C:\My Project\NVIDIA-Shadowplay\build\NVIDIA ShadowPlay\NvBackend\NvBackend.exe
2026-09-30 08:40:36.231 [90590560445] hub lost - restarting
2026-09-30 08:40:36.232 [90590566748] start skipped (missing): C:\My Project\NVIDIA-Shadowplay\build\NVIDIA ShadowPlay\NvBackend\NvBackend.exe
2026-09-30 08:40:41.940 [90647651687] hub lost - restarting
2026-09-30 08:40:41.940 [90647655818] start skipped (missing): C:\My Project\NVIDIA-Shadowplay\build\NVIDIA ShadowPlay\NvBackend\NvBackend.exe
2026-09-30 08:40:43.929 [90667534594] config.json Overlay.UseOverlayEnabled = false
2026-09-30 08:40:43.958 [90667826664] killed: nvsphelper64.exe pid 11248
2026-09-30 08:40:43.965 [90667894753] kill open failed: NvContainer.exe pid 4436 err 5
2026-09-30 08:40:43.965 [90667899176] kill open failed: NvContainer.exe pid 8520 err 5
2026-09-30 08:40:43.980 [90668050117] killed: NvContainer.exe pid 1072
2026-09-30 08:40:44.045 [90668695956] killed: NvContainer.exe pid 11136
2026-09-30 08:40:44.059 [90668846796] killed: NvContainer.exe pid 12216
2026-09-30 08:40:44.086 [90669111300] installer exit complete
2026-09-30 08:40:44.087 [90669114354] borrow caption frame for window animation
2026-09-30 08:40:44.093 [90669186382] borrow caption frame for window animation
2026-09-30 08:40:44.096 [90669209728] borrow caption frame for window animation
2026-09-30 08:40:44.136 [90669610165] browser closed - quitting message loop
2026-09-30 08:40:44.184 [90670088113] host exit
