[ObsWS:info] 19:56:08.014 Connecting to OBS WebSocket at ws://127.0.0.1:4455/…
[ObsWS:info] 20:03:41.026 Connecting to OBS WebSocket at ws://127.0.0.1:4455/…
[ObsWS:error] 20:03:43.107 Connect failed: One or more errors occurred. (Unable to connect to the remote server)
[ObsWS:info] 20:03:44.988 Connecting to OBS WebSocket at ws://127.0.0.1:4455/…
[ObsWS:error] 20:03:47.066 Connect failed: One or more errors occurred. (Unable to connect to the remote server)
[ObsWS:info] 20:03:48.082 Reconnecting to OBS WebSocket (2000ms backoff)…
[ObsWS:warn] 20:03:50.110 Reconnect failed: One or more errors occurred. (Unable to connect to the remote server)
[ObsWS:info] 20:03:52.124 Reconnecting to OBS WebSocket (4000ms backoff)…
[ObsWS:warn] 20:03:54.135 Reconnect failed: One or more errors occurred. (Unable to connect to the remote server)
[ObsWS:info] 20:03:58.139 Reconnecting to OBS WebSocket (8000ms backoff)…
[ObsWS:warn] 20:04:00.161 Reconnect failed: One or more errors occurred. (Unable to connect to the remote server)
[ObsWS:info] 20:04:08.170 Reconnecting to OBS WebSocket (16000ms backoff)…
[ObsWS:warn] 20:04:10.201 Reconnect failed: One or more errors occurred. (Unable to connect to the remote server)
[ObsWS:info] 20:04:26.204 Reconnecting to OBS WebSocket (30000ms backoff)…
[ObsWS:warn] 20:04:28.226 Reconnect failed: One or more errors occurred. (Unable to connect to the remote server)
[ObsWS:info] 20:04:58.241 Reconnecting to OBS WebSocket (30000ms backoff)…
[ObsWS:warn] 20:05:00.253 Reconnect failed: One or more errors occurred. (Unable to connect to the remote server)
[ObsWS:info] 20:05:30.254 Reconnecting to OBS WebSocket (30000ms backoff)…
[ObsWS:warn] 20:05:32.276 Reconnect failed: One or more errors occurred. (Unable to connect to the remote server)
[ObsWS:info] 20:06:02.288 Reconnecting to OBS WebSocket (30000ms backoff)…
[ObsWS:warn] 20:06:04.308 Reconnect failed: One or more errors occurred. (Unable to connect to the remote server)
[ObsWS:info] 20:06:34.321 Reconnecting to OBS WebSocket (30000ms backoff)…
[ObsWS:warn] 20:06:36.350 Reconnect failed: One or more errors occurred. (Unable to connect to the remote server)
[ObsWS:info] 20:07:06.366 Reconnecting to OBS WebSocket (30000ms backoff)…
[ObsWS:warn] 20:07:08.388 Reconnect failed: One or more errors occurred. (Unable to connect to the remote server)
[ObsWS:info] 20:07:38.403 Reconnecting to OBS WebSocket (30000ms backoff)…
[ObsWS:warn] 20:07:40.434 Reconnect failed: One or more errors occurred. (Unable to connect to the remote server)
[ObsWS:info] 20:08:10.437 Reconnecting to OBS WebSocket (30000ms backoff)…
[ObsWS:warn] 20:08:12.458 Reconnect failed: One or more errors occurred. (Unable to connect to the remote server)
[ObsWS:info] 20:08:42.472 Reconnecting to OBS WebSocket (30000ms backoff)…
[ObsWS:warn] 20:08:44.494 Reconnect failed: One or more errors occurred. (Unable to connect to the remote server)
[ObsWS:info] 20:09:14.499 Reconnecting to OBS WebSocket (30000ms backoff)…
[ObsWS:warn] 20:09:16.515 Reconnect failed: One or more errors occurred. (Unable to connect to the remote server)
[ObsWS:info] 20:09:46.524 Reconnecting to OBS WebSocket (30000ms backoff)…
[ObsWS:warn] 20:09:48.541 Reconnect failed: One or more errors occurred. (Unable to connect to the remote server)
[ObsWS:info] 20:10:18.546 Reconnecting to OBS WebSocket (30000ms backoff)…
[ObsWS:warn] 20:10:20.571 Reconnect failed: One or more errors occurred. (Unable to connect to the remote server)
[ObsWS:info] 20:10:50.574 Reconnecting to OBS WebSocket (30000ms backoff)…
[ObsWS:warn] 20:10:52.597 Reconnect failed: One or more errors occurred. (Unable to connect to the remote server)
[ObsWS:info] 20:11:22.599 Reconnecting to OBS WebSocket (30000ms backoff)…
[ObsWS:warn] 20:11:24.621 Reconnect failed: One or more errors occurred. (Unable to connect to the remote server)
[ObsWS:info] 20:11:54.629 Reconnecting to OBS WebSocket (30000ms backoff)…
[ObsWS:warn] 20:11:56.660 Reconnect failed: One or more errors occurred. (Unable to connect to the remote server)
[ObsWS:info] 20:12:26.670 Reconnecting to OBS WebSocket (30000ms backoff)…
[ObsWS:warn] 20:12:28.694 Reconnect failed: One or more errors occurred. (Unable to connect to the remote server)
[ObsWS:info] 20:12:58.710 Reconnecting to OBS WebSocket (30000ms backoff)…
[ObsWS:warn] 20:13:00.726 Reconnect failed: One or more errors occurred. (Unable to connect to the remote server)
[ObsWS:info] 20:13:30.732 Reconnecting to OBS WebSocket (30000ms backoff)…
[ObsWS:warn] 20:13:32.756 Reconnect failed: One or more errors occurred. (Unable to connect to the remote server)
[ObsWS:info] 20:14:02.768 Reconnecting to OBS WebSocket (30000ms backoff)…
[ObsWS:warn] 20:14:04.793 Reconnect failed: One or more errors occurred. (Unable to connect to the remote server)
[ObsWS:info] 20:14:34.804 Reconnecting to OBS WebSocket (30000ms backoff)…
[ObsWS:warn] 20:14:36.828 Reconnect failed: One or more errors occurred. (Unable to connect to the remote server)
[ObsWS:info] 20:15:06.835 Reconnecting to OBS WebSocket (30000ms backoff)…
[ObsWS:warn] 20:15:08.857 Reconnect failed: One or more errors occurred. (Unable to connect to the remote server)
[ObsWS:info] 20:15:38.859 Reconnecting to OBS WebSocket (30000ms backoff)…
[ObsWS:warn] 20:15:40.880 Reconnect failed: One or more errors occurred. (Unable to connect to the remote server)
[ObsWS:info] 20:16:10.881 Reconnecting to OBS WebSocket (30000ms backoff)…
[ObsWS:warn] 20:16:12.906 Reconnect failed: One or more errors occurred. (Unable to connect to the remote server)
[ObsWS:info] 20:16:42.909 Reconnecting to OBS WebSocket (30000ms backoff)…
[ObsWS:warn] 20:16:44.941 Reconnect failed: One or more errors occurred. (Unable to connect to the remote server)
[ObsWS:info] 20:17:14.949 Reconnecting to OBS WebSocket (30000ms backoff)…
[ObsWS:warn] 20:17:16.967 Reconnect failed: One or more errors occurred. (Unable to connect to the remote server)
[ObsWS:info] 20:17:46.980 Reconnecting to OBS WebSocket (30000ms backoff)…
[ObsWS:warn] 20:17:49.001 Reconnect failed: One or more errors occurred. (Unable to connect to the remote server)
[ObsWS:info] 20:18:19.010 Reconnecting to OBS WebSocket (30000ms backoff)…
[ObsWS:warn] 20:18:21.032 Reconnect failed: One or more errors occurred. (Unable to connect to the remote server)
[ObsWS:info] 20:18:51.039 Reconnecting to OBS WebSocket (30000ms backoff)…
[ObsWS:warn] 20:18:53.063 Reconnect failed: One or more errors occurred. (Unable to connect to the remote server)
[ObsWS:info] 20:19:23.078 Reconnecting to OBS WebSocket (30000ms backoff)…
[ObsWS:warn] 20:19:25.112 Reconnect failed: One or more errors occurred. (Unable to connect to the remote server)
[ObsWS:info] 20:19:55.117 Reconnecting to OBS WebSocket (30000ms backoff)…
[ObsWS:warn] 20:19:57.133 Reconnect failed: One or more errors occurred. (Unable to connect to the remote server)
[ObsWS:info] 20:20:27.143 Reconnecting to OBS WebSocket (30000ms backoff)…
[ObsWS:warn] 20:20:29.177 Reconnect failed: One or more errors occurred. (Unable to connect to the remote server)
[ObsWS:info] 20:20:59.190 Reconnecting to OBS WebSocket (30000ms backoff)…
[ObsWS:warn] 20:21:01.208 Reconnect failed: One or more errors occurred. (Unable to connect to the remote server)
[ObsWS:info] 20:21:31.211 Reconnecting to OBS WebSocket (30000ms backoff)…
[ObsWS:warn] 20:21:33.232 Reconnect failed: One or more errors occurred. (Unable to connect to the remote server)
[ObsWS:info] 20:22:03.240 Reconnecting to OBS WebSocket (30000ms backoff)…
[ObsWS:warn] 20:22:05.257 Reconnect failed: One or more errors occurred. (Unable to connect to the remote server)
[ObsWS:info] 20:22:35.262 Reconnecting to OBS WebSocket (30000ms backoff)…
[ObsWS:warn] 20:22:37.280 Reconnect failed: One or more errors occurred. (Unable to connect to the remote server)
[ObsWS:info] 20:23:07.290 Reconnecting to OBS WebSocket (30000ms backoff)…
[ObsWS:warn] 20:23:09.324 Reconnect failed: One or more errors occurred. (Unable to connect to the remote server)
[ObsWS:info] 20:23:39.328 Reconnecting to OBS WebSocket (30000ms backoff)…
[ObsWS:warn] 20:23:41.343 Reconnect failed: One or more errors occurred. (Unable to connect to the remote server)
[ObsWS:info] 20:24:11.350 Reconnecting to OBS WebSocket (30000ms backoff)…
[ObsWS:warn] 20:24:13.372 Reconnect failed: One or more errors occurred. (Unable to connect to the remote server)
[ObsWS:info] 20:24:43.379 Reconnecting to OBS WebSocket (30000ms backoff)…
[ObsWS:warn] 20:24:45.396 Reconnect failed: One or more errors occurred. (Unable to connect to the remote server)
[ObsWS:info] 20:25:15.401 Reconnecting to OBS WebSocket (30000ms backoff)…
[ObsWS:warn] 20:25:17.415 Reconnect failed: One or more errors occurred. (Unable to connect to the remote server)
[ObsWS:info] 20:25:47.431 Reconnecting to OBS WebSocket (30000ms backoff)…
[ObsWS:warn] 20:25:49.453 Reconnect failed: One or more errors occurred. (Unable to connect to the remote server)
[ObsWS:info] 20:26:04.455 Connecting to OBS WebSocket at ws://127.0.0.1:4455/…
[ObsWS:error] 20:26:06.631 Connect failed: One or more errors occurred. (Unable to connect to the remote server)
[ObsWS:info] 20:26:07.647 Reconnecting to OBS WebSocket (2000ms backoff)…
[ObsWS:warn] 20:26:09.668 Reconnect failed: One or more errors occurred. (Unable to connect to the remote server)
[ObsWS:info] 20:26:11.675 Reconnecting to OBS WebSocket (4000ms backoff)…
[ObsWS:warn] 20:26:13.699 Reconnect failed: One or more errors occurred. (Unable to connect to the remote server)
[ObsWS:info] 20:26:17.702 Reconnecting to OBS WebSocket (8000ms backoff)…
[ObsWS:info] 20:26:19.339 Connecting to OBS WebSocket at ws://127.0.0.1:4455/…
[ObsWS:info] 20:27:30.109 Connecting to OBS WebSocket at ws://127.0.0.1:4455/…
[ObsWS:info] 20:31:36.227 Connecting to OBS WebSocket at ws://127.0.0.1:4455/…
[ObsWS:info] 20:34:26.618 Connecting to OBS WebSocket at ws://127.0.0.1:4455/…
[ObsWS:info] 20:48:55.317 Connecting to OBS WebSocket at ws://127.0.0.1:4455/…
[ObsWS:info] 20:48:58.276 Connecting to OBS WebSocket at ws://127.0.0.1:4455/…
[ObsWS:error] 20:49:00.349 Connect failed: One or more errors occurred. (Unable to connect to the remote server)
[ObsWS:info] 20:49:01.363 Reconnecting to OBS WebSocket (2000ms backoff)…
[ObsWS:info] 21:00:00.636 Connecting to OBS WebSocket at ws://127.0.0.1:4455/…
[ObsWS:info] 21:00:08.302 Connecting to OBS WebSocket at ws://127.0.0.1:4455/…
[ObsWS:error] 21:00:10.375 Connect failed: One or more errors occurred. (Unable to connect to the remote server)
[ObsWS:info] 21:00:11.390 Reconnecting to OBS WebSocket (2000ms backoff)…
[ObsWS:warn] 21:00:13.411 Reconnect failed: One or more errors occurred. (Unable to connect to the remote server)
[ObsWS:info] 21:00:15.420 Reconnecting to OBS WebSocket (4000ms backoff)…
[ObsWS:warn] 21:00:17.444 Reconnect failed: One or more errors occurred. (Unable to connect to the remote server)
[ObsWS:info] 21:00:21.446 Reconnecting to OBS WebSocket (8000ms backoff)…
[ObsWS:warn] 21:00:23.477 Reconnect failed: One or more errors occurred. (Unable to connect to the remote server)
[ObsWS:info] 21:00:31.482 Reconnecting to OBS WebSocket (16000ms backoff)…
[ObsWS:warn] 21:00:33.508 Reconnect failed: One or more errors occurred. (Unable to connect to the remote server)
[ObsWS:info] 21:00:49.512 Reconnecting to OBS WebSocket (30000ms backoff)…
[ObsWS:warn] 21:00:51.538 Reconnect failed: One or more errors occurred. (Unable to connect to the remote server)
[ObsWS:info] 21:01:21.544 Reconnecting to OBS WebSocket (30000ms backoff)…
[ObsWS:warn] 21:01:23.574 Reconnect failed: One or more errors occurred. (Unable to connect to the remote server)
[ObsWS:info] 21:01:53.584 Reconnecting to OBS WebSocket (30000ms backoff)…
[ObsWS:warn] 21:01:55.601 Reconnect failed: One or more errors occurred. (Unable to connect to the remote server)
[ObsWS:info] 21:02:25.616 Reconnecting to OBS WebSocket (30000ms backoff)…
[ObsWS:warn] 21:02:27.637 Reconnect failed: One or more errors occurred. (Unable to connect to the remote server)
[ObsWS:info] 21:02:57.643 Reconnecting to OBS WebSocket (30000ms backoff)…
[ObsWS:warn] 21:02:59.656 Reconnect failed: One or more errors occurred. (Unable to connect to the remote server)
[ObsWS:info] 21:03:29.660 Reconnecting to OBS WebSocket (30000ms backoff)…
[ObsWS:warn] 21:03:31.681 Reconnect failed: One or more errors occurred. (Unable to connect to the remote server)
[ObsWS:info] 21:04:01.691 Reconnecting to OBS WebSocket (30000ms backoff)…
[ObsWS:warn] 21:04:03.713 Reconnect failed: One or more errors occurred. (Unable to connect to the remote server)
[ObsWS:info] 21:04:33.719 Reconnecting to OBS WebSocket (30000ms backoff)…
[ObsWS:warn] 21:04:35.752 Reconnect failed: One or more errors occurred. (Unable to connect to the remote server)
[ObsWS:info] 21:05:05.760 Reconnecting to OBS WebSocket (30000ms backoff)…
[ObsWS:warn] 21:05:07.792 Reconnect failed: One or more errors occurred. (Unable to connect to the remote server)
[ObsWS:info] 21:05:37.803 Reconnecting to OBS WebSocket (30000ms backoff)…
[ObsWS:warn] 21:05:39.824 Reconnect failed: One or more errors occurred. (Unable to connect to the remote server)
[ObsWS:info] 21:06:09.843 Reconnecting to OBS WebSocket (30000ms backoff)…
[ObsWS:warn] 21:06:11.907 Reconnect failed: One or more errors occurred. (Unable to connect to the remote server)
[ObsWS:info] 21:06:42.014 Reconnecting to OBS WebSocket (30000ms backoff)…
[ObsWS:warn] 21:06:44.241 Reconnect failed: One or more errors occurred. (Unable to connect to the remote server)
[ObsWS:info] 21:07:14.241 Reconnecting to OBS WebSocket (30000ms backoff)…
[ObsWS:warn] 21:07:16.278 Reconnect failed: One or more errors occurred. (Unable to connect to the remote server)
[ObsWS:info] 21:07:46.286 Reconnecting to OBS WebSocket (30000ms backoff)…
[ObsWS:warn] 21:07:48.314 Reconnect failed: One or more errors occurred. (Unable to connect to the remote server)
[ObsWS:info] 21:08:19.563 Connecting to OBS WebSocket at ws://127.0.0.1:4455/…
[ObsWS:error] 21:08:21.635 Connect failed: One or more errors occurred. (Unable to connect to the remote server)
[ObsWS:info] 21:08:22.644 Reconnecting to OBS WebSocket (2000ms backoff)…
[ObsWS:info] 21:24:07.110 Connecting to OBS WebSocket at ws://127.0.0.1:4455/…
[ObsWS:info] 21:24:48.932 Connecting to OBS WebSocket at ws://127.0.0.1:4455/…
[ObsWS:error] 21:24:51.013 Connect failed: One or more errors occurred. (Unable to connect to the remote server)
[ObsWS:info] 21:24:52.029 Reconnecting to OBS WebSocket (2000ms backoff)…
[ObsWS:warn] 21:24:54.046 Reconnect failed: One or more errors occurred. (Unable to connect to the remote server)
[ObsWS:info] 21:24:56.055 Reconnecting to OBS WebSocket (4000ms backoff)…
[ObsWS:warn] 21:24:58.085 Reconnect failed: One or more errors occurred. (Unable to connect to the remote server)
[ObsWS:info] 21:25:02.092 Reconnecting to OBS WebSocket (8000ms backoff)…
[ObsWS:warn] 21:25:04.107 Reconnect failed: One or more errors occurred. (Unable to connect to the remote server)
[ObsWS:info] 21:25:12.123 Reconnecting to OBS WebSocket (16000ms backoff)…
[ObsWS:warn] 21:25:14.163 Reconnect failed: One or more errors occurred. (Unable to connect to the remote server)
[ObsWS:info] 21:25:30.172 Reconnecting to OBS WebSocket (30000ms backoff)…
[ObsWS:warn] 21:25:32.203 Reconnect failed: One or more errors occurred. (Unable to connect to the remote server)
[ObsWS:info] 21:26:02.216 Reconnecting to OBS WebSocket (30000ms backoff)…
[ObsWS:warn] 21:26:04.256 Reconnect failed: One or more errors occurred. (Unable to connect to the remote server)
[ObsWS:info] 21:26:34.270 Reconnecting to OBS WebSocket (30000ms backoff)…
[ObsWS:warn] 21:26:36.302 Reconnect failed: One or more errors occurred. (Unable to connect to the remote server)
[ObsWS:info] 21:27:06.311 Reconnecting to OBS WebSocket (30000ms backoff)…
[ObsWS:warn] 21:27:08.337 Reconnect failed: One or more errors occurred. (Unable to connect to the remote server)
[ObsWS:info] 21:27:38.352 Reconnecting to OBS WebSocket (30000ms backoff)…
[ObsWS:warn] 21:27:40.373 Reconnect failed: One or more errors occurred. (Unable to connect to the remote server)
[ObsWS:info] 21:28:10.377 Reconnecting to OBS WebSocket (30000ms backoff)…
[ObsWS:warn] 21:28:12.425 Reconnect failed: One or more errors occurred. (Unable to connect to the remote server)
[ObsWS:info] 21:28:42.434 Reconnecting to OBS WebSocket (30000ms backoff)…
[ObsWS:warn] 21:28:44.481 Reconnect failed: One or more errors occurred. (Unable to connect to the remote server)
[ObsWS:info] 21:29:14.492 Reconnecting to OBS WebSocket (30000ms backoff)…
[ObsWS:warn] 21:29:16.511 Reconnect failed: One or more errors occurred. (Unable to connect to the remote server)
[ObsWS:info] 21:29:46.515 Reconnecting to OBS WebSocket (30000ms backoff)…
[ObsWS:warn] 21:29:48.575 Reconnect failed: One or more errors occurred. (Unable to connect to the remote server)
[ObsWS:info] 21:30:18.584 Reconnecting to OBS WebSocket (30000ms backoff)…
[ObsWS:warn] 21:30:20.628 Reconnect failed: One or more errors occurred. (Unable to connect to the remote server)
[ObsWS:info] 21:30:50.639 Reconnecting to OBS WebSocket (30000ms backoff)…
[ObsWS:warn] 21:30:52.700 Reconnect failed: One or more errors occurred. (Unable to connect to the remote server)
[ObsWS:info] 21:31:22.712 Reconnecting to OBS WebSocket (30000ms backoff)…
[ObsWS:warn] 21:31:24.758 Reconnect failed: One or more errors occurred. (Unable to connect to the remote server)
[ObsWS:info] 21:31:54.763 Reconnecting to OBS WebSocket (30000ms backoff)…
[ObsWS:warn] 21:31:56.796 Reconnect failed: One or more errors occurred. (Unable to connect to the remote server)
[ObsWS:info] 21:32:26.801 Reconnecting to OBS WebSocket (30000ms backoff)…
[ObsWS:warn] 21:32:28.821 Reconnect failed: One or more errors occurred. (Unable to connect to the remote server)
[ObsWS:info] 21:32:58.826 Reconnecting to OBS WebSocket (30000ms backoff)…
[ObsWS:warn] 21:33:00.845 Reconnect failed: One or more errors occurred. (Unable to connect to the remote server)
[ObsWS:info] 21:33:30.857 Reconnecting to OBS WebSocket (30000ms backoff)…
[ObsWS:warn] 21:33:32.863 Reconnect failed: One or more errors occurred. (Unable to connect to the remote server)
[ObsWS:info] 21:34:02.868 Reconnecting to OBS WebSocket (30000ms backoff)…
[ObsWS:warn] 21:34:04.881 Reconnect failed: One or more errors occurred. (Unable to connect to the remote server)
[ObsWS:info] 21:34:34.889 Reconnecting to OBS WebSocket (30000ms backoff)…
[ObsWS:warn] 21:34:36.906 Reconnect failed: One or more errors occurred. (Unable to connect to the remote server)
[ObsWS:info] 21:35:06.910 Reconnecting to OBS WebSocket (30000ms backoff)…
[ObsWS:warn] 21:35:08.939 Reconnect failed: One or more errors occurred. (Unable to connect to the remote server)
[ObsWS:info] 21:35:38.947 Reconnecting to OBS WebSocket (30000ms backoff)…
[ObsWS:warn] 21:35:40.971 Reconnect failed: One or more errors occurred. (Unable to connect to the remote server)
[ObsWS:info] 21:36:10.978 Reconnecting to OBS WebSocket (30000ms backoff)…
[ObsWS:warn] 21:36:13.003 Reconnect failed: One or more errors occurred. (Unable to connect to the remote server)
[ObsWS:info] 21:36:43.011 Reconnecting to OBS WebSocket (30000ms backoff)…
[ObsWS:warn] 21:36:45.040 Reconnect failed: One or more errors occurred. (Unable to connect to the remote server)
[ObsWS:info] 21:37:15.041 Reconnecting to OBS WebSocket (30000ms backoff)…
[ObsWS:warn] 21:37:17.053 Reconnect failed: One or more errors occurred. (Unable to connect to the remote server)
[ObsWS:info] 21:37:47.067 Reconnecting to OBS WebSocket (30000ms backoff)…
[ObsWS:warn] 21:37:49.090 Reconnect failed: One or more errors occurred. (Unable to connect to the remote server)
[ObsWS:info] 21:38:19.100 Reconnecting to OBS WebSocket (30000ms backoff)…
[ObsWS:warn] 21:38:21.127 Reconnect failed: One or more errors occurred. (Unable to connect to the remote server)
[ObsWS:info] 22:03:49.817 Connecting to OBS WebSocket at ws://127.0.0.1:4455/…
[ObsWS:error] 22:03:51.888 Connect failed: One or more errors occurred. (Unable to connect to the remote server)
[ObsWS:info] 22:03:56.684 Connecting to OBS WebSocket at ws://127.0.0.1:4455/…
[ObsWS:error] 22:03:58.762 Connect failed: One or more errors occurred. (Unable to connect to the remote server)
[ObsWS:info] 22:03:59.774 Reconnecting to OBS WebSocket (2000ms backoff)…
[ObsWS:warn] 22:04:01.789 Reconnect failed: One or more errors occurred. (Unable to connect to the remote server)
[ObsWS:info] 22:04:03.802 Reconnecting to OBS WebSocket (4000ms backoff)…
[ObsWS:warn] 22:04:05.824 Reconnect failed: One or more errors occurred. (Unable to connect to the remote server)
[ObsWS:info] 22:04:10.692 Connecting to OBS WebSocket at ws://127.0.0.1:4455/…
[ObsWS:info] 22:05:56.804 Connecting to OBS WebSocket at ws://127.0.0.1:4455/…
[ObsWS:error] 22:05:58.878 Connect failed: One or more errors occurred. (Unable to connect to the remote server)
[ObsWS:info] 22:05:59.888 Reconnecting to OBS WebSocket (2000ms backoff)…
[ObsWS:info] 22:19:23.045 Connecting to OBS WebSocket at ws://127.0.0.1:4455/…
[ObsWS:info] 22:19:44.135 Connecting to OBS WebSocket at ws://127.0.0.1:4455/…
[ObsWS:error] 22:19:46.232 Connect failed: One or more errors occurred. (Unable to connect to the remote server)
[ObsWS:info] 22:19:47.236 Reconnecting to OBS WebSocket (2000ms backoff)…
[ObsWS:warn] 22:19:49.286 Reconnect failed: One or more errors occurred. (Unable to connect to the remote server)
[ObsWS:info] 22:19:51.303 Reconnecting to OBS WebSocket (4000ms backoff)…
[ObsWS:warn] 22:19:53.358 Reconnect failed: One or more errors occurred. (Unable to connect to the remote server)
[ObsWS:info] 22:19:57.368 Reconnecting to OBS WebSocket (8000ms backoff)…
[ObsWS:warn] 22:19:59.392 Reconnect failed: One or more errors occurred. (Unable to connect to the remote server)
[ObsWS:info] 22:20:07.407 Reconnecting to OBS WebSocket (16000ms backoff)…
[ObsWS:warn] 22:20:09.421 Reconnect failed: One or more errors occurred. (Unable to connect to the remote server)
[ObsWS:info] 22:20:25.428 Reconnecting to OBS WebSocket (30000ms backoff)…
[ObsWS:warn] 22:20:27.456 Reconnect failed: One or more errors occurred. (Unable to connect to the remote server)
[ObsWS:info] 22:20:57.466 Reconnecting to OBS WebSocket (30000ms backoff)…
[ObsWS:warn] 22:20:59.502 Reconnect failed: One or more errors occurred. (Unable to connect to the remote server)
[ObsWS:info] 22:21:29.504 Reconnecting to OBS WebSocket (30000ms backoff)…
[ObsWS:warn] 22:21:31.537 Reconnect failed: One or more errors occurred. (Unable to connect to the remote server)
[ObsWS:info] 22:22:01.541 Reconnecting to OBS WebSocket (30000ms backoff)…
[ObsWS:warn] 22:22:03.563 Reconnect failed: One or more errors occurred. (Unable to connect to the remote server)
[ObsWS:info] 22:22:33.567 Reconnecting to OBS WebSocket (30000ms backoff)…
[ObsWS:warn] 22:22:35.603 Reconnect failed: One or more errors occurred. (Unable to connect to the remote server)
[ObsWS:info] 22:23:05.611 Reconnecting to OBS WebSocket (30000ms backoff)…
[ObsWS:warn] 22:23:07.670 Reconnect failed: One or more errors occurred. (Unable to connect to the remote server)
[ObsWS:info] 23:00:14.978 Connecting to OBS WebSocket at ws://127.0.0.1:4455/…
[ObsWS:info] 23:20:34.361 Connecting to OBS WebSocket at ws://127.0.0.1:4455/…
[ObsWS:info] 23:21:19.360 Connecting to OBS WebSocket at ws://127.0.0.1:4455/…
[ObsWS:error] 23:21:21.459 Connect failed: One or more errors occurred. (Unable to connect to the remote server)
[ObsWS:info] 23:21:22.471 Reconnecting to OBS WebSocket (2000ms backoff)…
[ObsWS:warn] 23:21:24.519 Reconnect failed: One or more errors occurred. (Unable to connect to the remote server)
[ObsWS:info] 23:21:26.534 Reconnecting to OBS WebSocket (4000ms backoff)…
[ObsWS:warn] 23:21:28.561 Reconnect failed: One or more errors occurred. (Unable to connect to the remote server)
[ObsWS:info] 23:21:32.574 Reconnecting to OBS WebSocket (8000ms backoff)…
[ObsWS:warn] 23:21:34.607 Reconnect failed: One or more errors occurred. (Unable to connect to the remote server)
[ObsWS:info] 23:21:42.619 Reconnecting to OBS WebSocket (16000ms backoff)…
[ObsWS:warn] 23:21:44.644 Reconnect failed: One or more errors occurred. (Unable to connect to the remote server)
[ObsWS:info] 23:22:00.653 Reconnecting to OBS WebSocket (30000ms backoff)…
[ObsWS:warn] 23:22:02.683 Reconnect failed: One or more errors occurred. (Unable to connect to the remote server)
[ObsWS:info] 23:22:32.691 Reconnecting to OBS WebSocket (30000ms backoff)…
[ObsWS:warn] 23:22:34.728 Reconnect failed: One or more errors occurred. (Unable to connect to the remote server)
[ObsWS:info] 23:23:04.737 Reconnecting to OBS WebSocket (30000ms backoff)…
[ObsWS:warn] 23:23:06.786 Reconnect failed: One or more errors occurred. (Unable to connect to the remote server)
[ObsWS:info] 23:23:36.796 Reconnecting to OBS WebSocket (30000ms backoff)…
[ObsWS:warn] 23:23:38.835 Reconnect failed: One or more errors occurred. (Unable to connect to the remote server)
[ObsWS:info] 23:24:08.837 Reconnecting to OBS WebSocket (30000ms backoff)…
[ObsWS:warn] 23:24:10.859 Reconnect failed: One or more errors occurred. (Unable to connect to the remote server)
[ObsWS:info] 23:24:40.862 Reconnecting to OBS WebSocket (30000ms backoff)…
[ObsWS:warn] 23:24:42.872 Reconnect failed: One or more errors occurred. (Unable to connect to the remote server)
[ObsWS:info] 23:25:12.874 Reconnecting to OBS WebSocket (30000ms backoff)…
[ObsWS:warn] 23:25:14.888 Reconnect failed: One or more errors occurred. (Unable to connect to the remote server)
[ObsWS:info] 23:25:44.902 Reconnecting to OBS WebSocket (30000ms backoff)…
[ObsWS:warn] 23:25:46.911 Reconnect failed: One or more errors occurred. (Unable to connect to the remote server)
[ObsWS:info] 23:26:16.917 Reconnecting to OBS WebSocket (30000ms backoff)…
[ObsWS:warn] 23:26:18.950 Reconnect failed: One or more errors occurred. (Unable to connect to the remote server)
[ObsWS:info] 23:26:48.951 Reconnecting to OBS WebSocket (30000ms backoff)…
[ObsWS:warn] 23:26:50.984 Reconnect failed: One or more errors occurred. (Unable to connect to the remote server)
[ObsWS:info] 23:27:20.998 Reconnecting to OBS WebSocket (30000ms backoff)…
[ObsWS:warn] 23:27:23.031 Reconnect failed: One or more errors occurred. (Unable to connect to the remote server)
[ObsWS:info] 23:27:53.032 Reconnecting to OBS WebSocket (30000ms backoff)…
[ObsWS:warn] 23:27:55.081 Reconnect failed: One or more errors occurred. (Unable to connect to the remote server)
[ObsWS:info] 23:28:25.089 Reconnecting to OBS WebSocket (30000ms backoff)…
[ObsWS:warn] 23:28:27.110 Reconnect failed: One or more errors occurred. (Unable to connect to the remote server)
[ObsWS:info] 23:28:57.118 Reconnecting to OBS WebSocket (30000ms backoff)…
[ObsWS:warn] 23:28:59.134 Reconnect failed: One or more errors occurred. (Unable to connect to the remote server)
[ObsWS:info] 23:29:29.143 Reconnecting to OBS WebSocket (30000ms backoff)…
[ObsWS:warn] 23:29:31.172 Reconnect failed: One or more errors occurred. (Unable to connect to the remote server)
[ObsWS:info] 23:30:01.178 Reconnecting to OBS WebSocket (30000ms backoff)…
[ObsWS:warn] 23:30:03.204 Reconnect failed: One or more errors occurred. (Unable to connect to the remote server)
[ObsWS:info] 23:30:33.210 Reconnecting to OBS WebSocket (30000ms backoff)…
[ObsWS:warn] 23:30:35.249 Reconnect failed: One or more errors occurred. (Unable to connect to the remote server)
[ObsWS:info] 23:31:05.261 Reconnecting to OBS WebSocket (30000ms backoff)…
[ObsWS:warn] 23:31:07.299 Reconnect failed: One or more errors occurred. (Unable to connect to the remote server)
[ObsWS:info] 23:31:37.307 Reconnecting to OBS WebSocket (30000ms backoff)…
[ObsWS:warn] 23:31:39.336 Reconnect failed: One or more errors occurred. (Unable to connect to the remote server)
[ObsWS:info] 23:32:09.340 Reconnecting to OBS WebSocket (30000ms backoff)…
[ObsWS:warn] 23:32:11.369 Reconnect failed: One or more errors occurred. (Unable to connect to the remote server)
[ObsWS:info] 23:32:41.378 Reconnecting to OBS WebSocket (30000ms backoff)…
[ObsWS:warn] 23:32:43.391 Reconnect failed: One or more errors occurred. (Unable to connect to the remote server)
[ObsWS:info] 23:33:13.397 Reconnecting to OBS WebSocket (30000ms backoff)…
[ObsWS:warn] 23:33:15.429 Reconnect failed: One or more errors occurred. (Unable to connect to the remote server)
[ObsWS:info] 23:33:45.434 Reconnecting to OBS WebSocket (30000ms backoff)…
[ObsWS:warn] 23:33:47.458 Reconnect failed: One or more errors occurred. (Unable to connect to the remote server)
[ObsWS:info] 01:28:38.080 Connecting to OBS WebSocket at ws://127.0.0.1:4455/…
[ObsWS:error] 01:28:40.150 Connect failed: One or more errors occurred. (Unable to connect to the remote server)
[ObsWS:info] 01:28:41.154 Reconnecting to OBS WebSocket (2000ms backoff)…
[ObsWS:warn] 01:28:43.175 Reconnect failed: One or more errors occurred. (Unable to connect to the remote server)
[ObsWS:info] 01:28:45.185 Reconnecting to OBS WebSocket (4000ms backoff)…
[ObsWS:warn] 01:28:47.207 Reconnect failed: One or more errors occurred. (Unable to connect to the remote server)
[ObsWS:info] 01:28:51.209 Reconnecting to OBS WebSocket (8000ms backoff)…
[ObsWS:warn] 01:28:53.232 Reconnect failed: One or more errors occurred. (Unable to connect to the remote server)
[ObsWS:info] 01:29:01.242 Reconnecting to OBS WebSocket (16000ms backoff)…
[ObsWS:warn] 01:29:03.278 Reconnect failed: One or more errors occurred. (Unable to connect to the remote server)
[ObsWS:info] 01:29:19.286 Reconnecting to OBS WebSocket (30000ms backoff)…
[ObsWS:warn] 01:29:21.305 Reconnect failed: One or more errors occurred. (Unable to connect to the remote server)
[ObsWS:info] 01:29:51.307 Reconnecting to OBS WebSocket (30000ms backoff)…
[ObsWS:warn] 01:29:53.331 Reconnect failed: One or more errors occurred. (Unable to connect to the remote server)
[ObsWS:info] 01:30:23.338 Reconnecting to OBS WebSocket (30000ms backoff)…
[ObsWS:warn] 01:30:25.376 Reconnect failed: One or more errors occurred. (Unable to connect to the remote server)
[ObsWS:info] 01:30:55.391 Reconnecting to OBS WebSocket (30000ms backoff)…
[ObsWS:warn] 01:30:57.411 Reconnect failed: One or more errors occurred. (Unable to connect to the remote server)
[ObsWS:info] 01:31:27.420 Reconnecting to OBS WebSocket (30000ms backoff)…
[ObsWS:warn] 01:31:29.460 Reconnect failed: One or more errors occurred. (Unable to connect to the remote server)
[ObsWS:info] 01:31:59.474 Reconnecting to OBS WebSocket (30000ms backoff)…
[ObsWS:warn] 01:32:01.496 Reconnect failed: One or more errors occurred. (Unable to connect to the remote server)
[ObsWS:info] 01:32:31.507 Reconnecting to OBS WebSocket (30000ms backoff)…
[ObsWS:warn] 01:32:33.529 Reconnect failed: One or more errors occurred. (Unable to connect to the remote server)
[ObsWS:info] 01:33:03.532 Reconnecting to OBS WebSocket (30000ms backoff)…
[ObsWS:warn] 01:33:05.587 Reconnect failed: One or more errors occurred. (Unable to connect to the remote server)
[ObsWS:info] 01:33:35.598 Reconnecting to OBS WebSocket (30000ms backoff)…
[ObsWS:warn] 01:33:37.628 Reconnect failed: One or more errors occurred. (Unable to connect to the remote server)
[ObsWS:info] 01:34:07.630 Reconnecting to OBS WebSocket (30000ms backoff)…
[ObsWS:warn] 01:34:09.644 Reconnect failed: One or more errors occurred. (Unable to connect to the remote server)
[ObsWS:info] 01:34:39.647 Reconnecting to OBS WebSocket (30000ms backoff)…
[ObsWS:warn] 01:34:41.661 Reconnect failed: One or more errors occurred. (Unable to connect to the remote server)
[ObsWS:info] 09:00:48.798 Connecting to OBS WebSocket at ws://127.0.0.1:4455/…
[ObsWS:info] 09:00:48.865 << RECV op=0: {"d":{"obsStudioVersion":"32.2.1","obsWebSocketVersion":"5.7.4","rpcVersion":1},"op":0}
[ObsWS:info] 09:00:48.867 >> SEND {"op":1,"d":{"rpcVersion":1}}
[ObsWS:info] 09:00:48.870 Sent Identify to OBS
[ObsWS:info] 09:00:48.870 << RECV op=2: {"d":{"negotiatedRpcVersion":1},"op":2}
[ObsWS:info] 09:00:48.871 OBS WebSocket identified — listening for events
[ObsWS:info] 09:01:39.984 << RECV op=5: {"d":{"eventData":{"outputActive":false,"outputPath":null,"outputState":"OBS_WEBSOCKET_OUTPUT_STARTING"},"eventIntent":64,"eventType":"RecordStateChanged"},"op":5}
[ObsWS:info] 09:01:39.984 Event received: RecordStateChanged  data={"outputActive":false,"outputPath":null,"outputState":"OBS_WEBSOCKET_OUTPUT_STARTING"}
[OBS] 09:01:39.986 OnObsEvent: RecordStateChanged
[ObsWS:info] 09:01:40.093 << RECV op=5: {"d":{"eventData":{"outputActive":true,"outputPath":"C:/Users/ScotcsDuluka/Videos/2026-09-30 09-01-39.mp4","outputState":"OBS_WEBSOCKET_OUTPUT_STARTED"},"eventIntent":64,"eventType":"RecordStateChanged"},"op":5}
[ObsWS:info] 09:01:40.093 Event received: RecordStateChanged  data={"outputActive":true,"outputPath":"C:/Users/ScotcsDuluka/Videos/2026-09-30 09-01-39.mp4","outputState":"OBS_WEBSOCKET_OUTPUT_STARTED"}
[OBS] 09:01:40.094 OnObsEvent: RecordStateChanged
[OBS] 09:01:40.095   → mapped to l10n.recording_started
[ObsWS:info] 09:01:46.944 << RECV op=5: {"d":{"eventData":{"outputActive":false,"outputPath":null,"outputState":"OBS_WEBSOCKET_OUTPUT_STOPPING"},"eventIntent":64,"eventType":"RecordStateChanged"},"op":5}
[ObsWS:info] 09:01:46.944 Event received: RecordStateChanged  data={"outputActive":false,"outputPath":null,"outputState":"OBS_WEBSOCKET_OUTPUT_STOPPING"}
[OBS] 09:01:46.944 OnObsEvent: RecordStateChanged
[ObsWS:info] 09:01:47.051 << RECV op=5: {"d":{"eventData":{"outputActive":false,"outputPath":"C:/Users/ScotcsDuluka/Videos/2026-09-30 09-01-39.mp4","outputState":"OBS_WEBSOCKET_OUTPUT_STOPPED"},"eventIntent":64,"eventType":"RecordStateChanged"},"op":5}
[ObsWS:info] 09:01:47.052 Event received: RecordStateChanged  data={"outputActive":false,"outputPath":"C:/Users/ScotcsDuluka/Videos/2026-09-30 09-01-39.mp4","outputState":"OBS_WEBSOCKET_OUTPUT_STOPPED"}
[OBS] 09:01:47.053 OnObsEvent: RecordStateChanged
[OBS] 09:01:47.053   → mapped to l10n.recording_saved
[ObsWS:info] 09:01:51.024 << RECV op=5: {"d":{"eventData":{"outputActive":false,"outputPath":null,"outputState":"OBS_WEBSOCKET_OUTPUT_STARTING"},"eventIntent":64,"eventType":"RecordStateChanged"},"op":5}
[ObsWS:info] 09:01:51.024 Event received: RecordStateChanged  data={"outputActive":false,"outputPath":null,"outputState":"OBS_WEBSOCKET_OUTPUT_STARTING"}
[OBS] 09:01:51.025 OnObsEvent: RecordStateChanged
[ObsWS:info] 09:01:51.126 << RECV op=5: {"d":{"eventData":{"outputActive":true,"outputPath":"C:/Users/ScotcsDuluka/Videos/2026-09-30 09-01-51.mp4","outputState":"OBS_WEBSOCKET_OUTPUT_STARTED"},"eventIntent":64,"eventType":"RecordStateChanged"},"op":5}
[ObsWS:info] 09:01:51.126 Event received: RecordStateChanged  data={"outputActive":true,"outputPath":"C:/Users/ScotcsDuluka/Videos/2026-09-30 09-01-51.mp4","outputState":"OBS_WEBSOCKET_OUTPUT_STARTED"}
[OBS] 09:01:51.127 OnObsEvent: RecordStateChanged
[OBS] 09:01:51.127   → mapped to l10n.recording_started
[ObsWS:info] 09:01:51.896 << RECV op=5: {"d":{"eventData":{"outputActive":false,"outputPath":null,"outputState":"OBS_WEBSOCKET_OUTPUT_STOPPING"},"eventIntent":64,"eventType":"RecordStateChanged"},"op":5}
[ObsWS:info] 09:01:51.896 Event received: RecordStateChanged  data={"outputActive":false,"outputPath":null,"outputState":"OBS_WEBSOCKET_OUTPUT_STOPPING"}
[OBS] 09:01:51.897 OnObsEvent: RecordStateChanged
[ObsWS:info] 09:01:52.001 << RECV op=5: {"d":{"eventData":{"outputActive":false,"outputPath":"C:/Users/ScotcsDuluka/Videos/2026-09-30 09-01-51.mp4","outputState":"OBS_WEBSOCKET_OUTPUT_STOPPED"},"eventIntent":64,"eventType":"RecordStateChanged"},"op":5}
[ObsWS:info] 09:01:52.001 Event received: RecordStateChanged  data={"outputActive":false,"outputPath":"C:/Users/ScotcsDuluka/Videos/2026-09-30 09-01-51.mp4","outputState":"OBS_WEBSOCKET_OUTPUT_STOPPED"}
[OBS] 09:01:52.002 OnObsEvent: RecordStateChanged
[OBS] 09:01:52.002   → mapped to l10n.recording_saved
[ObsWS:info] 09:01:52.854 << RECV op=5: {"d":{"eventData":{"outputActive":false,"outputPath":null,"outputState":"OBS_WEBSOCKET_OUTPUT_STARTING"},"eventIntent":64,"eventType":"RecordStateChanged"},"op":5}
[ObsWS:info] 09:01:52.855 Event received: RecordStateChanged  data={"outputActive":false,"outputPath":null,"outputState":"OBS_WEBSOCKET_OUTPUT_STARTING"}
[OBS] 09:01:52.856 OnObsEvent: RecordStateChanged
[ObsWS:info] 09:01:52.945 << RECV op=5: {"d":{"eventData":{"outputActive":true,"outputPath":"C:/Users/ScotcsDuluka/Videos/2026-09-30 09-01-52.mp4","outputState":"OBS_WEBSOCKET_OUTPUT_STARTED"},"eventIntent":64,"eventType":"RecordStateChanged"},"op":5}
[ObsWS:info] 09:01:52.946 Event received: RecordStateChanged  data={"outputActive":true,"outputPath":"C:/Users/ScotcsDuluka/Videos/2026-09-30 09-01-52.mp4","outputState":"OBS_WEBSOCKET_OUTPUT_STARTED"}
[OBS] 09:01:52.946 OnObsEvent: RecordStateChanged
[OBS] 09:01:52.947   → mapped to l10n.recording_started
[ObsWS:info] 09:01:53.645 << RECV op=5: {"d":{"eventData":{"outputActive":false,"outputPath":null,"outputState":"OBS_WEBSOCKET_OUTPUT_STOPPING"},"eventIntent":64,"eventType":"RecordStateChanged"},"op":5}
[ObsWS:info] 09:01:53.646 Event received: RecordStateChanged  data={"outputActive":false,"outputPath":null,"outputState":"OBS_WEBSOCKET_OUTPUT_STOPPING"}
[OBS] 09:01:53.646 OnObsEvent: RecordStateChanged
[ObsWS:info] 09:01:53.748 << RECV op=5: {"d":{"eventData":{"outputActive":false,"outputPath":"C:/Users/ScotcsDuluka/Videos/2026-09-30 09-01-52.mp4","outputState":"OBS_WEBSOCKET_OUTPUT_STOPPED"},"eventIntent":64,"eventType":"RecordStateChanged"},"op":5}
[ObsWS:info] 09:01:53.749 Event received: RecordStateChanged  data={"outputActive":false,"outputPath":"C:/Users/ScotcsDuluka/Videos/2026-09-30 09-01-52.mp4","outputState":"OBS_WEBSOCKET_OUTPUT_STOPPED"}
[OBS] 09:01:53.749 OnObsEvent: RecordStateChanged
[OBS] 09:01:53.749   → mapped to l10n.recording_saved
[ObsWS:info] 09:01:55.608 << RECV op=5: {"d":{"eventData":{"outputActive":false,"outputPath":null,"outputState":"OBS_WEBSOCKET_OUTPUT_STARTING"},"eventIntent":64,"eventType":"RecordStateChanged"},"op":5}
[ObsWS:info] 09:01:55.609 Event received: RecordStateChanged  data={"outputActive":false,"outputPath":null,"outputState":"OBS_WEBSOCKET_OUTPUT_STARTING"}
[OBS] 09:01:55.609 OnObsEvent: RecordStateChanged
[ObsWS:info] 09:01:55.707 << RECV op=5: {"d":{"eventData":{"outputActive":true,"outputPath":"C:/Users/ScotcsDuluka/Videos/2026-09-30 09-01-55.mp4","outputState":"OBS_WEBSOCKET_OUTPUT_STARTED"},"eventIntent":64,"eventType":"RecordStateChanged"},"op":5}
[ObsWS:info] 09:01:55.708 Event received: RecordStateChanged  data={"outputActive":true,"outputPath":"C:/Users/ScotcsDuluka/Videos/2026-09-30 09-01-55.mp4","outputState":"OBS_WEBSOCKET_OUTPUT_STARTED"}
[OBS] 09:01:55.709 OnObsEvent: RecordStateChanged
[OBS] 09:01:55.709   → mapped to l10n.recording_started
[ObsWS:info] 09:01:57.409 << RECV op=5: {"d":{"eventData":{"outputActive":false,"outputPath":null,"outputState":"OBS_WEBSOCKET_OUTPUT_STOPPING"},"eventIntent":64,"eventType":"RecordStateChanged"},"op":5}
[ObsWS:info] 09:01:57.410 Event received: RecordStateChanged  data={"outputActive":false,"outputPath":null,"outputState":"OBS_WEBSOCKET_OUTPUT_STOPPING"}
[OBS] 09:01:57.410 OnObsEvent: RecordStateChanged
[ObsWS:info] 09:01:57.525 << RECV op=5: {"d":{"eventData":{"outputActive":false,"outputPath":"C:/Users/ScotcsDuluka/Videos/2026-09-30 09-01-55.mp4","outputState":"OBS_WEBSOCKET_OUTPUT_STOPPED"},"eventIntent":64,"eventType":"RecordStateChanged"},"op":5}
[ObsWS:info] 09:01:57.525 Event received: RecordStateChanged  data={"outputActive":false,"outputPath":"C:/Users/ScotcsDuluka/Videos/2026-09-30 09-01-55.mp4","outputState":"OBS_WEBSOCKET_OUTPUT_STOPPED"}
[OBS] 09:01:57.526 OnObsEvent: RecordStateChanged
[OBS] 09:01:57.526   → mapped to l10n.recording_saved
[ObsWS:info] 09:02:04.626 << RECV op=5: {"d":{"eventData":{"outputActive":false,"outputPath":null,"outputState":"OBS_WEBSOCKET_OUTPUT_STARTING"},"eventIntent":64,"eventType":"RecordStateChanged"},"op":5}
[ObsWS:info] 09:02:04.627 Event received: RecordStateChanged  data={"outputActive":false,"outputPath":null,"outputState":"OBS_WEBSOCKET_OUTPUT_STARTING"}
[OBS] 09:02:04.627 OnObsEvent: RecordStateChanged
[ObsWS:info] 09:02:04.731 << RECV op=5: {"d":{"eventData":{"outputActive":true,"outputPath":"C:/Users/ScotcsDuluka/Videos/2026-09-30 09-02-04.mp4","outputState":"OBS_WEBSOCKET_OUTPUT_STARTED"},"eventIntent":64,"eventType":"RecordStateChanged"},"op":5}
[ObsWS:info] 09:02:04.732 Event received: RecordStateChanged  data={"outputActive":true,"outputPath":"C:/Users/ScotcsDuluka/Videos/2026-09-30 09-02-04.mp4","outputState":"OBS_WEBSOCKET_OUTPUT_STARTED"}
[OBS] 09:02:04.732 OnObsEvent: RecordStateChanged
[OBS] 09:02:04.732   → mapped to l10n.recording_started
[ObsWS:info] 09:02:16.948 << RECV op=5: {"d":{"eventData":{"outputActive":false,"outputPath":null,"outputState":"OBS_WEBSOCKET_OUTPUT_STOPPING"},"eventIntent":64,"eventType":"RecordStateChanged"},"op":5}
[ObsWS:info] 09:02:16.949 Event received: RecordStateChanged  data={"outputActive":false,"outputPath":null,"outputState":"OBS_WEBSOCKET_OUTPUT_STOPPING"}
[OBS] 09:02:16.949 OnObsEvent: RecordStateChanged
[ObsWS:info] 09:02:17.044 << RECV op=5: {"d":{"eventData":{"outputActive":false,"outputPath":"C:/Users/ScotcsDuluka/Videos/2026-09-30 09-02-04.mp4","outputState":"OBS_WEBSOCKET_OUTPUT_STOPPED"},"eventIntent":64,"eventType":"RecordStateChanged"},"op":5}
[ObsWS:info] 09:02:17.045 Event received: RecordStateChanged  data={"outputActive":false,"outputPath":"C:/Users/ScotcsDuluka/Videos/2026-09-30 09-02-04.mp4","outputState":"OBS_WEBSOCKET_OUTPUT_STOPPED"}
[OBS] 09:02:17.046 OnObsEvent: RecordStateChanged
[OBS] 09:02:17.046   → mapped to l10n.recording_saved
[ObsWS:info] 09:02:43.818 << RECV op=5: {"d":{"eventData":{"outputActive":false,"outputPath":null,"outputState":"OBS_WEBSOCKET_OUTPUT_STARTING"},"eventIntent":64,"eventType":"RecordStateChanged"},"op":5}
[ObsWS:info] 09:02:43.819 Event received: RecordStateChanged  data={"outputActive":false,"outputPath":null,"outputState":"OBS_WEBSOCKET_OUTPUT_STARTING"}
[OBS] 09:02:43.819 OnObsEvent: RecordStateChanged
[ObsWS:info] 09:02:43.917 << RECV op=5: {"d":{"eventData":{"outputActive":true,"outputPath":"C:/Users/ScotcsDuluka/Videos/2026-09-30 09-02-43.mp4","outputState":"OBS_WEBSOCKET_OUTPUT_STARTED"},"eventIntent":64,"eventType":"RecordStateChanged"},"op":5}
[ObsWS:info] 09:02:43.917 Event received: RecordStateChanged  data={"outputActive":true,"outputPath":"C:/Users/ScotcsDuluka/Videos/2026-09-30 09-02-43.mp4","outputState":"OBS_WEBSOCKET_OUTPUT_STARTED"}
[OBS] 09:02:43.917 OnObsEvent: RecordStateChanged
[OBS] 09:02:43.918   → mapped to l10n.recording_started
[ObsWS:info] 09:02:45.969 << RECV op=5: {"d":{"eventData":{"outputActive":false,"outputPath":null,"outputState":"OBS_WEBSOCKET_OUTPUT_STOPPING"},"eventIntent":64,"eventType":"RecordStateChanged"},"op":5}
[ObsWS:info] 09:02:45.969 Event received: RecordStateChanged  data={"outputActive":false,"outputPath":null,"outputState":"OBS_WEBSOCKET_OUTPUT_STOPPING"}
[OBS] 09:02:45.969 OnObsEvent: RecordStateChanged
[ObsWS:info] 09:02:46.085 << RECV op=5: {"d":{"eventData":{"outputActive":false,"outputPath":"C:/Users/ScotcsDuluka/Videos/2026-09-30 09-02-43.mp4","outputState":"OBS_WEBSOCKET_OUTPUT_STOPPED"},"eventIntent":64,"eventType":"RecordStateChanged"},"op":5}
[ObsWS:info] 09:02:46.085 Event received: RecordStateChanged  data={"outputActive":false,"outputPath":"C:/Users/ScotcsDuluka/Videos/2026-09-30 09-02-43.mp4","outputState":"OBS_WEBSOCKET_OUTPUT_STOPPED"}
[OBS] 09:02:46.086 OnObsEvent: RecordStateChanged
[OBS] 09:02:46.086   → mapped to l10n.recording_saved
[ObsWS:info] 09:02:48.029 << RECV op=5: {"d":{"eventData":{"outputActive":false,"outputPath":null,"outputState":"OBS_WEBSOCKET_OUTPUT_STARTING"},"eventIntent":64,"eventType":"RecordStateChanged"},"op":5}
[ObsWS:info] 09:02:48.030 Event received: RecordStateChanged  data={"outputActive":false,"outputPath":null,"outputState":"OBS_WEBSOCKET_OUTPUT_STARTING"}
[OBS] 09:02:48.030 OnObsEvent: RecordStateChanged
[ObsWS:info] 09:02:48.132 << RECV op=5: {"d":{"eventData":{"outputActive":true,"outputPath":"C:/Users/ScotcsDuluka/Videos/2026-09-30 09-02-48.mp4","outputState":"OBS_WEBSOCKET_OUTPUT_STARTED"},"eventIntent":64,"eventType":"RecordStateChanged"},"op":5}
[ObsWS:info] 09:02:48.133 Event received: RecordStateChanged  data={"outputActive":true,"outputPath":"C:/Users/ScotcsDuluka/Videos/2026-09-30 09-02-48.mp4","outputState":"OBS_WEBSOCKET_OUTPUT_STARTED"}
[OBS] 09:02:48.133 OnObsEvent: RecordStateChanged
[OBS] 09:02:48.133   → mapped to l10n.recording_started
[ObsWS:info] 09:02:49.958 << RECV op=5: {"d":{"eventData":{"outputActive":false,"outputPath":null,"outputState":"OBS_WEBSOCKET_OUTPUT_STOPPING"},"eventIntent":64,"eventType":"RecordStateChanged"},"op":5}
[ObsWS:info] 09:02:49.958 Event received: RecordStateChanged  data={"outputActive":false,"outputPath":null,"outputState":"OBS_WEBSOCKET_OUTPUT_STOPPING"}
[OBS] 09:02:49.959 OnObsEvent: RecordStateChanged
[ObsWS:info] 09:02:50.069 << RECV op=5: {"d":{"eventData":{"outputActive":false,"outputPath":"C:/Users/ScotcsDuluka/Videos/2026-09-30 09-02-48.mp4","outputState":"OBS_WEBSOCKET_OUTPUT_STOPPED"},"eventIntent":64,"eventType":"RecordStateChanged"},"op":5}
[ObsWS:info] 09:02:50.069 Event received: RecordStateChanged  data={"outputActive":false,"outputPath":"C:/Users/ScotcsDuluka/Videos/2026-09-30 09-02-48.mp4","outputState":"OBS_WEBSOCKET_OUTPUT_STOPPED"}
[OBS] 09:02:50.070 OnObsEvent: RecordStateChanged
[OBS] 09:02:50.070   → mapped to l10n.recording_saved
[ObsWS:info] 09:02:51.038 << RECV op=5: {"d":{"eventData":{"outputActive":false,"outputPath":null,"outputState":"OBS_WEBSOCKET_OUTPUT_STARTING"},"eventIntent":64,"eventType":"RecordStateChanged"},"op":5}
[ObsWS:info] 09:02:51.039 Event received: RecordStateChanged  data={"outputActive":false,"outputPath":null,"outputState":"OBS_WEBSOCKET_OUTPUT_STARTING"}
[OBS] 09:02:51.039 OnObsEvent: RecordStateChanged
[ObsWS:info] 09:02:51.145 << RECV op=5: {"d":{"eventData":{"outputActive":true,"outputPath":"C:/Users/ScotcsDuluka/Videos/2026-09-30 09-02-51.mp4","outputState":"OBS_WEBSOCKET_OUTPUT_STARTED"},"eventIntent":64,"eventType":"RecordStateChanged"},"op":5}
[ObsWS:info] 09:02:51.146 Event received: RecordStateChanged  data={"outputActive":true,"outputPath":"C:/Users/ScotcsDuluka/Videos/2026-09-30 09-02-51.mp4","outputState":"OBS_WEBSOCKET_OUTPUT_STARTED"}
[OBS] 09:02:51.146 OnObsEvent: RecordStateChanged
[OBS] 09:02:51.147   → mapped to l10n.recording_started
[ObsWS:info] 09:02:51.658 << RECV op=5: {"d":{"eventData":{"outputActive":false,"outputPath":null,"outputState":"OBS_WEBSOCKET_OUTPUT_STOPPING"},"eventIntent":64,"eventType":"RecordStateChanged"},"op":5}
[ObsWS:info] 09:02:51.658 Event received: RecordStateChanged  data={"outputActive":false,"outputPath":null,"outputState":"OBS_WEBSOCKET_OUTPUT_STOPPING"}
[OBS] 09:02:51.659 OnObsEvent: RecordStateChanged
[ObsWS:info] 09:02:51.754 << RECV op=5: {"d":{"eventData":{"outputActive":false,"outputPath":"C:/Users/ScotcsDuluka/Videos/2026-09-30 09-02-51.mp4","outputState":"OBS_WEBSOCKET_OUTPUT_STOPPED"},"eventIntent":64,"eventType":"RecordStateChanged"},"op":5}
[ObsWS:info] 09:02:51.754 Event received: RecordStateChanged  data={"outputActive":false,"outputPath":"C:/Users/ScotcsDuluka/Videos/2026-09-30 09-02-51.mp4","outputState":"OBS_WEBSOCKET_OUTPUT_STOPPED"}
[OBS] 09:02:51.755 OnObsEvent: RecordStateChanged
[OBS] 09:02:51.755   → mapped to l10n.recording_saved
[ObsWS:info] 09:03:10.461 << RECV op=5: {"d":{"eventData":{"outputActive":false,"outputPath":null,"outputState":"OBS_WEBSOCKET_OUTPUT_STARTING"},"eventIntent":64,"eventType":"RecordStateChanged"},"op":5}
[ObsWS:info] 09:03:10.461 Event received: RecordStateChanged  data={"outputActive":false,"outputPath":null,"outputState":"OBS_WEBSOCKET_OUTPUT_STARTING"}
[OBS] 09:03:10.462 OnObsEvent: RecordStateChanged
[ObsWS:info] 09:03:10.602 << RECV op=5: {"d":{"eventData":{"outputActive":true,"outputPath":"C:/Users/ScotcsDuluka/Videos/2026-09-30 09-03-10.mp4","outputState":"OBS_WEBSOCKET_OUTPUT_STARTED"},"eventIntent":64,"eventType":"RecordStateChanged"},"op":5}
[ObsWS:info] 09:03:10.602 Event received: RecordStateChanged  data={"outputActive":true,"outputPath":"C:/Users/ScotcsDuluka/Videos/2026-09-30 09-03-10.mp4","outputState":"OBS_WEBSOCKET_OUTPUT_STARTED"}
[OBS] 09:03:10.603 OnObsEvent: RecordStateChanged
[OBS] 09:03:10.603   → mapped to l10n.recording_started
[ObsWS:info] 09:03:12.140 << RECV op=5: {"d":{"eventData":{"outputActive":false,"outputPath":null,"outputState":"OBS_WEBSOCKET_OUTPUT_STOPPING"},"eventIntent":64,"eventType":"RecordStateChanged"},"op":5}
[ObsWS:info] 09:03:12.141 Event received: RecordStateChanged  data={"outputActive":false,"outputPath":null,"outputState":"OBS_WEBSOCKET_OUTPUT_STOPPING"}
[OBS] 09:03:12.141 OnObsEvent: RecordStateChanged
[ObsWS:info] 09:03:12.236 << RECV op=5: {"d":{"eventData":{"outputActive":false,"outputPath":"C:/Users/ScotcsDuluka/Videos/2026-09-30 09-03-10.mp4","outputState":"OBS_WEBSOCKET_OUTPUT_STOPPED"},"eventIntent":64,"eventType":"RecordStateChanged"},"op":5}
[ObsWS:info] 09:03:12.237 Event received: RecordStateChanged  data={"outputActive":false,"outputPath":"C:/Users/ScotcsDuluka/Videos/2026-09-30 09-03-10.mp4","outputState":"OBS_WEBSOCKET_OUTPUT_STOPPED"}
[OBS] 09:03:12.238 OnObsEvent: RecordStateChanged
[OBS] 09:03:12.238   → mapped to l10n.recording_saved
[ObsWS:info] 09:06:08.497 << RECV op=5: {"d":{"eventIntent":1,"eventType":"ExitStarted"},"op":5}
[ObsWS:info] 09:06:08.498 Event received: ExitStarted  data={}
[OBS] 09:06:08.499 OnObsEvent: ExitStarted
[ObsWS:info] 09:06:08.617 OBS WebSocket closed by server
[ObsWS:error] 09:06:08.619 ReceiveLoop error: The WebSocket is in an invalid state ('CloseReceived') for this operation. Valid states are: 'Open, CloseSent'
[ObsWS:info] 09:06:09.622 Reconnecting to OBS WebSocket (2000ms backoff)…
[ObsWS:warn] 09:06:11.673 Reconnect failed: One or more errors occurred. (Unable to connect to the remote server)
[ObsWS:info] 09:06:13.684 Reconnecting to OBS WebSocket (4000ms backoff)…
[ObsWS:warn] 09:06:15.713 Reconnect failed: One or more errors occurred. (Unable to connect to the remote server)
[ObsWS:info] 09:06:19.722 Reconnecting to OBS WebSocket (8000ms backoff)…
[ObsWS:warn] 09:06:21.779 Reconnect failed: One or more errors occurred. (Unable to connect to the remote server)
[ObsWS:info] 09:06:29.783 Reconnecting to OBS WebSocket (16000ms backoff)…
[ObsWS:warn] 09:06:31.802 Reconnect failed: One or more errors occurred. (Unable to connect to the remote server)
[ObsWS:info] 09:06:47.809 Reconnecting to OBS WebSocket (30000ms backoff)…
[ObsWS:warn] 09:06:49.831 Reconnect failed: One or more errors occurred. (Unable to connect to the remote server)
[ObsWS:info] 09:07:19.842 Reconnecting to OBS WebSocket (30000ms backoff)…
[ObsWS:warn] 09:07:21.865 Reconnect failed: One or more errors occurred. (Unable to connect to the remote server)
[ObsWS:info] 09:07:51.871 Reconnecting to OBS WebSocket (30000ms backoff)…
[ObsWS:warn] 09:07:53.882 Reconnect failed: One or more errors occurred. (Unable to connect to the remote server)
[ObsWS:info] 09:08:23.890 Reconnecting to OBS WebSocket (30000ms backoff)…
[ObsWS:warn] 09:08:25.914 Reconnect failed: One or more errors occurred. (Unable to connect to the remote server)
[ObsWS:info] 09:08:55.929 Reconnecting to OBS WebSocket (30000ms backoff)…
[ObsWS:warn] 09:08:57.945 Reconnect failed: One or more errors occurred. (Unable to connect to the remote server)
[ObsWS:info] 09:09:27.950 Reconnecting to OBS WebSocket (30000ms backoff)…
[ObsWS:warn] 09:09:29.961 Reconnect failed: One or more errors occurred. (Unable to connect to the remote server)
[ObsWS:info] 09:09:59.965 Reconnecting to OBS WebSocket (30000ms backoff)…
[ObsWS:warn] 09:10:01.979 Reconnect failed: One or more errors occurred. (Unable to connect to the remote server)
[ObsWS:info] 09:10:31.987 Reconnecting to OBS WebSocket (30000ms backoff)…
[ObsWS:warn] 09:10:34.032 Reconnect failed: One or more errors occurred. (Unable to connect to the remote server)
[ObsWS:info] 09:11:04.032 Reconnecting to OBS WebSocket (30000ms backoff)…
[ObsWS:warn] 09:11:06.065 Reconnect failed: One or more errors occurred. (Unable to connect to the remote server)
[ObsWS:info] 09:11:36.076 Reconnecting to OBS WebSocket (30000ms backoff)…
[ObsWS:warn] 09:11:38.108 Reconnect failed: One or more errors occurred. (Unable to connect to the remote server)
[ObsWS:info] 09:12:08.111 Reconnecting to OBS WebSocket (30000ms backoff)…
[ObsWS:warn] 09:12:10.142 Reconnect failed: One or more errors occurred. (Unable to connect to the remote server)
[ObsWS:info] 09:12:40.157 Reconnecting to OBS WebSocket (30000ms backoff)…
[ObsWS:warn] 09:12:42.200 Reconnect failed: One or more errors occurred. (Unable to connect to the remote server)
[ObsWS:info] 09:13:12.203 Reconnecting to OBS WebSocket (30000ms backoff)…
[ObsWS:warn] 09:13:14.224 Reconnect failed: One or more errors occurred. (Unable to connect to the remote server)
[ObsWS:info] 09:13:44.233 Reconnecting to OBS WebSocket (30000ms backoff)…
[ObsWS:warn] 09:13:46.247 Reconnect failed: One or more errors occurred. (Unable to connect to the remote server)
[ObsWS:info] 09:14:16.252 Reconnecting to OBS WebSocket (30000ms backoff)…
[ObsWS:warn] 09:14:18.290 Reconnect failed: One or more errors occurred. (Unable to connect to the remote server)
[ObsWS:info] 09:14:48.301 Reconnecting to OBS WebSocket (30000ms backoff)…
[ObsWS:warn] 09:14:50.348 Reconnect failed: One or more errors occurred. (Unable to connect to the remote server)
[ObsWS:info] 09:15:20.351 Reconnecting to OBS WebSocket (30000ms backoff)…
[ObsWS:warn] 09:15:22.382 Reconnect failed: One or more errors occurred. (Unable to connect to the remote server)
[ObsWS:info] 09:15:52.396 Reconnecting to OBS WebSocket (30000ms backoff)…
[ObsWS:warn] 09:15:54.407 Reconnect failed: One or more errors occurred. (Unable to connect to the remote server)
[ObsWS:info] 09:16:24.421 Reconnecting to OBS WebSocket (30000ms backoff)…
[ObsWS:warn] 09:16:26.457 Reconnect failed: One or more errors occurred. (Unable to connect to the remote server)
[ObsWS:info] 09:16:56.471 Reconnecting to OBS WebSocket (30000ms backoff)…
[ObsWS:warn] 09:16:58.492 Reconnect failed: One or more errors occurred. (Unable to connect to the remote server)
[ObsWS:info] 09:17:28.496 Reconnecting to OBS WebSocket (30000ms backoff)…
[ObsWS:warn] 09:17:30.510 Reconnect failed: One or more errors occurred. (Unable to connect to the remote server)
[ObsWS:info] 09:18:00.525 Reconnecting to OBS WebSocket (30000ms backoff)…
[ObsWS:warn] 09:18:02.541 Reconnect failed: One or more errors occurred. (Unable to connect to the remote server)
[ObsWS:info] 09:18:32.548 Reconnecting to OBS WebSocket (30000ms backoff)…
[ObsWS:warn] 09:18:34.552 Reconnect failed: One or more errors occurred. (Unable to connect to the remote server)
[ObsWS:info] 09:19:04.557 Reconnecting to OBS WebSocket (30000ms backoff)…
[ObsWS:warn] 09:19:06.618 Reconnect failed: One or more errors occurred. (Unable to connect to the remote server)
[ObsWS:info] 09:19:36.631 Reconnecting to OBS WebSocket (30000ms backoff)…
[ObsWS:warn] 09:19:38.667 Reconnect failed: One or more errors occurred. (Unable to connect to the remote server)
[ObsWS:info] 09:20:08.669 Reconnecting to OBS WebSocket (30000ms backoff)…
[ObsWS:warn] 09:20:10.703 Reconnect failed: One or more errors occurred. (Unable to connect to the remote server)
[ObsWS:info] 09:20:40.706 Reconnecting to OBS WebSocket (30000ms backoff)…
[ObsWS:warn] 09:20:42.740 Reconnect failed: One or more errors occurred. (Unable to connect to the remote server)
[ObsWS:info] 09:21:12.751 Reconnecting to OBS WebSocket (30000ms backoff)…
[ObsWS:warn] 09:21:14.827 Reconnect failed: One or more errors occurred. (Unable to connect to the remote server)
[ObsWS:info] 09:21:44.843 Reconnecting to OBS WebSocket (30000ms backoff)…
[ObsWS:warn] 09:21:46.851 Reconnect failed: One or more errors occurred. (Unable to connect to the remote server)
[ObsWS:info] 09:22:16.852 Reconnecting to OBS WebSocket (30000ms backoff)…
[ObsWS:warn] 09:22:18.895 Reconnect failed: One or more errors occurred. (Unable to connect to the remote server)
[ObsWS:info] 09:22:48.907 Reconnecting to OBS WebSocket (30000ms backoff)…
[ObsWS:warn] 09:22:50.934 Reconnect failed: One or more errors occurred. (Unable to connect to the remote server)
[ObsWS:info] 09:23:20.938 Reconnecting to OBS WebSocket (30000ms backoff)…
[ObsWS:warn] 09:23:22.978 Reconnect failed: One or more errors occurred. (Unable to connect to the remote server)
[ObsWS:info] 09:23:52.992 Reconnecting to OBS WebSocket (30000ms backoff)…
[ObsWS:warn] 09:23:55.002 Reconnect failed: One or more errors occurred. (Unable to connect to the remote server)
[ObsWS:info] 09:24:25.013 Reconnecting to OBS WebSocket (30000ms backoff)…
[ObsWS:warn] 09:24:27.038 Reconnect failed: One or more errors occurred. (Unable to connect to the remote server)
[ObsWS:info] 09:24:57.052 Reconnecting to OBS WebSocket (30000ms backoff)…
[ObsWS:warn] 09:24:59.086 Reconnect failed: One or more errors occurred. (Unable to connect to the remote server)
[ObsWS:info] 09:25:29.101 Reconnecting to OBS WebSocket (30000ms backoff)…
[ObsWS:warn] 09:25:31.130 Reconnect failed: One or more errors occurred. (Unable to connect to the remote server)
[ObsWS:info] 09:26:01.135 Reconnecting to OBS WebSocket (30000ms backoff)…
[ObsWS:warn] 09:26:03.159 Reconnect failed: One or more errors occurred. (Unable to connect to the remote server)
[ObsWS:info] 09:26:33.169 Reconnecting to OBS WebSocket (30000ms backoff)…
[ObsWS:warn] 09:26:35.194 Reconnect failed: One or more errors occurred. (Unable to connect to the remote server)
[ObsWS:info] 09:27:05.204 Reconnecting to OBS WebSocket (30000ms backoff)…
[ObsWS:warn] 09:27:07.231 Reconnect failed: One or more errors occurred. (Unable to connect to the remote server)
[ObsWS:info] 09:27:37.244 Reconnecting to OBS WebSocket (30000ms backoff)…
[ObsWS:warn] 09:27:39.263 Reconnect failed: One or more errors occurred. (Unable to connect to the remote server)
[ObsWS:info] 09:28:09.266 Reconnecting to OBS WebSocket (30000ms backoff)…
[ObsWS:warn] 09:28:11.297 Reconnect failed: One or more errors occurred. (Unable to connect to the remote server)
[ObsWS:info] 09:28:41.301 Reconnecting to OBS WebSocket (30000ms backoff)…
[ObsWS:warn] 09:28:43.321 Reconnect failed: One or more errors occurred. (Unable to connect to the remote server)
[ObsWS:info] 09:29:13.333 Reconnecting to OBS WebSocket (30000ms backoff)…
[ObsWS:warn] 09:29:15.348 Reconnect failed: One or more errors occurred. (Unable to connect to the remote server)
[ObsWS:info] 09:29:45.356 Reconnecting to OBS WebSocket (30000ms backoff)…
[ObsWS:warn] 09:29:47.372 Reconnect failed: One or more errors occurred. (Unable to connect to the remote server)
[ObsWS:info] 09:30:17.376 Reconnecting to OBS WebSocket (30000ms backoff)…
[ObsWS:warn] 09:30:19.411 Reconnect failed: One or more errors occurred. (Unable to connect to the remote server)
[ObsWS:info] 09:30:49.414 Reconnecting to OBS WebSocket (30000ms backoff)…
[ObsWS:warn] 09:30:51.440 Reconnect failed: One or more errors occurred. (Unable to connect to the remote server)
[ObsWS:info] 09:31:21.450 Reconnecting to OBS WebSocket (30000ms backoff)…
[ObsWS:warn] 09:31:23.482 Reconnect failed: One or more errors occurred. (Unable to connect to the remote server)
[ObsWS:info] 09:31:53.483 Reconnecting to OBS WebSocket (30000ms backoff)…
[ObsWS:warn] 09:31:55.519 Reconnect failed: One or more errors occurred. (Unable to connect to the remote server)
[ObsWS:info] 09:32:25.531 Reconnecting to OBS WebSocket (30000ms backoff)…
[ObsWS:warn] 09:32:27.568 Reconnect failed: One or more errors occurred. (Unable to connect to the remote server)
[ObsWS:info] 09:32:57.576 Reconnecting to OBS WebSocket (30000ms backoff)…
[ObsWS:warn] 09:32:59.593 Reconnect failed: One or more errors occurred. (Unable to connect to the remote server)
[ObsWS:info] 09:33:29.595 Reconnecting to OBS WebSocket (30000ms backoff)…
[ObsWS:warn] 09:33:31.604 Reconnect failed: One or more errors occurred. (Unable to connect to the remote server)
[ObsWS:info] 09:34:01.605 Reconnecting to OBS WebSocket (30000ms backoff)…
[ObsWS:warn] 09:34:03.619 Reconnect failed: One or more errors occurred. (Unable to connect to the remote server)
[ObsWS:info] 09:34:33.623 Reconnecting to OBS WebSocket (30000ms backoff)…
[ObsWS:warn] 09:34:35.661 Reconnect failed: One or more errors occurred. (Unable to connect to the remote server)
[ObsWS:info] 09:35:05.675 Reconnecting to OBS WebSocket (30000ms backoff)…
[ObsWS:warn] 09:35:07.723 Reconnect failed: One or more errors occurred. (Unable to connect to the remote server)
[ObsWS:info] 09:35:37.725 Reconnecting to OBS WebSocket (30000ms backoff)…
[ObsWS:warn] 09:35:39.749 Reconnect failed: One or more errors occurred. (Unable to connect to the remote server)
[ObsWS:info] 09:36:09.760 Reconnecting to OBS WebSocket (30000ms backoff)…
[ObsWS:warn] 09:36:11.800 Reconnect failed: One or more errors occurred. (Unable to connect to the remote server)
[ObsWS:info] 09:36:41.801 Reconnecting to OBS WebSocket (30000ms backoff)…
[ObsWS:warn] 09:36:43.819 Reconnect failed: One or more errors occurred. (Unable to connect to the remote server)
[ObsWS:info] 09:37:13.831 Reconnecting to OBS WebSocket (30000ms backoff)…
[ObsWS:warn] 09:37:15.851 Reconnect failed: One or more errors occurred. (Unable to connect to the remote server)
[ObsWS:info] 09:37:45.851 Reconnecting to OBS WebSocket (30000ms backoff)…
[ObsWS:warn] 09:37:47.877 Reconnect failed: One or more errors occurred. (Unable to connect to the remote server)
[ObsWS:info] 09:38:17.893 Reconnecting to OBS WebSocket (30000ms backoff)…
[ObsWS:warn] 09:38:19.926 Reconnect failed: One or more errors occurred. (Unable to connect to the remote server)
[ObsWS:info] 09:38:49.938 Reconnecting to OBS WebSocket (30000ms backoff)…
[ObsWS:warn] 09:38:51.973 Reconnect failed: One or more errors occurred. (Unable to connect to the remote server)
[ObsWS:info] 09:39:21.980 Reconnecting to OBS WebSocket (30000ms backoff)…
[ObsWS:warn] 09:39:24.009 Reconnect failed: One or more errors occurred. (Unable to connect to the remote server)
[ObsWS:info] 09:39:54.019 Reconnecting to OBS WebSocket (30000ms backoff)…
[ObsWS:warn] 09:39:56.051 Reconnect failed: One or more errors occurred. (Unable to connect to the remote server)
[ObsWS:info] 09:40:26.058 Reconnecting to OBS WebSocket (30000ms backoff)…
[ObsWS:warn] 09:40:28.094 Reconnect failed: One or more errors occurred. (Unable to connect to the remote server)
[ObsWS:info] 09:40:58.108 Reconnecting to OBS WebSocket (30000ms backoff)…
[ObsWS:warn] 09:41:00.140 Reconnect failed: One or more errors occurred. (Unable to connect to the remote server)
[ObsWS:info] 09:41:30.152 Reconnecting to OBS WebSocket (30000ms backoff)…
[ObsWS:warn] 09:41:32.186 Reconnect failed: One or more errors occurred. (Unable to connect to the remote server)
[ObsWS:info] 09:42:02.197 Reconnecting to OBS WebSocket (30000ms backoff)…
[ObsWS:warn] 09:42:04.221 Reconnect failed: One or more errors occurred. (Unable to connect to the remote server)
[ObsWS:info] 09:42:34.223 Reconnecting to OBS WebSocket (30000ms backoff)…
[ObsWS:warn] 09:42:36.239 Reconnect failed: One or more errors occurred. (Unable to connect to the remote server)
[ObsWS:info] 09:43:06.241 Reconnecting to OBS WebSocket (30000ms backoff)…
[ObsWS:warn] 09:43:08.266 Reconnect failed: One or more errors occurred. (Unable to connect to the remote server)
[ObsWS:info] 09:43:38.275 Reconnecting to OBS WebSocket (30000ms backoff)…
[ObsWS:warn] 09:43:40.327 Reconnect failed: One or more errors occurred. (Unable to connect to the remote server)
[ObsWS:info] 09:44:10.329 Reconnecting to OBS WebSocket (30000ms backoff)…
[ObsWS:warn] 09:44:12.353 Reconnect failed: One or more errors occurred. (Unable to connect to the remote server)
[ObsWS:info] 09:44:42.355 Reconnecting to OBS WebSocket (30000ms backoff)…
[ObsWS:warn] 09:44:44.386 Reconnect failed: One or more errors occurred. (Unable to connect to the remote server)
[ObsWS:info] 09:45:14.398 Reconnecting to OBS WebSocket (30000ms backoff)…
[ObsWS:warn] 09:45:16.429 Reconnect failed: One or more errors occurred. (Unable to connect to the remote server)
[ObsWS:info] 09:45:46.444 Reconnecting to OBS WebSocket (30000ms backoff)…
[ObsWS:warn] 09:45:48.475 Reconnect failed: One or more errors occurred. (Unable to connect to the remote server)
[ObsWS:info] 09:46:18.482 Reconnecting to OBS WebSocket (30000ms backoff)…
[ObsWS:warn] 09:46:20.510 Reconnect failed: One or more errors occurred. (Unable to connect to the remote server)
[ObsWS:info] 09:46:50.518 Reconnecting to OBS WebSocket (30000ms backoff)…
[ObsWS:warn] 09:46:52.545 Reconnect failed: One or more errors occurred. (Unable to connect to the remote server)
[ObsWS:info] 09:47:22.550 Reconnecting to OBS WebSocket (30000ms backoff)…
[ObsWS:warn] 09:47:24.584 Reconnect failed: One or more errors occurred. (Unable to connect to the remote server)
[ObsWS:info] 09:47:54.597 Reconnecting to OBS WebSocket (30000ms backoff)…
[ObsWS:warn] 09:47:56.625 Reconnect failed: One or more errors occurred. (Unable to connect to the remote server)
[ObsWS:info] 09:48:26.639 Reconnecting to OBS WebSocket (30000ms backoff)…
[ObsWS:warn] 09:48:28.666 Reconnect failed: One or more errors occurred. (Unable to connect to the remote server)
[ObsWS:info] 09:48:58.673 Reconnecting to OBS WebSocket (30000ms backoff)…
[ObsWS:warn] 09:49:00.704 Reconnect failed: One or more errors occurred. (Unable to connect to the remote server)
[ObsWS:info] 09:49:30.709 Reconnecting to OBS WebSocket (30000ms backoff)…
[ObsWS:warn] 09:49:32.740 Reconnect failed: One or more errors occurred. (Unable to connect to the remote server)
[ObsWS:info] 09:50:02.749 Reconnecting to OBS WebSocket (30000ms backoff)…
[ObsWS:warn] 09:50:04.777 Reconnect failed: One or more errors occurred. (Unable to connect to the remote server)
[ObsWS:info] 09:50:34.781 Reconnecting to OBS WebSocket (30000ms backoff)…
[ObsWS:warn] 09:50:36.813 Reconnect failed: One or more errors occurred. (Unable to connect to the remote server)
[ObsWS:info] 09:51:06.817 Reconnecting to OBS WebSocket (30000ms backoff)…
[ObsWS:warn] 09:51:08.841 Reconnect failed: One or more errors occurred. (Unable to connect to the remote server)
[ObsWS:info] 09:51:38.845 Reconnecting to OBS WebSocket (30000ms backoff)…
[ObsWS:warn] 09:51:40.864 Reconnect failed: One or more errors occurred. (Unable to connect to the remote server)
[ObsWS:info] 09:52:10.878 Reconnecting to OBS WebSocket (30000ms backoff)…
[ObsWS:warn] 09:52:12.908 Reconnect failed: One or more errors occurred. (Unable to connect to the remote server)
[ObsWS:info] 09:52:42.917 Reconnecting to OBS WebSocket (30000ms backoff)…
[ObsWS:warn] 09:52:44.952 Reconnect failed: One or more errors occurred. (Unable to connect to the remote server)
[ObsWS:info] 09:53:14.965 Reconnecting to OBS WebSocket (30000ms backoff)…
[ObsWS:warn] 09:53:16.994 Reconnect failed: One or more errors occurred. (Unable to connect to the remote server)
[ObsWS:info] 09:53:47.005 Reconnecting to OBS WebSocket (30000ms backoff)…
[ObsWS:warn] 09:53:49.034 Reconnect failed: One or more errors occurred. (Unable to connect to the remote server)
[ObsWS:info] 09:54:19.050 Reconnecting to OBS WebSocket (30000ms backoff)…
[ObsWS:warn] 09:54:21.085 Reconnect failed: One or more errors occurred. (Unable to connect to the remote server)
[ObsWS:info] 09:54:51.090 Reconnecting to OBS WebSocket (30000ms backoff)…
[ObsWS:warn] 09:54:53.119 Reconnect failed: One or more errors occurred. (Unable to connect to the remote server)
[ObsWS:info] 09:55:23.122 Reconnecting to OBS WebSocket (30000ms backoff)…
[ObsWS:warn] 09:55:25.152 Reconnect failed: One or more errors occurred. (Unable to connect to the remote server)
[ObsWS:info] 09:55:55.158 Reconnecting to OBS WebSocket (30000ms backoff)…
[ObsWS:warn] 09:55:57.184 Reconnect failed: One or more errors occurred. (Unable to connect to the remote server)
[ObsWS:info] 09:56:27.188 Reconnecting to OBS WebSocket (30000ms backoff)…
[ObsWS:warn] 09:56:29.213 Reconnect failed: One or more errors occurred. (Unable to connect to the remote server)
[ObsWS:info] 09:56:59.219 Reconnecting to OBS WebSocket (30000ms backoff)…
[ObsWS:warn] 09:57:01.250 Reconnect failed: One or more errors occurred. (Unable to connect to the remote server)
[ObsWS:info] 09:57:31.259 Reconnecting to OBS WebSocket (30000ms backoff)…
[ObsWS:warn] 09:57:33.290 Reconnect failed: One or more errors occurred. (Unable to connect to the remote server)
[ObsWS:info] 09:58:03.300 Reconnecting to OBS WebSocket (30000ms backoff)…
[ObsWS:warn] 09:58:05.330 Reconnect failed: One or more errors occurred. (Unable to connect to the remote server)
[ObsWS:info] 09:58:35.345 Reconnecting to OBS WebSocket (30000ms backoff)…
[ObsWS:warn] 09:58:37.375 Reconnect failed: One or more errors occurred. (Unable to connect to the remote server)
[ObsWS:info] 09:59:07.381 Reconnecting to OBS WebSocket (30000ms backoff)…
[ObsWS:warn] 09:59:09.412 Reconnect failed: One or more errors occurred. (Unable to connect to the remote server)
[ObsWS:info] 09:59:39.412 Reconnecting to OBS WebSocket (30000ms backoff)…
[ObsWS:warn] 09:59:41.443 Reconnect failed: One or more errors occurred. (Unable to connect to the remote server)
[ObsWS:info] 10:00:11.451 Reconnecting to OBS WebSocket (30000ms backoff)…
[ObsWS:warn] 10:00:13.481 Reconnect failed: One or more errors occurred. (Unable to connect to the remote server)
[ObsWS:info] 10:00:43.493 Reconnecting to OBS WebSocket (30000ms backoff)…
[ObsWS:warn] 10:00:45.525 Reconnect failed: One or more errors occurred. (Unable to connect to the remote server)
[ObsWS:info] 10:01:15.536 Reconnecting to OBS WebSocket (30000ms backoff)…
[ObsWS:warn] 10:01:17.565 Reconnect failed: One or more errors occurred. (Unable to connect to the remote server)
[ObsWS:info] 10:01:47.572 Reconnecting to OBS WebSocket (30000ms backoff)…
[ObsWS:warn] 10:01:49.604 Reconnect failed: One or more errors occurred. (Unable to connect to the remote server)
[ObsWS:info] 10:02:19.616 Reconnecting to OBS WebSocket (30000ms backoff)…
[ObsWS:warn] 10:02:21.647 Reconnect failed: One or more errors occurred. (Unable to connect to the remote server)
[ObsWS:info] 10:02:51.650 Reconnecting to OBS WebSocket (30000ms backoff)…
[ObsWS:warn] 10:02:53.680 Reconnect failed: One or more errors occurred. (Unable to connect to the remote server)
[ObsWS:info] 10:03:23.685 Reconnecting to OBS WebSocket (30000ms backoff)…
[ObsWS:warn] 10:03:25.716 Reconnect failed: One or more errors occurred. (Unable to connect to the remote server)
[ObsWS:info] 10:03:55.730 Reconnecting to OBS WebSocket (30000ms backoff)…
[ObsWS:warn] 10:03:57.767 Reconnect failed: One or more errors occurred. (Unable to connect to the remote server)
[ObsWS:info] 10:04:27.773 Reconnecting to OBS WebSocket (30000ms backoff)…
[ObsWS:warn] 10:04:29.804 Reconnect failed: One or more errors occurred. (Unable to connect to the remote server)
[ObsWS:info] 10:04:59.813 Reconnecting to OBS WebSocket (30000ms backoff)…
[ObsWS:warn] 10:05:01.843 Reconnect failed: One or more errors occurred. (Unable to connect to the remote server)
[ObsWS:info] 10:05:31.851 Reconnecting to OBS WebSocket (30000ms backoff)…
[ObsWS:warn] 10:05:33.884 Reconnect failed: One or more errors occurred. (Unable to connect to the remote server)
[ObsWS:info] 10:06:03.886 Reconnecting to OBS WebSocket (30000ms backoff)…
[ObsWS:warn] 10:06:05.915 Reconnect failed: One or more errors occurred. (Unable to connect to the remote server)
[ObsWS:info] 10:06:35.918 Reconnecting to OBS WebSocket (30000ms backoff)…
[ObsWS:warn] 10:06:37.950 Reconnect failed: One or more errors occurred. (Unable to connect to the remote server)
[ObsWS:info] 10:07:07.956 Reconnecting to OBS WebSocket (30000ms backoff)…
[ObsWS:warn] 10:07:09.990 Reconnect failed: One or more errors occurred. (Unable to connect to the remote server)
[ObsWS:info] 10:07:39.992 Reconnecting to OBS WebSocket (30000ms backoff)…
[ObsWS:warn] 10:07:42.022 Reconnect failed: One or more errors occurred. (Unable to connect to the remote server)
[ObsWS:info] 10:08:12.023 Reconnecting to OBS WebSocket (30000ms backoff)…
[ObsWS:warn] 10:08:14.054 Reconnect failed: One or more errors occurred. (Unable to connect to the remote server)
[ObsWS:info] 10:08:44.056 Reconnecting to OBS WebSocket (30000ms backoff)…
[ObsWS:warn] 10:08:46.085 Reconnect failed: One or more errors occurred. (Unable to connect to the remote server)
[ObsWS:info] 10:09:16.096 Reconnecting to OBS WebSocket (30000ms backoff)…
[ObsWS:warn] 10:09:18.126 Reconnect failed: One or more errors occurred. (Unable to connect to the remote server)
[ObsWS:info] 10:09:48.136 Reconnecting to OBS WebSocket (30000ms backoff)…
[ObsWS:warn] 10:09:50.165 Reconnect failed: One or more errors occurred. (Unable to connect to the remote server)
[ObsWS:info] 10:10:20.172 Reconnecting to OBS WebSocket (30000ms backoff)…
[ObsWS:warn] 10:10:22.203 Reconnect failed: One or more errors occurred. (Unable to connect to the remote server)
[ObsWS:info] 10:10:52.215 Reconnecting to OBS WebSocket (30000ms backoff)…
[ObsWS:warn] 10:10:54.246 Reconnect failed: One or more errors occurred. (Unable to connect to the remote server)
[ObsWS:info] 10:11:24.254 Reconnecting to OBS WebSocket (30000ms backoff)…
[ObsWS:warn] 10:11:26.284 Reconnect failed: One or more errors occurred. (Unable to connect to the remote server)
[ObsWS:info] 10:11:56.290 Reconnecting to OBS WebSocket (30000ms backoff)…
[ObsWS:warn] 10:11:58.322 Reconnect failed: One or more errors occurred. (Unable to connect to the remote server)
[ObsWS:info] 10:12:28.328 Reconnecting to OBS WebSocket (30000ms backoff)…
[ObsWS:warn] 10:12:30.362 Reconnect failed: One or more errors occurred. (Unable to connect to the remote server)
[ObsWS:info] 10:13:00.363 Reconnecting to OBS WebSocket (30000ms backoff)…
[ObsWS:warn] 10:13:02.392 Reconnect failed: One or more errors occurred. (Unable to connect to the remote server)
[ObsWS:info] 10:13:32.405 Reconnecting to OBS WebSocket (30000ms backoff)…
[ObsWS:warn] 10:13:34.437 Reconnect failed: One or more errors occurred. (Unable to connect to the remote server)
[ObsWS:info] 10:14:04.439 Reconnecting to OBS WebSocket (30000ms backoff)…
[ObsWS:warn] 10:14:06.469 Reconnect failed: One or more errors occurred. (Unable to connect to the remote server)
[ObsWS:info] 10:14:36.473 Reconnecting to OBS WebSocket (30000ms backoff)…
[ObsWS:warn] 10:14:38.506 Reconnect failed: One or more errors occurred. (Unable to connect to the remote server)
[ObsWS:info] 10:15:08.511 Reconnecting to OBS WebSocket (30000ms backoff)…
[ObsWS:warn] 10:15:10.540 Reconnect failed: One or more errors occurred. (Unable to connect to the remote server)
[ObsWS:info] 10:15:40.541 Reconnecting to OBS WebSocket (30000ms backoff)…
[ObsWS:warn] 10:15:42.569 Reconnect failed: One or more errors occurred. (Unable to connect to the remote server)
[ObsWS:info] 10:16:12.572 Reconnecting to OBS WebSocket (30000ms backoff)…
[ObsWS:warn] 10:16:14.605 Reconnect failed: One or more errors occurred. (Unable to connect to the remote server)
[ObsWS:info] 10:16:44.619 Reconnecting to OBS WebSocket (30000ms backoff)…
[ObsWS:warn] 10:16:46.648 Reconnect failed: One or more errors occurred. (Unable to connect to the remote server)
[ObsWS:info] 10:17:16.654 Reconnecting to OBS WebSocket (30000ms backoff)…
[ObsWS:warn] 10:17:18.686 Reconnect failed: One or more errors occurred. (Unable to connect to the remote server)
[ObsWS:info] 10:17:48.698 Reconnecting to OBS WebSocket (30000ms backoff)…
[ObsWS:warn] 10:17:50.729 Reconnect failed: One or more errors occurred. (Unable to connect to the remote server)
[ObsWS:info] 10:18:20.730 Reconnecting to OBS WebSocket (30000ms backoff)…
[ObsWS:warn] 10:18:22.762 Reconnect failed: One or more errors occurred. (Unable to connect to the remote server)
[ObsWS:info] 10:18:52.775 Reconnecting to OBS WebSocket (30000ms backoff)…
[ObsWS:warn] 10:18:54.805 Reconnect failed: One or more errors occurred. (Unable to connect to the remote server)
[ObsWS:info] 10:19:24.819 Reconnecting to OBS WebSocket (30000ms backoff)…
[ObsWS:warn] 10:19:26.848 Reconnect failed: One or more errors occurred. (Unable to connect to the remote server)
[ObsWS:info] 10:19:56.860 Reconnecting to OBS WebSocket (30000ms backoff)…
[ObsWS:warn] 10:19:58.888 Reconnect failed: One or more errors occurred. (Unable to connect to the remote server)
[ObsWS:info] 10:20:28.893 Reconnecting to OBS WebSocket (30000ms backoff)…
[ObsWS:warn] 10:20:30.926 Reconnect failed: One or more errors occurred. (Unable to connect to the remote server)
[ObsWS:info] 10:21:00.932 Reconnecting to OBS WebSocket (30000ms backoff)…
[ObsWS:warn] 10:21:02.962 Reconnect failed: One or more errors occurred. (Unable to connect to the remote server)
[ObsWS:info] 10:21:32.968 Reconnecting to OBS WebSocket (30000ms backoff)…
[ObsWS:warn] 10:21:35.002 Reconnect failed: One or more errors occurred. (Unable to connect to the remote server)
[ObsWS:info] 10:22:05.005 Reconnecting to OBS WebSocket (30000ms backoff)…
[ObsWS:warn] 10:22:07.037 Reconnect failed: One or more errors occurred. (Unable to connect to the remote server)
[ObsWS:info] 10:22:37.050 Reconnecting to OBS WebSocket (30000ms backoff)…
[ObsWS:warn] 10:22:39.077 Reconnect failed: One or more errors occurred. (Unable to connect to the remote server)
[ObsWS:info] 10:23:09.077 Reconnecting to OBS WebSocket (30000ms backoff)…
[ObsWS:warn] 10:23:11.105 Reconnect failed: One or more errors occurred. (Unable to connect to the remote server)
[ObsWS:info] 10:23:41.109 Reconnecting to OBS WebSocket (30000ms backoff)…
[ObsWS:warn] 10:23:43.141 Reconnect failed: One or more errors occurred. (Unable to connect to the remote server)
[ObsWS:info] 10:24:13.144 Reconnecting to OBS WebSocket (30000ms backoff)…
[ObsWS:warn] 10:24:15.174 Reconnect failed: One or more errors occurred. (Unable to connect to the remote server)
[ObsWS:info] 10:24:45.188 Reconnecting to OBS WebSocket (30000ms backoff)…
[ObsWS:warn] 10:24:47.218 Reconnect failed: One or more errors occurred. (Unable to connect to the remote server)
[ObsWS:info] 10:25:17.225 Reconnecting to OBS WebSocket (30000ms backoff)…
[ObsWS:warn] 10:25:19.254 Reconnect failed: One or more errors occurred. (Unable to connect to the remote server)
[ObsWS:info] 10:25:49.254 Reconnecting to OBS WebSocket (30000ms backoff)…
[ObsWS:warn] 10:25:51.284 Reconnect failed: One or more errors occurred. (Unable to connect to the remote server)
[ObsWS:info] 10:26:21.293 Reconnecting to OBS WebSocket (30000ms backoff)…
[ObsWS:warn] 10:26:23.327 Reconnect failed: One or more errors occurred. (Unable to connect to the remote server)
[ObsWS:info] 10:26:53.342 Reconnecting to OBS WebSocket (30000ms backoff)…
[ObsWS:warn] 10:26:55.374 Reconnect failed: One or more errors occurred. (Unable to connect to the remote server)
[ObsWS:info] 10:27:25.378 Reconnecting to OBS WebSocket (30000ms backoff)…
[ObsWS:warn] 10:27:27.411 Reconnect failed: One or more errors occurred. (Unable to connect to the remote server)
[ObsWS:info] 10:27:57.419 Reconnecting to OBS WebSocket (30000ms backoff)…
[ObsWS:warn] 10:27:59.449 Reconnect failed: One or more errors occurred. (Unable to connect to the remote server)
[ObsWS:info] 10:28:29.455 Reconnecting to OBS WebSocket (30000ms backoff)…
[ObsWS:warn] 10:28:31.486 Reconnect failed: One or more errors occurred. (Unable to connect to the remote server)
[ObsWS:info] 10:29:01.492 Reconnecting to OBS WebSocket (30000ms backoff)…
[ObsWS:warn] 10:29:03.522 Reconnect failed: One or more errors occurred. (Unable to connect to the remote server)
[ObsWS:info] 10:29:33.531 Reconnecting to OBS WebSocket (30000ms backoff)…
[ObsWS:warn] 10:29:35.561 Reconnect failed: One or more errors occurred. (Unable to connect to the remote server)
[ObsWS:info] 10:30:05.574 Reconnecting to OBS WebSocket (30000ms backoff)…
[ObsWS:warn] 10:30:07.602 Reconnect failed: One or more errors occurred. (Unable to connect to the remote server)
[ObsWS:info] 10:30:37.617 Reconnecting to OBS WebSocket (30000ms backoff)…
[ObsWS:warn] 10:30:39.640 Reconnect failed: One or more errors occurred. (Unable to connect to the remote server)
[ObsWS:info] 10:31:09.641 Reconnecting to OBS WebSocket (30000ms backoff)…
[ObsWS:warn] 10:31:11.662 Reconnect failed: One or more errors occurred. (Unable to connect to the remote server)
[ObsWS:info] 10:31:41.668 Reconnecting to OBS WebSocket (30000ms backoff)…
[ObsWS:warn] 10:31:43.688 Reconnect failed: One or more errors occurred. (Unable to connect to the remote server)
[ObsWS:info] 10:32:13.696 Reconnecting to OBS WebSocket (30000ms backoff)…
[ObsWS:warn] 10:32:15.718 Reconnect failed: One or more errors occurred. (Unable to connect to the remote server)
[ObsWS:info] 10:32:45.719 Reconnecting to OBS WebSocket (30000ms backoff)…
[ObsWS:warn] 10:32:47.741 Reconnect failed: One or more errors occurred. (Unable to connect to the remote server)
[ObsWS:info] 10:33:17.749 Reconnecting to OBS WebSocket (30000ms backoff)…
[ObsWS:warn] 10:33:19.778 Reconnect failed: One or more errors occurred. (Unable to connect to the remote server)
[ObsWS:info] 10:33:49.793 Reconnecting to OBS WebSocket (30000ms backoff)…
[ObsWS:warn] 10:33:51.819 Reconnect failed: One or more errors occurred. (Unable to connect to the remote server)
[ObsWS:info] 10:34:21.826 Reconnecting to OBS WebSocket (30000ms backoff)…
[ObsWS:warn] 10:34:23.875 Reconnect failed: One or more errors occurred. (Unable to connect to the remote server)
[ObsWS:info] 10:34:53.882 Reconnecting to OBS WebSocket (30000ms backoff)…
[ObsWS:warn] 10:34:55.943 Reconnect failed: One or more errors occurred. (Unable to connect to the remote server)
[ObsWS:info] 10:35:25.945 Reconnecting to OBS WebSocket (30000ms backoff)…
[ObsWS:warn] 10:35:27.969 Reconnect failed: One or more errors occurred. (Unable to connect to the remote server)
[ObsWS:info] 10:35:57.975 Reconnecting to OBS WebSocket (30000ms backoff)…
[ObsWS:warn] 10:36:00.012 Reconnect failed: One or more errors occurred. (Unable to connect to the remote server)
[ObsWS:info] 10:36:30.025 Reconnecting to OBS WebSocket (30000ms backoff)…
[ObsWS:warn] 10:36:32.051 Reconnect failed: One or more errors occurred. (Unable to connect to the remote server)
[ObsWS:info] 10:37:02.054 Reconnecting to OBS WebSocket (30000ms backoff)…
[ObsWS:warn] 10:37:04.082 Reconnect failed: One or more errors occurred. (Unable to connect to the remote server)
[ObsWS:info] 10:37:34.088 Reconnecting to OBS WebSocket (30000ms backoff)…
[ObsWS:warn] 10:37:36.103 Reconnect failed: One or more errors occurred. (Unable to connect to the remote server)
[ObsWS:info] 10:38:06.118 Reconnecting to OBS WebSocket (30000ms backoff)…
[ObsWS:warn] 10:38:08.132 Reconnect failed: One or more errors occurred. (Unable to connect to the remote server)
[ObsWS:info] 10:38:38.137 Reconnecting to OBS WebSocket (30000ms backoff)…
[ObsWS:warn] 10:38:40.149 Reconnect failed: One or more errors occurred. (Unable to connect to the remote server)
[ObsWS:info] 10:39:10.161 Reconnecting to OBS WebSocket (30000ms backoff)…
[ObsWS:warn] 10:39:12.185 Reconnect failed: One or more errors occurred. (Unable to connect to the remote server)
[ObsWS:info] 10:39:42.201 Reconnecting to OBS WebSocket (30000ms backoff)…
[ObsWS:warn] 10:39:44.216 Reconnect failed: One or more errors occurred. (Unable to connect to the remote server)
[ObsWS:info] 10:40:14.217 Reconnecting to OBS WebSocket (30000ms backoff)…
[ObsWS:warn] 10:40:16.244 Reconnect failed: One or more errors occurred. (Unable to connect to the remote server)
[ObsWS:info] 10:40:46.254 Reconnecting to OBS WebSocket (30000ms backoff)…
[ObsWS:warn] 10:40:48.271 Reconnect failed: One or more errors occurred. (Unable to connect to the remote server)
[ObsWS:info] 10:41:18.277 Reconnecting to OBS WebSocket (30000ms backoff)…
[ObsWS:warn] 10:41:20.304 Reconnect failed: One or more errors occurred. (Unable to connect to the remote server)
[ObsWS:info] 10:41:50.319 Reconnecting to OBS WebSocket (30000ms backoff)…
[ObsWS:warn] 10:41:52.350 Reconnect failed: One or more errors occurred. (Unable to connect to the remote server)
[ObsWS:info] 10:42:22.350 Reconnecting to OBS WebSocket (30000ms backoff)…
[ObsWS:warn] 10:42:24.369 Reconnect failed: One or more errors occurred. (Unable to connect to the remote server)
[ObsWS:info] 10:42:54.373 Reconnecting to OBS WebSocket (30000ms backoff)…
[ObsWS:warn] 10:42:56.406 Reconnect failed: One or more errors occurred. (Unable to connect to the remote server)
[ObsWS:info] 10:43:26.417 Reconnecting to OBS WebSocket (30000ms backoff)…
[ObsWS:warn] 10:43:28.431 Reconnect failed: One or more errors occurred. (Unable to connect to the remote server)
[ObsWS:info] 10:43:58.437 Reconnecting to OBS WebSocket (30000ms backoff)…
[ObsWS:warn] 10:44:00.448 Reconnect failed: One or more errors occurred. (Unable to connect to the remote server)
[ObsWS:info] 10:44:30.459 Reconnecting to OBS WebSocket (30000ms backoff)…
[ObsWS:warn] 10:44:32.481 Reconnect failed: One or more errors occurred. (Unable to connect to the remote server)
[ObsWS:info] 10:45:02.485 Reconnecting to OBS WebSocket (30000ms backoff)…
[ObsWS:warn] 10:45:04.511 Reconnect failed: One or more errors occurred. (Unable to connect to the remote server)
[ObsWS:info] 10:45:34.519 Reconnecting to OBS WebSocket (30000ms backoff)…
[ObsWS:warn] 10:45:36.557 Reconnect failed: One or more errors occurred. (Unable to connect to the remote server)
[ObsWS:info] 10:46:06.569 Reconnecting to OBS WebSocket (30000ms backoff)…
[ObsWS:warn] 10:46:08.594 Reconnect failed: One or more errors occurred. (Unable to connect to the remote server)
[ObsWS:info] 10:46:38.606 Reconnecting to OBS WebSocket (30000ms backoff)…
[ObsWS:warn] 10:46:40.620 Reconnect failed: One or more errors occurred. (Unable to connect to the remote server)
[ObsWS:info] 10:47:10.626 Reconnecting to OBS WebSocket (30000ms backoff)…
[ObsWS:warn] 10:47:12.665 Reconnect failed: One or more errors occurred. (Unable to connect to the remote server)
[ObsWS:info] 10:47:42.669 Reconnecting to OBS WebSocket (30000ms backoff)…
[ObsWS:warn] 10:47:44.705 Reconnect failed: One or more errors occurred. (Unable to connect to the remote server)
[ObsWS:info] 10:48:14.713 Reconnecting to OBS WebSocket (30000ms backoff)…
[ObsWS:warn] 10:48:16.735 Reconnect failed: One or more errors occurred. (Unable to connect to the remote server)
[ObsWS:info] 10:48:46.736 Reconnecting to OBS WebSocket (30000ms backoff)…
[ObsWS:warn] 10:48:48.750 Reconnect failed: One or more errors occurred. (Unable to connect to the remote server)
[ObsWS:info] 10:49:18.752 Reconnecting to OBS WebSocket (30000ms backoff)…
[ObsWS:warn] 10:49:20.776 Reconnect failed: One or more errors occurred. (Unable to connect to the remote server)
[ObsWS:info] 10:49:50.783 Reconnecting to OBS WebSocket (30000ms backoff)…
[ObsWS:warn] 10:49:52.797 Reconnect failed: One or more errors occurred. (Unable to connect to the remote server)
[ObsWS:info] 10:50:22.810 Reconnecting to OBS WebSocket (30000ms backoff)…
[ObsWS:warn] 10:50:24.821 Reconnect failed: One or more errors occurred. (Unable to connect to the remote server)
[ObsWS:info] 10:50:54.833 Reconnecting to OBS WebSocket (30000ms backoff)…
[ObsWS:warn] 10:50:56.860 Reconnect failed: One or more errors occurred. (Unable to connect to the remote server)
[ObsWS:info] 10:51:26.867 Reconnecting to OBS WebSocket (30000ms backoff)…
[ObsWS:warn] 10:51:28.894 Reconnect failed: One or more errors occurred. (Unable to connect to the remote server)
[ObsWS:info] 10:51:58.898 Reconnecting to OBS WebSocket (30000ms backoff)…
[ObsWS:warn] 10:52:00.923 Reconnect failed: One or more errors occurred. (Unable to connect to the remote server)
[ObsWS:info] 10:52:30.937 Reconnecting to OBS WebSocket (30000ms backoff)…
[ObsWS:warn] 10:52:32.956 Reconnect failed: One or more errors occurred. (Unable to connect to the remote server)
[ObsWS:info] 10:53:02.967 Reconnecting to OBS WebSocket (30000ms backoff)…
[ObsWS:warn] 10:53:05.001 Reconnect failed: One or more errors occurred. (Unable to connect to the remote server)
[ObsWS:info] 10:53:35.009 Reconnecting to OBS WebSocket (30000ms backoff)…
[ObsWS:warn] 10:53:37.022 Reconnect failed: One or more errors occurred. (Unable to connect to the remote server)
[ObsWS:info] 10:54:07.027 Reconnecting to OBS WebSocket (30000ms backoff)…
[ObsWS:warn] 10:54:09.053 Reconnect failed: One or more errors occurred. (Unable to connect to the remote server)
[ObsWS:info] 10:54:39.060 Reconnecting to OBS WebSocket (30000ms backoff)…
[ObsWS:warn] 10:54:41.093 Reconnect failed: One or more errors occurred. (Unable to connect to the remote server)
[ObsWS:info] 10:55:11.097 Reconnecting to OBS WebSocket (30000ms backoff)…
[ObsWS:warn] 10:55:13.127 Reconnect failed: One or more errors occurred. (Unable to connect to the remote server)
[ObsWS:info] 10:55:43.139 Reconnecting to OBS WebSocket (30000ms backoff)…
[ObsWS:warn] 10:55:45.158 Reconnect failed: One or more errors occurred. (Unable to connect to the remote server)
[ObsWS:info] 10:56:15.165 Reconnecting to OBS WebSocket (30000ms backoff)…
[ObsWS:warn] 10:56:17.184 Reconnect failed: One or more errors occurred. (Unable to connect to the remote server)
[ObsWS:info] 10:56:47.193 Reconnecting to OBS WebSocket (30000ms backoff)…
[ObsWS:warn] 10:56:49.210 Reconnect failed: One or more errors occurred. (Unable to connect to the remote server)
[ObsWS:info] 10:57:19.220 Reconnecting to OBS WebSocket (30000ms backoff)…
[ObsWS:warn] 10:57:21.237 Reconnect failed: One or more errors occurred. (Unable to connect to the remote server)
[ObsWS:info] 10:57:51.248 Reconnecting to OBS WebSocket (30000ms backoff)…
[ObsWS:warn] 10:57:53.266 Reconnect failed: One or more errors occurred. (Unable to connect to the remote server)
[ObsWS:info] 10:58:23.278 Reconnecting to OBS WebSocket (30000ms backoff)…
[ObsWS:warn] 10:58:25.290 Reconnect failed: One or more errors occurred. (Unable to connect to the remote server)
[ObsWS:info] 10:58:55.298 Reconnecting to OBS WebSocket (30000ms backoff)…
[ObsWS:warn] 10:58:57.314 Reconnect failed: One or more errors occurred. (Unable to connect to the remote server)
[ObsWS:info] 10:59:27.317 Reconnecting to OBS WebSocket (30000ms backoff)…
[ObsWS:warn] 10:59:29.333 Reconnect failed: One or more errors occurred. (Unable to connect to the remote server)
[ObsWS:info] 10:59:59.345 Reconnecting to OBS WebSocket (30000ms backoff)…
[ObsWS:warn] 11:00:01.362 Reconnect failed: One or more errors occurred. (Unable to connect to the remote server)
[ObsWS:info] 11:00:31.361 Reconnecting to OBS WebSocket (30000ms backoff)…
[ObsWS:warn] 11:00:33.388 Reconnect failed: One or more errors occurred. (Unable to connect to the remote server)
[ObsWS:info] 11:01:03.403 Reconnecting to OBS WebSocket (30000ms backoff)…
[ObsWS:warn] 11:01:05.425 Reconnect failed: One or more errors occurred. (Unable to connect to the remote server)
[ObsWS:info] 11:01:35.437 Reconnecting to OBS WebSocket (30000ms backoff)…
[ObsWS:warn] 11:01:37.454 Reconnect failed: One or more errors occurred. (Unable to connect to the remote server)
[ObsWS:info] 11:02:07.458 Reconnecting to OBS WebSocket (30000ms backoff)…
[ObsWS:warn] 11:02:09.484 Reconnect failed: One or more errors occurred. (Unable to connect to the remote server)
[ObsWS:info] 11:02:39.493 Reconnecting to OBS WebSocket (30000ms backoff)…
[ObsWS:warn] 11:02:41.515 Reconnect failed: One or more errors occurred. (Unable to connect to the remote server)
[ObsWS:info] 11:03:11.530 Reconnecting to OBS WebSocket (30000ms backoff)…
[ObsWS:warn] 11:03:13.552 Reconnect failed: One or more errors occurred. (Unable to connect to the remote server)
[ObsWS:info] 11:03:43.566 Reconnecting to OBS WebSocket (30000ms backoff)…
[ObsWS:warn] 11:03:45.589 Reconnect failed: One or more errors occurred. (Unable to connect to the remote server)
[ObsWS:info] 11:04:15.589 Reconnecting to OBS WebSocket (30000ms backoff)…
[ObsWS:warn] 11:04:17.607 Reconnect failed: One or more errors occurred. (Unable to connect to the remote server)
[ObsWS:info] 11:04:47.614 Reconnecting to OBS WebSocket (30000ms backoff)…
[ObsWS:warn] 11:04:49.635 Reconnect failed: One or more errors occurred. (Unable to connect to the remote server)
[ObsWS:info] 11:05:19.648 Reconnecting to OBS WebSocket (30000ms backoff)…
[ObsWS:warn] 11:05:21.669 Reconnect failed: One or more errors occurred. (Unable to connect to the remote server)
[ObsWS:info] 11:05:51.672 Reconnecting to OBS WebSocket (30000ms backoff)…
[ObsWS:warn] 11:05:53.694 Reconnect failed: One or more errors occurred. (Unable to connect to the remote server)
[ObsWS:info] 11:06:23.708 Reconnecting to OBS WebSocket (30000ms backoff)…
[ObsWS:warn] 11:06:25.736 Reconnect failed: One or more errors occurred. (Unable to connect to the remote server)
[ObsWS:info] 11:06:55.750 Reconnecting to OBS WebSocket (30000ms backoff)…
[ObsWS:warn] 11:06:57.772 Reconnect failed: One or more errors occurred. (Unable to connect to the remote server)
[ObsWS:info] 11:07:27.784 Reconnecting to OBS WebSocket (30000ms backoff)…
[ObsWS:warn] 11:07:29.806 Reconnect failed: One or more errors occurred. (Unable to connect to the remote server)
[ObsWS:info] 11:07:59.813 Reconnecting to OBS WebSocket (30000ms backoff)…
[ObsWS:warn] 11:08:01.833 Reconnect failed: One or more errors occurred. (Unable to connect to the remote server)
[ObsWS:info] 11:08:31.841 Reconnecting to OBS WebSocket (30000ms backoff)…
[ObsWS:warn] 11:08:33.866 Reconnect failed: One or more errors occurred. (Unable to connect to the remote server)
[ObsWS:info] 11:09:03.874 Reconnecting to OBS WebSocket (30000ms backoff)…
[ObsWS:warn] 11:09:05.896 Reconnect failed: One or more errors occurred. (Unable to connect to the remote server)
[ObsWS:info] 11:09:35.899 Reconnecting to OBS WebSocket (30000ms backoff)…
[ObsWS:warn] 11:09:37.925 Reconnect failed: One or more errors occurred. (Unable to connect to the remote server)
[ObsWS:info] 11:10:07.931 Reconnecting to OBS WebSocket (30000ms backoff)…
[ObsWS:warn] 11:10:09.960 Reconnect failed: One or more errors occurred. (Unable to connect to the remote server)
[ObsWS:info] 11:10:39.968 Reconnecting to OBS WebSocket (30000ms backoff)…
[ObsWS:warn] 11:10:41.992 Reconnect failed: One or more errors occurred. (Unable to connect to the remote server)
[ObsWS:info] 11:11:11.992 Reconnecting to OBS WebSocket (30000ms backoff)…
[ObsWS:warn] 11:11:14.022 Reconnect failed: One or more errors occurred. (Unable to connect to the remote server)
[ObsWS:info] 11:11:44.033 Reconnecting to OBS WebSocket (30000ms backoff)…
[ObsWS:warn] 11:11:46.056 Reconnect failed: One or more errors occurred. (Unable to connect to the remote server)
[ObsWS:info] 11:12:16.067 Reconnecting to OBS WebSocket (30000ms backoff)…
[ObsWS:warn] 11:12:18.098 Reconnect failed: One or more errors occurred. (Unable to connect to the remote server)
[ObsWS:info] 11:12:48.100 Reconnecting to OBS WebSocket (30000ms backoff)…
[ObsWS:warn] 11:12:50.123 Reconnect failed: One or more errors occurred. (Unable to connect to the remote server)
[ObsWS:info] 11:13:20.135 Reconnecting to OBS WebSocket (30000ms backoff)…
[ObsWS:warn] 11:13:22.154 Reconnect failed: One or more errors occurred. (Unable to connect to the remote server)
[ObsWS:info] 11:13:52.160 Reconnecting to OBS WebSocket (30000ms backoff)…
[ObsWS:warn] 11:13:54.183 Reconnect failed: One or more errors occurred. (Unable to connect to the remote server)
[ObsWS:info] 11:14:24.197 Reconnecting to OBS WebSocket (30000ms backoff)…
[ObsWS:warn] 11:14:26.213 Reconnect failed: One or more errors occurred. (Unable to connect to the remote server)
[ObsWS:info] 11:14:56.222 Reconnecting to OBS WebSocket (30000ms backoff)…
[ObsWS:warn] 11:14:58.235 Reconnect failed: One or more errors occurred. (Unable to connect to the remote server)
[ObsWS:info] 11:15:28.248 Reconnecting to OBS WebSocket (30000ms backoff)…
[ObsWS:warn] 11:15:30.264 Reconnect failed: One or more errors occurred. (Unable to connect to the remote server)
[ObsWS:info] 11:16:00.273 Reconnecting to OBS WebSocket (30000ms backoff)…
[ObsWS:warn] 11:16:02.305 Reconnect failed: One or more errors occurred. (Unable to connect to the remote server)
[ObsWS:info] 11:16:32.315 Reconnecting to OBS WebSocket (30000ms backoff)…
[ObsWS:warn] 11:16:34.331 Reconnect failed: One or more errors occurred. (Unable to connect to the remote server)
[ObsWS:info] 11:17:04.338 Reconnecting to OBS WebSocket (30000ms backoff)…
[ObsWS:warn] 11:17:06.371 Reconnect failed: One or more errors occurred. (Unable to connect to the remote server)
[ObsWS:info] 11:17:36.376 Reconnecting to OBS WebSocket (30000ms backoff)…
[ObsWS:warn] 11:17:38.396 Reconnect failed: One or more errors occurred. (Unable to connect to the remote server)
[ObsWS:info] 11:18:08.404 Reconnecting to OBS WebSocket (30000ms backoff)…
[ObsWS:warn] 11:18:10.436 Reconnect failed: One or more errors occurred. (Unable to connect to the remote server)
[ObsWS:info] 11:18:40.449 Reconnecting to OBS WebSocket (30000ms backoff)…
[ObsWS:warn] 11:18:42.467 Reconnect failed: One or more errors occurred. (Unable to connect to the remote server)
[ObsWS:info] 11:19:12.475 Reconnecting to OBS WebSocket (30000ms backoff)…
[ObsWS:warn] 11:19:14.490 Reconnect failed: One or more errors occurred. (Unable to connect to the remote server)
[ObsWS:info] 11:19:44.493 Reconnecting to OBS WebSocket (30000ms backoff)…
[ObsWS:warn] 11:19:46.505 Reconnect failed: One or more errors occurred. (Unable to connect to the remote server)
[ObsWS:info] 11:20:16.520 Reconnecting to OBS WebSocket (30000ms backoff)…
[ObsWS:warn] 11:20:18.537 Reconnect failed: One or more errors occurred. (Unable to connect to the remote server)
[ObsWS:info] 11:20:48.538 Reconnecting to OBS WebSocket (30000ms backoff)…
[ObsWS:warn] 11:20:50.556 Reconnect failed: One or more errors occurred. (Unable to connect to the remote server)
[ObsWS:info] 11:21:20.562 Reconnecting to OBS WebSocket (30000ms backoff)…
[ObsWS:warn] 11:21:22.579 Reconnect failed: One or more errors occurred. (Unable to connect to the remote server)
[ObsWS:info] 11:21:52.593 Reconnecting to OBS WebSocket (30000ms backoff)…
[ObsWS:warn] 11:21:54.611 Reconnect failed: One or more errors occurred. (Unable to connect to the remote server)
[ObsWS:info] 11:22:24.620 Reconnecting to OBS WebSocket (30000ms backoff)…
[ObsWS:warn] 11:22:26.633 Reconnect failed: One or more errors occurred. (Unable to connect to the remote server)
[ObsWS:info] 11:22:56.635 Reconnecting to OBS WebSocket (30000ms backoff)…
[ObsWS:warn] 11:22:58.657 Reconnect failed: One or more errors occurred. (Unable to connect to the remote server)
[ObsWS:info] 11:23:28.661 Reconnecting to OBS WebSocket (30000ms backoff)…
[ObsWS:warn] 11:23:30.689 Reconnect failed: One or more errors occurred. (Unable to connect to the remote server)
[ObsWS:info] 11:24:00.689 Reconnecting to OBS WebSocket (30000ms backoff)…
[ObsWS:warn] 11:24:02.703 Reconnect failed: One or more errors occurred. (Unable to connect to the remote server)
[ObsWS:info] 11:24:32.707 Reconnecting to OBS WebSocket (30000ms backoff)…
[ObsWS:warn] 11:24:34.723 Reconnect failed: One or more errors occurred. (Unable to connect to the remote server)
[ObsWS:info] 11:25:04.739 Reconnecting to OBS WebSocket (30000ms backoff)…
[ObsWS:warn] 11:25:06.759 Reconnect failed: One or more errors occurred. (Unable to connect to the remote server)
[ObsWS:info] 11:25:36.773 Reconnecting to OBS WebSocket (30000ms backoff)…
[ObsWS:warn] 11:25:38.794 Reconnect failed: One or more errors occurred. (Unable to connect to the remote server)
[ObsWS:info] 11:26:08.808 Reconnecting to OBS WebSocket (30000ms backoff)…
[ObsWS:warn] 11:26:10.825 Reconnect failed: One or more errors occurred. (Unable to connect to the remote server)
[ObsWS:info] 11:26:40.837 Reconnecting to OBS WebSocket (30000ms backoff)…
[ObsWS:warn] 11:26:42.859 Reconnect failed: One or more errors occurred. (Unable to connect to the remote server)
[ObsWS:info] 11:27:12.870 Reconnecting to OBS WebSocket (30000ms backoff)…
[ObsWS:warn] 11:27:14.889 Reconnect failed: One or more errors occurred. (Unable to connect to the remote server)
[ObsWS:info] 11:27:44.898 Reconnecting to OBS WebSocket (30000ms backoff)…
[ObsWS:warn] 11:27:46.919 Reconnect failed: One or more errors occurred. (Unable to connect to the remote server)
[ObsWS:info] 11:28:16.928 Reconnecting to OBS WebSocket (30000ms backoff)…
[ObsWS:warn] 11:28:18.944 Reconnect failed: One or more errors occurred. (Unable to connect to the remote server)
[ObsWS:info] 11:28:48.958 Reconnecting to OBS WebSocket (30000ms backoff)…
[ObsWS:warn] 11:28:50.981 Reconnect failed: One or more errors occurred. (Unable to connect to the remote server)
[ObsWS:info] 11:29:20.989 Reconnecting to OBS WebSocket (30000ms backoff)…
[ObsWS:warn] 11:29:23.010 Reconnect failed: One or more errors occurred. (Unable to connect to the remote server)
[ObsWS:info] 11:29:53.017 Reconnecting to OBS WebSocket (30000ms backoff)…
[ObsWS:warn] 11:29:55.035 Reconnect failed: One or more errors occurred. (Unable to connect to the remote server)
[ObsWS:info] 11:30:25.048 Reconnecting to OBS WebSocket (30000ms backoff)…
[ObsWS:warn] 11:30:27.067 Reconnect failed: One or more errors occurred. (Unable to connect to the remote server)
[ObsWS:info] 11:30:57.077 Reconnecting to OBS WebSocket (30000ms backoff)…
[ObsWS:warn] 11:30:59.092 Reconnect failed: One or more errors occurred. (Unable to connect to the remote server)
[ObsWS:info] 11:31:29.096 Reconnecting to OBS WebSocket (30000ms backoff)…
[ObsWS:warn] 11:31:31.118 Reconnect failed: One or more errors occurred. (Unable to connect to the remote server)
[ObsWS:info] 11:32:01.126 Reconnecting to OBS WebSocket (30000ms backoff)…
[ObsWS:warn] 11:32:03.150 Reconnect failed: One or more errors occurred. (Unable to connect to the remote server)
[ObsWS:info] 11:32:33.161 Reconnecting to OBS WebSocket (30000ms backoff)…
[ObsWS:warn] 11:32:35.183 Reconnect failed: One or more errors occurred. (Unable to connect to the remote server)
[ObsWS:info] 11:33:05.184 Reconnecting to OBS WebSocket (30000ms backoff)…
[ObsWS:warn] 11:33:07.218 Reconnect failed: One or more errors occurred. (Unable to connect to the remote server)
[ObsWS:info] 11:33:37.225 Reconnecting to OBS WebSocket (30000ms backoff)…
[ObsWS:warn] 11:33:39.246 Reconnect failed: One or more errors occurred. (Unable to connect to the remote server)
[ObsWS:info] 11:34:09.252 Reconnecting to OBS WebSocket (30000ms backoff)…
[ObsWS:warn] 11:34:11.276 Reconnect failed: One or more errors occurred. (Unable to connect to the remote server)
[ObsWS:info] 11:34:41.288 Reconnecting to OBS WebSocket (30000ms backoff)…
[ObsWS:warn] 11:34:43.309 Reconnect failed: One or more errors occurred. (Unable to connect to the remote server)
[ObsWS:info] 11:35:13.323 Reconnecting to OBS WebSocket (30000ms backoff)…
[ObsWS:warn] 11:35:15.340 Reconnect failed: One or more errors occurred. (Unable to connect to the remote server)
[ObsWS:info] 11:35:45.355 Reconnecting to OBS WebSocket (30000ms backoff)…
[ObsWS:warn] 11:35:47.366 Reconnect failed: One or more errors occurred. (Unable to connect to the remote server)
[ObsWS:info] 11:36:17.371 Reconnecting to OBS WebSocket (30000ms backoff)…
[ObsWS:warn] 11:36:19.389 Reconnect failed: One or more errors occurred. (Unable to connect to the remote server)
[ObsWS:info] 11:36:49.403 Reconnecting to OBS WebSocket (30000ms backoff)…
[ObsWS:warn] 11:36:51.418 Reconnect failed: One or more errors occurred. (Unable to connect to the remote server)
[ObsWS:info] 11:37:21.431 Reconnecting to OBS WebSocket (30000ms backoff)…
[ObsWS:warn] 11:37:23.457 Reconnect failed: One or more errors occurred. (Unable to connect to the remote server)
[ObsWS:info] 11:37:53.463 Reconnecting to OBS WebSocket (30000ms backoff)…
[ObsWS:warn] 11:37:55.483 Reconnect failed: One or more errors occurred. (Unable to connect to the remote server)
[ObsWS:info] 11:38:25.493 Reconnecting to OBS WebSocket (30000ms backoff)…
[ObsWS:warn] 11:38:27.504 Reconnect failed: One or more errors occurred. (Unable to connect to the remote server)
[ObsWS:info] 11:38:57.519 Reconnecting to OBS WebSocket (30000ms backoff)…
[ObsWS:warn] 11:38:59.534 Reconnect failed: One or more errors occurred. (Unable to connect to the remote server)
[ObsWS:info] 11:39:29.539 Reconnecting to OBS WebSocket (30000ms backoff)…
[ObsWS:warn] 11:39:31.560 Reconnect failed: One or more errors occurred. (Unable to connect to the remote server)
[ObsWS:info] 11:40:01.563 Reconnecting to OBS WebSocket (30000ms backoff)…
[ObsWS:warn] 11:40:03.582 Reconnect failed: One or more errors occurred. (Unable to connect to the remote server)
[ObsWS:info] 11:40:33.597 Reconnecting to OBS WebSocket (30000ms backoff)…
[ObsWS:warn] 11:40:35.622 Reconnect failed: One or more errors occurred. (Unable to connect to the remote server)
[ObsWS:info] 11:41:05.633 Reconnecting to OBS WebSocket (30000ms backoff)…
[ObsWS:warn] 11:41:07.655 Reconnect failed: One or more errors occurred. (Unable to connect to the remote server)
[ObsWS:info] 11:41:37.665 Reconnecting to OBS WebSocket (30000ms backoff)…
[ObsWS:warn] 11:41:39.686 Reconnect failed: One or more errors occurred. (Unable to connect to the remote server)
[ObsWS:info] 11:42:09.687 Reconnecting to OBS WebSocket (30000ms backoff)…
[ObsWS:warn] 11:42:11.723 Reconnect failed: One or more errors occurred. (Unable to connect to the remote server)
[ObsWS:info] 11:42:41.728 Reconnecting to OBS WebSocket (30000ms backoff)…
[ObsWS:warn] 11:42:43.749 Reconnect failed: One or more errors occurred. (Unable to connect to the remote server)
[ObsWS:info] 11:43:13.755 Reconnecting to OBS WebSocket (30000ms backoff)…
[ObsWS:warn] 11:43:15.774 Reconnect failed: One or more errors occurred. (Unable to connect to the remote server)
[ObsWS:info] 11:43:45.789 Reconnecting to OBS WebSocket (30000ms backoff)…
[ObsWS:warn] 11:43:47.809 Reconnect failed: One or more errors occurred. (Unable to connect to the remote server)
[ObsWS:info] 11:44:17.816 Reconnecting to OBS WebSocket (30000ms backoff)…
[ObsWS:warn] 11:44:19.846 Reconnect failed: One or more errors occurred. (Unable to connect to the remote server)
[ObsWS:info] 11:44:49.849 Reconnecting to OBS WebSocket (30000ms backoff)…
[ObsWS:warn] 11:44:51.871 Reconnect failed: One or more errors occurred. (Unable to connect to the remote server)
[ObsWS:info] 11:45:21.883 Reconnecting to OBS WebSocket (30000ms backoff)…
[ObsWS:warn] 11:45:23.910 Reconnect failed: One or more errors occurred. (Unable to connect to the remote server)
[ObsWS:info] 11:45:53.923 Reconnecting to OBS WebSocket (30000ms backoff)…
[ObsWS:warn] 11:45:55.936 Reconnect failed: One or more errors occurred. (Unable to connect to the remote server)
[ObsWS:info] 11:46:25.951 Reconnecting to OBS WebSocket (30000ms backoff)…
[ObsWS:warn] 11:46:27.972 Reconnect failed: One or more errors occurred. (Unable to connect to the remote server)
[ObsWS:info] 11:46:57.988 Reconnecting to OBS WebSocket (30000ms backoff)…
[ObsWS:warn] 11:47:00.006 Reconnect failed: One or more errors occurred. (Unable to connect to the remote server)
[ObsWS:info] 11:47:30.019 Reconnecting to OBS WebSocket (30000ms backoff)…
[ObsWS:warn] 11:47:32.033 Reconnect failed: One or more errors occurred. (Unable to connect to the remote server)
[ObsWS:info] 11:48:02.035 Reconnecting to OBS WebSocket (30000ms backoff)…
[ObsWS:warn] 11:48:04.070 Reconnect failed: One or more errors occurred. (Unable to connect to the remote server)
[ObsWS:info] 11:48:34.084 Reconnecting to OBS WebSocket (30000ms backoff)…
[ObsWS:warn] 11:48:36.098 Reconnect failed: One or more errors occurred. (Unable to connect to the remote server)
[ObsWS:info] 11:49:06.108 Reconnecting to OBS WebSocket (30000ms backoff)…
[ObsWS:warn] 11:49:08.129 Reconnect failed: One or more errors occurred. (Unable to connect to the remote server)
[ObsWS:info] 11:49:38.137 Reconnecting to OBS WebSocket (30000ms backoff)…
[ObsWS:warn] 11:49:40.164 Reconnect failed: One or more errors occurred. (Unable to connect to the remote server)
[ObsWS:info] 11:50:10.178 Reconnecting to OBS WebSocket (30000ms backoff)…
[ObsWS:warn] 11:50:12.196 Reconnect failed: One or more errors occurred. (Unable to connect to the remote server)
[ObsWS:info] 11:50:42.205 Reconnecting to OBS WebSocket (30000ms backoff)…
[ObsWS:warn] 11:50:44.239 Reconnect failed: One or more errors occurred. (Unable to connect to the remote server)
[ObsWS:info] 11:51:14.251 Reconnecting to OBS WebSocket (30000ms backoff)…
[ObsWS:warn] 11:51:16.271 Reconnect failed: One or more errors occurred. (Unable to connect to the remote server)
[ObsWS:info] 11:51:46.279 Reconnecting to OBS WebSocket (30000ms backoff)…
[ObsWS:warn] 11:51:48.296 Reconnect failed: One or more errors occurred. (Unable to connect to the remote server)
[ObsWS:info] 11:52:18.305 Reconnecting to OBS WebSocket (30000ms backoff)…
[ObsWS:warn] 11:52:20.320 Reconnect failed: One or more errors occurred. (Unable to connect to the remote server)
[ObsWS:info] 11:52:50.321 Reconnecting to OBS WebSocket (30000ms backoff)…
[ObsWS:warn] 11:52:52.336 Reconnect failed: One or more errors occurred. (Unable to connect to the remote server)
[ObsWS:info] 11:53:22.346 Reconnecting to OBS WebSocket (30000ms backoff)…
[ObsWS:warn] 11:53:24.361 Reconnect failed: One or more errors occurred. (Unable to connect to the remote server)
[ObsWS:info] 11:53:54.367 Reconnecting to OBS WebSocket (30000ms backoff)…
[ObsWS:warn] 11:53:56.389 Reconnect failed: One or more errors occurred. (Unable to connect to the remote server)
[ObsWS:info] 11:54:26.402 Reconnecting to OBS WebSocket (30000ms backoff)…
[ObsWS:warn] 11:54:28.422 Reconnect failed: One or more errors occurred. (Unable to connect to the remote server)
[ObsWS:info] 11:54:58.426 Reconnecting to OBS WebSocket (30000ms backoff)…
[ObsWS:warn] 11:55:00.455 Reconnect failed: One or more errors occurred. (Unable to connect to the remote server)
[ObsWS:info] 11:55:30.467 Reconnecting to OBS WebSocket (30000ms backoff)…
[ObsWS:warn] 11:55:32.484 Reconnect failed: One or more errors occurred. (Unable to connect to the remote server)
[ObsWS:info] 11:56:02.484 Reconnecting to OBS WebSocket (30000ms backoff)…
[ObsWS:warn] 11:56:04.501 Reconnect failed: One or more errors occurred. (Unable to connect to the remote server)
[ObsWS:info] 11:56:34.515 Reconnecting to OBS WebSocket (30000ms backoff)…
[ObsWS:warn] 11:56:36.534 Reconnect failed: One or more errors occurred. (Unable to connect to the remote server)
[ObsWS:info] 11:57:06.547 Reconnecting to OBS WebSocket (30000ms backoff)…
[ObsWS:warn] 11:57:08.565 Reconnect failed: One or more errors occurred. (Unable to connect to the remote server)
[ObsWS:info] 11:57:38.572 Reconnecting to OBS WebSocket (30000ms backoff)…
[ObsWS:warn] 11:57:40.597 Reconnect failed: One or more errors occurred. (Unable to connect to the remote server)
[ObsWS:info] 11:58:10.601 Reconnecting to OBS WebSocket (30000ms backoff)…
[ObsWS:warn] 11:58:12.621 Reconnect failed: One or more errors occurred. (Unable to connect to the remote server)
[ObsWS:info] 11:58:42.623 Reconnecting to OBS WebSocket (30000ms backoff)…
[ObsWS:warn] 11:58:44.647 Reconnect failed: One or more errors occurred. (Unable to connect to the remote server)
[ObsWS:info] 11:59:14.648 Reconnecting to OBS WebSocket (30000ms backoff)…
[ObsWS:warn] 11:59:16.660 Reconnect failed: One or more errors occurred. (Unable to connect to the remote server)
[ObsWS:info] 11:59:46.674 Reconnecting to OBS WebSocket (30000ms backoff)…
[ObsWS:warn] 11:59:48.699 Reconnect failed: One or more errors occurred. (Unable to connect to the remote server)
[ObsWS:info] 12:00:18.703 Reconnecting to OBS WebSocket (30000ms backoff)…
[ObsWS:warn] 12:00:20.722 Reconnect failed: One or more errors occurred. (Unable to connect to the remote server)
[ObsWS:info] 12:00:50.726 Reconnecting to OBS WebSocket (30000ms backoff)…
[ObsWS:warn] 12:00:52.750 Reconnect failed: One or more errors occurred. (Unable to connect to the remote server)
[ObsWS:info] 12:01:22.755 Reconnecting to OBS WebSocket (30000ms backoff)…
[ObsWS:warn] 12:01:24.784 Reconnect failed: One or more errors occurred. (Unable to connect to the remote server)
[ObsWS:info] 12:01:54.789 Reconnecting to OBS WebSocket (30000ms backoff)…
[ObsWS:warn] 12:01:56.805 Reconnect failed: One or more errors occurred. (Unable to connect to the remote server)
[ObsWS:info] 12:02:26.807 Reconnecting to OBS WebSocket (30000ms backoff)…
[ObsWS:warn] 12:02:28.828 Reconnect failed: One or more errors occurred. (Unable to connect to the remote server)
[ObsWS:info] 12:02:58.841 Reconnecting to OBS WebSocket (30000ms backoff)…
[ObsWS:warn] 12:03:00.853 Reconnect failed: One or more errors occurred. (Unable to connect to the remote server)
[ObsWS:info] 12:03:30.857 Reconnecting to OBS WebSocket (30000ms backoff)…
[ObsWS:warn] 12:03:32.874 Reconnect failed: One or more errors occurred. (Unable to connect to the remote server)
[ObsWS:info] 12:04:02.887 Reconnecting to OBS WebSocket (30000ms backoff)…
[ObsWS:warn] 12:04:04.910 Reconnect failed: One or more errors occurred. (Unable to connect to the remote server)
[ObsWS:info] 12:04:34.925 Reconnecting to OBS WebSocket (30000ms backoff)…
[ObsWS:warn] 12:04:36.952 Reconnect failed: One or more errors occurred. (Unable to connect to the remote server)
[ObsWS:info] 12:05:06.959 Reconnecting to OBS WebSocket (30000ms backoff)…
[ObsWS:warn] 12:05:08.980 Reconnect failed: One or more errors occurred. (Unable to connect to the remote server)
[ObsWS:info] 12:05:38.985 Reconnecting to OBS WebSocket (30000ms backoff)…
[ObsWS:warn] 12:05:41.016 Reconnect failed: One or more errors occurred. (Unable to connect to the remote server)
[ObsWS:info] 12:06:11.031 Reconnecting to OBS WebSocket (30000ms backoff)…
[ObsWS:warn] 12:06:13.046 Reconnect failed: One or more errors occurred. (Unable to connect to the remote server)
[ObsWS:info] 12:06:43.055 Reconnecting to OBS WebSocket (30000ms backoff)…
[ObsWS:warn] 12:06:45.083 Reconnect failed: One or more errors occurred. (Unable to connect to the remote server)
[ObsWS:info] 12:07:15.086 Reconnecting to OBS WebSocket (30000ms backoff)…
[ObsWS:warn] 12:07:17.108 Reconnect failed: One or more errors occurred. (Unable to connect to the remote server)
[ObsWS:info] 12:07:47.116 Reconnecting to OBS WebSocket (30000ms backoff)…
[ObsWS:warn] 12:07:49.144 Reconnect failed: One or more errors occurred. (Unable to connect to the remote server)
[ObsWS:info] 12:08:19.153 Reconnecting to OBS WebSocket (30000ms backoff)…
[ObsWS:warn] 12:08:21.185 Reconnect failed: One or more errors occurred. (Unable to connect to the remote server)
[ObsWS:info] 12:08:51.187 Reconnecting to OBS WebSocket (30000ms backoff)…
[ObsWS:warn] 12:08:53.208 Reconnect failed: One or more errors occurred. (Unable to connect to the remote server)
[ObsWS:info] 12:09:23.212 Reconnecting to OBS WebSocket (30000ms backoff)…
[ObsWS:warn] 12:09:25.242 Reconnect failed: One or more errors occurred. (Unable to connect to the remote server)
[ObsWS:info] 12:09:55.254 Reconnecting to OBS WebSocket (30000ms backoff)…
[ObsWS:warn] 12:09:57.271 Reconnect failed: One or more errors occurred. (Unable to connect to the remote server)
[ObsWS:info] 12:10:27.286 Reconnecting to OBS WebSocket (30000ms backoff)…
[ObsWS:warn] 12:10:29.307 Reconnect failed: One or more errors occurred. (Unable to connect to the remote server)
[ObsWS:info] 12:10:59.317 Reconnecting to OBS WebSocket (30000ms backoff)…
[ObsWS:warn] 12:11:01.345 Reconnect failed: One or more errors occurred. (Unable to connect to the remote server)
[ObsWS:info] 12:11:31.359 Reconnecting to OBS WebSocket (30000ms backoff)…
[ObsWS:warn] 12:11:33.392 Reconnect failed: One or more errors occurred. (Unable to connect to the remote server)
[ObsWS:info] 12:12:03.394 Reconnecting to OBS WebSocket (30000ms backoff)…
[ObsWS:warn] 12:12:05.429 Reconnect failed: One or more errors occurred. (Unable to connect to the remote server)
[ObsWS:info] 12:12:35.439 Reconnecting to OBS WebSocket (30000ms backoff)…
[ObsWS:warn] 12:12:37.465 Reconnect failed: One or more errors occurred. (Unable to connect to the remote server)
[ObsWS:info] 12:13:07.466 Reconnecting to OBS WebSocket (30000ms backoff)…
[ObsWS:warn] 12:13:09.486 Reconnect failed: One or more errors occurred. (Unable to connect to the remote server)
[ObsWS:info] 12:13:39.499 Reconnecting to OBS WebSocket (30000ms backoff)…
[ObsWS:warn] 12:13:41.518 Reconnect failed: One or more errors occurred. (Unable to connect to the remote server)
[ObsWS:info] 12:14:11.528 Reconnecting to OBS WebSocket (30000ms backoff)…
[ObsWS:warn] 12:14:13.552 Reconnect failed: One or more errors occurred. (Unable to connect to the remote server)
[ObsWS:info] 12:14:43.562 Reconnecting to OBS WebSocket (30000ms backoff)…
[ObsWS:warn] 12:14:45.581 Reconnect failed: One or more errors occurred. (Unable to connect to the remote server)
[ObsWS:info] 12:15:15.588 Reconnecting to OBS WebSocket (30000ms backoff)…
[ObsWS:warn] 12:15:17.615 Reconnect failed: One or more errors occurred. (Unable to connect to the remote server)
[ObsWS:info] 12:15:47.622 Reconnecting to OBS WebSocket (30000ms backoff)…
[ObsWS:warn] 12:15:49.640 Reconnect failed: One or more errors occurred. (Unable to connect to the remote server)
[ObsWS:info] 12:16:19.642 Reconnecting to OBS WebSocket (30000ms backoff)…
[ObsWS:warn] 12:16:21.664 Reconnect failed: One or more errors occurred. (Unable to connect to the remote server)
[ObsWS:info] 12:16:51.676 Reconnecting to OBS WebSocket (30000ms backoff)…
[ObsWS:warn] 12:16:53.699 Reconnect failed: One or more errors occurred. (Unable to connect to the remote server)
[ObsWS:info] 12:17:23.704 Reconnecting to OBS WebSocket (30000ms backoff)…
[ObsWS:warn] 12:17:25.727 Reconnect failed: One or more errors occurred. (Unable to connect to the remote server)
[ObsWS:info] 12:17:55.735 Reconnecting to OBS WebSocket (30000ms backoff)…
[ObsWS:warn] 12:17:57.759 Reconnect failed: One or more errors occurred. (Unable to connect to the remote server)
[ObsWS:info] 12:18:27.767 Reconnecting to OBS WebSocket (30000ms backoff)…
[ObsWS:warn] 12:18:29.792 Reconnect failed: One or more errors occurred. (Unable to connect to the remote server)
[ObsWS:info] 12:18:59.797 Reconnecting to OBS WebSocket (30000ms backoff)…
[ObsWS:warn] 12:19:01.822 Reconnect failed: One or more errors occurred. (Unable to connect to the remote server)
[ObsWS:info] 12:19:31.823 Reconnecting to OBS WebSocket (30000ms backoff)…
[ObsWS:warn] 12:19:33.843 Reconnect failed: One or more errors occurred. (Unable to connect to the remote server)
[ObsWS:info] 12:20:03.853 Reconnecting to OBS WebSocket (30000ms backoff)…
[ObsWS:warn] 12:20:05.879 Reconnect failed: One or more errors occurred. (Unable to connect to the remote server)
[ObsWS:info] 12:20:35.882 Reconnecting to OBS WebSocket (30000ms backoff)…
[ObsWS:warn] 12:20:37.898 Reconnect failed: One or more errors occurred. (Unable to connect to the remote server)
[ObsWS:info] 12:21:07.910 Reconnecting to OBS WebSocket (30000ms backoff)…
[ObsWS:warn] 12:21:09.928 Reconnect failed: One or more errors occurred. (Unable to connect to the remote server)
[ObsWS:info] 12:21:39.931 Reconnecting to OBS WebSocket (30000ms backoff)…
[ObsWS:warn] 12:21:41.946 Reconnect failed: One or more errors occurred. (Unable to connect to the remote server)
[ObsWS:info] 12:22:11.960 Reconnecting to OBS WebSocket (30000ms backoff)…
[ObsWS:warn] 12:22:13.986 Reconnect failed: One or more errors occurred. (Unable to connect to the remote server)
[ObsWS:info] 12:22:44.000 Reconnecting to OBS WebSocket (30000ms backoff)…
[ObsWS:warn] 12:22:46.023 Reconnect failed: One or more errors occurred. (Unable to connect to the remote server)
[ObsWS:info] 12:23:16.034 Reconnecting to OBS WebSocket (30000ms backoff)…
[ObsWS:warn] 12:23:18.056 Reconnect failed: One or more errors occurred. (Unable to connect to the remote server)
[ObsWS:info] 12:23:48.057 Reconnecting to OBS WebSocket (30000ms backoff)…
[ObsWS:warn] 12:23:50.089 Reconnect failed: One or more errors occurred. (Unable to connect to the remote server)
[ObsWS:info] 12:24:20.095 Reconnecting to OBS WebSocket (30000ms backoff)…
[ObsWS:warn] 12:24:22.112 Reconnect failed: One or more errors occurred. (Unable to connect to the remote server)
[ObsWS:info] 12:24:52.118 Reconnecting to OBS WebSocket (30000ms backoff)…
[ObsWS:warn] 12:24:54.136 Reconnect failed: One or more errors occurred. (Unable to connect to the remote server)
[ObsWS:info] 12:25:24.141 Reconnecting to OBS WebSocket (30000ms backoff)…
[ObsWS:warn] 12:25:26.164 Reconnect failed: One or more errors occurred. (Unable to connect to the remote server)
[ObsWS:info] 12:25:56.170 Reconnecting to OBS WebSocket (30000ms backoff)…
[ObsWS:warn] 12:25:58.198 Reconnect failed: One or more errors occurred. (Unable to connect to the remote server)
[ObsWS:info] 12:26:28.201 Reconnecting to OBS WebSocket (30000ms backoff)…
[ObsWS:warn] 12:26:30.215 Reconnect failed: One or more errors occurred. (Unable to connect to the remote server)
[ObsWS:info] 12:27:00.224 Reconnecting to OBS WebSocket (30000ms backoff)…
[ObsWS:warn] 12:27:02.233 Reconnect failed: One or more errors occurred. (Unable to connect to the remote server)
[ObsWS:info] 12:27:32.240 Reconnecting to OBS WebSocket (30000ms backoff)…
[ObsWS:warn] 12:27:34.257 Reconnect failed: One or more errors occurred. (Unable to connect to the remote server)
[ObsWS:info] 12:28:04.271 Reconnecting to OBS WebSocket (30000ms backoff)…
[ObsWS:warn] 12:28:06.291 Reconnect failed: One or more errors occurred. (Unable to connect to the remote server)
[ObsWS:info] 12:28:36.292 Reconnecting to OBS WebSocket (30000ms backoff)…
[ObsWS:warn] 12:28:38.316 Reconnect failed: One or more errors occurred. (Unable to connect to the remote server)
[ObsWS:info] 12:29:08.327 Reconnecting to OBS WebSocket (30000ms backoff)…
[ObsWS:warn] 12:29:10.348 Reconnect failed: One or more errors occurred. (Unable to connect to the remote server)
[ObsWS:info] 12:29:40.353 Reconnecting to OBS WebSocket (30000ms backoff)…
[ObsWS:warn] 12:29:42.369 Reconnect failed: One or more errors occurred. (Unable to connect to the remote server)
[ObsWS:info] 12:30:12.383 Reconnecting to OBS WebSocket (30000ms backoff)…
[ObsWS:warn] 12:30:14.396 Reconnect failed: One or more errors occurred. (Unable to connect to the remote server)
[ObsWS:info] 12:30:44.411 Reconnecting to OBS WebSocket (30000ms backoff)…
[ObsWS:warn] 12:30:46.428 Reconnect failed: One or more errors occurred. (Unable to connect to the remote server)
[ObsWS:info] 12:31:16.429 Reconnecting to OBS WebSocket (30000ms backoff)…
[ObsWS:warn] 12:31:18.448 Reconnect failed: One or more errors occurred. (Unable to connect to the remote server)
[ObsWS:info] 12:31:48.463 Reconnecting to OBS WebSocket (30000ms backoff)…
[ObsWS:warn] 12:31:50.488 Reconnect failed: One or more errors occurred. (Unable to connect to the remote server)
[ObsWS:info] 12:32:20.494 Reconnecting to OBS WebSocket (30000ms backoff)…
[ObsWS:warn] 12:32:22.514 Reconnect failed: One or more errors occurred. (Unable to connect to the remote server)
[ObsWS:info] 12:32:52.526 Reconnecting to OBS WebSocket (30000ms backoff)…
[ObsWS:warn] 12:32:54.573 Reconnect failed: One or more errors occurred. (Unable to connect to the remote server)
[ObsWS:info] 12:33:24.582 Reconnecting to OBS WebSocket (30000ms backoff)…
[ObsWS:warn] 12:33:26.601 Reconnect failed: One or more errors occurred. (Unable to connect to the remote server)
[ObsWS:info] 12:33:56.605 Reconnecting to OBS WebSocket (30000ms backoff)…
[ObsWS:warn] 12:33:58.632 Reconnect failed: One or more errors occurred. (Unable to connect to the remote server)
[ObsWS:info] 12:34:28.633 Reconnecting to OBS WebSocket (30000ms backoff)…
[ObsWS:warn] 12:34:30.646 Reconnect failed: One or more errors occurred. (Unable to connect to the remote server)
[ObsWS:info] 12:35:00.653 Reconnecting to OBS WebSocket (30000ms backoff)…
[ObsWS:warn] 12:35:02.675 Reconnect failed: One or more errors occurred. (Unable to connect to the remote server)
[ObsWS:info] 12:35:32.679 Reconnecting to OBS WebSocket (30000ms backoff)…
[ObsWS:warn] 12:35:34.697 Reconnect failed: One or more errors occurred. (Unable to connect to the remote server)
[ObsWS:info] 12:36:04.708 Reconnecting to OBS WebSocket (30000ms backoff)…
[ObsWS:warn] 12:36:06.729 Reconnect failed: One or more errors occurred. (Unable to connect to the remote server)
[ObsWS:info] 12:36:36.737 Reconnecting to OBS WebSocket (30000ms backoff)…
[ObsWS:warn] 12:36:38.759 Reconnect failed: One or more errors occurred. (Unable to connect to the remote server)
[ObsWS:info] 12:37:08.767 Reconnecting to OBS WebSocket (30000ms backoff)…
[ObsWS:warn] 12:37:10.788 Reconnect failed: One or more errors occurred. (Unable to connect to the remote server)
[ObsWS:info] 12:37:40.797 Reconnecting to OBS WebSocket (30000ms backoff)…
[ObsWS:warn] 12:37:42.822 Reconnect failed: One or more errors occurred. (Unable to connect to the remote server)
[ObsWS:info] 12:38:12.830 Reconnecting to OBS WebSocket (30000ms backoff)…
[ObsWS:warn] 12:38:14.845 Reconnect failed: One or more errors occurred. (Unable to connect to the remote server)
[ObsWS:info] 12:38:44.857 Reconnecting to OBS WebSocket (30000ms backoff)…
[ObsWS:warn] 12:38:46.883 Reconnect failed: One or more errors occurred. (Unable to connect to the remote server)
[ObsWS:info] 12:39:16.891 Reconnecting to OBS WebSocket (30000ms backoff)…
[ObsWS:warn] 12:39:18.907 Reconnect failed: One or more errors occurred. (Unable to connect to the remote server)
[ObsWS:info] 12:39:48.920 Reconnecting to OBS WebSocket (30000ms backoff)…
[ObsWS:warn] 12:39:50.946 Reconnect failed: One or more errors occurred. (Unable to connect to the remote server)
[ObsWS:info] 12:40:20.961 Reconnecting to OBS WebSocket (30000ms backoff)…
[ObsWS:warn] 12:40:22.986 Reconnect failed: One or more errors occurred. (Unable to connect to the remote server)
[ObsWS:info] 12:40:53.001 Reconnecting to OBS WebSocket (30000ms backoff)…
[ObsWS:warn] 12:40:55.023 Reconnect failed: One or more errors occurred. (Unable to connect to the remote server)
[ObsWS:info] 12:41:25.028 Reconnecting to OBS WebSocket (30000ms backoff)…
[ObsWS:warn] 12:41:27.044 Reconnect failed: One or more errors occurred. (Unable to connect to the remote server)
[ObsWS:info] 12:41:57.045 Reconnecting to OBS WebSocket (30000ms backoff)…
[ObsWS:warn] 12:41:59.070 Reconnect failed: One or more errors occurred. (Unable to connect to the remote server)
[ObsWS:info] 12:42:29.078 Reconnecting to OBS WebSocket (30000ms backoff)…
[ObsWS:warn] 12:42:31.102 Reconnect failed: One or more errors occurred. (Unable to connect to the remote server)
[ObsWS:info] 12:43:01.111 Reconnecting to OBS WebSocket (30000ms backoff)…
[ObsWS:warn] 12:43:03.133 Reconnect failed: One or more errors occurred. (Unable to connect to the remote server)
[ObsWS:info] 12:43:33.142 Reconnecting to OBS WebSocket (30000ms backoff)…
[ObsWS:warn] 12:43:35.162 Reconnect failed: One or more errors occurred. (Unable to connect to the remote server)
[ObsWS:info] 12:44:05.170 Reconnecting to OBS WebSocket (30000ms backoff)…
[ObsWS:warn] 12:44:07.190 Reconnect failed: One or more errors occurred. (Unable to connect to the remote server)
[ObsWS:info] 12:44:37.197 Reconnecting to OBS WebSocket (30000ms backoff)…
[ObsWS:warn] 12:44:39.227 Reconnect failed: One or more errors occurred. (Unable to connect to the remote server)
[ObsWS:info] 12:45:09.227 Reconnecting to OBS WebSocket (30000ms backoff)…
[ObsWS:warn] 12:45:11.243 Reconnect failed: One or more errors occurred. (Unable to connect to the remote server)
[ObsWS:info] 12:45:41.252 Reconnecting to OBS WebSocket (30000ms backoff)…
[ObsWS:warn] 12:45:43.269 Reconnect failed: One or more errors occurred. (Unable to connect to the remote server)
[ObsWS:info] 12:46:13.283 Reconnecting to OBS WebSocket (30000ms backoff)…
[ObsWS:warn] 12:46:15.305 Reconnect failed: One or more errors occurred. (Unable to connect to the remote server)
[ObsWS:info] 12:46:45.317 Reconnecting to OBS WebSocket (30000ms backoff)…
[ObsWS:warn] 12:46:47.341 Reconnect failed: One or more errors occurred. (Unable to connect to the remote server)
[ObsWS:info] 12:47:17.345 Reconnecting to OBS WebSocket (30000ms backoff)…
[ObsWS:warn] 12:47:19.373 Reconnect failed: One or more errors occurred. (Unable to connect to the remote server)
[ObsWS:info] 12:47:49.385 Reconnecting to OBS WebSocket (30000ms backoff)…
[ObsWS:warn] 12:47:51.408 Reconnect failed: One or more errors occurred. (Unable to connect to the remote server)
[ObsWS:info] 12:48:21.412 Reconnecting to OBS WebSocket (30000ms backoff)…
[ObsWS:warn] 12:48:23.430 Reconnect failed: One or more errors occurred. (Unable to connect to the remote server)
[ObsWS:info] 12:48:53.435 Reconnecting to OBS WebSocket (30000ms backoff)…
[ObsWS:warn] 12:48:55.460 Reconnect failed: One or more errors occurred. (Unable to connect to the remote server)
[ObsWS:info] 12:49:25.472 Reconnecting to OBS WebSocket (30000ms backoff)…
[ObsWS:warn] 12:49:27.506 Reconnect failed: One or more errors occurred. (Unable to connect to the remote server)
[ObsWS:info] 12:49:57.517 Reconnecting to OBS WebSocket (30000ms backoff)…
[ObsWS:warn] 12:49:59.536 Reconnect failed: One or more errors occurred. (Unable to connect to the remote server)
[ObsWS:info] 12:50:29.545 Reconnecting to OBS WebSocket (30000ms backoff)…
[ObsWS:warn] 12:50:31.569 Reconnect failed: One or more errors occurred. (Unable to connect to the remote server)
[ObsWS:info] 12:51:01.576 Reconnecting to OBS WebSocket (30000ms backoff)…
[ObsWS:warn] 12:51:03.599 Reconnect failed: One or more errors occurred. (Unable to connect to the remote server)
[ObsWS:info] 12:51:33.606 Reconnecting to OBS WebSocket (30000ms backoff)…
[ObsWS:warn] 12:51:35.627 Reconnect failed: One or more errors occurred. (Unable to connect to the remote server)
[ObsWS:info] 12:52:05.628 Reconnecting to OBS WebSocket (30000ms backoff)…
[ObsWS:warn] 12:52:07.643 Reconnect failed: One or more errors occurred. (Unable to connect to the remote server)
[ObsWS:info] 12:52:37.658 Reconnecting to OBS WebSocket (30000ms backoff)…
[ObsWS:warn] 12:52:39.679 Reconnect failed: One or more errors occurred. (Unable to connect to the remote server)
[ObsWS:info] 12:53:09.688 Reconnecting to OBS WebSocket (30000ms backoff)…
[ObsWS:warn] 12:53:11.718 Reconnect failed: One or more errors occurred. (Unable to connect to the remote server)
[ObsWS:info] 12:53:41.725 Reconnecting to OBS WebSocket (30000ms backoff)…
[ObsWS:warn] 12:53:43.748 Reconnect failed: One or more errors occurred. (Unable to connect to the remote server)
[ObsWS:info] 12:54:13.763 Reconnecting to OBS WebSocket (30000ms backoff)…
[ObsWS:warn] 12:54:15.777 Reconnect failed: One or more errors occurred. (Unable to connect to the remote server)
[ObsWS:info] 12:54:45.779 Reconnecting to OBS WebSocket (30000ms backoff)…
[ObsWS:warn] 12:54:47.794 Reconnect failed: One or more errors occurred. (Unable to connect to the remote server)
[ObsWS:info] 12:55:17.798 Reconnecting to OBS WebSocket (30000ms backoff)…
[ObsWS:warn] 12:55:19.814 Reconnect failed: One or more errors occurred. (Unable to connect to the remote server)
[ObsWS:info] 12:55:49.817 Reconnecting to OBS WebSocket (30000ms backoff)…
[ObsWS:warn] 12:55:51.844 Reconnect failed: One or more errors occurred. (Unable to connect to the remote server)
[ObsWS:info] 12:56:21.854 Reconnecting to OBS WebSocket (30000ms backoff)…
[ObsWS:warn] 12:56:23.882 Reconnect failed: One or more errors occurred. (Unable to connect to the remote server)
[ObsWS:info] 12:56:53.896 Reconnecting to OBS WebSocket (30000ms backoff)…
[ObsWS:warn] 12:56:55.918 Reconnect failed: One or more errors occurred. (Unable to connect to the remote server)
[ObsWS:info] 12:57:25.924 Reconnecting to OBS WebSocket (30000ms backoff)…
[ObsWS:warn] 12:57:27.939 Reconnect failed: One or more errors occurred. (Unable to connect to the remote server)
[ObsWS:info] 12:57:57.944 Reconnecting to OBS WebSocket (30000ms backoff)…
[ObsWS:warn] 12:57:59.955 Reconnect failed: One or more errors occurred. (Unable to connect to the remote server)
[ObsWS:info] 12:58:29.965 Reconnecting to OBS WebSocket (30000ms backoff)…
[ObsWS:warn] 12:58:31.990 Reconnect failed: One or more errors occurred. (Unable to connect to the remote server)
[ObsWS:info] 12:59:01.999 Reconnecting to OBS WebSocket (30000ms backoff)…
[ObsWS:warn] 12:59:04.023 Reconnect failed: One or more errors occurred. (Unable to connect to the remote server)
[ObsWS:info] 12:59:34.036 Reconnecting to OBS WebSocket (30000ms backoff)…
[ObsWS:warn] 12:59:36.062 Reconnect failed: One or more errors occurred. (Unable to connect to the remote server)
[ObsWS:info] 13:00:06.065 Reconnecting to OBS WebSocket (30000ms backoff)…
[ObsWS:warn] 13:00:08.080 Reconnect failed: One or more errors occurred. (Unable to connect to the remote server)
[ObsWS:info] 13:00:38.094 Reconnecting to OBS WebSocket (30000ms backoff)…
[ObsWS:warn] 13:00:40.115 Reconnect failed: One or more errors occurred. (Unable to connect to the remote server)
[ObsWS:info] 13:01:10.127 Reconnecting to OBS WebSocket (30000ms backoff)…
[ObsWS:warn] 13:01:12.156 Reconnect failed: One or more errors occurred. (Unable to connect to the remote server)
[ObsWS:info] 13:01:42.167 Reconnecting to OBS WebSocket (30000ms backoff)…
[ObsWS:warn] 13:01:44.183 Reconnect failed: One or more errors occurred. (Unable to connect to the remote server)
[ObsWS:info] 13:02:14.191 Reconnecting to OBS WebSocket (30000ms backoff)…
[ObsWS:warn] 13:02:16.207 Reconnect failed: One or more errors occurred. (Unable to connect to the remote server)
[ObsWS:info] 13:02:46.222 Reconnecting to OBS WebSocket (30000ms backoff)…
[ObsWS:warn] 13:02:48.240 Reconnect failed: One or more errors occurred. (Unable to connect to the remote server)
[ObsWS:info] 13:03:18.255 Reconnecting to OBS WebSocket (30000ms backoff)…
[ObsWS:warn] 13:03:20.277 Reconnect failed: One or more errors occurred. (Unable to connect to the remote server)
[ObsWS:info] 13:03:50.287 Reconnecting to OBS WebSocket (30000ms backoff)…
[ObsWS:warn] 13:03:52.304 Reconnect failed: One or more errors occurred. (Unable to connect to the remote server)
[ObsWS:info] 13:04:22.314 Reconnecting to OBS WebSocket (30000ms backoff)…
[ObsWS:warn] 13:04:24.338 Reconnect failed: One or more errors occurred. (Unable to connect to the remote server)
[ObsWS:info] 13:04:54.343 Reconnecting to OBS WebSocket (30000ms backoff)…
[ObsWS:warn] 13:04:56.366 Reconnect failed: One or more errors occurred. (Unable to connect to the remote server)
[ObsWS:info] 13:05:26.367 Reconnecting to OBS WebSocket (30000ms backoff)…
[ObsWS:warn] 13:05:28.390 Reconnect failed: One or more errors occurred. (Unable to connect to the remote server)
[ObsWS:info] 13:05:58.393 Reconnecting to OBS WebSocket (30000ms backoff)…
[ObsWS:warn] 13:06:00.415 Reconnect failed: One or more errors occurred. (Unable to connect to the remote server)
[ObsWS:info] 13:06:30.415 Reconnecting to OBS WebSocket (30000ms backoff)…
[ObsWS:warn] 13:06:32.434 Reconnect failed: One or more errors occurred. (Unable to connect to the remote server)
[ObsWS:info] 13:07:02.439 Reconnecting to OBS WebSocket (30000ms backoff)…
[ObsWS:warn] 13:07:04.458 Reconnect failed: One or more errors occurred. (Unable to connect to the remote server)
[ObsWS:info] 13:07:34.464 Reconnecting to OBS WebSocket (30000ms backoff)…
[ObsWS:warn] 13:07:36.487 Reconnect failed: One or more errors occurred. (Unable to connect to the remote server)
[ObsWS:info] 13:08:06.488 Reconnecting to OBS WebSocket (30000ms backoff)…
[ObsWS:warn] 13:08:08.515 Reconnect failed: One or more errors occurred. (Unable to connect to the remote server)
[ObsWS:info] 13:08:38.530 Reconnecting to OBS WebSocket (30000ms backoff)…
[ObsWS:warn] 13:08:40.546 Reconnect failed: One or more errors occurred. (Unable to connect to the remote server)
[ObsWS:info] 13:09:10.559 Reconnecting to OBS WebSocket (30000ms backoff)…
[ObsWS:warn] 13:09:12.582 Reconnect failed: One or more errors occurred. (Unable to connect to the remote server)
[ObsWS:info] 13:09:42.583 Reconnecting to OBS WebSocket (30000ms backoff)…
[ObsWS:warn] 13:09:44.608 Reconnect failed: One or more errors occurred. (Unable to connect to the remote server)
[ObsWS:info] 13:10:14.621 Reconnecting to OBS WebSocket (30000ms backoff)…
[ObsWS:warn] 13:10:16.641 Reconnect failed: One or more errors occurred. (Unable to connect to the remote server)
[ObsWS:info] 13:10:46.646 Reconnecting to OBS WebSocket (30000ms backoff)…
[ObsWS:warn] 13:10:48.666 Reconnect failed: One or more errors occurred. (Unable to connect to the remote server)
[ObsWS:info] 13:11:18.680 Reconnecting to OBS WebSocket (30000ms backoff)…
[ObsWS:warn] 13:11:20.706 Reconnect failed: One or more errors occurred. (Unable to connect to the remote server)
[ObsWS:info] 13:11:50.722 Reconnecting to OBS WebSocket (30000ms backoff)…
[ObsWS:warn] 13:11:52.735 Reconnect failed: One or more errors occurred. (Unable to connect to the remote server)
[ObsWS:info] 13:12:22.739 Reconnecting to OBS WebSocket (30000ms backoff)…
[ObsWS:warn] 13:12:24.755 Reconnect failed: One or more errors occurred. (Unable to connect to the remote server)
[ObsWS:info] 13:12:54.769 Reconnecting to OBS WebSocket (30000ms backoff)…
[ObsWS:warn] 13:12:56.789 Reconnect failed: One or more errors occurred. (Unable to connect to the remote server)
[ObsWS:info] 13:13:26.797 Reconnecting to OBS WebSocket (30000ms backoff)…
[ObsWS:warn] 13:13:28.813 Reconnect failed: One or more errors occurred. (Unable to connect to the remote server)
[ObsWS:info] 13:13:58.814 Reconnecting to OBS WebSocket (30000ms backoff)…
[ObsWS:warn] 13:14:00.826 Reconnect failed: One or more errors occurred. (Unable to connect to the remote server)
[ObsWS:info] 13:14:30.828 Reconnecting to OBS WebSocket (30000ms backoff)…
[ObsWS:warn] 13:14:32.850 Reconnect failed: One or more errors occurred. (Unable to connect to the remote server)
[ObsWS:info] 13:15:02.862 Reconnecting to OBS WebSocket (30000ms backoff)…
[ObsWS:warn] 13:15:04.877 Reconnect failed: One or more errors occurred. (Unable to connect to the remote server)
[ObsWS:info] 13:15:34.888 Reconnecting to OBS WebSocket (30000ms backoff)…
[ObsWS:warn] 13:15:36.908 Reconnect failed: One or more errors occurred. (Unable to connect to the remote server)
[ObsWS:info] 13:16:06.918 Reconnecting to OBS WebSocket (30000ms backoff)…
[ObsWS:warn] 13:16:08.945 Reconnect failed: One or more errors occurred. (Unable to connect to the remote server)
[ObsWS:info] 13:16:38.960 Reconnecting to OBS WebSocket (30000ms backoff)…
[ObsWS:warn] 13:16:40.986 Reconnect failed: One or more errors occurred. (Unable to connect to the remote server)
[ObsWS:info] 13:17:11.000 Reconnecting to OBS WebSocket (30000ms backoff)…
[ObsWS:warn] 13:17:13.020 Reconnect failed: One or more errors occurred. (Unable to connect to the remote server)
[ObsWS:info] 13:17:43.028 Reconnecting to OBS WebSocket (30000ms backoff)…
[ObsWS:warn] 13:17:45.049 Reconnect failed: One or more errors occurred. (Unable to connect to the remote server)
[ObsWS:info] 13:18:15.055 Reconnecting to OBS WebSocket (30000ms backoff)…
[ObsWS:warn] 13:18:17.088 Reconnect failed: One or more errors occurred. (Unable to connect to the remote server)
[ObsWS:info] 13:18:47.092 Reconnecting to OBS WebSocket (30000ms backoff)…
[ObsWS:warn] 13:18:49.114 Reconnect failed: One or more errors occurred. (Unable to connect to the remote server)
[ObsWS:info] 13:19:19.116 Reconnecting to OBS WebSocket (30000ms backoff)…
[ObsWS:warn] 13:19:21.143 Reconnect failed: One or more errors occurred. (Unable to connect to the remote server)
[ObsWS:info] 13:19:51.158 Reconnecting to OBS WebSocket (30000ms backoff)…
[ObsWS:warn] 13:19:53.185 Reconnect failed: One or more errors occurred. (Unable to connect to the remote server)
[ObsWS:info] 13:20:23.190 Reconnecting to OBS WebSocket (30000ms backoff)…
[ObsWS:warn] 13:20:25.210 Reconnect failed: One or more errors occurred. (Unable to connect to the remote server)
[ObsWS:info] 13:20:55.217 Reconnecting to OBS WebSocket (30000ms backoff)…
[ObsWS:warn] 13:20:57.232 Reconnect failed: One or more errors occurred. (Unable to connect to the remote server)
[ObsWS:info] 13:21:27.232 Reconnecting to OBS WebSocket (30000ms backoff)…
[ObsWS:warn] 13:21:29.247 Reconnect failed: One or more errors occurred. (Unable to connect to the remote server)
[ObsWS:info] 13:21:59.263 Reconnecting to OBS WebSocket (30000ms backoff)…
[ObsWS:warn] 13:22:01.300 Reconnect failed: One or more errors occurred. (Unable to connect to the remote server)
[ObsWS:info] 13:22:31.301 Reconnecting to OBS WebSocket (30000ms backoff)…
[ObsWS:warn] 13:22:33.325 Reconnect failed: One or more errors occurred. (Unable to connect to the remote server)
[ObsWS:info] 13:23:03.337 Reconnecting to OBS WebSocket (30000ms backoff)…
[ObsWS:warn] 13:23:05.364 Reconnect failed: One or more errors occurred. (Unable to connect to the remote server)
[ObsWS:info] 13:23:35.374 Reconnecting to OBS WebSocket (30000ms backoff)…
[ObsWS:warn] 13:23:37.393 Reconnect failed: One or more errors occurred. (Unable to connect to the remote server)
[ObsWS:info] 13:24:07.402 Reconnecting to OBS WebSocket (30000ms backoff)…
[ObsWS:warn] 13:24:09.421 Reconnect failed: One or more errors occurred. (Unable to connect to the remote server)
[ObsWS:info] 13:24:39.428 Reconnecting to OBS WebSocket (30000ms backoff)…
[ObsWS:warn] 13:24:41.451 Reconnect failed: One or more errors occurred. (Unable to connect to the remote server)
[ObsWS:info] 13:25:11.462 Reconnecting to OBS WebSocket (30000ms backoff)…
[ObsWS:warn] 13:25:13.482 Reconnect failed: One or more errors occurred. (Unable to connect to the remote server)
[ObsWS:info] 13:25:43.494 Reconnecting to OBS WebSocket (30000ms backoff)…
[ObsWS:warn] 13:25:45.507 Reconnect failed: One or more errors occurred. (Unable to connect to the remote server)
[ObsWS:info] 13:26:15.520 Reconnecting to OBS WebSocket (30000ms backoff)…
[ObsWS:warn] 13:26:17.548 Reconnect failed: One or more errors occurred. (Unable to connect to the remote server)
[ObsWS:info] 13:26:47.561 Reconnecting to OBS WebSocket (30000ms backoff)…
[ObsWS:warn] 13:26:49.577 Reconnect failed: One or more errors occurred. (Unable to connect to the remote server)
[ObsWS:info] 13:27:19.585 Reconnecting to OBS WebSocket (30000ms backoff)…
[ObsWS:warn] 13:27:21.608 Reconnect failed: One or more errors occurred. (Unable to connect to the remote server)
[ObsWS:info] 13:27:51.612 Reconnecting to OBS WebSocket (30000ms backoff)…
[ObsWS:warn] 13:27:53.635 Reconnect failed: One or more errors occurred. (Unable to connect to the remote server)
[ObsWS:info] 13:28:23.643 Reconnecting to OBS WebSocket (30000ms backoff)…
[ObsWS:warn] 13:28:25.667 Reconnect failed: One or more errors occurred. (Unable to connect to the remote server)
[ObsWS:info] 13:28:55.682 Reconnecting to OBS WebSocket (30000ms backoff)…
[ObsWS:warn] 13:28:57.693 Reconnect failed: One or more errors occurred. (Unable to connect to the remote server)
[ObsWS:info] 13:29:27.707 Reconnecting to OBS WebSocket (30000ms backoff)…
[ObsWS:warn] 13:29:29.723 Reconnect failed: One or more errors occurred. (Unable to connect to the remote server)
[ObsWS:info] 13:29:59.735 Reconnecting to OBS WebSocket (30000ms backoff)…
[ObsWS:warn] 13:30:01.754 Reconnect failed: One or more errors occurred. (Unable to connect to the remote server)
[ObsWS:info] 13:30:31.765 Reconnecting to OBS WebSocket (30000ms backoff)…
[ObsWS:warn] 13:30:33.781 Reconnect failed: One or more errors occurred. (Unable to connect to the remote server)
[ObsWS:info] 13:31:03.793 Reconnecting to OBS WebSocket (30000ms backoff)…
[ObsWS:warn] 13:31:05.814 Reconnect failed: One or more errors occurred. (Unable to connect to the remote server)
[ObsWS:info] 13:31:35.829 Reconnecting to OBS WebSocket (30000ms backoff)…
[ObsWS:warn] 13:31:37.848 Reconnect failed: One or more errors occurred. (Unable to connect to the remote server)
[ObsWS:info] 13:32:07.863 Reconnecting to OBS WebSocket (30000ms backoff)…
[ObsWS:warn] 13:32:09.890 Reconnect failed: One or more errors occurred. (Unable to connect to the remote server)
[ObsWS:info] 13:32:39.905 Reconnecting to OBS WebSocket (30000ms backoff)…
[ObsWS:warn] 13:32:41.919 Reconnect failed: One or more errors occurred. (Unable to connect to the remote server)
[ObsWS:info] 13:33:11.933 Reconnecting to OBS WebSocket (30000ms backoff)…
[ObsWS:warn] 13:33:13.964 Reconnect failed: One or more errors occurred. (Unable to connect to the remote server)
[ObsWS:info] 13:33:43.965 Reconnecting to OBS WebSocket (30000ms backoff)…
[ObsWS:warn] 13:33:46.008 Reconnect failed: One or more errors occurred. (Unable to connect to the remote server)
[ObsWS:info] 13:34:16.010 Reconnecting to OBS WebSocket (30000ms backoff)…
[ObsWS:warn] 13:34:18.044 Reconnect failed: One or more errors occurred. (Unable to connect to the remote server)
[ObsWS:info] 13:34:48.049 Reconnecting to OBS WebSocket (30000ms backoff)…
[ObsWS:warn] 13:34:50.067 Reconnect failed: One or more errors occurred. (Unable to connect to the remote server)
[ObsWS:info] 13:35:20.070 Reconnecting to OBS WebSocket (30000ms backoff)…
[ObsWS:warn] 13:35:22.093 Reconnect failed: One or more errors occurred. (Unable to connect to the remote server)
[ObsWS:info] 13:35:52.094 Reconnecting to OBS WebSocket (30000ms backoff)…
[ObsWS:warn] 13:35:54.119 Reconnect failed: One or more errors occurred. (Unable to connect to the remote server)
[ObsWS:info] 13:36:24.120 Reconnecting to OBS WebSocket (30000ms backoff)…
[ObsWS:warn] 13:36:26.137 Reconnect failed: One or more errors occurred. (Unable to connect to the remote server)
[ObsWS:info] 13:36:56.149 Reconnecting to OBS WebSocket (30000ms backoff)…
[ObsWS:warn] 13:36:58.180 Reconnect failed: One or more errors occurred. (Unable to connect to the remote server)
[ObsWS:info] 13:37:28.185 Reconnecting to OBS WebSocket (30000ms backoff)…
[ObsWS:warn] 13:37:30.215 Reconnect failed: One or more errors occurred. (Unable to connect to the remote server)
[ObsWS:info] 13:38:00.219 Reconnecting to OBS WebSocket (30000ms backoff)…
[ObsWS:warn] 13:38:02.250 Reconnect failed: One or more errors occurred. (Unable to connect to the remote server)
[ObsWS:info] 13:38:32.251 Reconnecting to OBS WebSocket (30000ms backoff)…
[ObsWS:warn] 13:38:34.283 Reconnect failed: One or more errors occurred. (Unable to connect to the remote server)
[ObsWS:info] 13:39:04.293 Reconnecting to OBS WebSocket (30000ms backoff)…
[ObsWS:warn] 13:39:06.314 Reconnect failed: One or more errors occurred. (Unable to connect to the remote server)
[ObsWS:info] 13:39:36.324 Reconnecting to OBS WebSocket (30000ms backoff)…
[ObsWS:warn] 13:39:38.346 Reconnect failed: One or more errors occurred. (Unable to connect to the remote server)
[ObsWS:info] 13:40:08.353 Reconnecting to OBS WebSocket (30000ms backoff)…
[ObsWS:warn] 13:40:10.376 Reconnect failed: One or more errors occurred. (Unable to connect to the remote server)
[ObsWS:info] 13:40:40.389 Reconnecting to OBS WebSocket (30000ms backoff)…
[ObsWS:warn] 13:40:42.414 Reconnect failed: One or more errors occurred. (Unable to connect to the remote server)
[ObsWS:info] 13:41:12.427 Reconnecting to OBS WebSocket (30000ms backoff)…
[ObsWS:warn] 13:41:14.444 Reconnect failed: One or more errors occurred. (Unable to connect to the remote server)
[ObsWS:info] 13:41:44.445 Reconnecting to OBS WebSocket (30000ms backoff)…
[ObsWS:warn] 13:41:46.453 Reconnect failed: One or more errors occurred. (Unable to connect to the remote server)
[ObsWS:info] 13:42:16.468 Reconnecting to OBS WebSocket (30000ms backoff)…
[ObsWS:warn] 13:42:18.518 Reconnect failed: One or more errors occurred. (Unable to connect to the remote server)
[ObsWS:info] 13:42:48.524 Reconnecting to OBS WebSocket (30000ms backoff)…
[ObsWS:warn] 13:42:50.539 Reconnect failed: One or more errors occurred. (Unable to connect to the remote server)
[ObsWS:info] 13:43:20.540 Reconnecting to OBS WebSocket (30000ms backoff)…
[ObsWS:warn] 13:43:22.567 Reconnect failed: One or more errors occurred. (Unable to connect to the remote server)
[ObsWS:info] 13:43:52.569 Reconnecting to OBS WebSocket (30000ms backoff)…
[ObsWS:warn] 13:43:54.583 Reconnect failed: One or more errors occurred. (Unable to connect to the remote server)
[ObsWS:info] 13:44:24.587 Reconnecting to OBS WebSocket (30000ms backoff)…
[ObsWS:warn] 13:44:26.599 Reconnect failed: One or more errors occurred. (Unable to connect to the remote server)
[ObsWS:info] 13:44:56.608 Reconnecting to OBS WebSocket (30000ms backoff)…
[ObsWS:warn] 13:44:58.614 Reconnect failed: One or more errors occurred. (Unable to connect to the remote server)
[ObsWS:info] 13:45:28.622 Reconnecting to OBS WebSocket (30000ms backoff)…
[ObsWS:warn] 13:45:30.640 Reconnect failed: One or more errors occurred. (Unable to connect to the remote server)
[ObsWS:info] 13:46:00.645 Reconnecting to OBS WebSocket (30000ms backoff)…
[ObsWS:warn] 13:46:02.654 Reconnect failed: One or more errors occurred. (Unable to connect to the remote server)
[ObsWS:info] 13:46:32.661 Reconnecting to OBS WebSocket (30000ms backoff)…
[ObsWS:warn] 13:46:34.672 Reconnect failed: One or more errors occurred. (Unable to connect to the remote server)
[ObsWS:info] 13:47:04.674 Reconnecting to OBS WebSocket (30000ms backoff)…
[ObsWS:warn] 13:47:06.701 Reconnect failed: One or more errors occurred. (Unable to connect to the remote server)
[ObsWS:info] 13:47:36.702 Reconnecting to OBS WebSocket (30000ms backoff)…
[ObsWS:warn] 13:47:38.719 Reconnect failed: One or more errors occurred. (Unable to connect to the remote server)
[ObsWS:info] 13:48:08.727 Reconnecting to OBS WebSocket (30000ms backoff)…
[ObsWS:warn] 13:48:10.755 Reconnect failed: One or more errors occurred. (Unable to connect to the remote server)
[ObsWS:info] 13:48:40.764 Reconnecting to OBS WebSocket (30000ms backoff)…
[ObsWS:warn] 13:48:42.784 Reconnect failed: One or more errors occurred. (Unable to connect to the remote server)
[ObsWS:info] 13:49:12.790 Reconnecting to OBS WebSocket (30000ms backoff)…
[ObsWS:warn] 13:49:14.850 Reconnect failed: One or more errors occurred. (Unable to connect to the remote server)
[ObsWS:info] 13:49:44.860 Reconnecting to OBS WebSocket (30000ms backoff)…
[ObsWS:warn] 13:49:46.888 Reconnect failed: One or more errors occurred. (Unable to connect to the remote server)
[ObsWS:info] 13:50:16.897 Reconnecting to OBS WebSocket (30000ms backoff)…
[ObsWS:warn] 13:50:18.942 Reconnect failed: One or more errors occurred. (Unable to connect to the remote server)
[ObsWS:info] 13:50:48.953 Reconnecting to OBS WebSocket (30000ms backoff)…
[ObsWS:warn] 13:50:51.015 Reconnect failed: One or more errors occurred. (Unable to connect to the remote server)
[ObsWS:info] 13:51:21.027 Reconnecting to OBS WebSocket (30000ms backoff)…
[ObsWS:warn] 13:51:23.086 Reconnect failed: One or more errors occurred. (Unable to connect to the remote server)
[ObsWS:info] 13:51:53.089 Reconnecting to OBS WebSocket (30000ms backoff)…
[ObsWS:warn] 13:51:55.150 Reconnect failed: One or more errors occurred. (Unable to connect to the remote server)
[ObsWS:info] 13:52:25.162 Reconnecting to OBS WebSocket (30000ms backoff)…
[ObsWS:warn] 13:52:27.196 Reconnect failed: One or more errors occurred. (Unable to connect to the remote server)
[ObsWS:info] 13:52:57.203 Reconnecting to OBS WebSocket (30000ms backoff)…
[ObsWS:warn] 13:52:59.250 Reconnect failed: One or more errors occurred. (Unable to connect to the remote server)
[ObsWS:info] 13:53:29.253 Reconnecting to OBS WebSocket (30000ms backoff)…
[ObsWS:warn] 13:53:31.279 Reconnect failed: One or more errors occurred. (Unable to connect to the remote server)
[ObsWS:info] 13:54:01.289 Reconnecting to OBS WebSocket (30000ms backoff)…
[ObsWS:warn] 13:54:03.295 Reconnect failed: One or more errors occurred. (Unable to connect to the remote server)
[ObsWS:info] 13:54:33.306 Reconnecting to OBS WebSocket (30000ms backoff)…
[ObsWS:warn] 13:54:35.363 Reconnect failed: One or more errors occurred. (Unable to connect to the remote server)
[ObsWS:info] 13:55:05.376 Reconnecting to OBS WebSocket (30000ms backoff)…
[ObsWS:warn] 13:55:07.420 Reconnect failed: One or more errors occurred. (Unable to connect to the remote server)
[ObsWS:info] 13:55:37.423 Reconnecting to OBS WebSocket (30000ms backoff)…
[ObsWS:warn] 13:55:39.444 Reconnect failed: One or more errors occurred. (Unable to connect to the remote server)
[ObsWS:info] 13:56:09.446 Reconnecting to OBS WebSocket (30000ms backoff)…
[ObsWS:warn] 13:56:11.477 Reconnect failed: One or more errors occurred. (Unable to connect to the remote server)
[ObsWS:info] 13:56:41.494 Reconnecting to OBS WebSocket (30000ms backoff)…
[ObsWS:warn] 13:56:43.520 Reconnect failed: One or more errors occurred. (Unable to connect to the remote server)
[ObsWS:info] 13:57:13.524 Reconnecting to OBS WebSocket (30000ms backoff)…
[ObsWS:warn] 13:57:15.551 Reconnect failed: One or more errors occurred. (Unable to connect to the remote server)
[ObsWS:info] 13:57:45.552 Reconnecting to OBS WebSocket (30000ms backoff)…
[ObsWS:warn] 13:57:47.572 Reconnect failed: One or more errors occurred. (Unable to connect to the remote server)
[ObsWS:info] 13:58:17.586 Reconnecting to OBS WebSocket (30000ms backoff)…
[ObsWS:warn] 13:58:19.605 Reconnect failed: One or more errors occurred. (Unable to connect to the remote server)
[ObsWS:info] 13:58:49.606 Reconnecting to OBS WebSocket (30000ms backoff)…
[ObsWS:warn] 13:58:51.623 Reconnect failed: One or more errors occurred. (Unable to connect to the remote server)
[ObsWS:info] 13:59:21.632 Reconnecting to OBS WebSocket (30000ms backoff)…
[ObsWS:warn] 13:59:23.663 Reconnect failed: One or more errors occurred. (Unable to connect to the remote server)
[ObsWS:info] 13:59:53.672 Reconnecting to OBS WebSocket (30000ms backoff)…
[ObsWS:warn] 13:59:55.688 Reconnect failed: One or more errors occurred. (Unable to connect to the remote server)
[ObsWS:info] 14:00:25.703 Reconnecting to OBS WebSocket (30000ms backoff)…
[ObsWS:warn] 14:00:27.728 Reconnect failed: One or more errors occurred. (Unable to connect to the remote server)
[ObsWS:info] 14:00:57.735 Reconnecting to OBS WebSocket (30000ms backoff)…
[ObsWS:warn] 14:00:59.765 Reconnect failed: One or more errors occurred. (Unable to connect to the remote server)
[ObsWS:info] 14:01:29.779 Reconnecting to OBS WebSocket (30000ms backoff)…
[ObsWS:warn] 14:01:31.795 Reconnect failed: One or more errors occurred. (Unable to connect to the remote server)
[ObsWS:info] 14:02:01.807 Reconnecting to OBS WebSocket (30000ms backoff)…
[ObsWS:warn] 14:02:03.821 Reconnect failed: One or more errors occurred. (Unable to connect to the remote server)
[ObsWS:info] 14:02:33.823 Reconnecting to OBS WebSocket (30000ms backoff)…
[ObsWS:warn] 14:02:35.843 Reconnect failed: One or more errors occurred. (Unable to connect to the remote server)
[ObsWS:info] 14:03:05.844 Reconnecting to OBS WebSocket (30000ms backoff)…
[ObsWS:warn] 14:03:07.865 Reconnect failed: One or more errors occurred. (Unable to connect to the remote server)
[ObsWS:info] 14:03:37.869 Reconnecting to OBS WebSocket (30000ms backoff)…
[ObsWS:warn] 14:03:39.933 Reconnect failed: One or more errors occurred. (Unable to connect to the remote server)
[ObsWS:info] 14:04:09.944 Reconnecting to OBS WebSocket (30000ms backoff)…
[ObsWS:warn] 14:04:11.954 Reconnect failed: One or more errors occurred. (Unable to connect to the remote server)
[ObsWS:info] 14:04:41.963 Reconnecting to OBS WebSocket (30000ms backoff)…
[ObsWS:warn] 14:04:43.976 Reconnect failed: One or more errors occurred. (Unable to connect to the remote server)
[ObsWS:info] 14:05:13.980 Reconnecting to OBS WebSocket (30000ms backoff)…
[ObsWS:warn] 14:05:16.012 Reconnect failed: One or more errors occurred. (Unable to connect to the remote server)
[ObsWS:info] 14:05:46.026 Reconnecting to OBS WebSocket (30000ms backoff)…
[ObsWS:warn] 14:05:48.050 Reconnect failed: One or more errors occurred. (Unable to connect to the remote server)
[ObsWS:info] 14:06:18.054 Reconnecting to OBS WebSocket (30000ms backoff)…
[ObsWS:warn] 14:06:20.090 Reconnect failed: One or more errors occurred. (Unable to connect to the remote server)
[ObsWS:info] 14:06:50.100 Reconnecting to OBS WebSocket (30000ms backoff)…
[ObsWS:warn] 14:06:52.160 Reconnect failed: One or more errors occurred. (Unable to connect to the remote server)
[ObsWS:info] 14:07:22.164 Reconnecting to OBS WebSocket (30000ms backoff)…
[ObsWS:warn] 14:07:24.198 Reconnect failed: One or more errors occurred. (Unable to connect to the remote server)
[ObsWS:info] 14:07:54.200 Reconnecting to OBS WebSocket (30000ms backoff)…
[ObsWS:warn] 14:07:56.231 Reconnect failed: One or more errors occurred. (Unable to connect to the remote server)
[ObsWS:info] 14:08:26.234 Reconnecting to OBS WebSocket (30000ms backoff)…
[ObsWS:warn] 14:08:28.287 Reconnect failed: One or more errors occurred. (Unable to connect to the remote server)
[ObsWS:info] 14:08:58.297 Reconnecting to OBS WebSocket (30000ms backoff)…
[ObsWS:warn] 14:09:00.342 Reconnect failed: One or more errors occurred. (Unable to connect to the remote server)
[ObsWS:info] 14:09:30.346 Reconnecting to OBS WebSocket (30000ms backoff)…
[ObsWS:warn] 14:09:32.388 Reconnect failed: One or more errors occurred. (Unable to connect to the remote server)
[ObsWS:info] 14:10:02.392 Reconnecting to OBS WebSocket (30000ms backoff)…
[ObsWS:warn] 14:10:04.424 Reconnect failed: One or more errors occurred. (Unable to connect to the remote server)
[ObsWS:info] 14:10:34.433 Reconnecting to OBS WebSocket (30000ms backoff)…
[ObsWS:warn] 14:10:36.476 Reconnect failed: One or more errors occurred. (Unable to connect to the remote server)
[ObsWS:info] 14:11:06.486 Reconnecting to OBS WebSocket (30000ms backoff)…
[ObsWS:warn] 14:11:08.516 Reconnect failed: One or more errors occurred. (Unable to connect to the remote server)
[ObsWS:info] 14:11:38.523 Reconnecting to OBS WebSocket (30000ms backoff)…
[ObsWS:warn] 14:11:40.534 Reconnect failed: One or more errors occurred. (Unable to connect to the remote server)
[ObsWS:info] 14:12:10.545 Reconnecting to OBS WebSocket (30000ms backoff)…
[ObsWS:warn] 14:12:12.583 Reconnect failed: One or more errors occurred. (Unable to connect to the remote server)
[ObsWS:info] 14:12:42.589 Reconnecting to OBS WebSocket (30000ms backoff)…
[ObsWS:warn] 14:12:44.602 Reconnect failed: One or more errors occurred. (Unable to connect to the remote server)
[ObsWS:info] 14:13:14.609 Reconnecting to OBS WebSocket (30000ms backoff)…
[ObsWS:warn] 14:13:16.623 Reconnect failed: One or more errors occurred. (Unable to connect to the remote server)
[ObsWS:info] 14:13:46.632 Reconnecting to OBS WebSocket (30000ms backoff)…
[ObsWS:warn] 14:13:48.646 Reconnect failed: One or more errors occurred. (Unable to connect to the remote server)
[ObsWS:info] 14:14:18.657 Reconnecting to OBS WebSocket (30000ms backoff)…
[ObsWS:warn] 14:14:20.687 Reconnect failed: One or more errors occurred. (Unable to connect to the remote server)
[ObsWS:info] 14:14:50.702 Reconnecting to OBS WebSocket (30000ms backoff)…
[ObsWS:warn] 14:14:52.727 Reconnect failed: One or more errors occurred. (Unable to connect to the remote server)
[ObsWS:info] 14:15:22.735 Reconnecting to OBS WebSocket (30000ms backoff)…
[ObsWS:warn] 14:15:24.763 Reconnect failed: One or more errors occurred. (Unable to connect to the remote server)
[ObsWS:info] 14:15:54.771 Reconnecting to OBS WebSocket (30000ms backoff)…
[ObsWS:warn] 14:15:56.806 Reconnect failed: One or more errors occurred. (Unable to connect to the remote server)
[ObsWS:info] 14:16:26.809 Reconnecting to OBS WebSocket (30000ms backoff)…
[ObsWS:warn] 14:16:28.856 Reconnect failed: One or more errors occurred. (Unable to connect to the remote server)
[ObsWS:info] 14:16:58.872 Reconnecting to OBS WebSocket (30000ms backoff)…
[ObsWS:warn] 14:17:00.930 Reconnect failed: One or more errors occurred. (Unable to connect to the remote server)
[ObsWS:info] 14:17:30.941 Reconnecting to OBS WebSocket (30000ms backoff)…
[ObsWS:warn] 14:17:32.970 Reconnect failed: One or more errors occurred. (Unable to connect to the remote server)
[ObsWS:info] 14:18:02.986 Reconnecting to OBS WebSocket (30000ms backoff)…
[ObsWS:warn] 14:18:05.033 Reconnect failed: One or more errors occurred. (Unable to connect to the remote server)
[ObsWS:info] 14:18:35.040 Reconnecting to OBS WebSocket (30000ms backoff)…
[ObsWS:warn] 14:18:37.086 Reconnect failed: One or more errors occurred. (Unable to connect to the remote server)
[ObsWS:info] 14:19:07.102 Reconnecting to OBS WebSocket (30000ms backoff)…
[ObsWS:warn] 14:19:09.134 Reconnect failed: One or more errors occurred. (Unable to connect to the remote server)
[ObsWS:info] 14:19:39.144 Reconnecting to OBS WebSocket (30000ms backoff)…
[ObsWS:warn] 14:19:41.188 Reconnect failed: One or more errors occurred. (Unable to connect to the remote server)
[ObsWS:info] 14:20:11.192 Reconnecting to OBS WebSocket (30000ms backoff)…
[ObsWS:warn] 14:20:13.241 Reconnect failed: One or more errors occurred. (Unable to connect to the remote server)
[ObsWS:info] 14:20:43.247 Reconnecting to OBS WebSocket (30000ms backoff)…
[ObsWS:warn] 14:20:45.294 Reconnect failed: One or more errors occurred. (Unable to connect to the remote server)
[ObsWS:info] 14:21:15.305 Reconnecting to OBS WebSocket (30000ms backoff)…
[ObsWS:warn] 14:21:17.334 Reconnect failed: One or more errors occurred. (Unable to connect to the remote server)
[ObsWS:info] 14:21:47.335 Reconnecting to OBS WebSocket (30000ms backoff)…
[ObsWS:warn] 14:21:49.362 Reconnect failed: One or more errors occurred. (Unable to connect to the remote server)
[ObsWS:info] 14:22:19.370 Reconnecting to OBS WebSocket (30000ms backoff)…
[ObsWS:warn] 14:22:21.405 Reconnect failed: One or more errors occurred. (Unable to connect to the remote server)
[ObsWS:info] 14:22:51.420 Reconnecting to OBS WebSocket (30000ms backoff)…
[ObsWS:warn] 14:22:53.433 Reconnect failed: One or more errors occurred. (Unable to connect to the remote server)
[ObsWS:info] 14:23:23.445 Reconnecting to OBS WebSocket (30000ms backoff)…
[ObsWS:warn] 14:23:25.464 Reconnect failed: One or more errors occurred. (Unable to connect to the remote server)
[ObsWS:info] 14:23:55.469 Reconnecting to OBS WebSocket (30000ms backoff)…
[ObsWS:warn] 14:23:57.500 Reconnect failed: One or more errors occurred. (Unable to connect to the remote server)
[ObsWS:info] 14:24:27.513 Reconnecting to OBS WebSocket (30000ms backoff)…
[ObsWS:warn] 14:24:29.541 Reconnect failed: One or more errors occurred. (Unable to connect to the remote server)
[ObsWS:info] 14:24:59.555 Reconnecting to OBS WebSocket (30000ms backoff)…
[ObsWS:warn] 14:25:01.602 Reconnect failed: One or more errors occurred. (Unable to connect to the remote server)
[ObsWS:info] 14:25:31.607 Reconnecting to OBS WebSocket (30000ms backoff)…
[ObsWS:warn] 14:25:33.651 Reconnect failed: One or more errors occurred. (Unable to connect to the remote server)
[ObsWS:info] 14:26:03.652 Reconnecting to OBS WebSocket (30000ms backoff)…
[ObsWS:warn] 14:26:05.701 Reconnect failed: One or more errors occurred. (Unable to connect to the remote server)
[ObsWS:info] 14:26:35.704 Reconnecting to OBS WebSocket (30000ms backoff)…
[ObsWS:warn] 14:26:37.725 Reconnect failed: One or more errors occurred. (Unable to connect to the remote server)
[ObsWS:info] 14:27:07.738 Reconnecting to OBS WebSocket (30000ms backoff)…
[ObsWS:warn] 14:27:09.755 Reconnect failed: One or more errors occurred. (Unable to connect to the remote server)
[ObsWS:info] 14:27:39.764 Reconnecting to OBS WebSocket (30000ms backoff)…
[ObsWS:warn] 14:27:41.778 Reconnect failed: One or more errors occurred. (Unable to connect to the remote server)
[ObsWS:info] 14:28:11.780 Reconnecting to OBS WebSocket (30000ms backoff)…
[ObsWS:warn] 14:28:13.799 Reconnect failed: One or more errors occurred. (Unable to connect to the remote server)
[ObsWS:info] 14:28:43.805 Reconnecting to OBS WebSocket (30000ms backoff)…
[ObsWS:warn] 14:28:45.836 Reconnect failed: One or more errors occurred. (Unable to connect to the remote server)
[ObsWS:info] 14:29:15.851 Reconnecting to OBS WebSocket (30000ms backoff)…
[ObsWS:warn] 14:29:17.897 Reconnect failed: One or more errors occurred. (Unable to connect to the remote server)
[ObsWS:info] 14:29:47.912 Reconnecting to OBS WebSocket (30000ms backoff)…
[ObsWS:warn] 14:29:49.927 Reconnect failed: One or more errors occurred. (Unable to connect to the remote server)
[ObsWS:info] 14:30:19.928 Reconnecting to OBS WebSocket (30000ms backoff)…
[ObsWS:warn] 14:30:21.968 Reconnect failed: One or more errors occurred. (Unable to connect to the remote server)
[ObsWS:info] 14:30:51.976 Reconnecting to OBS WebSocket (30000ms backoff)…
[ObsWS:warn] 14:30:54.023 Reconnect failed: One or more errors occurred. (Unable to connect to the remote server)
[ObsWS:info] 14:31:24.038 Reconnecting to OBS WebSocket (30000ms backoff)…
[ObsWS:warn] 14:31:26.062 Reconnect failed: One or more errors occurred. (Unable to connect to the remote server)
[ObsWS:info] 14:31:56.065 Reconnecting to OBS WebSocket (30000ms backoff)…
[ObsWS:warn] 14:31:58.084 Reconnect failed: One or more errors occurred. (Unable to connect to the remote server)
[ObsWS:info] 14:32:28.086 Reconnecting to OBS WebSocket (30000ms backoff)…
[ObsWS:warn] 14:32:30.117 Reconnect failed: One or more errors occurred. (Unable to connect to the remote server)
[ObsWS:info] 14:33:00.120 Reconnecting to OBS WebSocket (30000ms backoff)…
[ObsWS:warn] 14:33:02.147 Reconnect failed: One or more errors occurred. (Unable to connect to the remote server)
[ObsWS:info] 14:33:32.151 Reconnecting to OBS WebSocket (30000ms backoff)…
[ObsWS:warn] 14:33:34.180 Reconnect failed: One or more errors occurred. (Unable to connect to the remote server)
[ObsWS:info] 14:34:04.195 Reconnecting to OBS WebSocket (30000ms backoff)…
[ObsWS:warn] 14:34:06.225 Reconnect failed: One or more errors occurred. (Unable to connect to the remote server)
[ObsWS:info] 14:34:36.233 Reconnecting to OBS WebSocket (30000ms backoff)…
[ObsWS:warn] 14:34:38.264 Reconnect failed: One or more errors occurred. (Unable to connect to the remote server)
[ObsWS:info] 14:35:08.266 Reconnecting to OBS WebSocket (30000ms backoff)…
[ObsWS:warn] 14:35:10.295 Reconnect failed: One or more errors occurred. (Unable to connect to the remote server)
[ObsWS:info] 14:35:40.309 Reconnecting to OBS WebSocket (30000ms backoff)…
[ObsWS:warn] 14:35:42.340 Reconnect failed: One or more errors occurred. (Unable to connect to the remote server)
[ObsWS:info] 14:36:12.350 Reconnecting to OBS WebSocket (30000ms backoff)…
[ObsWS:warn] 14:36:14.378 Reconnect failed: One or more errors occurred. (Unable to connect to the remote server)
[ObsWS:info] 14:36:44.391 Reconnecting to OBS WebSocket (30000ms backoff)…
[ObsWS:warn] 14:36:46.403 Reconnect failed: One or more errors occurred. (Unable to connect to the remote server)
[ObsWS:info] 14:37:16.404 Reconnecting to OBS WebSocket (30000ms backoff)…
[ObsWS:warn] 14:37:18.428 Reconnect failed: One or more errors occurred. (Unable to connect to the remote server)
[ObsWS:info] 14:37:48.433 Reconnecting to OBS WebSocket (30000ms backoff)…
[ObsWS:warn] 14:37:50.455 Reconnect failed: One or more errors occurred. (Unable to connect to the remote server)
[ObsWS:info] 14:38:20.466 Reconnecting to OBS WebSocket (30000ms backoff)…
[ObsWS:warn] 14:38:22.491 Reconnect failed: One or more errors occurred. (Unable to connect to the remote server)
[ObsWS:info] 14:38:52.506 Reconnecting to OBS WebSocket (30000ms backoff)…
[ObsWS:warn] 14:38:54.526 Reconnect failed: One or more errors occurred. (Unable to connect to the remote server)
[ObsWS:info] 14:39:24.533 Reconnecting to OBS WebSocket (30000ms backoff)…
[ObsWS:warn] 14:39:26.555 Reconnect failed: One or more errors occurred. (Unable to connect to the remote server)
[ObsWS:info] 14:39:56.559 Reconnecting to OBS WebSocket (30000ms backoff)…
[ObsWS:warn] 14:39:58.586 Reconnect failed: One or more errors occurred. (Unable to connect to the remote server)
[ObsWS:info] 14:40:28.592 Reconnecting to OBS WebSocket (30000ms backoff)…
[ObsWS:warn] 14:40:30.619 Reconnect failed: One or more errors occurred. (Unable to connect to the remote server)
[ObsWS:info] 14:41:00.633 Reconnecting to OBS WebSocket (30000ms backoff)…
[ObsWS:warn] 14:41:02.656 Reconnect failed: One or more errors occurred. (Unable to connect to the remote server)
[ObsWS:info] 14:41:32.669 Reconnecting to OBS WebSocket (30000ms backoff)…
[ObsWS:warn] 14:41:34.691 Reconnect failed: One or more errors occurred. (Unable to connect to the remote server)
[ObsWS:info] 14:42:04.693 Reconnecting to OBS WebSocket (30000ms backoff)…
[ObsWS:warn] 14:42:06.720 Reconnect failed: One or more errors occurred. (Unable to connect to the remote server)
[ObsWS:info] 14:42:36.730 Reconnecting to OBS WebSocket (30000ms backoff)…
[ObsWS:warn] 14:42:38.765 Reconnect failed: One or more errors occurred. (Unable to connect to the remote server)
[ObsWS:info] 14:43:08.776 Reconnecting to OBS WebSocket (30000ms backoff)…
[ObsWS:warn] 14:43:10.799 Reconnect failed: One or more errors occurred. (Unable to connect to the remote server)
[ObsWS:info] 14:43:40.808 Reconnecting to OBS WebSocket (30000ms backoff)…
[ObsWS:warn] 14:43:42.831 Reconnect failed: One or more errors occurred. (Unable to connect to the remote server)
[ObsWS:info] 14:44:12.839 Reconnecting to OBS WebSocket (30000ms backoff)…
[ObsWS:warn] 14:44:14.860 Reconnect failed: One or more errors occurred. (Unable to connect to the remote server)
[ObsWS:info] 14:44:44.868 Reconnecting to OBS WebSocket (30000ms backoff)…
[ObsWS:warn] 14:44:46.895 Reconnect failed: One or more errors occurred. (Unable to connect to the remote server)
[ObsWS:info] 14:45:16.902 Reconnecting to OBS WebSocket (30000ms backoff)…
[ObsWS:warn] 14:45:18.930 Reconnect failed: One or more errors occurred. (Unable to connect to the remote server)
[ObsWS:info] 14:45:48.945 Reconnecting to OBS WebSocket (30000ms backoff)…
[ObsWS:warn] 14:45:50.967 Reconnect failed: One or more errors occurred. (Unable to connect to the remote server)
[ObsWS:info] 14:46:20.983 Reconnecting to OBS WebSocket (30000ms backoff)…
[ObsWS:warn] 14:46:23.017 Reconnect failed: One or more errors occurred. (Unable to connect to the remote server)
[ObsWS:info] 14:46:53.030 Reconnecting to OBS WebSocket (30000ms backoff)…
[ObsWS:warn] 14:46:55.052 Reconnect failed: One or more errors occurred. (Unable to connect to the remote server)
[ObsWS:info] 14:47:25.054 Reconnecting to OBS WebSocket (30000ms backoff)…
[ObsWS:warn] 14:47:27.072 Reconnect failed: One or more errors occurred. (Unable to connect to the remote server)
[ObsWS:info] 14:47:57.071 Reconnecting to OBS WebSocket (30000ms backoff)…
[ObsWS:warn] 14:47:59.086 Reconnect failed: One or more errors occurred. (Unable to connect to the remote server)
[ObsWS:info] 14:48:29.095 Reconnecting to OBS WebSocket (30000ms backoff)…
[ObsWS:warn] 14:48:31.122 Reconnect failed: One or more errors occurred. (Unable to connect to the remote server)
[ObsWS:info] 14:49:01.123 Reconnecting to OBS WebSocket (30000ms backoff)…
[ObsWS:warn] 14:49:03.148 Reconnect failed: One or more errors occurred. (Unable to connect to the remote server)
[ObsWS:info] 14:49:33.162 Reconnecting to OBS WebSocket (30000ms backoff)…
[ObsWS:warn] 14:49:35.182 Reconnect failed: One or more errors occurred. (Unable to connect to the remote server)
[ObsWS:info] 14:50:05.198 Reconnecting to OBS WebSocket (30000ms backoff)…
[ObsWS:warn] 14:50:07.242 Reconnect failed: One or more errors occurred. (Unable to connect to the remote server)
[ObsWS:info] 14:50:37.245 Reconnecting to OBS WebSocket (30000ms backoff)…
[ObsWS:warn] 14:50:39.259 Reconnect failed: One or more errors occurred. (Unable to connect to the remote server)
[ObsWS:info] 14:51:09.261 Reconnecting to OBS WebSocket (30000ms backoff)…
[ObsWS:warn] 14:51:11.289 Reconnect failed: One or more errors occurred. (Unable to connect to the remote server)
[ObsWS:info] 14:51:41.303 Reconnecting to OBS WebSocket (30000ms backoff)…
[ObsWS:warn] 14:51:43.331 Reconnect failed: One or more errors occurred. (Unable to connect to the remote server)
[ObsWS:info] 14:52:13.338 Reconnecting to OBS WebSocket (30000ms backoff)…
[ObsWS:warn] 14:52:15.364 Reconnect failed: One or more errors occurred. (Unable to connect to the remote server)
[ObsWS:info] 14:52:45.376 Reconnecting to OBS WebSocket (30000ms backoff)…
[ObsWS:warn] 14:52:47.395 Reconnect failed: One or more errors occurred. (Unable to connect to the remote server)
[ObsWS:info] 14:53:17.398 Reconnecting to OBS WebSocket (30000ms backoff)…
[ObsWS:warn] 14:53:19.422 Reconnect failed: One or more errors occurred. (Unable to connect to the remote server)
[ObsWS:info] 14:53:49.436 Reconnecting to OBS WebSocket (30000ms backoff)…
[ObsWS:warn] 14:53:51.453 Reconnect failed: One or more errors occurred. (Unable to connect to the remote server)
[ObsWS:info] 14:54:21.466 Reconnecting to OBS WebSocket (30000ms backoff)…
[ObsWS:warn] 14:54:23.486 Reconnect failed: One or more errors occurred. (Unable to connect to the remote server)
[ObsWS:info] 14:54:53.500 Reconnecting to OBS WebSocket (30000ms backoff)…
[ObsWS:warn] 14:54:55.526 Reconnect failed: One or more errors occurred. (Unable to connect to the remote server)
[ObsWS:info] 14:55:25.531 Reconnecting to OBS WebSocket (30000ms backoff)…
[ObsWS:warn] 14:55:27.555 Reconnect failed: One or more errors occurred. (Unable to connect to the remote server)
[ObsWS:info] 14:55:57.557 Reconnecting to OBS WebSocket (30000ms backoff)…
[ObsWS:warn] 14:55:59.580 Reconnect failed: One or more errors occurred. (Unable to connect to the remote server)
[ObsWS:info] 14:56:29.586 Reconnecting to OBS WebSocket (30000ms backoff)…
[ObsWS:warn] 14:56:31.607 Reconnect failed: One or more errors occurred. (Unable to connect to the remote server)
[ObsWS:info] 14:57:01.622 Reconnecting to OBS WebSocket (30000ms backoff)…
[ObsWS:warn] 14:57:03.649 Reconnect failed: One or more errors occurred. (Unable to connect to the remote server)
[ObsWS:info] 14:57:33.658 Reconnecting to OBS WebSocket (30000ms backoff)…
[ObsWS:warn] 14:57:35.678 Reconnect failed: One or more errors occurred. (Unable to connect to the remote server)
[ObsWS:info] 14:58:05.681 Reconnecting to OBS WebSocket (30000ms backoff)…
[ObsWS:warn] 14:58:07.705 Reconnect failed: One or more errors occurred. (Unable to connect to the remote server)
[ObsWS:info] 14:58:37.711 Reconnecting to OBS WebSocket (30000ms backoff)…
[ObsWS:warn] 14:58:39.740 Reconnect failed: One or more errors occurred. (Unable to connect to the remote server)
[ObsWS:info] 14:59:09.747 Reconnecting to OBS WebSocket (30000ms backoff)…
[ObsWS:warn] 14:59:11.775 Reconnect failed: One or more errors occurred. (Unable to connect to the remote server)
[ObsWS:info] 14:59:41.779 Reconnecting to OBS WebSocket (30000ms backoff)…
[ObsWS:warn] 14:59:43.801 Reconnect failed: One or more errors occurred. (Unable to connect to the remote server)
[ObsWS:info] 15:00:13.815 Reconnecting to OBS WebSocket (30000ms backoff)…
[ObsWS:warn] 15:00:15.838 Reconnect failed: One or more errors occurred. (Unable to connect to the remote server)
[ObsWS:info] 15:00:45.841 Reconnecting to OBS WebSocket (30000ms backoff)…
[ObsWS:warn] 15:00:47.868 Reconnect failed: One or more errors occurred. (Unable to connect to the remote server)
[ObsWS:info] 15:01:17.870 Reconnecting to OBS WebSocket (30000ms backoff)…
[ObsWS:warn] 15:01:19.891 Reconnect failed: One or more errors occurred. (Unable to connect to the remote server)
[ObsWS:info] 15:01:49.893 Reconnecting to OBS WebSocket (30000ms backoff)…
[ObsWS:warn] 15:01:51.918 Reconnect failed: One or more errors occurred. (Unable to connect to the remote server)
[ObsWS:info] 15:02:21.928 Reconnecting to OBS WebSocket (30000ms backoff)…
[ObsWS:warn] 15:02:23.952 Reconnect failed: One or more errors occurred. (Unable to connect to the remote server)
[ObsWS:info] 15:02:53.957 Reconnecting to OBS WebSocket (30000ms backoff)…
[ObsWS:warn] 15:02:55.987 Reconnect failed: One or more errors occurred. (Unable to connect to the remote server)
[ObsWS:info] 15:03:26.002 Reconnecting to OBS WebSocket (30000ms backoff)…
[ObsWS:warn] 15:03:28.032 Reconnect failed: One or more errors occurred. (Unable to connect to the remote server)
[ObsWS:info] 15:03:58.039 Reconnecting to OBS WebSocket (30000ms backoff)…
[ObsWS:warn] 15:04:00.068 Reconnect failed: One or more errors occurred. (Unable to connect to the remote server)
[ObsWS:info] 15:04:30.074 Reconnecting to OBS WebSocket (30000ms backoff)…
[ObsWS:warn] 15:04:32.099 Reconnect failed: One or more errors occurred. (Unable to connect to the remote server)
[ObsWS:info] 15:05:02.110 Reconnecting to OBS WebSocket (30000ms backoff)…
[ObsWS:warn] 15:05:04.134 Reconnect failed: One or more errors occurred. (Unable to connect to the remote server)
[ObsWS:info] 15:05:34.139 Reconnecting to OBS WebSocket (30000ms backoff)…
[ObsWS:warn] 15:05:36.163 Reconnect failed: One or more errors occurred. (Unable to connect to the remote server)
[ObsWS:info] 15:06:06.172 Reconnecting to OBS WebSocket (30000ms backoff)…
[ObsWS:warn] 15:06:08.201 Reconnect failed: One or more errors occurred. (Unable to connect to the remote server)
[ObsWS:info] 15:06:38.207 Reconnecting to OBS WebSocket (30000ms backoff)…
[ObsWS:warn] 15:06:40.227 Reconnect failed: One or more errors occurred. (Unable to connect to the remote server)
[ObsWS:info] 15:07:10.243 Reconnecting to OBS WebSocket (30000ms backoff)…
[ObsWS:warn] 15:07:12.271 Reconnect failed: One or more errors occurred. (Unable to connect to the remote server)
[ObsWS:info] 15:07:42.276 Reconnecting to OBS WebSocket (30000ms backoff)…
[ObsWS:warn] 15:07:44.298 Reconnect failed: One or more errors occurred. (Unable to connect to the remote server)
[ObsWS:info] 15:08:14.305 Reconnecting to OBS WebSocket (30000ms backoff)…
[ObsWS:warn] 15:08:16.334 Reconnect failed: One or more errors occurred. (Unable to connect to the remote server)
[ObsWS:info] 15:08:46.339 Reconnecting to OBS WebSocket (30000ms backoff)…
[ObsWS:warn] 15:08:48.371 Reconnect failed: One or more errors occurred. (Unable to connect to the remote server)
[ObsWS:info] 15:09:18.382 Reconnecting to OBS WebSocket (30000ms backoff)…
[ObsWS:warn] 15:09:20.406 Reconnect failed: One or more errors occurred. (Unable to connect to the remote server)
[ObsWS:info] 15:09:50.415 Reconnecting to OBS WebSocket (30000ms backoff)…
[ObsWS:warn] 15:09:52.439 Reconnect failed: One or more errors occurred. (Unable to connect to the remote server)
[ObsWS:info] 15:10:22.449 Reconnecting to OBS WebSocket (30000ms backoff)…
[ObsWS:warn] 15:10:24.472 Reconnect failed: One or more errors occurred. (Unable to connect to the remote server)
[ObsWS:info] 15:10:54.479 Reconnecting to OBS WebSocket (30000ms backoff)…
[ObsWS:warn] 15:10:56.507 Reconnect failed: One or more errors occurred. (Unable to connect to the remote server)
[ObsWS:info] 15:11:26.516 Reconnecting to OBS WebSocket (30000ms backoff)…
[ObsWS:warn] 15:11:28.539 Reconnect failed: One or more errors occurred. (Unable to connect to the remote server)
[ObsWS:info] 15:11:58.542 Reconnecting to OBS WebSocket (30000ms backoff)…
[ObsWS:warn] 15:12:00.559 Reconnect failed: One or more errors occurred. (Unable to connect to the remote server)
[ObsWS:info] 15:12:30.572 Reconnecting to OBS WebSocket (30000ms backoff)…
[ObsWS:warn] 15:12:32.599 Reconnect failed: One or more errors occurred. (Unable to connect to the remote server)
[ObsWS:info] 15:13:02.603 Reconnecting to OBS WebSocket (30000ms backoff)…
[ObsWS:warn] 15:13:04.631 Reconnect failed: One or more errors occurred. (Unable to connect to the remote server)
[ObsWS:info] 15:13:34.640 Reconnecting to OBS WebSocket (30000ms backoff)…
[ObsWS:warn] 15:13:36.662 Reconnect failed: One or more errors occurred. (Unable to connect to the remote server)
[ObsWS:info] 15:14:06.671 Reconnecting to OBS WebSocket (30000ms backoff)…
[ObsWS:warn] 15:14:08.700 Reconnect failed: One or more errors occurred. (Unable to connect to the remote server)
[ObsWS:info] 15:14:38.702 Reconnecting to OBS WebSocket (30000ms backoff)…
[ObsWS:warn] 15:14:40.720 Reconnect failed: One or more errors occurred. (Unable to connect to the remote server)
[ObsWS:info] 15:15:10.720 Reconnecting to OBS WebSocket (30000ms backoff)…
[ObsWS:warn] 15:15:12.739 Reconnect failed: One or more errors occurred. (Unable to connect to the remote server)
[ObsWS:info] 15:15:42.753 Reconnecting to OBS WebSocket (30000ms backoff)…
[ObsWS:warn] 15:15:44.778 Reconnect failed: One or more errors occurred. (Unable to connect to the remote server)
[ObsWS:info] 15:16:14.790 Reconnecting to OBS WebSocket (30000ms backoff)…
[ObsWS:warn] 15:16:16.813 Reconnect failed: One or more errors occurred. (Unable to connect to the remote server)
[ObsWS:info] 15:16:46.824 Reconnecting to OBS WebSocket (30000ms backoff)…
[ObsWS:warn] 15:16:48.845 Reconnect failed: One or more errors occurred. (Unable to connect to the remote server)
[ObsWS:info] 15:17:18.847 Reconnecting to OBS WebSocket (30000ms backoff)…
[ObsWS:warn] 15:17:20.875 Reconnect failed: One or more errors occurred. (Unable to connect to the remote server)
[ObsWS:info] 15:17:50.883 Reconnecting to OBS WebSocket (30000ms backoff)…
[ObsWS:warn] 15:17:52.908 Reconnect failed: One or more errors occurred. (Unable to connect to the remote server)
[ObsWS:info] 15:18:22.915 Reconnecting to OBS WebSocket (30000ms backoff)…
[ObsWS:warn] 15:18:24.943 Reconnect failed: One or more errors occurred. (Unable to connect to the remote server)
[ObsWS:info] 15:18:54.948 Reconnecting to OBS WebSocket (30000ms backoff)…
[ObsWS:warn] 15:18:56.975 Reconnect failed: One or more errors occurred. (Unable to connect to the remote server)
[ObsWS:info] 15:19:26.986 Reconnecting to OBS WebSocket (30000ms backoff)…
[ObsWS:warn] 15:19:29.001 Reconnect failed: One or more errors occurred. (Unable to connect to the remote server)
[ObsWS:info] 15:19:59.013 Reconnecting to OBS WebSocket (30000ms backoff)…
[ObsWS:warn] 15:20:01.041 Reconnect failed: One or more errors occurred. (Unable to connect to the remote server)
[ObsWS:info] 15:20:31.053 Reconnecting to OBS WebSocket (30000ms backoff)…
[ObsWS:warn] 15:20:33.074 Reconnect failed: One or more errors occurred. (Unable to connect to the remote server)
[ObsWS:info] 15:21:03.082 Reconnecting to OBS WebSocket (30000ms backoff)…
[ObsWS:warn] 15:21:05.110 Reconnect failed: One or more errors occurred. (Unable to connect to the remote server)
[ObsWS:info] 15:21:35.117 Reconnecting to OBS WebSocket (30000ms backoff)…
[ObsWS:warn] 15:21:37.152 Reconnect failed: One or more errors occurred. (Unable to connect to the remote server)
[ObsWS:info] 15:22:07.163 Reconnecting to OBS WebSocket (30000ms backoff)…
[ObsWS:warn] 15:22:09.192 Reconnect failed: One or more errors occurred. (Unable to connect to the remote server)
[ObsWS:info] 15:22:39.197 Reconnecting to OBS WebSocket (30000ms backoff)…
[ObsWS:warn] 15:22:41.217 Reconnect failed: One or more errors occurred. (Unable to connect to the remote server)
[ObsWS:info] 15:23:11.229 Reconnecting to OBS WebSocket (30000ms backoff)…
[ObsWS:warn] 15:23:13.251 Reconnect failed: One or more errors occurred. (Unable to connect to the remote server)
[ObsWS:info] 15:23:43.265 Reconnecting to OBS WebSocket (30000ms backoff)…
[ObsWS:warn] 15:23:45.290 Reconnect failed: One or more errors occurred. (Unable to connect to the remote server)
[ObsWS:info] 15:24:15.294 Reconnecting to OBS WebSocket (30000ms backoff)…
[ObsWS:warn] 15:24:17.319 Reconnect failed: One or more errors occurred. (Unable to connect to the remote server)
[ObsWS:info] 15:24:47.323 Reconnecting to OBS WebSocket (30000ms backoff)…
[ObsWS:warn] 15:24:49.344 Reconnect failed: One or more errors occurred. (Unable to connect to the remote server)
[ObsWS:info] 15:25:19.353 Reconnecting to OBS WebSocket (30000ms backoff)…
[ObsWS:warn] 15:25:21.377 Reconnect failed: One or more errors occurred. (Unable to connect to the remote server)
[ObsWS:info] 15:25:51.385 Reconnecting to OBS WebSocket (30000ms backoff)…
[ObsWS:warn] 15:25:53.412 Reconnect failed: One or more errors occurred. (Unable to connect to the remote server)
[ObsWS:info] 15:26:23.421 Reconnecting to OBS WebSocket (30000ms backoff)…
[ObsWS:warn] 15:26:25.452 Reconnect failed: One or more errors occurred. (Unable to connect to the remote server)
[ObsWS:info] 15:26:55.460 Reconnecting to OBS WebSocket (30000ms backoff)…
[ObsWS:warn] 15:26:57.492 Reconnect failed: One or more errors occurred. (Unable to connect to the remote server)
[ObsWS:info] 15:27:27.494 Reconnecting to OBS WebSocket (30000ms backoff)…
[ObsWS:warn] 15:27:29.519 Reconnect failed: One or more errors occurred. (Unable to connect to the remote server)
[ObsWS:info] 15:27:59.532 Reconnecting to OBS WebSocket (30000ms backoff)…
[ObsWS:warn] 15:28:01.559 Reconnect failed: One or more errors occurred. (Unable to connect to the remote server)
[ObsWS:info] 15:28:31.570 Reconnecting to OBS WebSocket (30000ms backoff)…
[ObsWS:warn] 15:28:33.596 Reconnect failed: One or more errors occurred. (Unable to connect to the remote server)
[ObsWS:info] 15:29:03.609 Reconnecting to OBS WebSocket (30000ms backoff)…
[ObsWS:warn] 15:29:05.631 Reconnect failed: One or more errors occurred. (Unable to connect to the remote server)
[ObsWS:info] 15:29:35.639 Reconnecting to OBS WebSocket (30000ms backoff)…
[ObsWS:warn] 15:29:37.662 Reconnect failed: One or more errors occurred. (Unable to connect to the remote server)
[ObsWS:info] 15:30:07.674 Reconnecting to OBS WebSocket (30000ms backoff)…
[ObsWS:warn] 15:30:09.698 Reconnect failed: One or more errors occurred. (Unable to connect to the remote server)
[ObsWS:info] 15:30:39.710 Reconnecting to OBS WebSocket (30000ms backoff)…
[ObsWS:warn] 15:30:41.734 Reconnect failed: One or more errors occurred. (Unable to connect to the remote server)
[ObsWS:info] 15:31:11.742 Reconnecting to OBS WebSocket (30000ms backoff)…
[ObsWS:warn] 15:31:13.760 Reconnect failed: One or more errors occurred. (Unable to connect to the remote server)
[ObsWS:info] 15:31:43.763 Reconnecting to OBS WebSocket (30000ms backoff)…
[ObsWS:warn] 15:31:45.789 Reconnect failed: One or more errors occurred. (Unable to connect to the remote server)
[ObsWS:info] 15:32:15.800 Reconnecting to OBS WebSocket (30000ms backoff)…
[ObsWS:warn] 15:32:17.826 Reconnect failed: One or more errors occurred. (Unable to connect to the remote server)
[ObsWS:info] 15:32:47.839 Reconnecting to OBS WebSocket (30000ms backoff)…
[ObsWS:warn] 15:32:49.866 Reconnect failed: One or more errors occurred. (Unable to connect to the remote server)
[ObsWS:info] 15:33:19.881 Reconnecting to OBS WebSocket (30000ms backoff)…
[ObsWS:warn] 15:33:21.902 Reconnect failed: One or more errors occurred. (Unable to connect to the remote server)
[ObsWS:info] 15:33:51.917 Reconnecting to OBS WebSocket (30000ms backoff)…
[ObsWS:warn] 15:33:53.945 Reconnect failed: One or more errors occurred. (Unable to connect to the remote server)
[ObsWS:info] 15:34:23.954 Reconnecting to OBS WebSocket (30000ms backoff)…
[ObsWS:warn] 15:34:25.974 Reconnect failed: One or more errors occurred. (Unable to connect to the remote server)
[ObsWS:info] 15:34:55.974 Reconnecting to OBS WebSocket (30000ms backoff)…
[ObsWS:warn] 15:34:57.997 Reconnect failed: One or more errors occurred. (Unable to connect to the remote server)
[ObsWS:info] 15:35:27.998 Reconnecting to OBS WebSocket (30000ms backoff)…
[ObsWS:warn] 15:35:30.026 Reconnect failed: One or more errors occurred. (Unable to connect to the remote server)
[ObsWS:info] 15:36:00.039 Reconnecting to OBS WebSocket (30000ms backoff)…
[ObsWS:warn] 15:36:02.059 Reconnect failed: One or more errors occurred. (Unable to connect to the remote server)
[ObsWS:info] 15:36:32.074 Reconnecting to OBS WebSocket (30000ms backoff)…
[ObsWS:warn] 15:36:34.099 Reconnect failed: One or more errors occurred. (Unable to connect to the remote server)
[ObsWS:info] 15:37:04.107 Reconnecting to OBS WebSocket (30000ms backoff)…
[ObsWS:warn] 15:37:06.133 Reconnect failed: One or more errors occurred. (Unable to connect to the remote server)
[ObsWS:info] 15:37:36.141 Reconnecting to OBS WebSocket (30000ms backoff)…
[ObsWS:warn] 15:37:38.163 Reconnect failed: One or more errors occurred. (Unable to connect to the remote server)
[ObsWS:info] 15:38:08.171 Reconnecting to OBS WebSocket (30000ms backoff)…
[ObsWS:warn] 15:38:10.195 Reconnect failed: One or more errors occurred. (Unable to connect to the remote server)
[ObsWS:info] 15:38:40.210 Reconnecting to OBS WebSocket (30000ms backoff)…
[ObsWS:warn] 15:38:42.241 Reconnect failed: One or more errors occurred. (Unable to connect to the remote server)
[ObsWS:info] 15:39:12.255 Reconnecting to OBS WebSocket (30000ms backoff)…
[ObsWS:warn] 15:39:14.282 Reconnect failed: One or more errors occurred. (Unable to connect to the remote server)
[ObsWS:info] 15:39:44.295 Reconnecting to OBS WebSocket (30000ms backoff)…
[ObsWS:warn] 15:39:46.321 Reconnect failed: One or more errors occurred. (Unable to connect to the remote server)
[ObsWS:info] 15:40:16.328 Reconnecting to OBS WebSocket (30000ms backoff)…
[ObsWS:warn] 15:40:18.359 Reconnect failed: One or more errors occurred. (Unable to connect to the remote server)
[ObsWS:info] 15:40:48.368 Reconnecting to OBS WebSocket (30000ms backoff)…
[ObsWS:warn] 15:40:50.385 Reconnect failed: One or more errors occurred. (Unable to connect to the remote server)
[ObsWS:info] 15:41:20.395 Reconnecting to OBS WebSocket (30000ms backoff)…
[ObsWS:warn] 15:41:22.422 Reconnect failed: One or more errors occurred. (Unable to connect to the remote server)
[ObsWS:info] 15:41:52.432 Reconnecting to OBS WebSocket (30000ms backoff)…
[ObsWS:warn] 15:41:54.461 Reconnect failed: One or more errors occurred. (Unable to connect to the remote server)
[ObsWS:info] 15:42:24.474 Reconnecting to OBS WebSocket (30000ms backoff)…
[ObsWS:warn] 15:42:26.496 Reconnect failed: One or more errors occurred. (Unable to connect to the remote server)
[ObsWS:info] 15:42:56.502 Reconnecting to OBS WebSocket (30000ms backoff)…
[ObsWS:warn] 15:42:58.521 Reconnect failed: One or more errors occurred. (Unable to connect to the remote server)
[ObsWS:info] 15:43:28.536 Reconnecting to OBS WebSocket (30000ms backoff)…
[ObsWS:warn] 15:43:30.568 Reconnect failed: One or more errors occurred. (Unable to connect to the remote server)
[ObsWS:info] 15:44:00.570 Reconnecting to OBS WebSocket (30000ms backoff)…
[ObsWS:warn] 15:44:02.594 Reconnect failed: One or more errors occurred. (Unable to connect to the remote server)
[ObsWS:info] 15:44:32.597 Reconnecting to OBS WebSocket (30000ms backoff)…
[ObsWS:warn] 15:44:34.620 Reconnect failed: One or more errors occurred. (Unable to connect to the remote server)
[ObsWS:info] 15:45:04.632 Reconnecting to OBS WebSocket (30000ms backoff)…
[ObsWS:warn] 15:45:06.660 Reconnect failed: One or more errors occurred. (Unable to connect to the remote server)
[ObsWS:info] 15:45:36.670 Reconnecting to OBS WebSocket (30000ms backoff)…
[ObsWS:warn] 15:45:38.690 Reconnect failed: One or more errors occurred. (Unable to connect to the remote server)
[ObsWS:info] 15:46:08.691 Reconnecting to OBS WebSocket (30000ms backoff)…
[ObsWS:warn] 15:46:10.720 Reconnect failed: One or more errors occurred. (Unable to connect to the remote server)
[ObsWS:info] 15:46:40.721 Reconnecting to OBS WebSocket (30000ms backoff)…
[ObsWS:warn] 15:46:42.745 Reconnect failed: One or more errors occurred. (Unable to connect to the remote server)
[ObsWS:info] 15:47:12.750 Reconnecting to OBS WebSocket (30000ms backoff)…
[ObsWS:warn] 15:47:14.775 Reconnect failed: One or more errors occurred. (Unable to connect to the remote server)
[ObsWS:info] 15:47:44.786 Reconnecting to OBS WebSocket (30000ms backoff)…
[ObsWS:warn] 15:47:46.813 Reconnect failed: One or more errors occurred. (Unable to connect to the remote server)
[ObsWS:info] 15:48:16.828 Reconnecting to OBS WebSocket (30000ms backoff)…
[ObsWS:warn] 15:48:18.865 Reconnect failed: One or more errors occurred. (Unable to connect to the remote server)
[ObsWS:info] 15:48:48.878 Reconnecting to OBS WebSocket (30000ms backoff)…
[ObsWS:warn] 15:48:50.902 Reconnect failed: One or more errors occurred. (Unable to connect to the remote server)
[ObsWS:info] 15:49:20.905 Reconnecting to OBS WebSocket (30000ms backoff)…
[ObsWS:warn] 15:49:22.933 Reconnect failed: One or more errors occurred. (Unable to connect to the remote server)
[ObsWS:info] 15:49:52.938 Reconnecting to OBS WebSocket (30000ms backoff)…
[ObsWS:warn] 15:49:54.965 Reconnect failed: One or more errors occurred. (Unable to connect to the remote server)
[ObsWS:info] 15:50:24.970 Reconnecting to OBS WebSocket (30000ms backoff)…
[ObsWS:warn] 15:50:26.983 Reconnect failed: One or more errors occurred. (Unable to connect to the remote server)
[ObsWS:info] 15:50:56.990 Reconnecting to OBS WebSocket (30000ms backoff)…
[ObsWS:warn] 15:50:59.013 Reconnect failed: One or more errors occurred. (Unable to connect to the remote server)
[ObsWS:info] 15:51:29.023 Reconnecting to OBS WebSocket (30000ms backoff)…
[ObsWS:warn] 15:51:31.051 Reconnect failed: One or more errors occurred. (Unable to connect to the remote server)
[ObsWS:info] 15:52:01.062 Reconnecting to OBS WebSocket (30000ms backoff)…
[ObsWS:warn] 15:52:03.104 Reconnect failed: One or more errors occurred. (Unable to connect to the remote server)
[ObsWS:info] 15:52:33.117 Reconnecting to OBS WebSocket (30000ms backoff)…
[ObsWS:warn] 15:52:35.140 Reconnect failed: One or more errors occurred. (Unable to connect to the remote server)
[ObsWS:info] 15:53:05.153 Reconnecting to OBS WebSocket (30000ms backoff)…
[ObsWS:warn] 15:53:07.178 Reconnect failed: One or more errors occurred. (Unable to connect to the remote server)
[ObsWS:info] 15:53:37.192 Reconnecting to OBS WebSocket (30000ms backoff)…
[ObsWS:warn] 15:53:39.209 Reconnect failed: One or more errors occurred. (Unable to connect to the remote server)
[ObsWS:info] 15:54:09.224 Reconnecting to OBS WebSocket (30000ms backoff)…
[ObsWS:warn] 15:54:11.256 Reconnect failed: One or more errors occurred. (Unable to connect to the remote server)
[ObsWS:info] 15:54:41.265 Reconnecting to OBS WebSocket (30000ms backoff)…
[ObsWS:warn] 15:54:43.301 Reconnect failed: One or more errors occurred. (Unable to connect to the remote server)
[ObsWS:info] 15:55:13.304 Reconnecting to OBS WebSocket (30000ms backoff)…
[ObsWS:warn] 15:55:15.334 Reconnect failed: One or more errors occurred. (Unable to connect to the remote server)
[ObsWS:info] 15:55:45.335 Reconnecting to OBS WebSocket (30000ms backoff)…
[ObsWS:warn] 15:55:47.353 Reconnect failed: One or more errors occurred. (Unable to connect to the remote server)
[ObsWS:info] 15:56:17.365 Reconnecting to OBS WebSocket (30000ms backoff)…
[ObsWS:warn] 15:56:19.393 Reconnect failed: One or more errors occurred. (Unable to connect to the remote server)
[ObsWS:info] 15:56:49.404 Reconnecting to OBS WebSocket (30000ms backoff)…
[ObsWS:warn] 15:56:51.466 Reconnect failed: One or more errors occurred. (Unable to connect to the remote server)
[ObsWS:info] 15:57:21.476 Reconnecting to OBS WebSocket (30000ms backoff)…
[ObsWS:warn] 15:57:23.497 Reconnect failed: One or more errors occurred. (Unable to connect to the remote server)
[ObsWS:info] 15:57:53.511 Reconnecting to OBS WebSocket (30000ms backoff)…
[ObsWS:warn] 15:57:55.534 Reconnect failed: One or more errors occurred. (Unable to connect to the remote server)
[ObsWS:info] 15:58:25.548 Reconnecting to OBS WebSocket (30000ms backoff)…
[ObsWS:warn] 15:58:27.569 Reconnect failed: One or more errors occurred. (Unable to connect to the remote server)
[ObsWS:info] 15:58:57.578 Reconnecting to OBS WebSocket (30000ms backoff)…
[ObsWS:warn] 15:58:59.613 Reconnect failed: One or more errors occurred. (Unable to connect to the remote server)
[ObsWS:info] 15:59:29.629 Reconnecting to OBS WebSocket (30000ms backoff)…
[ObsWS:warn] 15:59:31.649 Reconnect failed: One or more errors occurred. (Unable to connect to the remote server)
[ObsWS:info] 16:00:01.659 Reconnecting to OBS WebSocket (30000ms backoff)…
[ObsWS:warn] 16:00:03.684 Reconnect failed: One or more errors occurred. (Unable to connect to the remote server)
[ObsWS:info] 16:00:33.693 Reconnecting to OBS WebSocket (30000ms backoff)…
[ObsWS:warn] 16:00:35.715 Reconnect failed: One or more errors occurred. (Unable to connect to the remote server)
[ObsWS:info] 16:01:05.728 Reconnecting to OBS WebSocket (30000ms backoff)…
[ObsWS:warn] 16:01:07.749 Reconnect failed: One or more errors occurred. (Unable to connect to the remote server)
[ObsWS:info] 16:01:37.763 Reconnecting to OBS WebSocket (30000ms backoff)…
[ObsWS:warn] 16:01:39.786 Reconnect failed: One or more errors occurred. (Unable to connect to the remote server)
[ObsWS:info] 16:02:09.800 Reconnecting to OBS WebSocket (30000ms backoff)…
[ObsWS:warn] 16:02:11.823 Reconnect failed: One or more errors occurred. (Unable to connect to the remote server)
[ObsWS:info] 16:02:41.833 Reconnecting to OBS WebSocket (30000ms backoff)…
[ObsWS:warn] 16:02:43.857 Reconnect failed: One or more errors occurred. (Unable to connect to the remote server)
[ObsWS:info] 16:03:13.860 Reconnecting to OBS WebSocket (30000ms backoff)…
[ObsWS:warn] 16:03:15.881 Reconnect failed: One or more errors occurred. (Unable to connect to the remote server)
[ObsWS:info] 16:03:45.886 Reconnecting to OBS WebSocket (30000ms backoff)…
[ObsWS:warn] 16:03:47.909 Reconnect failed: One or more errors occurred. (Unable to connect to the remote server)
[ObsWS:info] 16:04:17.920 Reconnecting to OBS WebSocket (30000ms backoff)…
[ObsWS:warn] 16:04:19.943 Reconnect failed: One or more errors occurred. (Unable to connect to the remote server)
[ObsWS:info] 16:04:49.956 Reconnecting to OBS WebSocket (30000ms backoff)…
[ObsWS:warn] 16:04:51.980 Reconnect failed: One or more errors occurred. (Unable to connect to the remote server)
[ObsWS:info] 16:05:21.991 Reconnecting to OBS WebSocket (30000ms backoff)…
[ObsWS:warn] 16:05:24.018 Reconnect failed: One or more errors occurred. (Unable to connect to the remote server)
[ObsWS:info] 16:05:54.020 Reconnecting to OBS WebSocket (30000ms backoff)…
[ObsWS:warn] 16:05:56.044 Reconnect failed: One or more errors occurred. (Unable to connect to the remote server)
[ObsWS:info] 16:06:26.047 Reconnecting to OBS WebSocket (30000ms backoff)…
[ObsWS:warn] 16:06:28.073 Reconnect failed: One or more errors occurred. (Unable to connect to the remote server)
[ObsWS:info] 16:06:58.085 Reconnecting to OBS WebSocket (30000ms backoff)…
[ObsWS:warn] 16:07:00.112 Reconnect failed: One or more errors occurred. (Unable to connect to the remote server)
[ObsWS:info] 16:07:30.125 Reconnecting to OBS WebSocket (30000ms backoff)…
[ObsWS:warn] 16:07:32.149 Reconnect failed: One or more errors occurred. (Unable to connect to the remote server)
[ObsWS:info] 16:08:02.165 Reconnecting to OBS WebSocket (30000ms backoff)…
[ObsWS:warn] 16:08:04.189 Reconnect failed: One or more errors occurred. (Unable to connect to the remote server)
[ObsWS:info] 16:08:34.193 Reconnecting to OBS WebSocket (30000ms backoff)…
[ObsWS:warn] 16:08:36.214 Reconnect failed: One or more errors occurred. (Unable to connect to the remote server)
[ObsWS:info] 16:09:06.227 Reconnecting to OBS WebSocket (30000ms backoff)…
[ObsWS:warn] 16:09:08.248 Reconnect failed: One or more errors occurred. (Unable to connect to the remote server)
[ObsWS:info] 16:09:38.252 Reconnecting to OBS WebSocket (30000ms backoff)…
[ObsWS:warn] 16:09:40.274 Reconnect failed: One or more errors occurred. (Unable to connect to the remote server)
[ObsWS:info] 16:10:10.281 Reconnecting to OBS WebSocket (30000ms backoff)…
[ObsWS:warn] 16:10:12.307 Reconnect failed: One or more errors occurred. (Unable to connect to the remote server)
[ObsWS:info] 16:10:42.321 Reconnecting to OBS WebSocket (30000ms backoff)…
[ObsWS:warn] 16:10:44.346 Reconnect failed: One or more errors occurred. (Unable to connect to the remote server)
[ObsWS:info] 16:11:14.355 Reconnecting to OBS WebSocket (30000ms backoff)…
[ObsWS:warn] 16:11:16.379 Reconnect failed: One or more errors occurred. (Unable to connect to the remote server)
[ObsWS:info] 16:11:46.388 Reconnecting to OBS WebSocket (30000ms backoff)…
[ObsWS:warn] 16:11:48.414 Reconnect failed: One or more errors occurred. (Unable to connect to the remote server)
[ObsWS:info] 16:12:18.429 Reconnecting to OBS WebSocket (30000ms backoff)…
[ObsWS:warn] 16:12:20.452 Reconnect failed: One or more errors occurred. (Unable to connect to the remote server)
[ObsWS:info] 16:12:50.467 Reconnecting to OBS WebSocket (30000ms backoff)…
[ObsWS:warn] 16:12:52.491 Reconnect failed: One or more errors occurred. (Unable to connect to the remote server)
[ObsWS:info] 16:13:22.506 Reconnecting to OBS WebSocket (30000ms backoff)…
[ObsWS:warn] 16:13:24.528 Reconnect failed: One or more errors occurred. (Unable to connect to the remote server)
[ObsWS:info] 16:13:54.529 Reconnecting to OBS WebSocket (30000ms backoff)…
[ObsWS:warn] 16:13:56.552 Reconnect failed: One or more errors occurred. (Unable to connect to the remote server)
[ObsWS:info] 16:14:26.554 Reconnecting to OBS WebSocket (30000ms backoff)…
[ObsWS:warn] 16:14:28.578 Reconnect failed: One or more errors occurred. (Unable to connect to the remote server)
[ObsWS:info] 16:14:58.588 Reconnecting to OBS WebSocket (30000ms backoff)…
[ObsWS:warn] 16:15:00.609 Reconnect failed: One or more errors occurred. (Unable to connect to the remote server)
[ObsWS:info] 16:15:30.621 Reconnecting to OBS WebSocket (30000ms backoff)…
[ObsWS:warn] 16:15:32.645 Reconnect failed: One or more errors occurred. (Unable to connect to the remote server)
[ObsWS:info] 16:16:02.645 Reconnecting to OBS WebSocket (30000ms backoff)…
[ObsWS:warn] 16:16:04.667 Reconnect failed: One or more errors occurred. (Unable to connect to the remote server)
[ObsWS:info] 16:16:37.384 Reconnecting to OBS WebSocket (30000ms backoff)…
[ObsWS:warn] 16:16:39.397 Reconnect failed: One or more errors occurred. (Unable to connect to the remote server)
[ObsWS:info] 16:17:09.403 Reconnecting to OBS WebSocket (30000ms backoff)…
[ObsWS:warn] 16:17:11.421 Reconnect failed: One or more errors occurred. (Unable to connect to the remote server)
[ObsWS:info] 16:17:41.427 Reconnecting to OBS WebSocket (30000ms backoff)…
[ObsWS:warn] 16:17:43.452 Reconnect failed: One or more errors occurred. (Unable to connect to the remote server)
[ObsWS:info] 16:18:13.452 Reconnecting to OBS WebSocket (30000ms backoff)…
[ObsWS:warn] 16:18:15.474 Reconnect failed: One or more errors occurred. (Unable to connect to the remote server)
[ObsWS:info] 16:18:45.476 Reconnecting to OBS WebSocket (30000ms backoff)…
[ObsWS:warn] 16:18:47.504 Reconnect failed: One or more errors occurred. (Unable to connect to the remote server)
[ObsWS:info] 16:19:17.517 Reconnecting to OBS WebSocket (30000ms backoff)…
[ObsWS:warn] 16:19:19.550 Reconnect failed: One or more errors occurred. (Unable to connect to the remote server)
[ObsWS:info] 16:19:49.556 Reconnecting to OBS WebSocket (30000ms backoff)…
[ObsWS:warn] 16:19:51.580 Reconnect failed: One or more errors occurred. (Unable to connect to the remote server)
[ObsWS:info] 16:20:21.587 Reconnecting to OBS WebSocket (30000ms backoff)…
[ObsWS:warn] 16:20:23.610 Reconnect failed: One or more errors occurred. (Unable to connect to the remote server)
[ObsWS:info] 16:20:53.625 Reconnecting to OBS WebSocket (30000ms backoff)…
[ObsWS:warn] 16:20:55.642 Reconnect failed: One or more errors occurred. (Unable to connect to the remote server)
[ObsWS:info] 16:21:25.646 Reconnecting to OBS WebSocket (30000ms backoff)…
[ObsWS:warn] 16:21:27.668 Reconnect failed: One or more errors occurred. (Unable to connect to the remote server)
[ObsWS:info] 16:21:57.673 Reconnecting to OBS WebSocket (30000ms backoff)…
[ObsWS:warn] 16:21:59.697 Reconnect failed: One or more errors occurred. (Unable to connect to the remote server)
[ObsWS:info] 16:22:29.712 Reconnecting to OBS WebSocket (30000ms backoff)…
[ObsWS:warn] 16:22:31.734 Reconnect failed: One or more errors occurred. (Unable to connect to the remote server)
[ObsWS:info] 16:23:01.739 Reconnecting to OBS WebSocket (30000ms backoff)…
[ObsWS:warn] 16:23:03.764 Reconnect failed: One or more errors occurred. (Unable to connect to the remote server)
[ObsWS:info] 16:23:33.774 Reconnecting to OBS WebSocket (30000ms backoff)…
[ObsWS:warn] 16:23:35.795 Reconnect failed: One or more errors occurred. (Unable to connect to the remote server)
[ObsWS:info] 16:24:05.806 Reconnecting to OBS WebSocket (30000ms backoff)…
[ObsWS:warn] 16:24:07.826 Reconnect failed: One or more errors occurred. (Unable to connect to the remote server)
[ObsWS:info] 16:24:37.832 Reconnecting to OBS WebSocket (30000ms backoff)…
[ObsWS:warn] 16:24:39.853 Reconnect failed: One or more errors occurred. (Unable to connect to the remote server)
[ObsWS:info] 16:25:09.864 Reconnecting to OBS WebSocket (30000ms backoff)…
[ObsWS:warn] 16:25:11.883 Reconnect failed: One or more errors occurred. (Unable to connect to the remote server)
[ObsWS:info] 16:25:41.890 Reconnecting to OBS WebSocket (30000ms backoff)…
[ObsWS:warn] 16:25:43.913 Reconnect failed: One or more errors occurred. (Unable to connect to the remote server)
[ObsWS:info] 16:26:13.914 Reconnecting to OBS WebSocket (30000ms backoff)…
[ObsWS:warn] 16:26:15.938 Reconnect failed: One or more errors occurred. (Unable to connect to the remote server)
[ObsWS:info] 16:26:45.946 Reconnecting to OBS WebSocket (30000ms backoff)…
[ObsWS:warn] 16:26:47.966 Reconnect failed: One or more errors occurred. (Unable to connect to the remote server)
[ObsWS:info] 16:27:17.974 Reconnecting to OBS WebSocket (30000ms backoff)…
[ObsWS:warn] 16:27:20.007 Reconnect failed: One or more errors occurred. (Unable to connect to the remote server)
[ObsWS:info] 16:27:50.012 Reconnecting to OBS WebSocket (30000ms backoff)…
[ObsWS:warn] 16:27:52.028 Reconnect failed: One or more errors occurred. (Unable to connect to the remote server)
[ObsWS:info] 16:28:22.039 Reconnecting to OBS WebSocket (30000ms backoff)…
[ObsWS:warn] 16:28:24.055 Reconnect failed: One or more errors occurred. (Unable to connect to the remote server)
[ObsWS:info] 16:28:54.064 Reconnecting to OBS WebSocket (30000ms backoff)…
[ObsWS:warn] 16:28:56.086 Reconnect failed: One or more errors occurred. (Unable to connect to the remote server)
[ObsWS:info] 16:29:26.100 Reconnecting to OBS WebSocket (30000ms backoff)…
[ObsWS:warn] 16:29:28.121 Reconnect failed: One or more errors occurred. (Unable to connect to the remote server)
[ObsWS:info] 16:29:58.129 Reconnecting to OBS WebSocket (30000ms backoff)…
[ObsWS:warn] 16:30:00.160 Reconnect failed: One or more errors occurred. (Unable to connect to the remote server)
[ObsWS:info] 16:30:30.174 Reconnecting to OBS WebSocket (30000ms backoff)…
[ObsWS:warn] 16:30:32.193 Reconnect failed: One or more errors occurred. (Unable to connect to the remote server)
[ObsWS:info] 16:31:02.196 Reconnecting to OBS WebSocket (30000ms backoff)…
[ObsWS:warn] 16:31:04.214 Reconnect failed: One or more errors occurred. (Unable to connect to the remote server)
[ObsWS:info] 16:31:34.228 Reconnecting to OBS WebSocket (30000ms backoff)…
[ObsWS:warn] 16:31:36.253 Reconnect failed: One or more errors occurred. (Unable to connect to the remote server)
[ObsWS:info] 16:32:06.256 Reconnecting to OBS WebSocket (30000ms backoff)…
[ObsWS:warn] 16:32:08.278 Reconnect failed: One or more errors occurred. (Unable to connect to the remote server)
[ObsWS:info] 16:32:38.288 Reconnecting to OBS WebSocket (30000ms backoff)…
[ObsWS:warn] 16:32:40.307 Reconnect failed: One or more errors occurred. (Unable to connect to the remote server)
[ObsWS:info] 16:33:10.309 Reconnecting to OBS WebSocket (30000ms backoff)…
[ObsWS:warn] 16:33:12.327 Reconnect failed: One or more errors occurred. (Unable to connect to the remote server)
[ObsWS:info] 16:33:42.332 Reconnecting to OBS WebSocket (30000ms backoff)…
[ObsWS:warn] 16:33:44.348 Reconnect failed: One or more errors occurred. (Unable to connect to the remote server)
[ObsWS:info] 16:34:14.354 Reconnecting to OBS WebSocket (30000ms backoff)…
[ObsWS:warn] 16:34:16.379 Reconnect failed: One or more errors occurred. (Unable to connect to the remote server)
[ObsWS:info] 16:34:46.395 Reconnecting to OBS WebSocket (30000ms backoff)…
[ObsWS:warn] 16:34:48.410 Reconnect failed: One or more errors occurred. (Unable to connect to the remote server)
[ObsWS:info] 16:35:18.417 Reconnecting to OBS WebSocket (30000ms backoff)…
[ObsWS:warn] 16:35:20.429 Reconnect failed: One or more errors occurred. (Unable to connect to the remote server)
[ObsWS:info] 16:35:50.434 Reconnecting to OBS WebSocket (30000ms backoff)…
[ObsWS:warn] 16:35:52.455 Reconnect failed: One or more errors occurred. (Unable to connect to the remote server)
[ObsWS:info] 16:36:22.458 Reconnecting to OBS WebSocket (30000ms backoff)…
[ObsWS:warn] 16:36:24.476 Reconnect failed: One or more errors occurred. (Unable to connect to the remote server)
[ObsWS:info] 16:36:54.477 Reconnecting to OBS WebSocket (30000ms backoff)…
[ObsWS:warn] 16:36:56.502 Reconnect failed: One or more errors occurred. (Unable to connect to the remote server)
[ObsWS:info] 16:37:26.502 Reconnecting to OBS WebSocket (30000ms backoff)…
[ObsWS:warn] 16:37:28.518 Reconnect failed: One or more errors occurred. (Unable to connect to the remote server)
[ObsWS:info] 16:37:58.526 Reconnecting to OBS WebSocket (30000ms backoff)…
[ObsWS:warn] 16:38:00.551 Reconnect failed: One or more errors occurred. (Unable to connect to the remote server)
[ObsWS:info] 16:38:30.551 Reconnecting to OBS WebSocket (30000ms backoff)…
[ObsWS:warn] 16:38:32.575 Reconnect failed: One or more errors occurred. (Unable to connect to the remote server)
[ObsWS:info] 16:39:02.586 Reconnecting to OBS WebSocket (30000ms backoff)…
[ObsWS:warn] 16:39:04.612 Reconnect failed: One or more errors occurred. (Unable to connect to the remote server)
[ObsWS:info] 16:39:34.627 Reconnecting to OBS WebSocket (30000ms backoff)…
[ObsWS:warn] 16:39:36.641 Reconnect failed: One or more errors occurred. (Unable to connect to the remote server)
[ObsWS:info] 16:40:06.653 Reconnecting to OBS WebSocket (30000ms backoff)…
[ObsWS:warn] 16:40:08.683 Reconnect failed: One or more errors occurred. (Unable to connect to the remote server)
[ObsWS:info] 16:40:38.698 Reconnecting to OBS WebSocket (30000ms backoff)…
[ObsWS:warn] 16:40:40.715 Reconnect failed: One or more errors occurred. (Unable to connect to the remote server)
[ObsWS:info] 16:41:10.730 Reconnecting to OBS WebSocket (30000ms backoff)…
[ObsWS:warn] 16:41:12.755 Reconnect failed: One or more errors occurred. (Unable to connect to the remote server)
[ObsWS:info] 16:41:42.769 Reconnecting to OBS WebSocket (30000ms backoff)…
[ObsWS:warn] 16:41:44.800 Reconnect failed: One or more errors occurred. (Unable to connect to the remote server)
[ObsWS:info] 16:42:14.807 Reconnecting to OBS WebSocket (30000ms backoff)…
[ObsWS:warn] 16:42:16.829 Reconnect failed: One or more errors occurred. (Unable to connect to the remote server)
[ObsWS:info] 16:42:46.836 Reconnecting to OBS WebSocket (30000ms backoff)…
[ObsWS:warn] 16:42:48.856 Reconnect failed: One or more errors occurred. (Unable to connect to the remote server)
[ObsWS:info] 16:43:18.863 Reconnecting to OBS WebSocket (30000ms backoff)…
[ObsWS:warn] 16:43:20.886 Reconnect failed: One or more errors occurred. (Unable to connect to the remote server)
[ObsWS:info] 16:43:50.890 Reconnecting to OBS WebSocket (30000ms backoff)…
[ObsWS:warn] 16:43:52.914 Reconnect failed: One or more errors occurred. (Unable to connect to the remote server)
[ObsWS:info] 16:44:22.929 Reconnecting to OBS WebSocket (30000ms backoff)…
[ObsWS:warn] 16:44:24.953 Reconnect failed: One or more errors occurred. (Unable to connect to the remote server)
[ObsWS:info] 16:44:54.962 Reconnecting to OBS WebSocket (30000ms backoff)…
[ObsWS:warn] 16:44:56.988 Reconnect failed: One or more errors occurred. (Unable to connect to the remote server)
[ObsWS:info] 16:45:26.998 Reconnecting to OBS WebSocket (30000ms backoff)…
[ObsWS:warn] 16:45:29.021 Reconnect failed: One or more errors occurred. (Unable to connect to the remote server)
[ObsWS:info] 16:45:59.034 Reconnecting to OBS WebSocket (30000ms backoff)…
[ObsWS:warn] 16:46:01.062 Reconnect failed: One or more errors occurred. (Unable to connect to the remote server)
[ObsWS:info] 16:46:31.066 Reconnecting to OBS WebSocket (30000ms backoff)…
[ObsWS:warn] 16:46:33.091 Reconnect failed: One or more errors occurred. (Unable to connect to the remote server)
[ObsWS:info] 16:47:03.104 Reconnecting to OBS WebSocket (30000ms backoff)…
[ObsWS:warn] 16:47:05.124 Reconnect failed: One or more errors occurred. (Unable to connect to the remote server)
[ObsWS:info] 16:47:35.137 Reconnecting to OBS WebSocket (30000ms backoff)…
[ObsWS:warn] 16:47:37.165 Reconnect failed: One or more errors occurred. (Unable to connect to the remote server)
[ObsWS:info] 16:48:07.168 Reconnecting to OBS WebSocket (30000ms backoff)…
[ObsWS:warn] 16:48:09.193 Reconnect failed: One or more errors occurred. (Unable to connect to the remote server)
[ObsWS:info] 16:48:39.197 Reconnecting to OBS WebSocket (30000ms backoff)…
[ObsWS:warn] 16:48:41.224 Reconnect failed: One or more errors occurred. (Unable to connect to the remote server)
[ObsWS:info] 16:49:11.228 Reconnecting to OBS WebSocket (30000ms backoff)…
[ObsWS:warn] 16:49:13.248 Reconnect failed: One or more errors occurred. (Unable to connect to the remote server)
[ObsWS:info] 16:49:43.253 Reconnecting to OBS WebSocket (30000ms backoff)…
[ObsWS:warn] 16:49:45.281 Reconnect failed: One or more errors occurred. (Unable to connect to the remote server)
[ObsWS:info] 16:50:15.293 Reconnecting to OBS WebSocket (30000ms backoff)…
[ObsWS:warn] 16:50:17.321 Reconnect failed: One or more errors occurred. (Unable to connect to the remote server)
[ObsWS:info] 16:50:47.327 Reconnecting to OBS WebSocket (30000ms backoff)…
[ObsWS:warn] 16:50:49.352 Reconnect failed: One or more errors occurred. (Unable to connect to the remote server)
[ObsWS:info] 16:51:19.367 Reconnecting to OBS WebSocket (30000ms backoff)…
[ObsWS:warn] 16:51:21.391 Reconnect failed: One or more errors occurred. (Unable to connect to the remote server)
[ObsWS:info] 16:51:51.401 Reconnecting to OBS WebSocket (30000ms backoff)…
[ObsWS:warn] 16:51:53.425 Reconnect failed: One or more errors occurred. (Unable to connect to the remote server)
[ObsWS:info] 16:52:23.431 Reconnecting to OBS WebSocket (30000ms backoff)…
[ObsWS:warn] 16:52:25.447 Reconnect failed: One or more errors occurred. (Unable to connect to the remote server)
[ObsWS:info] 16:52:55.449 Reconnecting to OBS WebSocket (30000ms backoff)…
[ObsWS:warn] 16:52:57.473 Reconnect failed: One or more errors occurred. (Unable to connect to the remote server)
[ObsWS:info] 16:53:27.479 Reconnecting to OBS WebSocket (30000ms backoff)…
[ObsWS:warn] 16:53:29.513 Reconnect failed: One or more errors occurred. (Unable to connect to the remote server)
[ObsWS:info] 16:53:59.517 Reconnecting to OBS WebSocket (30000ms backoff)…
[ObsWS:warn] 16:54:01.539 Reconnect failed: One or more errors occurred. (Unable to connect to the remote server)
[ObsWS:info] 16:54:31.551 Reconnecting to OBS WebSocket (30000ms backoff)…
[ObsWS:warn] 16:54:33.568 Reconnect failed: One or more errors occurred. (Unable to connect to the remote server)
[ObsWS:info] 16:55:03.571 Reconnecting to OBS WebSocket (30000ms backoff)…
[ObsWS:warn] 16:55:05.587 Reconnect failed: One or more errors occurred. (Unable to connect to the remote server)
[ObsWS:info] 16:55:35.592 Reconnecting to OBS WebSocket (30000ms backoff)…
[ObsWS:warn] 16:55:37.614 Reconnect failed: One or more errors occurred. (Unable to connect to the remote server)
[ObsWS:info] 16:56:07.626 Reconnecting to OBS WebSocket (30000ms backoff)…
[ObsWS:warn] 16:56:09.680 Reconnect failed: One or more errors occurred. (Unable to connect to the remote server)
[ObsWS:info] 16:56:39.695 Reconnecting to OBS WebSocket (30000ms backoff)…
[ObsWS:warn] 16:56:41.743 Reconnect failed: One or more errors occurred. (Unable to connect to the remote server)
[ObsWS:info] 16:57:11.754 Reconnecting to OBS WebSocket (30000ms backoff)…
[ObsWS:warn] 16:57:13.812 Reconnect failed: One or more errors occurred. (Unable to connect to the remote server)
[ObsWS:info] 16:57:43.815 Reconnecting to OBS WebSocket (30000ms backoff)…
[ObsWS:warn] 16:57:45.862 Reconnect failed: One or more errors occurred. (Unable to connect to the remote server)
[ObsWS:info] 16:58:15.878 Reconnecting to OBS WebSocket (30000ms backoff)…
[ObsWS:warn] 16:58:17.911 Reconnect failed: One or more errors occurred. (Unable to connect to the remote server)
[ObsWS:info] 16:58:47.917 Reconnecting to OBS WebSocket (30000ms backoff)…
[ObsWS:warn] 16:58:49.949 Reconnect failed: One or more errors occurred. (Unable to connect to the remote server)
[ObsWS:info] 16:59:19.958 Reconnecting to OBS WebSocket (30000ms backoff)…
[ObsWS:warn] 16:59:21.989 Reconnect failed: One or more errors occurred. (Unable to connect to the remote server)
[ObsWS:info] 16:59:52.001 Reconnecting to OBS WebSocket (30000ms backoff)…
[ObsWS:warn] 16:59:54.049 Reconnect failed: One or more errors occurred. (Unable to connect to the remote server)
[ObsWS:info] 17:00:24.052 Reconnecting to OBS WebSocket (30000ms backoff)…
[ObsWS:warn] 17:00:26.095 Reconnect failed: One or more errors occurred. (Unable to connect to the remote server)
[ObsWS:info] 17:00:56.106 Reconnecting to OBS WebSocket (30000ms backoff)…
[ObsWS:warn] 17:00:58.154 Reconnect failed: One or more errors occurred. (Unable to connect to the remote server)
[ObsWS:info] 17:01:28.167 Reconnecting to OBS WebSocket (30000ms backoff)…
[ObsWS:warn] 17:01:30.225 Reconnect failed: One or more errors occurred. (Unable to connect to the remote server)
[ObsWS:info] 17:02:00.229 Reconnecting to OBS WebSocket (30000ms backoff)…
[ObsWS:warn] 17:02:02.277 Reconnect failed: One or more errors occurred. (Unable to connect to the remote server)
[ObsWS:info] 17:02:32.279 Reconnecting to OBS WebSocket (30000ms backoff)…
[ObsWS:warn] 17:02:34.322 Reconnect failed: One or more errors occurred. (Unable to connect to the remote server)
[ObsWS:info] 17:03:04.336 Reconnecting to OBS WebSocket (30000ms backoff)…
[ObsWS:warn] 17:03:06.380 Reconnect failed: One or more errors occurred. (Unable to connect to the remote server)
[ObsWS:info] 17:03:36.397 Reconnecting to OBS WebSocket (30000ms backoff)…
[ObsWS:warn] 17:03:38.444 Reconnect failed: One or more errors occurred. (Unable to connect to the remote server)
[ObsWS:info] 17:04:08.454 Reconnecting to OBS WebSocket (30000ms backoff)…
[ObsWS:warn] 17:04:10.501 Reconnect failed: One or more errors occurred. (Unable to connect to the remote server)
[ObsWS:info] 17:04:40.512 Reconnecting to OBS WebSocket (30000ms backoff)…
[ObsWS:warn] 17:04:42.531 Reconnect failed: One or more errors occurred. (Unable to connect to the remote server)
[ObsWS:info] 17:05:12.546 Reconnecting to OBS WebSocket (30000ms backoff)…
[ObsWS:warn] 17:05:14.596 Reconnect failed: One or more errors occurred. (Unable to connect to the remote server)
[ObsWS:info] 17:05:44.600 Reconnecting to OBS WebSocket (30000ms backoff)…
[ObsWS:warn] 17:05:46.622 Reconnect failed: One or more errors occurred. (Unable to connect to the remote server)
[ObsWS:info] 17:06:16.630 Reconnecting to OBS WebSocket (30000ms backoff)…
[ObsWS:warn] 17:06:18.654 Reconnect failed: One or more errors occurred. (Unable to connect to the remote server)
[ObsWS:info] 17:06:48.661 Reconnecting to OBS WebSocket (30000ms backoff)…
[ObsWS:warn] 17:06:50.707 Reconnect failed: One or more errors occurred. (Unable to connect to the remote server)
[ObsWS:info] 17:07:20.721 Reconnecting to OBS WebSocket (30000ms backoff)…
[ObsWS:warn] 17:07:22.770 Reconnect failed: One or more errors occurred. (Unable to connect to the remote server)
[ObsWS:info] 17:07:52.781 Reconnecting to OBS WebSocket (30000ms backoff)…
[ObsWS:warn] 17:07:54.822 Reconnect failed: One or more errors occurred. (Unable to connect to the remote server)
[ObsWS:info] 17:08:24.826 Reconnecting to OBS WebSocket (30000ms backoff)…
[ObsWS:warn] 17:08:26.889 Reconnect failed: One or more errors occurred. (Unable to connect to the remote server)
[ObsWS:info] 17:08:56.891 Reconnecting to OBS WebSocket (30000ms backoff)…
[ObsWS:warn] 17:08:58.921 Reconnect failed: One or more errors occurred. (Unable to connect to the remote server)
[ObsWS:info] 17:09:28.933 Reconnecting to OBS WebSocket (30000ms backoff)…
[ObsWS:warn] 17:09:30.963 Reconnect failed: One or more errors occurred. (Unable to connect to the remote server)
[ObsWS:info] 17:10:00.977 Reconnecting to OBS WebSocket (30000ms backoff)…
[ObsWS:warn] 17:10:02.998 Reconnect failed: One or more errors occurred. (Unable to connect to the remote server)
[ObsWS:info] 17:10:33.002 Reconnecting to OBS WebSocket (30000ms backoff)…
[ObsWS:warn] 17:10:35.041 Reconnect failed: One or more errors occurred. (Unable to connect to the remote server)
[ObsWS:info] 17:11:05.057 Reconnecting to OBS WebSocket (30000ms backoff)…
[ObsWS:warn] 17:11:07.110 Reconnect failed: One or more errors occurred. (Unable to connect to the remote server)
[ObsWS:info] 17:11:37.113 Reconnecting to OBS WebSocket (30000ms backoff)…
[ObsWS:warn] 17:11:39.140 Reconnect failed: One or more errors occurred. (Unable to connect to the remote server)
[ObsWS:info] 17:12:09.144 Reconnecting to OBS WebSocket (30000ms backoff)…
[ObsWS:warn] 17:12:11.169 Reconnect failed: One or more errors occurred. (Unable to connect to the remote server)
[ObsWS:info] 17:12:41.171 Reconnecting to OBS WebSocket (30000ms backoff)…
[ObsWS:warn] 17:12:43.202 Reconnect failed: One or more errors occurred. (Unable to connect to the remote server)
[ObsWS:info] 17:13:13.203 Reconnecting to OBS WebSocket (30000ms backoff)…
[ObsWS:warn] 17:13:15.246 Reconnect failed: One or more errors occurred. (Unable to connect to the remote server)
[ObsWS:info] 17:13:45.251 Reconnecting to OBS WebSocket (30000ms backoff)…
[ObsWS:warn] 17:13:47.286 Reconnect failed: One or more errors occurred. (Unable to connect to the remote server)
[ObsWS:info] 17:14:17.291 Reconnecting to OBS WebSocket (30000ms backoff)…
[ObsWS:warn] 17:14:19.309 Reconnect failed: One or more errors occurred. (Unable to connect to the remote server)
[ObsWS:info] 17:14:49.316 Reconnecting to OBS WebSocket (30000ms backoff)…
[ObsWS:warn] 17:14:51.359 Reconnect failed: One or more errors occurred. (Unable to connect to the remote server)
[ObsWS:info] 17:15:21.366 Reconnecting to OBS WebSocket (30000ms backoff)…
[ObsWS:warn] 17:15:23.398 Reconnect failed: One or more errors occurred. (Unable to connect to the remote server)
[ObsWS:info] 17:15:53.404 Reconnecting to OBS WebSocket (30000ms backoff)…
[ObsWS:warn] 17:15:55.443 Reconnect failed: One or more errors occurred. (Unable to connect to the remote server)
[ObsWS:info] 17:16:25.454 Reconnecting to OBS WebSocket (30000ms backoff)…
[ObsWS:warn] 17:16:27.469 Reconnect failed: One or more errors occurred. (Unable to connect to the remote server)
[ObsWS:info] 17:16:57.482 Reconnecting to OBS WebSocket (30000ms backoff)…
[ObsWS:warn] 17:16:59.512 Reconnect failed: One or more errors occurred. (Unable to connect to the remote server)
[ObsWS:info] 17:17:29.514 Reconnecting to OBS WebSocket (30000ms backoff)…
[ObsWS:warn] 17:17:31.553 Reconnect failed: One or more errors occurred. (Unable to connect to the remote server)
[ObsWS:info] 17:18:01.560 Reconnecting to OBS WebSocket (30000ms backoff)…
[ObsWS:warn] 17:18:03.590 Reconnect failed: One or more errors occurred. (Unable to connect to the remote server)
[ObsWS:info] 17:18:33.598 Reconnecting to OBS WebSocket (30000ms backoff)…
[ObsWS:warn] 17:18:35.648 Reconnect failed: One or more errors occurred. (Unable to connect to the remote server)
[ObsWS:info] 17:19:05.659 Reconnecting to OBS WebSocket (30000ms backoff)…
[ObsWS:warn] 17:19:07.712 Reconnect failed: One or more errors occurred. (Unable to connect to the remote server)
[ObsWS:info] 17:19:37.726 Reconnecting to OBS WebSocket (30000ms backoff)…
[ObsWS:warn] 17:19:39.768 Reconnect failed: One or more errors occurred. (Unable to connect to the remote server)
[ObsWS:info] 17:20:09.780 Reconnecting to OBS WebSocket (30000ms backoff)…
[ObsWS:warn] 17:20:11.839 Reconnect failed: One or more errors occurred. (Unable to connect to the remote server)
[ObsWS:info] 17:20:41.846 Reconnecting to OBS WebSocket (30000ms backoff)…
[ObsWS:warn] 17:20:43.899 Reconnect failed: One or more errors occurred. (Unable to connect to the remote server)
[ObsWS:info] 17:21:13.910 Reconnecting to OBS WebSocket (30000ms backoff)…
[ObsWS:warn] 17:21:15.966 Reconnect failed: One or more errors occurred. (Unable to connect to the remote server)
[ObsWS:info] 17:21:45.975 Reconnecting to OBS WebSocket (30000ms backoff)…
[ObsWS:warn] 17:21:48.020 Reconnect failed: One or more errors occurred. (Unable to connect to the remote server)
[ObsWS:info] 17:22:18.031 Reconnecting to OBS WebSocket (30000ms backoff)…
[ObsWS:warn] 17:22:20.091 Reconnect failed: One or more errors occurred. (Unable to connect to the remote server)
[ObsWS:info] 17:22:50.093 Reconnecting to OBS WebSocket (30000ms backoff)…
[ObsWS:warn] 17:22:52.154 Reconnect failed: One or more errors occurred. (Unable to connect to the remote server)
[ObsWS:info] 17:23:22.165 Reconnecting to OBS WebSocket (30000ms backoff)…
[ObsWS:warn] 17:23:24.212 Reconnect failed: One or more errors occurred. (Unable to connect to the remote server)
[ObsWS:info] 17:23:54.225 Reconnecting to OBS WebSocket (30000ms backoff)…
[ObsWS:warn] 17:23:56.266 Reconnect failed: One or more errors occurred. (Unable to connect to the remote server)
[ObsWS:info] 17:24:26.270 Reconnecting to OBS WebSocket (30000ms backoff)…
[ObsWS:warn] 17:24:28.291 Reconnect failed: One or more errors occurred. (Unable to connect to the remote server)
[ObsWS:info] 17:24:58.307 Reconnecting to OBS WebSocket (30000ms backoff)…
[ObsWS:warn] 17:25:00.370 Reconnect failed: One or more errors occurred. (Unable to connect to the remote server)
[ObsWS:info] 17:25:30.376 Reconnecting to OBS WebSocket (30000ms backoff)…
[ObsWS:warn] 17:25:32.430 Reconnect failed: One or more errors occurred. (Unable to connect to the remote server)
[ObsWS:info] 17:26:02.433 Reconnecting to OBS WebSocket (30000ms backoff)…
[ObsWS:warn] 17:26:04.478 Reconnect failed: One or more errors occurred. (Unable to connect to the remote server)
[ObsWS:info] 17:26:34.483 Reconnecting to OBS WebSocket (30000ms backoff)…
[ObsWS:warn] 17:26:36.517 Reconnect failed: One or more errors occurred. (Unable to connect to the remote server)
[ObsWS:info] 17:27:06.531 Reconnecting to OBS WebSocket (30000ms backoff)…
[ObsWS:warn] 17:27:08.574 Reconnect failed: One or more errors occurred. (Unable to connect to the remote server)
[ObsWS:info] 17:27:38.577 Reconnecting to OBS WebSocket (30000ms backoff)…
[ObsWS:warn] 17:27:40.641 Reconnect failed: One or more errors occurred. (Unable to connect to the remote server)
[ObsWS:info] 17:28:10.642 Reconnecting to OBS WebSocket (30000ms backoff)…
[ObsWS:warn] 17:28:12.689 Reconnect failed: One or more errors occurred. (Unable to connect to the remote server)
[ObsWS:info] 17:28:42.699 Reconnecting to OBS WebSocket (30000ms backoff)…
[ObsWS:warn] 17:28:44.742 Reconnect failed: One or more errors occurred. (Unable to connect to the remote server)
[ObsWS:info] 17:29:14.754 Reconnecting to OBS WebSocket (30000ms backoff)…
[ObsWS:warn] 17:29:16.813 Reconnect failed: One or more errors occurred. (Unable to connect to the remote server)
[ObsWS:info] 17:29:46.826 Reconnecting to OBS WebSocket (30000ms backoff)…
[ObsWS:warn] 17:29:48.886 Reconnect failed: One or more errors occurred. (Unable to connect to the remote server)
[ObsWS:info] 17:30:18.888 Reconnecting to OBS WebSocket (30000ms backoff)…
[ObsWS:warn] 17:30:20.919 Reconnect failed: One or more errors occurred. (Unable to connect to the remote server)
[ObsWS:info] 17:30:50.934 Reconnecting to OBS WebSocket (30000ms backoff)…
[ObsWS:warn] 17:30:52.978 Reconnect failed: One or more errors occurred. (Unable to connect to the remote server)
[ObsWS:info] 17:31:22.992 Reconnecting to OBS WebSocket (30000ms backoff)…
[ObsWS:warn] 17:31:25.020 Reconnect failed: One or more errors occurred. (Unable to connect to the remote server)
[ObsWS:info] 17:31:55.030 Reconnecting to OBS WebSocket (30000ms backoff)…
[ObsWS:warn] 17:31:57.075 Reconnect failed: One or more errors occurred. (Unable to connect to the remote server)
[ObsWS:info] 17:32:27.090 Reconnecting to OBS WebSocket (30000ms backoff)…
[ObsWS:warn] 17:32:29.135 Reconnect failed: One or more errors occurred. (Unable to connect to the remote server)
[ObsWS:info] 17:32:59.142 Reconnecting to OBS WebSocket (30000ms backoff)…
[ObsWS:warn] 17:33:01.196 Reconnect failed: One or more errors occurred. (Unable to connect to the remote server)
[ObsWS:info] 17:33:31.198 Reconnecting to OBS WebSocket (30000ms backoff)…
[ObsWS:warn] 17:33:33.243 Reconnect failed: One or more errors occurred. (Unable to connect to the remote server)
[ObsWS:info] 17:34:03.246 Reconnecting to OBS WebSocket (30000ms backoff)…
[ObsWS:warn] 17:34:05.288 Reconnect failed: One or more errors occurred. (Unable to connect to the remote server)
[ObsWS:info] 17:34:35.299 Reconnecting to OBS WebSocket (30000ms backoff)…
[ObsWS:warn] 17:34:37.355 Reconnect failed: One or more errors occurred. (Unable to connect to the remote server)
[ObsWS:info] 17:35:07.359 Reconnecting to OBS WebSocket (30000ms backoff)…
[ObsWS:warn] 17:35:09.416 Reconnect failed: One or more errors occurred. (Unable to connect to the remote server)
[ObsWS:info] 17:35:39.431 Reconnecting to OBS WebSocket (30000ms backoff)…
[ObsWS:warn] 17:35:41.486 Reconnect failed: One or more errors occurred. (Unable to connect to the remote server)
[ObsWS:info] 17:36:11.499 Reconnecting to OBS WebSocket (30000ms backoff)…
[ObsWS:warn] 17:36:13.547 Reconnect failed: One or more errors occurred. (Unable to connect to the remote server)
[ObsWS:info] 17:36:43.557 Reconnecting to OBS WebSocket (30000ms backoff)…
[ObsWS:warn] 17:36:45.603 Reconnect failed: One or more errors occurred. (Unable to connect to the remote server)
[ObsWS:info] 17:37:15.616 Reconnecting to OBS WebSocket (30000ms backoff)…
[ObsWS:warn] 17:37:17.660 Reconnect failed: One or more errors occurred. (Unable to connect to the remote server)
[ObsWS:info] 17:37:47.661 Reconnecting to OBS WebSocket (30000ms backoff)…
[ObsWS:warn] 17:37:49.708 Reconnect failed: One or more errors occurred. (Unable to connect to the remote server)
[ObsWS:info] 17:38:19.717 Reconnecting to OBS WebSocket (30000ms backoff)…
[ObsWS:warn] 17:38:21.761 Reconnect failed: One or more errors occurred. (Unable to connect to the remote server)
[ObsWS:info] 17:38:51.773 Reconnecting to OBS WebSocket (30000ms backoff)…
[ObsWS:warn] 17:38:53.829 Reconnect failed: One or more errors occurred. (Unable to connect to the remote server)
[ObsWS:info] 17:39:23.837 Reconnecting to OBS WebSocket (30000ms backoff)…
[ObsWS:warn] 17:39:25.870 Reconnect failed: One or more errors occurred. (Unable to connect to the remote server)
[ObsWS:info] 17:39:55.882 Reconnecting to OBS WebSocket (30000ms backoff)…
[ObsWS:warn] 17:39:57.907 Reconnect failed: One or more errors occurred. (Unable to connect to the remote server)
[ObsWS:info] 17:40:27.914 Reconnecting to OBS WebSocket (30000ms backoff)…
[ObsWS:warn] 17:40:29.923 Reconnect failed: One or more errors occurred. (Unable to connect to the remote server)
[ObsWS:info] 17:40:59.925 Reconnecting to OBS WebSocket (30000ms backoff)…
[ObsWS:warn] 17:41:01.958 Reconnect failed: One or more errors occurred. (Unable to connect to the remote server)
[ObsWS:info] 17:41:31.969 Reconnecting to OBS WebSocket (30000ms backoff)…
[ObsWS:warn] 17:41:34.011 Reconnect failed: One or more errors occurred. (Unable to connect to the remote server)
[ObsWS:info] 17:42:04.015 Reconnecting to OBS WebSocket (30000ms backoff)…
[ObsWS:warn] 17:42:06.025 Reconnect failed: One or more errors occurred. (Unable to connect to the remote server)
[ObsWS:info] 17:42:36.035 Reconnecting to OBS WebSocket (30000ms backoff)…
[ObsWS:warn] 17:42:38.068 Reconnect failed: One or more errors occurred. (Unable to connect to the remote server)
[ObsWS:info] 17:43:08.079 Reconnecting to OBS WebSocket (30000ms backoff)…
[ObsWS:warn] 17:43:10.112 Reconnect failed: One or more errors occurred. (Unable to connect to the remote server)
[ObsWS:info] 17:43:40.117 Reconnecting to OBS WebSocket (30000ms backoff)…
[ObsWS:warn] 17:43:42.180 Reconnect failed: One or more errors occurred. (Unable to connect to the remote server)
[ObsWS:info] 17:44:12.184 Reconnecting to OBS WebSocket (30000ms backoff)…
[ObsWS:warn] 17:44:14.222 Reconnect failed: One or more errors occurred. (Unable to connect to the remote server)
[ObsWS:info] 17:44:44.233 Reconnecting to OBS WebSocket (30000ms backoff)…
[ObsWS:warn] 17:44:46.272 Reconnect failed: One or more errors occurred. (Unable to connect to the remote server)
[ObsWS:info] 17:45:16.285 Reconnecting to OBS WebSocket (30000ms backoff)…
[ObsWS:warn] 17:45:18.334 Reconnect failed: One or more errors occurred. (Unable to connect to the remote server)
[ObsWS:info] 17:45:48.339 Reconnecting to OBS WebSocket (30000ms backoff)…
[ObsWS:warn] 17:45:50.402 Reconnect failed: One or more errors occurred. (Unable to connect to the remote server)
[ObsWS:info] 17:46:20.407 Reconnecting to OBS WebSocket (30000ms backoff)…
[ObsWS:warn] 17:46:22.441 Reconnect failed: One or more errors occurred. (Unable to connect to the remote server)
[ObsWS:info] 17:46:52.451 Reconnecting to OBS WebSocket (30000ms backoff)…
[ObsWS:warn] 17:46:54.496 Reconnect failed: One or more errors occurred. (Unable to connect to the remote server)
[ObsWS:info] 17:47:24.503 Reconnecting to OBS WebSocket (30000ms backoff)…
[ObsWS:warn] 17:47:26.548 Reconnect failed: One or more errors occurred. (Unable to connect to the remote server)
[ObsWS:info] 17:47:56.565 Reconnecting to OBS WebSocket (30000ms backoff)…
[ObsWS:warn] 17:47:58.613 Reconnect failed: One or more errors occurred. (Unable to connect to the remote server)
[ObsWS:info] 17:48:28.623 Reconnecting to OBS WebSocket (30000ms backoff)…
[ObsWS:warn] 17:48:30.673 Reconnect failed: One or more errors occurred. (Unable to connect to the remote server)
[ObsWS:info] 17:49:00.675 Reconnecting to OBS WebSocket (30000ms backoff)…
[ObsWS:warn] 17:49:02.703 Reconnect failed: One or more errors occurred. (Unable to connect to the remote server)
[ObsWS:info] 17:49:32.717 Reconnecting to OBS WebSocket (30000ms backoff)…
[ObsWS:warn] 17:49:34.754 Reconnect failed: One or more errors occurred. (Unable to connect to the remote server)
[ObsWS:info] 17:50:04.768 Reconnecting to OBS WebSocket (30000ms backoff)…
[ObsWS:warn] 17:50:06.794 Reconnect failed: One or more errors occurred. (Unable to connect to the remote server)
[ObsWS:info] 17:50:36.796 Reconnecting to OBS WebSocket (30000ms backoff)…
[ObsWS:warn] 17:50:38.832 Reconnect failed: One or more errors occurred. (Unable to connect to the remote server)
[ObsWS:info] 17:51:08.834 Reconnecting to OBS WebSocket (30000ms backoff)…
[ObsWS:warn] 17:51:10.880 Reconnect failed: One or more errors occurred. (Unable to connect to the remote server)
[ObsWS:info] 17:51:40.889 Reconnecting to OBS WebSocket (30000ms backoff)…
[ObsWS:warn] 17:51:42.933 Reconnect failed: One or more errors occurred. (Unable to connect to the remote server)
[ObsWS:info] 17:52:12.937 Reconnecting to OBS WebSocket (30000ms backoff)…
[ObsWS:warn] 17:52:14.970 Reconnect failed: One or more errors occurred. (Unable to connect to the remote server)
[ObsWS:info] 17:52:44.973 Reconnecting to OBS WebSocket (30000ms backoff)…
[ObsWS:warn] 17:52:46.992 Reconnect failed: One or more errors occurred. (Unable to connect to the remote server)
[ObsWS:info] 17:53:16.995 Reconnecting to OBS WebSocket (30000ms backoff)…
[ObsWS:warn] 17:53:19.020 Reconnect failed: One or more errors occurred. (Unable to connect to the remote server)
[ObsWS:info] 17:53:49.034 Reconnecting to OBS WebSocket (30000ms backoff)…
[ObsWS:warn] 17:53:51.059 Reconnect failed: One or more errors occurred. (Unable to connect to the remote server)
[ObsWS:info] 17:54:21.074 Reconnecting to OBS WebSocket (30000ms backoff)…
[ObsWS:warn] 17:54:23.092 Reconnect failed: One or more errors occurred. (Unable to connect to the remote server)
[ObsWS:info] 17:54:53.099 Reconnecting to OBS WebSocket (30000ms backoff)…
[ObsWS:warn] 17:54:55.127 Reconnect failed: One or more errors occurred. (Unable to connect to the remote server)
[ObsWS:info] 17:55:25.136 Reconnecting to OBS WebSocket (30000ms backoff)…
[ObsWS:warn] 17:55:27.161 Reconnect failed: One or more errors occurred. (Unable to connect to the remote server)
[ObsWS:info] 17:55:57.166 Reconnecting to OBS WebSocket (30000ms backoff)…
[ObsWS:warn] 17:55:59.208 Reconnect failed: One or more errors occurred. (Unable to connect to the remote server)
[ObsWS:info] 17:56:29.222 Reconnecting to OBS WebSocket (30000ms backoff)…
[ObsWS:warn] 17:56:31.268 Reconnect failed: One or more errors occurred. (Unable to connect to the remote server)
[ObsWS:info] 17:57:01.280 Reconnecting to OBS WebSocket (30000ms backoff)…
[ObsWS:warn] 17:57:03.329 Reconnect failed: One or more errors occurred. (Unable to connect to the remote server)
[ObsWS:info] 17:57:33.337 Reconnecting to OBS WebSocket (30000ms backoff)…
[ObsWS:warn] 17:57:35.362 Reconnect failed: One or more errors occurred. (Unable to connect to the remote server)
[ObsWS:info] 17:58:05.366 Reconnecting to OBS WebSocket (30000ms backoff)…
[ObsWS:warn] 17:58:07.452 Reconnect failed: One or more errors occurred. (Unable to connect to the remote server)
[ObsWS:info] 17:58:37.467 Reconnecting to OBS WebSocket (30000ms backoff)…
[ObsWS:warn] 17:58:39.482 Reconnect failed: One or more errors occurred. (Unable to connect to the remote server)
[ObsWS:info] 17:59:09.485 Reconnecting to OBS WebSocket (30000ms backoff)…
[ObsWS:warn] 17:59:11.518 Reconnect failed: One or more errors occurred. (Unable to connect to the remote server)
[ObsWS:info] 17:59:41.530 Reconnecting to OBS WebSocket (30000ms backoff)…
[ObsWS:warn] 17:59:43.555 Reconnect failed: One or more errors occurred. (Unable to connect to the remote server)
[ObsWS:info] 18:00:13.567 Reconnecting to OBS WebSocket (30000ms backoff)…
[ObsWS:warn] 18:00:15.616 Reconnect failed: One or more errors occurred. (Unable to connect to the remote server)
[ObsWS:info] 18:00:45.624 Reconnecting to OBS WebSocket (30000ms backoff)…
[ObsWS:warn] 18:00:47.646 Reconnect failed: One or more errors occurred. (Unable to connect to the remote server)
[ObsWS:info] 18:01:17.657 Reconnecting to OBS WebSocket (30000ms backoff)…
[ObsWS:warn] 18:01:19.702 Reconnect failed: One or more errors occurred. (Unable to connect to the remote server)
[ObsWS:info] 18:01:49.720 Reconnecting to OBS WebSocket (30000ms backoff)…
[ObsWS:warn] 18:01:51.748 Reconnect failed: One or more errors occurred. (Unable to connect to the remote server)
[ObsWS:info] 18:02:21.749 Reconnecting to OBS WebSocket (30000ms backoff)…
[ObsWS:warn] 18:02:23.792 Reconnect failed: One or more errors occurred. (Unable to connect to the remote server)
[ObsWS:info] 18:02:53.793 Reconnecting to OBS WebSocket (30000ms backoff)…
[ObsWS:warn] 18:02:55.824 Reconnect failed: One or more errors occurred. (Unable to connect to the remote server)
[ObsWS:info] 18:03:25.837 Reconnecting to OBS WebSocket (30000ms backoff)…
[ObsWS:warn] 18:03:27.852 Reconnect failed: One or more errors occurred. (Unable to connect to the remote server)
[ObsWS:info] 18:03:57.854 Reconnecting to OBS WebSocket (30000ms backoff)…
[ObsWS:warn] 18:03:59.882 Reconnect failed: One or more errors occurred. (Unable to connect to the remote server)
[ObsWS:info] 18:04:29.894 Reconnecting to OBS WebSocket (30000ms backoff)…
[ObsWS:warn] 18:04:31.941 Reconnect failed: One or more errors occurred. (Unable to connect to the remote server)
[ObsWS:info] 18:05:01.955 Reconnecting to OBS WebSocket (30000ms backoff)…
[ObsWS:warn] 18:05:03.990 Reconnect failed: One or more errors occurred. (Unable to connect to the remote server)
[ObsWS:info] 18:05:34.003 Reconnecting to OBS WebSocket (30000ms backoff)…
[ObsWS:warn] 18:05:36.026 Reconnect failed: One or more errors occurred. (Unable to connect to the remote server)
[ObsWS:info] 18:06:06.041 Reconnecting to OBS WebSocket (30000ms backoff)…
[ObsWS:warn] 18:06:08.072 Reconnect failed: One or more errors occurred. (Unable to connect to the remote server)
[ObsWS:info] 18:06:38.077 Reconnecting to OBS WebSocket (30000ms backoff)…
[ObsWS:warn] 18:06:40.115 Reconnect failed: One or more errors occurred. (Unable to connect to the remote server)
[ObsWS:info] 18:07:10.117 Reconnecting to OBS WebSocket (30000ms backoff)…
[ObsWS:warn] 18:07:12.141 Reconnect failed: One or more errors occurred. (Unable to connect to the remote server)
[ObsWS:info] 18:07:42.150 Reconnecting to OBS WebSocket (30000ms backoff)…
[ObsWS:warn] 18:07:44.179 Reconnect failed: One or more errors occurred. (Unable to connect to the remote server)
[ObsWS:info] 18:08:14.180 Reconnecting to OBS WebSocket (30000ms backoff)…
[ObsWS:warn] 18:08:16.217 Reconnect failed: One or more errors occurred. (Unable to connect to the remote server)
[ObsWS:info] 18:08:46.231 Reconnecting to OBS WebSocket (30000ms backoff)…
[ObsWS:warn] 18:08:48.252 Reconnect failed: One or more errors occurred. (Unable to connect to the remote server)
[ObsWS:info] 18:09:18.257 Reconnecting to OBS WebSocket (30000ms backoff)…
[ObsWS:warn] 18:09:20.267 Reconnect failed: One or more errors occurred. (Unable to connect to the remote server)
[ObsWS:info] 18:09:50.274 Reconnecting to OBS WebSocket (30000ms backoff)…
[ObsWS:warn] 18:09:52.288 Reconnect failed: One or more errors occurred. (Unable to connect to the remote server)
[ObsWS:info] 18:10:22.295 Reconnecting to OBS WebSocket (30000ms backoff)…
[ObsWS:warn] 18:10:24.310 Reconnect failed: One or more errors occurred. (Unable to connect to the remote server)
[ObsWS:info] 18:10:54.317 Reconnecting to OBS WebSocket (30000ms backoff)…
[ObsWS:warn] 18:10:56.365 Reconnect failed: One or more errors occurred. (Unable to connect to the remote server)
[ObsWS:info] 18:11:26.372 Reconnecting to OBS WebSocket (30000ms backoff)…
[ObsWS:warn] 18:11:28.401 Reconnect failed: One or more errors occurred. (Unable to connect to the remote server)
[ObsWS:info] 18:11:58.407 Reconnecting to OBS WebSocket (30000ms backoff)…
[ObsWS:warn] 18:12:00.422 Reconnect failed: One or more errors occurred. (Unable to connect to the remote server)
[ObsWS:info] 18:12:30.433 Reconnecting to OBS WebSocket (30000ms backoff)…
[ObsWS:warn] 18:12:32.458 Reconnect failed: One or more errors occurred. (Unable to connect to the remote server)
[ObsWS:info] 18:13:02.462 Reconnecting to OBS WebSocket (30000ms backoff)…
[ObsWS:warn] 18:13:04.507 Reconnect failed: One or more errors occurred. (Unable to connect to the remote server)
[ObsWS:info] 18:13:34.521 Reconnecting to OBS WebSocket (30000ms backoff)…
[ObsWS:warn] 18:13:36.553 Reconnect failed: One or more errors occurred. (Unable to connect to the remote server)
[ObsWS:info] 18:14:06.561 Reconnecting to OBS WebSocket (30000ms backoff)…
[ObsWS:warn] 18:14:08.583 Reconnect failed: One or more errors occurred. (Unable to connect to the remote server)
[ObsWS:info] 18:14:38.587 Reconnecting to OBS WebSocket (30000ms backoff)…
[ObsWS:warn] 18:14:40.601 Reconnect failed: One or more errors occurred. (Unable to connect to the remote server)
[ObsWS:info] 18:15:10.604 Reconnecting to OBS WebSocket (30000ms backoff)…
[ObsWS:warn] 18:15:12.617 Reconnect failed: One or more errors occurred. (Unable to connect to the remote server)
[ObsWS:info] 18:15:42.630 Reconnecting to OBS WebSocket (30000ms backoff)…
[ObsWS:warn] 18:15:44.668 Reconnect failed: One or more errors occurred. (Unable to connect to the remote server)
[ObsWS:info] 18:16:14.675 Reconnecting to OBS WebSocket (30000ms backoff)…
[ObsWS:warn] 18:16:16.694 Reconnect failed: One or more errors occurred. (Unable to connect to the remote server)
[ObsWS:info] 18:16:46.707 Reconnecting to OBS WebSocket (30000ms backoff)…
[ObsWS:warn] 18:16:48.728 Reconnect failed: One or more errors occurred. (Unable to connect to the remote server)
[ObsWS:info] 18:17:18.730 Reconnecting to OBS WebSocket (30000ms backoff)…
[ObsWS:warn] 18:17:20.745 Reconnect failed: One or more errors occurred. (Unable to connect to the remote server)
[ObsWS:info] 18:17:50.760 Reconnecting to OBS WebSocket (30000ms backoff)…
[ObsWS:warn] 18:17:52.809 Reconnect failed: One or more errors occurred. (Unable to connect to the remote server)
[ObsWS:info] 18:18:22.822 Reconnecting to OBS WebSocket (30000ms backoff)…
[ObsWS:warn] 18:18:24.845 Reconnect failed: One or more errors occurred. (Unable to connect to the remote server)
[ObsWS:info] 18:18:54.855 Reconnecting to OBS WebSocket (30000ms backoff)…
[ObsWS:warn] 18:18:56.866 Reconnect failed: One or more errors occurred. (Unable to connect to the remote server)
[ObsWS:info] 18:19:26.878 Reconnecting to OBS WebSocket (30000ms backoff)…
[ObsWS:warn] 18:19:28.905 Reconnect failed: One or more errors occurred. (Unable to connect to the remote server)
[ObsWS:info] 18:19:58.915 Reconnecting to OBS WebSocket (30000ms backoff)…
[ObsWS:warn] 18:20:00.933 Reconnect failed: One or more errors occurred. (Unable to connect to the remote server)
[ObsWS:info] 18:20:30.944 Reconnecting to OBS WebSocket (30000ms backoff)…
[ObsWS:warn] 18:20:32.971 Reconnect failed: One or more errors occurred. (Unable to connect to the remote server)
[ObsWS:info] 18:21:02.972 Reconnecting to OBS WebSocket (30000ms backoff)…
[ObsWS:warn] 18:21:04.994 Reconnect failed: One or more errors occurred. (Unable to connect to the remote server)
[ObsWS:info] 18:21:34.995 Reconnecting to OBS WebSocket (30000ms backoff)…
[ObsWS:warn] 18:21:37.019 Reconnect failed: One or more errors occurred. (Unable to connect to the remote server)
[ObsWS:info] 18:22:07.028 Reconnecting to OBS WebSocket (30000ms backoff)…
[ObsWS:warn] 18:22:09.046 Reconnect failed: One or more errors occurred. (Unable to connect to the remote server)
[ObsWS:info] 18:22:39.054 Reconnecting to OBS WebSocket (30000ms backoff)…
[ObsWS:warn] 18:22:41.074 Reconnect failed: One or more errors occurred. (Unable to connect to the remote server)
[ObsWS:info] 18:23:11.087 Reconnecting to OBS WebSocket (30000ms backoff)…
[ObsWS:warn] 18:23:13.110 Reconnect failed: One or more errors occurred. (Unable to connect to the remote server)
[ObsWS:info] 18:23:43.125 Reconnecting to OBS WebSocket (30000ms backoff)…
[ObsWS:warn] 18:23:45.144 Reconnect failed: One or more errors occurred. (Unable to connect to the remote server)
[ObsWS:info] 18:24:15.158 Reconnecting to OBS WebSocket (30000ms backoff)…
[ObsWS:warn] 18:24:17.177 Reconnect failed: One or more errors occurred. (Unable to connect to the remote server)
[ObsWS:info] 18:24:47.184 Reconnecting to OBS WebSocket (30000ms backoff)…
[ObsWS:warn] 18:24:49.206 Reconnect failed: One or more errors occurred. (Unable to connect to the remote server)
[ObsWS:info] 18:25:19.219 Reconnecting to OBS WebSocket (30000ms backoff)…
[ObsWS:warn] 18:25:21.230 Reconnect failed: One or more errors occurred. (Unable to connect to the remote server)
[ObsWS:info] 18:25:51.234 Reconnecting to OBS WebSocket (30000ms backoff)…
[ObsWS:warn] 18:25:53.256 Reconnect failed: One or more errors occurred. (Unable to connect to the remote server)
[ObsWS:info] 18:26:23.271 Reconnecting to OBS WebSocket (30000ms backoff)…
[ObsWS:warn] 18:26:25.297 Reconnect failed: One or more errors occurred. (Unable to connect to the remote server)
[ObsWS:info] 18:26:55.307 Reconnecting to OBS WebSocket (30000ms backoff)…
[ObsWS:warn] 18:26:57.319 Reconnect failed: One or more errors occurred. (Unable to connect to the remote server)
[ObsWS:info] 18:27:27.325 Reconnecting to OBS WebSocket (30000ms backoff)…
[ObsWS:warn] 18:27:29.344 Reconnect failed: One or more errors occurred. (Unable to connect to the remote server)
[ObsWS:info] 18:27:59.360 Reconnecting to OBS WebSocket (30000ms backoff)…
[ObsWS:warn] 18:28:01.374 Reconnect failed: One or more errors occurred. (Unable to connect to the remote server)
[ObsWS:info] 18:28:31.381 Reconnecting to OBS WebSocket (30000ms backoff)…
[ObsWS:warn] 18:28:33.394 Reconnect failed: One or more errors occurred. (Unable to connect to the remote server)
[ObsWS:info] 18:29:03.402 Reconnecting to OBS WebSocket (30000ms backoff)…
[ObsWS:warn] 18:29:05.446 Reconnect failed: One or more errors occurred. (Unable to connect to the remote server)
[ObsWS:info] 18:29:35.459 Reconnecting to OBS WebSocket (30000ms backoff)…
[ObsWS:warn] 18:29:37.489 Reconnect failed: One or more errors occurred. (Unable to connect to the remote server)
[ObsWS:info] 18:30:07.492 Reconnecting to OBS WebSocket (30000ms backoff)…
[ObsWS:warn] 18:30:09.511 Reconnect failed: One or more errors occurred. (Unable to connect to the remote server)
[ObsWS:info] 18:30:39.526 Reconnecting to OBS WebSocket (30000ms backoff)…
[ObsWS:warn] 18:30:41.541 Reconnect failed: One or more errors occurred. (Unable to connect to the remote server)
[ObsWS:info] 18:31:11.543 Reconnecting to OBS WebSocket (30000ms backoff)…
[ObsWS:warn] 18:31:13.578 Reconnect failed: One or more errors occurred. (Unable to connect to the remote server)
[ObsWS:info] 18:31:43.584 Reconnecting to OBS WebSocket (30000ms backoff)…
[ObsWS:warn] 18:31:45.595 Reconnect failed: One or more errors occurred. (Unable to connect to the remote server)
[ObsWS:info] 18:32:15.602 Reconnecting to OBS WebSocket (30000ms backoff)…
[ObsWS:warn] 18:32:17.616 Reconnect failed: One or more errors occurred. (Unable to connect to the remote server)
[ObsWS:info] 18:32:47.617 Reconnecting to OBS WebSocket (30000ms backoff)…
[ObsWS:warn] 18:32:49.632 Reconnect failed: One or more errors occurred. (Unable to connect to the remote server)
[ObsWS:info] 18:33:19.633 Reconnecting to OBS WebSocket (30000ms backoff)…
[ObsWS:warn] 18:33:21.664 Reconnect failed: One or more errors occurred. (Unable to connect to the remote server)
[ObsWS:info] 18:33:51.677 Reconnecting to OBS WebSocket (30000ms backoff)…
[ObsWS:warn] 18:33:53.693 Reconnect failed: One or more errors occurred. (Unable to connect to the remote server)
[ObsWS:info] 18:34:23.698 Reconnecting to OBS WebSocket (30000ms backoff)…
[ObsWS:warn] 18:34:25.713 Reconnect failed: One or more errors occurred. (Unable to connect to the remote server)
[ObsWS:info] 18:34:55.726 Reconnecting to OBS WebSocket (30000ms backoff)…
[ObsWS:warn] 18:34:57.754 Reconnect failed: One or more errors occurred. (Unable to connect to the remote server)
[ObsWS:info] 18:35:27.758 Reconnecting to OBS WebSocket (30000ms backoff)…
[ObsWS:warn] 18:35:29.770 Reconnect failed: One or more errors occurred. (Unable to connect to the remote server)
[ObsWS:info] 18:35:59.776 Reconnecting to OBS WebSocket (30000ms backoff)…
[ObsWS:warn] 18:36:01.790 Reconnect failed: One or more errors occurred. (Unable to connect to the remote server)
[ObsWS:info] 18:36:31.793 Reconnecting to OBS WebSocket (30000ms backoff)…
[ObsWS:warn] 18:36:33.804 Reconnect failed: One or more errors occurred. (Unable to connect to the remote server)
[ObsWS:info] 18:37:03.818 Reconnecting to OBS WebSocket (30000ms backoff)…
[ObsWS:warn] 18:37:05.830 Reconnect failed: One or more errors occurred. (Unable to connect to the remote server)
[ObsWS:info] 18:37:35.842 Reconnecting to OBS WebSocket (30000ms backoff)…
[ObsWS:warn] 18:37:37.856 Reconnect failed: One or more errors occurred. (Unable to connect to the remote server)
[ObsWS:info] 18:38:07.861 Reconnecting to OBS WebSocket (30000ms backoff)…
[ObsWS:warn] 18:38:09.891 Reconnect failed: One or more errors occurred. (Unable to connect to the remote server)
[ObsWS:info] 18:38:39.893 Reconnecting to OBS WebSocket (30000ms backoff)…
[ObsWS:warn] 18:38:41.934 Reconnect failed: One or more errors occurred. (Unable to connect to the remote server)
[ObsWS:info] 18:39:11.946 Reconnecting to OBS WebSocket (30000ms backoff)…
[ObsWS:warn] 18:39:13.974 Reconnect failed: One or more errors occurred. (Unable to connect to the remote server)
[ObsWS:info] 18:39:43.979 Reconnecting to OBS WebSocket (30000ms backoff)…
[ObsWS:warn] 18:39:46.007 Reconnect failed: One or more errors occurred. (Unable to connect to the remote server)
[ObsWS:info] 18:40:16.011 Reconnecting to OBS WebSocket (30000ms backoff)…
[ObsWS:warn] 18:40:18.036 Reconnect failed: One or more errors occurred. (Unable to connect to the remote server)
[ObsWS:info] 18:40:48.044 Reconnecting to OBS WebSocket (30000ms backoff)…
[ObsWS:warn] 18:40:50.076 Reconnect failed: One or more errors occurred. (Unable to connect to the remote server)
[ObsWS:info] 18:41:20.077 Reconnecting to OBS WebSocket (30000ms backoff)…
[ObsWS:warn] 18:41:22.096 Reconnect failed: One or more errors occurred. (Unable to connect to the remote server)
[ObsWS:info] 18:41:52.104 Reconnecting to OBS WebSocket (30000ms backoff)…
[ObsWS:warn] 18:41:54.129 Reconnect failed: One or more errors occurred. (Unable to connect to the remote server)
[ObsWS:info] 18:42:24.137 Reconnecting to OBS WebSocket (30000ms backoff)…
[ObsWS:warn] 18:42:26.168 Reconnect failed: One or more errors occurred. (Unable to connect to the remote server)
[ObsWS:info] 18:42:56.175 Reconnecting to OBS WebSocket (30000ms backoff)…
[ObsWS:warn] 18:42:58.192 Reconnect failed: One or more errors occurred. (Unable to connect to the remote server)
[ObsWS:info] 18:43:28.196 Reconnecting to OBS WebSocket (30000ms backoff)…
[ObsWS:warn] 18:43:30.212 Reconnect failed: One or more errors occurred. (Unable to connect to the remote server)
[ObsWS:info] 18:44:00.225 Reconnecting to OBS WebSocket (30000ms backoff)…
[ObsWS:warn] 18:44:02.238 Reconnect failed: One or more errors occurred. (Unable to connect to the remote server)
[ObsWS:info] 18:44:32.248 Reconnecting to OBS WebSocket (30000ms backoff)…
[ObsWS:warn] 18:44:34.265 Reconnect failed: One or more errors occurred. (Unable to connect to the remote server)
[ObsWS:info] 18:45:04.275 Reconnecting to OBS WebSocket (30000ms backoff)…
[ObsWS:warn] 18:45:06.294 Reconnect failed: One or more errors occurred. (Unable to connect to the remote server)
[ObsWS:info] 18:45:36.308 Reconnecting to OBS WebSocket (30000ms backoff)…
[ObsWS:warn] 18:45:38.333 Reconnect failed: One or more errors occurred. (Unable to connect to the remote server)
[ObsWS:info] 18:46:08.333 Reconnecting to OBS WebSocket (30000ms backoff)…
[ObsWS:warn] 18:46:10.344 Reconnect failed: One or more errors occurred. (Unable to connect to the remote server)
[ObsWS:info] 18:46:40.360 Reconnecting to OBS WebSocket (30000ms backoff)…
[ObsWS:warn] 18:46:42.376 Reconnect failed: One or more errors occurred. (Unable to connect to the remote server)
[ObsWS:info] 18:47:12.392 Reconnecting to OBS WebSocket (30000ms backoff)…
[ObsWS:warn] 18:47:14.413 Reconnect failed: One or more errors occurred. (Unable to connect to the remote server)
[ObsWS:info] 18:47:44.419 Reconnecting to OBS WebSocket (30000ms backoff)…
[ObsWS:warn] 18:47:46.444 Reconnect failed: One or more errors occurred. (Unable to connect to the remote server)
[ObsWS:info] 18:48:16.450 Reconnecting to OBS WebSocket (30000ms backoff)…
[ObsWS:warn] 18:48:18.497 Reconnect failed: One or more errors occurred. (Unable to connect to the remote server)
[ObsWS:info] 18:48:48.512 Reconnecting to OBS WebSocket (30000ms backoff)…
[ObsWS:warn] 18:48:50.544 Reconnect failed: One or more errors occurred. (Unable to connect to the remote server)
[ObsWS:info] 18:49:20.549 Reconnecting to OBS WebSocket (30000ms backoff)…
[ObsWS:warn] 18:49:22.574 Reconnect failed: One or more errors occurred. (Unable to connect to the remote server)
[ObsWS:info] 18:49:52.587 Reconnecting to OBS WebSocket (30000ms backoff)…
[ObsWS:warn] 18:49:54.608 Reconnect failed: One or more errors occurred. (Unable to connect to the remote server)
[ObsWS:info] 18:50:24.624 Reconnecting to OBS WebSocket (30000ms backoff)…
[ObsWS:warn] 18:50:26.654 Reconnect failed: One or more errors occurred. (Unable to connect to the remote server)
[ObsWS:info] 18:50:56.655 Reconnecting to OBS WebSocket (30000ms backoff)…
[ObsWS:warn] 18:50:58.676 Reconnect failed: One or more errors occurred. (Unable to connect to the remote server)
[ObsWS:info] 18:51:28.689 Reconnecting to OBS WebSocket (30000ms backoff)…
[ObsWS:warn] 18:51:30.701 Reconnect failed: One or more errors occurred. (Unable to connect to the remote server)
[ObsWS:info] 18:52:00.707 Reconnecting to OBS WebSocket (30000ms backoff)…
[ObsWS:warn] 18:52:02.730 Reconnect failed: One or more errors occurred. (Unable to connect to the remote server)
[ObsWS:info] 18:52:32.734 Reconnecting to OBS WebSocket (30000ms backoff)…
[ObsWS:warn] 18:52:34.761 Reconnect failed: One or more errors occurred. (Unable to connect to the remote server)
[ObsWS:info] 18:53:04.774 Reconnecting to OBS WebSocket (30000ms backoff)…
[ObsWS:warn] 18:53:06.806 Reconnect failed: One or more errors occurred. (Unable to connect to the remote server)
[ObsWS:info] 18:53:36.818 Reconnecting to OBS WebSocket (30000ms backoff)…
[ObsWS:warn] 18:53:38.850 Reconnect failed: One or more errors occurred. (Unable to connect to the remote server)
[ObsWS:info] 18:54:08.858 Reconnecting to OBS WebSocket (30000ms backoff)…
[ObsWS:warn] 18:54:10.886 Reconnect failed: One or more errors occurred. (Unable to connect to the remote server)
[ObsWS:info] 18:54:40.900 Reconnecting to OBS WebSocket (30000ms backoff)…
[ObsWS:warn] 18:54:42.917 Reconnect failed: One or more errors occurred. (Unable to connect to the remote server)
[ObsWS:info] 18:55:12.921 Reconnecting to OBS WebSocket (30000ms backoff)…
[ObsWS:warn] 18:55:14.950 Reconnect failed: One or more errors occurred. (Unable to connect to the remote server)
[ObsWS:info] 18:55:44.962 Reconnecting to OBS WebSocket (30000ms backoff)…
[ObsWS:warn] 18:55:46.979 Reconnect failed: One or more errors occurred. (Unable to connect to the remote server)
[ObsWS:info] 18:56:16.986 Reconnecting to OBS WebSocket (30000ms backoff)…
[ObsWS:warn] 18:56:19.005 Reconnect failed: One or more errors occurred. (Unable to connect to the remote server)
[ObsWS:info] 18:56:49.020 Reconnecting to OBS WebSocket (30000ms backoff)…
[ObsWS:warn] 18:56:51.041 Reconnect failed: One or more errors occurred. (Unable to connect to the remote server)
[ObsWS:info] 18:57:21.052 Reconnecting to OBS WebSocket (30000ms backoff)…
[ObsWS:warn] 18:57:23.083 Reconnect failed: One or more errors occurred. (Unable to connect to the remote server)
[ObsWS:info] 18:57:53.097 Reconnecting to OBS WebSocket (30000ms backoff)…
[ObsWS:warn] 18:57:55.125 Reconnect failed: One or more errors occurred. (Unable to connect to the remote server)
[ObsWS:info] 18:58:25.138 Reconnecting to OBS WebSocket (30000ms backoff)…
[ObsWS:warn] 18:58:27.159 Reconnect failed: One or more errors occurred. (Unable to connect to the remote server)
[ObsWS:info] 18:58:57.172 Reconnecting to OBS WebSocket (30000ms backoff)…
[ObsWS:warn] 18:58:59.186 Reconnect failed: One or more errors occurred. (Unable to connect to the remote server)
[ObsWS:info] 18:59:29.186 Reconnecting to OBS WebSocket (30000ms backoff)…
[ObsWS:warn] 18:59:31.216 Reconnect failed: One or more errors occurred. (Unable to connect to the remote server)
[ObsWS:info] 19:00:01.224 Reconnecting to OBS WebSocket (30000ms backoff)…
[ObsWS:warn] 19:00:03.244 Reconnect failed: One or more errors occurred. (Unable to connect to the remote server)
[ObsWS:info] 19:00:33.258 Reconnecting to OBS WebSocket (30000ms backoff)…
[ObsWS:warn] 19:00:35.284 Reconnect failed: One or more errors occurred. (Unable to connect to the remote server)
[ObsWS:info] 19:01:05.284 Reconnecting to OBS WebSocket (30000ms backoff)…
[ObsWS:warn] 19:01:07.300 Reconnect failed: One or more errors occurred. (Unable to connect to the remote server)
[ObsWS:info] 19:01:37.305 Reconnecting to OBS WebSocket (30000ms backoff)…
[ObsWS:warn] 19:01:39.329 Reconnect failed: One or more errors occurred. (Unable to connect to the remote server)
[ObsWS:info] 19:02:09.343 Reconnecting to OBS WebSocket (30000ms backoff)…
[ObsWS:warn] 19:02:11.363 Reconnect failed: One or more errors occurred. (Unable to connect to the remote server)
[ObsWS:info] 19:02:41.379 Reconnecting to OBS WebSocket (30000ms backoff)…
[ObsWS:warn] 19:02:43.393 Reconnect failed: One or more errors occurred. (Unable to connect to the remote server)
[ObsWS:info] 19:03:13.408 Reconnecting to OBS WebSocket (30000ms backoff)…
[ObsWS:warn] 19:03:15.430 Reconnect failed: One or more errors occurred. (Unable to connect to the remote server)
[ObsWS:info] 19:03:45.441 Reconnecting to OBS WebSocket (30000ms backoff)…
[ObsWS:warn] 19:03:47.482 Reconnect failed: One or more errors occurred. (Unable to connect to the remote server)
[ObsWS:info] 19:04:17.491 Reconnecting to OBS WebSocket (30000ms backoff)…
[ObsWS:warn] 19:04:19.520 Reconnect failed: One or more errors occurred. (Unable to connect to the remote server)
[ObsWS:info] 19:04:49.526 Reconnecting to OBS WebSocket (30000ms backoff)…
[ObsWS:warn] 19:04:51.547 Reconnect failed: One or more errors occurred. (Unable to connect to the remote server)
[ObsWS:info] 19:05:21.556 Reconnecting to OBS WebSocket (30000ms backoff)…
[ObsWS:warn] 19:05:23.596 Reconnect failed: One or more errors occurred. (Unable to connect to the remote server)
[ObsWS:info] 19:05:53.600 Reconnecting to OBS WebSocket (30000ms backoff)…
[ObsWS:warn] 19:05:55.617 Reconnect failed: One or more errors occurred. (Unable to connect to the remote server)
[ObsWS:info] 19:06:25.620 Reconnecting to OBS WebSocket (30000ms backoff)…
[ObsWS:warn] 19:06:27.637 Reconnect failed: One or more errors occurred. (Unable to connect to the remote server)
[ObsWS:info] 19:06:57.645 Reconnecting to OBS WebSocket (30000ms backoff)…
[ObsWS:warn] 19:06:59.654 Reconnect failed: One or more errors occurred. (Unable to connect to the remote server)
[ObsWS:info] 19:07:29.667 Reconnecting to OBS WebSocket (30000ms backoff)…
[ObsWS:warn] 19:07:31.702 Reconnect failed: One or more errors occurred. (Unable to connect to the remote server)
[ObsWS:info] 19:08:01.710 Reconnecting to OBS WebSocket (30000ms backoff)…
[ObsWS:warn] 19:08:03.726 Reconnect failed: One or more errors occurred. (Unable to connect to the remote server)
[ObsWS:info] 19:08:33.733 Reconnecting to OBS WebSocket (30000ms backoff)…
[ObsWS:warn] 19:08:35.747 Reconnect failed: One or more errors occurred. (Unable to connect to the remote server)
[ObsWS:info] 19:09:05.754 Reconnecting to OBS WebSocket (30000ms backoff)…
[ObsWS:warn] 19:09:07.780 Reconnect failed: One or more errors occurred. (Unable to connect to the remote server)
[ObsWS:info] 19:09:37.784 Reconnecting to OBS WebSocket (30000ms backoff)…
[ObsWS:warn] 19:09:39.802 Reconnect failed: One or more errors occurred. (Unable to connect to the remote server)
[ObsWS:info] 19:10:09.809 Reconnecting to OBS WebSocket (30000ms backoff)…
[ObsWS:warn] 19:10:11.828 Reconnect failed: One or more errors occurred. (Unable to connect to the remote server)
[ObsWS:info] 19:10:41.836 Reconnecting to OBS WebSocket (30000ms backoff)…
[ObsWS:warn] 19:10:43.869 Reconnect failed: One or more errors occurred. (Unable to connect to the remote server)
[ObsWS:info] 19:11:13.874 Reconnecting to OBS WebSocket (30000ms backoff)…
[ObsWS:warn] 19:11:15.902 Reconnect failed: One or more errors occurred. (Unable to connect to the remote server)
[ObsWS:info] 19:11:45.918 Reconnecting to OBS WebSocket (30000ms backoff)…
[ObsWS:warn] 19:11:47.936 Reconnect failed: One or more errors occurred. (Unable to connect to the remote server)
[ObsWS:info] 19:12:17.946 Reconnecting to OBS WebSocket (30000ms backoff)…
[ObsWS:warn] 19:12:19.982 Reconnect failed: One or more errors occurred. (Unable to connect to the remote server)
[ObsWS:info] 19:12:49.985 Reconnecting to OBS WebSocket (30000ms backoff)…
[ObsWS:warn] 19:12:52.002 Reconnect failed: One or more errors occurred. (Unable to connect to the remote server)
[ObsWS:info] 19:13:22.014 Reconnecting to OBS WebSocket (30000ms backoff)…
[ObsWS:warn] 19:13:24.043 Reconnect failed: One or more errors occurred. (Unable to connect to the remote server)
[ObsWS:info] 19:13:54.056 Reconnecting to OBS WebSocket (30000ms backoff)…
[ObsWS:warn] 19:13:56.076 Reconnect failed: One or more errors occurred. (Unable to connect to the remote server)
[ObsWS:info] 19:14:26.083 Reconnecting to OBS WebSocket (30000ms backoff)…
[ObsWS:warn] 19:14:28.098 Reconnect failed: One or more errors occurred. (Unable to connect to the remote server)
[ObsWS:info] 19:14:58.110 Reconnecting to OBS WebSocket (30000ms backoff)…
[ObsWS:warn] 19:15:00.141 Reconnect failed: One or more errors occurred. (Unable to connect to the remote server)
[ObsWS:info] 19:15:30.143 Reconnecting to OBS WebSocket (30000ms backoff)…
[ObsWS:warn] 19:15:32.191 Reconnect failed: One or more errors occurred. (Unable to connect to the remote server)
[ObsWS:info] 19:16:02.197 Reconnecting to OBS WebSocket (30000ms backoff)…
[ObsWS:warn] 19:16:04.207 Reconnect failed: One or more errors occurred. (Unable to connect to the remote server)
[ObsWS:info] 19:16:34.212 Reconnecting to OBS WebSocket (30000ms backoff)…
[ObsWS:warn] 19:16:36.229 Reconnect failed: One or more errors occurred. (Unable to connect to the remote server)
[ObsWS:info] 19:17:06.230 Reconnecting to OBS WebSocket (30000ms backoff)…
[ObsWS:warn] 19:17:08.268 Reconnect failed: One or more errors occurred. (Unable to connect to the remote server)
[ObsWS:info] 19:17:38.280 Reconnecting to OBS WebSocket (30000ms backoff)…
[ObsWS:warn] 19:17:40.292 Reconnect failed: One or more errors occurred. (Unable to connect to the remote server)
[ObsWS:info] 19:18:10.302 Reconnecting to OBS WebSocket (30000ms backoff)…
[ObsWS:warn] 19:18:12.311 Reconnect failed: One or more errors occurred. (Unable to connect to the remote server)
[ObsWS:info] 19:18:42.312 Reconnecting to OBS WebSocket (30000ms backoff)…
[ObsWS:warn] 19:18:44.338 Reconnect failed: One or more errors occurred. (Unable to connect to the remote server)
[ObsWS:info] 19:19:14.352 Reconnecting to OBS WebSocket (30000ms backoff)…
[ObsWS:warn] 19:19:16.378 Reconnect failed: One or more errors occurred. (Unable to connect to the remote server)
[ObsWS:info] 19:19:46.388 Reconnecting to OBS WebSocket (30000ms backoff)…
[ObsWS:warn] 19:19:48.419 Reconnect failed: One or more errors occurred. (Unable to connect to the remote server)
[ObsWS:info] 19:20:18.433 Reconnecting to OBS WebSocket (30000ms backoff)…
[ObsWS:warn] 19:20:20.456 Reconnect failed: One or more errors occurred. (Unable to connect to the remote server)
[ObsWS:info] 19:20:50.465 Reconnecting to OBS WebSocket (30000ms backoff)…
[ObsWS:warn] 19:20:52.497 Reconnect failed: One or more errors occurred. (Unable to connect to the remote server)
[ObsWS:info] 19:21:22.501 Reconnecting to OBS WebSocket (30000ms backoff)…
[ObsWS:warn] 19:21:24.517 Reconnect failed: One or more errors occurred. (Unable to connect to the remote server)
[ObsWS:info] 19:21:54.523 Reconnecting to OBS WebSocket (30000ms backoff)…
[ObsWS:warn] 19:21:56.545 Reconnect failed: One or more errors occurred. (Unable to connect to the remote server)
[ObsWS:info] 19:22:26.560 Reconnecting to OBS WebSocket (30000ms backoff)…
[ObsWS:warn] 19:22:28.578 Reconnect failed: One or more errors occurred. (Unable to connect to the remote server)
[ObsWS:info] 19:22:58.592 Reconnecting to OBS WebSocket (30000ms backoff)…
[ObsWS:warn] 19:23:00.611 Reconnect failed: One or more errors occurred. (Unable to connect to the remote server)
[ObsWS:info] 19:23:30.617 Reconnecting to OBS WebSocket (30000ms backoff)…
[ObsWS:warn] 19:23:32.627 Reconnect failed: One or more errors occurred. (Unable to connect to the remote server)
[ObsWS:info] 19:24:02.639 Reconnecting to OBS WebSocket (30000ms backoff)…
[ObsWS:warn] 19:24:04.662 Reconnect failed: One or more errors occurred. (Unable to connect to the remote server)
[ObsWS:info] 19:24:34.670 Reconnecting to OBS WebSocket (30000ms backoff)…
[ObsWS:warn] 19:24:36.682 Reconnect failed: One or more errors occurred. (Unable to connect to the remote server)
[ObsWS:info] 19:25:06.691 Reconnecting to OBS WebSocket (30000ms backoff)…
[ObsWS:warn] 19:25:08.715 Reconnect failed: One or more errors occurred. (Unable to connect to the remote server)
[ObsWS:info] 19:25:38.727 Reconnecting to OBS WebSocket (30000ms backoff)…
[ObsWS:warn] 19:25:40.749 Reconnect failed: One or more errors occurred. (Unable to connect to the remote server)
[ObsWS:info] 19:26:10.761 Reconnecting to OBS WebSocket (30000ms backoff)…
[ObsWS:warn] 19:26:12.782 Reconnect failed: One or more errors occurred. (Unable to connect to the remote server)
[ObsWS:info] 19:26:42.787 Reconnecting to OBS WebSocket (30000ms backoff)…
[ObsWS:warn] 19:26:44.821 Reconnect failed: One or more errors occurred. (Unable to connect to the remote server)
[ObsWS:info] 19:27:14.836 Reconnecting to OBS WebSocket (30000ms backoff)…
[ObsWS:warn] 19:27:16.852 Reconnect failed: One or more errors occurred. (Unable to connect to the remote server)
[ObsWS:info] 19:27:46.861 Reconnecting to OBS WebSocket (30000ms backoff)…
[ObsWS:warn] 19:27:48.895 Reconnect failed: One or more errors occurred. (Unable to connect to the remote server)
[ObsWS:info] 19:28:18.906 Reconnecting to OBS WebSocket (30000ms backoff)…
[ObsWS:warn] 19:28:20.941 Reconnect failed: One or more errors occurred. (Unable to connect to the remote server)
[ObsWS:info] 19:28:50.956 Reconnecting to OBS WebSocket (30000ms backoff)…
[ObsWS:warn] 19:28:52.985 Reconnect failed: One or more errors occurred. (Unable to connect to the remote server)
[ObsWS:info] 19:29:22.991 Reconnecting to OBS WebSocket (30000ms backoff)…
[ObsWS:warn] 19:29:25.012 Reconnect failed: One or more errors occurred. (Unable to connect to the remote server)
[ObsWS:info] 19:29:55.023 Reconnecting to OBS WebSocket (30000ms backoff)…
[ObsWS:warn] 19:29:57.040 Reconnect failed: One or more errors occurred. (Unable to connect to the remote server)
[ObsWS:info] 19:30:27.052 Reconnecting to OBS WebSocket (30000ms backoff)…
[ObsWS:warn] 19:30:29.079 Reconnect failed: One or more errors occurred. (Unable to connect to the remote server)
[ObsWS:info] 19:30:59.080 Reconnecting to OBS WebSocket (30000ms backoff)…
[ObsWS:warn] 19:31:01.096 Reconnect failed: One or more errors occurred. (Unable to connect to the remote server)
[ObsWS:info] 19:31:31.099 Reconnecting to OBS WebSocket (30000ms backoff)…
[ObsWS:warn] 19:31:33.124 Reconnect failed: One or more errors occurred. (Unable to connect to the remote server)
[ObsWS:info] 19:32:03.130 Reconnecting to OBS WebSocket (30000ms backoff)…
[ObsWS:warn] 19:32:05.137 Reconnect failed: One or more errors occurred. (Unable to connect to the remote server)
[ObsWS:info] 19:32:35.138 Reconnecting to OBS WebSocket (30000ms backoff)…
[ObsWS:warn] 19:32:37.159 Reconnect failed: One or more errors occurred. (Unable to connect to the remote server)
[ObsWS:info] 19:33:07.162 Reconnecting to OBS WebSocket (30000ms backoff)…
[ObsWS:warn] 19:33:09.196 Reconnect failed: One or more errors occurred. (Unable to connect to the remote server)
[ObsWS:info] 19:33:39.209 Reconnecting to OBS WebSocket (30000ms backoff)…
[ObsWS:warn] 19:33:41.229 Reconnect failed: One or more errors occurred. (Unable to connect to the remote server)
[ObsWS:info] 19:34:11.236 Reconnecting to OBS WebSocket (30000ms backoff)…
[ObsWS:warn] 19:34:13.264 Reconnect failed: One or more errors occurred. (Unable to connect to the remote server)
[ObsWS:info] 19:34:43.276 Reconnecting to OBS WebSocket (30000ms backoff)…
[ObsWS:warn] 19:34:45.290 Reconnect failed: One or more errors occurred. (Unable to connect to the remote server)
[ObsWS:info] 19:35:15.300 Reconnecting to OBS WebSocket (30000ms backoff)…
[ObsWS:warn] 19:35:17.323 Reconnect failed: One or more errors occurred. (Unable to connect to the remote server)
[ObsWS:info] 19:35:47.325 Reconnecting to OBS WebSocket (30000ms backoff)…
[ObsWS:warn] 19:35:49.354 Reconnect failed: One or more errors occurred. (Unable to connect to the remote server)
[ObsWS:info] 19:36:19.366 Reconnecting to OBS WebSocket (30000ms backoff)…
[ObsWS:warn] 19:36:21.385 Reconnect failed: One or more errors occurred. (Unable to connect to the remote server)
[ObsWS:info] 19:36:51.397 Reconnecting to OBS WebSocket (30000ms backoff)…
[ObsWS:warn] 19:36:53.406 Reconnect failed: One or more errors occurred. (Unable to connect to the remote server)
[ObsWS:info] 19:37:23.416 Reconnecting to OBS WebSocket (30000ms backoff)…
[ObsWS:warn] 19:37:25.434 Reconnect failed: One or more errors occurred. (Unable to connect to the remote server)
[ObsWS:info] 19:37:55.442 Reconnecting to OBS WebSocket (30000ms backoff)…
[ObsWS:warn] 19:37:57.463 Reconnect failed: One or more errors occurred. (Unable to connect to the remote server)
[ObsWS:info] 19:38:27.465 Reconnecting to OBS WebSocket (30000ms backoff)…
[ObsWS:warn] 19:38:29.495 Reconnect failed: One or more errors occurred. (Unable to connect to the remote server)
[ObsWS:info] 19:38:59.507 Reconnecting to OBS WebSocket (30000ms backoff)…
[ObsWS:warn] 19:39:01.518 Reconnect failed: One or more errors occurred. (Unable to connect to the remote server)
[ObsWS:info] 19:39:31.527 Reconnecting to OBS WebSocket (30000ms backoff)…
[ObsWS:warn] 19:39:33.556 Reconnect failed: One or more errors occurred. (Unable to connect to the remote server)
[ObsWS:info] 19:40:03.560 Reconnecting to OBS WebSocket (30000ms backoff)…
[ObsWS:warn] 19:40:05.574 Reconnect failed: One or more errors occurred. (Unable to connect to the remote server)
[ObsWS:info] 19:40:35.588 Reconnecting to OBS WebSocket (30000ms backoff)…
[ObsWS:warn] 19:40:37.603 Reconnect failed: One or more errors occurred. (Unable to connect to the remote server)
[ObsWS:info] 19:41:07.607 Reconnecting to OBS WebSocket (30000ms backoff)…
[ObsWS:warn] 19:41:09.622 Reconnect failed: One or more errors occurred. (Unable to connect to the remote server)
[ObsWS:info] 19:41:39.627 Reconnecting to OBS WebSocket (30000ms backoff)…
[ObsWS:warn] 19:41:41.657 Reconnect failed: One or more errors occurred. (Unable to connect to the remote server)
[ObsWS:info] 19:42:11.659 Reconnecting to OBS WebSocket (30000ms backoff)…
[ObsWS:warn] 19:42:13.678 Reconnect failed: One or more errors occurred. (Unable to connect to the remote server)
[ObsWS:info] 19:42:43.690 Reconnecting to OBS WebSocket (30000ms backoff)…
[ObsWS:warn] 19:42:45.706 Reconnect failed: One or more errors occurred. (Unable to connect to the remote server)
[ObsWS:info] 19:43:15.720 Reconnecting to OBS WebSocket (30000ms backoff)…
[ObsWS:warn] 19:43:17.740 Reconnect failed: One or more errors occurred. (Unable to connect to the remote server)
[ObsWS:info] 19:43:47.744 Reconnecting to OBS WebSocket (30000ms backoff)…
[ObsWS:warn] 19:43:49.772 Reconnect failed: One or more errors occurred. (Unable to connect to the remote server)
[ObsWS:info] 19:44:19.782 Reconnecting to OBS WebSocket (30000ms backoff)…
[ObsWS:warn] 19:44:21.798 Reconnect failed: One or more errors occurred. (Unable to connect to the remote server)
[ObsWS:info] 19:44:51.800 Reconnecting to OBS WebSocket (30000ms backoff)…
[ObsWS:warn] 19:44:53.819 Reconnect failed: One or more errors occurred. (Unable to connect to the remote server)
[ObsWS:info] 19:45:23.832 Reconnecting to OBS WebSocket (30000ms backoff)…
[ObsWS:warn] 19:45:25.851 Reconnect failed: One or more errors occurred. (Unable to connect to the remote server)
[ObsWS:info] 19:45:55.863 Reconnecting to OBS WebSocket (30000ms backoff)…
[ObsWS:warn] 19:45:57.888 Reconnect failed: One or more errors occurred. (Unable to connect to the remote server)
[ObsWS:info] 19:46:27.890 Reconnecting to OBS WebSocket (30000ms backoff)…
[ObsWS:warn] 19:46:29.917 Reconnect failed: One or more errors occurred. (Unable to connect to the remote server)
[ObsWS:info] 19:46:59.925 Reconnecting to OBS WebSocket (30000ms backoff)…
[ObsWS:warn] 19:47:01.958 Reconnect failed: One or more errors occurred. (Unable to connect to the remote server)
[ObsWS:info] 19:47:31.961 Reconnecting to OBS WebSocket (30000ms backoff)…
[ObsWS:warn] 19:47:33.988 Reconnect failed: One or more errors occurred. (Unable to connect to the remote server)
[ObsWS:info] 19:48:03.993 Reconnecting to OBS WebSocket (30000ms backoff)…
[ObsWS:warn] 19:48:06.022 Reconnect failed: One or more errors occurred. (Unable to connect to the remote server)
[ObsWS:info] 19:48:36.026 Reconnecting to OBS WebSocket (30000ms backoff)…
[ObsWS:warn] 19:48:38.062 Reconnect failed: One or more errors occurred. (Unable to connect to the remote server)
[ObsWS:info] 19:49:08.067 Reconnecting to OBS WebSocket (30000ms backoff)…
[ObsWS:warn] 19:49:10.088 Reconnect failed: One or more errors occurred. (Unable to connect to the remote server)
[ObsWS:info] 19:49:40.099 Reconnecting to OBS WebSocket (30000ms backoff)…
[ObsWS:warn] 19:49:42.123 Reconnect failed: One or more errors occurred. (Unable to connect to the remote server)
[ObsWS:info] 19:50:12.128 Reconnecting to OBS WebSocket (30000ms backoff)…
[ObsWS:warn] 19:50:14.163 Reconnect failed: One or more errors occurred. (Unable to connect to the remote server)
[ObsWS:info] 19:50:44.177 Reconnecting to OBS WebSocket (30000ms backoff)…
[ObsWS:warn] 19:50:46.190 Reconnect failed: One or more errors occurred. (Unable to connect to the remote server)
[ObsWS:info] 19:51:16.206 Reconnecting to OBS WebSocket (30000ms backoff)…
[ObsWS:warn] 19:51:18.247 Reconnect failed: One or more errors occurred. (Unable to connect to the remote server)
[ObsWS:info] 19:51:48.252 Reconnecting to OBS WebSocket (30000ms backoff)…
[ObsWS:warn] 19:51:50.270 Reconnect failed: One or more errors occurred. (Unable to connect to the remote server)
[ObsWS:info] 19:52:20.281 Reconnecting to OBS WebSocket (30000ms backoff)…
[ObsWS:warn] 19:52:22.298 Reconnect failed: One or more errors occurred. (Unable to connect to the remote server)
[ObsWS:info] 19:52:52.302 Reconnecting to OBS WebSocket (30000ms backoff)…
[ObsWS:warn] 19:52:54.319 Reconnect failed: One or more errors occurred. (Unable to connect to the remote server)
[ObsWS:info] 19:53:24.331 Reconnecting to OBS WebSocket (30000ms backoff)…
[ObsWS:warn] 19:53:26.350 Reconnect failed: One or more errors occurred. (Unable to connect to the remote server)
[ObsWS:info] 19:53:56.361 Reconnecting to OBS WebSocket (30000ms backoff)…
[ObsWS:warn] 19:53:58.393 Reconnect failed: One or more errors occurred. (Unable to connect to the remote server)
[ObsWS:info] 19:54:28.402 Reconnecting to OBS WebSocket (30000ms backoff)…
[ObsWS:warn] 19:54:30.418 Reconnect failed: One or more errors occurred. (Unable to connect to the remote server)
[ObsWS:info] 19:55:00.431 Reconnecting to OBS WebSocket (30000ms backoff)…
[ObsWS:warn] 19:55:02.450 Reconnect failed: One or more errors occurred. (Unable to connect to the remote server)
[ObsWS:info] 19:55:32.465 Reconnecting to OBS WebSocket (30000ms backoff)…
[ObsWS:warn] 19:55:34.481 Reconnect failed: One or more errors occurred. (Unable to connect to the remote server)
[ObsWS:info] 19:56:04.494 Reconnecting to OBS WebSocket (30000ms backoff)…
[ObsWS:warn] 19:56:06.514 Reconnect failed: One or more errors occurred. (Unable to connect to the remote server)
[ObsWS:info] 19:56:36.522 Reconnecting to OBS WebSocket (30000ms backoff)…
[ObsWS:warn] 19:56:38.548 Reconnect failed: One or more errors occurred. (Unable to connect to the remote server)
[ObsWS:info] 19:57:08.551 Reconnecting to OBS WebSocket (30000ms backoff)…
[ObsWS:warn] 19:57:10.566 Reconnect failed: One or more errors occurred. (Unable to connect to the remote server)
[ObsWS:info] 19:57:40.582 Reconnecting to OBS WebSocket (30000ms backoff)…
[ObsWS:warn] 19:57:42.608 Reconnect failed: One or more errors occurred. (Unable to connect to the remote server)
[ObsWS:info] 19:58:12.615 Reconnecting to OBS WebSocket (30000ms backoff)…
[ObsWS:warn] 19:58:14.645 Reconnect failed: One or more errors occurred. (Unable to connect to the remote server)
[ObsWS:info] 19:58:44.646 Reconnecting to OBS WebSocket (30000ms backoff)…
[ObsWS:warn] 19:58:46.670 Reconnect failed: One or more errors occurred. (Unable to connect to the remote server)
[ObsWS:info] 19:59:16.677 Reconnecting to OBS WebSocket (30000ms backoff)…
[ObsWS:warn] 19:59:18.695 Reconnect failed: One or more errors occurred. (Unable to connect to the remote server)
[ObsWS:info] 19:59:48.709 Reconnecting to OBS WebSocket (30000ms backoff)…
[ObsWS:warn] 19:59:50.727 Reconnect failed: One or more errors occurred. (Unable to connect to the remote server)
[ObsWS:info] 20:00:20.730 Reconnecting to OBS WebSocket (30000ms backoff)…
[ObsWS:warn] 20:00:22.747 Reconnect failed: One or more errors occurred. (Unable to connect to the remote server)
[ObsWS:info] 20:00:52.750 Reconnecting to OBS WebSocket (30000ms backoff)…
[ObsWS:warn] 20:00:54.765 Reconnect failed: One or more errors occurred. (Unable to connect to the remote server)
[ObsWS:info] 20:01:24.769 Reconnecting to OBS WebSocket (30000ms backoff)…
[ObsWS:warn] 20:01:26.785 Reconnect failed: One or more errors occurred. (Unable to connect to the remote server)
[ObsWS:info] 20:01:56.794 Reconnecting to OBS WebSocket (30000ms backoff)…
[ObsWS:warn] 20:01:58.819 Reconnect failed: One or more errors occurred. (Unable to connect to the remote server)
[ObsWS:info] 20:02:28.834 Reconnecting to OBS WebSocket (30000ms backoff)…
[ObsWS:warn] 20:02:30.853 Reconnect failed: One or more errors occurred. (Unable to connect to the remote server)
[ObsWS:info] 20:03:00.864 Reconnecting to OBS WebSocket (30000ms backoff)…
[ObsWS:warn] 20:03:02.890 Reconnect failed: One or more errors occurred. (Unable to connect to the remote server)
[ObsWS:info] 20:03:32.893 Reconnecting to OBS WebSocket (30000ms backoff)…
[ObsWS:warn] 20:03:34.918 Reconnect failed: One or more errors occurred. (Unable to connect to the remote server)
[ObsWS:info] 20:04:04.925 Reconnecting to OBS WebSocket (30000ms backoff)…
[ObsWS:warn] 20:04:06.937 Reconnect failed: One or more errors occurred. (Unable to connect to the remote server)
[ObsWS:info] 20:04:36.946 Reconnecting to OBS WebSocket (30000ms backoff)…
[ObsWS:warn] 20:04:38.978 Reconnect failed: One or more errors occurred. (Unable to connect to the remote server)
[ObsWS:info] 20:05:08.982 Reconnecting to OBS WebSocket (30000ms backoff)…
[ObsWS:warn] 20:05:10.996 Reconnect failed: One or more errors occurred. (Unable to connect to the remote server)
[ObsWS:info] 20:05:41.000 Reconnecting to OBS WebSocket (30000ms backoff)…
[ObsWS:warn] 20:05:43.014 Reconnect failed: One or more errors occurred. (Unable to connect to the remote server)
[ObsWS:info] 20:06:13.028 Reconnecting to OBS WebSocket (30000ms backoff)…
[ObsWS:warn] 20:06:15.051 Reconnect failed: One or more errors occurred. (Unable to connect to the remote server)
[ObsWS:info] 20:06:45.055 Reconnecting to OBS WebSocket (30000ms backoff)…
[ObsWS:warn] 20:06:47.074 Reconnect failed: One or more errors occurred. (Unable to connect to the remote server)
[ObsWS:info] 20:07:17.077 Reconnecting to OBS WebSocket (30000ms backoff)…
[ObsWS:warn] 20:07:19.104 Reconnect failed: One or more errors occurred. (Unable to connect to the remote server)
[ObsWS:info] 20:07:49.120 Reconnecting to OBS WebSocket (30000ms backoff)…
[ObsWS:warn] 20:07:51.152 Reconnect failed: One or more errors occurred. (Unable to connect to the remote server)
[ObsWS:info] 20:08:21.165 Reconnecting to OBS WebSocket (30000ms backoff)…
[ObsWS:warn] 20:08:23.194 Reconnect failed: One or more errors occurred. (Unable to connect to the remote server)
[ObsWS:info] 20:08:53.197 Reconnecting to OBS WebSocket (30000ms backoff)…
[ObsWS:warn] 20:08:55.215 Reconnect failed: One or more errors occurred. (Unable to connect to the remote server)
[ObsWS:info] 20:09:25.227 Reconnecting to OBS WebSocket (30000ms backoff)…
[ObsWS:warn] 20:09:27.253 Reconnect failed: One or more errors occurred. (Unable to connect to the remote server)
[ObsWS:info] 20:09:57.264 Reconnecting to OBS WebSocket (30000ms backoff)…
[ObsWS:warn] 20:09:59.303 Reconnect failed: One or more errors occurred. (Unable to connect to the remote server)
[ObsWS:info] 20:10:29.318 Reconnecting to OBS WebSocket (30000ms backoff)…
[ObsWS:warn] 20:10:31.332 Reconnect failed: One or more errors occurred. (Unable to connect to the remote server)
[ObsWS:info] 20:11:01.348 Reconnecting to OBS WebSocket (30000ms backoff)…
[ObsWS:warn] 20:11:03.367 Reconnect failed: One or more errors occurred. (Unable to connect to the remote server)
[ObsWS:info] 20:11:33.375 Reconnecting to OBS WebSocket (30000ms backoff)…
[ObsWS:warn] 20:11:35.404 Reconnect failed: One or more errors occurred. (Unable to connect to the remote server)
[ObsWS:info] 20:12:05.406 Reconnecting to OBS WebSocket (30000ms backoff)…
[ObsWS:warn] 20:12:07.433 Reconnect failed: One or more errors occurred. (Unable to connect to the remote server)
[ObsWS:info] 20:12:37.444 Reconnecting to OBS WebSocket (30000ms backoff)…
[ObsWS:warn] 20:12:39.461 Reconnect failed: One or more errors occurred. (Unable to connect to the remote server)
[ObsWS:info] 20:13:09.474 Reconnecting to OBS WebSocket (30000ms backoff)…
[ObsWS:warn] 20:13:11.496 Reconnect failed: One or more errors occurred. (Unable to connect to the remote server)
[ObsWS:info] 20:13:41.500 Reconnecting to OBS WebSocket (30000ms backoff)…
[ObsWS:warn] 20:13:43.514 Reconnect failed: One or more errors occurred. (Unable to connect to the remote server)
[ObsWS:info] 20:14:13.527 Reconnecting to OBS WebSocket (30000ms backoff)…
[ObsWS:warn] 20:14:15.544 Reconnect failed: One or more errors occurred. (Unable to connect to the remote server)
[ObsWS:info] 20:14:45.554 Reconnecting to OBS WebSocket (30000ms backoff)…
[ObsWS:warn] 20:14:47.580 Reconnect failed: One or more errors occurred. (Unable to connect to the remote server)
[ObsWS:info] 20:15:17.593 Reconnecting to OBS WebSocket (30000ms backoff)…
[ObsWS:warn] 20:15:19.608 Reconnect failed: One or more errors occurred. (Unable to connect to the remote server)
[ObsWS:info] 20:15:49.623 Reconnecting to OBS WebSocket (30000ms backoff)…
[ObsWS:warn] 20:15:51.641 Reconnect failed: One or more errors occurred. (Unable to connect to the remote server)
[ObsWS:info] 20:16:21.650 Reconnecting to OBS WebSocket (30000ms backoff)…
[ObsWS:warn] 20:16:23.668 Reconnect failed: One or more errors occurred. (Unable to connect to the remote server)
[ObsWS:info] 20:16:53.683 Reconnecting to OBS WebSocket (30000ms backoff)…
[ObsWS:warn] 20:16:55.705 Reconnect failed: One or more errors occurred. (Unable to connect to the remote server)
[ObsWS:info] 20:17:25.716 Reconnecting to OBS WebSocket (30000ms backoff)…
[ObsWS:warn] 20:17:27.742 Reconnect failed: One or more errors occurred. (Unable to connect to the remote server)
[ObsWS:info] 20:17:57.754 Reconnecting to OBS WebSocket (30000ms backoff)…
[ObsWS:warn] 20:17:59.778 Reconnect failed: One or more errors occurred. (Unable to connect to the remote server)
[ObsWS:info] 20:18:29.788 Reconnecting to OBS WebSocket (30000ms backoff)…
[ObsWS:warn] 20:18:31.804 Reconnect failed: One or more errors occurred. (Unable to connect to the remote server)
[ObsWS:info] 20:19:01.815 Reconnecting to OBS WebSocket (30000ms backoff)…
[ObsWS:warn] 20:19:03.835 Reconnect failed: One or more errors occurred. (Unable to connect to the remote server)
[ObsWS:info] 20:19:33.845 Reconnecting to OBS WebSocket (30000ms backoff)…
[ObsWS:warn] 20:19:35.864 Reconnect failed: One or more errors occurred. (Unable to connect to the remote server)
[ObsWS:info] 20:20:05.873 Reconnecting to OBS WebSocket (30000ms backoff)…
[ObsWS:warn] 20:20:07.890 Reconnect failed: One or more errors occurred. (Unable to connect to the remote server)
[ObsWS:info] 20:20:37.895 Reconnecting to OBS WebSocket (30000ms backoff)…
[ObsWS:warn] 20:20:39.920 Reconnect failed: One or more errors occurred. (Unable to connect to the remote server)
[ObsWS:info] 20:21:09.926 Reconnecting to OBS WebSocket (30000ms backoff)…
[ObsWS:warn] 20:21:11.939 Reconnect failed: One or more errors occurred. (Unable to connect to the remote server)
[ObsWS:info] 20:21:41.951 Reconnecting to OBS WebSocket (30000ms backoff)…
[ObsWS:warn] 20:21:43.988 Reconnect failed: One or more errors occurred. (Unable to connect to the remote server)
[ObsWS:info] 20:22:13.997 Reconnecting to OBS WebSocket (30000ms backoff)…
[ObsWS:warn] 20:22:16.018 Reconnect failed: One or more errors occurred. (Unable to connect to the remote server)
[ObsWS:info] 20:22:46.033 Reconnecting to OBS WebSocket (30000ms backoff)…
[ObsWS:warn] 20:22:48.048 Reconnect failed: One or more errors occurred. (Unable to connect to the remote server)
[ObsWS:info] 20:23:18.055 Reconnecting to OBS WebSocket (30000ms backoff)…
[ObsWS:warn] 20:23:20.078 Reconnect failed: One or more errors occurred. (Unable to connect to the remote server)
[ObsWS:info] 20:23:50.084 Reconnecting to OBS WebSocket (30000ms backoff)…
[ObsWS:warn] 20:23:52.105 Reconnect failed: One or more errors occurred. (Unable to connect to the remote server)
[ObsWS:info] 20:24:22.116 Reconnecting to OBS WebSocket (30000ms backoff)…
[ObsWS:warn] 20:24:24.147 Reconnect failed: One or more errors occurred. (Unable to connect to the remote server)
[ObsWS:info] 20:24:54.148 Reconnecting to OBS WebSocket (30000ms backoff)…
[ObsWS:warn] 20:24:56.180 Reconnect failed: One or more errors occurred. (Unable to connect to the remote server)
[ObsWS:info] 20:25:26.194 Reconnecting to OBS WebSocket (30000ms backoff)…
[ObsWS:warn] 20:25:28.224 Reconnect failed: One or more errors occurred. (Unable to connect to the remote server)
[ObsWS:info] 20:25:58.240 Reconnecting to OBS WebSocket (30000ms backoff)…
[ObsWS:warn] 20:26:00.253 Reconnect failed: One or more errors occurred. (Unable to connect to the remote server)
[ObsWS:info] 20:26:30.259 Reconnecting to OBS WebSocket (30000ms backoff)…
[ObsWS:warn] 20:26:32.291 Reconnect failed: One or more errors occurred. (Unable to connect to the remote server)
[ObsWS:info] 20:27:02.293 Reconnecting to OBS WebSocket (30000ms backoff)…
[ObsWS:warn] 20:27:04.310 Reconnect failed: One or more errors occurred. (Unable to connect to the remote server)
[ObsWS:info] 20:27:34.314 Reconnecting to OBS WebSocket (30000ms backoff)…
[ObsWS:warn] 20:27:36.363 Reconnect failed: One or more errors occurred. (Unable to connect to the remote server)
[ObsWS:info] 20:28:06.370 Reconnecting to OBS WebSocket (30000ms backoff)…
[ObsWS:warn] 20:28:08.412 Reconnect failed: One or more errors occurred. (Unable to connect to the remote server)
[ObsWS:info] 20:28:38.420 Reconnecting to OBS WebSocket (30000ms backoff)…
[ObsWS:warn] 20:28:40.466 Reconnect failed: One or more errors occurred. (Unable to connect to the remote server)
[ObsWS:info] 20:29:10.468 Reconnecting to OBS WebSocket (30000ms backoff)…
[ObsWS:warn] 20:29:12.498 Reconnect failed: One or more errors occurred. (Unable to connect to the remote server)
[ObsWS:info] 20:29:42.506 Reconnecting to OBS WebSocket (30000ms backoff)…
[ObsWS:warn] 20:29:44.540 Reconnect failed: One or more errors occurred. (Unable to connect to the remote server)
[ObsWS:info] 20:30:14.546 Reconnecting to OBS WebSocket (30000ms backoff)…
[ObsWS:warn] 20:30:16.574 Reconnect failed: One or more errors occurred. (Unable to connect to the remote server)
[ObsWS:info] 20:30:46.575 Reconnecting to OBS WebSocket (30000ms backoff)…
[ObsWS:warn] 20:30:48.631 Reconnect failed: One or more errors occurred. (Unable to connect to the remote server)
[ObsWS:info] 20:31:18.637 Reconnecting to OBS WebSocket (30000ms backoff)…
[ObsWS:warn] 20:31:20.645 Reconnect failed: One or more errors occurred. (Unable to connect to the remote server)
[ObsWS:info] 20:31:50.646 Reconnecting to OBS WebSocket (30000ms backoff)…
[ObsWS:warn] 20:31:52.684 Reconnect failed: One or more errors occurred. (Unable to connect to the remote server)
[ObsWS:info] 20:32:22.686 Reconnecting to OBS WebSocket (30000ms backoff)…
[ObsWS:warn] 20:32:24.732 Reconnect failed: One or more errors occurred. (Unable to connect to the remote server)
[ObsWS:info] 20:32:54.736 Reconnecting to OBS WebSocket (30000ms backoff)…
[ObsWS:warn] 20:32:56.763 Reconnect failed: One or more errors occurred. (Unable to connect to the remote server)
[ObsWS:info] 20:33:26.774 Reconnecting to OBS WebSocket (30000ms backoff)…
[ObsWS:warn] 20:33:28.803 Reconnect failed: One or more errors occurred. (Unable to connect to the remote server)
[ObsWS:info] 20:33:58.819 Reconnecting to OBS WebSocket (30000ms backoff)…
[ObsWS:warn] 20:34:00.834 Reconnect failed: One or more errors occurred. (Unable to connect to the remote server)
[ObsWS:info] 20:34:30.847 Reconnecting to OBS WebSocket (30000ms backoff)…
[ObsWS:warn] 20:34:32.872 Reconnect failed: One or more errors occurred. (Unable to connect to the remote server)
[ObsWS:info] 20:35:02.885 Reconnecting to OBS WebSocket (30000ms backoff)…
[ObsWS:warn] 20:35:04.921 Reconnect failed: One or more errors occurred. (Unable to connect to the remote server)
[ObsWS:info] 20:35:34.934 Reconnecting to OBS WebSocket (30000ms backoff)…
[ObsWS:warn] 20:35:36.973 Reconnect failed: One or more errors occurred. (Unable to connect to the remote server)
[ObsWS:info] 20:36:06.987 Reconnecting to OBS WebSocket (30000ms backoff)…
[ObsWS:warn] 20:36:08.995 Reconnect failed: One or more errors occurred. (Unable to connect to the remote server)
[ObsWS:info] 20:36:39.006 Reconnecting to OBS WebSocket (30000ms backoff)…
[ObsWS:warn] 20:36:41.054 Reconnect failed: One or more errors occurred. (Unable to connect to the remote server)
[ObsWS:info] 20:37:11.065 Reconnecting to OBS WebSocket (30000ms backoff)…
[ObsWS:warn] 20:37:13.078 Reconnect failed: One or more errors occurred. (Unable to connect to the remote server)
[ObsWS:info] 20:37:43.085 Reconnecting to OBS WebSocket (30000ms backoff)…
[ObsWS:warn] 20:37:45.118 Reconnect failed: One or more errors occurred. (Unable to connect to the remote server)
[ObsWS:info] 20:38:15.126 Reconnecting to OBS WebSocket (30000ms backoff)…
[ObsWS:warn] 20:38:17.156 Reconnect failed: One or more errors occurred. (Unable to connect to the remote server)
[ObsWS:info] 20:38:47.170 Reconnecting to OBS WebSocket (30000ms backoff)…
[ObsWS:warn] 20:38:49.197 Reconnect failed: One or more errors occurred. (Unable to connect to the remote server)
[ObsWS:info] 20:39:19.210 Reconnecting to OBS WebSocket (30000ms backoff)…
[ObsWS:warn] 20:39:21.230 Reconnect failed: One or more errors occurred. (Unable to connect to the remote server)
[ObsWS:info] 20:39:51.238 Reconnecting to OBS WebSocket (30000ms backoff)…
[ObsWS:warn] 20:39:53.250 Reconnect failed: One or more errors occurred. (Unable to connect to the remote server)
[ObsWS:info] 20:40:23.269 Reconnecting to OBS WebSocket (30000ms backoff)…
[ObsWS:warn] 20:40:25.326 Reconnect failed: One or more errors occurred. (Unable to connect to the remote server)
[ObsWS:info] 20:40:55.340 Reconnecting to OBS WebSocket (30000ms backoff)…
[ObsWS:warn] 20:40:57.359 Reconnect failed: One or more errors occurred. (Unable to connect to the remote server)
[ObsWS:info] 20:41:27.373 Reconnecting to OBS WebSocket (30000ms backoff)…
[ObsWS:warn] 20:41:29.393 Reconnect failed: One or more errors occurred. (Unable to connect to the remote server)
[ObsWS:info] 20:41:59.403 Reconnecting to OBS WebSocket (30000ms backoff)…
[ObsWS:warn] 20:42:01.442 Reconnect failed: One or more errors occurred. (Unable to connect to the remote server)
[ObsWS:info] 20:42:31.452 Reconnecting to OBS WebSocket (30000ms backoff)…
[ObsWS:warn] 20:42:33.483 Reconnect failed: One or more errors occurred. (Unable to connect to the remote server)
[ObsWS:info] 20:43:03.498 Reconnecting to OBS WebSocket (30000ms backoff)…
[ObsWS:warn] 20:43:05.527 Reconnect failed: One or more errors occurred. (Unable to connect to the remote server)
[ObsWS:info] 20:43:35.533 Reconnecting to OBS WebSocket (30000ms backoff)…
[ObsWS:warn] 20:43:37.563 Reconnect failed: One or more errors occurred. (Unable to connect to the remote server)
[ObsWS:info] 20:44:07.567 Reconnecting to OBS WebSocket (30000ms backoff)…
[ObsWS:warn] 20:44:09.577 Reconnect failed: One or more errors occurred. (Unable to connect to the remote server)
[ObsWS:info] 20:44:39.586 Reconnecting to OBS WebSocket (30000ms backoff)…
[ObsWS:warn] 20:44:41.612 Reconnect failed: One or more errors occurred. (Unable to connect to the remote server)
[ObsWS:info] 20:45:11.620 Reconnecting to OBS WebSocket (30000ms backoff)…
[ObsWS:warn] 20:45:13.631 Reconnect failed: One or more errors occurred. (Unable to connect to the remote server)
[ObsWS:info] 20:45:43.640 Reconnecting to OBS WebSocket (30000ms backoff)…
[ObsWS:warn] 20:45:45.660 Reconnect failed: One or more errors occurred. (Unable to connect to the remote server)
[ObsWS:info] 20:46:15.664 Reconnecting to OBS WebSocket (30000ms backoff)…
[ObsWS:warn] 20:46:17.689 Reconnect failed: One or more errors occurred. (Unable to connect to the remote server)
[ObsWS:info] 20:46:47.704 Reconnecting to OBS WebSocket (30000ms backoff)…
[ObsWS:warn] 20:46:49.713 Reconnect failed: One or more errors occurred. (Unable to connect to the remote server)
[ObsWS:info] 20:47:19.725 Reconnecting to OBS WebSocket (30000ms backoff)…
[ObsWS:warn] 20:47:21.773 Reconnect failed: One or more errors occurred. (Unable to connect to the remote server)
[ObsWS:info] 20:47:51.779 Reconnecting to OBS WebSocket (30000ms backoff)…
[ObsWS:warn] 20:47:53.803 Reconnect failed: One or more errors occurred. (Unable to connect to the remote server)
[ObsWS:info] 20:48:23.804 Reconnecting to OBS WebSocket (30000ms backoff)…
[ObsWS:warn] 20:48:25.854 Reconnect failed: One or more errors occurred. (Unable to connect to the remote server)
[ObsWS:info] 20:48:55.862 Reconnecting to OBS WebSocket (30000ms backoff)…
[ObsWS:warn] 20:48:57.898 Reconnect failed: One or more errors occurred. (Unable to connect to the remote server)
[ObsWS:info] 20:49:27.900 Reconnecting to OBS WebSocket (30000ms backoff)…
[ObsWS:warn] 20:49:29.946 Reconnect failed: One or more errors occurred. (Unable to connect to the remote server)
[ObsWS:info] 20:49:59.957 Reconnecting to OBS WebSocket (30000ms backoff)…
[ObsWS:warn] 20:50:01.992 Reconnect failed: One or more errors occurred. (Unable to connect to the remote server)
[ObsWS:info] 20:50:32.008 Reconnecting to OBS WebSocket (30000ms backoff)…
[ObsWS:warn] 20:50:34.044 Reconnect failed: One or more errors occurred. (Unable to connect to the remote server)
[ObsWS:info] 20:51:04.055 Reconnecting to OBS WebSocket (30000ms backoff)…
[ObsWS:warn] 20:51:06.103 Reconnect failed: One or more errors occurred. (Unable to connect to the remote server)
[ObsWS:info] 20:51:36.114 Reconnecting to OBS WebSocket (30000ms backoff)…
[ObsWS:warn] 20:51:38.174 Reconnect failed: One or more errors occurred. (Unable to connect to the remote server)
[ObsWS:info] 20:52:08.179 Reconnecting to OBS WebSocket (30000ms backoff)…
[ObsWS:warn] 20:52:10.238 Reconnect failed: One or more errors occurred. (Unable to connect to the remote server)
[ObsWS:info] 20:52:40.249 Reconnecting to OBS WebSocket (30000ms backoff)…
[ObsWS:warn] 20:52:42.279 Reconnect failed: One or more errors occurred. (Unable to connect to the remote server)
[ObsWS:info] 20:53:12.291 Reconnecting to OBS WebSocket (30000ms backoff)…
[ObsWS:warn] 20:53:14.335 Reconnect failed: One or more errors occurred. (Unable to connect to the remote server)
[ObsWS:info] 20:53:44.341 Reconnecting to OBS WebSocket (30000ms backoff)…
[ObsWS:warn] 20:53:46.385 Reconnect failed: One or more errors occurred. (Unable to connect to the remote server)
[ObsWS:info] 20:54:16.396 Reconnecting to OBS WebSocket (30000ms backoff)…
[ObsWS:warn] 20:54:18.431 Reconnect failed: One or more errors occurred. (Unable to connect to the remote server)
[ObsWS:info] 20:54:48.441 Reconnecting to OBS WebSocket (30000ms backoff)…
[ObsWS:warn] 20:54:50.457 Reconnect failed: One or more errors occurred. (Unable to connect to the remote server)
[ObsWS:info] 20:55:20.460 Reconnecting to OBS WebSocket (30000ms backoff)…
[ObsWS:warn] 20:55:22.494 Reconnect failed: One or more errors occurred. (Unable to connect to the remote server)
[ObsWS:info] 20:55:52.502 Reconnecting to OBS WebSocket (30000ms backoff)…
[ObsWS:warn] 20:55:54.531 Reconnect failed: One or more errors occurred. (Unable to connect to the remote server)
[ObsWS:info] 20:56:24.547 Reconnecting to OBS WebSocket (30000ms backoff)…
[ObsWS:warn] 20:56:26.570 Reconnect failed: One or more errors occurred. (Unable to connect to the remote server)
[ObsWS:info] 20:56:56.574 Reconnecting to OBS WebSocket (30000ms backoff)…
[ObsWS:warn] 20:56:58.608 Reconnect failed: One or more errors occurred. (Unable to connect to the remote server)
[ObsWS:info] 20:57:28.620 Reconnecting to OBS WebSocket (30000ms backoff)…
[ObsWS:warn] 20:57:30.643 Reconnect failed: One or more errors occurred. (Unable to connect to the remote server)
[ObsWS:info] 20:58:00.651 Reconnecting to OBS WebSocket (30000ms backoff)…
[ObsWS:warn] 20:58:02.682 Reconnect failed: One or more errors occurred. (Unable to connect to the remote server)
[ObsWS:info] 20:58:32.691 Reconnecting to OBS WebSocket (30000ms backoff)…
[ObsWS:warn] 20:58:34.735 Reconnect failed: One or more errors occurred. (Unable to connect to the remote server)
[ObsWS:info] 20:59:04.743 Reconnecting to OBS WebSocket (30000ms backoff)…
[ObsWS:warn] 20:59:06.774 Reconnect failed: One or more errors occurred. (Unable to connect to the remote server)
[ObsWS:info] 20:59:36.785 Reconnecting to OBS WebSocket (30000ms backoff)…
[ObsWS:warn] 20:59:38.799 Reconnect failed: One or more errors occurred. (Unable to connect to the remote server)
[ObsWS:info] 21:00:08.809 Reconnecting to OBS WebSocket (30000ms backoff)…
[ObsWS:warn] 21:00:10.844 Reconnect failed: One or more errors occurred. (Unable to connect to the remote server)
[ObsWS:info] 21:00:40.856 Reconnecting to OBS WebSocket (30000ms backoff)…
[ObsWS:warn] 21:00:42.887 Reconnect failed: One or more errors occurred. (Unable to connect to the remote server)
[ObsWS:info] 21:01:12.899 Reconnecting to OBS WebSocket (30000ms backoff)…
[ObsWS:warn] 21:01:14.931 Reconnect failed: One or more errors occurred. (Unable to connect to the remote server)
[ObsWS:info] 21:01:44.933 Reconnecting to OBS WebSocket (30000ms backoff)…
[ObsWS:warn] 21:01:46.976 Reconnect failed: One or more errors occurred. (Unable to connect to the remote server)
[ObsWS:info] 21:02:16.983 Reconnecting to OBS WebSocket (30000ms backoff)…
[ObsWS:warn] 21:02:19.020 Reconnect failed: One or more errors occurred. (Unable to connect to the remote server)
[ObsWS:info] 21:02:49.024 Reconnecting to OBS WebSocket (30000ms backoff)…
[ObsWS:warn] 21:02:51.055 Reconnect failed: One or more errors occurred. (Unable to connect to the remote server)
[ObsWS:info] 21:03:21.060 Reconnecting to OBS WebSocket (30000ms backoff)…
[ObsWS:warn] 21:03:23.109 Reconnect failed: One or more errors occurred. (Unable to connect to the remote server)
[ObsWS:info] 21:03:53.119 Reconnecting to OBS WebSocket (30000ms backoff)…
[ObsWS:warn] 21:03:55.138 Reconnect failed: One or more errors occurred. (Unable to connect to the remote server)
[ObsWS:info] 21:04:25.141 Reconnecting to OBS WebSocket (30000ms backoff)…
[ObsWS:warn] 21:04:27.183 Reconnect failed: One or more errors occurred. (Unable to connect to the remote server)
[ObsWS:info] 21:04:57.195 Reconnecting to OBS WebSocket (30000ms backoff)…
[ObsWS:warn] 21:04:59.243 Reconnect failed: One or more errors occurred. (Unable to connect to the remote server)
[ObsWS:info] 21:05:29.254 Reconnecting to OBS WebSocket (30000ms backoff)…
[ObsWS:warn] 21:05:31.286 Reconnect failed: One or more errors occurred. (Unable to connect to the remote server)
[ObsWS:info] 21:06:01.289 Reconnecting to OBS WebSocket (30000ms backoff)…
[ObsWS:warn] 21:06:03.331 Reconnect failed: One or more errors occurred. (Unable to connect to the remote server)
[ObsWS:info] 21:06:33.337 Reconnecting to OBS WebSocket (30000ms backoff)…
[ObsWS:warn] 21:06:35.392 Reconnect failed: One or more errors occurred. (Unable to connect to the remote server)
[ObsWS:info] 21:07:05.395 Reconnecting to OBS WebSocket (30000ms backoff)…
[ObsWS:warn] 21:07:07.430 Reconnect failed: One or more errors occurred. (Unable to connect to the remote server)
[ObsWS:info] 21:07:37.431 Reconnecting to OBS WebSocket (30000ms backoff)…
[ObsWS:warn] 21:07:39.468 Reconnect failed: One or more errors occurred. (Unable to connect to the remote server)
[ObsWS:info] 21:08:09.484 Reconnecting to OBS WebSocket (30000ms backoff)…
[ObsWS:warn] 21:08:11.504 Reconnect failed: One or more errors occurred. (Unable to connect to the remote server)
[ObsWS:info] 21:08:41.515 Reconnecting to OBS WebSocket (30000ms backoff)…
[ObsWS:warn] 21:08:43.547 Reconnect failed: One or more errors occurred. (Unable to connect to the remote server)
[ObsWS:info] 21:09:13.559 Reconnecting to OBS WebSocket (30000ms backoff)…
[ObsWS:warn] 21:09:15.603 Reconnect failed: One or more errors occurred. (Unable to connect to the remote server)
[ObsWS:info] 21:09:45.605 Reconnecting to OBS WebSocket (30000ms backoff)…
[ObsWS:warn] 21:09:47.664 Reconnect failed: One or more errors occurred. (Unable to connect to the remote server)
[ObsWS:info] 21:10:17.673 Reconnecting to OBS WebSocket (30000ms backoff)…
[ObsWS:warn] 21:10:19.729 Reconnect failed: One or more errors occurred. (Unable to connect to the remote server)
[ObsWS:info] 21:10:49.731 Reconnecting to OBS WebSocket (30000ms backoff)…
[ObsWS:warn] 21:10:51.766 Reconnect failed: One or more errors occurred. (Unable to connect to the remote server)
[ObsWS:info] 21:11:21.776 Reconnecting to OBS WebSocket (30000ms backoff)…
[ObsWS:warn] 21:11:23.797 Reconnect failed: One or more errors occurred. (Unable to connect to the remote server)
[ObsWS:info] 21:11:53.797 Reconnecting to OBS WebSocket (30000ms backoff)…
[ObsWS:warn] 21:11:55.859 Reconnect failed: One or more errors occurred. (Unable to connect to the remote server)
[ObsWS:info] 21:12:25.875 Reconnecting to OBS WebSocket (30000ms backoff)…
[ObsWS:warn] 21:12:27.925 Reconnect failed: One or more errors occurred. (Unable to connect to the remote server)
[ObsWS:info] 21:12:57.931 Reconnecting to OBS WebSocket (30000ms backoff)…
[ObsWS:warn] 21:12:59.951 Reconnect failed: One or more errors occurred. (Unable to connect to the remote server)
[ObsWS:info] 21:13:29.960 Reconnecting to OBS WebSocket (30000ms backoff)…
[ObsWS:warn] 21:13:31.981 Reconnect failed: One or more errors occurred. (Unable to connect to the remote server)
[ObsWS:info] 21:14:01.993 Reconnecting to OBS WebSocket (30000ms backoff)…
[ObsWS:warn] 21:14:04.016 Reconnect failed: One or more errors occurred. (Unable to connect to the remote server)
[ObsWS:info] 21:14:34.020 Reconnecting to OBS WebSocket (30000ms backoff)…
[ObsWS:warn] 21:14:36.056 Reconnect failed: One or more errors occurred. (Unable to connect to the remote server)
[ObsWS:info] 21:15:06.068 Reconnecting to OBS WebSocket (30000ms backoff)…
[ObsWS:warn] 21:15:08.103 Reconnect failed: One or more errors occurred. (Unable to connect to the remote server)
[ObsWS:info] 21:15:38.111 Reconnecting to OBS WebSocket (30000ms backoff)…
[ObsWS:warn] 21:15:40.140 Reconnect failed: One or more errors occurred. (Unable to connect to the remote server)
[ObsWS:info] 21:16:10.153 Reconnecting to OBS WebSocket (30000ms backoff)…
[ObsWS:warn] 21:16:12.189 Reconnect failed: One or more errors occurred. (Unable to connect to the remote server)
[ObsWS:info] 21:16:42.197 Reconnecting to OBS WebSocket (30000ms backoff)…
[ObsWS:warn] 21:16:44.239 Reconnect failed: One or more errors occurred. (Unable to connect to the remote server)
[ObsWS:info] 21:17:14.248 Reconnecting to OBS WebSocket (30000ms backoff)…
[ObsWS:warn] 21:17:16.279 Reconnect failed: One or more errors occurred. (Unable to connect to the remote server)
[ObsWS:info] 21:17:46.279 Reconnecting to OBS WebSocket (30000ms backoff)…
[ObsWS:warn] 21:17:48.313 Reconnect failed: One or more errors occurred. (Unable to connect to the remote server)
[ObsWS:info] 21:18:18.322 Reconnecting to OBS WebSocket (30000ms backoff)…
[ObsWS:warn] 21:18:20.368 Reconnect failed: One or more errors occurred. (Unable to connect to the remote server)
[ObsWS:info] 21:18:50.374 Reconnecting to OBS WebSocket (30000ms backoff)…
[ObsWS:warn] 21:18:52.411 Reconnect failed: One or more errors occurred. (Unable to connect to the remote server)
[ObsWS:info] 21:19:22.413 Reconnecting to OBS WebSocket (30000ms backoff)…
[ObsWS:warn] 21:19:24.439 Reconnect failed: One or more errors occurred. (Unable to connect to the remote server)
[ObsWS:info] 21:19:54.452 Reconnecting to OBS WebSocket (30000ms backoff)…
[ObsWS:warn] 21:19:56.460 Reconnect failed: One or more errors occurred. (Unable to connect to the remote server)
[ObsWS:info] 21:20:26.466 Reconnecting to OBS WebSocket (30000ms backoff)…
[ObsWS:warn] 21:20:28.513 Reconnect failed: One or more errors occurred. (Unable to connect to the remote server)
[ObsWS:info] 21:20:58.528 Reconnecting to OBS WebSocket (30000ms backoff)…
[ObsWS:warn] 21:21:00.553 Reconnect failed: One or more errors occurred. (Unable to connect to the remote server)
[ObsWS:info] 21:21:30.563 Reconnecting to OBS WebSocket (30000ms backoff)…
[ObsWS:warn] 21:21:32.605 Reconnect failed: One or more errors occurred. (Unable to connect to the remote server)
[ObsWS:info] 21:22:02.612 Reconnecting to OBS WebSocket (30000ms backoff)…
[ObsWS:warn] 21:22:04.633 Reconnect failed: One or more errors occurred. (Unable to connect to the remote server)
[ObsWS:info] 21:22:34.638 Reconnecting to OBS WebSocket (30000ms backoff)…
[ObsWS:warn] 21:22:36.671 Reconnect failed: One or more errors occurred. (Unable to connect to the remote server)
[ObsWS:info] 21:23:06.677 Reconnecting to OBS WebSocket (30000ms backoff)…
[ObsWS:warn] 21:23:08.701 Reconnect failed: One or more errors occurred. (Unable to connect to the remote server)
[ObsWS:info] 21:23:38.711 Reconnecting to OBS WebSocket (30000ms backoff)…
[ObsWS:warn] 21:23:40.739 Reconnect failed: One or more errors occurred. (Unable to connect to the remote server)
[ObsWS:info] 21:24:10.740 Reconnecting to OBS WebSocket (30000ms backoff)…
[ObsWS:warn] 21:24:12.773 Reconnect failed: One or more errors occurred. (Unable to connect to the remote server)
[ObsWS:info] 21:24:42.777 Reconnecting to OBS WebSocket (30000ms backoff)…
[ObsWS:warn] 21:24:44.805 Reconnect failed: One or more errors occurred. (Unable to connect to the remote server)
[ObsWS:info] 21:25:14.815 Reconnecting to OBS WebSocket (30000ms backoff)…
[ObsWS:warn] 21:25:16.849 Reconnect failed: One or more errors occurred. (Unable to connect to the remote server)
[ObsWS:info] 21:25:46.862 Reconnecting to OBS WebSocket (30000ms backoff)…
[ObsWS:warn] 21:25:48.911 Reconnect failed: One or more errors occurred. (Unable to connect to the remote server)
[ObsWS:info] 21:26:18.915 Reconnecting to OBS WebSocket (30000ms backoff)…
[ObsWS:warn] 21:26:20.944 Reconnect failed: One or more errors occurred. (Unable to connect to the remote server)
[ObsWS:info] 21:26:50.960 Reconnecting to OBS WebSocket (30000ms backoff)…
[ObsWS:warn] 21:26:52.999 Reconnect failed: One or more errors occurred. (Unable to connect to the remote server)
[ObsWS:info] 21:27:23.010 Reconnecting to OBS WebSocket (30000ms backoff)…
[ObsWS:warn] 21:27:25.059 Reconnect failed: One or more errors occurred. (Unable to connect to the remote server)
[ObsWS:info] 21:27:55.074 Reconnecting to OBS WebSocket (30000ms backoff)…
[ObsWS:warn] 21:27:57.091 Reconnect failed: One or more errors occurred. (Unable to connect to the remote server)
[ObsWS:info] 21:28:27.101 Reconnecting to OBS WebSocket (30000ms backoff)…
[ObsWS:warn] 21:28:29.145 Reconnect failed: One or more errors occurred. (Unable to connect to the remote server)
[ObsWS:info] 21:28:59.150 Reconnecting to OBS WebSocket (30000ms backoff)…
[ObsWS:warn] 21:29:01.176 Reconnect failed: One or more errors occurred. (Unable to connect to the remote server)
[ObsWS:info] 21:29:31.180 Reconnecting to OBS WebSocket (30000ms backoff)…
[ObsWS:warn] 21:29:33.226 Reconnect failed: One or more errors occurred. (Unable to connect to the remote server)
[ObsWS:info] 21:30:03.241 Reconnecting to OBS WebSocket (30000ms backoff)…
[ObsWS:warn] 21:30:05.304 Reconnect failed: One or more errors occurred. (Unable to connect to the remote server)
[ObsWS:info] 21:30:35.314 Reconnecting to OBS WebSocket (30000ms backoff)…
[ObsWS:warn] 21:30:37.357 Reconnect failed: One or more errors occurred. (Unable to connect to the remote server)
[ObsWS:info] 21:31:07.363 Reconnecting to OBS WebSocket (30000ms backoff)…
[ObsWS:warn] 21:31:09.407 Reconnect failed: One or more errors occurred. (Unable to connect to the remote server)
[ObsWS:info] 21:31:39.411 Reconnecting to OBS WebSocket (30000ms backoff)…
[ObsWS:warn] 21:31:41.435 Reconnect failed: One or more errors occurred. (Unable to connect to the remote server)
[ObsWS:info] 21:32:11.439 Reconnecting to OBS WebSocket (30000ms backoff)…
[ObsWS:warn] 21:32:13.485 Reconnect failed: One or more errors occurred. (Unable to connect to the remote server)
[ObsWS:info] 21:32:43.497 Reconnecting to OBS WebSocket (30000ms backoff)…
[ObsWS:warn] 21:32:45.542 Reconnect failed: One or more errors occurred. (Unable to connect to the remote server)
[ObsWS:info] 21:33:15.607 Reconnecting to OBS WebSocket (30000ms backoff)…
[ObsWS:warn] 21:33:17.641 Reconnect failed: One or more errors occurred. (Unable to connect to the remote server)
[ObsWS:info] 21:33:47.646 Reconnecting to OBS WebSocket (30000ms backoff)…
[ObsWS:warn] 21:33:49.663 Reconnect failed: One or more errors occurred. (Unable to connect to the remote server)
[ObsWS:info] 21:34:19.676 Reconnecting to OBS WebSocket (30000ms backoff)…
[ObsWS:warn] 21:34:21.725 Reconnect failed: One or more errors occurred. (Unable to connect to the remote server)
[ObsWS:info] 21:34:51.729 Reconnecting to OBS WebSocket (30000ms backoff)…
[ObsWS:warn] 21:34:53.786 Reconnect failed: One or more errors occurred. (Unable to connect to the remote server)
[ObsWS:info] 21:35:23.793 Reconnecting to OBS WebSocket (30000ms backoff)…
[ObsWS:warn] 21:35:25.828 Reconnect failed: One or more errors occurred. (Unable to connect to the remote server)
[ObsWS:info] 21:35:55.832 Reconnecting to OBS WebSocket (30000ms backoff)…
[ObsWS:warn] 21:35:57.898 Reconnect failed: One or more errors occurred. (Unable to connect to the remote server)
[ObsWS:info] 21:36:28.040 Reconnecting to OBS WebSocket (30000ms backoff)…
[ObsWS:warn] 21:36:30.105 Reconnect failed: One or more errors occurred. (Unable to connect to the remote server)
[ObsWS:info] 21:37:00.114 Reconnecting to OBS WebSocket (30000ms backoff)…
[ObsWS:warn] 21:37:02.152 Reconnect failed: One or more errors occurred. (Unable to connect to the remote server)
[ObsWS:info] 21:37:32.166 Reconnecting to OBS WebSocket (30000ms backoff)…
[ObsWS:warn] 21:37:34.185 Reconnect failed: One or more errors occurred. (Unable to connect to the remote server)
[ObsWS:info] 21:38:04.209 Reconnecting to OBS WebSocket (30000ms backoff)…
[ObsWS:warn] 21:38:07.659 Reconnect failed: One or more errors occurred. (Unable to connect to the remote server)
[ObsWS:info] 21:38:38.074 Reconnecting to OBS WebSocket (30000ms backoff)…
[ObsWS:warn] 21:38:40.515 Reconnect failed: One or more errors occurred. (Unable to connect to the remote server)
[ObsWS:info] 21:39:10.720 Reconnecting to OBS WebSocket (30000ms backoff)…
[ObsWS:warn] 21:39:13.770 Reconnect failed: One or more errors occurred. (Unable to connect to the remote server)
[ObsWS:info] 21:39:43.785 Reconnecting to OBS WebSocket (30000ms backoff)…
[ObsWS:warn] 21:39:45.811 Reconnect failed: One or more errors occurred. (Unable to connect to the remote server)
[ObsWS:info] 21:40:15.817 Reconnecting to OBS WebSocket (30000ms backoff)…
[ObsWS:warn] 21:40:17.864 Reconnect failed: One or more errors occurred. (Unable to connect to the remote server)
[ObsWS:info] 21:40:47.879 Reconnecting to OBS WebSocket (30000ms backoff)…
[ObsWS:warn] 21:40:49.889 Reconnect failed: One or more errors occurred. (Unable to connect to the remote server)
[ObsWS:info] 21:41:19.901 Reconnecting to OBS WebSocket (30000ms backoff)…
[ObsWS:warn] 21:41:21.931 Reconnect failed: One or more errors occurred. (Unable to connect to the remote server)
[ObsWS:info] 21:41:51.935 Reconnecting to OBS WebSocket (30000ms backoff)…
[ObsWS:warn] 21:41:53.989 Reconnect failed: One or more errors occurred. (Unable to connect to the remote server)
[ObsWS:info] 21:42:24.002 Reconnecting to OBS WebSocket (30000ms backoff)…
[ObsWS:warn] 21:42:26.064 Reconnect failed: One or more errors occurred. (Unable to connect to the remote server)
[ObsWS:info] 21:42:56.077 Reconnecting to OBS WebSocket (30000ms backoff)…
[ObsWS:warn] 21:42:58.123 Reconnect failed: One or more errors occurred. (Unable to connect to the remote server)
[ObsWS:info] 21:43:28.131 Reconnecting to OBS WebSocket (30000ms backoff)…
[ObsWS:warn] 21:43:30.177 Reconnect failed: One or more errors occurred. (Unable to connect to the remote server)
[ObsWS:info] 21:44:00.191 Reconnecting to OBS WebSocket (30000ms backoff)…
[ObsWS:warn] 21:44:02.234 Reconnect failed: One or more errors occurred. (Unable to connect to the remote server)
[ObsWS:info] 21:44:32.238 Reconnecting to OBS WebSocket (30000ms backoff)…
[ObsWS:warn] 21:44:34.269 Reconnect failed: One or more errors occurred. (Unable to connect to the remote server)
[ObsWS:info] 21:45:04.278 Reconnecting to OBS WebSocket (30000ms backoff)…
[ObsWS:warn] 21:45:06.321 Reconnect failed: One or more errors occurred. (Unable to connect to the remote server)
[ObsWS:info] 21:45:36.336 Reconnecting to OBS WebSocket (30000ms backoff)…
[ObsWS:warn] 21:45:38.394 Reconnect failed: One or more errors occurred. (Unable to connect to the remote server)
[ObsWS:info] 21:46:08.409 Reconnecting to OBS WebSocket (30000ms backoff)…
[ObsWS:warn] 21:46:10.454 Reconnect failed: One or more errors occurred. (Unable to connect to the remote server)
[ObsWS:info] 21:46:40.465 Reconnecting to OBS WebSocket (30000ms backoff)…
[ObsWS:warn] 21:46:42.511 Reconnect failed: One or more errors occurred. (Unable to connect to the remote server)
[ObsWS:info] 21:47:12.521 Reconnecting to OBS WebSocket (30000ms backoff)…
[ObsWS:warn] 21:47:14.549 Reconnect failed: One or more errors occurred. (Unable to connect to the remote server)
[ObsWS:info] 21:47:44.553 Reconnecting to OBS WebSocket (30000ms backoff)…
[ObsWS:warn] 21:47:46.615 Reconnect failed: One or more errors occurred. (Unable to connect to the remote server)
[ObsWS:info] 21:48:16.623 Reconnecting to OBS WebSocket (30000ms backoff)…
[ObsWS:warn] 21:48:18.671 Reconnect failed: One or more errors occurred. (Unable to connect to the remote server)
[ObsWS:info] 21:48:48.674 Reconnecting to OBS WebSocket (30000ms backoff)…
[ObsWS:warn] 21:48:50.710 Reconnect failed: One or more errors occurred. (Unable to connect to the remote server)
[ObsWS:info] 21:49:20.723 Reconnecting to OBS WebSocket (30000ms backoff)…
[ObsWS:warn] 21:49:22.765 Reconnect failed: One or more errors occurred. (Unable to connect to the remote server)
[ObsWS:info] 21:49:52.768 Reconnecting to OBS WebSocket (30000ms backoff)…
[ObsWS:warn] 21:49:54.800 Reconnect failed: One or more errors occurred. (Unable to connect to the remote server)
[ObsWS:info] 21:50:24.810 Reconnecting to OBS WebSocket (30000ms backoff)…
[ObsWS:warn] 21:50:26.844 Reconnect failed: One or more errors occurred. (Unable to connect to the remote server)
[ObsWS:info] 21:50:56.848 Reconnecting to OBS WebSocket (30000ms backoff)…
[ObsWS:warn] 21:50:58.880 Reconnect failed: One or more errors occurred. (Unable to connect to the remote server)
[ObsWS:info] 21:51:28.884 Reconnecting to OBS WebSocket (30000ms backoff)…
[ObsWS:warn] 21:51:30.922 Reconnect failed: One or more errors occurred. (Unable to connect to the remote server)
[ObsWS:info] 21:52:00.935 Reconnecting to OBS WebSocket (30000ms backoff)…
[ObsWS:warn] 21:52:02.964 Reconnect failed: One or more errors occurred. (Unable to connect to the remote server)
[ObsWS:info] 21:52:32.979 Reconnecting to OBS WebSocket (30000ms backoff)…
[ObsWS:warn] 21:52:35.013 Reconnect failed: One or more errors occurred. (Unable to connect to the remote server)
[ObsWS:info] 21:53:05.018 Reconnecting to OBS WebSocket (30000ms backoff)…
[ObsWS:warn] 21:53:07.064 Reconnect failed: One or more errors occurred. (Unable to connect to the remote server)
[ObsWS:info] 21:53:37.082 Reconnecting to OBS WebSocket (30000ms backoff)…
[ObsWS:warn] 21:53:39.123 Reconnect failed: One or more errors occurred. (Unable to connect to the remote server)
[ObsWS:info] 21:54:09.129 Reconnecting to OBS WebSocket (30000ms backoff)…
[ObsWS:warn] 21:54:11.176 Reconnect failed: One or more errors occurred. (Unable to connect to the remote server)
[ObsWS:info] 21:54:41.192 Reconnecting to OBS WebSocket (30000ms backoff)…
[ObsWS:warn] 21:54:43.231 Reconnect failed: One or more errors occurred. (Unable to connect to the remote server)
[ObsWS:info] 21:55:13.233 Reconnecting to OBS WebSocket (30000ms backoff)…
[ObsWS:warn] 21:55:15.284 Reconnect failed: One or more errors occurred. (Unable to connect to the remote server)
[ObsWS:info] 21:55:45.291 Reconnecting to OBS WebSocket (30000ms backoff)…
[ObsWS:warn] 21:55:47.329 Reconnect failed: One or more errors occurred. (Unable to connect to the remote server)
[ObsWS:info] 21:56:17.344 Reconnecting to OBS WebSocket (30000ms backoff)…
[ObsWS:warn] 21:56:19.379 Reconnect failed: One or more errors occurred. (Unable to connect to the remote server)
[ObsWS:info] 21:56:49.391 Reconnecting to OBS WebSocket (30000ms backoff)…
[ObsWS:warn] 21:56:51.458 Reconnect failed: One or more errors occurred. (Unable to connect to the remote server)
[ObsWS:info] 21:57:21.469 Reconnecting to OBS WebSocket (30000ms backoff)…
[ObsWS:warn] 21:57:23.503 Reconnect failed: One or more errors occurred. (Unable to connect to the remote server)
[ObsWS:info] 21:57:53.517 Reconnecting to OBS WebSocket (30000ms backoff)…
[ObsWS:warn] 21:57:55.555 Reconnect failed: One or more errors occurred. (Unable to connect to the remote server)
[ObsWS:info] 21:58:25.570 Reconnecting to OBS WebSocket (30000ms backoff)…
[ObsWS:warn] 21:58:27.614 Reconnect failed: One or more errors occurred. (Unable to connect to the remote server)
[ObsWS:info] 21:58:57.624 Reconnecting to OBS WebSocket (30000ms backoff)…
[ObsWS:warn] 21:58:59.673 Reconnect failed: One or more errors occurred. (Unable to connect to the remote server)
[ObsWS:info] 21:59:29.680 Reconnecting to OBS WebSocket (30000ms backoff)…
[ObsWS:warn] 21:59:31.706 Reconnect failed: One or more errors occurred. (Unable to connect to the remote server)
[ObsWS:info] 22:00:01.716 Reconnecting to OBS WebSocket (30000ms backoff)…
[ObsWS:warn] 22:00:03.760 Reconnect failed: One or more errors occurred. (Unable to connect to the remote server)
[ObsWS:info] 22:00:33.761 Reconnecting to OBS WebSocket (30000ms backoff)…
[ObsWS:warn] 22:00:35.799 Reconnect failed: One or more errors occurred. (Unable to connect to the remote server)
[ObsWS:info] 22:01:05.809 Reconnecting to OBS WebSocket (30000ms backoff)…
[ObsWS:warn] 22:01:07.838 Reconnect failed: One or more errors occurred. (Unable to connect to the remote server)
[ObsWS:info] 22:01:37.854 Reconnecting to OBS WebSocket (30000ms backoff)…
[ObsWS:warn] 22:01:39.901 Reconnect failed: One or more errors occurred. (Unable to connect to the remote server)
[ObsWS:info] 22:02:09.910 Reconnecting to OBS WebSocket (30000ms backoff)…
[ObsWS:warn] 22:02:11.964 Reconnect failed: One or more errors occurred. (Unable to connect to the remote server)
[ObsWS:info] 22:02:41.974 Reconnecting to OBS WebSocket (30000ms backoff)…
[ObsWS:warn] 22:02:44.002 Reconnect failed: One or more errors occurred. (Unable to connect to the remote server)
[ObsWS:info] 22:03:14.014 Reconnecting to OBS WebSocket (30000ms backoff)…
[ObsWS:warn] 22:03:16.047 Reconnect failed: One or more errors occurred. (Unable to connect to the remote server)
[ObsWS:info] 22:03:46.060 Reconnecting to OBS WebSocket (30000ms backoff)…
[ObsWS:warn] 22:03:48.101 Reconnect failed: One or more errors occurred. (Unable to connect to the remote server)
[ObsWS:info] 22:04:18.111 Reconnecting to OBS WebSocket (30000ms backoff)…
[ObsWS:warn] 22:04:20.145 Reconnect failed: One or more errors occurred. (Unable to connect to the remote server)
[ObsWS:info] 22:04:50.151 Reconnecting to OBS WebSocket (30000ms backoff)…
[ObsWS:warn] 22:04:52.199 Reconnect failed: One or more errors occurred. (Unable to connect to the remote server)
[ObsWS:info] 22:05:22.212 Reconnecting to OBS WebSocket (30000ms backoff)…
[ObsWS:warn] 22:05:24.249 Reconnect failed: One or more errors occurred. (Unable to connect to the remote server)
[ObsWS:info] 22:05:54.265 Reconnecting to OBS WebSocket (30000ms backoff)…
[ObsWS:warn] 22:05:56.314 Reconnect failed: One or more errors occurred. (Unable to connect to the remote server)
[ObsWS:info] 22:06:26.328 Reconnecting to OBS WebSocket (30000ms backoff)…
[ObsWS:warn] 22:06:28.357 Reconnect failed: One or more errors occurred. (Unable to connect to the remote server)
[ObsWS:info] 22:06:58.358 Reconnecting to OBS WebSocket (30000ms backoff)…
[ObsWS:warn] 22:07:00.389 Reconnect failed: One or more errors occurred. (Unable to connect to the remote server)
[ObsWS:info] 22:07:30.397 Reconnecting to OBS WebSocket (30000ms backoff)…
[ObsWS:warn] 22:07:32.416 Reconnect failed: One or more errors occurred. (Unable to connect to the remote server)
[ObsWS:info] 22:08:02.432 Reconnecting to OBS WebSocket (30000ms backoff)…
[ObsWS:warn] 22:08:04.463 Reconnect failed: One or more errors occurred. (Unable to connect to the remote server)
[ObsWS:info] 22:08:34.472 Reconnecting to OBS WebSocket (30000ms backoff)…
[ObsWS:warn] 22:08:36.510 Reconnect failed: One or more errors occurred. (Unable to connect to the remote server)
[ObsWS:info] 22:09:06.517 Reconnecting to OBS WebSocket (30000ms backoff)…
[ObsWS:warn] 22:09:08.543 Reconnect failed: One or more errors occurred. (Unable to connect to the remote server)
[ObsWS:info] 22:09:38.558 Reconnecting to OBS WebSocket (30000ms backoff)…
[ObsWS:warn] 22:09:40.610 Reconnect failed: One or more errors occurred. (Unable to connect to the remote server)
[ObsWS:info] 22:10:10.623 Reconnecting to OBS WebSocket (30000ms backoff)…
[ObsWS:warn] 22:10:12.668 Reconnect failed: One or more errors occurred. (Unable to connect to the remote server)
[ObsWS:info] 22:10:42.683 Reconnecting to OBS WebSocket (30000ms backoff)…
[ObsWS:warn] 22:10:44.706 Reconnect failed: One or more errors occurred. (Unable to connect to the remote server)
[ObsWS:info] 22:11:14.722 Reconnecting to OBS WebSocket (30000ms backoff)…
[ObsWS:warn] 22:11:16.793 Reconnect failed: One or more errors occurred. (Unable to connect to the remote server)
[ObsWS:info] 22:11:46.806 Reconnecting to OBS WebSocket (30000ms backoff)…
[ObsWS:warn] 22:11:48.820 Reconnect failed: One or more errors occurred. (Unable to connect to the remote server)
[ObsWS:info] 22:12:18.835 Reconnecting to OBS WebSocket (30000ms backoff)…
[ObsWS:warn] 22:12:20.876 Reconnect failed: One or more errors occurred. (Unable to connect to the remote server)
[ObsWS:info] 22:12:50.884 Reconnecting to OBS WebSocket (30000ms backoff)…
[ObsWS:warn] 22:12:52.907 Reconnect failed: One or more errors occurred. (Unable to connect to the remote server)
[ObsWS:info] 22:13:22.916 Reconnecting to OBS WebSocket (30000ms backoff)…
[ObsWS:warn] 22:13:24.945 Reconnect failed: One or more errors occurred. (Unable to connect to the remote server)
[ObsWS:info] 22:13:54.953 Reconnecting to OBS WebSocket (30000ms backoff)…
[ObsWS:warn] 22:13:57.001 Reconnect failed: One or more errors occurred. (Unable to connect to the remote server)
[ObsWS:info] 22:14:27.011 Reconnecting to OBS WebSocket (30000ms backoff)…
[ObsWS:warn] 22:14:29.073 Reconnect failed: One or more errors occurred. (Unable to connect to the remote server)
[ObsWS:info] 22:14:59.078 Reconnecting to OBS WebSocket (30000ms backoff)…
[ObsWS:warn] 22:15:01.116 Reconnect failed: One or more errors occurred. (Unable to connect to the remote server)
[ObsWS:info] 22:15:31.129 Reconnecting to OBS WebSocket (30000ms backoff)…
[ObsWS:warn] 22:15:33.150 Reconnect failed: One or more errors occurred. (Unable to connect to the remote server)
[ObsWS:info] 22:16:03.156 Reconnecting to OBS WebSocket (30000ms backoff)…
[ObsWS:warn] 22:16:05.179 Reconnect failed: One or more errors occurred. (Unable to connect to the remote server)
[ObsWS:info] 22:16:35.182 Reconnecting to OBS WebSocket (30000ms backoff)…
[ObsWS:warn] 22:16:37.205 Reconnect failed: One or more errors occurred. (Unable to connect to the remote server)
[ObsWS:info] 22:17:07.219 Reconnecting to OBS WebSocket (30000ms backoff)…
[ObsWS:warn] 22:17:09.231 Reconnect failed: One or more errors occurred. (Unable to connect to the remote server)
[ObsWS:info] 22:17:39.243 Reconnecting to OBS WebSocket (30000ms backoff)…
[ObsWS:warn] 22:17:41.269 Reconnect failed: One or more errors occurred. (Unable to connect to the remote server)
[ObsWS:info] 22:18:11.276 Reconnecting to OBS WebSocket (30000ms backoff)…
[ObsWS:warn] 22:18:13.322 Reconnect failed: One or more errors occurred. (Unable to connect to the remote server)
[ObsWS:info] 22:18:43.338 Reconnecting to OBS WebSocket (30000ms backoff)…
[ObsWS:warn] 22:18:45.374 Reconnect failed: One or more errors occurred. (Unable to connect to the remote server)
[ObsWS:info] 22:19:15.382 Reconnecting to OBS WebSocket (30000ms backoff)…
[ObsWS:warn] 22:19:17.409 Reconnect failed: One or more errors occurred. (Unable to connect to the remote server)
[ObsWS:info] 22:19:47.422 Reconnecting to OBS WebSocket (30000ms backoff)…
[ObsWS:warn] 22:19:49.434 Reconnect failed: One or more errors occurred. (Unable to connect to the remote server)
[ObsWS:info] 22:20:19.436 Reconnecting to OBS WebSocket (30000ms backoff)…
[ObsWS:warn] 22:20:21.474 Reconnect failed: One or more errors occurred. (Unable to connect to the remote server)
[ObsWS:info] 22:20:51.485 Reconnecting to OBS WebSocket (30000ms backoff)…
[ObsWS:warn] 22:20:53.534 Reconnect failed: One or more errors occurred. (Unable to connect to the remote server)
[ObsWS:info] 22:21:23.536 Reconnecting to OBS WebSocket (30000ms backoff)…
[ObsWS:warn] 22:21:25.562 Reconnect failed: One or more errors occurred. (Unable to connect to the remote server)
[ObsWS:info] 22:21:55.573 Reconnecting to OBS WebSocket (30000ms backoff)…
[ObsWS:warn] 22:21:57.609 Reconnect failed: One or more errors occurred. (Unable to connect to the remote server)
[ObsWS:info] 22:22:27.621 Reconnecting to OBS WebSocket (30000ms backoff)…
[ObsWS:warn] 22:22:29.668 Reconnect failed: One or more errors occurred. (Unable to connect to the remote server)
[ObsWS:info] 22:22:59.679 Reconnecting to OBS WebSocket (30000ms backoff)…
[ObsWS:warn] 22:23:01.709 Reconnect failed: One or more errors occurred. (Unable to connect to the remote server)
[ObsWS:info] 22:23:31.710 Reconnecting to OBS WebSocket (30000ms backoff)…
[ObsWS:warn] 22:23:33.748 Reconnect failed: One or more errors occurred. (Unable to connect to the remote server)
[ObsWS:info] 22:24:03.757 Reconnecting to OBS WebSocket (30000ms backoff)…
[ObsWS:warn] 22:24:05.781 Reconnect failed: One or more errors occurred. (Unable to connect to the remote server)
[ObsWS:info] 22:24:35.788 Reconnecting to OBS WebSocket (30000ms backoff)…
[ObsWS:warn] 22:24:37.816 Reconnect failed: One or more errors occurred. (Unable to connect to the remote server)
[ObsWS:info] 22:25:07.822 Reconnecting to OBS WebSocket (30000ms backoff)…
[ObsWS:warn] 22:25:09.868 Reconnect failed: One or more errors occurred. (Unable to connect to the remote server)
[ObsWS:info] 22:25:39.884 Reconnecting to OBS WebSocket (30000ms backoff)…
[ObsWS:warn] 22:25:41.922 Reconnect failed: One or more errors occurred. (Unable to connect to the remote server)
[ObsWS:info] 22:26:11.929 Reconnecting to OBS WebSocket (30000ms backoff)…
[ObsWS:warn] 22:26:13.968 Reconnect failed: One or more errors occurred. (Unable to connect to the remote server)
[ObsWS:info] 22:26:43.974 Reconnecting to OBS WebSocket (30000ms backoff)…
[ObsWS:warn] 22:26:45.996 Reconnect failed: One or more errors occurred. (Unable to connect to the remote server)
[ObsWS:info] 22:27:16.005 Reconnecting to OBS WebSocket (30000ms backoff)…
[ObsWS:warn] 22:27:18.047 Reconnect failed: One or more errors occurred. (Unable to connect to the remote server)
[ObsWS:info] 22:27:48.048 Reconnecting to OBS WebSocket (30000ms backoff)…
[ObsWS:warn] 22:27:50.079 Reconnect failed: One or more errors occurred. (Unable to connect to the remote server)
[ObsWS:info] 22:28:20.081 Reconnecting to OBS WebSocket (30000ms backoff)…
[ObsWS:warn] 22:28:22.117 Reconnect failed: One or more errors occurred. (Unable to connect to the remote server)
[ObsWS:info] 22:28:52.127 Reconnecting to OBS WebSocket (30000ms backoff)…
[ObsWS:warn] 22:28:54.189 Reconnect failed: One or more errors occurred. (Unable to connect to the remote server)
[ObsWS:info] 22:29:24.194 Reconnecting to OBS WebSocket (30000ms backoff)…
[ObsWS:warn] 22:29:26.245 Reconnect failed: One or more errors occurred. (Unable to connect to the remote server)
[ObsWS:info] 22:29:56.246 Reconnecting to OBS WebSocket (30000ms backoff)…
[ObsWS:warn] 22:29:58.285 Reconnect failed: One or more errors occurred. (Unable to connect to the remote server)
[ObsWS:info] 22:30:28.296 Reconnecting to OBS WebSocket (30000ms backoff)…
[ObsWS:warn] 22:30:30.331 Reconnect failed: One or more errors occurred. (Unable to connect to the remote server)
[ObsWS:info] 22:31:00.338 Reconnecting to OBS WebSocket (30000ms backoff)…
[ObsWS:warn] 22:31:02.369 Reconnect failed: One or more errors occurred. (Unable to connect to the remote server)
[ObsWS:info] 22:31:32.372 Reconnecting to OBS WebSocket (30000ms backoff)…
[ObsWS:warn] 22:31:34.399 Reconnect failed: One or more errors occurred. (Unable to connect to the remote server)
[ObsWS:info] 22:32:04.414 Reconnecting to OBS WebSocket (30000ms backoff)…
[ObsWS:warn] 22:32:06.433 Reconnect failed: One or more errors occurred. (Unable to connect to the remote server)
[ObsWS:info] 22:32:36.444 Reconnecting to OBS WebSocket (30000ms backoff)…
[ObsWS:warn] 22:32:38.477 Reconnect failed: One or more errors occurred. (Unable to connect to the remote server)
[ObsWS:info] 22:33:08.485 Reconnecting to OBS WebSocket (30000ms backoff)…
[ObsWS:warn] 22:33:10.518 Reconnect failed: One or more errors occurred. (Unable to connect to the remote server)
[ObsWS:info] 22:33:40.526 Reconnecting to OBS WebSocket (30000ms backoff)…
[ObsWS:warn] 22:33:42.543 Reconnect failed: One or more errors occurred. (Unable to connect to the remote server)
[ObsWS:info] 22:34:12.552 Reconnecting to OBS WebSocket (30000ms backoff)…
[ObsWS:warn] 22:34:14.568 Reconnect failed: One or more errors occurred. (Unable to connect to the remote server)
[ObsWS:info] 22:34:44.581 Reconnecting to OBS WebSocket (30000ms backoff)…
[ObsWS:warn] 22:34:46.605 Reconnect failed: One or more errors occurred. (Unable to connect to the remote server)
[ObsWS:info] 22:35:16.608 Reconnecting to OBS WebSocket (30000ms backoff)…
[ObsWS:warn] 22:35:18.645 Reconnect failed: One or more errors occurred. (Unable to connect to the remote server)
[ObsWS:info] 22:35:48.660 Reconnecting to OBS WebSocket (30000ms backoff)…
[ObsWS:warn] 22:35:50.693 Reconnect failed: One or more errors occurred. (Unable to connect to the remote server)
[ObsWS:info] 22:36:20.711 Reconnecting to OBS WebSocket (30000ms backoff)…
[ObsWS:warn] 22:36:22.749 Reconnect failed: One or more errors occurred. (Unable to connect to the remote server)
[ObsWS:info] 22:36:52.765 Reconnecting to OBS WebSocket (30000ms backoff)…
[ObsWS:warn] 22:36:54.810 Reconnect failed: One or more errors occurred. (Unable to connect to the remote server)
[ObsWS:info] 22:37:24.825 Reconnecting to OBS WebSocket (30000ms backoff)…
[ObsWS:warn] 22:37:26.873 Reconnect failed: One or more errors occurred. (Unable to connect to the remote server)
[ObsWS:info] 22:37:56.877 Reconnecting to OBS WebSocket (30000ms backoff)…
[ObsWS:warn] 22:37:58.925 Reconnect failed: One or more errors occurred. (Unable to connect to the remote server)
[ObsWS:info] 22:38:28.937 Reconnecting to OBS WebSocket (30000ms backoff)…
[ObsWS:warn] 22:38:30.954 Reconnect failed: One or more errors occurred. (Unable to connect to the remote server)
[ObsWS:info] 22:39:00.961 Reconnecting to OBS WebSocket (30000ms backoff)…
[ObsWS:warn] 22:39:02.991 Reconnect failed: One or more errors occurred. (Unable to connect to the remote server)
[ObsWS:info] 22:39:33.000 Reconnecting to OBS WebSocket (30000ms backoff)…
[ObsWS:warn] 22:39:35.052 Reconnect failed: One or more errors occurred. (Unable to connect to the remote server)
[ObsWS:info] 22:40:05.065 Reconnecting to OBS WebSocket (30000ms backoff)…
[ObsWS:warn] 22:40:07.105 Reconnect failed: One or more errors occurred. (Unable to connect to the remote server)
[ObsWS:info] 22:40:37.111 Reconnecting to OBS WebSocket (30000ms backoff)…
[ObsWS:warn] 22:40:39.155 Reconnect failed: One or more errors occurred. (Unable to connect to the remote server)
[ObsWS:info] 22:41:09.164 Reconnecting to OBS WebSocket (30000ms backoff)…
[ObsWS:warn] 22:41:11.187 Reconnect failed: One or more errors occurred. (Unable to connect to the remote server)
[ObsWS:info] 22:41:41.203 Reconnecting to OBS WebSocket (30000ms backoff)…
[ObsWS:warn] 22:41:43.260 Reconnect failed: One or more errors occurred. (Unable to connect to the remote server)
[ObsWS:info] 22:42:13.271 Reconnecting to OBS WebSocket (30000ms backoff)…
[ObsWS:warn] 22:42:15.301 Reconnect failed: One or more errors occurred. (Unable to connect to the remote server)
[ObsWS:info] 22:42:45.315 Reconnecting to OBS WebSocket (30000ms backoff)…
[ObsWS:warn] 22:42:47.365 Reconnect failed: One or more errors occurred. (Unable to connect to the remote server)
[ObsWS:info] 22:43:17.367 Reconnecting to OBS WebSocket (30000ms backoff)…
[ObsWS:warn] 22:43:19.385 Reconnect failed: One or more errors occurred. (Unable to connect to the remote server)
[ObsWS:info] 22:43:49.394 Reconnecting to OBS WebSocket (30000ms backoff)…
[ObsWS:warn] 22:43:51.435 Reconnect failed: One or more errors occurred. (Unable to connect to the remote server)
[ObsWS:info] 22:44:21.448 Reconnecting to OBS WebSocket (30000ms backoff)…
[ObsWS:warn] 22:44:23.472 Reconnect failed: One or more errors occurred. (Unable to connect to the remote server)
[ObsWS:info] 22:44:53.482 Reconnecting to OBS WebSocket (30000ms backoff)…
[ObsWS:warn] 22:44:55.510 Reconnect failed: One or more errors occurred. (Unable to connect to the remote server)
[ObsWS:info] 22:45:25.518 Reconnecting to OBS WebSocket (30000ms backoff)…
[ObsWS:warn] 22:45:27.539 Reconnect failed: One or more errors occurred. (Unable to connect to the remote server)
[ObsWS:info] 22:45:57.553 Reconnecting to OBS WebSocket (30000ms backoff)…
[ObsWS:warn] 22:45:59.585 Reconnect failed: One or more errors occurred. (Unable to connect to the remote server)
[ObsWS:info] 22:46:29.593 Reconnecting to OBS WebSocket (30000ms backoff)…
[ObsWS:warn] 22:46:31.618 Reconnect failed: One or more errors occurred. (Unable to connect to the remote server)
[ObsWS:info] 22:47:01.624 Reconnecting to OBS WebSocket (30000ms backoff)…
[ObsWS:warn] 22:47:03.664 Reconnect failed: One or more errors occurred. (Unable to connect to the remote server)
[ObsWS:info] 22:47:33.680 Reconnecting to OBS WebSocket (30000ms backoff)…
[ObsWS:warn] 22:47:35.711 Reconnect failed: One or more errors occurred. (Unable to connect to the remote server)
[ObsWS:info] 22:48:05.725 Reconnecting to OBS WebSocket (30000ms backoff)…
[ObsWS:warn] 22:48:07.753 Reconnect failed: One or more errors occurred. (Unable to connect to the remote server)
[ObsWS:info] 22:48:37.767 Reconnecting to OBS WebSocket (30000ms backoff)…
[ObsWS:warn] 22:48:39.814 Reconnect failed: One or more errors occurred. (Unable to connect to the remote server)
[ObsWS:info] 22:49:09.823 Reconnecting to OBS WebSocket (30000ms backoff)…
[ObsWS:warn] 22:49:11.849 Reconnect failed: One or more errors occurred. (Unable to connect to the remote server)
[ObsWS:info] 22:49:41.852 Reconnecting to OBS WebSocket (30000ms backoff)…
[ObsWS:warn] 22:49:43.889 Reconnect failed: One or more errors occurred. (Unable to connect to the remote server)
[ObsWS:info] 22:50:13.905 Reconnecting to OBS WebSocket (30000ms backoff)…
[ObsWS:warn] 22:50:15.934 Reconnect failed: One or more errors occurred. (Unable to connect to the remote server)
[ObsWS:info] 22:50:45.937 Reconnecting to OBS WebSocket (30000ms backoff)…
[ObsWS:warn] 22:50:47.976 Reconnect failed: One or more errors occurred. (Unable to connect to the remote server)
[ObsWS:info] 22:51:17.994 Reconnecting to OBS WebSocket (30000ms backoff)…
[ObsWS:warn] 22:51:20.043 Reconnect failed: One or more errors occurred. (Unable to connect to the remote server)
[ObsWS:info] 22:51:50.046 Reconnecting to OBS WebSocket (30000ms backoff)…
[ObsWS:warn] 22:51:52.060 Reconnect failed: One or more errors occurred. (Unable to connect to the remote server)
[ObsWS:info] 22:52:22.069 Reconnecting to OBS WebSocket (30000ms backoff)…
[ObsWS:warn] 22:52:24.130 Reconnect failed: One or more errors occurred. (Unable to connect to the remote server)
[ObsWS:info] 22:52:54.135 Reconnecting to OBS WebSocket (30000ms backoff)…
[ObsWS:warn] 22:52:56.158 Reconnect failed: One or more errors occurred. (Unable to connect to the remote server)
[ObsWS:info] 22:53:26.162 Reconnecting to OBS WebSocket (30000ms backoff)…
[ObsWS:warn] 22:53:28.192 Reconnect failed: One or more errors occurred. (Unable to connect to the remote server)
[ObsWS:info] 22:53:58.204 Reconnecting to OBS WebSocket (30000ms backoff)…
[ObsWS:warn] 22:54:00.269 Reconnect failed: One or more errors occurred. (Unable to connect to the remote server)
[ObsWS:info] 22:54:30.280 Reconnecting to OBS WebSocket (30000ms backoff)…
[ObsWS:warn] 22:54:32.308 Reconnect failed: One or more errors occurred. (Unable to connect to the remote server)
[ObsWS:info] 22:55:02.324 Reconnecting to OBS WebSocket (30000ms backoff)…
[ObsWS:warn] 22:55:04.378 Reconnect failed: One or more errors occurred. (Unable to connect to the remote server)
[ObsWS:info] 22:55:34.380 Reconnecting to OBS WebSocket (30000ms backoff)…
[ObsWS:warn] 22:55:36.427 Reconnect failed: One or more errors occurred. (Unable to connect to the remote server)
[ObsWS:info] 22:56:06.433 Reconnecting to OBS WebSocket (30000ms backoff)…
[ObsWS:warn] 22:56:08.444 Reconnect failed: One or more errors occurred. (Unable to connect to the remote server)
[ObsWS:info] 22:56:38.452 Reconnecting to OBS WebSocket (30000ms backoff)…
[ObsWS:warn] 22:56:40.479 Reconnect failed: One or more errors occurred. (Unable to connect to the remote server)
[ObsWS:info] 22:57:10.485 Reconnecting to OBS WebSocket (30000ms backoff)…
[ObsWS:warn] 22:57:12.519 Reconnect failed: One or more errors occurred. (Unable to connect to the remote server)
[ObsWS:info] 22:57:42.532 Reconnecting to OBS WebSocket (30000ms backoff)…
[ObsWS:warn] 22:57:44.580 Reconnect failed: One or more errors occurred. (Unable to connect to the remote server)
[ObsWS:info] 22:58:14.590 Reconnecting to OBS WebSocket (30000ms backoff)…
[ObsWS:warn] 22:58:16.624 Reconnect failed: One or more errors occurred. (Unable to connect to the remote server)
[ObsWS:info] 22:58:46.640 Reconnecting to OBS WebSocket (30000ms backoff)…
[ObsWS:warn] 22:58:48.666 Reconnect failed: One or more errors occurred. (Unable to connect to the remote server)
[ObsWS:info] 22:59:18.684 Reconnecting to OBS WebSocket (30000ms backoff)…
[ObsWS:warn] 22:59:20.740 Reconnect failed: One or more errors occurred. (Unable to connect to the remote server)
[ObsWS:info] 22:59:50.755 Reconnecting to OBS WebSocket (30000ms backoff)…
[ObsWS:warn] 22:59:52.778 Reconnect failed: One or more errors occurred. (Unable to connect to the remote server)
[ObsWS:info] 23:00:22.787 Reconnecting to OBS WebSocket (30000ms backoff)…
[ObsWS:warn] 23:00:24.813 Reconnect failed: One or more errors occurred. (Unable to connect to the remote server)
[ObsWS:info] 23:00:54.817 Reconnecting to OBS WebSocket (30000ms backoff)…
[ObsWS:warn] 23:00:56.880 Reconnect failed: One or more errors occurred. (Unable to connect to the remote server)
[ObsWS:info] 23:01:26.888 Reconnecting to OBS WebSocket (30000ms backoff)…
[ObsWS:warn] 23:01:28.911 Reconnect failed: One or more errors occurred. (Unable to connect to the remote server)
[ObsWS:info] 23:01:58.919 Reconnecting to OBS WebSocket (30000ms backoff)…
[ObsWS:warn] 23:02:00.942 Reconnect failed: One or more errors occurred. (Unable to connect to the remote server)
[ObsWS:info] 23:02:30.944 Reconnecting to OBS WebSocket (30000ms backoff)…
[ObsWS:warn] 23:02:32.976 Reconnect failed: One or more errors occurred. (Unable to connect to the remote server)
[ObsWS:info] 23:03:02.978 Reconnecting to OBS WebSocket (30000ms backoff)…
[ObsWS:warn] 23:03:04.994 Reconnect failed: One or more errors occurred. (Unable to connect to the remote server)
[ObsWS:info] 23:03:35.007 Reconnecting to OBS WebSocket (30000ms backoff)…
[ObsWS:warn] 23:03:37.068 Reconnect failed: One or more errors occurred. (Unable to connect to the remote server)
[ObsWS:info] 23:04:07.069 Reconnecting to OBS WebSocket (30000ms backoff)…
[ObsWS:warn] 23:04:09.105 Reconnect failed: One or more errors occurred. (Unable to connect to the remote server)
[ObsWS:info] 23:04:39.112 Reconnecting to OBS WebSocket (30000ms backoff)…
[ObsWS:warn] 23:04:41.160 Reconnect failed: One or more errors occurred. (Unable to connect to the remote server)
[ObsWS:info] 23:05:11.170 Reconnecting to OBS WebSocket (30000ms backoff)…
[ObsWS:warn] 23:05:13.208 Reconnect failed: One or more errors occurred. (Unable to connect to the remote server)
[ObsWS:info] 23:05:43.217 Reconnecting to OBS WebSocket (30000ms backoff)…
[ObsWS:warn] 23:05:45.244 Reconnect failed: One or more errors occurred. (Unable to connect to the remote server)
[ObsWS:info] 23:06:15.255 Reconnecting to OBS WebSocket (30000ms backoff)…
[ObsWS:warn] 23:06:17.299 Reconnect failed: One or more errors occurred. (Unable to connect to the remote server)
[ObsWS:info] 23:06:47.315 Reconnecting to OBS WebSocket (30000ms backoff)…
[ObsWS:warn] 23:06:49.346 Reconnect failed: One or more errors occurred. (Unable to connect to the remote server)
[ObsWS:info] 23:07:19.356 Reconnecting to OBS WebSocket (30000ms backoff)…
[ObsWS:warn] 23:07:21.404 Reconnect failed: One or more errors occurred. (Unable to connect to the remote server)
[ObsWS:info] 23:07:51.417 Reconnecting to OBS WebSocket (30000ms backoff)…
[ObsWS:warn] 23:07:53.448 Reconnect failed: One or more errors occurred. (Unable to connect to the remote server)
[ObsWS:info] 23:08:23.459 Reconnecting to OBS WebSocket (30000ms backoff)…
[ObsWS:warn] 23:08:25.495 Reconnect failed: One or more errors occurred. (Unable to connect to the remote server)
[ObsWS:info] 23:08:55.497 Reconnecting to OBS WebSocket (30000ms backoff)…
[ObsWS:warn] 23:08:57.522 Reconnect failed: One or more errors occurred. (Unable to connect to the remote server)
[ObsWS:info] 23:09:27.528 Reconnecting to OBS WebSocket (30000ms backoff)…
[ObsWS:warn] 23:09:29.545 Reconnect failed: One or more errors occurred. (Unable to connect to the remote server)
[ObsWS:info] 23:09:59.560 Reconnecting to OBS WebSocket (30000ms backoff)…
[ObsWS:warn] 23:10:01.599 Reconnect failed: One or more errors occurred. (Unable to connect to the remote server)
[ObsWS:info] 23:10:31.615 Reconnecting to OBS WebSocket (30000ms backoff)…
[ObsWS:warn] 23:10:33.642 Reconnect failed: One or more errors occurred. (Unable to connect to the remote server)
[ObsWS:info] 23:11:03.654 Reconnecting to OBS WebSocket (30000ms backoff)…
[ObsWS:warn] 23:11:05.685 Reconnect failed: One or more errors occurred. (Unable to connect to the remote server)
[ObsWS:info] 23:11:35.700 Reconnecting to OBS WebSocket (30000ms backoff)…
[ObsWS:warn] 23:11:37.742 Reconnect failed: One or more errors occurred. (Unable to connect to the remote server)
[ObsWS:info] 23:12:07.749 Reconnecting to OBS WebSocket (30000ms backoff)…
[ObsWS:warn] 23:12:09.777 Reconnect failed: One or more errors occurred. (Unable to connect to the remote server)
[ObsWS:info] 23:12:39.781 Reconnecting to OBS WebSocket (30000ms backoff)…
[ObsWS:warn] 23:12:41.805 Reconnect failed: One or more errors occurred. (Unable to connect to the remote server)
[ObsWS:info] 23:13:11.811 Reconnecting to OBS WebSocket (30000ms backoff)…
[ObsWS:warn] 23:13:13.863 Reconnect failed: One or more errors occurred. (Unable to connect to the remote server)
[ObsWS:info] 23:13:43.866 Reconnecting to OBS WebSocket (30000ms backoff)…
[ObsWS:warn] 23:13:45.889 Reconnect failed: One or more errors occurred. (Unable to connect to the remote server)
[ObsWS:info] 23:14:15.898 Reconnecting to OBS WebSocket (30000ms backoff)…
[ObsWS:warn] 23:14:17.919 Reconnect failed: One or more errors occurred. (Unable to connect to the remote server)
[ObsWS:info] 23:14:47.928 Reconnecting to OBS WebSocket (30000ms backoff)…
[ObsWS:warn] 23:14:49.955 Reconnect failed: One or more errors occurred. (Unable to connect to the remote server)
[ObsWS:info] 23:15:19.967 Reconnecting to OBS WebSocket (30000ms backoff)…
[ObsWS:warn] 23:15:22.003 Reconnect failed: One or more errors occurred. (Unable to connect to the remote server)
[ObsWS:info] 23:15:52.007 Reconnecting to OBS WebSocket (30000ms backoff)…
[ObsWS:warn] 23:15:54.048 Reconnect failed: One or more errors occurred. (Unable to connect to the remote server)
[ObsWS:info] 23:16:24.049 Reconnecting to OBS WebSocket (30000ms backoff)…
[ObsWS:warn] 23:16:26.076 Reconnect failed: One or more errors occurred. (Unable to connect to the remote server)
[ObsWS:info] 23:16:56.079 Reconnecting to OBS WebSocket (30000ms backoff)…
[ObsWS:warn] 23:16:58.109 Reconnect failed: One or more errors occurred. (Unable to connect to the remote server)
[ObsWS:info] 23:17:28.125 Reconnecting to OBS WebSocket (30000ms backoff)…
[ObsWS:warn] 23:17:30.157 Reconnect failed: One or more errors occurred. (Unable to connect to the remote server)
[ObsWS:info] 23:18:00.168 Reconnecting to OBS WebSocket (30000ms backoff)…
[ObsWS:warn] 23:18:02.214 Reconnect failed: One or more errors occurred. (Unable to connect to the remote server)
[ObsWS:info] 23:18:32.228 Reconnecting to OBS WebSocket (30000ms backoff)…
[ObsWS:warn] 23:18:34.262 Reconnect failed: One or more errors occurred. (Unable to connect to the remote server)
[ObsWS:info] 23:19:04.267 Reconnecting to OBS WebSocket (30000ms backoff)…
[ObsWS:warn] 23:19:06.294 Reconnect failed: One or more errors occurred. (Unable to connect to the remote server)
[ObsWS:info] 23:19:36.298 Reconnecting to OBS WebSocket (30000ms backoff)…
[ObsWS:warn] 23:19:38.327 Reconnect failed: One or more errors occurred. (Unable to connect to the remote server)
[ObsWS:info] 23:20:08.341 Reconnecting to OBS WebSocket (30000ms backoff)…
[ObsWS:warn] 23:20:10.357 Reconnect failed: One or more errors occurred. (Unable to connect to the remote server)
[ObsWS:info] 23:20:40.363 Reconnecting to OBS WebSocket (30000ms backoff)…
[ObsWS:warn] 23:20:42.413 Reconnect failed: One or more errors occurred. (Unable to connect to the remote server)
[ObsWS:info] 23:21:12.420 Reconnecting to OBS WebSocket (30000ms backoff)…
[ObsWS:warn] 23:21:14.453 Reconnect failed: One or more errors occurred. (Unable to connect to the remote server)
[ObsWS:info] 23:21:44.460 Reconnecting to OBS WebSocket (30000ms backoff)…
[ObsWS:warn] 23:21:46.483 Reconnect failed: One or more errors occurred. (Unable to connect to the remote server)
[ObsWS:info] 23:22:16.497 Reconnecting to OBS WebSocket (30000ms backoff)…
[ObsWS:warn] 23:22:18.540 Reconnect failed: One or more errors occurred. (Unable to connect to the remote server)
[ObsWS:info] 23:22:48.549 Reconnecting to OBS WebSocket (30000ms backoff)…
[ObsWS:warn] 23:22:50.577 Reconnect failed: One or more errors occurred. (Unable to connect to the remote server)
[ObsWS:info] 23:23:20.586 Reconnecting to OBS WebSocket (30000ms backoff)…
[ObsWS:warn] 23:23:22.632 Reconnect failed: One or more errors occurred. (Unable to connect to the remote server)
[ObsWS:info] 23:23:52.647 Reconnecting to OBS WebSocket (30000ms backoff)…
[ObsWS:warn] 23:23:54.696 Reconnect failed: One or more errors occurred. (Unable to connect to the remote server)
[ObsWS:info] 23:24:24.701 Reconnecting to OBS WebSocket (30000ms backoff)…
[ObsWS:warn] 23:24:26.735 Reconnect failed: One or more errors occurred. (Unable to connect to the remote server)
[ObsWS:info] 23:24:56.746 Reconnecting to OBS WebSocket (30000ms backoff)…
[ObsWS:warn] 23:24:58.779 Reconnect failed: One or more errors occurred. (Unable to connect to the remote server)
[ObsWS:info] 23:25:28.793 Reconnecting to OBS WebSocket (30000ms backoff)…
[ObsWS:warn] 23:25:30.822 Reconnect failed: One or more errors occurred. (Unable to connect to the remote server)
[ObsWS:info] 23:26:00.835 Reconnecting to OBS WebSocket (30000ms backoff)…
[ObsWS:warn] 23:26:02.877 Reconnect failed: One or more errors occurred. (Unable to connect to the remote server)
[ObsWS:info] 23:26:32.886 Reconnecting to OBS WebSocket (30000ms backoff)…
[ObsWS:warn] 23:26:34.945 Reconnect failed: One or more errors occurred. (Unable to connect to the remote server)
[ObsWS:info] 23:27:04.960 Reconnecting to OBS WebSocket (30000ms backoff)…
[ObsWS:warn] 23:27:06.978 Reconnect failed: One or more errors occurred. (Unable to connect to the remote server)
[ObsWS:info] 23:27:36.988 Reconnecting to OBS WebSocket (30000ms backoff)…
[ObsWS:warn] 23:27:39.036 Reconnect failed: One or more errors occurred. (Unable to connect to the remote server)
[ObsWS:info] 23:28:09.051 Reconnecting to OBS WebSocket (30000ms backoff)…
[ObsWS:warn] 23:28:11.096 Reconnect failed: One or more errors occurred. (Unable to connect to the remote server)
[ObsWS:info] 23:28:41.100 Reconnecting to OBS WebSocket (30000ms backoff)…
[ObsWS:warn] 23:28:43.157 Reconnect failed: One or more errors occurred. (Unable to connect to the remote server)
[ObsWS:info] 23:29:13.171 Reconnecting to OBS WebSocket (30000ms backoff)…
[ObsWS:warn] 23:29:15.207 Reconnect failed: One or more errors occurred. (Unable to connect to the remote server)
[ObsWS:info] 23:29:45.221 Reconnecting to OBS WebSocket (30000ms backoff)…
[ObsWS:warn] 23:29:47.254 Reconnect failed: One or more errors occurred. (Unable to connect to the remote server)
[ObsWS:info] 23:30:17.261 Reconnecting to OBS WebSocket (30000ms backoff)…
[ObsWS:warn] 23:30:19.287 Reconnect failed: One or more errors occurred. (Unable to connect to the remote server)
[ObsWS:info] 23:30:49.289 Reconnecting to OBS WebSocket (30000ms backoff)…
[ObsWS:warn] 23:30:51.339 Reconnect failed: One or more errors occurred. (Unable to connect to the remote server)
[ObsWS:info] 23:31:21.340 Reconnecting to OBS WebSocket (30000ms backoff)…
[ObsWS:warn] 23:31:23.368 Reconnect failed: One or more errors occurred. (Unable to connect to the remote server)
[ObsWS:info] 23:31:53.373 Reconnecting to OBS WebSocket (30000ms backoff)…
[ObsWS:warn] 23:31:55.390 Reconnect failed: One or more errors occurred. (Unable to connect to the remote server)
[ObsWS:info] 23:32:25.405 Reconnecting to OBS WebSocket (30000ms backoff)…
[ObsWS:warn] 23:32:27.434 Reconnect failed: One or more errors occurred. (Unable to connect to the remote server)
[ObsWS:info] 23:32:57.437 Reconnecting to OBS WebSocket (30000ms backoff)…
[ObsWS:warn] 23:32:59.473 Reconnect failed: One or more errors occurred. (Unable to connect to the remote server)
[ObsWS:info] 23:33:29.488 Reconnecting to OBS WebSocket (30000ms backoff)…
[ObsWS:warn] 23:33:31.533 Reconnect failed: One or more errors occurred. (Unable to connect to the remote server)
[ObsWS:info] 23:34:01.548 Reconnecting to OBS WebSocket (30000ms backoff)…
[ObsWS:warn] 23:34:03.597 Reconnect failed: One or more errors occurred. (Unable to connect to the remote server)
[ObsWS:info] 23:34:33.608 Reconnecting to OBS WebSocket (30000ms backoff)…
[ObsWS:warn] 23:34:35.648 Reconnect failed: One or more errors occurred. (Unable to connect to the remote server)
[ObsWS:info] 23:35:05.651 Reconnecting to OBS WebSocket (30000ms backoff)…
[ObsWS:warn] 23:35:07.697 Reconnect failed: One or more errors occurred. (Unable to connect to the remote server)
[ObsWS:info] 23:35:37.706 Reconnecting to OBS WebSocket (30000ms backoff)…
[ObsWS:warn] 23:35:39.745 Reconnect failed: One or more errors occurred. (Unable to connect to the remote server)
[ObsWS:info] 23:36:09.752 Reconnecting to OBS WebSocket (30000ms backoff)…
[ObsWS:warn] 23:36:11.785 Reconnect failed: One or more errors occurred. (Unable to connect to the remote server)
[ObsWS:info] 23:36:41.794 Reconnecting to OBS WebSocket (30000ms backoff)…
[ObsWS:warn] 23:36:43.835 Reconnect failed: One or more errors occurred. (Unable to connect to the remote server)
[ObsWS:info] 23:37:13.838 Reconnecting to OBS WebSocket (30000ms backoff)…
[ObsWS:warn] 23:37:15.878 Reconnect failed: One or more errors occurred. (Unable to connect to the remote server)
[ObsWS:info] 23:37:45.889 Reconnecting to OBS WebSocket (30000ms backoff)…
[ObsWS:warn] 23:37:47.935 Reconnect failed: One or more errors occurred. (Unable to connect to the remote server)
[ObsWS:info] 23:38:17.941 Reconnecting to OBS WebSocket (30000ms backoff)…
[ObsWS:warn] 23:38:19.975 Reconnect failed: One or more errors occurred. (Unable to connect to the remote server)
[ObsWS:info] 23:38:49.987 Reconnecting to OBS WebSocket (30000ms backoff)…
[ObsWS:warn] 23:38:52.018 Reconnect failed: One or more errors occurred. (Unable to connect to the remote server)
[ObsWS:info] 23:39:22.025 Reconnecting to OBS WebSocket (30000ms backoff)…
[ObsWS:warn] 23:39:24.061 Reconnect failed: One or more errors occurred. (Unable to connect to the remote server)
[ObsWS:info] 23:39:54.076 Reconnecting to OBS WebSocket (30000ms backoff)…
[ObsWS:warn] 23:39:56.126 Reconnect failed: One or more errors occurred. (Unable to connect to the remote server)
[ObsWS:info] 23:40:26.128 Reconnecting to OBS WebSocket (30000ms backoff)…
[ObsWS:warn] 23:40:28.159 Reconnect failed: One or more errors occurred. (Unable to connect to the remote server)
[ObsWS:info] 23:40:58.167 Reconnecting to OBS WebSocket (30000ms backoff)…
[ObsWS:warn] 23:41:00.205 Reconnect failed: One or more errors occurred. (Unable to connect to the remote server)
[ObsWS:info] 23:41:30.214 Reconnecting to OBS WebSocket (30000ms backoff)…
[ObsWS:warn] 23:41:32.245 Reconnect failed: One or more errors occurred. (Unable to connect to the remote server)
[ObsWS:info] 23:42:02.256 Reconnecting to OBS WebSocket (30000ms backoff)…
[ObsWS:warn] 23:42:04.309 Reconnect failed: One or more errors occurred. (Unable to connect to the remote server)
[ObsWS:info] 23:42:34.322 Reconnecting to OBS WebSocket (30000ms backoff)…
[ObsWS:warn] 23:42:36.348 Reconnect failed: One or more errors occurred. (Unable to connect to the remote server)
[ObsWS:info] 23:43:06.355 Reconnecting to OBS WebSocket (30000ms backoff)…
[ObsWS:warn] 23:43:08.377 Reconnect failed: One or more errors occurred. (Unable to connect to the remote server)
[ObsWS:info] 23:43:38.384 Reconnecting to OBS WebSocket (30000ms backoff)…
[ObsWS:warn] 23:43:40.405 Reconnect failed: One or more errors occurred. (Unable to connect to the remote server)
[ObsWS:info] 23:44:10.410 Reconnecting to OBS WebSocket (30000ms backoff)…
[ObsWS:warn] 23:44:12.439 Reconnect failed: One or more errors occurred. (Unable to connect to the remote server)
[ObsWS:info] 23:44:42.450 Reconnecting to OBS WebSocket (30000ms backoff)…
[ObsWS:warn] 23:44:44.492 Reconnect failed: One or more errors occurred. (Unable to connect to the remote server)
[ObsWS:info] 23:45:14.504 Reconnecting to OBS WebSocket (30000ms backoff)…
[ObsWS:warn] 23:45:16.528 Reconnect failed: One or more errors occurred. (Unable to connect to the remote server)
[ObsWS:info] 23:45:46.529 Reconnecting to OBS WebSocket (30000ms backoff)…
[ObsWS:warn] 23:45:48.561 Reconnect failed: One or more errors occurred. (Unable to connect to the remote server)
[ObsWS:info] 23:46:18.575 Reconnecting to OBS WebSocket (30000ms backoff)…
[ObsWS:warn] 23:46:20.610 Reconnect failed: One or more errors occurred. (Unable to connect to the remote server)
[ObsWS:info] 23:46:50.617 Reconnecting to OBS WebSocket (30000ms backoff)…
[ObsWS:warn] 23:46:52.673 Reconnect failed: One or more errors occurred. (Unable to connect to the remote server)
[ObsWS:info] 23:47:22.687 Reconnecting to OBS WebSocket (30000ms backoff)…
[ObsWS:warn] 23:47:24.707 Reconnect failed: One or more errors occurred. (Unable to connect to the remote server)
[ObsWS:info] 23:47:54.723 Reconnecting to OBS WebSocket (30000ms backoff)…
[ObsWS:warn] 23:47:56.766 Reconnect failed: One or more errors occurred. (Unable to connect to the remote server)
[ObsWS:info] 23:48:26.774 Reconnecting to OBS WebSocket (30000ms backoff)…
[ObsWS:warn] 23:48:28.826 Reconnect failed: One or more errors occurred. (Unable to connect to the remote server)
[ObsWS:info] 23:48:58.839 Reconnecting to OBS WebSocket (30000ms backoff)…
[ObsWS:warn] 23:49:00.863 Reconnect failed: One or more errors occurred. (Unable to connect to the remote server)
[ObsWS:info] 23:49:30.865 Reconnecting to OBS WebSocket (30000ms backoff)…
[ObsWS:warn] 23:49:32.895 Reconnect failed: One or more errors occurred. (Unable to connect to the remote server)
[ObsWS:info] 23:50:02.896 Reconnecting to OBS WebSocket (30000ms backoff)…
[ObsWS:warn] 23:50:04.953 Reconnect failed: One or more errors occurred. (Unable to connect to the remote server)
[ObsWS:info] 23:50:34.966 Reconnecting to OBS WebSocket (30000ms backoff)…
[ObsWS:warn] 23:50:36.988 Reconnect failed: One or more errors occurred. (Unable to connect to the remote server)
[ObsWS:info] 23:51:06.997 Reconnecting to OBS WebSocket (30000ms backoff)…
[ObsWS:warn] 23:51:09.032 Reconnect failed: One or more errors occurred. (Unable to connect to the remote server)
[ObsWS:info] 23:51:39.041 Reconnecting to OBS WebSocket (30000ms backoff)…
[ObsWS:warn] 23:51:41.078 Reconnect failed: One or more errors occurred. (Unable to connect to the remote server)
[ObsWS:info] 23:52:11.088 Reconnecting to OBS WebSocket (30000ms backoff)…
[ObsWS:warn] 23:52:13.122 Reconnect failed: One or more errors occurred. (Unable to connect to the remote server)
[ObsWS:info] 23:52:43.123 Reconnecting to OBS WebSocket (30000ms backoff)…
[ObsWS:warn] 23:52:45.178 Reconnect failed: One or more errors occurred. (Unable to connect to the remote server)
[ObsWS:info] 23:53:15.185 Reconnecting to OBS WebSocket (30000ms backoff)…
[ObsWS:warn] 23:53:17.203 Reconnect failed: One or more errors occurred. (Unable to connect to the remote server)
[ObsWS:info] 23:53:47.208 Reconnecting to OBS WebSocket (30000ms backoff)…
[ObsWS:warn] 23:53:49.234 Reconnect failed: One or more errors occurred. (Unable to connect to the remote server)
[ObsWS:info] 23:54:19.241 Reconnecting to OBS WebSocket (30000ms backoff)…
[ObsWS:warn] 23:54:21.254 Reconnect failed: One or more errors occurred. (Unable to connect to the remote server)
[ObsWS:info] 23:54:51.269 Reconnecting to OBS WebSocket (30000ms backoff)…
[ObsWS:warn] 23:54:53.318 Reconnect failed: One or more errors occurred. (Unable to connect to the remote server)
[ObsWS:info] 23:55:23.324 Reconnecting to OBS WebSocket (30000ms backoff)…
[ObsWS:warn] 23:55:25.349 Reconnect failed: One or more errors occurred. (Unable to connect to the remote server)
[ObsWS:info] 23:55:55.359 Reconnecting to OBS WebSocket (30000ms backoff)…
[ObsWS:warn] 23:55:57.400 Reconnect failed: One or more errors occurred. (Unable to connect to the remote server)
[ObsWS:info] 23:56:27.414 Reconnecting to OBS WebSocket (30000ms backoff)…
[ObsWS:warn] 23:56:29.442 Reconnect failed: One or more errors occurred. (Unable to connect to the remote server)
[ObsWS:info] 23:56:59.450 Reconnecting to OBS WebSocket (30000ms backoff)…
[ObsWS:warn] 23:57:01.482 Reconnect failed: One or more errors occurred. (Unable to connect to the remote server)
[ObsWS:info] 23:57:31.488 Reconnecting to OBS WebSocket (30000ms backoff)…
[ObsWS:warn] 23:57:33.512 Reconnect failed: One or more errors occurred. (Unable to connect to the remote server)
[ObsWS:info] 23:58:03.526 Reconnecting to OBS WebSocket (30000ms backoff)…
[ObsWS:warn] 23:58:05.573 Reconnect failed: One or more errors occurred. (Unable to connect to the remote server)
[ObsWS:info] 23:58:35.586 Reconnecting to OBS WebSocket (30000ms backoff)…
[ObsWS:warn] 23:58:37.600 Reconnect failed: One or more errors occurred. (Unable to connect to the remote server)
[ObsWS:info] 23:59:07.611 Reconnecting to OBS WebSocket (30000ms backoff)…
[ObsWS:warn] 23:59:09.655 Reconnect failed: One or more errors occurred. (Unable to connect to the remote server)
[ObsWS:info] 23:59:39.663 Reconnecting to OBS WebSocket (30000ms backoff)…
[ObsWS:warn] 23:59:41.706 Reconnect failed: One or more errors occurred. (Unable to connect to the remote server)
[ObsWS:info] 00:00:11.713 Reconnecting to OBS WebSocket (30000ms backoff)…
[ObsWS:warn] 00:00:13.755 Reconnect failed: One or more errors occurred. (Unable to connect to the remote server)
[ObsWS:info] 00:00:43.760 Reconnecting to OBS WebSocket (30000ms backoff)…
[ObsWS:warn] 00:00:45.791 Reconnect failed: One or more errors occurred. (Unable to connect to the remote server)
[ObsWS:info] 00:01:15.793 Reconnecting to OBS WebSocket (30000ms backoff)…
[ObsWS:warn] 00:01:17.813 Reconnect failed: One or more errors occurred. (Unable to connect to the remote server)
[ObsWS:info] 00:01:47.817 Reconnecting to OBS WebSocket (30000ms backoff)…
[ObsWS:warn] 00:01:49.863 Reconnect failed: One or more errors occurred. (Unable to connect to the remote server)
[ObsWS:info] 00:02:19.873 Reconnecting to OBS WebSocket (30000ms backoff)…
[ObsWS:warn] 00:02:21.919 Reconnect failed: One or more errors occurred. (Unable to connect to the remote server)
[ObsWS:info] 00:02:51.926 Reconnecting to OBS WebSocket (30000ms backoff)…
[ObsWS:warn] 00:02:53.968 Reconnect failed: One or more errors occurred. (Unable to connect to the remote server)
[ObsWS:info] 00:03:23.981 Reconnecting to OBS WebSocket (30000ms backoff)…
[ObsWS:warn] 00:03:26.024 Reconnect failed: One or more errors occurred. (Unable to connect to the remote server)
[ObsWS:info] 00:03:56.028 Reconnecting to OBS WebSocket (30000ms backoff)…
[ObsWS:warn] 00:03:58.075 Reconnect failed: One or more errors occurred. (Unable to connect to the remote server)
[ObsWS:info] 00:04:28.089 Reconnecting to OBS WebSocket (30000ms backoff)…
[ObsWS:warn] 00:04:30.125 Reconnect failed: One or more errors occurred. (Unable to connect to the remote server)
[ObsWS:info] 00:05:00.137 Reconnecting to OBS WebSocket (30000ms backoff)…
[ObsWS:warn] 00:05:02.196 Reconnect failed: One or more errors occurred. (Unable to connect to the remote server)
[ObsWS:info] 00:05:32.206 Reconnecting to OBS WebSocket (30000ms backoff)…
[ObsWS:warn] 00:05:34.233 Reconnect failed: One or more errors occurred. (Unable to connect to the remote server)
[ObsWS:info] 00:06:04.240 Reconnecting to OBS WebSocket (30000ms backoff)…
[ObsWS:warn] 00:06:06.270 Reconnect failed: One or more errors occurred. (Unable to connect to the remote server)
[ObsWS:info] 00:06:36.272 Reconnecting to OBS WebSocket (30000ms backoff)…
[ObsWS:warn] 00:06:38.303 Reconnect failed: One or more errors occurred. (Unable to connect to the remote server)
[ObsWS:info] 00:07:08.314 Reconnecting to OBS WebSocket (30000ms backoff)…
[ObsWS:warn] 00:07:10.358 Reconnect failed: One or more errors occurred. (Unable to connect to the remote server)
[ObsWS:info] 00:07:40.367 Reconnecting to OBS WebSocket (30000ms backoff)…
[ObsWS:warn] 00:07:42.419 Reconnect failed: One or more errors occurred. (Unable to connect to the remote server)
[ObsWS:info] 00:08:12.428 Reconnecting to OBS WebSocket (30000ms backoff)…
[ObsWS:warn] 00:08:14.487 Reconnect failed: One or more errors occurred. (Unable to connect to the remote server)
[ObsWS:info] 00:08:44.490 Reconnecting to OBS WebSocket (30000ms backoff)…
[ObsWS:warn] 00:08:46.546 Reconnect failed: One or more errors occurred. (Unable to connect to the remote server)
[ObsWS:info] 00:09:16.549 Reconnecting to OBS WebSocket (30000ms backoff)…
[ObsWS:warn] 00:09:18.591 Reconnect failed: One or more errors occurred. (Unable to connect to the remote server)
[ObsWS:info] 00:09:48.606 Reconnecting to OBS WebSocket (30000ms backoff)…
[ObsWS:warn] 00:09:50.625 Reconnect failed: One or more errors occurred. (Unable to connect to the remote server)
[ObsWS:info] 00:10:20.627 Reconnecting to OBS WebSocket (30000ms backoff)…
[ObsWS:warn] 00:10:22.641 Reconnect failed: One or more errors occurred. (Unable to connect to the remote server)
[ObsWS:info] 00:10:52.644 Reconnecting to OBS WebSocket (30000ms backoff)…
[ObsWS:warn] 00:10:54.689 Reconnect failed: One or more errors occurred. (Unable to connect to the remote server)
[ObsWS:info] 00:11:24.691 Reconnecting to OBS WebSocket (30000ms backoff)…
[ObsWS:warn] 00:11:26.711 Reconnect failed: One or more errors occurred. (Unable to connect to the remote server)
[ObsWS:info] 00:11:56.718 Reconnecting to OBS WebSocket (30000ms backoff)…
[ObsWS:warn] 00:11:58.778 Reconnect failed: One or more errors occurred. (Unable to connect to the remote server)
[ObsWS:info] 00:12:28.788 Reconnecting to OBS WebSocket (30000ms backoff)…
[ObsWS:warn] 00:12:30.846 Reconnect failed: One or more errors occurred. (Unable to connect to the remote server)
[ObsWS:info] 00:13:00.847 Reconnecting to OBS WebSocket (30000ms backoff)…
[ObsWS:warn] 00:13:02.893 Reconnect failed: One or more errors occurred. (Unable to connect to the remote server)
[ObsWS:info] 00:13:32.907 Reconnecting to OBS WebSocket (30000ms backoff)…
[ObsWS:warn] 00:13:34.957 Reconnect failed: One or more errors occurred. (Unable to connect to the remote server)
[ObsWS:info] 00:14:04.959 Reconnecting to OBS WebSocket (30000ms backoff)…
[ObsWS:warn] 00:14:07.006 Reconnect failed: One or more errors occurred. (Unable to connect to the remote server)
[ObsWS:info] 00:14:37.013 Reconnecting to OBS WebSocket (30000ms backoff)…
[ObsWS:warn] 00:14:39.043 Reconnect failed: One or more errors occurred. (Unable to connect to the remote server)
[ObsWS:info] 00:15:09.050 Reconnecting to OBS WebSocket (30000ms backoff)…
[ObsWS:warn] 00:15:11.076 Reconnect failed: One or more errors occurred. (Unable to connect to the remote server)
[ObsWS:info] 00:15:41.090 Reconnecting to OBS WebSocket (30000ms backoff)…
[ObsWS:warn] 00:15:43.135 Reconnect failed: One or more errors occurred. (Unable to connect to the remote server)
[ObsWS:info] 00:16:13.140 Reconnecting to OBS WebSocket (30000ms backoff)…
[ObsWS:warn] 00:16:15.182 Reconnect failed: One or more errors occurred. (Unable to connect to the remote server)
[ObsWS:info] 00:16:45.190 Reconnecting to OBS WebSocket (30000ms backoff)…
[ObsWS:warn] 00:16:47.249 Reconnect failed: One or more errors occurred. (Unable to connect to the remote server)
[ObsWS:info] 00:17:17.251 Reconnecting to OBS WebSocket (30000ms backoff)…
[ObsWS:warn] 00:17:19.287 Reconnect failed: One or more errors occurred. (Unable to connect to the remote server)
[ObsWS:info] 00:17:49.289 Reconnecting to OBS WebSocket (30000ms backoff)…
[ObsWS:warn] 00:17:51.335 Reconnect failed: One or more errors occurred. (Unable to connect to the remote server)
[ObsWS:info] 00:18:21.345 Reconnecting to OBS WebSocket (30000ms backoff)…
[ObsWS:warn] 00:18:23.382 Reconnect failed: One or more errors occurred. (Unable to connect to the remote server)
[ObsWS:info] 00:18:53.384 Reconnecting to OBS WebSocket (30000ms backoff)…
[ObsWS:warn] 00:18:55.413 Reconnect failed: One or more errors occurred. (Unable to connect to the remote server)
[ObsWS:info] 00:19:25.419 Reconnecting to OBS WebSocket (30000ms backoff)…
[ObsWS:warn] 00:19:27.466 Reconnect failed: One or more errors occurred. (Unable to connect to the remote server)
[ObsWS:info] 00:19:57.477 Reconnecting to OBS WebSocket (30000ms backoff)…
[ObsWS:warn] 00:19:59.486 Reconnect failed: One or more errors occurred. (Unable to connect to the remote server)
[ObsWS:info] 00:20:29.487 Reconnecting to OBS WebSocket (30000ms backoff)…
[ObsWS:warn] 00:20:31.547 Reconnect failed: One or more errors occurred. (Unable to connect to the remote server)
[ObsWS:info] 00:21:01.549 Reconnecting to OBS WebSocket (30000ms backoff)…
[ObsWS:warn] 00:21:03.572 Reconnect failed: One or more errors occurred. (Unable to connect to the remote server)
[ObsWS:info] 00:21:33.579 Reconnecting to OBS WebSocket (30000ms backoff)…
[ObsWS:warn] 00:21:35.605 Reconnect failed: One or more errors occurred. (Unable to connect to the remote server)
[ObsWS:info] 00:22:05.619 Reconnecting to OBS WebSocket (30000ms backoff)…
[ObsWS:warn] 00:22:07.665 Reconnect failed: One or more errors occurred. (Unable to connect to the remote server)
[ObsWS:info] 00:22:37.677 Reconnecting to OBS WebSocket (30000ms backoff)…
[ObsWS:warn] 00:22:39.723 Reconnect failed: One or more errors occurred. (Unable to connect to the remote server)
[ObsWS:info] 00:23:09.732 Reconnecting to OBS WebSocket (30000ms backoff)…
[ObsWS:warn] 00:23:11.751 Reconnect failed: One or more errors occurred. (Unable to connect to the remote server)
[ObsWS:info] 00:23:41.761 Reconnecting to OBS WebSocket (30000ms backoff)…
[ObsWS:warn] 00:23:43.822 Reconnect failed: One or more errors occurred. (Unable to connect to the remote server)
[ObsWS:info] 00:24:13.830 Reconnecting to OBS WebSocket (30000ms backoff)…
[ObsWS:warn] 00:24:15.875 Reconnect failed: One or more errors occurred. (Unable to connect to the remote server)
[ObsWS:info] 00:24:45.883 Reconnecting to OBS WebSocket (30000ms backoff)…
[ObsWS:warn] 00:24:47.900 Reconnect failed: One or more errors occurred. (Unable to connect to the remote server)
[ObsWS:info] 00:25:17.910 Reconnecting to OBS WebSocket (30000ms backoff)…
[ObsWS:warn] 00:25:19.969 Reconnect failed: One or more errors occurred. (Unable to connect to the remote server)
[ObsWS:info] 00:25:49.978 Reconnecting to OBS WebSocket (30000ms backoff)…
[ObsWS:warn] 00:25:52.010 Reconnect failed: One or more errors occurred. (Unable to connect to the remote server)
[ObsWS:info] 00:26:22.021 Reconnecting to OBS WebSocket (30000ms backoff)…
[ObsWS:warn] 00:26:24.068 Reconnect failed: One or more errors occurred. (Unable to connect to the remote server)
[ObsWS:info] 00:26:54.070 Reconnecting to OBS WebSocket (30000ms backoff)…
[ObsWS:warn] 00:26:56.099 Reconnect failed: One or more errors occurred. (Unable to connect to the remote server)
[ObsWS:info] 00:27:26.108 Reconnecting to OBS WebSocket (30000ms backoff)…
[ObsWS:warn] 00:27:28.127 Reconnect failed: One or more errors occurred. (Unable to connect to the remote server)
[ObsWS:info] 00:27:58.141 Reconnecting to OBS WebSocket (30000ms backoff)…
[ObsWS:warn] 00:28:00.171 Reconnect failed: One or more errors occurred. (Unable to connect to the remote server)
[ObsWS:info] 00:28:30.181 Reconnecting to OBS WebSocket (30000ms backoff)…
[ObsWS:warn] 00:28:32.204 Reconnect failed: One or more errors occurred. (Unable to connect to the remote server)
[ObsWS:info] 00:29:02.209 Reconnecting to OBS WebSocket (30000ms backoff)…
[ObsWS:warn] 00:29:04.215 Reconnect failed: One or more errors occurred. (Unable to connect to the remote server)
[ObsWS:info] 00:29:34.215 Reconnecting to OBS WebSocket (30000ms backoff)…
[ObsWS:warn] 00:29:36.260 Reconnect failed: One or more errors occurred. (Unable to connect to the remote server)
[ObsWS:info] 00:30:06.271 Reconnecting to OBS WebSocket (30000ms backoff)…
[ObsWS:warn] 00:30:08.301 Reconnect failed: One or more errors occurred. (Unable to connect to the remote server)
[ObsWS:info] 00:30:38.315 Reconnecting to OBS WebSocket (30000ms backoff)…
[ObsWS:warn] 00:30:40.360 Reconnect failed: One or more errors occurred. (Unable to connect to the remote server)
[ObsWS:info] 00:31:10.362 Reconnecting to OBS WebSocket (30000ms backoff)…
[ObsWS:warn] 00:31:12.410 Reconnect failed: One or more errors occurred. (Unable to connect to the remote server)
[ObsWS:info] 00:31:42.423 Reconnecting to OBS WebSocket (30000ms backoff)…
[ObsWS:warn] 00:31:44.468 Reconnect failed: One or more errors occurred. (Unable to connect to the remote server)
[ObsWS:info] 00:32:14.476 Reconnecting to OBS WebSocket (30000ms backoff)…
[ObsWS:warn] 00:32:16.485 Reconnect failed: One or more errors occurred. (Unable to connect to the remote server)
[ObsWS:info] 00:32:46.487 Reconnecting to OBS WebSocket (30000ms backoff)…
[ObsWS:warn] 00:32:48.523 Reconnect failed: One or more errors occurred. (Unable to connect to the remote server)
[ObsWS:info] 00:33:18.533 Reconnecting to OBS WebSocket (30000ms backoff)…
[ObsWS:warn] 00:33:20.578 Reconnect failed: One or more errors occurred. (Unable to connect to the remote server)
[ObsWS:info] 00:33:50.588 Reconnecting to OBS WebSocket (30000ms backoff)…
[ObsWS:warn] 00:33:52.609 Reconnect failed: One or more errors occurred. (Unable to connect to the remote server)
[ObsWS:info] 00:34:22.617 Reconnecting to OBS WebSocket (30000ms backoff)…
[ObsWS:warn] 00:34:24.638 Reconnect failed: One or more errors occurred. (Unable to connect to the remote server)
[ObsWS:info] 00:34:54.644 Reconnecting to OBS WebSocket (30000ms backoff)…
[ObsWS:warn] 00:34:56.670 Reconnect failed: One or more errors occurred. (Unable to connect to the remote server)
[ObsWS:info] 00:35:26.676 Reconnecting to OBS WebSocket (30000ms backoff)…
[ObsWS:warn] 00:35:28.707 Reconnect failed: One or more errors occurred. (Unable to connect to the remote server)
[ObsWS:info] 00:35:58.713 Reconnecting to OBS WebSocket (30000ms backoff)…
[ObsWS:warn] 00:36:00.743 Reconnect failed: One or more errors occurred. (Unable to connect to the remote server)
[ObsWS:info] 00:36:30.753 Reconnecting to OBS WebSocket (30000ms backoff)…
[ObsWS:warn] 00:36:32.796 Reconnect failed: One or more errors occurred. (Unable to connect to the remote server)
[ObsWS:info] 00:37:02.804 Reconnecting to OBS WebSocket (30000ms backoff)…
[ObsWS:warn] 00:37:04.841 Reconnect failed: One or more errors occurred. (Unable to connect to the remote server)
[ObsWS:info] 00:37:34.841 Reconnecting to OBS WebSocket (30000ms backoff)…
[ObsWS:warn] 00:37:36.874 Reconnect failed: One or more errors occurred. (Unable to connect to the remote server)
[ObsWS:info] 00:38:06.877 Reconnecting to OBS WebSocket (30000ms backoff)…
[ObsWS:warn] 00:38:08.922 Reconnect failed: One or more errors occurred. (Unable to connect to the remote server)
[ObsWS:info] 00:38:38.934 Reconnecting to OBS WebSocket (30000ms backoff)…
[ObsWS:warn] 00:38:40.983 Reconnect failed: One or more errors occurred. (Unable to connect to the remote server)
[ObsWS:info] 00:39:10.995 Reconnecting to OBS WebSocket (30000ms backoff)…
[ObsWS:warn] 00:39:13.023 Reconnect failed: One or more errors occurred. (Unable to connect to the remote server)
[ObsWS:info] 00:39:43.025 Reconnecting to OBS WebSocket (30000ms backoff)…
[ObsWS:warn] 00:39:45.069 Reconnect failed: One or more errors occurred. (Unable to connect to the remote server)
[ObsWS:info] 00:40:15.075 Reconnecting to OBS WebSocket (30000ms backoff)…
[ObsWS:warn] 00:40:17.096 Reconnect failed: One or more errors occurred. (Unable to connect to the remote server)
[ObsWS:info] 00:40:47.099 Reconnecting to OBS WebSocket (30000ms backoff)…
[ObsWS:warn] 00:40:49.142 Reconnect failed: One or more errors occurred. (Unable to connect to the remote server)
[ObsWS:info] 00:41:19.151 Reconnecting to OBS WebSocket (30000ms backoff)…
[ObsWS:warn] 00:41:21.183 Reconnect failed: One or more errors occurred. (Unable to connect to the remote server)
[ObsWS:info] 00:41:51.188 Reconnecting to OBS WebSocket (30000ms backoff)…
[ObsWS:warn] 00:41:53.246 Reconnect failed: One or more errors occurred. (Unable to connect to the remote server)
[ObsWS:info] 00:42:23.255 Reconnecting to OBS WebSocket (30000ms backoff)…
[ObsWS:warn] 00:42:25.301 Reconnect failed: One or more errors occurred. (Unable to connect to the remote server)
[ObsWS:info] 00:42:55.303 Reconnecting to OBS WebSocket (30000ms backoff)…
[ObsWS:warn] 00:42:57.328 Reconnect failed: One or more errors occurred. (Unable to connect to the remote server)
[ObsWS:info] 00:43:27.329 Reconnecting to OBS WebSocket (30000ms backoff)…
[ObsWS:warn] 00:43:29.346 Reconnect failed: One or more errors occurred. (Unable to connect to the remote server)
[ObsWS:info] 00:43:59.352 Reconnecting to OBS WebSocket (30000ms backoff)…
[ObsWS:warn] 00:44:01.399 Reconnect failed: One or more errors occurred. (Unable to connect to the remote server)
[ObsWS:info] 00:44:31.405 Reconnecting to OBS WebSocket (30000ms backoff)…
[ObsWS:warn] 00:44:33.437 Reconnect failed: One or more errors occurred. (Unable to connect to the remote server)
[ObsWS:info] 00:45:03.453 Reconnecting to OBS WebSocket (30000ms backoff)…
[ObsWS:warn] 00:45:05.497 Reconnect failed: One or more errors occurred. (Unable to connect to the remote server)
[ObsWS:info] 00:45:35.505 Reconnecting to OBS WebSocket (30000ms backoff)…
[ObsWS:warn] 00:45:37.551 Reconnect failed: One or more errors occurred. (Unable to connect to the remote server)
[ObsWS:info] 00:46:07.553 Reconnecting to OBS WebSocket (30000ms backoff)…
[ObsWS:warn] 00:46:09.597 Reconnect failed: One or more errors occurred. (Unable to connect to the remote server)
[ObsWS:info] 00:46:39.603 Reconnecting to OBS WebSocket (30000ms backoff)…
[ObsWS:warn] 00:46:41.630 Reconnect failed: One or more errors occurred. (Unable to connect to the remote server)
[ObsWS:info] 00:47:11.633 Reconnecting to OBS WebSocket (30000ms backoff)…
[ObsWS:warn] 00:47:13.664 Reconnect failed: One or more errors occurred. (Unable to connect to the remote server)
[ObsWS:info] 00:47:43.675 Reconnecting to OBS WebSocket (30000ms backoff)…
[ObsWS:warn] 00:47:45.731 Reconnect failed: One or more errors occurred. (Unable to connect to the remote server)
[ObsWS:info] 00:48:15.740 Reconnecting to OBS WebSocket (30000ms backoff)…
[ObsWS:warn] 00:48:17.784 Reconnect failed: One or more errors occurred. (Unable to connect to the remote server)
[ObsWS:info] 00:48:47.786 Reconnecting to OBS WebSocket (30000ms backoff)…
[ObsWS:warn] 00:48:49.843 Reconnect failed: One or more errors occurred. (Unable to connect to the remote server)
[ObsWS:info] 00:49:19.844 Reconnecting to OBS WebSocket (30000ms backoff)…
[ObsWS:warn] 00:49:21.887 Reconnect failed: One or more errors occurred. (Unable to connect to the remote server)
[ObsWS:info] 00:49:51.892 Reconnecting to OBS WebSocket (30000ms backoff)…
[ObsWS:warn] 00:49:53.940 Reconnect failed: One or more errors occurred. (Unable to connect to the remote server)
[ObsWS:info] 00:50:23.952 Reconnecting to OBS WebSocket (30000ms backoff)…
[ObsWS:warn] 00:50:25.985 Reconnect failed: One or more errors occurred. (Unable to connect to the remote server)
[ObsWS:info] 00:50:56.000 Reconnecting to OBS WebSocket (30000ms backoff)…
[ObsWS:warn] 00:50:58.044 Reconnect failed: One or more errors occurred. (Unable to connect to the remote server)
[ObsWS:info] 00:51:28.050 Reconnecting to OBS WebSocket (30000ms backoff)…
[ObsWS:warn] 00:51:30.079 Reconnect failed: One or more errors occurred. (Unable to connect to the remote server)
[ObsWS:info] 00:52:00.091 Reconnecting to OBS WebSocket (30000ms backoff)…
[ObsWS:warn] 00:52:02.115 Reconnect failed: One or more errors occurred. (Unable to connect to the remote server)
[ObsWS:info] 00:52:32.115 Reconnecting to OBS WebSocket (30000ms backoff)…
[ObsWS:warn] 00:52:34.150 Reconnect failed: One or more errors occurred. (Unable to connect to the remote server)
[ObsWS:info] 00:53:04.156 Reconnecting to OBS WebSocket (30000ms backoff)…
[ObsWS:warn] 00:53:06.207 Reconnect failed: One or more errors occurred. (Unable to connect to the remote server)
[ObsWS:info] 00:53:36.220 Reconnecting to OBS WebSocket (30000ms backoff)…
[ObsWS:warn] 00:53:38.253 Reconnect failed: One or more errors occurred. (Unable to connect to the remote server)
[ObsWS:info] 00:54:08.260 Reconnecting to OBS WebSocket (30000ms backoff)…
[ObsWS:warn] 00:54:10.284 Reconnect failed: One or more errors occurred. (Unable to connect to the remote server)
[ObsWS:info] 00:54:40.285 Reconnecting to OBS WebSocket (30000ms backoff)…
[ObsWS:warn] 00:54:42.327 Reconnect failed: One or more errors occurred. (Unable to connect to the remote server)
[ObsWS:info] 00:55:12.336 Reconnecting to OBS WebSocket (30000ms backoff)…
[ObsWS:warn] 00:55:14.394 Reconnect failed: One or more errors occurred. (Unable to connect to the remote server)
[ObsWS:info] 00:55:44.406 Reconnecting to OBS WebSocket (30000ms backoff)…
[ObsWS:warn] 00:55:46.427 Reconnect failed: One or more errors occurred. (Unable to connect to the remote server)
[ObsWS:info] 00:56:16.442 Reconnecting to OBS WebSocket (30000ms backoff)…
[ObsWS:warn] 00:56:18.488 Reconnect failed: One or more errors occurred. (Unable to connect to the remote server)
[ObsWS:info] 00:56:48.503 Reconnecting to OBS WebSocket (30000ms backoff)…
[ObsWS:warn] 00:56:50.549 Reconnect failed: One or more errors occurred. (Unable to connect to the remote server)
[ObsWS:info] 00:57:20.557 Reconnecting to OBS WebSocket (30000ms backoff)…
[ObsWS:warn] 00:57:22.604 Reconnect failed: One or more errors occurred. (Unable to connect to the remote server)
[ObsWS:info] 00:57:52.608 Reconnecting to OBS WebSocket (30000ms backoff)…
[ObsWS:warn] 00:57:54.644 Reconnect failed: One or more errors occurred. (Unable to connect to the remote server)
[ObsWS:info] 00:58:24.658 Reconnecting to OBS WebSocket (30000ms backoff)…
[ObsWS:warn] 00:58:26.709 Reconnect failed: One or more errors occurred. (Unable to connect to the remote server)
[ObsWS:info] 00:58:56.715 Reconnecting to OBS WebSocket (30000ms backoff)…
[ObsWS:warn] 00:58:58.749 Reconnect failed: One or more errors occurred. (Unable to connect to the remote server)
[ObsWS:info] 00:59:28.751 Reconnecting to OBS WebSocket (30000ms backoff)…
[ObsWS:warn] 00:59:30.787 Reconnect failed: One or more errors occurred. (Unable to connect to the remote server)
[ObsWS:info] 01:00:00.796 Reconnecting to OBS WebSocket (30000ms backoff)…
[ObsWS:warn] 01:00:02.842 Reconnect failed: One or more errors occurred. (Unable to connect to the remote server)
[ObsWS:info] 01:00:32.851 Reconnecting to OBS WebSocket (30000ms backoff)…
[ObsWS:warn] 01:00:34.885 Reconnect failed: One or more errors occurred. (Unable to connect to the remote server)
[ObsWS:info] 01:01:04.886 Reconnecting to OBS WebSocket (30000ms backoff)…
[ObsWS:warn] 01:01:06.924 Reconnect failed: One or more errors occurred. (Unable to connect to the remote server)
[ObsWS:info] 01:01:36.932 Reconnecting to OBS WebSocket (30000ms backoff)…
[ObsWS:warn] 01:01:38.963 Reconnect failed: One or more errors occurred. (Unable to connect to the remote server)
[ObsWS:info] 01:02:08.976 Reconnecting to OBS WebSocket (30000ms backoff)…
[ObsWS:warn] 01:02:11.006 Reconnect failed: One or more errors occurred. (Unable to connect to the remote server)
[ObsWS:info] 01:02:41.009 Reconnecting to OBS WebSocket (30000ms backoff)…
[ObsWS:warn] 01:02:43.066 Reconnect failed: One or more errors occurred. (Unable to connect to the remote server)
[ObsWS:info] 01:03:13.077 Reconnecting to OBS WebSocket (30000ms backoff)…
[ObsWS:warn] 01:03:15.098 Reconnect failed: One or more errors occurred. (Unable to connect to the remote server)
[ObsWS:info] 01:03:45.099 Reconnecting to OBS WebSocket (30000ms backoff)…
[ObsWS:warn] 01:03:47.147 Reconnect failed: One or more errors occurred. (Unable to connect to the remote server)
[ObsWS:info] 01:04:17.161 Reconnecting to OBS WebSocket (30000ms backoff)…
[ObsWS:warn] 01:04:19.198 Reconnect failed: One or more errors occurred. (Unable to connect to the remote server)
[ObsWS:info] 01:04:49.204 Reconnecting to OBS WebSocket (30000ms backoff)…
[ObsWS:warn] 01:04:51.238 Reconnect failed: One or more errors occurred. (Unable to connect to the remote server)
[ObsWS:info] 01:05:21.250 Reconnecting to OBS WebSocket (30000ms backoff)…
[ObsWS:warn] 01:05:23.288 Reconnect failed: One or more errors occurred. (Unable to connect to the remote server)
[ObsWS:info] 01:05:53.291 Reconnecting to OBS WebSocket (30000ms backoff)…
[ObsWS:warn] 01:05:55.321 Reconnect failed: One or more errors occurred. (Unable to connect to the remote server)
[ObsWS:info] 01:06:25.326 Reconnecting to OBS WebSocket (30000ms backoff)…
[ObsWS:warn] 01:06:27.385 Reconnect failed: One or more errors occurred. (Unable to connect to the remote server)
[ObsWS:info] 01:06:57.399 Reconnecting to OBS WebSocket (30000ms backoff)…
[ObsWS:warn] 01:06:59.443 Reconnect failed: One or more errors occurred. (Unable to connect to the remote server)
[ObsWS:info] 01:07:29.444 Reconnecting to OBS WebSocket (30000ms backoff)…
[ObsWS:warn] 01:07:31.490 Reconnect failed: One or more errors occurred. (Unable to connect to the remote server)
[ObsWS:info] 01:08:01.493 Reconnecting to OBS WebSocket (30000ms backoff)…
[ObsWS:warn] 01:08:03.529 Reconnect failed: One or more errors occurred. (Unable to connect to the remote server)
[ObsWS:info] 01:08:33.534 Reconnecting to OBS WebSocket (30000ms backoff)…
[ObsWS:warn] 01:08:35.567 Reconnect failed: One or more errors occurred. (Unable to connect to the remote server)
[ObsWS:info] 01:09:05.570 Reconnecting to OBS WebSocket (30000ms backoff)…
[ObsWS:warn] 01:09:07.583 Reconnect failed: One or more errors occurred. (Unable to connect to the remote server)
[ObsWS:info] 01:09:37.588 Reconnecting to OBS WebSocket (30000ms backoff)…
[ObsWS:warn] 01:09:39.632 Reconnect failed: One or more errors occurred. (Unable to connect to the remote server)
[ObsWS:info] 01:10:09.645 Reconnecting to OBS WebSocket (30000ms backoff)…
[ObsWS:warn] 01:10:11.670 Reconnect failed: One or more errors occurred. (Unable to connect to the remote server)
[ObsWS:info] 01:10:41.681 Reconnecting to OBS WebSocket (30000ms backoff)…
[ObsWS:warn] 01:10:43.713 Reconnect failed: One or more errors occurred. (Unable to connect to the remote server)
[ObsWS:info] 01:11:13.719 Reconnecting to OBS WebSocket (30000ms backoff)…
[ObsWS:warn] 01:11:15.739 Reconnect failed: One or more errors occurred. (Unable to connect to the remote server)
[ObsWS:info] 01:11:45.752 Reconnecting to OBS WebSocket (30000ms backoff)…
[ObsWS:warn] 01:11:47.784 Reconnect failed: One or more errors occurred. (Unable to connect to the remote server)
[ObsWS:info] 01:12:17.792 Reconnecting to OBS WebSocket (30000ms backoff)…
[ObsWS:warn] 01:12:19.825 Reconnect failed: One or more errors occurred. (Unable to connect to the remote server)
[ObsWS:info] 01:12:49.828 Reconnecting to OBS WebSocket (30000ms backoff)…
[ObsWS:warn] 01:12:51.890 Reconnect failed: One or more errors occurred. (Unable to connect to the remote server)
[ObsWS:info] 01:13:21.897 Reconnecting to OBS WebSocket (30000ms backoff)…
[ObsWS:warn] 01:13:23.940 Reconnect failed: One or more errors occurred. (Unable to connect to the remote server)
[ObsWS:info] 01:13:53.952 Reconnecting to OBS WebSocket (30000ms backoff)…
[ObsWS:warn] 01:13:55.993 Reconnect failed: One or more errors occurred. (Unable to connect to the remote server)
[ObsWS:info] 01:14:25.997 Reconnecting to OBS WebSocket (30000ms backoff)…
[ObsWS:warn] 01:14:28.030 Reconnect failed: One or more errors occurred. (Unable to connect to the remote server)
[ObsWS:info] 01:14:58.034 Reconnecting to OBS WebSocket (30000ms backoff)…
[ObsWS:warn] 01:15:00.095 Reconnect failed: One or more errors occurred. (Unable to connect to the remote server)
[ObsWS:info] 01:15:30.108 Reconnecting to OBS WebSocket (30000ms backoff)…
[ObsWS:warn] 01:15:32.140 Reconnect failed: One or more errors occurred. (Unable to connect to the remote server)
[ObsWS:info] 01:16:02.154 Reconnecting to OBS WebSocket (30000ms backoff)…
[ObsWS:warn] 01:16:04.200 Reconnect failed: One or more errors occurred. (Unable to connect to the remote server)
[ObsWS:info] 01:16:34.205 Reconnecting to OBS WebSocket (30000ms backoff)…
[ObsWS:warn] 01:16:36.250 Reconnect failed: One or more errors occurred. (Unable to connect to the remote server)
[ObsWS:info] 01:17:06.252 Reconnecting to OBS WebSocket (30000ms backoff)…
[ObsWS:warn] 01:17:08.282 Reconnect failed: One or more errors occurred. (Unable to connect to the remote server)
[ObsWS:info] 01:17:38.286 Reconnecting to OBS WebSocket (30000ms backoff)…
[ObsWS:warn] 01:17:40.329 Reconnect failed: One or more errors occurred. (Unable to connect to the remote server)
[ObsWS:info] 01:18:10.340 Reconnecting to OBS WebSocket (30000ms backoff)…
[ObsWS:warn] 01:18:12.400 Reconnect failed: One or more errors occurred. (Unable to connect to the remote server)
[ObsWS:info] 01:18:42.415 Reconnecting to OBS WebSocket (30000ms backoff)…
[ObsWS:warn] 01:18:44.446 Reconnect failed: One or more errors occurred. (Unable to connect to the remote server)
[ObsWS:info] 01:19:14.456 Reconnecting to OBS WebSocket (30000ms backoff)…
[ObsWS:warn] 01:19:16.487 Reconnect failed: One or more errors occurred. (Unable to connect to the remote server)
[ObsWS:info] 01:19:46.494 Reconnecting to OBS WebSocket (30000ms backoff)…
[ObsWS:warn] 01:19:48.554 Reconnect failed: One or more errors occurred. (Unable to connect to the remote server)
[ObsWS:info] 01:20:18.567 Reconnecting to OBS WebSocket (30000ms backoff)…
[ObsWS:warn] 01:20:20.589 Reconnect failed: One or more errors occurred. (Unable to connect to the remote server)
[ObsWS:info] 01:20:50.594 Reconnecting to OBS WebSocket (30000ms backoff)…
[ObsWS:warn] 01:20:52.657 Reconnect failed: One or more errors occurred. (Unable to connect to the remote server)
[ObsWS:info] 01:21:22.657 Reconnecting to OBS WebSocket (30000ms backoff)…
[ObsWS:warn] 01:21:24.717 Reconnect failed: One or more errors occurred. (Unable to connect to the remote server)
[ObsWS:info] 01:21:54.726 Reconnecting to OBS WebSocket (30000ms backoff)…
[ObsWS:warn] 01:21:56.774 Reconnect failed: One or more errors occurred. (Unable to connect to the remote server)
[ObsWS:info] 01:22:26.779 Reconnecting to OBS WebSocket (30000ms backoff)…
[ObsWS:warn] 01:22:28.793 Reconnect failed: One or more errors occurred. (Unable to connect to the remote server)
[ObsWS:info] 01:22:58.795 Reconnecting to OBS WebSocket (30000ms backoff)…
[ObsWS:warn] 01:23:00.815 Reconnect failed: One or more errors occurred. (Unable to connect to the remote server)
[ObsWS:info] 01:23:30.824 Reconnecting to OBS WebSocket (30000ms backoff)…
[ObsWS:warn] 01:23:32.868 Reconnect failed: One or more errors occurred. (Unable to connect to the remote server)
[ObsWS:info] 01:24:02.877 Reconnecting to OBS WebSocket (30000ms backoff)…
[ObsWS:warn] 01:24:04.915 Reconnect failed: One or more errors occurred. (Unable to connect to the remote server)
[ObsWS:info] 01:24:34.916 Reconnecting to OBS WebSocket (30000ms backoff)…
[ObsWS:warn] 01:24:36.929 Reconnect failed: One or more errors occurred. (Unable to connect to the remote server)
[ObsWS:info] 01:25:06.933 Reconnecting to OBS WebSocket (30000ms backoff)…
[ObsWS:warn] 01:25:08.994 Reconnect failed: One or more errors occurred. (Unable to connect to the remote server)
[ObsWS:info] 01:25:39.003 Reconnecting to OBS WebSocket (30000ms backoff)…
[ObsWS:warn] 01:25:41.047 Reconnect failed: One or more errors occurred. (Unable to connect to the remote server)
[ObsWS:info] 01:26:11.058 Reconnecting to OBS WebSocket (30000ms backoff)…
[ObsWS:warn] 01:26:13.106 Reconnect failed: One or more errors occurred. (Unable to connect to the remote server)
[ObsWS:info] 01:26:43.113 Reconnecting to OBS WebSocket (30000ms backoff)…
[ObsWS:warn] 01:26:45.123 Reconnect failed: One or more errors occurred. (Unable to connect to the remote server)
[ObsWS:info] 01:27:15.126 Reconnecting to OBS WebSocket (30000ms backoff)…
[ObsWS:warn] 01:27:17.167 Reconnect failed: One or more errors occurred. (Unable to connect to the remote server)
[ObsWS:info] 01:27:47.169 Reconnecting to OBS WebSocket (30000ms backoff)…
[ObsWS:warn] 01:27:49.228 Reconnect failed: One or more errors occurred. (Unable to connect to the remote server)
[ObsWS:info] 01:28:19.242 Reconnecting to OBS WebSocket (30000ms backoff)…
[ObsWS:warn] 01:28:21.286 Reconnect failed: One or more errors occurred. (Unable to connect to the remote server)
[ObsWS:info] 01:28:51.291 Reconnecting to OBS WebSocket (30000ms backoff)…
[ObsWS:warn] 01:28:53.331 Reconnect failed: One or more errors occurred. (Unable to connect to the remote server)
[ObsWS:info] 01:29:23.343 Reconnecting to OBS WebSocket (30000ms backoff)…
[ObsWS:warn] 01:29:25.391 Reconnect failed: One or more errors occurred. (Unable to connect to the remote server)
[ObsWS:info] 01:29:55.397 Reconnecting to OBS WebSocket (30000ms backoff)…
[ObsWS:warn] 01:29:57.455 Reconnect failed: One or more errors occurred. (Unable to connect to the remote server)
[ObsWS:info] 01:30:27.458 Reconnecting to OBS WebSocket (30000ms backoff)…
[ObsWS:warn] 01:30:29.477 Reconnect failed: One or more errors occurred. (Unable to connect to the remote server)
[ObsWS:info] 01:30:59.489 Reconnecting to OBS WebSocket (30000ms backoff)…
[ObsWS:warn] 01:31:01.537 Reconnect failed: One or more errors occurred. (Unable to connect to the remote server)
[ObsWS:info] 01:31:31.546 Reconnecting to OBS WebSocket (30000ms backoff)…
[ObsWS:warn] 01:31:33.567 Reconnect failed: One or more errors occurred. (Unable to connect to the remote server)
[ObsWS:info] 01:32:03.581 Reconnecting to OBS WebSocket (30000ms backoff)…
[ObsWS:warn] 01:32:05.603 Reconnect failed: One or more errors occurred. (Unable to connect to the remote server)
[ObsWS:info] 01:32:35.609 Reconnecting to OBS WebSocket (30000ms backoff)…
[ObsWS:warn] 01:32:37.666 Reconnect failed: One or more errors occurred. (Unable to connect to the remote server)
[ObsWS:info] 01:33:07.671 Reconnecting to OBS WebSocket (30000ms backoff)…
[ObsWS:warn] 01:33:09.731 Reconnect failed: One or more errors occurred. (Unable to connect to the remote server)
[ObsWS:info] 01:33:39.731 Reconnecting to OBS WebSocket (30000ms backoff)…
[ObsWS:warn] 01:33:41.781 Reconnect failed: One or more errors occurred. (Unable to connect to the remote server)
[ObsWS:info] 01:34:11.796 Reconnecting to OBS WebSocket (30000ms backoff)…
[ObsWS:warn] 01:34:13.828 Reconnect failed: One or more errors occurred. (Unable to connect to the remote server)
[ObsWS:info] 01:34:43.832 Reconnecting to OBS WebSocket (30000ms backoff)…
[ObsWS:warn] 01:34:45.894 Reconnect failed: One or more errors occurred. (Unable to connect to the remote server)
[ObsWS:info] 01:35:15.896 Reconnecting to OBS WebSocket (30000ms backoff)…
[ObsWS:warn] 01:35:17.927 Reconnect failed: One or more errors occurred. (Unable to connect to the remote server)
[ObsWS:info] 01:35:47.929 Reconnecting to OBS WebSocket (30000ms backoff)…
[ObsWS:warn] 01:35:49.971 Reconnect failed: One or more errors occurred. (Unable to connect to the remote server)
[ObsWS:info] 01:36:19.973 Reconnecting to OBS WebSocket (30000ms backoff)…
[ObsWS:warn] 01:36:21.995 Reconnect failed: One or more errors occurred. (Unable to connect to the remote server)
[ObsWS:info] 01:36:52.005 Reconnecting to OBS WebSocket (30000ms backoff)…
[ObsWS:warn] 01:36:54.038 Reconnect failed: One or more errors occurred. (Unable to connect to the remote server)
[ObsWS:info] 01:37:24.046 Reconnecting to OBS WebSocket (30000ms backoff)…
[ObsWS:warn] 01:37:26.073 Reconnect failed: One or more errors occurred. (Unable to connect to the remote server)
[ObsWS:info] 01:37:56.079 Reconnecting to OBS WebSocket (30000ms backoff)…
[ObsWS:warn] 01:37:58.124 Reconnect failed: One or more errors occurred. (Unable to connect to the remote server)
[ObsWS:info] 01:38:28.131 Reconnecting to OBS WebSocket (30000ms backoff)…
[ObsWS:warn] 01:38:30.176 Reconnect failed: One or more errors occurred. (Unable to connect to the remote server)
[ObsWS:info] 01:39:00.179 Reconnecting to OBS WebSocket (30000ms backoff)…
[ObsWS:warn] 01:39:02.187 Reconnect failed: One or more errors occurred. (Unable to connect to the remote server)
[ObsWS:info] 01:39:32.187 Reconnecting to OBS WebSocket (30000ms backoff)…
[ObsWS:warn] 01:39:34.217 Reconnect failed: One or more errors occurred. (Unable to connect to the remote server)
[ObsWS:info] 01:40:04.231 Reconnecting to OBS WebSocket (30000ms backoff)…
[ObsWS:warn] 01:40:06.276 Reconnect failed: One or more errors occurred. (Unable to connect to the remote server)
[ObsWS:info] 01:40:36.282 Reconnecting to OBS WebSocket (30000ms backoff)…
[ObsWS:warn] 01:40:38.323 Reconnect failed: One or more errors occurred. (Unable to connect to the remote server)
[ObsWS:info] 01:41:08.334 Reconnecting to OBS WebSocket (30000ms backoff)…
[ObsWS:warn] 01:41:10.390 Reconnect failed: One or more errors occurred. (Unable to connect to the remote server)
[ObsWS:info] 01:41:40.392 Reconnecting to OBS WebSocket (30000ms backoff)…
[ObsWS:warn] 01:41:42.422 Reconnect failed: One or more errors occurred. (Unable to connect to the remote server)
[ObsWS:info] 01:42:12.427 Reconnecting to OBS WebSocket (30000ms backoff)…
[ObsWS:warn] 01:42:14.486 Reconnect failed: One or more errors occurred. (Unable to connect to the remote server)
[ObsWS:info] 01:42:44.502 Reconnecting to OBS WebSocket (30000ms backoff)…
[ObsWS:warn] 01:42:46.545 Reconnect failed: One or more errors occurred. (Unable to connect to the remote server)
[ObsWS:info] 01:43:16.559 Reconnecting to OBS WebSocket (30000ms backoff)…
[ObsWS:warn] 01:43:18.594 Reconnect failed: One or more errors occurred. (Unable to connect to the remote server)
[ObsWS:info] 01:43:48.599 Reconnecting to OBS WebSocket (30000ms backoff)…
[ObsWS:warn] 01:43:50.626 Reconnect failed: One or more errors occurred. (Unable to connect to the remote server)
[ObsWS:info] 01:44:20.636 Reconnecting to OBS WebSocket (30000ms backoff)…
[ObsWS:warn] 01:44:22.696 Reconnect failed: One or more errors occurred. (Unable to connect to the remote server)
[ObsWS:info] 01:44:52.709 Reconnecting to OBS WebSocket (30000ms backoff)…
[ObsWS:warn] 01:44:54.772 Reconnect failed: One or more errors occurred. (Unable to connect to the remote server)
[ObsWS:info] 01:45:24.776 Reconnecting to OBS WebSocket (30000ms backoff)…
[ObsWS:warn] 01:45:26.822 Reconnect failed: One or more errors occurred. (Unable to connect to the remote server)
[ObsWS:info] 01:45:56.830 Reconnecting to OBS WebSocket (30000ms backoff)…
[ObsWS:warn] 01:45:58.890 Reconnect failed: One or more errors occurred. (Unable to connect to the remote server)
[ObsWS:info] 01:46:28.897 Reconnecting to OBS WebSocket (30000ms backoff)…
[ObsWS:warn] 01:46:30.943 Reconnect failed: One or more errors occurred. (Unable to connect to the remote server)
[ObsWS:info] 01:47:00.956 Reconnecting to OBS WebSocket (30000ms backoff)…
[ObsWS:warn] 01:47:02.999 Reconnect failed: One or more errors occurred. (Unable to connect to the remote server)
[ObsWS:info] 01:47:33.015 Reconnecting to OBS WebSocket (30000ms backoff)…
[ObsWS:warn] 01:47:35.061 Reconnect failed: One or more errors occurred. (Unable to connect to the remote server)
[ObsWS:info] 01:48:05.065 Reconnecting to OBS WebSocket (30000ms backoff)…
[ObsWS:warn] 01:48:07.126 Reconnect failed: One or more errors occurred. (Unable to connect to the remote server)
[ObsWS:info] 01:48:37.127 Reconnecting to OBS WebSocket (30000ms backoff)…
[ObsWS:warn] 01:48:39.175 Reconnect failed: One or more errors occurred. (Unable to connect to the remote server)
[ObsWS:info] 01:49:09.185 Reconnecting to OBS WebSocket (30000ms backoff)…
[ObsWS:warn] 01:49:11.247 Reconnect failed: One or more errors occurred. (Unable to connect to the remote server)
[ObsWS:info] 01:49:41.253 Reconnecting to OBS WebSocket (30000ms backoff)…
[ObsWS:warn] 01:49:43.278 Reconnect failed: One or more errors occurred. (Unable to connect to the remote server)
[ObsWS:info] 01:50:13.291 Reconnecting to OBS WebSocket (30000ms backoff)…
[ObsWS:warn] 01:50:15.338 Reconnect failed: One or more errors occurred. (Unable to connect to the remote server)
[ObsWS:info] 01:50:45.351 Reconnecting to OBS WebSocket (30000ms backoff)…
[ObsWS:warn] 01:50:47.413 Reconnect failed: One or more errors occurred. (Unable to connect to the remote server)
[ObsWS:info] 01:51:17.426 Reconnecting to OBS WebSocket (30000ms backoff)…
[ObsWS:warn] 01:51:19.485 Reconnect failed: One or more errors occurred. (Unable to connect to the remote server)
[ObsWS:info] 01:51:49.487 Reconnecting to OBS WebSocket (30000ms backoff)…
[ObsWS:warn] 01:51:51.545 Reconnect failed: One or more errors occurred. (Unable to connect to the remote server)
[ObsWS:info] 01:52:21.553 Reconnecting to OBS WebSocket (30000ms backoff)…
[ObsWS:warn] 01:52:23.574 Reconnect failed: One or more errors occurred. (Unable to connect to the remote server)
[ObsWS:info] 01:52:53.576 Reconnecting to OBS WebSocket (30000ms backoff)…
[ObsWS:warn] 01:52:55.606 Reconnect failed: One or more errors occurred. (Unable to connect to the remote server)
[ObsWS:info] 01:53:25.608 Reconnecting to OBS WebSocket (30000ms backoff)…
[ObsWS:warn] 01:53:27.642 Reconnect failed: One or more errors occurred. (Unable to connect to the remote server)
[ObsWS:info] 01:53:57.649 Reconnecting to OBS WebSocket (30000ms backoff)…
[ObsWS:warn] 01:53:59.687 Reconnect failed: One or more errors occurred. (Unable to connect to the remote server)
[ObsWS:info] 01:54:29.699 Reconnecting to OBS WebSocket (30000ms backoff)…
[ObsWS:warn] 01:54:31.743 Reconnect failed: One or more errors occurred. (Unable to connect to the remote server)
[ObsWS:info] 01:55:01.743 Reconnecting to OBS WebSocket (30000ms backoff)…
[ObsWS:warn] 01:55:03.804 Reconnect failed: One or more errors occurred. (Unable to connect to the remote server)
[ObsWS:info] 01:55:33.814 Reconnecting to OBS WebSocket (30000ms backoff)…
[ObsWS:warn] 01:55:35.851 Reconnect failed: One or more errors occurred. (Unable to connect to the remote server)
[ObsWS:info] 01:56:05.856 Reconnecting to OBS WebSocket (30000ms backoff)…
[ObsWS:warn] 01:56:07.912 Reconnect failed: One or more errors occurred. (Unable to connect to the remote server)
[ObsWS:info] 01:56:37.919 Reconnecting to OBS WebSocket (30000ms backoff)…
[ObsWS:warn] 01:56:39.949 Reconnect failed: One or more errors occurred. (Unable to connect to the remote server)
[ObsWS:info] 01:57:09.954 Reconnecting to OBS WebSocket (30000ms backoff)…
[ObsWS:warn] 01:57:12.000 Reconnect failed: One or more errors occurred. (Unable to connect to the remote server)
[ObsWS:info] 01:57:42.001 Reconnecting to OBS WebSocket (30000ms backoff)…
[ObsWS:warn] 01:57:44.039 Reconnect failed: One or more errors occurred. (Unable to connect to the remote server)
[ObsWS:info] 01:58:14.055 Reconnecting to OBS WebSocket (30000ms backoff)…
[ObsWS:warn] 01:58:16.086 Reconnect failed: One or more errors occurred. (Unable to connect to the remote server)
[ObsWS:info] 01:58:46.097 Reconnecting to OBS WebSocket (30000ms backoff)…
[ObsWS:warn] 01:58:48.158 Reconnect failed: One or more errors occurred. (Unable to connect to the remote server)
[ObsWS:info] 01:59:18.168 Reconnecting to OBS WebSocket (30000ms backoff)…
[ObsWS:warn] 01:59:20.215 Reconnect failed: One or more errors occurred. (Unable to connect to the remote server)
[ObsWS:info] 01:59:50.220 Reconnecting to OBS WebSocket (30000ms backoff)…
[ObsWS:warn] 01:59:52.256 Reconnect failed: One or more errors occurred. (Unable to connect to the remote server)
[ObsWS:info] 02:00:22.263 Reconnecting to OBS WebSocket (30000ms backoff)…
[ObsWS:warn] 02:00:24.320 Reconnect failed: One or more errors occurred. (Unable to connect to the remote server)
[ObsWS:info] 02:00:54.322 Reconnecting to OBS WebSocket (30000ms backoff)…
[ObsWS:warn] 02:00:56.357 Reconnect failed: One or more errors occurred. (Unable to connect to the remote server)
[ObsWS:info] 02:01:26.363 Reconnecting to OBS WebSocket (30000ms backoff)…
[ObsWS:warn] 02:01:28.423 Reconnect failed: One or more errors occurred. (Unable to connect to the remote server)
[ObsWS:info] 02:01:58.429 Reconnecting to OBS WebSocket (30000ms backoff)…
[ObsWS:warn] 02:02:00.473 Reconnect failed: One or more errors occurred. (Unable to connect to the remote server)
[ObsWS:info] 02:02:30.480 Reconnecting to OBS WebSocket (30000ms backoff)…
[ObsWS:warn] 02:02:32.511 Reconnect failed: One or more errors occurred. (Unable to connect to the remote server)
[ObsWS:info] 02:03:02.523 Reconnecting to OBS WebSocket (30000ms backoff)…
[ObsWS:warn] 02:03:04.584 Reconnect failed: One or more errors occurred. (Unable to connect to the remote server)
[ObsWS:info] 02:03:34.592 Reconnecting to OBS WebSocket (30000ms backoff)…
[ObsWS:warn] 02:03:36.636 Reconnect failed: One or more errors occurred. (Unable to connect to the remote server)
[ObsWS:info] 02:04:06.640 Reconnecting to OBS WebSocket (30000ms backoff)…
[ObsWS:warn] 02:04:08.686 Reconnect failed: One or more errors occurred. (Unable to connect to the remote server)
[ObsWS:info] 02:04:38.690 Reconnecting to OBS WebSocket (30000ms backoff)…
[ObsWS:warn] 02:04:40.720 Reconnect failed: One or more errors occurred. (Unable to connect to the remote server)
[ObsWS:info] 02:05:10.735 Reconnecting to OBS WebSocket (30000ms backoff)…
[ObsWS:warn] 02:05:12.795 Reconnect failed: One or more errors occurred. (Unable to connect to the remote server)
[ObsWS:info] 02:05:42.799 Reconnecting to OBS WebSocket (30000ms backoff)…
[ObsWS:warn] 02:05:44.833 Reconnect failed: One or more errors occurred. (Unable to connect to the remote server)
[ObsWS:info] 02:06:14.842 Reconnecting to OBS WebSocket (30000ms backoff)…
[ObsWS:warn] 02:06:16.874 Reconnect failed: One or more errors occurred. (Unable to connect to the remote server)
[ObsWS:info] 02:06:46.890 Reconnecting to OBS WebSocket (30000ms backoff)…
[ObsWS:warn] 02:06:48.924 Reconnect failed: One or more errors occurred. (Unable to connect to the remote server)
[ObsWS:info] 02:07:18.935 Reconnecting to OBS WebSocket (30000ms backoff)…
[ObsWS:warn] 02:07:20.993 Reconnect failed: One or more errors occurred. (Unable to connect to the remote server)
[ObsWS:info] 02:07:51.004 Reconnecting to OBS WebSocket (30000ms backoff)…
[ObsWS:warn] 02:07:53.064 Reconnect failed: One or more errors occurred. (Unable to connect to the remote server)
[ObsWS:info] 02:08:23.078 Reconnecting to OBS WebSocket (30000ms backoff)…
[ObsWS:warn] 02:08:25.090 Reconnect failed: One or more errors occurred. (Unable to connect to the remote server)
[ObsWS:info] 02:08:55.102 Reconnecting to OBS WebSocket (30000ms backoff)…
[ObsWS:warn] 02:08:57.145 Reconnect failed: One or more errors occurred. (Unable to connect to the remote server)
[ObsWS:info] 02:09:27.148 Reconnecting to OBS WebSocket (30000ms backoff)…
[ObsWS:warn] 02:09:29.179 Reconnect failed: One or more errors occurred. (Unable to connect to the remote server)
[ObsWS:info] 02:09:59.193 Reconnecting to OBS WebSocket (30000ms backoff)…
[ObsWS:warn] 02:10:01.240 Reconnect failed: One or more errors occurred. (Unable to connect to the remote server)
[ObsWS:info] 02:10:31.254 Reconnecting to OBS WebSocket (30000ms backoff)…
[ObsWS:warn] 02:10:33.290 Reconnect failed: One or more errors occurred. (Unable to connect to the remote server)
[ObsWS:info] 02:11:03.301 Reconnecting to OBS WebSocket (30000ms backoff)…
[ObsWS:warn] 02:11:05.334 Reconnect failed: One or more errors occurred. (Unable to connect to the remote server)
[ObsWS:info] 02:11:35.340 Reconnecting to OBS WebSocket (30000ms backoff)…
[ObsWS:warn] 02:11:37.398 Reconnect failed: One or more errors occurred. (Unable to connect to the remote server)
[ObsWS:info] 02:12:07.414 Reconnecting to OBS WebSocket (30000ms backoff)…
[ObsWS:warn] 02:12:09.451 Reconnect failed: One or more errors occurred. (Unable to connect to the remote server)
[ObsWS:info] 02:12:39.455 Reconnecting to OBS WebSocket (30000ms backoff)…
[ObsWS:warn] 02:12:41.499 Reconnect failed: One or more errors occurred. (Unable to connect to the remote server)
[ObsWS:info] 02:13:11.500 Reconnecting to OBS WebSocket (30000ms backoff)…
[ObsWS:warn] 02:13:13.537 Reconnect failed: One or more errors occurred. (Unable to connect to the remote server)
[ObsWS:info] 02:13:43.546 Reconnecting to OBS WebSocket (30000ms backoff)…
[ObsWS:warn] 02:13:45.588 Reconnect failed: One or more errors occurred. (Unable to connect to the remote server)
[ObsWS:info] 02:14:15.597 Reconnecting to OBS WebSocket (30000ms backoff)…
[ObsWS:warn] 02:14:17.627 Reconnect failed: One or more errors occurred. (Unable to connect to the remote server)
[ObsWS:info] 02:14:47.632 Reconnecting to OBS WebSocket (30000ms backoff)…
[ObsWS:warn] 02:14:49.646 Reconnect failed: One or more errors occurred. (Unable to connect to the remote server)
[ObsWS:info] 02:15:19.655 Reconnecting to OBS WebSocket (30000ms backoff)…
[ObsWS:warn] 02:15:21.689 Reconnect failed: One or more errors occurred. (Unable to connect to the remote server)
[ObsWS:info] 02:15:51.699 Reconnecting to OBS WebSocket (30000ms backoff)…
[ObsWS:warn] 02:15:53.735 Reconnect failed: One or more errors occurred. (Unable to connect to the remote server)
[ObsWS:info] 02:16:23.740 Reconnecting to OBS WebSocket (30000ms backoff)…
[ObsWS:warn] 02:16:25.799 Reconnect failed: One or more errors occurred. (Unable to connect to the remote server)
[ObsWS:info] 02:16:55.808 Reconnecting to OBS WebSocket (30000ms backoff)…
[ObsWS:warn] 02:16:57.853 Reconnect failed: One or more errors occurred. (Unable to connect to the remote server)
[ObsWS:info] 02:17:27.858 Reconnecting to OBS WebSocket (30000ms backoff)…
[ObsWS:warn] 02:17:29.917 Reconnect failed: One or more errors occurred. (Unable to connect to the remote server)
[ObsWS:info] 02:17:59.919 Reconnecting to OBS WebSocket (30000ms backoff)…
[ObsWS:warn] 02:18:01.952 Reconnect failed: One or more errors occurred. (Unable to connect to the remote server)
[ObsWS:info] 02:18:31.963 Reconnecting to OBS WebSocket (30000ms backoff)…
[ObsWS:warn] 02:18:34.008 Reconnect failed: One or more errors occurred. (Unable to connect to the remote server)
[ObsWS:info] 02:19:04.016 Reconnecting to OBS WebSocket (30000ms backoff)…
[ObsWS:warn] 02:19:06.043 Reconnect failed: One or more errors occurred. (Unable to connect to the remote server)
[ObsWS:info] 02:19:36.055 Reconnecting to OBS WebSocket (30000ms backoff)…
[ObsWS:warn] 02:19:38.100 Reconnect failed: One or more errors occurred. (Unable to connect to the remote server)
[ObsWS:info] 02:20:08.105 Reconnecting to OBS WebSocket (30000ms backoff)…
[ObsWS:warn] 02:20:10.143 Reconnect failed: One or more errors occurred. (Unable to connect to the remote server)
[ObsWS:info] 02:20:40.153 Reconnecting to OBS WebSocket (30000ms backoff)…
[ObsWS:warn] 02:20:42.184 Reconnect failed: One or more errors occurred. (Unable to connect to the remote server)
[ObsWS:info] 02:21:12.197 Reconnecting to OBS WebSocket (30000ms backoff)…
[ObsWS:warn] 02:21:14.259 Reconnect failed: One or more errors occurred. (Unable to connect to the remote server)
[ObsWS:info] 02:21:44.267 Reconnecting to OBS WebSocket (30000ms backoff)…
[ObsWS:warn] 02:21:46.326 Reconnect failed: One or more errors occurred. (Unable to connect to the remote server)
[ObsWS:info] 02:22:16.339 Reconnecting to OBS WebSocket (30000ms backoff)…
[ObsWS:warn] 02:22:18.396 Reconnect failed: One or more errors occurred. (Unable to connect to the remote server)
[ObsWS:info] 02:22:48.408 Reconnecting to OBS WebSocket (30000ms backoff)…
[ObsWS:warn] 02:22:50.453 Reconnect failed: One or more errors occurred. (Unable to connect to the remote server)
[ObsWS:info] 02:23:20.453 Reconnecting to OBS WebSocket (30000ms backoff)…
[ObsWS:warn] 02:23:22.483 Reconnect failed: One or more errors occurred. (Unable to connect to the remote server)
[ObsWS:info] 02:23:52.496 Reconnecting to OBS WebSocket (30000ms backoff)…
[ObsWS:warn] 02:23:54.538 Reconnect failed: One or more errors occurred. (Unable to connect to the remote server)
[ObsWS:info] 02:24:24.553 Reconnecting to OBS WebSocket (30000ms backoff)…
[ObsWS:warn] 02:24:26.604 Reconnect failed: One or more errors occurred. (Unable to connect to the remote server)
[ObsWS:info] 02:24:56.619 Reconnecting to OBS WebSocket (30000ms backoff)…
[ObsWS:warn] 02:24:58.630 Reconnect failed: One or more errors occurred. (Unable to connect to the remote server)
[ObsWS:info] 02:25:28.639 Reconnecting to OBS WebSocket (30000ms backoff)…
[ObsWS:warn] 02:25:30.670 Reconnect failed: One or more errors occurred. (Unable to connect to the remote server)
[ObsWS:info] 02:26:00.679 Reconnecting to OBS WebSocket (30000ms backoff)…
[ObsWS:warn] 02:26:02.725 Reconnect failed: One or more errors occurred. (Unable to connect to the remote server)
[ObsWS:info] 02:26:32.730 Reconnecting to OBS WebSocket (30000ms backoff)…
[ObsWS:warn] 02:26:34.775 Reconnect failed: One or more errors occurred. (Unable to connect to the remote server)
[ObsWS:info] 02:27:04.787 Reconnecting to OBS WebSocket (30000ms backoff)…
[ObsWS:warn] 02:27:06.848 Reconnect failed: One or more errors occurred. (Unable to connect to the remote server)
[ObsWS:info] 02:27:36.855 Reconnecting to OBS WebSocket (30000ms backoff)…
[ObsWS:warn] 02:27:38.904 Reconnect failed: One or more errors occurred. (Unable to connect to the remote server)
[ObsWS:info] 02:28:08.917 Reconnecting to OBS WebSocket (30000ms backoff)…
[ObsWS:warn] 02:28:10.942 Reconnect failed: One or more errors occurred. (Unable to connect to the remote server)
[ObsWS:info] 02:28:40.945 Reconnecting to OBS WebSocket (30000ms backoff)…
[ObsWS:warn] 02:28:42.990 Reconnect failed: One or more errors occurred. (Unable to connect to the remote server)
[ObsWS:info] 02:29:13.004 Reconnecting to OBS WebSocket (30000ms backoff)…
[ObsWS:warn] 02:29:15.041 Reconnect failed: One or more errors occurred. (Unable to connect to the remote server)
[ObsWS:info] 02:29:45.045 Reconnecting to OBS WebSocket (30000ms backoff)…
[ObsWS:warn] 02:29:47.057 Reconnect failed: One or more errors occurred. (Unable to connect to the remote server)
[ObsWS:info] 02:30:17.060 Reconnecting to OBS WebSocket (30000ms backoff)…
[ObsWS:warn] 02:30:19.092 Reconnect failed: One or more errors occurred. (Unable to connect to the remote server)
[ObsWS:info] 02:30:49.092 Reconnecting to OBS WebSocket (30000ms backoff)…
[ObsWS:warn] 02:30:51.140 Reconnect failed: One or more errors occurred. (Unable to connect to the remote server)
[ObsWS:info] 02:31:21.154 Reconnecting to OBS WebSocket (30000ms backoff)…
[ObsWS:warn] 02:31:23.202 Reconnect failed: One or more errors occurred. (Unable to connect to the remote server)
[ObsWS:info] 02:31:53.207 Reconnecting to OBS WebSocket (30000ms backoff)…
[ObsWS:warn] 02:31:55.237 Reconnect failed: One or more errors occurred. (Unable to connect to the remote server)
[ObsWS:info] 02:32:25.238 Reconnecting to OBS WebSocket (30000ms backoff)…
[ObsWS:warn] 02:32:27.285 Reconnect failed: One or more errors occurred. (Unable to connect to the remote server)
[ObsWS:info] 02:32:57.299 Reconnecting to OBS WebSocket (30000ms backoff)…
[ObsWS:warn] 02:32:59.329 Reconnect failed: One or more errors occurred. (Unable to connect to the remote server)
[ObsWS:info] 02:33:29.339 Reconnecting to OBS WebSocket (30000ms backoff)…
[ObsWS:warn] 02:33:31.397 Reconnect failed: One or more errors occurred. (Unable to connect to the remote server)
[ObsWS:info] 02:34:01.408 Reconnecting to OBS WebSocket (30000ms backoff)…
[ObsWS:warn] 02:34:03.457 Reconnect failed: One or more errors occurred. (Unable to connect to the remote server)
[ObsWS:info] 02:34:33.467 Reconnecting to OBS WebSocket (30000ms backoff)…
[ObsWS:warn] 02:34:35.500 Reconnect failed: One or more errors occurred. (Unable to connect to the remote server)
[ObsWS:info] 02:35:05.509 Reconnecting to OBS WebSocket (30000ms backoff)…
[ObsWS:warn] 02:35:07.558 Reconnect failed: One or more errors occurred. (Unable to connect to the remote server)
[ObsWS:info] 02:35:37.567 Reconnecting to OBS WebSocket (30000ms backoff)…
[ObsWS:warn] 02:35:39.580 Reconnect failed: One or more errors occurred. (Unable to connect to the remote server)
[ObsWS:info] 02:36:09.594 Reconnecting to OBS WebSocket (30000ms backoff)…
[ObsWS:warn] 02:36:11.630 Reconnect failed: One or more errors occurred. (Unable to connect to the remote server)
[ObsWS:info] 02:36:41.641 Reconnecting to OBS WebSocket (30000ms backoff)…
[ObsWS:warn] 02:36:43.687 Reconnect failed: One or more errors occurred. (Unable to connect to the remote server)
[ObsWS:info] 02:37:13.702 Reconnecting to OBS WebSocket (30000ms backoff)…
[ObsWS:warn] 02:37:15.748 Reconnect failed: One or more errors occurred. (Unable to connect to the remote server)
[ObsWS:info] 02:37:45.759 Reconnecting to OBS WebSocket (30000ms backoff)…
[ObsWS:warn] 02:37:47.817 Reconnect failed: One or more errors occurred. (Unable to connect to the remote server)
[ObsWS:info] 02:38:17.818 Reconnecting to OBS WebSocket (30000ms backoff)…
[ObsWS:warn] 02:38:19.865 Reconnect failed: One or more errors occurred. (Unable to connect to the remote server)
[ObsWS:info] 02:38:49.873 Reconnecting to OBS WebSocket (30000ms backoff)…
[ObsWS:warn] 02:38:51.914 Reconnect failed: One or more errors occurred. (Unable to connect to the remote server)
[ObsWS:info] 02:39:21.922 Reconnecting to OBS WebSocket (30000ms backoff)…
[ObsWS:warn] 02:39:23.954 Reconnect failed: One or more errors occurred. (Unable to connect to the remote server)
[ObsWS:info] 02:39:53.956 Reconnecting to OBS WebSocket (30000ms backoff)…
[ObsWS:warn] 02:39:56.000 Reconnect failed: One or more errors occurred. (Unable to connect to the remote server)
[ObsWS:info] 02:40:26.007 Reconnecting to OBS WebSocket (30000ms backoff)…
[ObsWS:warn] 02:40:28.019 Reconnect failed: One or more errors occurred. (Unable to connect to the remote server)
[ObsWS:info] 02:40:58.025 Reconnecting to OBS WebSocket (30000ms backoff)…
[ObsWS:warn] 02:41:00.073 Reconnect failed: One or more errors occurred. (Unable to connect to the remote server)
[ObsWS:info] 02:41:30.082 Reconnecting to OBS WebSocket (30000ms backoff)…
[ObsWS:warn] 02:41:32.142 Reconnect failed: One or more errors occurred. (Unable to connect to the remote server)
[ObsWS:info] 02:42:02.143 Reconnecting to OBS WebSocket (30000ms backoff)…
[ObsWS:warn] 02:42:04.173 Reconnect failed: One or more errors occurred. (Unable to connect to the remote server)
[ObsWS:info] 02:42:34.180 Reconnecting to OBS WebSocket (30000ms backoff)…
[ObsWS:warn] 02:42:36.227 Reconnect failed: One or more errors occurred. (Unable to connect to the remote server)
[ObsWS:info] 02:43:06.227 Reconnecting to OBS WebSocket (30000ms backoff)…
[ObsWS:warn] 02:43:08.276 Reconnect failed: One or more errors occurred. (Unable to connect to the remote server)
[ObsWS:info] 02:43:38.288 Reconnecting to OBS WebSocket (30000ms backoff)…
[ObsWS:warn] 02:43:40.318 Reconnect failed: One or more errors occurred. (Unable to connect to the remote server)
[ObsWS:info] 02:44:10.322 Reconnecting to OBS WebSocket (30000ms backoff)…
[ObsWS:warn] 02:44:12.349 Reconnect failed: One or more errors occurred. (Unable to connect to the remote server)
[ObsWS:info] 02:44:42.362 Reconnecting to OBS WebSocket (30000ms backoff)…
[ObsWS:warn] 02:44:44.405 Reconnect failed: One or more errors occurred. (Unable to connect to the remote server)
[ObsWS:info] 02:45:14.406 Reconnecting to OBS WebSocket (30000ms backoff)…
[ObsWS:warn] 02:45:16.440 Reconnect failed: One or more errors occurred. (Unable to connect to the remote server)
[ObsWS:info] 02:45:46.446 Reconnecting to OBS WebSocket (30000ms backoff)…
[ObsWS:warn] 02:45:48.466 Reconnect failed: One or more errors occurred. (Unable to connect to the remote server)
[ObsWS:info] 02:46:18.467 Reconnecting to OBS WebSocket (30000ms backoff)…
[ObsWS:warn] 02:46:20.512 Reconnect failed: One or more errors occurred. (Unable to connect to the remote server)
[ObsWS:info] 02:46:50.522 Reconnecting to OBS WebSocket (30000ms backoff)…
[ObsWS:warn] 02:46:52.569 Reconnect failed: One or more errors occurred. (Unable to connect to the remote server)
[ObsWS:info] 02:47:22.573 Reconnecting to OBS WebSocket (30000ms backoff)…
[ObsWS:warn] 02:47:24.618 Reconnect failed: One or more errors occurred. (Unable to connect to the remote server)
[ObsWS:info] 02:47:54.619 Reconnecting to OBS WebSocket (30000ms backoff)…
[ObsWS:warn] 02:47:56.683 Reconnect failed: One or more errors occurred. (Unable to connect to the remote server)
[ObsWS:info] 02:48:26.692 Reconnecting to OBS WebSocket (30000ms backoff)…
[ObsWS:warn] 02:48:28.738 Reconnect failed: One or more errors occurred. (Unable to connect to the remote server)
[ObsWS:info] 02:48:58.741 Reconnecting to OBS WebSocket (30000ms backoff)…
[ObsWS:warn] 02:49:00.785 Reconnect failed: One or more errors occurred. (Unable to connect to the remote server)
[ObsWS:info] 02:49:30.791 Reconnecting to OBS WebSocket (30000ms backoff)…
[ObsWS:warn] 02:49:32.826 Reconnect failed: One or more errors occurred. (Unable to connect to the remote server)
[ObsWS:info] 02:50:02.833 Reconnecting to OBS WebSocket (30000ms backoff)…
[ObsWS:warn] 02:50:04.857 Reconnect failed: One or more errors occurred. (Unable to connect to the remote server)
[ObsWS:info] 02:50:34.862 Reconnecting to OBS WebSocket (30000ms backoff)…
[ObsWS:warn] 02:50:36.906 Reconnect failed: One or more errors occurred. (Unable to connect to the remote server)
[ObsWS:info] 02:51:06.920 Reconnecting to OBS WebSocket (30000ms backoff)…
[ObsWS:warn] 02:51:08.966 Reconnect failed: One or more errors occurred. (Unable to connect to the remote server)
[ObsWS:info] 02:51:38.971 Reconnecting to OBS WebSocket (30000ms backoff)…
[ObsWS:warn] 02:51:41.000 Reconnect failed: One or more errors occurred. (Unable to connect to the remote server)
[ObsWS:info] 02:52:11.001 Reconnecting to OBS WebSocket (30000ms backoff)…
[ObsWS:warn] 02:52:13.062 Reconnect failed: One or more errors occurred. (Unable to connect to the remote server)
[ObsWS:info] 02:52:43.062 Reconnecting to OBS WebSocket (30000ms backoff)…
[ObsWS:warn] 02:52:45.091 Reconnect failed: One or more errors occurred. (Unable to connect to the remote server)
[ObsWS:info] 02:53:15.097 Reconnecting to OBS WebSocket (30000ms backoff)…
[ObsWS:warn] 02:53:17.142 Reconnect failed: One or more errors occurred. (Unable to connect to the remote server)
[ObsWS:info] 02:53:47.146 Reconnecting to OBS WebSocket (30000ms backoff)…
[ObsWS:warn] 02:53:49.191 Reconnect failed: One or more errors occurred. (Unable to connect to the remote server)
[ObsWS:info] 02:54:19.203 Reconnecting to OBS WebSocket (30000ms backoff)…
[ObsWS:warn] 02:54:21.249 Reconnect failed: One or more errors occurred. (Unable to connect to the remote server)
[ObsWS:info] 02:54:51.263 Reconnecting to OBS WebSocket (30000ms backoff)…
[ObsWS:warn] 02:54:53.295 Reconnect failed: One or more errors occurred. (Unable to connect to the remote server)
[ObsWS:info] 02:55:23.301 Reconnecting to OBS WebSocket (30000ms backoff)…
[ObsWS:warn] 02:55:25.346 Reconnect failed: One or more errors occurred. (Unable to connect to the remote server)
[ObsWS:info] 02:55:55.351 Reconnecting to OBS WebSocket (30000ms backoff)…
[ObsWS:warn] 02:55:57.368 Reconnect failed: One or more errors occurred. (Unable to connect to the remote server)
[ObsWS:info] 02:56:27.371 Reconnecting to OBS WebSocket (30000ms backoff)…
[ObsWS:warn] 02:56:29.404 Reconnect failed: One or more errors occurred. (Unable to connect to the remote server)
[ObsWS:info] 02:56:59.411 Reconnecting to OBS WebSocket (30000ms backoff)…
[ObsWS:warn] 02:57:01.455 Reconnect failed: One or more errors occurred. (Unable to connect to the remote server)
[ObsWS:info] 02:57:31.467 Reconnecting to OBS WebSocket (30000ms backoff)…
[ObsWS:warn] 02:57:33.512 Reconnect failed: One or more errors occurred. (Unable to connect to the remote server)
[ObsWS:info] 02:58:03.517 Reconnecting to OBS WebSocket (30000ms backoff)…
[ObsWS:warn] 02:58:05.575 Reconnect failed: One or more errors occurred. (Unable to connect to the remote server)
[ObsWS:info] 02:58:35.590 Reconnecting to OBS WebSocket (30000ms backoff)…
[ObsWS:warn] 02:58:37.626 Reconnect failed: One or more errors occurred. (Unable to connect to the remote server)
[ObsWS:info] 02:59:07.628 Reconnecting to OBS WebSocket (30000ms backoff)…
[ObsWS:warn] 02:59:09.652 Reconnect failed: One or more errors occurred. (Unable to connect to the remote server)
[ObsWS:info] 02:59:39.656 Reconnecting to OBS WebSocket (30000ms backoff)…
[ObsWS:warn] 02:59:41.668 Reconnect failed: One or more errors occurred. (Unable to connect to the remote server)
[ObsWS:info] 03:00:11.673 Reconnecting to OBS WebSocket (30000ms backoff)…
[ObsWS:warn] 03:00:13.720 Reconnect failed: One or more errors occurred. (Unable to connect to the remote server)
[ObsWS:info] 03:00:43.730 Reconnecting to OBS WebSocket (30000ms backoff)…
[ObsWS:warn] 03:00:45.780 Reconnect failed: One or more errors occurred. (Unable to connect to the remote server)
[ObsWS:info] 03:01:15.784 Reconnecting to OBS WebSocket (30000ms backoff)…
[ObsWS:warn] 03:01:17.815 Reconnect failed: One or more errors occurred. (Unable to connect to the remote server)
[ObsWS:info] 03:01:47.818 Reconnecting to OBS WebSocket (30000ms backoff)…
[ObsWS:warn] 03:01:49.838 Reconnect failed: One or more errors occurred. (Unable to connect to the remote server)
[ObsWS:info] 03:02:19.841 Reconnecting to OBS WebSocket (30000ms backoff)…
[ObsWS:warn] 03:02:21.885 Reconnect failed: One or more errors occurred. (Unable to connect to the remote server)
[ObsWS:info] 03:02:51.888 Reconnecting to OBS WebSocket (30000ms backoff)…
[ObsWS:warn] 03:02:53.931 Reconnect failed: One or more errors occurred. (Unable to connect to the remote server)
[ObsWS:info] 03:03:23.945 Reconnecting to OBS WebSocket (30000ms backoff)…
[ObsWS:warn] 03:03:25.993 Reconnect failed: One or more errors occurred. (Unable to connect to the remote server)
[ObsWS:info] 03:03:55.993 Reconnecting to OBS WebSocket (30000ms backoff)…
[ObsWS:warn] 03:03:58.020 Reconnect failed: One or more errors occurred. (Unable to connect to the remote server)
[ObsWS:info] 03:04:28.032 Reconnecting to OBS WebSocket (30000ms backoff)…
[ObsWS:warn] 03:04:30.091 Reconnect failed: One or more errors occurred. (Unable to connect to the remote server)
[ObsWS:info] 03:05:00.098 Reconnecting to OBS WebSocket (30000ms backoff)…
[ObsWS:warn] 03:05:02.134 Reconnect failed: One or more errors occurred. (Unable to connect to the remote server)
[ObsWS:info] 03:05:32.136 Reconnecting to OBS WebSocket (30000ms backoff)…
[ObsWS:warn] 03:05:34.194 Reconnect failed: One or more errors occurred. (Unable to connect to the remote server)
[ObsWS:info] 03:06:04.199 Reconnecting to OBS WebSocket (30000ms backoff)…
[ObsWS:warn] 03:06:06.231 Reconnect failed: One or more errors occurred. (Unable to connect to the remote server)
[ObsWS:info] 03:06:36.233 Reconnecting to OBS WebSocket (30000ms backoff)…
[ObsWS:warn] 03:06:38.276 Reconnect failed: One or more errors occurred. (Unable to connect to the remote server)
[ObsWS:info] 03:07:08.282 Reconnecting to OBS WebSocket (30000ms backoff)…
[ObsWS:warn] 03:07:10.304 Reconnect failed: One or more errors occurred. (Unable to connect to the remote server)
[ObsWS:info] 03:07:40.307 Reconnecting to OBS WebSocket (30000ms backoff)…
[ObsWS:warn] 03:07:42.352 Reconnect failed: One or more errors occurred. (Unable to connect to the remote server)
[ObsWS:info] 03:08:12.365 Reconnecting to OBS WebSocket (30000ms backoff)…
[ObsWS:warn] 03:08:14.414 Reconnect failed: One or more errors occurred. (Unable to connect to the remote server)
[ObsWS:info] 03:08:44.429 Reconnecting to OBS WebSocket (30000ms backoff)…
[ObsWS:warn] 03:08:46.462 Reconnect failed: One or more errors occurred. (Unable to connect to the remote server)
[ObsWS:info] 03:09:16.471 Reconnecting to OBS WebSocket (30000ms backoff)…
[ObsWS:warn] 03:09:18.521 Reconnect failed: One or more errors occurred. (Unable to connect to the remote server)
[ObsWS:info] 03:09:48.530 Reconnecting to OBS WebSocket (30000ms backoff)…
[ObsWS:warn] 03:09:50.563 Reconnect failed: One or more errors occurred. (Unable to connect to the remote server)
[ObsWS:info] 03:10:20.568 Reconnecting to OBS WebSocket (30000ms backoff)…
[ObsWS:warn] 03:10:22.627 Reconnect failed: One or more errors occurred. (Unable to connect to the remote server)
[ObsWS:info] 03:10:52.641 Reconnecting to OBS WebSocket (30000ms backoff)…
[ObsWS:warn] 03:10:54.662 Reconnect failed: One or more errors occurred. (Unable to connect to the remote server)
[ObsWS:info] 03:11:24.676 Reconnecting to OBS WebSocket (30000ms backoff)…
[ObsWS:warn] 03:11:26.711 Reconnect failed: One or more errors occurred. (Unable to connect to the remote server)
[ObsWS:info] 03:11:56.718 Reconnecting to OBS WebSocket (30000ms backoff)…
[ObsWS:warn] 03:11:58.737 Reconnect failed: One or more errors occurred. (Unable to connect to the remote server)
[ObsWS:info] 03:12:28.742 Reconnecting to OBS WebSocket (30000ms backoff)…
[ObsWS:warn] 03:12:30.779 Reconnect failed: One or more errors occurred. (Unable to connect to the remote server)
[ObsWS:info] 03:13:00.792 Reconnecting to OBS WebSocket (30000ms backoff)…
[ObsWS:warn] 03:13:02.849 Reconnect failed: One or more errors occurred. (Unable to connect to the remote server)
[ObsWS:info] 03:13:32.863 Reconnecting to OBS WebSocket (30000ms backoff)…
[ObsWS:warn] 03:13:34.913 Reconnect failed: One or more errors occurred. (Unable to connect to the remote server)
[ObsWS:info] 03:14:04.927 Reconnecting to OBS WebSocket (30000ms backoff)…
[ObsWS:warn] 03:14:06.973 Reconnect failed: One or more errors occurred. (Unable to connect to the remote server)
[ObsWS:info] 03:14:36.986 Reconnecting to OBS WebSocket (30000ms backoff)…
[ObsWS:warn] 03:14:39.032 Reconnect failed: One or more errors occurred. (Unable to connect to the remote server)
[ObsWS:info] 03:15:09.039 Reconnecting to OBS WebSocket (30000ms backoff)…
[ObsWS:warn] 03:15:11.080 Reconnect failed: One or more errors occurred. (Unable to connect to the remote server)
[ObsWS:info] 03:15:41.085 Reconnecting to OBS WebSocket (30000ms backoff)…
[ObsWS:warn] 03:15:43.119 Reconnect failed: One or more errors occurred. (Unable to connect to the remote server)
[ObsWS:info] 03:16:13.133 Reconnecting to OBS WebSocket (30000ms backoff)…
[ObsWS:warn] 03:16:15.176 Reconnect failed: One or more errors occurred. (Unable to connect to the remote server)
[ObsWS:info] 03:16:45.188 Reconnecting to OBS WebSocket (30000ms backoff)…
[ObsWS:warn] 03:16:47.221 Reconnect failed: One or more errors occurred. (Unable to connect to the remote server)
[ObsWS:info] 03:17:17.228 Reconnecting to OBS WebSocket (30000ms backoff)…
[ObsWS:warn] 03:17:19.272 Reconnect failed: One or more errors occurred. (Unable to connect to the remote server)
[ObsWS:info] 03:17:49.286 Reconnecting to OBS WebSocket (30000ms backoff)…
[ObsWS:warn] 03:17:51.331 Reconnect failed: One or more errors occurred. (Unable to connect to the remote server)
[ObsWS:info] 03:18:21.342 Reconnecting to OBS WebSocket (30000ms backoff)…
[ObsWS:warn] 03:18:23.400 Reconnect failed: One or more errors occurred. (Unable to connect to the remote server)
[ObsWS:info] 03:18:53.414 Reconnecting to OBS WebSocket (30000ms backoff)…
[ObsWS:warn] 03:18:55.474 Reconnect failed: One or more errors occurred. (Unable to connect to the remote server)
[ObsWS:info] 03:19:25.475 Reconnecting to OBS WebSocket (30000ms backoff)…
[ObsWS:warn] 03:19:27.522 Reconnect failed: One or more errors occurred. (Unable to connect to the remote server)
[ObsWS:info] 03:19:57.524 Reconnecting to OBS WebSocket (30000ms backoff)…
[ObsWS:warn] 03:19:59.570 Reconnect failed: One or more errors occurred. (Unable to connect to the remote server)
[ObsWS:info] 03:20:29.579 Reconnecting to OBS WebSocket (30000ms backoff)…
[ObsWS:warn] 03:20:31.623 Reconnect failed: One or more errors occurred. (Unable to connect to the remote server)
[ObsWS:info] 03:21:01.628 Reconnecting to OBS WebSocket (30000ms backoff)…
[ObsWS:warn] 03:21:03.673 Reconnect failed: One or more errors occurred. (Unable to connect to the remote server)
[ObsWS:info] 03:21:33.684 Reconnecting to OBS WebSocket (30000ms backoff)…
[ObsWS:warn] 03:21:35.729 Reconnect failed: One or more errors occurred. (Unable to connect to the remote server)
[ObsWS:info] 03:22:05.741 Reconnecting to OBS WebSocket (30000ms backoff)…
[ObsWS:warn] 03:22:07.787 Reconnect failed: One or more errors occurred. (Unable to connect to the remote server)
[ObsWS:info] 03:22:37.797 Reconnecting to OBS WebSocket (30000ms backoff)…
[ObsWS:warn] 03:22:39.831 Reconnect failed: One or more errors occurred. (Unable to connect to the remote server)
[ObsWS:info] 03:23:09.831 Reconnecting to OBS WebSocket (30000ms backoff)…
[ObsWS:warn] 03:23:11.861 Reconnect failed: One or more errors occurred. (Unable to connect to the remote server)
[ObsWS:info] 03:23:41.875 Reconnecting to OBS WebSocket (30000ms backoff)…
[ObsWS:warn] 03:23:43.920 Reconnect failed: One or more errors occurred. (Unable to connect to the remote server)
[ObsWS:info] 03:24:13.922 Reconnecting to OBS WebSocket (30000ms backoff)…
[ObsWS:warn] 03:24:15.953 Reconnect failed: One or more errors occurred. (Unable to connect to the remote server)
[ObsWS:info] 03:24:45.958 Reconnecting to OBS WebSocket (30000ms backoff)…
[ObsWS:warn] 03:24:48.003 Reconnect failed: One or more errors occurred. (Unable to connect to the remote server)
[ObsWS:info] 03:25:18.015 Reconnecting to OBS WebSocket (30000ms backoff)…
[ObsWS:warn] 03:25:20.067 Reconnect failed: One or more errors occurred. (Unable to connect to the remote server)
[ObsWS:info] 03:25:50.075 Reconnecting to OBS WebSocket (30000ms backoff)…
[ObsWS:warn] 03:25:52.120 Reconnect failed: One or more errors occurred. (Unable to connect to the remote server)
[ObsWS:info] 03:26:22.134 Reconnecting to OBS WebSocket (30000ms backoff)…
[ObsWS:warn] 03:26:24.172 Reconnect failed: One or more errors occurred. (Unable to connect to the remote server)
[ObsWS:info] 03:26:54.173 Reconnecting to OBS WebSocket (30000ms backoff)…
[ObsWS:warn] 03:26:56.217 Reconnect failed: One or more errors occurred. (Unable to connect to the remote server)
[ObsWS:info] 03:27:26.225 Reconnecting to OBS WebSocket (30000ms backoff)…
[ObsWS:warn] 03:27:28.263 Reconnect failed: One or more errors occurred. (Unable to connect to the remote server)
[ObsWS:info] 03:27:58.264 Reconnecting to OBS WebSocket (30000ms backoff)…
[ObsWS:warn] 03:28:00.297 Reconnect failed: One or more errors occurred. (Unable to connect to the remote server)
[ObsWS:info] 03:28:30.310 Reconnecting to OBS WebSocket (30000ms backoff)…
[ObsWS:warn] 03:28:32.372 Reconnect failed: One or more errors occurred. (Unable to connect to the remote server)
[ObsWS:info] 03:29:02.375 Reconnecting to OBS WebSocket (30000ms backoff)…
[ObsWS:warn] 03:29:04.410 Reconnect failed: One or more errors occurred. (Unable to connect to the remote server)
[ObsWS:info] 03:29:34.421 Reconnecting to OBS WebSocket (30000ms backoff)…
[ObsWS:warn] 03:29:36.474 Reconnect failed: One or more errors occurred. (Unable to connect to the remote server)
[ObsWS:info] 03:30:06.485 Reconnecting to OBS WebSocket (30000ms backoff)…
[ObsWS:warn] 03:30:08.532 Reconnect failed: One or more errors occurred. (Unable to connect to the remote server)
[ObsWS:info] 03:30:38.545 Reconnecting to OBS WebSocket (30000ms backoff)…
[ObsWS:warn] 03:30:40.587 Reconnect failed: One or more errors occurred. (Unable to connect to the remote server)
[ObsWS:info] 03:31:10.592 Reconnecting to OBS WebSocket (30000ms backoff)…
[ObsWS:warn] 03:31:12.638 Reconnect failed: One or more errors occurred. (Unable to connect to the remote server)
[ObsWS:info] 03:31:42.650 Reconnecting to OBS WebSocket (30000ms backoff)…
[ObsWS:warn] 03:31:44.681 Reconnect failed: One or more errors occurred. (Unable to connect to the remote server)
[ObsWS:info] 03:32:14.682 Reconnecting to OBS WebSocket (30000ms backoff)…
[ObsWS:warn] 03:32:16.707 Reconnect failed: One or more errors occurred. (Unable to connect to the remote server)
[ObsWS:info] 03:32:46.712 Reconnecting to OBS WebSocket (30000ms backoff)…
[ObsWS:warn] 03:32:48.757 Reconnect failed: One or more errors occurred. (Unable to connect to the remote server)
[ObsWS:info] 03:33:18.761 Reconnecting to OBS WebSocket (30000ms backoff)…
[ObsWS:warn] 03:33:20.780 Reconnect failed: One or more errors occurred. (Unable to connect to the remote server)
[ObsWS:info] 03:33:50.794 Reconnecting to OBS WebSocket (30000ms backoff)…
[ObsWS:warn] 03:33:52.840 Reconnect failed: One or more errors occurred. (Unable to connect to the remote server)
[ObsWS:info] 03:34:22.842 Reconnecting to OBS WebSocket (30000ms backoff)…
[ObsWS:warn] 03:34:24.902 Reconnect failed: One or more errors occurred. (Unable to connect to the remote server)
[ObsWS:info] 03:34:54.903 Reconnecting to OBS WebSocket (30000ms backoff)…
[ObsWS:warn] 03:34:56.963 Reconnect failed: One or more errors occurred. (Unable to connect to the remote server)
[ObsWS:info] 03:35:26.963 Reconnecting to OBS WebSocket (30000ms backoff)…
[ObsWS:warn] 03:35:29.007 Reconnect failed: One or more errors occurred. (Unable to connect to the remote server)
[ObsWS:info] 03:35:59.017 Reconnecting to OBS WebSocket (30000ms backoff)…
[ObsWS:warn] 03:36:01.077 Reconnect failed: One or more errors occurred. (Unable to connect to the remote server)
[ObsWS:info] 03:36:31.093 Reconnecting to OBS WebSocket (30000ms backoff)…
[ObsWS:warn] 03:36:33.128 Reconnect failed: One or more errors occurred. (Unable to connect to the remote server)
[ObsWS:info] 03:37:03.137 Reconnecting to OBS WebSocket (30000ms backoff)…
[ObsWS:warn] 03:37:05.182 Reconnect failed: One or more errors occurred. (Unable to connect to the remote server)
[ObsWS:info] 03:37:35.187 Reconnecting to OBS WebSocket (30000ms backoff)…
[ObsWS:warn] 03:37:37.233 Reconnect failed: One or more errors occurred. (Unable to connect to the remote server)
[ObsWS:info] 03:38:07.238 Reconnecting to OBS WebSocket (30000ms backoff)…
[ObsWS:warn] 03:38:09.266 Reconnect failed: One or more errors occurred. (Unable to connect to the remote server)
[ObsWS:info] 03:38:39.267 Reconnecting to OBS WebSocket (30000ms backoff)…
[ObsWS:warn] 03:38:41.301 Reconnect failed: One or more errors occurred. (Unable to connect to the remote server)
[ObsWS:info] 03:39:11.308 Reconnecting to OBS WebSocket (30000ms backoff)…
[ObsWS:warn] 03:39:13.351 Reconnect failed: One or more errors occurred. (Unable to connect to the remote server)
[ObsWS:info] 03:39:43.354 Reconnecting to OBS WebSocket (30000ms backoff)…
[ObsWS:warn] 03:39:45.411 Reconnect failed: One or more errors occurred. (Unable to connect to the remote server)
[ObsWS:info] 03:40:15.414 Reconnecting to OBS WebSocket (30000ms backoff)…
[ObsWS:warn] 03:40:17.448 Reconnect failed: One or more errors occurred. (Unable to connect to the remote server)
[ObsWS:info] 03:40:47.454 Reconnecting to OBS WebSocket (30000ms backoff)…
[ObsWS:warn] 03:40:49.498 Reconnect failed: One or more errors occurred. (Unable to connect to the remote server)
[ObsWS:info] 03:41:19.512 Reconnecting to OBS WebSocket (30000ms backoff)…
[ObsWS:warn] 03:41:21.563 Reconnect failed: One or more errors occurred. (Unable to connect to the remote server)
[ObsWS:info] 03:41:51.566 Reconnecting to OBS WebSocket (30000ms backoff)…
[ObsWS:warn] 03:41:53.612 Reconnect failed: One or more errors occurred. (Unable to connect to the remote server)
[ObsWS:info] 03:42:23.618 Reconnecting to OBS WebSocket (30000ms backoff)…
[ObsWS:warn] 03:42:25.661 Reconnect failed: One or more errors occurred. (Unable to connect to the remote server)
[ObsWS:info] 03:42:55.667 Reconnecting to OBS WebSocket (30000ms backoff)…
[ObsWS:warn] 03:42:57.712 Reconnect failed: One or more errors occurred. (Unable to connect to the remote server)
[ObsWS:info] 03:43:27.723 Reconnecting to OBS WebSocket (30000ms backoff)…
[ObsWS:warn] 03:43:29.782 Reconnect failed: One or more errors occurred. (Unable to connect to the remote server)
[ObsWS:info] 03:43:59.788 Reconnecting to OBS WebSocket (30000ms backoff)…
[ObsWS:warn] 03:44:01.842 Reconnect failed: One or more errors occurred. (Unable to connect to the remote server)
[ObsWS:info] 03:44:31.849 Reconnecting to OBS WebSocket (30000ms backoff)…
[ObsWS:warn] 03:44:33.899 Reconnect failed: One or more errors occurred. (Unable to connect to the remote server)
[ObsWS:info] 03:45:03.908 Reconnecting to OBS WebSocket (30000ms backoff)…
[ObsWS:warn] 03:45:05.951 Reconnect failed: One or more errors occurred. (Unable to connect to the remote server)
[ObsWS:info] 03:45:35.956 Reconnecting to OBS WebSocket (30000ms backoff)…
[ObsWS:warn] 03:45:38.002 Reconnect failed: One or more errors occurred. (Unable to connect to the remote server)
[ObsWS:info] 03:46:08.013 Reconnecting to OBS WebSocket (30000ms backoff)…
[ObsWS:warn] 03:46:10.075 Reconnect failed: One or more errors occurred. (Unable to connect to the remote server)
[ObsWS:info] 03:46:40.087 Reconnecting to OBS WebSocket (30000ms backoff)…
[ObsWS:warn] 03:46:42.144 Reconnect failed: One or more errors occurred. (Unable to connect to the remote server)
[ObsWS:info] 03:47:12.145 Reconnecting to OBS WebSocket (30000ms backoff)…
[ObsWS:warn] 03:47:14.203 Reconnect failed: One or more errors occurred. (Unable to connect to the remote server)
[ObsWS:info] 03:47:44.211 Reconnecting to OBS WebSocket (30000ms backoff)…
[ObsWS:warn] 03:47:46.261 Reconnect failed: One or more errors occurred. (Unable to connect to the remote server)
[ObsWS:info] 03:48:16.275 Reconnecting to OBS WebSocket (30000ms backoff)…
[ObsWS:warn] 03:48:18.320 Reconnect failed: One or more errors occurred. (Unable to connect to the remote server)
[ObsWS:info] 03:48:48.323 Reconnecting to OBS WebSocket (30000ms backoff)…
[ObsWS:warn] 03:48:50.381 Reconnect failed: One or more errors occurred. (Unable to connect to the remote server)
[ObsWS:info] 03:49:20.391 Reconnecting to OBS WebSocket (30000ms backoff)…
[ObsWS:warn] 03:49:22.429 Reconnect failed: One or more errors occurred. (Unable to connect to the remote server)
[ObsWS:info] 03:49:52.443 Reconnecting to OBS WebSocket (30000ms backoff)…
[ObsWS:warn] 03:49:54.476 Reconnect failed: One or more errors occurred. (Unable to connect to the remote server)
[ObsWS:info] 03:50:24.482 Reconnecting to OBS WebSocket (30000ms backoff)…
[ObsWS:warn] 03:50:26.540 Reconnect failed: One or more errors occurred. (Unable to connect to the remote server)
[ObsWS:info] 03:50:56.545 Reconnecting to OBS WebSocket (30000ms backoff)…
[ObsWS:warn] 03:50:58.605 Reconnect failed: One or more errors occurred. (Unable to connect to the remote server)
[ObsWS:info] 03:51:28.617 Reconnecting to OBS WebSocket (30000ms backoff)…
[ObsWS:warn] 03:51:30.653 Reconnect failed: One or more errors occurred. (Unable to connect to the remote server)
[ObsWS:info] 03:52:00.663 Reconnecting to OBS WebSocket (30000ms backoff)…
[ObsWS:warn] 03:52:02.707 Reconnect failed: One or more errors occurred. (Unable to connect to the remote server)
[ObsWS:info] 03:52:32.712 Reconnecting to OBS WebSocket (30000ms backoff)…
[ObsWS:warn] 03:52:34.760 Reconnect failed: One or more errors occurred. (Unable to connect to the remote server)
[ObsWS:info] 03:53:04.761 Reconnecting to OBS WebSocket (30000ms backoff)…
[ObsWS:warn] 03:53:06.805 Reconnect failed: One or more errors occurred. (Unable to connect to the remote server)
[ObsWS:info] 03:53:36.820 Reconnecting to OBS WebSocket (30000ms backoff)…
[ObsWS:warn] 03:53:38.838 Reconnect failed: One or more errors occurred. (Unable to connect to the remote server)
[ObsWS:info] 03:54:08.843 Reconnecting to OBS WebSocket (30000ms backoff)…
[ObsWS:warn] 03:54:10.887 Reconnect failed: One or more errors occurred. (Unable to connect to the remote server)
[ObsWS:info] 03:54:40.892 Reconnecting to OBS WebSocket (30000ms backoff)…
[ObsWS:warn] 03:54:42.925 Reconnect failed: One or more errors occurred. (Unable to connect to the remote server)
[ObsWS:info] 03:55:12.925 Reconnecting to OBS WebSocket (30000ms backoff)…
[ObsWS:warn] 03:55:14.944 Reconnect failed: One or more errors occurred. (Unable to connect to the remote server)
[ObsWS:info] 03:55:44.950 Reconnecting to OBS WebSocket (30000ms backoff)…
[ObsWS:warn] 03:55:46.997 Reconnect failed: One or more errors occurred. (Unable to connect to the remote server)
[ObsWS:info] 03:56:17.002 Reconnecting to OBS WebSocket (30000ms backoff)…
[ObsWS:warn] 03:56:19.024 Reconnect failed: One or more errors occurred. (Unable to connect to the remote server)
[ObsWS:info] 03:56:49.038 Reconnecting to OBS WebSocket (30000ms backoff)…
[ObsWS:warn] 03:56:51.058 Reconnect failed: One or more errors occurred. (Unable to connect to the remote server)
[ObsWS:info] 03:57:21.072 Reconnecting to OBS WebSocket (30000ms backoff)…
[ObsWS:warn] 03:57:23.102 Reconnect failed: One or more errors occurred. (Unable to connect to the remote server)
[ObsWS:info] 03:57:53.107 Reconnecting to OBS WebSocket (30000ms backoff)…
[ObsWS:warn] 03:57:55.140 Reconnect failed: One or more errors occurred. (Unable to connect to the remote server)
[ObsWS:info] 03:58:25.143 Reconnecting to OBS WebSocket (30000ms backoff)…
[ObsWS:warn] 03:58:27.202 Reconnect failed: One or more errors occurred. (Unable to connect to the remote server)
[ObsWS:info] 03:58:57.217 Reconnecting to OBS WebSocket (30000ms backoff)…
[ObsWS:warn] 03:58:59.254 Reconnect failed: One or more errors occurred. (Unable to connect to the remote server)
[ObsWS:info] 03:59:29.255 Reconnecting to OBS WebSocket (30000ms backoff)…
[ObsWS:warn] 03:59:31.273 Reconnect failed: One or more errors occurred. (Unable to connect to the remote server)
[ObsWS:info] 04:00:01.286 Reconnecting to OBS WebSocket (30000ms backoff)…
[ObsWS:warn] 04:00:03.328 Reconnect failed: One or more errors occurred. (Unable to connect to the remote server)
[ObsWS:info] 04:00:33.334 Reconnecting to OBS WebSocket (30000ms backoff)…
[ObsWS:warn] 04:00:35.393 Reconnect failed: One or more errors occurred. (Unable to connect to the remote server)
[ObsWS:info] 04:01:05.399 Reconnecting to OBS WebSocket (30000ms backoff)…
[ObsWS:warn] 04:01:07.442 Reconnect failed: One or more errors occurred. (Unable to connect to the remote server)
[ObsWS:info] 04:01:37.455 Reconnecting to OBS WebSocket (30000ms backoff)…
[ObsWS:warn] 04:01:39.491 Reconnect failed: One or more errors occurred. (Unable to connect to the remote server)
[ObsWS:info] 04:02:09.494 Reconnecting to OBS WebSocket (30000ms backoff)…
[ObsWS:warn] 04:02:11.538 Reconnect failed: One or more errors occurred. (Unable to connect to the remote server)
[ObsWS:info] 04:02:41.553 Reconnecting to OBS WebSocket (30000ms backoff)…
[ObsWS:warn] 04:02:43.586 Reconnect failed: One or more errors occurred. (Unable to connect to the remote server)
[ObsWS:info] 04:03:13.600 Reconnecting to OBS WebSocket (30000ms backoff)…
[ObsWS:warn] 04:03:15.635 Reconnect failed: One or more errors occurred. (Unable to connect to the remote server)
[ObsWS:info] 04:03:45.637 Reconnecting to OBS WebSocket (30000ms backoff)…
[ObsWS:warn] 04:03:47.686 Reconnect failed: One or more errors occurred. (Unable to connect to the remote server)
[ObsWS:info] 04:04:17.695 Reconnecting to OBS WebSocket (30000ms backoff)…
[ObsWS:warn] 04:04:19.740 Reconnect failed: One or more errors occurred. (Unable to connect to the remote server)
[ObsWS:info] 04:04:49.742 Reconnecting to OBS WebSocket (30000ms backoff)…
[ObsWS:warn] 04:04:51.787 Reconnect failed: One or more errors occurred. (Unable to connect to the remote server)
[ObsWS:info] 04:05:21.800 Reconnecting to OBS WebSocket (30000ms backoff)…
[ObsWS:warn] 04:05:23.859 Reconnect failed: One or more errors occurred. (Unable to connect to the remote server)
[ObsWS:info] 04:05:53.862 Reconnecting to OBS WebSocket (30000ms backoff)…
[ObsWS:warn] 04:05:55.909 Reconnect failed: One or more errors occurred. (Unable to connect to the remote server)
[ObsWS:info] 04:06:25.924 Reconnecting to OBS WebSocket (30000ms backoff)…
[ObsWS:warn] 04:06:27.956 Reconnect failed: One or more errors occurred. (Unable to connect to the remote server)
[ObsWS:info] 04:06:57.965 Reconnecting to OBS WebSocket (30000ms backoff)…
[ObsWS:warn] 04:07:00.011 Reconnect failed: One or more errors occurred. (Unable to connect to the remote server)
[ObsWS:info] 04:07:30.025 Reconnecting to OBS WebSocket (30000ms backoff)…
[ObsWS:warn] 04:07:32.060 Reconnect failed: One or more errors occurred. (Unable to connect to the remote server)
[ObsWS:info] 04:08:02.062 Reconnecting to OBS WebSocket (30000ms backoff)…
[ObsWS:warn] 04:08:04.082 Reconnect failed: One or more errors occurred. (Unable to connect to the remote server)
[ObsWS:info] 04:08:34.090 Reconnecting to OBS WebSocket (30000ms backoff)…
[ObsWS:warn] 04:08:36.135 Reconnect failed: One or more errors occurred. (Unable to connect to the remote server)
[ObsWS:info] 04:09:06.136 Reconnecting to OBS WebSocket (30000ms backoff)…
[ObsWS:warn] 04:09:08.172 Reconnect failed: One or more errors occurred. (Unable to connect to the remote server)
[ObsWS:info] 04:09:38.175 Reconnecting to OBS WebSocket (30000ms backoff)…
[ObsWS:warn] 04:09:40.211 Reconnect failed: One or more errors occurred. (Unable to connect to the remote server)
[ObsWS:info] 04:10:10.222 Reconnecting to OBS WebSocket (30000ms backoff)…
[ObsWS:warn] 04:10:12.270 Reconnect failed: One or more errors occurred. (Unable to connect to the remote server)
[ObsWS:info] 04:10:42.272 Reconnecting to OBS WebSocket (30000ms backoff)…
[ObsWS:warn] 04:10:44.333 Reconnect failed: One or more errors occurred. (Unable to connect to the remote server)
[ObsWS:info] 04:11:14.339 Reconnecting to OBS WebSocket (30000ms backoff)…
[ObsWS:warn] 04:11:16.384 Reconnect failed: One or more errors occurred. (Unable to connect to the remote server)
[ObsWS:info] 04:11:46.387 Reconnecting to OBS WebSocket (30000ms backoff)…
[ObsWS:warn] 04:11:48.432 Reconnect failed: One or more errors occurred. (Unable to connect to the remote server)
[ObsWS:info] 04:12:18.444 Reconnecting to OBS WebSocket (30000ms backoff)…
[ObsWS:warn] 04:12:20.491 Reconnect failed: One or more errors occurred. (Unable to connect to the remote server)
[ObsWS:info] 04:12:50.496 Reconnecting to OBS WebSocket (30000ms backoff)…
[ObsWS:warn] 04:12:52.529 Reconnect failed: One or more errors occurred. (Unable to connect to the remote server)
[ObsWS:info] 04:13:22.538 Reconnecting to OBS WebSocket (30000ms backoff)…
[ObsWS:warn] 04:13:24.592 Reconnect failed: One or more errors occurred. (Unable to connect to the remote server)
[ObsWS:info] 04:13:54.603 Reconnecting to OBS WebSocket (30000ms backoff)…
[ObsWS:warn] 04:13:56.650 Reconnect failed: One or more errors occurred. (Unable to connect to the remote server)
[ObsWS:info] 04:14:26.655 Reconnecting to OBS WebSocket (30000ms backoff)…
[ObsWS:warn] 04:14:28.711 Reconnect failed: One or more errors occurred. (Unable to connect to the remote server)
[ObsWS:info] 04:14:58.715 Reconnecting to OBS WebSocket (30000ms backoff)…
[ObsWS:warn] 04:15:00.775 Reconnect failed: One or more errors occurred. (Unable to connect to the remote server)
[ObsWS:info] 04:15:30.777 Reconnecting to OBS WebSocket (30000ms backoff)…
[ObsWS:warn] 04:15:32.833 Reconnect failed: One or more errors occurred. (Unable to connect to the remote server)
[ObsWS:info] 04:16:02.840 Reconnecting to OBS WebSocket (30000ms backoff)…
[ObsWS:warn] 04:16:04.898 Reconnect failed: One or more errors occurred. (Unable to connect to the remote server)
[ObsWS:info] 04:16:34.910 Reconnecting to OBS WebSocket (30000ms backoff)…
[ObsWS:warn] 04:16:36.943 Reconnect failed: One or more errors occurred. (Unable to connect to the remote server)
[ObsWS:info] 04:17:06.952 Reconnecting to OBS WebSocket (30000ms backoff)…
[ObsWS:warn] 04:17:09.001 Reconnect failed: One or more errors occurred. (Unable to connect to the remote server)
[ObsWS:info] 04:17:39.015 Reconnecting to OBS WebSocket (30000ms backoff)…
[ObsWS:warn] 04:17:41.060 Reconnect failed: One or more errors occurred. (Unable to connect to the remote server)
[ObsWS:info] 04:18:11.064 Reconnecting to OBS WebSocket (30000ms backoff)…
[ObsWS:warn] 04:18:13.095 Reconnect failed: One or more errors occurred. (Unable to connect to the remote server)
[ObsWS:info] 04:18:43.099 Reconnecting to OBS WebSocket (30000ms backoff)…
[ObsWS:warn] 04:18:45.141 Reconnect failed: One or more errors occurred. (Unable to connect to the remote server)
[ObsWS:info] 04:19:15.148 Reconnecting to OBS WebSocket (30000ms backoff)…
[ObsWS:warn] 04:19:17.180 Reconnect failed: One or more errors occurred. (Unable to connect to the remote server)
[ObsWS:info] 04:19:47.190 Reconnecting to OBS WebSocket (30000ms backoff)…
[ObsWS:warn] 04:19:49.240 Reconnect failed: One or more errors occurred. (Unable to connect to the remote server)
[ObsWS:info] 04:20:19.243 Reconnecting to OBS WebSocket (30000ms backoff)…
[ObsWS:warn] 04:20:21.304 Reconnect failed: One or more errors occurred. (Unable to connect to the remote server)
[ObsWS:info] 04:20:51.311 Reconnecting to OBS WebSocket (30000ms backoff)…
[ObsWS:warn] 04:20:53.367 Reconnect failed: One or more errors occurred. (Unable to connect to the remote server)
[ObsWS:info] 04:21:23.380 Reconnecting to OBS WebSocket (30000ms backoff)…
[ObsWS:warn] 04:21:25.403 Reconnect failed: One or more errors occurred. (Unable to connect to the remote server)
[ObsWS:info] 04:21:55.416 Reconnecting to OBS WebSocket (30000ms backoff)…
[ObsWS:warn] 04:21:57.461 Reconnect failed: One or more errors occurred. (Unable to connect to the remote server)
[ObsWS:info] 04:22:27.467 Reconnecting to OBS WebSocket (30000ms backoff)…
[ObsWS:warn] 04:22:29.485 Reconnect failed: One or more errors occurred. (Unable to connect to the remote server)
[ObsWS:info] 04:22:59.500 Reconnecting to OBS WebSocket (30000ms backoff)…
[ObsWS:warn] 04:23:01.533 Reconnect failed: One or more errors occurred. (Unable to connect to the remote server)
[ObsWS:info] 04:23:31.546 Reconnecting to OBS WebSocket (30000ms backoff)…
[ObsWS:warn] 04:23:33.604 Reconnect failed: One or more errors occurred. (Unable to connect to the remote server)
[ObsWS:info] 04:24:03.617 Reconnecting to OBS WebSocket (30000ms backoff)…
[ObsWS:warn] 04:24:05.648 Reconnect failed: One or more errors occurred. (Unable to connect to the remote server)
[ObsWS:info] 04:24:35.654 Reconnecting to OBS WebSocket (30000ms backoff)…
[ObsWS:warn] 04:24:37.700 Reconnect failed: One or more errors occurred. (Unable to connect to the remote server)
[ObsWS:info] 04:25:07.706 Reconnecting to OBS WebSocket (30000ms backoff)…
[ObsWS:warn] 04:25:09.751 Reconnect failed: One or more errors occurred. (Unable to connect to the remote server)
[ObsWS:info] 04:25:39.760 Reconnecting to OBS WebSocket (30000ms backoff)…
[ObsWS:warn] 04:25:41.820 Reconnect failed: One or more errors occurred. (Unable to connect to the remote server)
[ObsWS:info] 04:26:11.829 Reconnecting to OBS WebSocket (30000ms backoff)…
[ObsWS:warn] 04:26:13.861 Reconnect failed: One or more errors occurred. (Unable to connect to the remote server)
[ObsWS:info] 04:26:43.871 Reconnecting to OBS WebSocket (30000ms backoff)…
[ObsWS:warn] 04:26:45.917 Reconnect failed: One or more errors occurred. (Unable to connect to the remote server)
[ObsWS:info] 04:27:15.923 Reconnecting to OBS WebSocket (30000ms backoff)…
[ObsWS:warn] 04:27:17.960 Reconnect failed: One or more errors occurred. (Unable to connect to the remote server)
[ObsWS:info] 04:27:47.968 Reconnecting to OBS WebSocket (30000ms backoff)…
[ObsWS:warn] 04:27:49.998 Reconnect failed: One or more errors occurred. (Unable to connect to the remote server)
[ObsWS:info] 04:28:20.004 Reconnecting to OBS WebSocket (30000ms backoff)…
[ObsWS:warn] 04:28:22.039 Reconnect failed: One or more errors occurred. (Unable to connect to the remote server)
[ObsWS:info] 04:28:52.049 Reconnecting to OBS WebSocket (30000ms backoff)…
[ObsWS:warn] 04:28:54.097 Reconnect failed: One or more errors occurred. (Unable to connect to the remote server)
[ObsWS:info] 04:29:24.111 Reconnecting to OBS WebSocket (30000ms backoff)…
[ObsWS:warn] 04:29:26.157 Reconnect failed: One or more errors occurred. (Unable to connect to the remote server)
[ObsWS:info] 04:29:56.170 Reconnecting to OBS WebSocket (30000ms backoff)…
[ObsWS:warn] 04:29:58.218 Reconnect failed: One or more errors occurred. (Unable to connect to the remote server)
[ObsWS:info] 04:30:28.233 Reconnecting to OBS WebSocket (30000ms backoff)…
[ObsWS:warn] 04:30:30.279 Reconnect failed: One or more errors occurred. (Unable to connect to the remote server)
[ObsWS:info] 04:31:00.280 Reconnecting to OBS WebSocket (30000ms backoff)…
[ObsWS:warn] 04:31:02.323 Reconnect failed: One or more errors occurred. (Unable to connect to the remote server)
[ObsWS:info] 04:31:32.323 Reconnecting to OBS WebSocket (30000ms backoff)…
[ObsWS:warn] 04:31:34.359 Reconnect failed: One or more errors occurred. (Unable to connect to the remote server)
[ObsWS:info] 04:32:04.364 Reconnecting to OBS WebSocket (30000ms backoff)…
[ObsWS:warn] 04:32:06.396 Reconnect failed: One or more errors occurred. (Unable to connect to the remote server)
[ObsWS:info] 04:32:36.406 Reconnecting to OBS WebSocket (30000ms backoff)…
[ObsWS:warn] 04:32:38.450 Reconnect failed: One or more errors occurred. (Unable to connect to the remote server)
[ObsWS:info] 04:33:08.451 Reconnecting to OBS WebSocket (30000ms backoff)…
[ObsWS:warn] 04:33:10.486 Reconnect failed: One or more errors occurred. (Unable to connect to the remote server)
[ObsWS:info] 04:33:40.495 Reconnecting to OBS WebSocket (30000ms backoff)…
[ObsWS:warn] 04:33:42.554 Reconnect failed: One or more errors occurred. (Unable to connect to the remote server)
[ObsWS:info] 04:34:12.558 Reconnecting to OBS WebSocket (30000ms backoff)…
[ObsWS:warn] 04:34:14.603 Reconnect failed: One or more errors occurred. (Unable to connect to the remote server)
[ObsWS:info] 04:34:44.604 Reconnecting to OBS WebSocket (30000ms backoff)…
[ObsWS:warn] 04:34:46.662 Reconnect failed: One or more errors occurred. (Unable to connect to the remote server)
[ObsWS:info] 04:35:16.676 Reconnecting to OBS WebSocket (30000ms backoff)…
[ObsWS:warn] 04:35:18.720 Reconnect failed: One or more errors occurred. (Unable to connect to the remote server)
[ObsWS:info] 04:35:48.725 Reconnecting to OBS WebSocket (30000ms backoff)…
[ObsWS:warn] 04:35:50.747 Reconnect failed: One or more errors occurred. (Unable to connect to the remote server)
[ObsWS:info] 04:36:20.753 Reconnecting to OBS WebSocket (30000ms backoff)…
[ObsWS:warn] 04:36:22.797 Reconnect failed: One or more errors occurred. (Unable to connect to the remote server)
[ObsWS:info] 04:36:52.811 Reconnecting to OBS WebSocket (30000ms backoff)…
[ObsWS:warn] 04:36:54.861 Reconnect failed: One or more errors occurred. (Unable to connect to the remote server)
[ObsWS:info] 04:37:24.863 Reconnecting to OBS WebSocket (30000ms backoff)…
[ObsWS:warn] 04:37:26.902 Reconnect failed: One or more errors occurred. (Unable to connect to the remote server)
[ObsWS:info] 04:37:56.909 Reconnecting to OBS WebSocket (30000ms backoff)…
[ObsWS:warn] 04:37:58.954 Reconnect failed: One or more errors occurred. (Unable to connect to the remote server)
[ObsWS:info] 04:38:28.969 Reconnecting to OBS WebSocket (30000ms backoff)…
[ObsWS:warn] 04:38:31.016 Reconnect failed: One or more errors occurred. (Unable to connect to the remote server)
[ObsWS:info] 04:39:01.027 Reconnecting to OBS WebSocket (30000ms backoff)…
[ObsWS:warn] 04:39:03.086 Reconnect failed: One or more errors occurred. (Unable to connect to the remote server)
[ObsWS:info] 04:39:33.095 Reconnecting to OBS WebSocket (30000ms backoff)…
[ObsWS:warn] 04:39:35.125 Reconnect failed: One or more errors occurred. (Unable to connect to the remote server)
[ObsWS:info] 04:40:05.127 Reconnecting to OBS WebSocket (30000ms backoff)…
[ObsWS:warn] 04:40:07.157 Reconnect failed: One or more errors occurred. (Unable to connect to the remote server)
[ObsWS:info] 04:40:37.167 Reconnecting to OBS WebSocket (30000ms backoff)…
[ObsWS:warn] 04:40:39.203 Reconnect failed: One or more errors occurred. (Unable to connect to the remote server)
[ObsWS:info] 04:41:09.215 Reconnecting to OBS WebSocket (30000ms backoff)…
[ObsWS:warn] 04:41:11.262 Reconnect failed: One or more errors occurred. (Unable to connect to the remote server)
[ObsWS:info] 04:41:41.273 Reconnecting to OBS WebSocket (30000ms backoff)…
[ObsWS:warn] 04:41:43.305 Reconnect failed: One or more errors occurred. (Unable to connect to the remote server)
[ObsWS:info] 04:42:13.314 Reconnecting to OBS WebSocket (30000ms backoff)…
[ObsWS:warn] 04:42:15.357 Reconnect failed: One or more errors occurred. (Unable to connect to the remote server)
[ObsWS:info] 04:42:45.366 Reconnecting to OBS WebSocket (30000ms backoff)…
[ObsWS:warn] 04:42:47.411 Reconnect failed: One or more errors occurred. (Unable to connect to the remote server)
[ObsWS:info] 04:43:17.418 Reconnecting to OBS WebSocket (30000ms backoff)…
[ObsWS:warn] 04:43:19.437 Reconnect failed: One or more errors occurred. (Unable to connect to the remote server)
[ObsWS:info] 04:43:49.446 Reconnecting to OBS WebSocket (30000ms backoff)…
[ObsWS:warn] 04:43:51.489 Reconnect failed: One or more errors occurred. (Unable to connect to the remote server)
[ObsWS:info] 04:44:21.501 Reconnecting to OBS WebSocket (30000ms backoff)…
[ObsWS:warn] 04:44:23.550 Reconnect failed: One or more errors occurred. (Unable to connect to the remote server)
[ObsWS:info] 04:44:53.556 Reconnecting to OBS WebSocket (30000ms backoff)…
[ObsWS:warn] 04:44:55.602 Reconnect failed: One or more errors occurred. (Unable to connect to the remote server)
[ObsWS:info] 04:45:25.605 Reconnecting to OBS WebSocket (30000ms backoff)…
[ObsWS:warn] 04:45:27.644 Reconnect failed: One or more errors occurred. (Unable to connect to the remote server)
[ObsWS:info] 04:45:57.645 Reconnecting to OBS WebSocket (30000ms backoff)…
[ObsWS:warn] 04:45:59.705 Reconnect failed: One or more errors occurred. (Unable to connect to the remote server)
[ObsWS:info] 04:46:29.710 Reconnecting to OBS WebSocket (30000ms backoff)…
[ObsWS:warn] 04:46:31.755 Reconnect failed: One or more errors occurred. (Unable to connect to the remote server)
[ObsWS:info] 04:47:01.759 Reconnecting to OBS WebSocket (30000ms backoff)…
[ObsWS:warn] 04:47:03.791 Reconnect failed: One or more errors occurred. (Unable to connect to the remote server)
[ObsWS:info] 04:47:33.800 Reconnecting to OBS WebSocket (30000ms backoff)…
[ObsWS:warn] 04:47:35.837 Reconnect failed: One or more errors occurred. (Unable to connect to the remote server)
[ObsWS:info] 04:48:05.848 Reconnecting to OBS WebSocket (30000ms backoff)…
[ObsWS:warn] 04:48:07.894 Reconnect failed: One or more errors occurred. (Unable to connect to the remote server)
[ObsWS:info] 04:48:37.899 Reconnecting to OBS WebSocket (30000ms backoff)…
[ObsWS:warn] 04:48:39.947 Reconnect failed: One or more errors occurred. (Unable to connect to the remote server)
[ObsWS:info] 04:49:09.952 Reconnecting to OBS WebSocket (30000ms backoff)…
[ObsWS:warn] 04:49:12.013 Reconnect failed: One or more errors occurred. (Unable to connect to the remote server)
[ObsWS:info] 04:49:42.018 Reconnecting to OBS WebSocket (30000ms backoff)…
[ObsWS:warn] 04:49:44.038 Reconnect failed: One or more errors occurred. (Unable to connect to the remote server)
[ObsWS:info] 04:50:14.051 Reconnecting to OBS WebSocket (30000ms backoff)…
[ObsWS:warn] 04:50:16.094 Reconnect failed: One or more errors occurred. (Unable to connect to the remote server)
[ObsWS:info] 04:50:46.099 Reconnecting to OBS WebSocket (30000ms backoff)…
[ObsWS:warn] 04:50:48.144 Reconnect failed: One or more errors occurred. (Unable to connect to the remote server)
[ObsWS:info] 04:51:18.157 Reconnecting to OBS WebSocket (30000ms backoff)…
[ObsWS:warn] 04:51:20.190 Reconnect failed: One or more errors occurred. (Unable to connect to the remote server)
[ObsWS:info] 04:51:50.196 Reconnecting to OBS WebSocket (30000ms backoff)…
[ObsWS:warn] 04:51:52.240 Reconnect failed: One or more errors occurred. (Unable to connect to the remote server)
[ObsWS:info] 04:52:22.255 Reconnecting to OBS WebSocket (30000ms backoff)…
[ObsWS:warn] 04:52:24.301 Reconnect failed: One or more errors occurred. (Unable to connect to the remote server)
[ObsWS:info] 04:52:54.303 Reconnecting to OBS WebSocket (30000ms backoff)…
[ObsWS:warn] 04:52:56.334 Reconnect failed: One or more errors occurred. (Unable to connect to the remote server)
[ObsWS:info] 04:53:26.346 Reconnecting to OBS WebSocket (30000ms backoff)…
[ObsWS:warn] 04:53:28.403 Reconnect failed: One or more errors occurred. (Unable to connect to the remote server)
[ObsWS:info] 04:53:58.417 Reconnecting to OBS WebSocket (30000ms backoff)…
[ObsWS:warn] 04:54:00.476 Reconnect failed: One or more errors occurred. (Unable to connect to the remote server)
[ObsWS:info] 04:54:30.486 Reconnecting to OBS WebSocket (30000ms backoff)…
[ObsWS:warn] 04:54:32.533 Reconnect failed: One or more errors occurred. (Unable to connect to the remote server)
[ObsWS:info] 04:55:02.547 Reconnecting to OBS WebSocket (30000ms backoff)…
[ObsWS:warn] 04:55:04.578 Reconnect failed: One or more errors occurred. (Unable to connect to the remote server)
[ObsWS:info] 04:55:34.593 Reconnecting to OBS WebSocket (30000ms backoff)…
[ObsWS:warn] 04:55:36.605 Reconnect failed: One or more errors occurred. (Unable to connect to the remote server)
[ObsWS:info] 04:56:06.614 Reconnecting to OBS WebSocket (30000ms backoff)…
[ObsWS:warn] 04:56:08.631 Reconnect failed: One or more errors occurred. (Unable to connect to the remote server)
[ObsWS:info] 04:56:38.645 Reconnecting to OBS WebSocket (30000ms backoff)…
[ObsWS:warn] 04:56:40.694 Reconnect failed: One or more errors occurred. (Unable to connect to the remote server)
[ObsWS:info] 04:57:10.702 Reconnecting to OBS WebSocket (30000ms backoff)…
[ObsWS:warn] 04:57:12.743 Reconnect failed: One or more errors occurred. (Unable to connect to the remote server)
[ObsWS:info] 04:57:42.753 Reconnecting to OBS WebSocket (30000ms backoff)…
[ObsWS:warn] 04:57:44.787 Reconnect failed: One or more errors occurred. (Unable to connect to the remote server)
[ObsWS:info] 04:58:14.792 Reconnecting to OBS WebSocket (30000ms backoff)…
[ObsWS:warn] 04:58:16.812 Reconnect failed: One or more errors occurred. (Unable to connect to the remote server)
[ObsWS:info] 04:58:46.818 Reconnecting to OBS WebSocket (30000ms backoff)…
[ObsWS:warn] 04:58:48.878 Reconnect failed: One or more errors occurred. (Unable to connect to the remote server)
[ObsWS:info] 04:59:18.888 Reconnecting to OBS WebSocket (30000ms backoff)…
[ObsWS:warn] 04:59:20.929 Reconnect failed: One or more errors occurred. (Unable to connect to the remote server)
[ObsWS:info] 04:59:50.937 Reconnecting to OBS WebSocket (30000ms backoff)…
[ObsWS:warn] 04:59:52.969 Reconnect failed: One or more errors occurred. (Unable to connect to the remote server)
[ObsWS:info] 05:00:22.984 Reconnecting to OBS WebSocket (30000ms backoff)…
[ObsWS:warn] 05:00:25.018 Reconnect failed: One or more errors occurred. (Unable to connect to the remote server)
[ObsWS:info] 05:00:55.019 Reconnecting to OBS WebSocket (30000ms backoff)…
[ObsWS:warn] 05:00:57.059 Reconnect failed: One or more errors occurred. (Unable to connect to the remote server)
[ObsWS:info] 05:01:27.061 Reconnecting to OBS WebSocket (30000ms backoff)…
[ObsWS:warn] 05:01:29.079 Reconnect failed: One or more errors occurred. (Unable to connect to the remote server)
[ObsWS:info] 05:01:59.081 Reconnecting to OBS WebSocket (30000ms backoff)…
[ObsWS:warn] 05:02:01.112 Reconnect failed: One or more errors occurred. (Unable to connect to the remote server)
[ObsWS:info] 05:02:31.114 Reconnecting to OBS WebSocket (30000ms backoff)…
[ObsWS:warn] 05:02:33.135 Reconnect failed: One or more errors occurred. (Unable to connect to the remote server)
[ObsWS:info] 05:03:03.146 Reconnecting to OBS WebSocket (30000ms backoff)…
[ObsWS:warn] 05:03:05.205 Reconnect failed: One or more errors occurred. (Unable to connect to the remote server)
[ObsWS:info] 05:03:35.206 Reconnecting to OBS WebSocket (30000ms backoff)…
[ObsWS:warn] 05:03:37.227 Reconnect failed: One or more errors occurred. (Unable to connect to the remote server)
[ObsWS:info] 05:04:07.234 Reconnecting to OBS WebSocket (30000ms backoff)…
[ObsWS:warn] 05:04:09.264 Reconnect failed: One or more errors occurred. (Unable to connect to the remote server)
[ObsWS:info] 05:04:39.268 Reconnecting to OBS WebSocket (30000ms backoff)…
[ObsWS:warn] 05:04:41.302 Reconnect failed: One or more errors occurred. (Unable to connect to the remote server)
[ObsWS:info] 05:05:11.316 Reconnecting to OBS WebSocket (30000ms backoff)…
[ObsWS:warn] 05:05:13.375 Reconnect failed: One or more errors occurred. (Unable to connect to the remote server)
[ObsWS:info] 05:05:43.385 Reconnecting to OBS WebSocket (30000ms backoff)…
[ObsWS:warn] 05:05:45.445 Reconnect failed: One or more errors occurred. (Unable to connect to the remote server)
[ObsWS:info] 05:06:15.446 Reconnecting to OBS WebSocket (30000ms backoff)…
[ObsWS:warn] 05:06:17.491 Reconnect failed: One or more errors occurred. (Unable to connect to the remote server)
[ObsWS:info] 05:06:47.492 Reconnecting to OBS WebSocket (30000ms backoff)…
[ObsWS:warn] 05:06:49.551 Reconnect failed: One or more errors occurred. (Unable to connect to the remote server)
[ObsWS:info] 05:07:19.559 Reconnecting to OBS WebSocket (30000ms backoff)…
[ObsWS:warn] 05:07:21.583 Reconnect failed: One or more errors occurred. (Unable to connect to the remote server)
[ObsWS:info] 05:07:51.584 Reconnecting to OBS WebSocket (30000ms backoff)…
[ObsWS:warn] 05:07:53.621 Reconnect failed: One or more errors occurred. (Unable to connect to the remote server)
[ObsWS:info] 05:08:23.622 Reconnecting to OBS WebSocket (30000ms backoff)…
[ObsWS:warn] 05:08:25.671 Reconnect failed: One or more errors occurred. (Unable to connect to the remote server)
[ObsWS:info] 05:08:55.682 Reconnecting to OBS WebSocket (30000ms backoff)…
[ObsWS:warn] 05:08:57.713 Reconnect failed: One or more errors occurred. (Unable to connect to the remote server)
[ObsWS:info] 05:09:27.715 Reconnecting to OBS WebSocket (30000ms backoff)…
[ObsWS:warn] 05:09:29.775 Reconnect failed: One or more errors occurred. (Unable to connect to the remote server)
[ObsWS:info] 05:09:59.784 Reconnecting to OBS WebSocket (30000ms backoff)…
[ObsWS:warn] 05:10:01.829 Reconnect failed: One or more errors occurred. (Unable to connect to the remote server)
[ObsWS:info] 05:10:31.833 Reconnecting to OBS WebSocket (30000ms backoff)…
[ObsWS:warn] 05:10:33.880 Reconnect failed: One or more errors occurred. (Unable to connect to the remote server)
[ObsWS:info] 05:11:03.886 Reconnecting to OBS WebSocket (30000ms backoff)…
[ObsWS:warn] 05:11:05.922 Reconnect failed: One or more errors occurred. (Unable to connect to the remote server)
[ObsWS:info] 05:11:35.935 Reconnecting to OBS WebSocket (30000ms backoff)…
[ObsWS:warn] 05:11:37.957 Reconnect failed: One or more errors occurred. (Unable to connect to the remote server)
[ObsWS:info] 05:12:07.961 Reconnecting to OBS WebSocket (30000ms backoff)…
[ObsWS:warn] 05:12:10.018 Reconnect failed: One or more errors occurred. (Unable to connect to the remote server)
[ObsWS:info] 05:12:40.020 Reconnecting to OBS WebSocket (30000ms backoff)…
[ObsWS:warn] 05:12:42.054 Reconnect failed: One or more errors occurred. (Unable to connect to the remote server)
[ObsWS:info] 05:13:12.069 Reconnecting to OBS WebSocket (30000ms backoff)…
[ObsWS:warn] 05:13:14.129 Reconnect failed: One or more errors occurred. (Unable to connect to the remote server)
[ObsWS:info] 05:13:44.144 Reconnecting to OBS WebSocket (30000ms backoff)…
[ObsWS:warn] 05:13:46.203 Reconnect failed: One or more errors occurred. (Unable to connect to the remote server)
[ObsWS:info] 05:14:16.204 Reconnecting to OBS WebSocket (30000ms backoff)…
[ObsWS:warn] 05:14:18.251 Reconnect failed: One or more errors occurred. (Unable to connect to the remote server)
[ObsWS:info] 05:14:48.266 Reconnecting to OBS WebSocket (30000ms backoff)…
[ObsWS:warn] 05:14:50.294 Reconnect failed: One or more errors occurred. (Unable to connect to the remote server)
[ObsWS:info] 05:15:20.300 Reconnecting to OBS WebSocket (30000ms backoff)…
[ObsWS:warn] 05:15:22.347 Reconnect failed: One or more errors occurred. (Unable to connect to the remote server)
[ObsWS:info] 05:15:52.349 Reconnecting to OBS WebSocket (30000ms backoff)…
[ObsWS:warn] 05:15:54.410 Reconnect failed: One or more errors occurred. (Unable to connect to the remote server)
[ObsWS:info] 05:16:24.415 Reconnecting to OBS WebSocket (30000ms backoff)…
[ObsWS:warn] 05:16:26.473 Reconnect failed: One or more errors occurred. (Unable to connect to the remote server)
[ObsWS:info] 05:16:56.475 Reconnecting to OBS WebSocket (30000ms backoff)…
[ObsWS:warn] 05:16:58.517 Reconnect failed: One or more errors occurred. (Unable to connect to the remote server)
[ObsWS:info] 05:17:28.521 Reconnecting to OBS WebSocket (30000ms backoff)…
[ObsWS:warn] 05:17:30.581 Reconnect failed: One or more errors occurred. (Unable to connect to the remote server)
[ObsWS:info] 05:18:00.596 Reconnecting to OBS WebSocket (30000ms backoff)…
[ObsWS:warn] 05:18:02.653 Reconnect failed: One or more errors occurred. (Unable to connect to the remote server)
[ObsWS:info] 05:18:32.661 Reconnecting to OBS WebSocket (30000ms backoff)…
[ObsWS:warn] 05:18:34.691 Reconnect failed: One or more errors occurred. (Unable to connect to the remote server)
[ObsWS:info] 05:19:04.699 Reconnecting to OBS WebSocket (30000ms backoff)…
[ObsWS:warn] 05:19:06.728 Reconnect failed: One or more errors occurred. (Unable to connect to the remote server)
[ObsWS:info] 05:19:36.730 Reconnecting to OBS WebSocket (30000ms backoff)…
[ObsWS:warn] 05:19:38.776 Reconnect failed: One or more errors occurred. (Unable to connect to the remote server)
[ObsWS:info] 05:20:08.782 Reconnecting to OBS WebSocket (30000ms backoff)…
[ObsWS:warn] 05:20:10.808 Reconnect failed: One or more errors occurred. (Unable to connect to the remote server)
[ObsWS:info] 05:20:40.810 Reconnecting to OBS WebSocket (30000ms backoff)…
[ObsWS:warn] 05:20:42.856 Reconnect failed: One or more errors occurred. (Unable to connect to the remote server)
[ObsWS:info] 05:21:12.859 Reconnecting to OBS WebSocket (30000ms backoff)…
[ObsWS:warn] 05:21:14.899 Reconnect failed: One or more errors occurred. (Unable to connect to the remote server)
[ObsWS:info] 05:21:44.913 Reconnecting to OBS WebSocket (30000ms backoff)…
[ObsWS:warn] 05:21:46.972 Reconnect failed: One or more errors occurred. (Unable to connect to the remote server)
[ObsWS:info] 05:22:16.986 Reconnecting to OBS WebSocket (30000ms backoff)…
[ObsWS:warn] 05:22:19.046 Reconnect failed: One or more errors occurred. (Unable to connect to the remote server)
[ObsWS:info] 05:22:49.057 Reconnecting to OBS WebSocket (30000ms backoff)…
[ObsWS:warn] 05:22:51.080 Reconnect failed: One or more errors occurred. (Unable to connect to the remote server)
[ObsWS:info] 05:23:21.091 Reconnecting to OBS WebSocket (30000ms backoff)…
[ObsWS:warn] 05:23:23.132 Reconnect failed: One or more errors occurred. (Unable to connect to the remote server)
[ObsWS:info] 05:23:53.134 Reconnecting to OBS WebSocket (30000ms backoff)…
[ObsWS:warn] 05:23:55.160 Reconnect failed: One or more errors occurred. (Unable to connect to the remote server)
[ObsWS:info] 05:24:25.170 Reconnecting to OBS WebSocket (30000ms backoff)…
[ObsWS:warn] 05:24:27.199 Reconnect failed: One or more errors occurred. (Unable to connect to the remote server)
[ObsWS:info] 05:24:57.203 Reconnecting to OBS WebSocket (30000ms backoff)…
[ObsWS:warn] 05:24:59.260 Reconnect failed: One or more errors occurred. (Unable to connect to the remote server)
[ObsWS:info] 05:25:29.262 Reconnecting to OBS WebSocket (30000ms backoff)…
[ObsWS:warn] 05:25:31.307 Reconnect failed: One or more errors occurred. (Unable to connect to the remote server)
[ObsWS:info] 05:26:01.317 Reconnecting to OBS WebSocket (30000ms backoff)…
[ObsWS:warn] 05:26:03.339 Reconnect failed: One or more errors occurred. (Unable to connect to the remote server)
[ObsWS:info] 05:26:33.347 Reconnecting to OBS WebSocket (30000ms backoff)…
[ObsWS:warn] 05:26:35.392 Reconnect failed: One or more errors occurred. (Unable to connect to the remote server)
[ObsWS:info] 05:27:05.392 Reconnecting to OBS WebSocket (30000ms backoff)…
[ObsWS:warn] 05:27:07.437 Reconnect failed: One or more errors occurred. (Unable to connect to the remote server)
[ObsWS:info] 05:27:37.453 Reconnecting to OBS WebSocket (30000ms backoff)…
[ObsWS:warn] 05:27:39.496 Reconnect failed: One or more errors occurred. (Unable to connect to the remote server)
[ObsWS:info] 05:28:09.502 Reconnecting to OBS WebSocket (30000ms backoff)…
[ObsWS:warn] 05:28:11.542 Reconnect failed: One or more errors occurred. (Unable to connect to the remote server)
[ObsWS:info] 05:28:41.546 Reconnecting to OBS WebSocket (30000ms backoff)…
[ObsWS:warn] 05:28:43.606 Reconnect failed: One or more errors occurred. (Unable to connect to the remote server)
[ObsWS:info] 05:29:13.608 Reconnecting to OBS WebSocket (30000ms backoff)…
[ObsWS:warn] 05:29:15.651 Reconnect failed: One or more errors occurred. (Unable to connect to the remote server)
[ObsWS:info] 05:29:45.664 Reconnecting to OBS WebSocket (30000ms backoff)…
[ObsWS:warn] 05:29:47.706 Reconnect failed: One or more errors occurred. (Unable to connect to the remote server)
[ObsWS:info] 05:30:17.713 Reconnecting to OBS WebSocket (30000ms backoff)…
[ObsWS:warn] 05:30:19.760 Reconnect failed: One or more errors occurred. (Unable to connect to the remote server)
[ObsWS:info] 05:30:49.765 Reconnecting to OBS WebSocket (30000ms backoff)…
[ObsWS:warn] 05:30:51.797 Reconnect failed: One or more errors occurred. (Unable to connect to the remote server)
[ObsWS:info] 05:31:21.807 Reconnecting to OBS WebSocket (30000ms backoff)…
[ObsWS:warn] 05:31:23.840 Reconnect failed: One or more errors occurred. (Unable to connect to the remote server)
[ObsWS:info] 05:31:53.851 Reconnecting to OBS WebSocket (30000ms backoff)…
[ObsWS:warn] 05:31:55.895 Reconnect failed: One or more errors occurred. (Unable to connect to the remote server)
[ObsWS:info] 05:32:25.910 Reconnecting to OBS WebSocket (30000ms backoff)…
[ObsWS:warn] 05:32:27.955 Reconnect failed: One or more errors occurred. (Unable to connect to the remote server)
[ObsWS:info] 05:32:57.961 Reconnecting to OBS WebSocket (30000ms backoff)…
[ObsWS:warn] 05:33:00.008 Reconnect failed: One or more errors occurred. (Unable to connect to the remote server)
[ObsWS:info] 05:33:30.022 Reconnecting to OBS WebSocket (30000ms backoff)…
[ObsWS:warn] 05:33:32.054 Reconnect failed: One or more errors occurred. (Unable to connect to the remote server)
[ObsWS:info] 05:34:02.055 Reconnecting to OBS WebSocket (30000ms backoff)…
[ObsWS:warn] 05:34:04.090 Reconnect failed: One or more errors occurred. (Unable to connect to the remote server)
[ObsWS:info] 05:34:34.101 Reconnecting to OBS WebSocket (30000ms backoff)…
[ObsWS:warn] 05:34:36.157 Reconnect failed: One or more errors occurred. (Unable to connect to the remote server)
[ObsWS:info] 05:35:06.173 Reconnecting to OBS WebSocket (30000ms backoff)…
[ObsWS:warn] 05:35:08.217 Reconnect failed: One or more errors occurred. (Unable to connect to the remote server)
[ObsWS:info] 05:35:38.221 Reconnecting to OBS WebSocket (30000ms backoff)…
[ObsWS:warn] 05:35:40.254 Reconnect failed: One or more errors occurred. (Unable to connect to the remote server)
[ObsWS:info] 05:36:10.264 Reconnecting to OBS WebSocket (30000ms backoff)…
[ObsWS:warn] 05:36:12.299 Reconnect failed: One or more errors occurred. (Unable to connect to the remote server)
[ObsWS:info] 05:36:42.314 Reconnecting to OBS WebSocket (30000ms backoff)…
[ObsWS:warn] 05:36:44.338 Reconnect failed: One or more errors occurred. (Unable to connect to the remote server)
[ObsWS:info] 05:37:14.350 Reconnecting to OBS WebSocket (30000ms backoff)…
[ObsWS:warn] 05:37:16.383 Reconnect failed: One or more errors occurred. (Unable to connect to the remote server)
[ObsWS:info] 05:37:46.383 Reconnecting to OBS WebSocket (30000ms backoff)…
[ObsWS:warn] 05:37:48.421 Reconnect failed: One or more errors occurred. (Unable to connect to the remote server)
[ObsWS:info] 05:38:18.431 Reconnecting to OBS WebSocket (30000ms backoff)…
[ObsWS:warn] 05:38:20.465 Reconnect failed: One or more errors occurred. (Unable to connect to the remote server)
[ObsWS:info] 05:38:50.479 Reconnecting to OBS WebSocket (30000ms backoff)…
[ObsWS:warn] 05:38:52.540 Reconnect failed: One or more errors occurred. (Unable to connect to the remote server)
[ObsWS:info] 05:39:22.551 Reconnecting to OBS WebSocket (30000ms backoff)…
[ObsWS:warn] 05:39:24.582 Reconnect failed: One or more errors occurred. (Unable to connect to the remote server)
[ObsWS:info] 05:39:54.594 Reconnecting to OBS WebSocket (30000ms backoff)…
[ObsWS:warn] 05:39:56.639 Reconnect failed: One or more errors occurred. (Unable to connect to the remote server)
[ObsWS:info] 05:40:26.647 Reconnecting to OBS WebSocket (30000ms backoff)…
[ObsWS:warn] 05:40:28.680 Reconnect failed: One or more errors occurred. (Unable to connect to the remote server)
[ObsWS:info] 05:40:58.685 Reconnecting to OBS WebSocket (30000ms backoff)…
[ObsWS:warn] 05:41:00.730 Reconnect failed: One or more errors occurred. (Unable to connect to the remote server)
[ObsWS:info] 05:41:30.737 Reconnecting to OBS WebSocket (30000ms backoff)…
[ObsWS:warn] 05:41:32.783 Reconnect failed: One or more errors occurred. (Unable to connect to the remote server)
[ObsWS:info] 05:42:02.791 Reconnecting to OBS WebSocket (30000ms backoff)…
[ObsWS:warn] 05:42:04.828 Reconnect failed: One or more errors occurred. (Unable to connect to the remote server)
[ObsWS:info] 05:42:34.839 Reconnecting to OBS WebSocket (30000ms backoff)…
[ObsWS:warn] 05:42:36.884 Reconnect failed: One or more errors occurred. (Unable to connect to the remote server)
[ObsWS:info] 05:43:06.897 Reconnecting to OBS WebSocket (30000ms backoff)…
[ObsWS:warn] 05:43:08.926 Reconnect failed: One or more errors occurred. (Unable to connect to the remote server)
[ObsWS:info] 05:43:38.937 Reconnecting to OBS WebSocket (30000ms backoff)…
[ObsWS:warn] 05:43:40.974 Reconnect failed: One or more errors occurred. (Unable to connect to the remote server)
[ObsWS:info] 05:44:10.974 Reconnecting to OBS WebSocket (30000ms backoff)…
[ObsWS:warn] 05:44:13.035 Reconnect failed: One or more errors occurred. (Unable to connect to the remote server)
[ObsWS:info] 05:44:43.038 Reconnecting to OBS WebSocket (30000ms backoff)…
[ObsWS:warn] 05:44:45.083 Reconnect failed: One or more errors occurred. (Unable to connect to the remote server)
[ObsWS:info] 05:45:15.093 Reconnecting to OBS WebSocket (30000ms backoff)…
[ObsWS:warn] 05:45:17.139 Reconnect failed: One or more errors occurred. (Unable to connect to the remote server)
[ObsWS:info] 05:45:47.144 Reconnecting to OBS WebSocket (30000ms backoff)…
[ObsWS:warn] 05:45:49.175 Reconnect failed: One or more errors occurred. (Unable to connect to the remote server)
[ObsWS:info] 05:46:19.189 Reconnecting to OBS WebSocket (30000ms backoff)…
[ObsWS:warn] 05:46:21.234 Reconnect failed: One or more errors occurred. (Unable to connect to the remote server)
[ObsWS:info] 05:46:51.245 Reconnecting to OBS WebSocket (30000ms backoff)…
[ObsWS:warn] 05:46:53.293 Reconnect failed: One or more errors occurred. (Unable to connect to the remote server)
[ObsWS:info] 05:47:23.304 Reconnecting to OBS WebSocket (30000ms backoff)…
[ObsWS:warn] 05:47:25.362 Reconnect failed: One or more errors occurred. (Unable to connect to the remote server)
[ObsWS:info] 05:47:55.367 Reconnecting to OBS WebSocket (30000ms backoff)…
[ObsWS:warn] 05:47:57.413 Reconnect failed: One or more errors occurred. (Unable to connect to the remote server)
[ObsWS:info] 05:48:27.417 Reconnecting to OBS WebSocket (30000ms backoff)…
[ObsWS:warn] 05:48:29.442 Reconnect failed: One or more errors occurred. (Unable to connect to the remote server)
[ObsWS:info] 05:48:59.448 Reconnecting to OBS WebSocket (30000ms backoff)…
[ObsWS:warn] 05:49:01.494 Reconnect failed: One or more errors occurred. (Unable to connect to the remote server)
[ObsWS:info] 05:49:31.501 Reconnecting to OBS WebSocket (30000ms backoff)…
[ObsWS:warn] 05:49:33.545 Reconnect failed: One or more errors occurred. (Unable to connect to the remote server)
[ObsWS:info] 05:50:03.556 Reconnecting to OBS WebSocket (30000ms backoff)…
[ObsWS:warn] 05:50:05.600 Reconnect failed: One or more errors occurred. (Unable to connect to the remote server)
[ObsWS:info] 05:50:35.609 Reconnecting to OBS WebSocket (30000ms backoff)…
[ObsWS:warn] 05:50:37.654 Reconnect failed: One or more errors occurred. (Unable to connect to the remote server)
[ObsWS:info] 05:51:07.665 Reconnecting to OBS WebSocket (30000ms backoff)…
[ObsWS:warn] 05:51:09.709 Reconnect failed: One or more errors occurred. (Unable to connect to the remote server)
[ObsWS:info] 05:51:39.716 Reconnecting to OBS WebSocket (30000ms backoff)…
[ObsWS:warn] 05:51:41.735 Reconnect failed: One or more errors occurred. (Unable to connect to the remote server)
[ObsWS:info] 05:52:11.738 Reconnecting to OBS WebSocket (30000ms backoff)…
[ObsWS:warn] 05:52:13.785 Reconnect failed: One or more errors occurred. (Unable to connect to the remote server)
[ObsWS:info] 05:52:43.791 Reconnecting to OBS WebSocket (30000ms backoff)…
[ObsWS:warn] 05:52:45.833 Reconnect failed: One or more errors occurred. (Unable to connect to the remote server)
[ObsWS:info] 05:53:15.835 Reconnecting to OBS WebSocket (30000ms backoff)…
[ObsWS:warn] 05:53:17.847 Reconnect failed: One or more errors occurred. (Unable to connect to the remote server)
[ObsWS:info] 05:53:47.860 Reconnecting to OBS WebSocket (30000ms backoff)…
[ObsWS:warn] 05:53:49.900 Reconnect failed: One or more errors occurred. (Unable to connect to the remote server)
[ObsWS:info] 05:54:19.914 Reconnecting to OBS WebSocket (30000ms backoff)…
[ObsWS:warn] 05:54:21.958 Reconnect failed: One or more errors occurred. (Unable to connect to the remote server)
[ObsWS:info] 05:54:51.962 Reconnecting to OBS WebSocket (30000ms backoff)…
[ObsWS:warn] 05:54:54.017 Reconnect failed: One or more errors occurred. (Unable to connect to the remote server)
[ObsWS:info] 05:55:24.031 Reconnecting to OBS WebSocket (30000ms backoff)…
[ObsWS:warn] 05:55:26.064 Reconnect failed: One or more errors occurred. (Unable to connect to the remote server)
[ObsWS:info] 05:55:56.065 Reconnecting to OBS WebSocket (30000ms backoff)…
[ObsWS:warn] 05:55:58.094 Reconnect failed: One or more errors occurred. (Unable to connect to the remote server)
[ObsWS:info] 05:56:28.106 Reconnecting to OBS WebSocket (30000ms backoff)…
[ObsWS:warn] 05:56:30.129 Reconnect failed: One or more errors occurred. (Unable to connect to the remote server)
[ObsWS:info] 05:57:00.131 Reconnecting to OBS WebSocket (30000ms backoff)…
[ObsWS:warn] 05:57:02.162 Reconnect failed: One or more errors occurred. (Unable to connect to the remote server)
[ObsWS:info] 05:57:32.173 Reconnecting to OBS WebSocket (30000ms backoff)…
[ObsWS:warn] 05:57:34.206 Reconnect failed: One or more errors occurred. (Unable to connect to the remote server)
[ObsWS:info] 05:58:04.214 Reconnecting to OBS WebSocket (30000ms backoff)…
[ObsWS:warn] 05:58:06.248 Reconnect failed: One or more errors occurred. (Unable to connect to the remote server)
[ObsWS:info] 05:58:36.249 Reconnecting to OBS WebSocket (30000ms backoff)…
[ObsWS:warn] 05:58:38.309 Reconnect failed: One or more errors occurred. (Unable to connect to the remote server)
[ObsWS:info] 05:59:08.317 Reconnecting to OBS WebSocket (30000ms backoff)…
[ObsWS:warn] 05:59:10.363 Reconnect failed: One or more errors occurred. (Unable to connect to the remote server)
[ObsWS:info] 05:59:40.376 Reconnecting to OBS WebSocket (30000ms backoff)…
[ObsWS:warn] 05:59:42.413 Reconnect failed: One or more errors occurred. (Unable to connect to the remote server)
[ObsWS:info] 06:00:12.415 Reconnecting to OBS WebSocket (30000ms backoff)…
[ObsWS:warn] 06:00:14.467 Reconnect failed: One or more errors occurred. (Unable to connect to the remote server)
[ObsWS:info] 06:00:44.475 Reconnecting to OBS WebSocket (30000ms backoff)…
[ObsWS:warn] 06:00:46.530 Reconnect failed: One or more errors occurred. (Unable to connect to the remote server)
[ObsWS:info] 06:01:16.535 Reconnecting to OBS WebSocket (30000ms backoff)…
[ObsWS:warn] 06:01:18.554 Reconnect failed: One or more errors occurred. (Unable to connect to the remote server)
[ObsWS:info] 06:01:48.562 Reconnecting to OBS WebSocket (30000ms backoff)…
[ObsWS:warn] 06:01:50.592 Reconnect failed: One or more errors occurred. (Unable to connect to the remote server)
[ObsWS:info] 06:02:20.594 Reconnecting to OBS WebSocket (30000ms backoff)…
[ObsWS:warn] 06:02:22.640 Reconnect failed: One or more errors occurred. (Unable to connect to the remote server)
[ObsWS:info] 06:02:52.643 Reconnecting to OBS WebSocket (30000ms backoff)…
[ObsWS:warn] 06:02:54.686 Reconnect failed: One or more errors occurred. (Unable to connect to the remote server)
[ObsWS:info] 06:03:24.695 Reconnecting to OBS WebSocket (30000ms backoff)…
[ObsWS:warn] 06:03:26.743 Reconnect failed: One or more errors occurred. (Unable to connect to the remote server)
[ObsWS:info] 06:03:56.754 Reconnecting to OBS WebSocket (30000ms backoff)…
[ObsWS:warn] 06:03:58.799 Reconnect failed: One or more errors occurred. (Unable to connect to the remote server)
[ObsWS:info] 06:04:28.808 Reconnecting to OBS WebSocket (30000ms backoff)…
[ObsWS:warn] 06:04:30.840 Reconnect failed: One or more errors occurred. (Unable to connect to the remote server)
[ObsWS:info] 06:05:00.845 Reconnecting to OBS WebSocket (30000ms backoff)…
[ObsWS:warn] 06:05:02.876 Reconnect failed: One or more errors occurred. (Unable to connect to the remote server)
[ObsWS:info] 06:05:32.885 Reconnecting to OBS WebSocket (30000ms backoff)…
[ObsWS:warn] 06:05:34.908 Reconnect failed: One or more errors occurred. (Unable to connect to the remote server)
[ObsWS:info] 06:06:04.919 Reconnecting to OBS WebSocket (30000ms backoff)…
[ObsWS:warn] 06:06:06.967 Reconnect failed: One or more errors occurred. (Unable to connect to the remote server)
[ObsWS:info] 06:06:36.969 Reconnecting to OBS WebSocket (30000ms backoff)…
[ObsWS:warn] 06:06:38.998 Reconnect failed: One or more errors occurred. (Unable to connect to the remote server)
[ObsWS:info] 06:07:09.004 Reconnecting to OBS WebSocket (30000ms backoff)…
[ObsWS:warn] 06:07:11.052 Reconnect failed: One or more errors occurred. (Unable to connect to the remote server)
[ObsWS:info] 06:07:41.059 Reconnecting to OBS WebSocket (30000ms backoff)…
[ObsWS:warn] 06:07:43.104 Reconnect failed: One or more errors occurred. (Unable to connect to the remote server)
[ObsWS:info] 06:08:13.113 Reconnecting to OBS WebSocket (30000ms backoff)…
[ObsWS:warn] 06:08:15.163 Reconnect failed: One or more errors occurred. (Unable to connect to the remote server)
[ObsWS:info] 06:08:45.165 Reconnecting to OBS WebSocket (30000ms backoff)…
[ObsWS:warn] 06:08:47.211 Reconnect failed: One or more errors occurred. (Unable to connect to the remote server)
[ObsWS:info] 06:09:17.223 Reconnecting to OBS WebSocket (30000ms backoff)…
[ObsWS:warn] 06:09:19.284 Reconnect failed: One or more errors occurred. (Unable to connect to the remote server)
[ObsWS:info] 06:09:49.298 Reconnecting to OBS WebSocket (30000ms backoff)…
[ObsWS:warn] 06:09:51.355 Reconnect failed: One or more errors occurred. (Unable to connect to the remote server)
[ObsWS:info] 06:10:21.365 Reconnecting to OBS WebSocket (30000ms backoff)…
[ObsWS:warn] 06:10:23.387 Reconnect failed: One or more errors occurred. (Unable to connect to the remote server)
[ObsWS:info] 06:10:53.397 Reconnecting to OBS WebSocket (30000ms backoff)…
[ObsWS:warn] 06:10:55.438 Reconnect failed: One or more errors occurred. (Unable to connect to the remote server)
[ObsWS:info] 06:11:25.442 Reconnecting to OBS WebSocket (30000ms backoff)…
[ObsWS:warn] 06:11:27.476 Reconnect failed: One or more errors occurred. (Unable to connect to the remote server)
[ObsWS:info] 06:11:57.482 Reconnecting to OBS WebSocket (30000ms backoff)…
[ObsWS:warn] 06:11:59.541 Reconnect failed: One or more errors occurred. (Unable to connect to the remote server)
[ObsWS:info] 06:12:29.551 Reconnecting to OBS WebSocket (30000ms backoff)…
[ObsWS:warn] 06:12:31.593 Reconnect failed: One or more errors occurred. (Unable to connect to the remote server)
[ObsWS:info] 06:13:01.608 Reconnecting to OBS WebSocket (30000ms backoff)…
[ObsWS:warn] 06:13:03.666 Reconnect failed: One or more errors occurred. (Unable to connect to the remote server)
[ObsWS:info] 06:13:33.667 Reconnecting to OBS WebSocket (30000ms backoff)…
[ObsWS:warn] 06:13:35.726 Reconnect failed: One or more errors occurred. (Unable to connect to the remote server)
[ObsWS:info] 06:14:05.740 Reconnecting to OBS WebSocket (30000ms backoff)…
[ObsWS:warn] 06:14:07.774 Reconnect failed: One or more errors occurred. (Unable to connect to the remote server)
[ObsWS:info] 06:14:37.777 Reconnecting to OBS WebSocket (30000ms backoff)…
[ObsWS:warn] 06:14:39.796 Reconnect failed: One or more errors occurred. (Unable to connect to the remote server)
[ObsWS:info] 06:15:09.808 Reconnecting to OBS WebSocket (30000ms backoff)…
[ObsWS:warn] 06:15:11.839 Reconnect failed: One or more errors occurred. (Unable to connect to the remote server)
[ObsWS:info] 06:15:41.847 Reconnecting to OBS WebSocket (30000ms backoff)…
[ObsWS:warn] 06:15:43.876 Reconnect failed: One or more errors occurred. (Unable to connect to the remote server)
[ObsWS:info] 06:16:13.892 Reconnecting to OBS WebSocket (30000ms backoff)…
[ObsWS:warn] 06:16:15.924 Reconnect failed: One or more errors occurred. (Unable to connect to the remote server)
[ObsWS:info] 06:16:45.938 Reconnecting to OBS WebSocket (30000ms backoff)…
[ObsWS:warn] 06:16:47.989 Reconnect failed: One or more errors occurred. (Unable to connect to the remote server)
[ObsWS:info] 06:17:17.995 Reconnecting to OBS WebSocket (30000ms backoff)…
[ObsWS:warn] 06:17:20.039 Reconnect failed: One or more errors occurred. (Unable to connect to the remote server)
[ObsWS:info] 06:17:50.041 Reconnecting to OBS WebSocket (30000ms backoff)…
[ObsWS:warn] 06:17:52.052 Reconnect failed: One or more errors occurred. (Unable to connect to the remote server)
[ObsWS:info] 06:18:22.066 Reconnecting to OBS WebSocket (30000ms backoff)…
[ObsWS:warn] 06:18:24.112 Reconnect failed: One or more errors occurred. (Unable to connect to the remote server)
[ObsWS:info] 06:18:54.125 Reconnecting to OBS WebSocket (30000ms backoff)…
[ObsWS:warn] 06:18:56.135 Reconnect failed: One or more errors occurred. (Unable to connect to the remote server)
[ObsWS:info] 06:19:26.136 Reconnecting to OBS WebSocket (30000ms backoff)…
[ObsWS:warn] 06:19:28.170 Reconnect failed: One or more errors occurred. (Unable to connect to the remote server)
[ObsWS:info] 06:19:58.182 Reconnecting to OBS WebSocket (30000ms backoff)…
[ObsWS:warn] 06:20:00.214 Reconnect failed: One or more errors occurred. (Unable to connect to the remote server)
[ObsWS:info] 06:20:30.218 Reconnecting to OBS WebSocket (30000ms backoff)…
[ObsWS:warn] 06:20:32.248 Reconnect failed: One or more errors occurred. (Unable to connect to the remote server)
[ObsWS:info] 06:21:02.256 Reconnecting to OBS WebSocket (30000ms backoff)…
[ObsWS:warn] 06:21:04.301 Reconnect failed: One or more errors occurred. (Unable to connect to the remote server)
[ObsWS:info] 06:21:34.316 Reconnecting to OBS WebSocket (30000ms backoff)…
[ObsWS:warn] 06:21:36.362 Reconnect failed: One or more errors occurred. (Unable to connect to the remote server)
[ObsWS:info] 06:22:06.372 Reconnecting to OBS WebSocket (30000ms backoff)…
[ObsWS:warn] 06:22:08.404 Reconnect failed: One or more errors occurred. (Unable to connect to the remote server)
[ObsWS:info] 06:22:38.408 Reconnecting to OBS WebSocket (30000ms backoff)…
[ObsWS:warn] 06:22:40.442 Reconnect failed: One or more errors occurred. (Unable to connect to the remote server)
[ObsWS:info] 06:23:10.455 Reconnecting to OBS WebSocket (30000ms backoff)…
[ObsWS:warn] 06:23:12.488 Reconnect failed: One or more errors occurred. (Unable to connect to the remote server)
[ObsWS:info] 06:23:42.495 Reconnecting to OBS WebSocket (30000ms backoff)…
[ObsWS:warn] 06:23:44.540 Reconnect failed: One or more errors occurred. (Unable to connect to the remote server)
[ObsWS:info] 06:24:14.553 Reconnecting to OBS WebSocket (30000ms backoff)…
[ObsWS:warn] 06:24:16.597 Reconnect failed: One or more errors occurred. (Unable to connect to the remote server)
[ObsWS:info] 06:24:46.609 Reconnecting to OBS WebSocket (30000ms backoff)…
[ObsWS:warn] 06:24:48.666 Reconnect failed: One or more errors occurred. (Unable to connect to the remote server)
[ObsWS:info] 06:25:18.676 Reconnecting to OBS WebSocket (30000ms backoff)…
[ObsWS:warn] 06:25:20.696 Reconnect failed: One or more errors occurred. (Unable to connect to the remote server)
[ObsWS:info] 06:25:50.701 Reconnecting to OBS WebSocket (30000ms backoff)…
[ObsWS:warn] 06:25:52.734 Reconnect failed: One or more errors occurred. (Unable to connect to the remote server)
[ObsWS:info] 06:26:22.745 Reconnecting to OBS WebSocket (30000ms backoff)…
[ObsWS:warn] 06:26:24.775 Reconnect failed: One or more errors occurred. (Unable to connect to the remote server)
[ObsWS:info] 06:26:54.784 Reconnecting to OBS WebSocket (30000ms backoff)…
[ObsWS:warn] 06:26:56.819 Reconnect failed: One or more errors occurred. (Unable to connect to the remote server)
[ObsWS:info] 06:27:26.832 Reconnecting to OBS WebSocket (30000ms backoff)…
[ObsWS:warn] 06:27:28.865 Reconnect failed: One or more errors occurred. (Unable to connect to the remote server)
[ObsWS:info] 06:27:58.868 Reconnecting to OBS WebSocket (30000ms backoff)…
[ObsWS:warn] 06:28:00.931 Reconnect failed: One or more errors occurred. (Unable to connect to the remote server)
[ObsWS:info] 06:28:30.940 Reconnecting to OBS WebSocket (30000ms backoff)…
[ObsWS:warn] 06:28:32.989 Reconnect failed: One or more errors occurred. (Unable to connect to the remote server)
[ObsWS:info] 06:29:02.991 Reconnecting to OBS WebSocket (30000ms backoff)…
[ObsWS:warn] 06:29:05.048 Reconnect failed: One or more errors occurred. (Unable to connect to the remote server)
[ObsWS:info] 06:29:35.063 Reconnecting to OBS WebSocket (30000ms backoff)…
[ObsWS:warn] 06:29:37.106 Reconnect failed: One or more errors occurred. (Unable to connect to the remote server)
[ObsWS:info] 06:30:07.113 Reconnecting to OBS WebSocket (30000ms backoff)…
[ObsWS:warn] 06:30:09.147 Reconnect failed: One or more errors occurred. (Unable to connect to the remote server)
[ObsWS:info] 06:30:39.157 Reconnecting to OBS WebSocket (30000ms backoff)…
[ObsWS:warn] 06:30:41.215 Reconnect failed: One or more errors occurred. (Unable to connect to the remote server)
[ObsWS:info] 06:31:11.218 Reconnecting to OBS WebSocket (30000ms backoff)…
[ObsWS:warn] 06:31:13.262 Reconnect failed: One or more errors occurred. (Unable to connect to the remote server)
[ObsWS:info] 06:31:43.267 Reconnecting to OBS WebSocket (30000ms backoff)…
[ObsWS:warn] 06:31:45.311 Reconnect failed: One or more errors occurred. (Unable to connect to the remote server)
[ObsWS:info] 06:32:15.317 Reconnecting to OBS WebSocket (30000ms backoff)…
[ObsWS:warn] 06:32:17.351 Reconnect failed: One or more errors occurred. (Unable to connect to the remote server)
[ObsWS:info] 06:32:47.359 Reconnecting to OBS WebSocket (30000ms backoff)…
[ObsWS:warn] 06:32:49.397 Reconnect failed: One or more errors occurred. (Unable to connect to the remote server)
[ObsWS:info] 06:33:19.399 Reconnecting to OBS WebSocket (30000ms backoff)…
[ObsWS:warn] 06:33:21.458 Reconnect failed: One or more errors occurred. (Unable to connect to the remote server)
[ObsWS:info] 06:33:51.466 Reconnecting to OBS WebSocket (30000ms backoff)…
[ObsWS:warn] 06:33:53.511 Reconnect failed: One or more errors occurred. (Unable to connect to the remote server)
[ObsWS:info] 06:34:23.524 Reconnecting to OBS WebSocket (30000ms backoff)…
[ObsWS:warn] 06:34:25.584 Reconnect failed: One or more errors occurred. (Unable to connect to the remote server)
[ObsWS:info] 06:34:55.593 Reconnecting to OBS WebSocket (30000ms backoff)…
[ObsWS:warn] 06:34:57.637 Reconnect failed: One or more errors occurred. (Unable to connect to the remote server)
[ObsWS:info] 06:35:27.642 Reconnecting to OBS WebSocket (30000ms backoff)…
[ObsWS:warn] 06:35:29.676 Reconnect failed: One or more errors occurred. (Unable to connect to the remote server)
[ObsWS:info] 06:35:59.688 Reconnecting to OBS WebSocket (30000ms backoff)…
[ObsWS:warn] 06:36:01.746 Reconnect failed: One or more errors occurred. (Unable to connect to the remote server)
[ObsWS:info] 06:36:31.753 Reconnecting to OBS WebSocket (30000ms backoff)…
[ObsWS:warn] 06:36:33.797 Reconnect failed: One or more errors occurred. (Unable to connect to the remote server)
[ObsWS:info] 06:37:03.811 Reconnecting to OBS WebSocket (30000ms backoff)…
[ObsWS:warn] 06:37:05.835 Reconnect failed: One or more errors occurred. (Unable to connect to the remote server)
[ObsWS:info] 06:37:35.842 Reconnecting to OBS WebSocket (30000ms backoff)…
[ObsWS:warn] 06:37:37.903 Reconnect failed: One or more errors occurred. (Unable to connect to the remote server)
[ObsWS:info] 06:38:07.913 Reconnecting to OBS WebSocket (30000ms backoff)…
[ObsWS:warn] 06:38:09.934 Reconnect failed: One or more errors occurred. (Unable to connect to the remote server)
[ObsWS:info] 06:38:39.942 Reconnecting to OBS WebSocket (30000ms backoff)…
[ObsWS:warn] 06:38:41.977 Reconnect failed: One or more errors occurred. (Unable to connect to the remote server)
[ObsWS:info] 06:39:11.983 Reconnecting to OBS WebSocket (30000ms backoff)…
[ObsWS:warn] 06:39:14.028 Reconnect failed: One or more errors occurred. (Unable to connect to the remote server)
[ObsWS:info] 06:39:44.029 Reconnecting to OBS WebSocket (30000ms backoff)…
[ObsWS:warn] 06:39:46.063 Reconnect failed: One or more errors occurred. (Unable to connect to the remote server)
[ObsWS:info] 06:40:16.067 Reconnecting to OBS WebSocket (30000ms backoff)…
[ObsWS:warn] 06:40:18.085 Reconnect failed: One or more errors occurred. (Unable to connect to the remote server)
[ObsWS:info] 06:40:48.098 Reconnecting to OBS WebSocket (30000ms backoff)…
[ObsWS:warn] 06:40:50.150 Reconnect failed: One or more errors occurred. (Unable to connect to the remote server)
[ObsWS:info] 06:41:20.153 Reconnecting to OBS WebSocket (30000ms backoff)…
[ObsWS:warn] 06:41:22.201 Reconnect failed: One or more errors occurred. (Unable to connect to the remote server)
[ObsWS:info] 06:41:52.208 Reconnecting to OBS WebSocket (30000ms backoff)…
[ObsWS:warn] 06:41:54.232 Reconnect failed: One or more errors occurred. (Unable to connect to the remote server)
[ObsWS:info] 06:42:24.238 Reconnecting to OBS WebSocket (30000ms backoff)…
[ObsWS:warn] 06:42:26.299 Reconnect failed: One or more errors occurred. (Unable to connect to the remote server)
[ObsWS:info] 06:42:56.308 Reconnecting to OBS WebSocket (30000ms backoff)…
[ObsWS:warn] 06:42:58.335 Reconnect failed: One or more errors occurred. (Unable to connect to the remote server)
[ObsWS:info] 06:43:28.341 Reconnecting to OBS WebSocket (30000ms backoff)…
[ObsWS:warn] 06:43:30.387 Reconnect failed: One or more errors occurred. (Unable to connect to the remote server)
[ObsWS:info] 06:44:00.401 Reconnecting to OBS WebSocket (30000ms backoff)…
[ObsWS:warn] 06:44:02.425 Reconnect failed: One or more errors occurred. (Unable to connect to the remote server)
[ObsWS:info] 06:44:32.431 Reconnecting to OBS WebSocket (30000ms backoff)…
[ObsWS:warn] 06:44:34.449 Reconnect failed: One or more errors occurred. (Unable to connect to the remote server)
[ObsWS:info] 06:45:04.457 Reconnecting to OBS WebSocket (30000ms backoff)…
[ObsWS:warn] 06:45:06.494 Reconnect failed: One or more errors occurred. (Unable to connect to the remote server)
[ObsWS:info] 06:45:36.499 Reconnecting to OBS WebSocket (30000ms backoff)…
[ObsWS:warn] 06:45:38.532 Reconnect failed: One or more errors occurred. (Unable to connect to the remote server)
[ObsWS:info] 06:46:08.537 Reconnecting to OBS WebSocket (30000ms backoff)…
[ObsWS:warn] 06:46:10.597 Reconnect failed: One or more errors occurred. (Unable to connect to the remote server)
[ObsWS:info] 06:46:40.607 Reconnecting to OBS WebSocket (30000ms backoff)…
[ObsWS:warn] 06:46:42.664 Reconnect failed: One or more errors occurred. (Unable to connect to the remote server)
[ObsWS:info] 06:47:12.672 Reconnecting to OBS WebSocket (30000ms backoff)…
[ObsWS:warn] 06:47:14.720 Reconnect failed: One or more errors occurred. (Unable to connect to the remote server)
[ObsWS:info] 06:47:44.732 Reconnecting to OBS WebSocket (30000ms backoff)…
[ObsWS:warn] 06:47:46.763 Reconnect failed: One or more errors occurred. (Unable to connect to the remote server)
[ObsWS:info] 06:48:16.764 Reconnecting to OBS WebSocket (30000ms backoff)…
[ObsWS:warn] 06:48:18.798 Reconnect failed: One or more errors occurred. (Unable to connect to the remote server)
[ObsWS:info] 06:48:48.812 Reconnecting to OBS WebSocket (30000ms backoff)…
[ObsWS:warn] 06:48:50.868 Reconnect failed: One or more errors occurred. (Unable to connect to the remote server)
[ObsWS:info] 06:49:20.883 Reconnecting to OBS WebSocket (30000ms backoff)…
[ObsWS:warn] 06:49:22.904 Reconnect failed: One or more errors occurred. (Unable to connect to the remote server)
[ObsWS:info] 06:49:52.911 Reconnecting to OBS WebSocket (30000ms backoff)…
[ObsWS:warn] 06:49:54.924 Reconnect failed: One or more errors occurred. (Unable to connect to the remote server)
[ObsWS:info] 06:50:24.924 Reconnecting to OBS WebSocket (30000ms backoff)…
[ObsWS:warn] 06:50:26.936 Reconnect failed: One or more errors occurred. (Unable to connect to the remote server)
[ObsWS:info] 06:50:56.941 Reconnecting to OBS WebSocket (30000ms backoff)…
[ObsWS:warn] 06:50:58.963 Reconnect failed: One or more errors occurred. (Unable to connect to the remote server)
[ObsWS:info] 06:51:28.971 Reconnecting to OBS WebSocket (30000ms backoff)…
[ObsWS:warn] 06:51:31.030 Reconnect failed: One or more errors occurred. (Unable to connect to the remote server)
[ObsWS:info] 06:52:01.036 Reconnecting to OBS WebSocket (30000ms backoff)…
[ObsWS:warn] 06:52:03.080 Reconnect failed: One or more errors occurred. (Unable to connect to the remote server)
[ObsWS:info] 06:52:33.085 Reconnecting to OBS WebSocket (30000ms backoff)…
[ObsWS:warn] 06:52:35.129 Reconnect failed: One or more errors occurred. (Unable to connect to the remote server)
[ObsWS:info] 06:53:05.138 Reconnecting to OBS WebSocket (30000ms backoff)…
[ObsWS:warn] 06:53:07.187 Reconnect failed: One or more errors occurred. (Unable to connect to the remote server)
[ObsWS:info] 06:53:37.203 Reconnecting to OBS WebSocket (30000ms backoff)…
[ObsWS:warn] 06:53:39.224 Reconnect failed: One or more errors occurred. (Unable to connect to the remote server)
[ObsWS:info] 06:54:09.226 Reconnecting to OBS WebSocket (30000ms backoff)…
[ObsWS:warn] 06:54:11.272 Reconnect failed: One or more errors occurred. (Unable to connect to the remote server)
[ObsWS:info] 06:54:41.286 Reconnecting to OBS WebSocket (30000ms backoff)…
[ObsWS:warn] 06:54:43.321 Reconnect failed: One or more errors occurred. (Unable to connect to the remote server)
[ObsWS:info] 06:55:13.326 Reconnecting to OBS WebSocket (30000ms backoff)…
[ObsWS:warn] 06:55:15.361 Reconnect failed: One or more errors occurred. (Unable to connect to the remote server)
[ObsWS:info] 06:55:45.375 Reconnecting to OBS WebSocket (30000ms backoff)…
[ObsWS:warn] 06:55:47.424 Reconnect failed: One or more errors occurred. (Unable to connect to the remote server)
[ObsWS:info] 06:56:17.428 Reconnecting to OBS WebSocket (30000ms backoff)…
[ObsWS:warn] 06:56:19.477 Reconnect failed: One or more errors occurred. (Unable to connect to the remote server)
[ObsWS:info] 06:56:49.485 Reconnecting to OBS WebSocket (30000ms backoff)…
[ObsWS:warn] 06:56:51.520 Reconnect failed: One or more errors occurred. (Unable to connect to the remote server)
[ObsWS:info] 06:57:21.523 Reconnecting to OBS WebSocket (30000ms backoff)…
[ObsWS:warn] 06:57:23.566 Reconnect failed: One or more errors occurred. (Unable to connect to the remote server)
[ObsWS:info] 06:57:53.576 Reconnecting to OBS WebSocket (30000ms backoff)…
[ObsWS:warn] 06:57:55.623 Reconnect failed: One or more errors occurred. (Unable to connect to the remote server)
[ObsWS:info] 06:58:25.632 Reconnecting to OBS WebSocket (30000ms backoff)…
[ObsWS:warn] 06:58:27.666 Reconnect failed: One or more errors occurred. (Unable to connect to the remote server)
[ObsWS:info] 06:58:57.680 Reconnecting to OBS WebSocket (30000ms backoff)…
[ObsWS:warn] 06:58:59.739 Reconnect failed: One or more errors occurred. (Unable to connect to the remote server)
[ObsWS:info] 06:59:29.748 Reconnecting to OBS WebSocket (30000ms backoff)…
[ObsWS:warn] 06:59:31.778 Reconnect failed: One or more errors occurred. (Unable to connect to the remote server)
[ObsWS:info] 07:00:01.785 Reconnecting to OBS WebSocket (30000ms backoff)…
[ObsWS:warn] 07:00:03.818 Reconnect failed: One or more errors occurred. (Unable to connect to the remote server)
[ObsWS:info] 07:00:33.822 Reconnecting to OBS WebSocket (30000ms backoff)…
[ObsWS:warn] 07:00:35.855 Reconnect failed: One or more errors occurred. (Unable to connect to the remote server)
[ObsWS:info] 07:01:05.865 Reconnecting to OBS WebSocket (30000ms backoff)…
[ObsWS:warn] 07:01:07.902 Reconnect failed: One or more errors occurred. (Unable to connect to the remote server)
[ObsWS:info] 07:01:37.907 Reconnecting to OBS WebSocket (30000ms backoff)…
[ObsWS:warn] 07:01:39.928 Reconnect failed: One or more errors occurred. (Unable to connect to the remote server)
[ObsWS:info] 07:02:09.943 Reconnecting to OBS WebSocket (30000ms backoff)…
[ObsWS:warn] 07:02:11.986 Reconnect failed: One or more errors occurred. (Unable to connect to the remote server)
[ObsWS:info] 07:02:41.994 Reconnecting to OBS WebSocket (30000ms backoff)…
[ObsWS:warn] 07:02:44.039 Reconnect failed: One or more errors occurred. (Unable to connect to the remote server)
[ObsWS:info] 07:03:14.052 Reconnecting to OBS WebSocket (30000ms backoff)…
[ObsWS:warn] 07:03:16.100 Reconnect failed: One or more errors occurred. (Unable to connect to the remote server)
[ObsWS:info] 07:03:46.112 Reconnecting to OBS WebSocket (30000ms backoff)…
[ObsWS:warn] 07:03:48.155 Reconnect failed: One or more errors occurred. (Unable to connect to the remote server)
[ObsWS:info] 07:04:18.156 Reconnecting to OBS WebSocket (30000ms backoff)…
[ObsWS:warn] 07:04:20.204 Reconnect failed: One or more errors occurred. (Unable to connect to the remote server)
[ObsWS:info] 07:04:50.212 Reconnecting to OBS WebSocket (30000ms backoff)…
[ObsWS:warn] 07:04:52.237 Reconnect failed: One or more errors occurred. (Unable to connect to the remote server)
[ObsWS:info] 07:05:22.238 Reconnecting to OBS WebSocket (30000ms backoff)…
[ObsWS:warn] 07:05:24.299 Reconnect failed: One or more errors occurred. (Unable to connect to the remote server)
[ObsWS:info] 07:05:54.305 Reconnecting to OBS WebSocket (30000ms backoff)…
[ObsWS:warn] 07:05:56.335 Reconnect failed: One or more errors occurred. (Unable to connect to the remote server)
[ObsWS:info] 07:06:26.336 Reconnecting to OBS WebSocket (30000ms backoff)…
[ObsWS:warn] 07:06:28.373 Reconnect failed: One or more errors occurred. (Unable to connect to the remote server)
[ObsWS:info] 07:06:58.386 Reconnecting to OBS WebSocket (30000ms backoff)…
[ObsWS:warn] 07:07:00.431 Reconnect failed: One or more errors occurred. (Unable to connect to the remote server)
[ObsWS:info] 07:07:30.441 Reconnecting to OBS WebSocket (30000ms backoff)…
[ObsWS:warn] 07:07:32.487 Reconnect failed: One or more errors occurred. (Unable to connect to the remote server)
[ObsWS:info] 07:08:02.498 Reconnecting to OBS WebSocket (30000ms backoff)…
[ObsWS:warn] 07:08:04.551 Reconnect failed: One or more errors occurred. (Unable to connect to the remote server)
[ObsWS:info] 07:08:34.561 Reconnecting to OBS WebSocket (30000ms backoff)…
[ObsWS:warn] 07:08:36.595 Reconnect failed: One or more errors occurred. (Unable to connect to the remote server)
[ObsWS:info] 07:09:06.601 Reconnecting to OBS WebSocket (30000ms backoff)…
[ObsWS:warn] 07:09:08.635 Reconnect failed: One or more errors occurred. (Unable to connect to the remote server)
[ObsWS:info] 07:09:38.651 Reconnecting to OBS WebSocket (30000ms backoff)…
[ObsWS:warn] 07:09:40.708 Reconnect failed: One or more errors occurred. (Unable to connect to the remote server)
[ObsWS:info] 07:10:10.721 Reconnecting to OBS WebSocket (30000ms backoff)…
[ObsWS:warn] 07:10:12.768 Reconnect failed: One or more errors occurred. (Unable to connect to the remote server)
[ObsWS:info] 07:10:42.772 Reconnecting to OBS WebSocket (30000ms backoff)…
[ObsWS:warn] 07:10:44.827 Reconnect failed: One or more errors occurred. (Unable to connect to the remote server)
[ObsWS:info] 07:11:14.830 Reconnecting to OBS WebSocket (30000ms backoff)…
[ObsWS:warn] 07:11:16.853 Reconnect failed: One or more errors occurred. (Unable to connect to the remote server)
[ObsWS:info] 07:11:46.865 Reconnecting to OBS WebSocket (30000ms backoff)…
[ObsWS:warn] 07:11:48.912 Reconnect failed: One or more errors occurred. (Unable to connect to the remote server)
[ObsWS:info] 07:12:18.923 Reconnecting to OBS WebSocket (30000ms backoff)…
[ObsWS:warn] 07:12:20.967 Reconnect failed: One or more errors occurred. (Unable to connect to the remote server)
[ObsWS:info] 07:12:50.974 Reconnecting to OBS WebSocket (30000ms backoff)…
[ObsWS:warn] 07:12:53.004 Reconnect failed: One or more errors occurred. (Unable to connect to the remote server)
[ObsWS:info] 07:13:23.008 Reconnecting to OBS WebSocket (30000ms backoff)…
[ObsWS:warn] 07:13:25.038 Reconnect failed: One or more errors occurred. (Unable to connect to the remote server)
[ObsWS:info] 07:13:55.049 Reconnecting to OBS WebSocket (30000ms backoff)…
[ObsWS:warn] 07:13:57.097 Reconnect failed: One or more errors occurred. (Unable to connect to the remote server)
[ObsWS:info] 07:14:27.109 Reconnecting to OBS WebSocket (30000ms backoff)…
[ObsWS:warn] 07:14:29.154 Reconnect failed: One or more errors occurred. (Unable to connect to the remote server)
[ObsWS:info] 07:14:59.159 Reconnecting to OBS WebSocket (30000ms backoff)…
[ObsWS:warn] 07:15:01.207 Reconnect failed: One or more errors occurred. (Unable to connect to the remote server)
[ObsWS:info] 07:15:31.221 Reconnecting to OBS WebSocket (30000ms backoff)…
[ObsWS:warn] 07:15:33.266 Reconnect failed: One or more errors occurred. (Unable to connect to the remote server)
[ObsWS:info] 07:16:03.278 Reconnecting to OBS WebSocket (30000ms backoff)…
[ObsWS:warn] 07:16:05.323 Reconnect failed: One or more errors occurred. (Unable to connect to the remote server)
[ObsWS:info] 07:16:35.327 Reconnecting to OBS WebSocket (30000ms backoff)…
[ObsWS:warn] 07:16:37.387 Reconnect failed: One or more errors occurred. (Unable to connect to the remote server)
[ObsWS:info] 07:17:07.390 Reconnecting to OBS WebSocket (30000ms backoff)…
[ObsWS:warn] 07:17:09.434 Reconnect failed: One or more errors occurred. (Unable to connect to the remote server)
[ObsWS:info] 07:17:39.447 Reconnecting to OBS WebSocket (30000ms backoff)…
[ObsWS:warn] 07:17:41.491 Reconnect failed: One or more errors occurred. (Unable to connect to the remote server)
[ObsWS:info] 07:18:11.493 Reconnecting to OBS WebSocket (30000ms backoff)…
[ObsWS:warn] 07:18:13.516 Reconnect failed: One or more errors occurred. (Unable to connect to the remote server)
[ObsWS:info] 07:18:43.524 Reconnecting to OBS WebSocket (30000ms backoff)…
[ObsWS:warn] 07:18:45.568 Reconnect failed: One or more errors occurred. (Unable to connect to the remote server)
[ObsWS:info] 07:19:15.582 Reconnecting to OBS WebSocket (30000ms backoff)…
[ObsWS:warn] 07:19:17.607 Reconnect failed: One or more errors occurred. (Unable to connect to the remote server)
[ObsWS:info] 07:19:47.615 Reconnecting to OBS WebSocket (30000ms backoff)…
[ObsWS:warn] 07:19:49.660 Reconnect failed: One or more errors occurred. (Unable to connect to the remote server)
[ObsWS:info] 07:20:19.662 Reconnecting to OBS WebSocket (30000ms backoff)…
[ObsWS:warn] 07:20:21.691 Reconnect failed: One or more errors occurred. (Unable to connect to the remote server)
[ObsWS:info] 07:20:51.693 Reconnecting to OBS WebSocket (30000ms backoff)…
[ObsWS:warn] 07:20:53.738 Reconnect failed: One or more errors occurred. (Unable to connect to the remote server)
[ObsWS:info] 07:21:23.752 Reconnecting to OBS WebSocket (30000ms backoff)…
[ObsWS:warn] 07:21:25.771 Reconnect failed: One or more errors occurred. (Unable to connect to the remote server)
[ObsWS:info] 07:21:55.781 Reconnecting to OBS WebSocket (30000ms backoff)…
[ObsWS:warn] 07:21:57.824 Reconnect failed: One or more errors occurred. (Unable to connect to the remote server)
[ObsWS:info] 07:22:27.829 Reconnecting to OBS WebSocket (30000ms backoff)…
[ObsWS:warn] 07:22:29.875 Reconnect failed: One or more errors occurred. (Unable to connect to the remote server)
[ObsWS:info] 07:22:59.890 Reconnecting to OBS WebSocket (30000ms backoff)…
[ObsWS:warn] 07:23:01.922 Reconnect failed: One or more errors occurred. (Unable to connect to the remote server)
[ObsWS:info] 07:23:31.937 Reconnecting to OBS WebSocket (30000ms backoff)…
[ObsWS:warn] 07:23:33.984 Reconnect failed: One or more errors occurred. (Unable to connect to the remote server)
[ObsWS:info] 07:24:03.996 Reconnecting to OBS WebSocket (30000ms backoff)…
[ObsWS:warn] 07:24:06.023 Reconnect failed: One or more errors occurred. (Unable to connect to the remote server)
[ObsWS:info] 07:24:36.038 Reconnecting to OBS WebSocket (30000ms backoff)…
[ObsWS:warn] 07:24:38.082 Reconnect failed: One or more errors occurred. (Unable to connect to the remote server)
[ObsWS:info] 07:25:08.092 Reconnecting to OBS WebSocket (30000ms backoff)…
[ObsWS:warn] 07:25:10.122 Reconnect failed: One or more errors occurred. (Unable to connect to the remote server)
[ObsWS:info] 07:25:40.128 Reconnecting to OBS WebSocket (30000ms backoff)…
[ObsWS:warn] 07:25:42.162 Reconnect failed: One or more errors occurred. (Unable to connect to the remote server)
[ObsWS:info] 07:26:12.169 Reconnecting to OBS WebSocket (30000ms backoff)…
[ObsWS:warn] 07:26:14.229 Reconnect failed: One or more errors occurred. (Unable to connect to the remote server)
[ObsWS:info] 07:26:44.242 Reconnecting to OBS WebSocket (30000ms backoff)…
[ObsWS:warn] 07:26:46.286 Reconnect failed: One or more errors occurred. (Unable to connect to the remote server)
[ObsWS:info] 07:27:16.288 Reconnecting to OBS WebSocket (30000ms backoff)…
[ObsWS:warn] 07:27:18.349 Reconnect failed: One or more errors occurred. (Unable to connect to the remote server)
[ObsWS:info] 07:27:48.349 Reconnecting to OBS WebSocket (30000ms backoff)…
[ObsWS:warn] 07:27:50.379 Reconnect failed: One or more errors occurred. (Unable to connect to the remote server)
[ObsWS:info] 07:28:20.390 Reconnecting to OBS WebSocket (30000ms backoff)…
[ObsWS:warn] 07:28:22.436 Reconnect failed: One or more errors occurred. (Unable to connect to the remote server)
[ObsWS:info] 07:28:52.439 Reconnecting to OBS WebSocket (30000ms backoff)…
[ObsWS:warn] 07:28:54.468 Reconnect failed: One or more errors occurred. (Unable to connect to the remote server)
[ObsWS:info] 07:29:24.468 Reconnecting to OBS WebSocket (30000ms backoff)…
[ObsWS:warn] 07:29:26.531 Reconnect failed: One or more errors occurred. (Unable to connect to the remote server)
[ObsWS:info] 07:29:56.534 Reconnecting to OBS WebSocket (30000ms backoff)…
[ObsWS:warn] 07:29:58.581 Reconnect failed: One or more errors occurred. (Unable to connect to the remote server)
[ObsWS:info] 07:30:28.588 Reconnecting to OBS WebSocket (30000ms backoff)…
[ObsWS:warn] 07:30:30.618 Reconnect failed: One or more errors occurred. (Unable to connect to the remote server)
[ObsWS:info] 07:31:00.621 Reconnecting to OBS WebSocket (30000ms backoff)…
[ObsWS:warn] 07:31:02.662 Reconnect failed: One or more errors occurred. (Unable to connect to the remote server)
[ObsWS:info] 07:31:32.674 Reconnecting to OBS WebSocket (30000ms backoff)…
[ObsWS:warn] 07:31:34.718 Reconnect failed: One or more errors occurred. (Unable to connect to the remote server)
[ObsWS:info] 07:32:04.729 Reconnecting to OBS WebSocket (30000ms backoff)…
[ObsWS:warn] 07:32:06.778 Reconnect failed: One or more errors occurred. (Unable to connect to the remote server)
[ObsWS:info] 07:32:36.793 Reconnecting to OBS WebSocket (30000ms backoff)…
[ObsWS:warn] 07:32:38.827 Reconnect failed: One or more errors occurred. (Unable to connect to the remote server)
[ObsWS:info] 07:33:08.828 Reconnecting to OBS WebSocket (30000ms backoff)…
[ObsWS:warn] 07:33:10.861 Reconnect failed: One or more errors occurred. (Unable to connect to the remote server)
[ObsWS:info] 07:33:40.876 Reconnecting to OBS WebSocket (30000ms backoff)…
[ObsWS:warn] 07:33:42.922 Reconnect failed: One or more errors occurred. (Unable to connect to the remote server)
[ObsWS:info] 07:34:12.932 Reconnecting to OBS WebSocket (30000ms backoff)…
[ObsWS:warn] 07:34:14.956 Reconnect failed: One or more errors occurred. (Unable to connect to the remote server)
[ObsWS:info] 07:34:44.960 Reconnecting to OBS WebSocket (30000ms backoff)…
[ObsWS:warn] 07:34:47.018 Reconnect failed: One or more errors occurred. (Unable to connect to the remote server)
[ObsWS:info] 07:35:17.033 Reconnecting to OBS WebSocket (30000ms backoff)…
[ObsWS:warn] 07:35:19.081 Reconnect failed: One or more errors occurred. (Unable to connect to the remote server)
[ObsWS:info] 07:35:49.081 Reconnecting to OBS WebSocket (30000ms backoff)…
[ObsWS:warn] 07:35:51.128 Reconnect failed: One or more errors occurred. (Unable to connect to the remote server)
[ObsWS:info] 07:36:21.143 Reconnecting to OBS WebSocket (30000ms backoff)…
[ObsWS:warn] 07:36:23.204 Reconnect failed: One or more errors occurred. (Unable to connect to the remote server)
[ObsWS:info] 07:36:53.215 Reconnecting to OBS WebSocket (30000ms backoff)…
[ObsWS:warn] 07:36:55.247 Reconnect failed: One or more errors occurred. (Unable to connect to the remote server)
[ObsWS:info] 07:37:25.249 Reconnecting to OBS WebSocket (30000ms backoff)…
[ObsWS:warn] 07:37:27.261 Reconnect failed: One or more errors occurred. (Unable to connect to the remote server)
[ObsWS:info] 07:37:57.266 Reconnecting to OBS WebSocket (30000ms backoff)…
[ObsWS:warn] 07:37:59.311 Reconnect failed: One or more errors occurred. (Unable to connect to the remote server)
[ObsWS:info] 07:38:29.312 Reconnecting to OBS WebSocket (30000ms backoff)…
[ObsWS:warn] 07:38:31.358 Reconnect failed: One or more errors occurred. (Unable to connect to the remote server)
[ObsWS:info] 07:39:01.373 Reconnecting to OBS WebSocket (30000ms backoff)…
[ObsWS:warn] 07:39:03.392 Reconnect failed: One or more errors occurred. (Unable to connect to the remote server)
[ObsWS:info] 07:39:33.393 Reconnecting to OBS WebSocket (30000ms backoff)…
[ObsWS:warn] 07:39:35.422 Reconnect failed: One or more errors occurred. (Unable to connect to the remote server)
[ObsWS:info] 07:40:05.425 Reconnecting to OBS WebSocket (30000ms backoff)…
[ObsWS:warn] 07:40:07.455 Reconnect failed: One or more errors occurred. (Unable to connect to the remote server)
[ObsWS:info] 07:40:37.457 Reconnecting to OBS WebSocket (30000ms backoff)…
[ObsWS:warn] 07:40:39.468 Reconnect failed: One or more errors occurred. (Unable to connect to the remote server)
[ObsWS:info] 07:41:09.483 Reconnecting to OBS WebSocket (30000ms backoff)…
[ObsWS:warn] 07:41:11.503 Reconnect failed: One or more errors occurred. (Unable to connect to the remote server)
[ObsWS:info] 07:41:41.510 Reconnecting to OBS WebSocket (30000ms backoff)…
[ObsWS:warn] 07:41:43.556 Reconnect failed: One or more errors occurred. (Unable to connect to the remote server)
[ObsWS:info] 07:42:13.556 Reconnecting to OBS WebSocket (30000ms backoff)…
[ObsWS:warn] 07:42:15.603 Reconnect failed: One or more errors occurred. (Unable to connect to the remote server)
[ObsWS:info] 07:42:45.612 Reconnecting to OBS WebSocket (30000ms backoff)…
[ObsWS:warn] 07:42:47.642 Reconnect failed: One or more errors occurred. (Unable to connect to the remote server)
[ObsWS:info] 07:43:17.643 Reconnecting to OBS WebSocket (30000ms backoff)…
[ObsWS:warn] 07:43:19.683 Reconnect failed: One or more errors occurred. (Unable to connect to the remote server)
[ObsWS:info] 07:43:49.685 Reconnecting to OBS WebSocket (30000ms backoff)…
[ObsWS:warn] 07:43:51.720 Reconnect failed: One or more errors occurred. (Unable to connect to the remote server)
[ObsWS:info] 07:44:21.735 Reconnecting to OBS WebSocket (30000ms backoff)…
[ObsWS:warn] 07:44:23.755 Reconnect failed: One or more errors occurred. (Unable to connect to the remote server)
[ObsWS:info] 07:44:53.764 Reconnecting to OBS WebSocket (30000ms backoff)…
[ObsWS:warn] 07:44:55.802 Reconnect failed: One or more errors occurred. (Unable to connect to the remote server)
[ObsWS:info] 07:45:25.804 Reconnecting to OBS WebSocket (30000ms backoff)…
[ObsWS:warn] 07:45:27.848 Reconnect failed: One or more errors occurred. (Unable to connect to the remote server)
[ObsWS:info] 07:45:57.856 Reconnecting to OBS WebSocket (30000ms backoff)…
[ObsWS:warn] 07:45:59.882 Reconnect failed: One or more errors occurred. (Unable to connect to the remote server)
[ObsWS:info] 07:46:29.884 Reconnecting to OBS WebSocket (30000ms backoff)…
[ObsWS:warn] 07:46:31.940 Reconnect failed: One or more errors occurred. (Unable to connect to the remote server)
[ObsWS:info] 07:47:01.942 Reconnecting to OBS WebSocket (30000ms backoff)…
[ObsWS:warn] 07:47:03.969 Reconnect failed: One or more errors occurred. (Unable to connect to the remote server)
[ObsWS:info] 07:47:33.984 Reconnecting to OBS WebSocket (30000ms backoff)…
[ObsWS:warn] 07:47:36.033 Reconnect failed: One or more errors occurred. (Unable to connect to the remote server)
[ObsWS:info] 07:48:06.042 Reconnecting to OBS WebSocket (30000ms backoff)…
[ObsWS:warn] 07:48:08.089 Reconnect failed: One or more errors occurred. (Unable to connect to the remote server)
[ObsWS:info] 07:48:38.090 Reconnecting to OBS WebSocket (30000ms backoff)…
[ObsWS:warn] 07:48:40.133 Reconnect failed: One or more errors occurred. (Unable to connect to the remote server)
[ObsWS:info] 07:49:10.141 Reconnecting to OBS WebSocket (30000ms backoff)…
[ObsWS:warn] 07:49:12.200 Reconnect failed: One or more errors occurred. (Unable to connect to the remote server)
[ObsWS:info] 07:49:42.203 Reconnecting to OBS WebSocket (30000ms backoff)…
[ObsWS:warn] 07:49:44.239 Reconnect failed: One or more errors occurred. (Unable to connect to the remote server)
[ObsWS:info] 07:50:14.244 Reconnecting to OBS WebSocket (30000ms backoff)…
[ObsWS:warn] 07:50:16.305 Reconnect failed: One or more errors occurred. (Unable to connect to the remote server)
[ObsWS:info] 07:50:46.306 Reconnecting to OBS WebSocket (30000ms backoff)…
[ObsWS:warn] 07:50:48.329 Reconnect failed: One or more errors occurred. (Unable to connect to the remote server)
[ObsWS:info] 07:51:18.336 Reconnecting to OBS WebSocket (30000ms backoff)…
[ObsWS:warn] 07:51:20.396 Reconnect failed: One or more errors occurred. (Unable to connect to the remote server)
[ObsWS:info] 07:51:50.400 Reconnecting to OBS WebSocket (30000ms backoff)…
[ObsWS:warn] 07:51:52.435 Reconnect failed: One or more errors occurred. (Unable to connect to the remote server)
[ObsWS:info] 07:52:22.441 Reconnecting to OBS WebSocket (30000ms backoff)…
[ObsWS:warn] 07:52:24.485 Reconnect failed: One or more errors occurred. (Unable to connect to the remote server)
[ObsWS:info] 07:52:54.492 Reconnecting to OBS WebSocket (30000ms backoff)…
[ObsWS:warn] 07:52:56.550 Reconnect failed: One or more errors occurred. (Unable to connect to the remote server)
[ObsWS:info] 07:53:26.560 Reconnecting to OBS WebSocket (30000ms backoff)…
[ObsWS:warn] 07:53:28.618 Reconnect failed: One or more errors occurred. (Unable to connect to the remote server)
[ObsWS:info] 07:53:58.630 Reconnecting to OBS WebSocket (30000ms backoff)…
[ObsWS:warn] 07:54:00.652 Reconnect failed: One or more errors occurred. (Unable to connect to the remote server)
[ObsWS:info] 07:54:30.653 Reconnecting to OBS WebSocket (30000ms backoff)…
[ObsWS:warn] 07:54:32.684 Reconnect failed: One or more errors occurred. (Unable to connect to the remote server)
[ObsWS:info] 07:55:02.693 Reconnecting to OBS WebSocket (30000ms backoff)…
[ObsWS:warn] 07:55:04.750 Reconnect failed: One or more errors occurred. (Unable to connect to the remote server)
[ObsWS:info] 07:55:34.753 Reconnecting to OBS WebSocket (30000ms backoff)…
[ObsWS:warn] 07:55:36.798 Reconnect failed: One or more errors occurred. (Unable to connect to the remote server)
[ObsWS:info] 07:56:06.812 Reconnecting to OBS WebSocket (30000ms backoff)…
[ObsWS:warn] 07:56:08.845 Reconnect failed: One or more errors occurred. (Unable to connect to the remote server)
[ObsWS:info] 07:56:38.847 Reconnecting to OBS WebSocket (30000ms backoff)…
[ObsWS:warn] 07:56:40.884 Reconnect failed: One or more errors occurred. (Unable to connect to the remote server)
[ObsWS:info] 07:57:10.885 Reconnecting to OBS WebSocket (30000ms backoff)…
[ObsWS:warn] 07:57:12.924 Reconnect failed: One or more errors occurred. (Unable to connect to the remote server)
[ObsWS:info] 07:57:42.925 Reconnecting to OBS WebSocket (30000ms backoff)…
[ObsWS:warn] 07:57:44.962 Reconnect failed: One or more errors occurred. (Unable to connect to the remote server)
[ObsWS:info] 07:58:14.975 Reconnecting to OBS WebSocket (30000ms backoff)…
[ObsWS:warn] 07:58:17.006 Reconnect failed: One or more errors occurred. (Unable to connect to the remote server)
[ObsWS:info] 07:58:47.010 Reconnecting to OBS WebSocket (30000ms backoff)…
[ObsWS:warn] 07:58:49.068 Reconnect failed: One or more errors occurred. (Unable to connect to the remote server)
[ObsWS:info] 07:59:19.071 Reconnecting to OBS WebSocket (30000ms backoff)…
[ObsWS:warn] 07:59:21.118 Reconnect failed: One or more errors occurred. (Unable to connect to the remote server)
[ObsWS:info] 07:59:51.134 Reconnecting to OBS WebSocket (30000ms backoff)…
[ObsWS:warn] 07:59:53.182 Reconnect failed: One or more errors occurred. (Unable to connect to the remote server)
[ObsWS:info] 08:00:23.186 Reconnecting to OBS WebSocket (30000ms backoff)…
[ObsWS:warn] 08:00:25.233 Reconnect failed: One or more errors occurred. (Unable to connect to the remote server)
[ObsWS:info] 08:00:55.247 Reconnecting to OBS WebSocket (30000ms backoff)…
[ObsWS:warn] 08:00:57.293 Reconnect failed: One or more errors occurred. (Unable to connect to the remote server)
[ObsWS:info] 08:01:27.300 Reconnecting to OBS WebSocket (30000ms backoff)…
[ObsWS:warn] 08:01:29.344 Reconnect failed: One or more errors occurred. (Unable to connect to the remote server)
[ObsWS:info] 08:01:59.353 Reconnecting to OBS WebSocket (30000ms backoff)…
[ObsWS:warn] 08:02:01.385 Reconnect failed: One or more errors occurred. (Unable to connect to the remote server)
[ObsWS:info] 08:02:31.399 Reconnecting to OBS WebSocket (30000ms backoff)…
[ObsWS:warn] 08:02:33.430 Reconnect failed: One or more errors occurred. (Unable to connect to the remote server)
[ObsWS:info] 08:03:03.433 Reconnecting to OBS WebSocket (30000ms backoff)…
[ObsWS:warn] 08:03:05.456 Reconnect failed: One or more errors occurred. (Unable to connect to the remote server)
[ObsWS:info] 08:03:35.461 Reconnecting to OBS WebSocket (30000ms backoff)…
[ObsWS:warn] 08:03:37.507 Reconnect failed: One or more errors occurred. (Unable to connect to the remote server)
[ObsWS:info] 08:04:07.507 Reconnecting to OBS WebSocket (30000ms backoff)…
[ObsWS:warn] 08:04:09.528 Reconnect failed: One or more errors occurred. (Unable to connect to the remote server)
[ObsWS:info] 08:04:39.534 Reconnecting to OBS WebSocket (30000ms backoff)…
[ObsWS:warn] 08:04:41.564 Reconnect failed: One or more errors occurred. (Unable to connect to the remote server)
[ObsWS:info] 08:05:11.571 Reconnecting to OBS WebSocket (30000ms backoff)…
[ObsWS:warn] 08:05:13.604 Reconnect failed: One or more errors occurred. (Unable to connect to the remote server)
[ObsWS:info] 08:05:43.604 Reconnecting to OBS WebSocket (30000ms backoff)…
[ObsWS:warn] 08:05:45.651 Reconnect failed: One or more errors occurred. (Unable to connect to the remote server)
[ObsWS:info] 08:06:15.664 Reconnecting to OBS WebSocket (30000ms backoff)…
[ObsWS:warn] 08:06:17.694 Reconnect failed: One or more errors occurred. (Unable to connect to the remote server)
[ObsWS:info] 08:06:47.695 Reconnecting to OBS WebSocket (30000ms backoff)…
[ObsWS:warn] 08:06:49.722 Reconnect failed: One or more errors occurred. (Unable to connect to the remote server)
[ObsWS:info] 08:07:19.731 Reconnecting to OBS WebSocket (30000ms backoff)…
[ObsWS:warn] 08:07:21.769 Reconnect failed: One or more errors occurred. (Unable to connect to the remote server)
[ObsWS:info] 08:07:51.779 Reconnecting to OBS WebSocket (30000ms backoff)…
[ObsWS:warn] 08:07:53.788 Reconnect failed: One or more errors occurred. (Unable to connect to the remote server)
[ObsWS:info] 08:08:23.800 Reconnecting to OBS WebSocket (30000ms backoff)…
[ObsWS:warn] 08:08:25.837 Reconnect failed: One or more errors occurred. (Unable to connect to the remote server)
[ObsWS:info] 08:08:55.839 Reconnecting to OBS WebSocket (30000ms backoff)…
[ObsWS:warn] 08:08:57.900 Reconnect failed: One or more errors occurred. (Unable to connect to the remote server)
[ObsWS:info] 08:09:27.908 Reconnecting to OBS WebSocket (30000ms backoff)…
[ObsWS:warn] 08:09:29.948 Reconnect failed: One or more errors occurred. (Unable to connect to the remote server)
[ObsWS:info] 08:09:59.952 Reconnecting to OBS WebSocket (30000ms backoff)…
[ObsWS:warn] 08:10:01.997 Reconnect failed: One or more errors occurred. (Unable to connect to the remote server)
[ObsWS:info] 08:10:32.001 Reconnecting to OBS WebSocket (30000ms backoff)…
[ObsWS:warn] 08:10:34.043 Reconnect failed: One or more errors occurred. (Unable to connect to the remote server)
[ObsWS:info] 08:11:04.048 Reconnecting to OBS WebSocket (30000ms backoff)…
[ObsWS:warn] 08:11:06.092 Reconnect failed: One or more errors occurred. (Unable to connect to the remote server)
[ObsWS:info] 08:11:36.101 Reconnecting to OBS WebSocket (30000ms backoff)…
[ObsWS:warn] 08:11:38.134 Reconnect failed: One or more errors occurred. (Unable to connect to the remote server)
[ObsWS:info] 08:12:08.146 Reconnecting to OBS WebSocket (30000ms backoff)…
[ObsWS:warn] 08:12:10.205 Reconnect failed: One or more errors occurred. (Unable to connect to the remote server)
[ObsWS:info] 08:12:40.211 Reconnecting to OBS WebSocket (30000ms backoff)…
[ObsWS:warn] 08:12:42.249 Reconnect failed: One or more errors occurred. (Unable to connect to the remote server)
[ObsWS:info] 08:13:12.250 Reconnecting to OBS WebSocket (30000ms backoff)…
[ObsWS:warn] 08:13:14.293 Reconnect failed: One or more errors occurred. (Unable to connect to the remote server)
[ObsWS:info] 08:13:44.308 Reconnecting to OBS WebSocket (30000ms backoff)…
[ObsWS:warn] 08:13:46.333 Reconnect failed: One or more errors occurred. (Unable to connect to the remote server)
[ObsWS:info] 08:14:16.342 Reconnecting to OBS WebSocket (30000ms backoff)…
[ObsWS:warn] 08:14:18.389 Reconnect failed: One or more errors occurred. (Unable to connect to the remote server)
[ObsWS:info] 08:14:48.404 Reconnecting to OBS WebSocket (30000ms backoff)…
[ObsWS:warn] 08:14:50.465 Reconnect failed: One or more errors occurred. (Unable to connect to the remote server)
[ObsWS:info] 08:15:20.479 Reconnecting to OBS WebSocket (30000ms backoff)…
[ObsWS:warn] 08:15:22.524 Reconnect failed: One or more errors occurred. (Unable to connect to the remote server)
[ObsWS:info] 08:15:52.527 Reconnecting to OBS WebSocket (30000ms backoff)…
[ObsWS:warn] 08:15:54.584 Reconnect failed: One or more errors occurred. (Unable to connect to the remote server)
[ObsWS:info] 08:16:24.593 Reconnecting to OBS WebSocket (30000ms backoff)…
[ObsWS:warn] 08:16:26.628 Reconnect failed: One or more errors occurred. (Unable to connect to the remote server)
[ObsWS:info] 08:16:56.631 Reconnecting to OBS WebSocket (30000ms backoff)…
[ObsWS:warn] 08:16:58.692 Reconnect failed: One or more errors occurred. (Unable to connect to the remote server)
[ObsWS:info] 08:17:28.695 Reconnecting to OBS WebSocket (30000ms backoff)…
[ObsWS:warn] 08:17:30.737 Reconnect failed: One or more errors occurred. (Unable to connect to the remote server)
[ObsWS:info] 08:18:00.743 Reconnecting to OBS WebSocket (30000ms backoff)…
[ObsWS:warn] 08:18:02.775 Reconnect failed: One or more errors occurred. (Unable to connect to the remote server)
[ObsWS:info] 08:18:32.789 Reconnecting to OBS WebSocket (30000ms backoff)…
[ObsWS:warn] 08:18:34.820 Reconnect failed: One or more errors occurred. (Unable to connect to the remote server)
[ObsWS:info] 08:19:04.831 Reconnecting to OBS WebSocket (30000ms backoff)…
[ObsWS:warn] 08:19:06.866 Reconnect failed: One or more errors occurred. (Unable to connect to the remote server)
[ObsWS:info] 08:19:36.875 Reconnecting to OBS WebSocket (30000ms backoff)…
[ObsWS:warn] 08:19:38.910 Reconnect failed: One or more errors occurred. (Unable to connect to the remote server)
[ObsWS:info] 08:20:08.925 Reconnecting to OBS WebSocket (30000ms backoff)…
[ObsWS:warn] 08:20:10.973 Reconnect failed: One or more errors occurred. (Unable to connect to the remote server)
[ObsWS:info] 08:20:40.975 Reconnecting to OBS WebSocket (30000ms backoff)…
[ObsWS:warn] 08:20:43.005 Reconnect failed: One or more errors occurred. (Unable to connect to the remote server)
[ObsWS:info] 08:21:13.020 Reconnecting to OBS WebSocket (30000ms backoff)…
[ObsWS:warn] 08:21:15.039 Reconnect failed: One or more errors occurred. (Unable to connect to the remote server)
[ObsWS:info] 08:21:45.048 Reconnecting to OBS WebSocket (30000ms backoff)…
[ObsWS:warn] 08:21:47.092 Reconnect failed: One or more errors occurred. (Unable to connect to the remote server)
[ObsWS:info] 08:22:17.106 Reconnecting to OBS WebSocket (30000ms backoff)…
[ObsWS:warn] 08:22:19.145 Reconnect failed: One or more errors occurred. (Unable to connect to the remote server)
[ObsWS:info] 08:22:49.148 Reconnecting to OBS WebSocket (30000ms backoff)…
[ObsWS:warn] 08:22:51.195 Reconnect failed: One or more errors occurred. (Unable to connect to the remote server)
[ObsWS:info] 08:23:21.209 Reconnecting to OBS WebSocket (30000ms backoff)…
[ObsWS:warn] 08:23:23.244 Reconnect failed: One or more errors occurred. (Unable to connect to the remote server)
[ObsWS:info] 08:23:53.259 Reconnecting to OBS WebSocket (30000ms backoff)…
[ObsWS:warn] 08:23:55.291 Reconnect failed: One or more errors occurred. (Unable to connect to the remote server)
[ObsWS:info] 08:24:25.292 Reconnecting to OBS WebSocket (30000ms backoff)…
[ObsWS:warn] 08:24:27.347 Reconnect failed: One or more errors occurred. (Unable to connect to the remote server)
[ObsWS:info] 08:24:57.354 Reconnecting to OBS WebSocket (30000ms backoff)…
[ObsWS:warn] 08:24:59.401 Reconnect failed: One or more errors occurred. (Unable to connect to the remote server)
[ObsWS:info] 08:25:29.411 Reconnecting to OBS WebSocket (30000ms backoff)…
[ObsWS:warn] 08:25:31.445 Reconnect failed: One or more errors occurred. (Unable to connect to the remote server)
[ObsWS:info] 08:26:01.456 Reconnecting to OBS WebSocket (30000ms backoff)…
[ObsWS:warn] 08:26:03.514 Reconnect failed: One or more errors occurred. (Unable to connect to the remote server)
[ObsWS:info] 08:26:33.521 Reconnecting to OBS WebSocket (30000ms backoff)…
[ObsWS:warn] 08:26:35.551 Reconnect failed: One or more errors occurred. (Unable to connect to the remote server)
[ObsWS:info] 08:27:05.555 Reconnecting to OBS WebSocket (30000ms backoff)…
[ObsWS:warn] 08:27:07.578 Reconnect failed: One or more errors occurred. (Unable to connect to the remote server)
[ObsWS:info] 08:27:37.580 Reconnecting to OBS WebSocket (30000ms backoff)…
[ObsWS:warn] 08:27:39.637 Reconnect failed: One or more errors occurred. (Unable to connect to the remote server)
[ObsWS:info] 08:28:09.652 Reconnecting to OBS WebSocket (30000ms backoff)…
[ObsWS:warn] 08:28:11.685 Reconnect failed: One or more errors occurred. (Unable to connect to the remote server)
[ObsWS:info] 08:28:41.700 Reconnecting to OBS WebSocket (30000ms backoff)…
[ObsWS:warn] 08:28:43.733 Reconnect failed: One or more errors occurred. (Unable to connect to the remote server)
[ObsWS:info] 08:29:13.742 Reconnecting to OBS WebSocket (30000ms backoff)…
[ObsWS:warn] 08:29:15.763 Reconnect failed: One or more errors occurred. (Unable to connect to the remote server)
[ObsWS:info] 08:29:45.766 Reconnecting to OBS WebSocket (30000ms backoff)…
[ObsWS:warn] 08:29:47.796 Reconnect failed: One or more errors occurred. (Unable to connect to the remote server)
[ObsWS:info] 08:30:17.798 Reconnecting to OBS WebSocket (30000ms backoff)…
[ObsWS:warn] 08:30:19.842 Reconnect failed: One or more errors occurred. (Unable to connect to the remote server)
[ObsWS:info] 08:30:49.854 Reconnecting to OBS WebSocket (30000ms backoff)…
[ObsWS:warn] 08:30:51.887 Reconnect failed: One or more errors occurred. (Unable to connect to the remote server)
[ObsWS:info] 08:31:21.899 Reconnecting to OBS WebSocket (30000ms backoff)…
[ObsWS:warn] 08:31:23.936 Reconnect failed: One or more errors occurred. (Unable to connect to the remote server)
[ObsWS:info] 08:31:53.950 Reconnecting to OBS WebSocket (30000ms backoff)…
[ObsWS:warn] 08:31:55.997 Reconnect failed: One or more errors occurred. (Unable to connect to the remote server)
[ObsWS:info] 08:32:26.003 Reconnecting to OBS WebSocket (30000ms backoff)…
[ObsWS:warn] 08:32:28.047 Reconnect failed: One or more errors occurred. (Unable to connect to the remote server)
[ObsWS:info] 08:32:58.054 Reconnecting to OBS WebSocket (30000ms backoff)…
[ObsWS:warn] 08:33:00.099 Reconnect failed: One or more errors occurred. (Unable to connect to the remote server)
[ObsWS:info] 08:33:30.099 Reconnecting to OBS WebSocket (30000ms backoff)…
[ObsWS:warn] 08:33:32.146 Reconnect failed: One or more errors occurred. (Unable to connect to the remote server)
[ObsWS:info] 08:34:02.159 Reconnecting to OBS WebSocket (30000ms backoff)…
[ObsWS:warn] 08:34:04.193 Reconnect failed: One or more errors occurred. (Unable to connect to the remote server)
[ObsWS:info] 08:34:34.199 Reconnecting to OBS WebSocket (30000ms backoff)…
[ObsWS:warn] 08:34:36.220 Reconnect failed: One or more errors occurred. (Unable to connect to the remote server)
[ObsWS:info] 08:35:06.229 Reconnecting to OBS WebSocket (30000ms backoff)…
[ObsWS:warn] 08:35:08.271 Reconnect failed: One or more errors occurred. (Unable to connect to the remote server)
[ObsWS:info] 08:35:38.273 Reconnecting to OBS WebSocket (30000ms backoff)…
[ObsWS:warn] 08:35:40.321 Reconnect failed: One or more errors occurred. (Unable to connect to the remote server)
[ObsWS:info] 08:36:10.329 Reconnecting to OBS WebSocket (30000ms backoff)…
[ObsWS:warn] 08:36:12.359 Reconnect failed: One or more errors occurred. (Unable to connect to the remote server)
[ObsWS:info] 08:36:42.363 Reconnecting to OBS WebSocket (30000ms backoff)…
[ObsWS:warn] 08:36:44.395 Reconnect failed: One or more errors occurred. (Unable to connect to the remote server)
[ObsWS:info] 08:37:14.399 Reconnecting to OBS WebSocket (30000ms backoff)…
[ObsWS:warn] 08:37:16.431 Reconnect failed: One or more errors occurred. (Unable to connect to the remote server)
[ObsWS:info] 08:37:46.447 Reconnecting to OBS WebSocket (30000ms backoff)…
[ObsWS:warn] 08:37:48.472 Reconnect failed: One or more errors occurred. (Unable to connect to the remote server)
[ObsWS:info] 08:38:18.477 Reconnecting to OBS WebSocket (30000ms backoff)…
[ObsWS:warn] 08:38:20.507 Reconnect failed: One or more errors occurred. (Unable to connect to the remote server)
[ObsWS:info] 08:38:50.524 Reconnecting to OBS WebSocket (30000ms backoff)…
[ObsWS:warn] 08:38:52.545 Reconnect failed: One or more errors occurred. (Unable to connect to the remote server)
[ObsWS:info] 08:39:22.547 Reconnecting to OBS WebSocket (30000ms backoff)…
[ObsWS:warn] 08:39:24.590 Reconnect failed: One or more errors occurred. (Unable to connect to the remote server)
[ObsWS:info] 08:39:54.602 Reconnecting to OBS WebSocket (30000ms backoff)…
[ObsWS:warn] 08:39:56.661 Reconnect failed: One or more errors occurred. (Unable to connect to the remote server)
[ObsWS:info] 08:40:26.666 Reconnecting to OBS WebSocket (30000ms backoff)…
[ObsWS:warn] 08:40:28.716 Reconnect failed: One or more errors occurred. (Unable to connect to the remote server)
[ObsWS:info] 08:40:58.721 Reconnecting to OBS WebSocket (30000ms backoff)…
[ObsWS:warn] 08:41:00.759 Reconnect failed: One or more errors occurred. (Unable to connect to the remote server)
[ObsWS:info] 08:41:30.761 Reconnecting to OBS WebSocket (30000ms backoff)…
[ObsWS:warn] 08:41:32.808 Reconnect failed: One or more errors occurred. (Unable to connect to the remote server)
[ObsWS:info] 08:42:02.810 Reconnecting to OBS WebSocket (30000ms backoff)…
[ObsWS:warn] 08:42:04.843 Reconnect failed: One or more errors occurred. (Unable to connect to the remote server)
[ObsWS:info] 08:42:34.856 Reconnecting to OBS WebSocket (30000ms backoff)…
[ObsWS:warn] 08:42:36.888 Reconnect failed: One or more errors occurred. (Unable to connect to the remote server)
[ObsWS:info] 08:43:06.892 Reconnecting to OBS WebSocket (30000ms backoff)…
[ObsWS:warn] 08:43:08.933 Reconnect failed: One or more errors occurred. (Unable to connect to the remote server)
[ObsWS:info] 08:43:38.946 Reconnecting to OBS WebSocket (30000ms backoff)…
[ObsWS:warn] 08:43:40.967 Reconnect failed: One or more errors occurred. (Unable to connect to the remote server)
[ObsWS:info] 08:44:10.982 Reconnecting to OBS WebSocket (30000ms backoff)…
[ObsWS:warn] 08:44:13.024 Reconnect failed: One or more errors occurred. (Unable to connect to the remote server)
[ObsWS:info] 08:44:43.029 Reconnecting to OBS WebSocket (30000ms backoff)…
[ObsWS:warn] 08:44:45.086 Reconnect failed: One or more errors occurred. (Unable to connect to the remote server)
[ObsWS:info] 08:45:15.086 Reconnecting to OBS WebSocket (30000ms backoff)…
[ObsWS:warn] 08:45:17.121 Reconnect failed: One or more errors occurred. (Unable to connect to the remote server)
[ObsWS:info] 08:45:47.129 Reconnecting to OBS WebSocket (30000ms backoff)…
[ObsWS:warn] 08:45:49.165 Reconnect failed: One or more errors occurred. (Unable to connect to the remote server)
[ObsWS:info] 08:46:19.172 Reconnecting to OBS WebSocket (30000ms backoff)…
[ObsWS:warn] 08:46:21.232 Reconnect failed: One or more errors occurred. (Unable to connect to the remote server)
[ObsWS:info] 08:46:51.235 Reconnecting to OBS WebSocket (30000ms backoff)…
[ObsWS:warn] 08:46:53.278 Reconnect failed: One or more errors occurred. (Unable to connect to the remote server)
[ObsWS:info] 08:47:23.285 Reconnecting to OBS WebSocket (30000ms backoff)…
[ObsWS:warn] 08:47:25.314 Reconnect failed: One or more errors occurred. (Unable to connect to the remote server)
[ObsWS:info] 08:47:55.325 Reconnecting to OBS WebSocket (30000ms backoff)…
[ObsWS:warn] 08:47:57.368 Reconnect failed: One or more errors occurred. (Unable to connect to the remote server)
[ObsWS:info] 08:48:27.379 Reconnecting to OBS WebSocket (30000ms backoff)…
[ObsWS:warn] 08:48:29.414 Reconnect failed: One or more errors occurred. (Unable to connect to the remote server)
[ObsWS:info] 08:48:59.427 Reconnecting to OBS WebSocket (30000ms backoff)…
[ObsWS:warn] 08:49:01.459 Reconnect failed: One or more errors occurred. (Unable to connect to the remote server)
[ObsWS:info] 08:49:31.470 Reconnecting to OBS WebSocket (30000ms backoff)…
[ObsWS:warn] 08:49:33.528 Reconnect failed: One or more errors occurred. (Unable to connect to the remote server)
[ObsWS:info] 08:50:03.536 Reconnecting to OBS WebSocket (30000ms backoff)…
[ObsWS:warn] 08:50:05.593 Reconnect failed: One or more errors occurred. (Unable to connect to the remote server)
[ObsWS:info] 08:50:35.594 Reconnecting to OBS WebSocket (30000ms backoff)…
[ObsWS:warn] 08:50:37.626 Reconnect failed: One or more errors occurred. (Unable to connect to the remote server)
[ObsWS:info] 08:51:07.634 Reconnecting to OBS WebSocket (30000ms backoff)…
[ObsWS:warn] 08:51:09.658 Reconnect failed: One or more errors occurred. (Unable to connect to the remote server)
[ObsWS:info] 08:51:39.664 Reconnecting to OBS WebSocket (30000ms backoff)…
[ObsWS:warn] 08:51:41.713 Reconnect failed: One or more errors occurred. (Unable to connect to the remote server)
[ObsWS:info] 08:52:11.722 Reconnecting to OBS WebSocket (30000ms backoff)…
[ObsWS:warn] 08:52:13.758 Reconnect failed: One or more errors occurred. (Unable to connect to the remote server)
[ObsWS:info] 08:52:43.767 Reconnecting to OBS WebSocket (30000ms backoff)…
[ObsWS:warn] 08:52:45.799 Reconnect failed: One or more errors occurred. (Unable to connect to the remote server)
[ObsWS:info] 08:53:15.804 Reconnecting to OBS WebSocket (30000ms backoff)…
[ObsWS:warn] 08:53:17.839 Reconnect failed: One or more errors occurred. (Unable to connect to the remote server)
[ObsWS:info] 08:53:47.846 Reconnecting to OBS WebSocket (30000ms backoff)…
[ObsWS:warn] 08:53:49.893 Reconnect failed: One or more errors occurred. (Unable to connect to the remote server)
[ObsWS:info] 08:54:19.903 Reconnecting to OBS WebSocket (30000ms backoff)…
[ObsWS:warn] 08:54:21.946 Reconnect failed: One or more errors occurred. (Unable to connect to the remote server)
[ObsWS:info] 08:54:51.954 Reconnecting to OBS WebSocket (30000ms backoff)…
[ObsWS:warn] 08:54:54.000 Reconnect failed: One or more errors occurred. (Unable to connect to the remote server)
[ObsWS:info] 08:55:24.006 Reconnecting to OBS WebSocket (30000ms backoff)…
[ObsWS:warn] 08:55:26.048 Reconnect failed: One or more errors occurred. (Unable to connect to the remote server)
[ObsWS:info] 08:55:56.060 Reconnecting to OBS WebSocket (30000ms backoff)…
[ObsWS:warn] 08:55:58.092 Reconnect failed: One or more errors occurred. (Unable to connect to the remote server)
[ObsWS:info] 08:56:28.106 Reconnecting to OBS WebSocket (30000ms backoff)…
[ObsWS:warn] 08:56:30.149 Reconnect failed: One or more errors occurred. (Unable to connect to the remote server)
[ObsWS:info] 08:57:00.161 Reconnecting to OBS WebSocket (30000ms backoff)…
[ObsWS:warn] 08:57:02.222 Reconnect failed: One or more errors occurred. (Unable to connect to the remote server)
[ObsWS:info] 08:57:32.226 Reconnecting to OBS WebSocket (30000ms backoff)…
[ObsWS:warn] 08:57:34.271 Reconnect failed: One or more errors occurred. (Unable to connect to the remote server)
[ObsWS:info] 08:58:04.285 Reconnecting to OBS WebSocket (30000ms backoff)…
[ObsWS:warn] 08:58:06.316 Reconnect failed: One or more errors occurred. (Unable to connect to the remote server)
[ObsWS:info] 08:58:36.318 Reconnecting to OBS WebSocket (30000ms backoff)…
[ObsWS:warn] 08:58:38.348 Reconnect failed: One or more errors occurred. (Unable to connect to the remote server)
[ObsWS:info] 08:59:08.354 Reconnecting to OBS WebSocket (30000ms backoff)…
[ObsWS:warn] 08:59:10.402 Reconnect failed: One or more errors occurred. (Unable to connect to the remote server)
[ObsWS:info] 08:59:40.406 Reconnecting to OBS WebSocket (30000ms backoff)…
[ObsWS:warn] 08:59:42.466 Reconnect failed: One or more errors occurred. (Unable to connect to the remote server)
[ObsWS:info] 09:00:12.466 Reconnecting to OBS WebSocket (30000ms backoff)…
[ObsWS:warn] 09:00:14.510 Reconnect failed: One or more errors occurred. (Unable to connect to the remote server)
[ObsWS:info] 09:00:44.519 Reconnecting to OBS WebSocket (30000ms backoff)…
[ObsWS:warn] 09:00:46.577 Reconnect failed: One or more errors occurred. (Unable to connect to the remote server)
[ObsWS:info] 09:01:16.580 Reconnecting to OBS WebSocket (30000ms backoff)…
[ObsWS:warn] 09:01:18.628 Reconnect failed: One or more errors occurred. (Unable to connect to the remote server)
[ObsWS:info] 09:01:48.635 Reconnecting to OBS WebSocket (30000ms backoff)…
[ObsWS:warn] 09:01:50.681 Reconnect failed: One or more errors occurred. (Unable to connect to the remote server)
[ObsWS:info] 09:02:20.690 Reconnecting to OBS WebSocket (30000ms backoff)…
[ObsWS:warn] 09:02:22.736 Reconnect failed: One or more errors occurred. (Unable to connect to the remote server)
[ObsWS:info] 09:02:52.748 Reconnecting to OBS WebSocket (30000ms backoff)…
[ObsWS:warn] 09:02:54.793 Reconnect failed: One or more errors occurred. (Unable to connect to the remote server)
[ObsWS:info] 09:03:24.794 Reconnecting to OBS WebSocket (30000ms backoff)…
[ObsWS:warn] 09:03:26.826 Reconnect failed: One or more errors occurred. (Unable to connect to the remote server)
[ObsWS:info] 09:03:56.841 Reconnecting to OBS WebSocket (30000ms backoff)…
[ObsWS:warn] 09:03:58.873 Reconnect failed: One or more errors occurred. (Unable to connect to the remote server)
[ObsWS:info] 09:04:28.884 Reconnecting to OBS WebSocket (30000ms backoff)…
[ObsWS:warn] 09:04:30.917 Reconnect failed: One or more errors occurred. (Unable to connect to the remote server)
[ObsWS:info] 09:05:00.923 Reconnecting to OBS WebSocket (30000ms backoff)…
[ObsWS:warn] 09:05:02.984 Reconnect failed: One or more errors occurred. (Unable to connect to the remote server)
[ObsWS:info] 09:05:32.997 Reconnecting to OBS WebSocket (30000ms backoff)…
[ObsWS:warn] 09:05:35.029 Reconnect failed: One or more errors occurred. (Unable to connect to the remote server)
[ObsWS:info] 09:06:05.042 Reconnecting to OBS WebSocket (30000ms backoff)…
[ObsWS:warn] 09:06:07.100 Reconnect failed: One or more errors occurred. (Unable to connect to the remote server)
[ObsWS:info] 09:06:37.108 Reconnecting to OBS WebSocket (30000ms backoff)…
[ObsWS:warn] 09:06:39.137 Reconnect failed: One or more errors occurred. (Unable to connect to the remote server)
[ObsWS:info] 09:07:09.139 Reconnecting to OBS WebSocket (30000ms backoff)…
[ObsWS:warn] 09:07:11.186 Reconnect failed: One or more errors occurred. (Unable to connect to the remote server)
[ObsWS:info] 09:07:41.202 Reconnecting to OBS WebSocket (30000ms backoff)…
[ObsWS:warn] 09:07:43.236 Reconnect failed: One or more errors occurred. (Unable to connect to the remote server)
[ObsWS:info] 09:08:13.242 Reconnecting to OBS WebSocket (30000ms backoff)…
[ObsWS:warn] 09:08:15.276 Reconnect failed: One or more errors occurred. (Unable to connect to the remote server)
[ObsWS:info] 09:08:45.280 Reconnecting to OBS WebSocket (30000ms backoff)…
[ObsWS:warn] 09:08:47.339 Reconnect failed: One or more errors occurred. (Unable to connect to the remote server)
[ObsWS:info] 09:09:17.354 Reconnecting to OBS WebSocket (30000ms backoff)…
[ObsWS:warn] 09:09:19.399 Reconnect failed: One or more errors occurred. (Unable to connect to the remote server)
[ObsWS:info] 09:09:49.409 Reconnecting to OBS WebSocket (30000ms backoff)…
[ObsWS:warn] 09:09:51.441 Reconnect failed: One or more errors occurred. (Unable to connect to the remote server)
[ObsWS:info] 09:10:21.452 Reconnecting to OBS WebSocket (30000ms backoff)…
[ObsWS:warn] 09:10:23.484 Reconnect failed: One or more errors occurred. (Unable to connect to the remote server)
[ObsWS:info] 09:10:53.492 Reconnecting to OBS WebSocket (30000ms backoff)…
[ObsWS:warn] 09:10:55.501 Reconnect failed: One or more errors occurred. (Unable to connect to the remote server)
[ObsWS:info] 09:11:25.505 Reconnecting to OBS WebSocket (30000ms backoff)…
[ObsWS:warn] 09:11:27.565 Reconnect failed: One or more errors occurred. (Unable to connect to the remote server)
[ObsWS:info] 09:11:57.576 Reconnecting to OBS WebSocket (30000ms backoff)…
[ObsWS:warn] 09:11:59.589 Reconnect failed: One or more errors occurred. (Unable to connect to the remote server)
[ObsWS:info] 09:12:29.592 Reconnecting to OBS WebSocket (30000ms backoff)…
[ObsWS:warn] 09:12:31.613 Reconnect failed: One or more errors occurred. (Unable to connect to the remote server)
[ObsWS:info] 09:13:01.615 Reconnecting to OBS WebSocket (30000ms backoff)…
[ObsWS:warn] 09:13:03.639 Reconnect failed: One or more errors occurred. (Unable to connect to the remote server)
[ObsWS:info] 09:13:33.653 Reconnecting to OBS WebSocket (30000ms backoff)…
[ObsWS:warn] 09:13:35.685 Reconnect failed: One or more errors occurred. (Unable to connect to the remote server)
[ObsWS:info] 09:14:05.698 Reconnecting to OBS WebSocket (30000ms backoff)…
[ObsWS:warn] 09:14:07.735 Reconnect failed: One or more errors occurred. (Unable to connect to the remote server)
[ObsWS:info] 09:14:37.750 Reconnecting to OBS WebSocket (30000ms backoff)…
[ObsWS:warn] 09:14:39.793 Reconnect failed: One or more errors occurred. (Unable to connect to the remote server)
[ObsWS:info] 09:15:09.806 Reconnecting to OBS WebSocket (30000ms backoff)…
[ObsWS:warn] 09:15:11.849 Reconnect failed: One or more errors occurred. (Unable to connect to the remote server)
[ObsWS:info] 09:15:41.854 Reconnecting to OBS WebSocket (30000ms backoff)…
[ObsWS:warn] 09:15:43.901 Reconnect failed: One or more errors occurred. (Unable to connect to the remote server)
[ObsWS:info] 09:16:13.902 Reconnecting to OBS WebSocket (30000ms backoff)…
[ObsWS:warn] 09:16:15.960 Reconnect failed: One or more errors occurred. (Unable to connect to the remote server)
[ObsWS:info] 09:16:45.974 Reconnecting to OBS WebSocket (30000ms backoff)…
[ObsWS:warn] 09:16:48.005 Reconnect failed: One or more errors occurred. (Unable to connect to the remote server)
[ObsWS:info] 09:17:18.012 Reconnecting to OBS WebSocket (30000ms backoff)…
[ObsWS:warn] 09:17:20.058 Reconnect failed: One or more errors occurred. (Unable to connect to the remote server)
[ObsWS:info] 09:17:50.063 Reconnecting to OBS WebSocket (30000ms backoff)…
[ObsWS:warn] 09:17:52.093 Reconnect failed: One or more errors occurred. (Unable to connect to the remote server)
[ObsWS:info] 09:18:22.094 Reconnecting to OBS WebSocket (30000ms backoff)…
[ObsWS:warn] 09:18:24.138 Reconnect failed: One or more errors occurred. (Unable to connect to the remote server)
[ObsWS:info] 09:18:54.139 Reconnecting to OBS WebSocket (30000ms backoff)…
[ObsWS:warn] 09:18:56.155 Reconnect failed: One or more errors occurred. (Unable to connect to the remote server)
[ObsWS:info] 09:19:26.160 Reconnecting to OBS WebSocket (30000ms backoff)…
[ObsWS:warn] 09:19:28.185 Reconnect failed: One or more errors occurred. (Unable to connect to the remote server)
[ObsWS:info] 09:19:58.187 Reconnecting to OBS WebSocket (30000ms backoff)…
[ObsWS:warn] 09:20:00.230 Reconnect failed: One or more errors occurred. (Unable to connect to the remote server)
[ObsWS:info] 09:20:30.231 Reconnecting to OBS WebSocket (30000ms backoff)…
[ObsWS:warn] 09:20:32.277 Reconnect failed: One or more errors occurred. (Unable to connect to the remote server)
[ObsWS:info] 09:21:02.291 Reconnecting to OBS WebSocket (30000ms backoff)…
[ObsWS:warn] 09:21:04.302 Reconnect failed: One or more errors occurred. (Unable to connect to the remote server)
[ObsWS:info] 09:21:34.318 Reconnecting to OBS WebSocket (30000ms backoff)…
[ObsWS:warn] 09:21:36.365 Reconnect failed: One or more errors occurred. (Unable to connect to the remote server)
[ObsWS:info] 09:22:06.371 Reconnecting to OBS WebSocket (30000ms backoff)…
[ObsWS:warn] 09:22:08.403 Reconnect failed: One or more errors occurred. (Unable to connect to the remote server)
[ObsWS:info] 09:22:38.418 Reconnecting to OBS WebSocket (30000ms backoff)…
[ObsWS:warn] 09:22:40.438 Reconnect failed: One or more errors occurred. (Unable to connect to the remote server)
[ObsWS:info] 09:23:10.446 Reconnecting to OBS WebSocket (30000ms backoff)…
[ObsWS:warn] 09:23:12.499 Reconnect failed: One or more errors occurred. (Unable to connect to the remote server)
[ObsWS:info] 09:23:42.503 Reconnecting to OBS WebSocket (30000ms backoff)…
[ObsWS:warn] 09:23:44.561 Reconnect failed: One or more errors occurred. (Unable to connect to the remote server)
[ObsWS:info] 09:24:14.570 Reconnecting to OBS WebSocket (30000ms backoff)…
[ObsWS:warn] 09:24:16.614 Reconnect failed: One or more errors occurred. (Unable to connect to the remote server)
[ObsWS:info] 09:24:46.627 Reconnecting to OBS WebSocket (30000ms backoff)…
[ObsWS:warn] 09:24:48.682 Reconnect failed: One or more errors occurred. (Unable to connect to the remote server)
[ObsWS:info] 09:25:18.697 Reconnecting to OBS WebSocket (30000ms backoff)…
[ObsWS:warn] 09:25:20.719 Reconnect failed: One or more errors occurred. (Unable to connect to the remote server)
[ObsWS:info] 09:25:50.734 Reconnecting to OBS WebSocket (30000ms backoff)…
[ObsWS:warn] 09:25:52.792 Reconnect failed: One or more errors occurred. (Unable to connect to the remote server)
[ObsWS:info] 09:26:22.793 Reconnecting to OBS WebSocket (30000ms backoff)…
[ObsWS:warn] 09:26:24.838 Reconnect failed: One or more errors occurred. (Unable to connect to the remote server)
[ObsWS:info] 09:26:54.846 Reconnecting to OBS WebSocket (30000ms backoff)…
[ObsWS:warn] 09:26:56.891 Reconnect failed: One or more errors occurred. (Unable to connect to the remote server)
[ObsWS:info] 09:27:26.897 Reconnecting to OBS WebSocket (30000ms backoff)…
[ObsWS:warn] 09:27:28.944 Reconnect failed: One or more errors occurred. (Unable to connect to the remote server)
[ObsWS:info] 09:27:58.946 Reconnecting to OBS WebSocket (30000ms backoff)…
[ObsWS:warn] 09:28:00.990 Reconnect failed: One or more errors occurred. (Unable to connect to the remote server)
[ObsWS:info] 09:28:30.998 Reconnecting to OBS WebSocket (30000ms backoff)…
[ObsWS:warn] 09:28:33.006 Reconnect failed: One or more errors occurred. (Unable to connect to the remote server)
[ObsWS:info] 09:29:03.014 Reconnecting to OBS WebSocket (30000ms backoff)…
[ObsWS:warn] 09:29:05.045 Reconnect failed: One or more errors occurred. (Unable to connect to the remote server)
[ObsWS:info] 09:29:35.059 Reconnecting to OBS WebSocket (30000ms backoff)…
[ObsWS:warn] 09:29:37.104 Reconnect failed: One or more errors occurred. (Unable to connect to the remote server)
[ObsWS:info] 09:30:07.110 Reconnecting to OBS WebSocket (30000ms backoff)…
[ObsWS:warn] 09:30:09.169 Reconnect failed: One or more errors occurred. (Unable to connect to the remote server)
[ObsWS:info] 09:30:39.173 Reconnecting to OBS WebSocket (30000ms backoff)…
[ObsWS:warn] 09:30:41.206 Reconnect failed: One or more errors occurred. (Unable to connect to the remote server)
[ObsWS:info] 09:31:11.208 Reconnecting to OBS WebSocket (30000ms backoff)…
[ObsWS:warn] 09:31:13.268 Reconnect failed: One or more errors occurred. (Unable to connect to the remote server)
[ObsWS:info] 09:31:43.269 Reconnecting to OBS WebSocket (30000ms backoff)…
[ObsWS:warn] 09:31:45.315 Reconnect failed: One or more errors occurred. (Unable to connect to the remote server)
[ObsWS:info] 09:32:15.316 Reconnecting to OBS WebSocket (30000ms backoff)…
[ObsWS:warn] 09:32:17.337 Reconnect failed: One or more errors occurred. (Unable to connect to the remote server)
[ObsWS:info] 09:32:47.341 Reconnecting to OBS WebSocket (30000ms backoff)…
[ObsWS:warn] 09:32:49.368 Reconnect failed: One or more errors occurred. (Unable to connect to the remote server)
[ObsWS:info] 09:33:19.374 Reconnecting to OBS WebSocket (30000ms backoff)…
[ObsWS:warn] 09:33:21.407 Reconnect failed: One or more errors occurred. (Unable to connect to the remote server)
[ObsWS:info] 09:33:51.417 Reconnecting to OBS WebSocket (30000ms backoff)…
[ObsWS:warn] 09:33:53.464 Reconnect failed: One or more errors occurred. (Unable to connect to the remote server)
[ObsWS:info] 09:34:23.469 Reconnecting to OBS WebSocket (30000ms backoff)…
[ObsWS:warn] 09:34:25.502 Reconnect failed: One or more errors occurred. (Unable to connect to the remote server)
[ObsWS:info] 09:34:55.515 Reconnecting to OBS WebSocket (30000ms backoff)…
[ObsWS:warn] 09:34:57.548 Reconnect failed: One or more errors occurred. (Unable to connect to the remote server)
[ObsWS:info] 09:35:27.555 Reconnecting to OBS WebSocket (30000ms backoff)…
[ObsWS:warn] 09:35:29.597 Reconnect failed: One or more errors occurred. (Unable to connect to the remote server)
[ObsWS:info] 09:35:59.612 Reconnecting to OBS WebSocket (30000ms backoff)…
[ObsWS:warn] 09:36:01.654 Reconnect failed: One or more errors occurred. (Unable to connect to the remote server)
[ObsWS:info] 09:36:31.667 Reconnecting to OBS WebSocket (30000ms backoff)…
[ObsWS:warn] 09:36:33.714 Reconnect failed: One or more errors occurred. (Unable to connect to the remote server)
[ObsWS:info] 09:37:03.723 Reconnecting to OBS WebSocket (30000ms backoff)…
[ObsWS:warn] 09:37:05.753 Reconnect failed: One or more errors occurred. (Unable to connect to the remote server)
[ObsWS:info] 09:37:35.756 Reconnecting to OBS WebSocket (30000ms backoff)…
[ObsWS:warn] 09:37:37.807 Reconnect failed: One or more errors occurred. (Unable to connect to the remote server)
[ObsWS:info] 09:38:07.808 Reconnecting to OBS WebSocket (30000ms backoff)…
[ObsWS:warn] 09:38:09.844 Reconnect failed: One or more errors occurred. (Unable to connect to the remote server)
[ObsWS:info] 09:38:39.858 Reconnecting to OBS WebSocket (30000ms backoff)…
[ObsWS:warn] 09:38:41.889 Reconnect failed: One or more errors occurred. (Unable to connect to the remote server)
[ObsWS:info] 09:39:11.897 Reconnecting to OBS WebSocket (30000ms backoff)…
[ObsWS:warn] 09:39:13.944 Reconnect failed: One or more errors occurred. (Unable to connect to the remote server)
[ObsWS:info] 09:39:43.950 Reconnecting to OBS WebSocket (30000ms backoff)…
[ObsWS:warn] 09:39:45.988 Reconnect failed: One or more errors occurred. (Unable to connect to the remote server)
[ObsWS:info] 09:40:15.999 Reconnecting to OBS WebSocket (30000ms backoff)…
[ObsWS:warn] 09:40:18.035 Reconnect failed: One or more errors occurred. (Unable to connect to the remote server)
[ObsWS:info] 09:40:48.036 Reconnecting to OBS WebSocket (30000ms backoff)…
[ObsWS:warn] 09:40:50.065 Reconnect failed: One or more errors occurred. (Unable to connect to the remote server)
[ObsWS:info] 09:41:20.068 Reconnecting to OBS WebSocket (30000ms backoff)…
[ObsWS:warn] 09:41:22.095 Reconnect failed: One or more errors occurred. (Unable to connect to the remote server)
[ObsWS:info] 09:41:52.101 Reconnecting to OBS WebSocket (30000ms backoff)…
[ObsWS:warn] 09:41:54.155 Reconnect failed: One or more errors occurred. (Unable to connect to the remote server)
[ObsWS:info] 09:42:24.167 Reconnecting to OBS WebSocket (30000ms backoff)…
[ObsWS:warn] 09:42:26.201 Reconnect failed: One or more errors occurred. (Unable to connect to the remote server)
[ObsWS:info] 09:42:56.216 Reconnecting to OBS WebSocket (30000ms backoff)…
[ObsWS:warn] 09:42:58.248 Reconnect failed: One or more errors occurred. (Unable to connect to the remote server)
[ObsWS:info] 09:43:28.258 Reconnecting to OBS WebSocket (30000ms backoff)…
[ObsWS:warn] 09:43:30.311 Reconnect failed: One or more errors occurred. (Unable to connect to the remote server)
[ObsWS:info] 09:44:00.323 Reconnecting to OBS WebSocket (30000ms backoff)…
[ObsWS:warn] 09:44:02.381 Reconnect failed: One or more errors occurred. (Unable to connect to the remote server)
[ObsWS:info] 09:44:32.395 Reconnecting to OBS WebSocket (30000ms backoff)…
[ObsWS:warn] 09:44:34.430 Reconnect failed: One or more errors occurred. (Unable to connect to the remote server)
[ObsWS:info] 09:45:04.439 Reconnecting to OBS WebSocket (30000ms backoff)…
[ObsWS:warn] 09:45:06.501 Reconnect failed: One or more errors occurred. (Unable to connect to the remote server)
[ObsWS:info] 09:45:36.511 Reconnecting to OBS WebSocket (30000ms backoff)…
[ObsWS:warn] 09:45:38.559 Reconnect failed: One or more errors occurred. (Unable to connect to the remote server)
[ObsWS:info] 09:46:08.574 Reconnecting to OBS WebSocket (30000ms backoff)…
[ObsWS:warn] 09:46:10.598 Reconnect failed: One or more errors occurred. (Unable to connect to the remote server)
[ObsWS:info] 09:46:40.607 Reconnecting to OBS WebSocket (30000ms backoff)…
[ObsWS:warn] 09:46:42.660 Reconnect failed: One or more errors occurred. (Unable to connect to the remote server)
[ObsWS:info] 09:47:12.674 Reconnecting to OBS WebSocket (30000ms backoff)…
[ObsWS:warn] 09:47:14.711 Reconnect failed: One or more errors occurred. (Unable to connect to the remote server)
[ObsWS:info] 09:47:44.723 Reconnecting to OBS WebSocket (30000ms backoff)…
[ObsWS:warn] 09:47:46.754 Reconnect failed: One or more errors occurred. (Unable to connect to the remote server)
[ObsWS:info] 09:48:16.756 Reconnecting to OBS WebSocket (30000ms backoff)…
[ObsWS:warn] 09:48:18.789 Reconnect failed: One or more errors occurred. (Unable to connect to the remote server)
[ObsWS:info] 09:48:48.791 Reconnecting to OBS WebSocket (30000ms backoff)…
[ObsWS:warn] 09:48:50.833 Reconnect failed: One or more errors occurred. (Unable to connect to the remote server)
[ObsWS:info] 09:49:20.843 Reconnecting to OBS WebSocket (30000ms backoff)…
[ObsWS:warn] 09:49:22.901 Reconnect failed: One or more errors occurred. (Unable to connect to the remote server)
[ObsWS:info] 09:49:52.907 Reconnecting to OBS WebSocket (30000ms backoff)…
[ObsWS:warn] 09:49:54.967 Reconnect failed: One or more errors occurred. (Unable to connect to the remote server)
[ObsWS:info] 09:50:24.982 Reconnecting to OBS WebSocket (30000ms backoff)…
[ObsWS:warn] 09:50:27.024 Reconnect failed: One or more errors occurred. (Unable to connect to the remote server)
[ObsWS:info] 09:50:57.033 Reconnecting to OBS WebSocket (30000ms backoff)…
[ObsWS:warn] 09:50:59.089 Reconnect failed: One or more errors occurred. (Unable to connect to the remote server)
[ObsWS:info] 09:51:29.099 Reconnecting to OBS WebSocket (30000ms backoff)…
[ObsWS:warn] 09:51:31.156 Reconnect failed: One or more errors occurred. (Unable to connect to the remote server)
[ObsWS:info] 09:52:01.165 Reconnecting to OBS WebSocket (30000ms backoff)…
[ObsWS:warn] 09:52:03.225 Reconnect failed: One or more errors occurred. (Unable to connect to the remote server)
[ObsWS:info] 09:52:33.240 Reconnecting to OBS WebSocket (30000ms backoff)…
[ObsWS:warn] 09:52:35.284 Reconnect failed: One or more errors occurred. (Unable to connect to the remote server)
[ObsWS:info] 09:53:05.289 Reconnecting to OBS WebSocket (30000ms backoff)…
[ObsWS:warn] 09:53:07.349 Reconnect failed: One or more errors occurred. (Unable to connect to the remote server)
[ObsWS:info] 09:53:37.352 Reconnecting to OBS WebSocket (30000ms backoff)…
[ObsWS:warn] 09:53:39.376 Reconnect failed: One or more errors occurred. (Unable to connect to the remote server)
[ObsWS:info] 09:54:09.386 Reconnecting to OBS WebSocket (30000ms backoff)…
[ObsWS:warn] 09:54:11.428 Reconnect failed: One or more errors occurred. (Unable to connect to the remote server)
[ObsWS:info] 09:54:41.440 Reconnecting to OBS WebSocket (30000ms backoff)…
[ObsWS:warn] 09:54:43.486 Reconnect failed: One or more errors occurred. (Unable to connect to the remote server)
[ObsWS:info] 09:55:13.496 Reconnecting to OBS WebSocket (30000ms backoff)…
[ObsWS:warn] 09:55:15.528 Reconnect failed: One or more errors occurred. (Unable to connect to the remote server)
[ObsWS:info] 09:55:45.535 Reconnecting to OBS WebSocket (30000ms backoff)…
[ObsWS:warn] 09:55:47.555 Reconnect failed: One or more errors occurred. (Unable to connect to the remote server)
[ObsWS:info] 09:56:17.561 Reconnecting to OBS WebSocket (30000ms backoff)…
[ObsWS:warn] 09:56:19.595 Reconnect failed: One or more errors occurred. (Unable to connect to the remote server)
[ObsWS:info] 09:56:49.603 Reconnecting to OBS WebSocket (30000ms backoff)…
[ObsWS:warn] 09:56:51.650 Reconnect failed: One or more errors occurred. (Unable to connect to the remote server)
[ObsWS:info] 09:57:21.664 Reconnecting to OBS WebSocket (30000ms backoff)…
[ObsWS:warn] 09:57:23.698 Reconnect failed: One or more errors occurred. (Unable to connect to the remote server)
[ObsWS:info] 09:57:53.713 Reconnecting to OBS WebSocket (30000ms backoff)…
[ObsWS:warn] 09:57:55.733 Reconnect failed: One or more errors occurred. (Unable to connect to the remote server)
[ObsWS:info] 09:58:25.747 Reconnecting to OBS WebSocket (30000ms backoff)…
[ObsWS:warn] 09:58:27.794 Reconnect failed: One or more errors occurred. (Unable to connect to the remote server)
[ObsWS:info] 09:58:57.797 Reconnecting to OBS WebSocket (30000ms backoff)…
[ObsWS:warn] 09:58:59.841 Reconnect failed: One or more errors occurred. (Unable to connect to the remote server)
[ObsWS:info] 09:59:29.845 Reconnecting to OBS WebSocket (30000ms backoff)…
[ObsWS:warn] 09:59:31.902 Reconnect failed: One or more errors occurred. (Unable to connect to the remote server)
[ObsWS:info] 10:00:01.907 Reconnecting to OBS WebSocket (30000ms backoff)…
[ObsWS:warn] 10:00:03.953 Reconnect failed: One or more errors occurred. (Unable to connect to the remote server)
[ObsWS:info] 10:00:33.962 Reconnecting to OBS WebSocket (30000ms backoff)…
[ObsWS:warn] 10:00:36.005 Reconnect failed: One or more errors occurred. (Unable to connect to the remote server)
[ObsWS:info] 10:01:06.015 Reconnecting to OBS WebSocket (30000ms backoff)…
[ObsWS:warn] 10:01:08.059 Reconnect failed: One or more errors occurred. (Unable to connect to the remote server)
[ObsWS:info] 10:01:38.062 Reconnecting to OBS WebSocket (30000ms backoff)…
[ObsWS:warn] 10:01:40.110 Reconnect failed: One or more errors occurred. (Unable to connect to the remote server)
[ObsWS:info] 10:02:10.123 Reconnecting to OBS WebSocket (30000ms backoff)…
[ObsWS:warn] 10:02:12.165 Reconnect failed: One or more errors occurred. (Unable to connect to the remote server)
[ObsWS:info] 10:02:42.178 Reconnecting to OBS WebSocket (30000ms backoff)…
[ObsWS:warn] 10:02:44.205 Reconnect failed: One or more errors occurred. (Unable to connect to the remote server)
[ObsWS:info] 10:03:14.216 Reconnecting to OBS WebSocket (30000ms backoff)…
[ObsWS:warn] 10:03:16.246 Reconnect failed: One or more errors occurred. (Unable to connect to the remote server)
[ObsWS:info] 10:03:46.253 Reconnecting to OBS WebSocket (30000ms backoff)…
[ObsWS:warn] 10:03:48.285 Reconnect failed: One or more errors occurred. (Unable to connect to the remote server)
[ObsWS:info] 10:04:18.298 Reconnecting to OBS WebSocket (30000ms backoff)…
[ObsWS:warn] 10:04:20.329 Reconnect failed: One or more errors occurred. (Unable to connect to the remote server)
[ObsWS:info] 10:04:50.341 Reconnecting to OBS WebSocket (30000ms backoff)…
[ObsWS:warn] 10:04:52.376 Reconnect failed: One or more errors occurred. (Unable to connect to the remote server)
[ObsWS:info] 10:05:22.379 Reconnecting to OBS WebSocket (30000ms backoff)…
[ObsWS:warn] 10:05:24.440 Reconnect failed: One or more errors occurred. (Unable to connect to the remote server)
[ObsWS:info] 10:05:54.440 Reconnecting to OBS WebSocket (30000ms backoff)…
[ObsWS:warn] 10:05:56.474 Reconnect failed: One or more errors occurred. (Unable to connect to the remote server)
[ObsWS:info] 10:06:26.481 Reconnecting to OBS WebSocket (30000ms backoff)…
[ObsWS:warn] 10:06:28.525 Reconnect failed: One or more errors occurred. (Unable to connect to the remote server)
[ObsWS:info] 10:06:58.531 Reconnecting to OBS WebSocket (30000ms backoff)…
[ObsWS:warn] 10:07:00.592 Reconnect failed: One or more errors occurred. (Unable to connect to the remote server)
[ObsWS:info] 10:07:30.602 Reconnecting to OBS WebSocket (30000ms backoff)…
[ObsWS:warn] 10:07:32.645 Reconnect failed: One or more errors occurred. (Unable to connect to the remote server)
[ObsWS:info] 10:08:02.657 Reconnecting to OBS WebSocket (30000ms backoff)…
[ObsWS:warn] 10:08:04.717 Reconnect failed: One or more errors occurred. (Unable to connect to the remote server)
[ObsWS:info] 10:08:34.731 Reconnecting to OBS WebSocket (30000ms backoff)…
[ObsWS:warn] 10:08:36.779 Reconnect failed: One or more errors occurred. (Unable to connect to the remote server)
[ObsWS:info] 10:09:06.791 Reconnecting to OBS WebSocket (30000ms backoff)…
[ObsWS:warn] 10:09:08.836 Reconnect failed: One or more errors occurred. (Unable to connect to the remote server)
[ObsWS:info] 10:09:38.851 Reconnecting to OBS WebSocket (30000ms backoff)…
[ObsWS:warn] 10:09:40.887 Reconnect failed: One or more errors occurred. (Unable to connect to the remote server)
[ObsWS:info] 10:10:10.894 Reconnecting to OBS WebSocket (30000ms backoff)…
[ObsWS:warn] 10:10:12.955 Reconnect failed: One or more errors occurred. (Unable to connect to the remote server)
[ObsWS:info] 10:10:42.965 Reconnecting to OBS WebSocket (30000ms backoff)…
[ObsWS:warn] 10:10:45.013 Reconnect failed: One or more errors occurred. (Unable to connect to the remote server)
[ObsWS:info] 10:11:15.027 Reconnecting to OBS WebSocket (30000ms backoff)…
[ObsWS:warn] 10:11:17.072 Reconnect failed: One or more errors occurred. (Unable to connect to the remote server)
[ObsWS:info] 10:11:47.082 Reconnecting to OBS WebSocket (30000ms backoff)…
[ObsWS:warn] 10:11:49.128 Reconnect failed: One or more errors occurred. (Unable to connect to the remote server)
[ObsWS:info] 10:12:19.136 Reconnecting to OBS WebSocket (30000ms backoff)…
[ObsWS:warn] 10:12:21.198 Reconnect failed: One or more errors occurred. (Unable to connect to the remote server)
[ObsWS:info] 10:12:51.201 Reconnecting to OBS WebSocket (30000ms backoff)…
[ObsWS:warn] 10:12:53.235 Reconnect failed: One or more errors occurred. (Unable to connect to the remote server)
[ObsWS:info] 10:13:23.250 Reconnecting to OBS WebSocket (30000ms backoff)…
[ObsWS:warn] 10:13:25.297 Reconnect failed: One or more errors occurred. (Unable to connect to the remote server)
[ObsWS:info] 10:13:55.308 Reconnecting to OBS WebSocket (30000ms backoff)…
[ObsWS:warn] 10:13:57.353 Reconnect failed: One or more errors occurred. (Unable to connect to the remote server)
[ObsWS:info] 10:14:27.357 Reconnecting to OBS WebSocket (30000ms backoff)…
[ObsWS:warn] 10:14:29.405 Reconnect failed: One or more errors occurred. (Unable to connect to the remote server)
[ObsWS:info] 10:14:59.416 Reconnecting to OBS WebSocket (30000ms backoff)…
[ObsWS:warn] 10:15:01.430 Reconnect failed: One or more errors occurred. (Unable to connect to the remote server)
[ObsWS:info] 10:15:31.431 Reconnecting to OBS WebSocket (30000ms backoff)…
[ObsWS:warn] 10:15:33.462 Reconnect failed: One or more errors occurred. (Unable to connect to the remote server)
[ObsWS:info] 10:16:03.465 Reconnecting to OBS WebSocket (30000ms backoff)…
[ObsWS:warn] 10:16:05.480 Reconnect failed: One or more errors occurred. (Unable to connect to the remote server)
[ObsWS:info] 10:16:35.485 Reconnecting to OBS WebSocket (30000ms backoff)…
[ObsWS:warn] 10:16:37.510 Reconnect failed: One or more errors occurred. (Unable to connect to the remote server)
[ObsWS:info] 10:17:07.517 Reconnecting to OBS WebSocket (30000ms backoff)…
[ObsWS:warn] 10:17:09.552 Reconnect failed: One or more errors occurred. (Unable to connect to the remote server)
[ObsWS:info] 10:17:39.558 Reconnecting to OBS WebSocket (30000ms backoff)…
[ObsWS:warn] 10:17:41.595 Reconnect failed: One or more errors occurred. (Unable to connect to the remote server)
[ObsWS:info] 10:18:11.607 Reconnecting to OBS WebSocket (30000ms backoff)…
[ObsWS:warn] 10:18:13.636 Reconnect failed: One or more errors occurred. (Unable to connect to the remote server)
[ObsWS:info] 10:18:43.649 Reconnecting to OBS WebSocket (30000ms backoff)…
[ObsWS:warn] 10:18:45.680 Reconnect failed: One or more errors occurred. (Unable to connect to the remote server)
[ObsWS:info] 10:19:15.685 Reconnecting to OBS WebSocket (30000ms backoff)…
[ObsWS:warn] 10:19:17.718 Reconnect failed: One or more errors occurred. (Unable to connect to the remote server)
[ObsWS:info] 10:19:47.730 Reconnecting to OBS WebSocket (30000ms backoff)…
[ObsWS:warn] 10:19:49.751 Reconnect failed: One or more errors occurred. (Unable to connect to the remote server)
[ObsWS:info] 10:20:19.767 Reconnecting to OBS WebSocket (30000ms backoff)…
[ObsWS:warn] 10:20:21.793 Reconnect failed: One or more errors occurred. (Unable to connect to the remote server)
[ObsWS:info] 10:20:51.801 Reconnecting to OBS WebSocket (30000ms backoff)…
[ObsWS:warn] 10:20:53.849 Reconnect failed: One or more errors occurred. (Unable to connect to the remote server)
[ObsWS:info] 10:21:23.860 Reconnecting to OBS WebSocket (30000ms backoff)…
[ObsWS:warn] 10:21:25.922 Reconnect failed: One or more errors occurred. (Unable to connect to the remote server)
[ObsWS:info] 10:21:55.937 Reconnecting to OBS WebSocket (30000ms backoff)…
[ObsWS:warn] 10:21:57.995 Reconnect failed: One or more errors occurred. (Unable to connect to the remote server)
[ObsWS:info] 10:22:28.001 Reconnecting to OBS WebSocket (30000ms backoff)…
[ObsWS:warn] 10:22:30.047 Reconnect failed: One or more errors occurred. (Unable to connect to the remote server)
[ObsWS:info] 10:23:00.060 Reconnecting to OBS WebSocket (30000ms backoff)…
[ObsWS:warn] 10:23:02.105 Reconnect failed: One or more errors occurred. (Unable to connect to the remote server)
[ObsWS:info] 10:23:32.111 Reconnecting to OBS WebSocket (30000ms backoff)…
[ObsWS:warn] 10:23:34.171 Reconnect failed: One or more errors occurred. (Unable to connect to the remote server)
[ObsWS:info] 10:24:04.174 Reconnecting to OBS WebSocket (30000ms backoff)…
[ObsWS:warn] 10:24:06.218 Reconnect failed: One or more errors occurred. (Unable to connect to the remote server)
[ObsWS:info] 10:24:36.221 Reconnecting to OBS WebSocket (30000ms backoff)…
[ObsWS:warn] 10:24:38.266 Reconnect failed: One or more errors occurred. (Unable to connect to the remote server)
[ObsWS:info] 10:25:08.278 Reconnecting to OBS WebSocket (30000ms backoff)…
[ObsWS:warn] 10:25:10.337 Reconnect failed: One or more errors occurred. (Unable to connect to the remote server)
[ObsWS:info] 10:25:40.345 Reconnecting to OBS WebSocket (30000ms backoff)…
[ObsWS:warn] 10:25:42.378 Reconnect failed: One or more errors occurred. (Unable to connect to the remote server)
[ObsWS:info] 10:26:12.381 Reconnecting to OBS WebSocket (30000ms backoff)…
[ObsWS:warn] 10:26:14.429 Reconnect failed: One or more errors occurred. (Unable to connect to the remote server)
[ObsWS:info] 10:26:44.436 Reconnecting to OBS WebSocket (30000ms backoff)…
[ObsWS:warn] 10:26:46.467 Reconnect failed: One or more errors occurred. (Unable to connect to the remote server)
[ObsWS:info] 10:27:16.482 Reconnecting to OBS WebSocket (30000ms backoff)…
[ObsWS:warn] 10:27:18.540 Reconnect failed: One or more errors occurred. (Unable to connect to the remote server)
[ObsWS:info] 10:27:48.541 Reconnecting to OBS WebSocket (30000ms backoff)…
[ObsWS:warn] 10:27:50.601 Reconnect failed: One or more errors occurred. (Unable to connect to the remote server)
[ObsWS:info] 10:28:20.615 Reconnecting to OBS WebSocket (30000ms backoff)…
[ObsWS:warn] 10:28:22.659 Reconnect failed: One or more errors occurred. (Unable to connect to the remote server)
[ObsWS:info] 10:28:52.669 Reconnecting to OBS WebSocket (30000ms backoff)…
[ObsWS:warn] 10:28:54.714 Reconnect failed: One or more errors occurred. (Unable to connect to the remote server)
[ObsWS:info] 10:29:24.721 Reconnecting to OBS WebSocket (30000ms backoff)…
[ObsWS:warn] 10:29:26.776 Reconnect failed: One or more errors occurred. (Unable to connect to the remote server)
[ObsWS:info] 10:29:56.784 Reconnecting to OBS WebSocket (30000ms backoff)…
[ObsWS:warn] 10:29:58.806 Reconnect failed: One or more errors occurred. (Unable to connect to the remote server)
[ObsWS:info] 10:30:28.810 Reconnecting to OBS WebSocket (30000ms backoff)…
[ObsWS:warn] 10:30:30.833 Reconnect failed: One or more errors occurred. (Unable to connect to the remote server)
[ObsWS:info] 10:31:00.833 Reconnecting to OBS WebSocket (30000ms backoff)…
[ObsWS:warn] 10:31:02.877 Reconnect failed: One or more errors occurred. (Unable to connect to the remote server)
[ObsWS:info] 10:31:32.884 Reconnecting to OBS WebSocket (30000ms backoff)…
[ObsWS:warn] 10:31:34.928 Reconnect failed: One or more errors occurred. (Unable to connect to the remote server)
[ObsWS:info] 10:32:04.935 Reconnecting to OBS WebSocket (30000ms backoff)…
[ObsWS:warn] 10:32:06.970 Reconnect failed: One or more errors occurred. (Unable to connect to the remote server)
[ObsWS:info] 10:32:36.974 Reconnecting to OBS WebSocket (30000ms backoff)…
[ObsWS:warn] 10:32:39.018 Reconnect failed: One or more errors occurred. (Unable to connect to the remote server)
[ObsWS:info] 10:33:09.021 Reconnecting to OBS WebSocket (30000ms backoff)…
[ObsWS:warn] 10:33:11.047 Reconnect failed: One or more errors occurred. (Unable to connect to the remote server)
[ObsWS:info] 10:33:41.057 Reconnecting to OBS WebSocket (30000ms backoff)…
[ObsWS:warn] 10:33:43.117 Reconnect failed: One or more errors occurred. (Unable to connect to the remote server)
[ObsWS:info] 10:34:13.131 Reconnecting to OBS WebSocket (30000ms backoff)…
[ObsWS:warn] 10:34:15.188 Reconnect failed: One or more errors occurred. (Unable to connect to the remote server)
[ObsWS:info] 10:34:45.202 Reconnecting to OBS WebSocket (30000ms backoff)…
[ObsWS:warn] 10:34:47.210 Reconnect failed: One or more errors occurred. (Unable to connect to the remote server)
[ObsWS:info] 10:35:17.219 Reconnecting to OBS WebSocket (30000ms backoff)…
[ObsWS:warn] 10:35:19.265 Reconnect failed: One or more errors occurred. (Unable to connect to the remote server)
[ObsWS:info] 10:35:49.267 Reconnecting to OBS WebSocket (30000ms backoff)…
[ObsWS:warn] 10:35:51.314 Reconnect failed: One or more errors occurred. (Unable to connect to the remote server)
[ObsWS:info] 10:36:21.315 Reconnecting to OBS WebSocket (30000ms backoff)…
[ObsWS:warn] 10:36:23.361 Reconnect failed: One or more errors occurred. (Unable to connect to the remote server)
[ObsWS:info] 10:36:53.375 Reconnecting to OBS WebSocket (30000ms backoff)…
[ObsWS:warn] 10:36:55.419 Reconnect failed: One or more errors occurred. (Unable to connect to the remote server)
[ObsWS:info] 10:37:25.419 Reconnecting to OBS WebSocket (30000ms backoff)…
[ObsWS:warn] 10:37:27.469 Reconnect failed: One or more errors occurred. (Unable to connect to the remote server)
[ObsWS:info] 10:37:57.479 Reconnecting to OBS WebSocket (30000ms backoff)…
[ObsWS:warn] 10:37:59.534 Reconnect failed: One or more errors occurred. (Unable to connect to the remote server)
[ObsWS:info] 10:38:29.542 Reconnecting to OBS WebSocket (30000ms backoff)…
[ObsWS:warn] 10:38:31.585 Reconnect failed: One or more errors occurred. (Unable to connect to the remote server)
[ObsWS:info] 10:39:01.599 Reconnecting to OBS WebSocket (30000ms backoff)…
[ObsWS:warn] 10:39:03.657 Reconnect failed: One or more errors occurred. (Unable to connect to the remote server)
[ObsWS:info] 10:39:33.670 Reconnecting to OBS WebSocket (30000ms backoff)…
[ObsWS:warn] 10:39:35.717 Reconnect failed: One or more errors occurred. (Unable to connect to the remote server)
[ObsWS:info] 10:40:05.720 Reconnecting to OBS WebSocket (30000ms backoff)…
[ObsWS:warn] 10:40:07.762 Reconnect failed: One or more errors occurred. (Unable to connect to the remote server)
[ObsWS:info] 10:40:37.763 Reconnecting to OBS WebSocket (30000ms backoff)…
[ObsWS:warn] 10:40:39.778 Reconnect failed: One or more errors occurred. (Unable to connect to the remote server)
[ObsWS:info] 10:41:09.790 Reconnecting to OBS WebSocket (30000ms backoff)…
[ObsWS:warn] 10:41:11.849 Reconnect failed: One or more errors occurred. (Unable to connect to the remote server)
[ObsWS:info] 10:41:41.850 Reconnecting to OBS WebSocket (30000ms backoff)…
[ObsWS:warn] 10:41:43.880 Reconnect failed: One or more errors occurred. (Unable to connect to the remote server)
[ObsWS:info] 10:42:13.893 Reconnecting to OBS WebSocket (30000ms backoff)…
[ObsWS:warn] 10:42:15.939 Reconnect failed: One or more errors occurred. (Unable to connect to the remote server)
[ObsWS:info] 10:42:45.941 Reconnecting to OBS WebSocket (30000ms backoff)…
[ObsWS:warn] 10:42:47.985 Reconnect failed: One or more errors occurred. (Unable to connect to the remote server)
[ObsWS:info] 10:43:17.991 Reconnecting to OBS WebSocket (30000ms backoff)…
[ObsWS:warn] 10:43:20.051 Reconnect failed: One or more errors occurred. (Unable to connect to the remote server)
[ObsWS:info] 10:43:50.059 Reconnecting to OBS WebSocket (30000ms backoff)…
[ObsWS:warn] 10:43:52.105 Reconnect failed: One or more errors occurred. (Unable to connect to the remote server)
[ObsWS:info] 10:44:22.109 Reconnecting to OBS WebSocket (30000ms backoff)…
[ObsWS:warn] 10:44:24.156 Reconnect failed: One or more errors occurred. (Unable to connect to the remote server)
[ObsWS:info] 10:44:54.169 Reconnecting to OBS WebSocket (30000ms backoff)…
[ObsWS:warn] 10:44:56.202 Reconnect failed: One or more errors occurred. (Unable to connect to the remote server)
[ObsWS:info] 10:45:26.209 Reconnecting to OBS WebSocket (30000ms backoff)…
[ObsWS:warn] 10:45:28.253 Reconnect failed: One or more errors occurred. (Unable to connect to the remote server)
[ObsWS:info] 10:45:58.258 Reconnecting to OBS WebSocket (30000ms backoff)…
[ObsWS:warn] 10:46:00.317 Reconnect failed: One or more errors occurred. (Unable to connect to the remote server)
[ObsWS:info] 10:46:30.320 Reconnecting to OBS WebSocket (30000ms backoff)…
[ObsWS:warn] 10:46:32.372 Reconnect failed: One or more errors occurred. (Unable to connect to the remote server)
[ObsWS:info] 10:47:02.377 Reconnecting to OBS WebSocket (30000ms backoff)…
[ObsWS:warn] 10:47:04.423 Reconnect failed: One or more errors occurred. (Unable to connect to the remote server)
[ObsWS:info] 10:47:34.425 Reconnecting to OBS WebSocket (30000ms backoff)…
[ObsWS:warn] 10:47:36.482 Reconnect failed: One or more errors occurred. (Unable to connect to the remote server)
[ObsWS:info] 10:48:06.483 Reconnecting to OBS WebSocket (30000ms backoff)…
[ObsWS:warn] 10:48:08.536 Reconnect failed: One or more errors occurred. (Unable to connect to the remote server)
[ObsWS:info] 10:48:38.537 Reconnecting to OBS WebSocket (30000ms backoff)…
[ObsWS:warn] 10:48:40.567 Reconnect failed: One or more errors occurred. (Unable to connect to the remote server)
[ObsWS:info] 10:49:10.580 Reconnecting to OBS WebSocket (30000ms backoff)…
[ObsWS:warn] 10:49:12.610 Reconnect failed: One or more errors occurred. (Unable to connect to the remote server)
[ObsWS:info] 10:49:42.622 Reconnecting to OBS WebSocket (30000ms backoff)…
[ObsWS:warn] 10:49:44.679 Reconnect failed: One or more errors occurred. (Unable to connect to the remote server)
[ObsWS:info] 10:50:14.681 Reconnecting to OBS WebSocket (30000ms backoff)…
[ObsWS:warn] 10:50:16.739 Reconnect failed: One or more errors occurred. (Unable to connect to the remote server)
[ObsWS:info] 10:50:46.739 Reconnecting to OBS WebSocket (30000ms backoff)…
[ObsWS:warn] 10:50:48.760 Reconnect failed: One or more errors occurred. (Unable to connect to the remote server)
[ObsWS:info] 10:51:18.774 Reconnecting to OBS WebSocket (30000ms backoff)…
[ObsWS:warn] 10:51:20.833 Reconnect failed: One or more errors occurred. (Unable to connect to the remote server)
[ObsWS:info] 10:51:50.847 Reconnecting to OBS WebSocket (30000ms backoff)…
[ObsWS:warn] 10:51:52.872 Reconnect failed: One or more errors occurred. (Unable to connect to the remote server)
[ObsWS:info] 10:52:22.873 Reconnecting to OBS WebSocket (30000ms backoff)…
[ObsWS:warn] 10:52:24.923 Reconnect failed: One or more errors occurred. (Unable to connect to the remote server)
[ObsWS:info] 10:52:54.934 Reconnecting to OBS WebSocket (30000ms backoff)…
[ObsWS:warn] 10:52:56.976 Reconnect failed: One or more errors occurred. (Unable to connect to the remote server)
[ObsWS:info] 10:53:26.977 Reconnecting to OBS WebSocket (30000ms backoff)…
[ObsWS:warn] 10:53:29.000 Reconnect failed: One or more errors occurred. (Unable to connect to the remote server)
[ObsWS:info] 10:53:59.014 Reconnecting to OBS WebSocket (30000ms backoff)…
[ObsWS:warn] 10:54:01.060 Reconnect failed: One or more errors occurred. (Unable to connect to the remote server)
[ObsWS:info] 10:54:31.072 Reconnecting to OBS WebSocket (30000ms backoff)…
[ObsWS:warn] 10:54:33.095 Reconnect failed: One or more errors occurred. (Unable to connect to the remote server)
[ObsWS:info] 10:55:03.111 Reconnecting to OBS WebSocket (30000ms backoff)…
[ObsWS:warn] 10:55:05.154 Reconnect failed: One or more errors occurred. (Unable to connect to the remote server)
[ObsWS:info] 10:55:35.163 Reconnecting to OBS WebSocket (30000ms backoff)…
[ObsWS:warn] 10:55:37.224 Reconnect failed: One or more errors occurred. (Unable to connect to the remote server)
[ObsWS:info] 10:56:07.227 Reconnecting to OBS WebSocket (30000ms backoff)…
[ObsWS:warn] 10:56:09.272 Reconnect failed: One or more errors occurred. (Unable to connect to the remote server)
[ObsWS:info] 10:56:39.275 Reconnecting to OBS WebSocket (30000ms backoff)…
[ObsWS:warn] 10:56:41.333 Reconnect failed: One or more errors occurred. (Unable to connect to the remote server)
[ObsWS:info] 10:57:11.347 Reconnecting to OBS WebSocket (30000ms backoff)…
[ObsWS:warn] 10:57:13.379 Reconnect failed: One or more errors occurred. (Unable to connect to the remote server)
[ObsWS:info] 10:57:43.388 Reconnecting to OBS WebSocket (30000ms backoff)…
[ObsWS:warn] 10:57:45.410 Reconnect failed: One or more errors occurred. (Unable to connect to the remote server)
[ObsWS:info] 10:58:15.417 Reconnecting to OBS WebSocket (30000ms backoff)…
[ObsWS:warn] 10:58:17.445 Reconnect failed: One or more errors occurred. (Unable to connect to the remote server)
[ObsWS:info] 10:58:47.448 Reconnecting to OBS WebSocket (30000ms backoff)…
[ObsWS:warn] 10:58:49.482 Reconnect failed: One or more errors occurred. (Unable to connect to the remote server)
[ObsWS:info] 10:59:19.484 Reconnecting to OBS WebSocket (30000ms backoff)…
[ObsWS:warn] 10:59:21.494 Reconnect failed: One or more errors occurred. (Unable to connect to the remote server)
[ObsWS:info] 10:59:51.506 Reconnecting to OBS WebSocket (30000ms backoff)…
[ObsWS:warn] 10:59:53.534 Reconnect failed: One or more errors occurred. (Unable to connect to the remote server)
[ObsWS:info] 11:00:23.543 Reconnecting to OBS WebSocket (30000ms backoff)…
[ObsWS:warn] 11:00:25.567 Reconnect failed: One or more errors occurred. (Unable to connect to the remote server)
[ObsWS:info] 11:00:55.569 Reconnecting to OBS WebSocket (30000ms backoff)…
[ObsWS:warn] 11:00:57.578 Reconnect failed: One or more errors occurred. (Unable to connect to the remote server)
[ObsWS:info] 11:01:27.580 Reconnecting to OBS WebSocket (30000ms backoff)…
[ObsWS:warn] 11:01:29.604 Reconnect failed: One or more errors occurred. (Unable to connect to the remote server)
[ObsWS:info] 11:01:59.617 Reconnecting to OBS WebSocket (30000ms backoff)…
[ObsWS:warn] 11:02:01.633 Reconnect failed: One or more errors occurred. (Unable to connect to the remote server)
[ObsWS:info] 11:02:31.646 Reconnecting to OBS WebSocket (30000ms backoff)…
[ObsWS:warn] 11:02:33.678 Reconnect failed: One or more errors occurred. (Unable to connect to the remote server)
[ObsWS:info] 11:03:03.693 Reconnecting to OBS WebSocket (30000ms backoff)…
[ObsWS:warn] 11:03:05.738 Reconnect failed: One or more errors occurred. (Unable to connect to the remote server)
[ObsWS:info] 11:03:35.748 Reconnecting to OBS WebSocket (30000ms backoff)…
[ObsWS:warn] 11:03:37.780 Reconnect failed: One or more errors occurred. (Unable to connect to the remote server)
[ObsWS:info] 11:04:07.794 Reconnecting to OBS WebSocket (30000ms backoff)…
[ObsWS:warn] 11:04:09.828 Reconnect failed: One or more errors occurred. (Unable to connect to the remote server)
[ObsWS:info] 11:04:39.829 Reconnecting to OBS WebSocket (30000ms backoff)…
[ObsWS:warn] 11:04:41.887 Reconnect failed: One or more errors occurred. (Unable to connect to the remote server)
[ObsWS:info] 11:05:11.893 Reconnecting to OBS WebSocket (30000ms backoff)…
[ObsWS:warn] 11:05:13.934 Reconnect failed: One or more errors occurred. (Unable to connect to the remote server)
[ObsWS:info] 11:05:43.940 Reconnecting to OBS WebSocket (30000ms backoff)…
[ObsWS:warn] 11:05:45.984 Reconnect failed: One or more errors occurred. (Unable to connect to the remote server)
[ObsWS:info] 11:06:15.995 Reconnecting to OBS WebSocket (30000ms backoff)…
[ObsWS:warn] 11:06:18.006 Reconnect failed: One or more errors occurred. (Unable to connect to the remote server)
[ObsWS:info] 11:06:48.007 Reconnecting to OBS WebSocket (30000ms backoff)…
[ObsWS:warn] 11:06:50.035 Reconnect failed: One or more errors occurred. (Unable to connect to the remote server)
[ObsWS:info] 11:07:20.039 Reconnecting to OBS WebSocket (30000ms backoff)…
[ObsWS:warn] 11:07:22.066 Reconnect failed: One or more errors occurred. (Unable to connect to the remote server)
[ObsWS:info] 11:07:52.076 Reconnecting to OBS WebSocket (30000ms backoff)…
[ObsWS:warn] 11:07:54.116 Reconnect failed: One or more errors occurred. (Unable to connect to the remote server)
[ObsWS:info] 11:08:24.120 Reconnecting to OBS WebSocket (30000ms backoff)…
[ObsWS:warn] 11:08:26.130 Reconnect failed: One or more errors occurred. (Unable to connect to the remote server)
[ObsWS:info] 11:08:56.137 Reconnecting to OBS WebSocket (30000ms backoff)…
[ObsWS:warn] 11:08:58.161 Reconnect failed: One or more errors occurred. (Unable to connect to the remote server)
[ObsWS:info] 11:09:28.162 Reconnecting to OBS WebSocket (30000ms backoff)…
[ObsWS:warn] 11:09:30.175 Reconnect failed: One or more errors occurred. (Unable to connect to the remote server)
[ObsWS:info] 11:10:00.190 Reconnecting to OBS WebSocket (30000ms backoff)…
[ObsWS:warn] 11:10:02.214 Reconnect failed: One or more errors occurred. (Unable to connect to the remote server)
[ObsWS:info] 11:10:32.224 Reconnecting to OBS WebSocket (30000ms backoff)…
[ObsWS:warn] 11:10:34.285 Reconnect failed: One or more errors occurred. (Unable to connect to the remote server)
[ObsWS:info] 11:11:04.296 Reconnecting to OBS WebSocket (30000ms backoff)…
[ObsWS:warn] 11:11:06.344 Reconnect failed: One or more errors occurred. (Unable to connect to the remote server)
[ObsWS:info] 11:11:36.352 Reconnecting to OBS WebSocket (30000ms backoff)…
[ObsWS:warn] 11:11:38.386 Reconnect failed: One or more errors occurred. (Unable to connect to the remote server)
[ObsWS:info] 11:12:08.395 Reconnecting to OBS WebSocket (30000ms backoff)…
[ObsWS:warn] 11:12:10.431 Reconnect failed: One or more errors occurred. (Unable to connect to the remote server)
[ObsWS:info] 11:12:40.445 Reconnecting to OBS WebSocket (30000ms backoff)…
[ObsWS:warn] 11:12:42.477 Reconnect failed: One or more errors occurred. (Unable to connect to the remote server)
[ObsWS:info] 11:13:12.486 Reconnecting to OBS WebSocket (30000ms backoff)…
[ObsWS:warn] 11:13:14.515 Reconnect failed: One or more errors occurred. (Unable to connect to the remote server)
[ObsWS:info] 11:13:44.519 Reconnecting to OBS WebSocket (30000ms backoff)…
[ObsWS:warn] 11:13:46.537 Reconnect failed: One or more errors occurred. (Unable to connect to the remote server)
[ObsWS:info] 11:14:16.538 Reconnecting to OBS WebSocket (30000ms backoff)…
[ObsWS:warn] 11:14:18.581 Reconnect failed: One or more errors occurred. (Unable to connect to the remote server)
[ObsWS:info] 11:14:48.596 Reconnecting to OBS WebSocket (30000ms backoff)…
[ObsWS:warn] 11:14:50.639 Reconnect failed: One or more errors occurred. (Unable to connect to the remote server)
[ObsWS:info] 11:15:20.653 Reconnecting to OBS WebSocket (30000ms backoff)…
[ObsWS:warn] 11:15:22.701 Reconnect failed: One or more errors occurred. (Unable to connect to the remote server)
[ObsWS:info] 11:15:52.704 Reconnecting to OBS WebSocket (30000ms backoff)…
[ObsWS:warn] 11:15:54.747 Reconnect failed: One or more errors occurred. (Unable to connect to the remote server)
[ObsWS:info] 11:16:24.759 Reconnecting to OBS WebSocket (30000ms backoff)…
[ObsWS:warn] 11:16:26.803 Reconnect failed: One or more errors occurred. (Unable to connect to the remote server)
[ObsWS:info] 11:16:56.816 Reconnecting to OBS WebSocket (30000ms backoff)…
[ObsWS:warn] 11:16:58.879 Reconnect failed: One or more errors occurred. (Unable to connect to the remote server)
[ObsWS:info] 11:17:28.883 Reconnecting to OBS WebSocket (30000ms backoff)…
[ObsWS:warn] 11:17:30.927 Reconnect failed: One or more errors occurred. (Unable to connect to the remote server)
[ObsWS:info] 11:18:00.937 Reconnecting to OBS WebSocket (30000ms backoff)…
[ObsWS:warn] 11:18:02.979 Reconnect failed: One or more errors occurred. (Unable to connect to the remote server)
[ObsWS:info] 11:18:32.993 Reconnecting to OBS WebSocket (30000ms backoff)…
[ObsWS:warn] 11:18:35.053 Reconnect failed: One or more errors occurred. (Unable to connect to the remote server)
[ObsWS:info] 11:19:05.055 Reconnecting to OBS WebSocket (30000ms backoff)…
[ObsWS:warn] 11:19:07.092 Reconnect failed: One or more errors occurred. (Unable to connect to the remote server)
[ObsWS:info] 11:19:37.099 Reconnecting to OBS WebSocket (30000ms backoff)…
[ObsWS:warn] 11:19:39.135 Reconnect failed: One or more errors occurred. (Unable to connect to the remote server)
[ObsWS:info] 11:20:09.148 Reconnecting to OBS WebSocket (30000ms backoff)…
[ObsWS:warn] 11:20:11.195 Reconnect failed: One or more errors occurred. (Unable to connect to the remote server)
[ObsWS:info] 11:20:41.203 Reconnecting to OBS WebSocket (30000ms backoff)…
[ObsWS:warn] 11:20:43.233 Reconnect failed: One or more errors occurred. (Unable to connect to the remote server)
[ObsWS:info] 11:21:13.241 Reconnecting to OBS WebSocket (30000ms backoff)…
[ObsWS:warn] 11:21:15.265 Reconnect failed: One or more errors occurred. (Unable to connect to the remote server)
[ObsWS:info] 11:21:45.278 Reconnecting to OBS WebSocket (30000ms backoff)…
[ObsWS:warn] 11:21:47.293 Reconnect failed: One or more errors occurred. (Unable to connect to the remote server)
[ObsWS:info] 11:22:17.303 Reconnecting to OBS WebSocket (30000ms backoff)…
[ObsWS:warn] 11:22:19.317 Reconnect failed: One or more errors occurred. (Unable to connect to the remote server)
[ObsWS:info] 11:22:49.324 Reconnecting to OBS WebSocket (30000ms backoff)…
[ObsWS:warn] 11:22:51.349 Reconnect failed: One or more errors occurred. (Unable to connect to the remote server)
[ObsWS:info] 11:23:21.356 Reconnecting to OBS WebSocket (30000ms backoff)…
[ObsWS:warn] 11:23:23.369 Reconnect failed: One or more errors occurred. (Unable to connect to the remote server)
[ObsWS:info] 11:23:53.375 Reconnecting to OBS WebSocket (30000ms backoff)…
[ObsWS:warn] 11:23:55.386 Reconnect failed: One or more errors occurred. (Unable to connect to the remote server)
[ObsWS:info] 11:24:25.398 Reconnecting to OBS WebSocket (30000ms backoff)…
[ObsWS:warn] 11:24:27.417 Reconnect failed: One or more errors occurred. (Unable to connect to the remote server)
[ObsWS:info] 11:24:57.428 Reconnecting to OBS WebSocket (30000ms backoff)…
[ObsWS:warn] 11:24:59.454 Reconnect failed: One or more errors occurred. (Unable to connect to the remote server)
[ObsWS:info] 11:25:29.458 Reconnecting to OBS WebSocket (30000ms backoff)…
[ObsWS:warn] 11:25:31.505 Reconnect failed: One or more errors occurred. (Unable to connect to the remote server)
[ObsWS:info] 11:26:01.507 Reconnecting to OBS WebSocket (30000ms backoff)…
[ObsWS:warn] 11:26:03.534 Reconnect failed: One or more errors occurred. (Unable to connect to the remote server)
[ObsWS:info] 11:26:33.543 Reconnecting to OBS WebSocket (30000ms backoff)…
[ObsWS:warn] 11:26:35.591 Reconnect failed: One or more errors occurred. (Unable to connect to the remote server)
[ObsWS:info] 11:27:05.597 Reconnecting to OBS WebSocket (30000ms backoff)…
[ObsWS:warn] 11:27:07.612 Reconnect failed: One or more errors occurred. (Unable to connect to the remote server)
[ObsWS:info] 11:27:37.624 Reconnecting to OBS WebSocket (30000ms backoff)…
[ObsWS:warn] 11:27:39.655 Reconnect failed: One or more errors occurred. (Unable to connect to the remote server)
[ObsWS:info] 11:28:09.657 Reconnecting to OBS WebSocket (30000ms backoff)…
[ObsWS:warn] 11:28:11.682 Reconnect failed: One or more errors occurred. (Unable to connect to the remote server)
[ObsWS:info] 11:28:41.695 Reconnecting to OBS WebSocket (30000ms backoff)…
[ObsWS:warn] 11:28:43.718 Reconnect failed: One or more errors occurred. (Unable to connect to the remote server)
[ObsWS:info] 11:29:13.720 Reconnecting to OBS WebSocket (30000ms backoff)…
[ObsWS:warn] 11:29:15.748 Reconnect failed: One or more errors occurred. (Unable to connect to the remote server)
[ObsWS:info] 11:29:45.758 Reconnecting to OBS WebSocket (30000ms backoff)…
[ObsWS:warn] 11:29:47.772 Reconnect failed: One or more errors occurred. (Unable to connect to the remote server)
[ObsWS:info] 11:30:17.773 Reconnecting to OBS WebSocket (30000ms backoff)…
[ObsWS:warn] 11:30:19.798 Reconnect failed: One or more errors occurred. (Unable to connect to the remote server)
[ObsWS:info] 11:30:49.799 Reconnecting to OBS WebSocket (30000ms backoff)…
[ObsWS:warn] 11:30:51.820 Reconnect failed: One or more errors occurred. (Unable to connect to the remote server)
[ObsWS:info] 11:31:21.823 Reconnecting to OBS WebSocket (30000ms backoff)…
[ObsWS:warn] 11:31:23.839 Reconnect failed: One or more errors occurred. (Unable to connect to the remote server)
[ObsWS:info] 11:31:53.853 Reconnecting to OBS WebSocket (30000ms backoff)…
[ObsWS:warn] 11:31:55.900 Reconnect failed: One or more errors occurred. (Unable to connect to the remote server)
[ObsWS:info] 11:32:25.905 Reconnecting to OBS WebSocket (30000ms backoff)…
[ObsWS:warn] 11:32:27.959 Reconnect failed: One or more errors occurred. (Unable to connect to the remote server)
[ObsWS:info] 11:32:57.967 Reconnecting to OBS WebSocket (30000ms backoff)…
[ObsWS:warn] 11:33:00.011 Reconnect failed: One or more errors occurred. (Unable to connect to the remote server)
[ObsWS:info] 11:33:30.012 Reconnecting to OBS WebSocket (30000ms backoff)…
[ObsWS:warn] 11:33:32.048 Reconnect failed: One or more errors occurred. (Unable to connect to the remote server)
[ObsWS:info] 11:34:02.059 Reconnecting to OBS WebSocket (30000ms backoff)…
[ObsWS:warn] 11:34:04.079 Reconnect failed: One or more errors occurred. (Unable to connect to the remote server)
[ObsWS:info] 11:34:34.092 Reconnecting to OBS WebSocket (30000ms backoff)…
[ObsWS:warn] 11:34:36.109 Reconnect failed: One or more errors occurred. (Unable to connect to the remote server)
[ObsWS:info] 11:35:06.121 Reconnecting to OBS WebSocket (30000ms backoff)…
[ObsWS:warn] 11:35:08.134 Reconnect failed: One or more errors occurred. (Unable to connect to the remote server)
[ObsWS:info] 11:35:38.149 Reconnecting to OBS WebSocket (30000ms backoff)…
[ObsWS:warn] 11:35:40.196 Reconnect failed: One or more errors occurred. (Unable to connect to the remote server)
[ObsWS:info] 11:36:10.202 Reconnecting to OBS WebSocket (30000ms backoff)…
[ObsWS:warn] 11:36:12.216 Reconnect failed: One or more errors occurred. (Unable to connect to the remote server)
[ObsWS:info] 11:36:42.231 Reconnecting to OBS WebSocket (30000ms backoff)…
[ObsWS:warn] 11:36:44.242 Reconnect failed: One or more errors occurred. (Unable to connect to the remote server)
[ObsWS:info] 11:37:14.246 Reconnecting to OBS WebSocket (30000ms backoff)…
[ObsWS:warn] 11:37:16.278 Reconnect failed: One or more errors occurred. (Unable to connect to the remote server)
[ObsWS:info] 11:37:46.289 Reconnecting to OBS WebSocket (30000ms backoff)…
[ObsWS:warn] 11:37:48.336 Reconnect failed: One or more errors occurred. (Unable to connect to the remote server)
[ObsWS:info] 11:38:18.340 Reconnecting to OBS WebSocket (30000ms backoff)…
[ObsWS:warn] 11:38:20.400 Reconnect failed: One or more errors occurred. (Unable to connect to the remote server)
[ObsWS:info] 11:38:50.408 Reconnecting to OBS WebSocket (30000ms backoff)…
[ObsWS:warn] 11:38:52.454 Reconnect failed: One or more errors occurred. (Unable to connect to the remote server)
[ObsWS:info] 11:39:22.456 Reconnecting to OBS WebSocket (30000ms backoff)…
[ObsWS:warn] 11:39:24.501 Reconnect failed: One or more errors occurred. (Unable to connect to the remote server)
[ObsWS:info] 11:39:54.510 Reconnecting to OBS WebSocket (30000ms backoff)…
[ObsWS:warn] 11:39:56.541 Reconnect failed: One or more errors occurred. (Unable to connect to the remote server)
[ObsWS:info] 11:40:26.550 Reconnecting to OBS WebSocket (30000ms backoff)…
[ObsWS:warn] 11:40:28.595 Reconnect failed: One or more errors occurred. (Unable to connect to the remote server)
[ObsWS:info] 11:40:58.596 Reconnecting to OBS WebSocket (30000ms backoff)…
[ObsWS:warn] 11:41:00.645 Reconnect failed: One or more errors occurred. (Unable to connect to the remote server)
[ObsWS:info] 11:41:30.657 Reconnecting to OBS WebSocket (30000ms backoff)…
[ObsWS:warn] 11:41:32.688 Reconnect failed: One or more errors occurred. (Unable to connect to the remote server)
[ObsWS:info] 11:42:02.699 Reconnecting to OBS WebSocket (30000ms backoff)…
[ObsWS:warn] 11:42:04.732 Reconnect failed: One or more errors occurred. (Unable to connect to the remote server)
[ObsWS:info] 11:42:34.735 Reconnecting to OBS WebSocket (30000ms backoff)…
[ObsWS:warn] 11:42:36.793 Reconnect failed: One or more errors occurred. (Unable to connect to the remote server)
[ObsWS:info] 11:43:06.804 Reconnecting to OBS WebSocket (30000ms backoff)…
[ObsWS:warn] 11:43:08.863 Reconnect failed: One or more errors occurred. (Unable to connect to the remote server)
[ObsWS:info] 11:43:38.870 Reconnecting to OBS WebSocket (30000ms backoff)…
[ObsWS:warn] 11:43:40.913 Reconnect failed: One or more errors occurred. (Unable to connect to the remote server)
[ObsWS:info] 11:44:10.914 Reconnecting to OBS WebSocket (30000ms backoff)…
[ObsWS:warn] 11:44:12.956 Reconnect failed: One or more errors occurred. (Unable to connect to the remote server)
[ObsWS:info] 11:44:42.967 Reconnecting to OBS WebSocket (30000ms backoff)…
[ObsWS:warn] 11:44:45.000 Reconnect failed: One or more errors occurred. (Unable to connect to the remote server)
[ObsWS:info] 11:45:15.001 Reconnecting to OBS WebSocket (30000ms backoff)…
[ObsWS:warn] 11:45:17.056 Reconnect failed: One or more errors occurred. (Unable to connect to the remote server)
[ObsWS:info] 11:45:47.058 Reconnecting to OBS WebSocket (30000ms backoff)…
[ObsWS:warn] 11:45:49.088 Reconnect failed: One or more errors occurred. (Unable to connect to the remote server)
[ObsWS:info] 11:46:19.092 Reconnecting to OBS WebSocket (30000ms backoff)…
[ObsWS:warn] 11:46:21.137 Reconnect failed: One or more errors occurred. (Unable to connect to the remote server)
[ObsWS:info] 11:46:51.146 Reconnecting to OBS WebSocket (30000ms backoff)…
[ObsWS:warn] 11:46:53.206 Reconnect failed: One or more errors occurred. (Unable to connect to the remote server)
[ObsWS:info] 11:47:23.212 Reconnecting to OBS WebSocket (30000ms backoff)…
[ObsWS:warn] 11:47:25.253 Reconnect failed: One or more errors occurred. (Unable to connect to the remote server)
[ObsWS:info] 11:47:55.258 Reconnecting to OBS WebSocket (30000ms backoff)…
[ObsWS:warn] 11:47:57.289 Reconnect failed: One or more errors occurred. (Unable to connect to the remote server)
[ObsWS:info] 11:48:27.302 Reconnecting to OBS WebSocket (30000ms backoff)…
[ObsWS:warn] 11:48:29.332 Reconnect failed: One or more errors occurred. (Unable to connect to the remote server)
[ObsWS:info] 11:48:59.339 Reconnecting to OBS WebSocket (30000ms backoff)…
[ObsWS:warn] 11:49:01.385 Reconnect failed: One or more errors occurred. (Unable to connect to the remote server)
[ObsWS:info] 11:49:31.396 Reconnecting to OBS WebSocket (30000ms backoff)…
[ObsWS:warn] 11:49:33.424 Reconnect failed: One or more errors occurred. (Unable to connect to the remote server)
[ObsWS:info] 11:50:03.433 Reconnecting to OBS WebSocket (30000ms backoff)…
[ObsWS:warn] 11:50:05.467 Reconnect failed: One or more errors occurred. (Unable to connect to the remote server)
[ObsWS:info] 11:50:35.472 Reconnecting to OBS WebSocket (30000ms backoff)…
[ObsWS:warn] 11:50:37.485 Reconnect failed: One or more errors occurred. (Unable to connect to the remote server)
[ObsWS:info] 11:51:07.496 Reconnecting to OBS WebSocket (30000ms backoff)…
[ObsWS:warn] 11:51:09.533 Reconnect failed: One or more errors occurred. (Unable to connect to the remote server)
[ObsWS:info] 11:51:39.547 Reconnecting to OBS WebSocket (30000ms backoff)…
[ObsWS:warn] 11:51:41.606 Reconnect failed: One or more errors occurred. (Unable to connect to the remote server)
[ObsWS:info] 11:52:11.617 Reconnecting to OBS WebSocket (30000ms backoff)…
[ObsWS:warn] 11:52:13.660 Reconnect failed: One or more errors occurred. (Unable to connect to the remote server)
[ObsWS:info] 11:52:43.661 Reconnecting to OBS WebSocket (30000ms backoff)…
[ObsWS:warn] 11:52:45.707 Reconnect failed: One or more errors occurred. (Unable to connect to the remote server)
[ObsWS:info] 11:53:15.717 Reconnecting to OBS WebSocket (30000ms backoff)…
[ObsWS:warn] 11:53:17.764 Reconnect failed: One or more errors occurred. (Unable to connect to the remote server)
[ObsWS:info] 11:53:47.769 Reconnecting to OBS WebSocket (30000ms backoff)…
[ObsWS:warn] 11:53:49.815 Reconnect failed: One or more errors occurred. (Unable to connect to the remote server)
[ObsWS:info] 11:54:19.822 Reconnecting to OBS WebSocket (30000ms backoff)…
[ObsWS:warn] 11:54:21.881 Reconnect failed: One or more errors occurred. (Unable to connect to the remote server)
[ObsWS:info] 11:54:51.896 Reconnecting to OBS WebSocket (30000ms backoff)…
[ObsWS:warn] 11:54:53.958 Reconnect failed: One or more errors occurred. (Unable to connect to the remote server)
[ObsWS:info] 11:55:23.960 Reconnecting to OBS WebSocket (30000ms backoff)…
[ObsWS:warn] 11:55:26.012 Reconnect failed: One or more errors occurred. (Unable to connect to the remote server)
[ObsWS:info] 11:55:56.014 Reconnecting to OBS WebSocket (30000ms backoff)…
[ObsWS:warn] 11:55:58.071 Reconnect failed: One or more errors occurred. (Unable to connect to the remote server)
[ObsWS:info] 11:56:28.072 Reconnecting to OBS WebSocket (30000ms backoff)…
[ObsWS:warn] 11:56:30.112 Reconnect failed: One or more errors occurred. (Unable to connect to the remote server)
[ObsWS:info] 11:57:00.118 Reconnecting to OBS WebSocket (30000ms backoff)…
[ObsWS:warn] 11:57:02.165 Reconnect failed: One or more errors occurred. (Unable to connect to the remote server)
[ObsWS:info] 11:57:32.173 Reconnecting to OBS WebSocket (30000ms backoff)…
[ObsWS:warn] 11:57:34.198 Reconnect failed: One or more errors occurred. (Unable to connect to the remote server)
[ObsWS:info] 11:58:04.200 Reconnecting to OBS WebSocket (30000ms backoff)…
[ObsWS:warn] 11:58:06.241 Reconnect failed: One or more errors occurred. (Unable to connect to the remote server)
[ObsWS:info] 11:58:36.242 Reconnecting to OBS WebSocket (30000ms backoff)…
[ObsWS:warn] 11:58:38.286 Reconnect failed: One or more errors occurred. (Unable to connect to the remote server)
[ObsWS:info] 11:59:08.296 Reconnecting to OBS WebSocket (30000ms backoff)…
[ObsWS:warn] 11:59:10.355 Reconnect failed: One or more errors occurred. (Unable to connect to the remote server)
[ObsWS:info] 11:59:40.367 Reconnecting to OBS WebSocket (30000ms backoff)…
[ObsWS:warn] 11:59:42.404 Reconnect failed: One or more errors occurred. (Unable to connect to the remote server)
[ObsWS:info] 12:00:12.408 Reconnecting to OBS WebSocket (30000ms backoff)…
[ObsWS:warn] 12:00:14.428 Reconnect failed: One or more errors occurred. (Unable to connect to the remote server)
[ObsWS:info] 12:00:44.436 Reconnecting to OBS WebSocket (30000ms backoff)…
[ObsWS:warn] 12:00:46.478 Reconnect failed: One or more errors occurred. (Unable to connect to the remote server)
[ObsWS:info] 12:01:16.490 Reconnecting to OBS WebSocket (30000ms backoff)…
[ObsWS:warn] 12:01:18.546 Reconnect failed: One or more errors occurred. (Unable to connect to the remote server)
[ObsWS:info] 12:01:48.553 Reconnecting to OBS WebSocket (30000ms backoff)…
[ObsWS:warn] 12:01:50.612 Reconnect failed: One or more errors occurred. (Unable to connect to the remote server)
[ObsWS:info] 12:02:20.613 Reconnecting to OBS WebSocket (30000ms backoff)…
[ObsWS:warn] 12:02:22.645 Reconnect failed: One or more errors occurred. (Unable to connect to the remote server)
[ObsWS:info] 12:02:52.657 Reconnecting to OBS WebSocket (30000ms backoff)…
[ObsWS:warn] 12:02:54.707 Reconnect failed: One or more errors occurred. (Unable to connect to the remote server)
[ObsWS:info] 12:03:24.718 Reconnecting to OBS WebSocket (30000ms backoff)…
[ObsWS:warn] 12:03:26.764 Reconnect failed: One or more errors occurred. (Unable to connect to the remote server)
[ObsWS:info] 12:03:56.777 Reconnecting to OBS WebSocket (30000ms backoff)…
[ObsWS:warn] 12:03:58.808 Reconnect failed: One or more errors occurred. (Unable to connect to the remote server)
[ObsWS:info] 12:04:28.815 Reconnecting to OBS WebSocket (30000ms backoff)…
[ObsWS:warn] 12:04:30.845 Reconnect failed: One or more errors occurred. (Unable to connect to the remote server)
[ObsWS:info] 12:05:00.853 Reconnecting to OBS WebSocket (30000ms backoff)…
[ObsWS:warn] 12:05:02.862 Reconnect failed: One or more errors occurred. (Unable to connect to the remote server)
[ObsWS:info] 12:05:32.867 Reconnecting to OBS WebSocket (30000ms backoff)…
[ObsWS:warn] 12:05:34.916 Reconnect failed: One or more errors occurred. (Unable to connect to the remote server)
[ObsWS:info] 12:06:04.919 Reconnecting to OBS WebSocket (30000ms backoff)…
[ObsWS:warn] 12:06:06.980 Reconnect failed: One or more errors occurred. (Unable to connect to the remote server)
[ObsWS:info] 12:06:36.993 Reconnecting to OBS WebSocket (30000ms backoff)…
[ObsWS:warn] 12:06:39.026 Reconnect failed: One or more errors occurred. (Unable to connect to the remote server)
[ObsWS:info] 12:07:09.036 Reconnecting to OBS WebSocket (30000ms backoff)…
[ObsWS:warn] 12:07:11.091 Reconnect failed: One or more errors occurred. (Unable to connect to the remote server)
[ObsWS:info] 12:07:41.094 Reconnecting to OBS WebSocket (30000ms backoff)…
[ObsWS:warn] 12:07:43.108 Reconnect failed: One or more errors occurred. (Unable to connect to the remote server)
[ObsWS:info] 12:08:13.116 Reconnecting to OBS WebSocket (30000ms backoff)…
[ObsWS:warn] 12:08:15.136 Reconnect failed: One or more errors occurred. (Unable to connect to the remote server)
[ObsWS:info] 12:08:45.140 Reconnecting to OBS WebSocket (30000ms backoff)…
[ObsWS:warn] 12:08:47.172 Reconnect failed: One or more errors occurred. (Unable to connect to the remote server)
[ObsWS:info] 12:09:17.177 Reconnecting to OBS WebSocket (30000ms backoff)…
[ObsWS:warn] 12:09:19.194 Reconnect failed: One or more errors occurred. (Unable to connect to the remote server)
[ObsWS:info] 12:09:49.200 Reconnecting to OBS WebSocket (30000ms backoff)…
[ObsWS:warn] 12:09:51.218 Reconnect failed: One or more errors occurred. (Unable to connect to the remote server)
[ObsWS:info] 12:10:21.226 Reconnecting to OBS WebSocket (30000ms backoff)…
[ObsWS:warn] 12:10:23.270 Reconnect failed: One or more errors occurred. (Unable to connect to the remote server)
[ObsWS:info] 12:10:53.271 Reconnecting to OBS WebSocket (30000ms backoff)…
[ObsWS:warn] 12:10:55.331 Reconnect failed: One or more errors occurred. (Unable to connect to the remote server)
[ObsWS:info] 12:11:25.342 Reconnecting to OBS WebSocket (30000ms backoff)…
[ObsWS:warn] 12:11:27.375 Reconnect failed: One or more errors occurred. (Unable to connect to the remote server)
[ObsWS:info] 12:11:57.385 Reconnecting to OBS WebSocket (30000ms backoff)…
[ObsWS:warn] 12:11:59.444 Reconnect failed: One or more errors occurred. (Unable to connect to the remote server)
[ObsWS:info] 12:12:29.458 Reconnecting to OBS WebSocket (30000ms backoff)…
[ObsWS:warn] 12:12:31.519 Reconnect failed: One or more errors occurred. (Unable to connect to the remote server)
[ObsWS:info] 12:13:01.532 Reconnecting to OBS WebSocket (30000ms backoff)…
[ObsWS:warn] 12:13:03.567 Reconnect failed: One or more errors occurred. (Unable to connect to the remote server)
[ObsWS:info] 12:13:33.571 Reconnecting to OBS WebSocket (30000ms backoff)…
[ObsWS:warn] 12:13:35.616 Reconnect failed: One or more errors occurred. (Unable to connect to the remote server)
[ObsWS:info] 12:14:05.617 Reconnecting to OBS WebSocket (30000ms backoff)…
[ObsWS:warn] 12:14:07.647 Reconnect failed: One or more errors occurred. (Unable to connect to the remote server)
[ObsWS:info] 12:14:37.660 Reconnecting to OBS WebSocket (30000ms backoff)…
[ObsWS:warn] 12:14:39.683 Reconnect failed: One or more errors occurred. (Unable to connect to the remote server)
[ObsWS:info] 12:15:09.695 Reconnecting to OBS WebSocket (30000ms backoff)…
[ObsWS:warn] 12:15:11.743 Reconnect failed: One or more errors occurred. (Unable to connect to the remote server)
[ObsWS:info] 12:15:41.757 Reconnecting to OBS WebSocket (30000ms backoff)…
[ObsWS:warn] 12:15:43.791 Reconnect failed: One or more errors occurred. (Unable to connect to the remote server)
[ObsWS:info] 12:16:13.802 Reconnecting to OBS WebSocket (30000ms backoff)…
[ObsWS:warn] 12:16:15.849 Reconnect failed: One or more errors occurred. (Unable to connect to the remote server)
[ObsWS:info] 12:16:45.863 Reconnecting to OBS WebSocket (30000ms backoff)…
[ObsWS:warn] 12:16:47.923 Reconnect failed: One or more errors occurred. (Unable to connect to the remote server)
[ObsWS:info] 12:17:17.927 Reconnecting to OBS WebSocket (30000ms backoff)…
[ObsWS:warn] 12:17:19.986 Reconnect failed: One or more errors occurred. (Unable to connect to the remote server)
[ObsWS:info] 12:17:49.989 Reconnecting to OBS WebSocket (30000ms backoff)…
[ObsWS:warn] 12:17:52.010 Reconnect failed: One or more errors occurred. (Unable to connect to the remote server)
[ObsWS:info] 12:18:22.025 Reconnecting to OBS WebSocket (30000ms backoff)…
[ObsWS:warn] 12:18:24.071 Reconnect failed: One or more errors occurred. (Unable to connect to the remote server)
[ObsWS:info] 12:18:54.072 Reconnecting to OBS WebSocket (30000ms backoff)…
[ObsWS:warn] 12:18:56.081 Reconnect failed: One or more errors occurred. (Unable to connect to the remote server)
[ObsWS:info] 12:19:26.084 Reconnecting to OBS WebSocket (30000ms backoff)…
[ObsWS:warn] 12:19:28.131 Reconnect failed: One or more errors occurred. (Unable to connect to the remote server)
[ObsWS:info] 12:19:58.136 Reconnecting to OBS WebSocket (30000ms backoff)…
[ObsWS:warn] 12:20:00.194 Reconnect failed: One or more errors occurred. (Unable to connect to the remote server)
[ObsWS:info] 12:20:30.207 Reconnecting to OBS WebSocket (30000ms backoff)…
[ObsWS:warn] 12:20:32.251 Reconnect failed: One or more errors occurred. (Unable to connect to the remote server)
[ObsWS:info] 12:21:02.255 Reconnecting to OBS WebSocket (30000ms backoff)…
[ObsWS:warn] 12:21:04.292 Reconnect failed: One or more errors occurred. (Unable to connect to the remote server)
[ObsWS:info] 12:21:34.307 Reconnecting to OBS WebSocket (30000ms backoff)…
[ObsWS:warn] 12:21:36.351 Reconnect failed: One or more errors occurred. (Unable to connect to the remote server)
[ObsWS:info] 12:22:06.366 Reconnecting to OBS WebSocket (30000ms backoff)…
[ObsWS:warn] 12:22:08.413 Reconnect failed: One or more errors occurred. (Unable to connect to the remote server)
[ObsWS:info] 12:22:38.428 Reconnecting to OBS WebSocket (30000ms backoff)…
[ObsWS:warn] 12:22:40.470 Reconnect failed: One or more errors occurred. (Unable to connect to the remote server)
[ObsWS:info] 12:23:10.473 Reconnecting to OBS WebSocket (30000ms backoff)…
[ObsWS:warn] 12:23:12.532 Reconnect failed: One or more errors occurred. (Unable to connect to the remote server)
[ObsWS:info] 12:23:42.535 Reconnecting to OBS WebSocket (30000ms backoff)…
[ObsWS:warn] 12:23:44.578 Reconnect failed: One or more errors occurred. (Unable to connect to the remote server)
[ObsWS:info] 12:24:14.589 Reconnecting to OBS WebSocket (30000ms backoff)…
[ObsWS:warn] 12:24:16.632 Reconnect failed: One or more errors occurred. (Unable to connect to the remote server)
[ObsWS:info] 12:24:46.644 Reconnecting to OBS WebSocket (30000ms backoff)…
[ObsWS:warn] 12:24:48.692 Reconnect failed: One or more errors occurred. (Unable to connect to the remote server)
[ObsWS:info] 12:25:18.704 Reconnecting to OBS WebSocket (30000ms backoff)…
[ObsWS:warn] 12:25:20.750 Reconnect failed: One or more errors occurred. (Unable to connect to the remote server)
[ObsWS:info] 12:25:50.757 Reconnecting to OBS WebSocket (30000ms backoff)…
[ObsWS:warn] 12:25:52.784 Reconnect failed: One or more errors occurred. (Unable to connect to the remote server)
[ObsWS:info] 12:26:22.791 Reconnecting to OBS WebSocket (30000ms backoff)…
[ObsWS:warn] 12:26:24.834 Reconnect failed: One or more errors occurred. (Unable to connect to the remote server)
[ObsWS:info] 12:26:54.847 Reconnecting to OBS WebSocket (30000ms backoff)…
[ObsWS:warn] 12:26:56.886 Reconnect failed: One or more errors occurred. (Unable to connect to the remote server)
[ObsWS:info] 12:27:26.895 Reconnecting to OBS WebSocket (30000ms backoff)…
[ObsWS:warn] 12:27:28.913 Reconnect failed: One or more errors occurred. (Unable to connect to the remote server)
[ObsWS:info] 12:27:58.914 Reconnecting to OBS WebSocket (30000ms backoff)…
[ObsWS:warn] 12:28:00.938 Reconnect failed: One or more errors occurred. (Unable to connect to the remote server)
[ObsWS:info] 12:28:30.953 Reconnecting to OBS WebSocket (30000ms backoff)…
[ObsWS:warn] 12:28:32.984 Reconnect failed: One or more errors occurred. (Unable to connect to the remote server)
[ObsWS:info] 12:29:02.996 Reconnecting to OBS WebSocket (30000ms backoff)…
[ObsWS:warn] 12:29:05.022 Reconnect failed: One or more errors occurred. (Unable to connect to the remote server)
[ObsWS:info] 12:29:35.027 Reconnecting to OBS WebSocket (30000ms backoff)…
[ObsWS:warn] 12:29:37.066 Reconnect failed: One or more errors occurred. (Unable to connect to the remote server)
[ObsWS:info] 12:30:07.072 Reconnecting to OBS WebSocket (30000ms backoff)…
[ObsWS:warn] 12:30:09.127 Reconnect failed: One or more errors occurred. (Unable to connect to the remote server)
[ObsWS:info] 12:30:39.128 Reconnecting to OBS WebSocket (30000ms backoff)…
[ObsWS:warn] 12:30:41.173 Reconnect failed: One or more errors occurred. (Unable to connect to the remote server)
[ObsWS:info] 12:31:11.184 Reconnecting to OBS WebSocket (30000ms backoff)…
[ObsWS:warn] 12:31:13.244 Reconnect failed: One or more errors occurred. (Unable to connect to the remote server)
[ObsWS:info] 12:31:43.257 Reconnecting to OBS WebSocket (30000ms backoff)…
[ObsWS:warn] 12:31:45.303 Reconnect failed: One or more errors occurred. (Unable to connect to the remote server)
[ObsWS:info] 12:32:15.307 Reconnecting to OBS WebSocket (30000ms backoff)…
[ObsWS:warn] 12:32:17.354 Reconnect failed: One or more errors occurred. (Unable to connect to the remote server)
[ObsWS:info] 12:32:47.357 Reconnecting to OBS WebSocket (30000ms backoff)…
[ObsWS:warn] 12:32:49.416 Reconnect failed: One or more errors occurred. (Unable to connect to the remote server)
[ObsWS:info] 12:33:19.419 Reconnecting to OBS WebSocket (30000ms backoff)…
[ObsWS:warn] 12:33:21.465 Reconnect failed: One or more errors occurred. (Unable to connect to the remote server)
[ObsWS:info] 12:33:51.468 Reconnecting to OBS WebSocket (30000ms backoff)…
[ObsWS:warn] 12:33:53.485 Reconnect failed: One or more errors occurred. (Unable to connect to the remote server)
[ObsWS:info] 12:34:23.489 Reconnecting to OBS WebSocket (30000ms backoff)…
[ObsWS:warn] 12:34:25.508 Reconnect failed: One or more errors occurred. (Unable to connect to the remote server)
[ObsWS:info] 12:34:55.514 Reconnecting to OBS WebSocket (30000ms backoff)…
[ObsWS:warn] 12:34:57.549 Reconnect failed: One or more errors occurred. (Unable to connect to the remote server)
[ObsWS:info] 12:35:27.550 Reconnecting to OBS WebSocket (30000ms backoff)…
[ObsWS:warn] 12:35:29.583 Reconnect failed: One or more errors occurred. (Unable to connect to the remote server)
[ObsWS:info] 12:35:59.594 Reconnecting to OBS WebSocket (30000ms backoff)…
[ObsWS:warn] 12:36:01.628 Reconnect failed: One or more errors occurred. (Unable to connect to the remote server)
[ObsWS:info] 12:36:31.629 Reconnecting to OBS WebSocket (30000ms backoff)…
[ObsWS:warn] 12:36:33.686 Reconnect failed: One or more errors occurred. (Unable to connect to the remote server)
[ObsWS:info] 12:37:03.695 Reconnecting to OBS WebSocket (30000ms backoff)…
[ObsWS:warn] 12:37:05.756 Reconnect failed: One or more errors occurred. (Unable to connect to the remote server)
[ObsWS:info] 12:37:35.760 Reconnecting to OBS WebSocket (30000ms backoff)…
[ObsWS:warn] 12:37:37.817 Reconnect failed: One or more errors occurred. (Unable to connect to the remote server)
[ObsWS:info] 12:38:07.831 Reconnecting to OBS WebSocket (30000ms backoff)…
[ObsWS:warn] 12:38:09.878 Reconnect failed: One or more errors occurred. (Unable to connect to the remote server)
[ObsWS:info] 12:38:39.883 Reconnecting to OBS WebSocket (30000ms backoff)…
[ObsWS:warn] 12:38:41.925 Reconnect failed: One or more errors occurred. (Unable to connect to the remote server)
[ObsWS:info] 12:39:11.941 Reconnecting to OBS WebSocket (30000ms backoff)…
[ObsWS:warn] 12:39:13.984 Reconnect failed: One or more errors occurred. (Unable to connect to the remote server)
[ObsWS:info] 12:39:43.985 Reconnecting to OBS WebSocket (30000ms backoff)…
[ObsWS:warn] 12:39:46.021 Reconnect failed: One or more errors occurred. (Unable to connect to the remote server)
[ObsWS:info] 12:40:16.030 Reconnecting to OBS WebSocket (30000ms backoff)…
[ObsWS:warn] 12:40:18.074 Reconnect failed: One or more errors occurred. (Unable to connect to the remote server)
[ObsWS:info] 12:40:48.075 Reconnecting to OBS WebSocket (30000ms backoff)…
[ObsWS:warn] 12:40:50.119 Reconnect failed: One or more errors occurred. (Unable to connect to the remote server)
[ObsWS:info] 12:41:20.121 Reconnecting to OBS WebSocket (30000ms backoff)…
[ObsWS:warn] 12:41:22.155 Reconnect failed: One or more errors occurred. (Unable to connect to the remote server)
[ObsWS:info] 12:41:52.171 Reconnecting to OBS WebSocket (30000ms backoff)…
[ObsWS:warn] 12:41:54.220 Reconnect failed: One or more errors occurred. (Unable to connect to the remote server)
[ObsWS:info] 12:42:24.220 Reconnecting to OBS WebSocket (30000ms backoff)…
[ObsWS:warn] 12:42:26.266 Reconnect failed: One or more errors occurred. (Unable to connect to the remote server)
[ObsWS:info] 12:42:56.274 Reconnecting to OBS WebSocket (30000ms backoff)…
[ObsWS:warn] 12:42:58.318 Reconnect failed: One or more errors occurred. (Unable to connect to the remote server)
[ObsWS:info] 12:43:28.331 Reconnecting to OBS WebSocket (30000ms backoff)…
[ObsWS:warn] 12:43:30.348 Reconnect failed: One or more errors occurred. (Unable to connect to the remote server)
[ObsWS:info] 12:44:00.354 Reconnecting to OBS WebSocket (30000ms backoff)…
[ObsWS:warn] 12:44:02.411 Reconnect failed: One or more errors occurred. (Unable to connect to the remote server)
[ObsWS:info] 12:44:32.415 Reconnecting to OBS WebSocket (30000ms backoff)…
[ObsWS:warn] 12:44:34.463 Reconnect failed: One or more errors occurred. (Unable to connect to the remote server)
[ObsWS:info] 12:45:04.470 Reconnecting to OBS WebSocket (30000ms backoff)…
[ObsWS:warn] 12:45:06.531 Reconnect failed: One or more errors occurred. (Unable to connect to the remote server)
[ObsWS:info] 12:45:36.547 Reconnecting to OBS WebSocket (30000ms backoff)…
[ObsWS:warn] 12:45:38.578 Reconnect failed: One or more errors occurred. (Unable to connect to the remote server)
[ObsWS:info] 12:46:08.583 Reconnecting to OBS WebSocket (30000ms backoff)…
[ObsWS:warn] 12:46:10.613 Reconnect failed: One or more errors occurred. (Unable to connect to the remote server)
[ObsWS:info] 12:46:40.625 Reconnecting to OBS WebSocket (30000ms backoff)…
[ObsWS:warn] 12:46:42.657 Reconnect failed: One or more errors occurred. (Unable to connect to the remote server)
[ObsWS:info] 12:47:12.668 Reconnecting to OBS WebSocket (30000ms backoff)…
[ObsWS:warn] 12:47:14.686 Reconnect failed: One or more errors occurred. (Unable to connect to the remote server)
[ObsWS:info] 12:47:44.701 Reconnecting to OBS WebSocket (30000ms backoff)…
[ObsWS:warn] 12:47:46.732 Reconnect failed: One or more errors occurred. (Unable to connect to the remote server)
[ObsWS:info] 12:48:16.736 Reconnecting to OBS WebSocket (30000ms backoff)…
[ObsWS:warn] 12:48:18.751 Reconnect failed: One or more errors occurred. (Unable to connect to the remote server)
[ObsWS:info] 12:48:48.752 Reconnecting to OBS WebSocket (30000ms backoff)…
[ObsWS:warn] 12:48:50.814 Reconnect failed: One or more errors occurred. (Unable to connect to the remote server)
[ObsWS:info] 12:49:20.841 Reconnecting to OBS WebSocket (30000ms backoff)…
[ObsWS:warn] 12:49:23.454 Reconnect failed: One or more errors occurred. (Unable to connect to the remote server)
[ObsWS:info] 12:49:53.470 Reconnecting to OBS WebSocket (30000ms backoff)…
[ObsWS:warn] 12:49:55.502 Reconnect failed: One or more errors occurred. (Unable to connect to the remote server)
[ObsWS:info] 12:50:25.516 Reconnecting to OBS WebSocket (30000ms backoff)…
[ObsWS:warn] 12:50:27.564 Reconnect failed: One or more errors occurred. (Unable to connect to the remote server)
[ObsWS:info] 12:50:57.572 Reconnecting to OBS WebSocket (30000ms backoff)…
[ObsWS:warn] 12:50:59.621 Reconnect failed: One or more errors occurred. (Unable to connect to the remote server)
[ObsWS:info] 12:51:29.627 Reconnecting to OBS WebSocket (30000ms backoff)…
[ObsWS:warn] 12:51:31.672 Reconnect failed: One or more errors occurred. (Unable to connect to the remote server)
[ObsWS:info] 12:52:01.679 Reconnecting to OBS WebSocket (30000ms backoff)…
[ObsWS:warn] 12:52:03.728 Reconnect failed: One or more errors occurred. (Unable to connect to the remote server)
[ObsWS:info] 12:52:33.740 Reconnecting to OBS WebSocket (30000ms backoff)…
[ObsWS:warn] 12:52:35.774 Reconnect failed: One or more errors occurred. (Unable to connect to the remote server)
[ObsWS:info] 12:53:05.784 Reconnecting to OBS WebSocket (30000ms backoff)…
[ObsWS:warn] 12:53:07.827 Reconnect failed: One or more errors occurred. (Unable to connect to the remote server)
[ObsWS:info] 12:53:37.832 Reconnecting to OBS WebSocket (30000ms backoff)…
[ObsWS:warn] 12:53:39.862 Reconnect failed: One or more errors occurred. (Unable to connect to the remote server)
[ObsWS:info] 12:54:09.867 Reconnecting to OBS WebSocket (30000ms backoff)…
[ObsWS:warn] 12:54:11.895 Reconnect failed: One or more errors occurred. (Unable to connect to the remote server)
[ObsWS:info] 12:54:41.908 Reconnecting to OBS WebSocket (30000ms backoff)…
[ObsWS:warn] 12:54:43.956 Reconnect failed: One or more errors occurred. (Unable to connect to the remote server)
[ObsWS:info] 12:55:13.957 Reconnecting to OBS WebSocket (30000ms backoff)…
[ObsWS:warn] 12:55:15.977 Reconnect failed: One or more errors occurred. (Unable to connect to the remote server)
[ObsWS:info] 12:55:45.989 Reconnecting to OBS WebSocket (30000ms backoff)…
[ObsWS:warn] 12:55:48.036 Reconnect failed: One or more errors occurred. (Unable to connect to the remote server)
[ObsWS:info] 12:56:18.039 Reconnecting to OBS WebSocket (30000ms backoff)…
[ObsWS:warn] 12:56:20.084 Reconnect failed: One or more errors occurred. (Unable to connect to the remote server)
[ObsWS:info] 12:56:50.096 Reconnecting to OBS WebSocket (30000ms backoff)…
[ObsWS:warn] 12:56:52.115 Reconnect failed: One or more errors occurred. (Unable to connect to the remote server)
[ObsWS:info] 12:57:22.117 Reconnecting to OBS WebSocket (30000ms backoff)…
[ObsWS:warn] 12:57:24.178 Reconnect failed: One or more errors occurred. (Unable to connect to the remote server)
[ObsWS:info] 12:57:54.180 Reconnecting to OBS WebSocket (30000ms backoff)…
[ObsWS:warn] 12:57:56.207 Reconnect failed: One or more errors occurred. (Unable to connect to the remote server)
[ObsWS:info] 12:58:26.207 Reconnecting to OBS WebSocket (30000ms backoff)…
[ObsWS:warn] 12:58:28.255 Reconnect failed: One or more errors occurred. (Unable to connect to the remote server)
[ObsWS:info] 12:58:58.271 Reconnecting to OBS WebSocket (30000ms backoff)…
[ObsWS:warn] 12:59:00.330 Reconnect failed: One or more errors occurred. (Unable to connect to the remote server)
[ObsWS:info] 12:59:30.339 Reconnecting to OBS WebSocket (30000ms backoff)…
[ObsWS:warn] 12:59:32.384 Reconnect failed: One or more errors occurred. (Unable to connect to the remote server)
[ObsWS:info] 13:00:02.398 Reconnecting to OBS WebSocket (30000ms backoff)…
[ObsWS:warn] 13:00:04.430 Reconnect failed: One or more errors occurred. (Unable to connect to the remote server)
[ObsWS:info] 13:00:34.443 Reconnecting to OBS WebSocket (30000ms backoff)…
[ObsWS:warn] 13:00:36.480 Reconnect failed: One or more errors occurred. (Unable to connect to the remote server)
[ObsWS:info] 13:01:06.494 Reconnecting to OBS WebSocket (30000ms backoff)…
[ObsWS:warn] 13:01:08.551 Reconnect failed: One or more errors occurred. (Unable to connect to the remote server)
[ObsWS:info] 13:01:38.555 Reconnecting to OBS WebSocket (30000ms backoff)…
[ObsWS:warn] 13:01:40.567 Reconnect failed: One or more errors occurred. (Unable to connect to the remote server)
[ObsWS:info] 13:02:10.580 Reconnecting to OBS WebSocket (30000ms backoff)…
[ObsWS:warn] 13:02:12.639 Reconnect failed: One or more errors occurred. (Unable to connect to the remote server)
[ObsWS:info] 13:02:42.642 Reconnecting to OBS WebSocket (30000ms backoff)…
[ObsWS:warn] 13:02:44.653 Reconnect failed: One or more errors occurred. (Unable to connect to the remote server)
[ObsWS:info] 13:03:14.666 Reconnecting to OBS WebSocket (30000ms backoff)…
[ObsWS:warn] 13:03:16.722 Reconnect failed: One or more errors occurred. (Unable to connect to the remote server)
[ObsWS:info] 13:03:46.731 Reconnecting to OBS WebSocket (30000ms backoff)…
[ObsWS:warn] 13:03:48.751 Reconnect failed: One or more errors occurred. (Unable to connect to the remote server)
[ObsWS:info] 13:04:18.759 Reconnecting to OBS WebSocket (30000ms backoff)…
[ObsWS:warn] 13:04:20.808 Reconnect failed: One or more errors occurred. (Unable to connect to the remote server)
[ObsWS:info] 13:04:50.816 Reconnecting to OBS WebSocket (30000ms backoff)…
[ObsWS:warn] 13:04:52.837 Reconnect failed: One or more errors occurred. (Unable to connect to the remote server)
[ObsWS:info] 13:05:22.844 Reconnecting to OBS WebSocket (30000ms backoff)…
[ObsWS:warn] 13:05:24.884 Reconnect failed: One or more errors occurred. (Unable to connect to the remote server)
[ObsWS:info] 13:05:54.897 Reconnecting to OBS WebSocket (30000ms backoff)…
[ObsWS:warn] 13:05:56.910 Reconnect failed: One or more errors occurred. (Unable to connect to the remote server)
[ObsWS:info] 13:06:26.911 Reconnecting to OBS WebSocket (30000ms backoff)…
[ObsWS:warn] 13:06:28.960 Reconnect failed: One or more errors occurred. (Unable to connect to the remote server)
[ObsWS:info] 13:06:58.961 Reconnecting to OBS WebSocket (30000ms backoff)…
[ObsWS:warn] 13:07:00.996 Reconnect failed: One or more errors occurred. (Unable to connect to the remote server)
[ObsWS:info] 13:07:31.009 Reconnecting to OBS WebSocket (30000ms backoff)…
[ObsWS:warn] 13:07:33.031 Reconnect failed: One or more errors occurred. (Unable to connect to the remote server)
[ObsWS:info] 13:08:03.037 Reconnecting to OBS WebSocket (30000ms backoff)…
[ObsWS:warn] 13:08:05.052 Reconnect failed: One or more errors occurred. (Unable to connect to the remote server)
[ObsWS:info] 13:08:35.059 Reconnecting to OBS WebSocket (30000ms backoff)…
[ObsWS:warn] 13:08:37.084 Reconnect failed: One or more errors occurred. (Unable to connect to the remote server)
[ObsWS:info] 13:09:07.089 Reconnecting to OBS WebSocket (30000ms backoff)…
[ObsWS:warn] 13:09:09.107 Reconnect failed: One or more errors occurred. (Unable to connect to the remote server)
[ObsWS:info] 13:09:39.112 Reconnecting to OBS WebSocket (30000ms backoff)…
[ObsWS:warn] 13:09:41.142 Reconnect failed: One or more errors occurred. (Unable to connect to the remote server)
[ObsWS:info] 13:10:11.144 Reconnecting to OBS WebSocket (30000ms backoff)…
[ObsWS:warn] 13:10:13.162 Reconnect failed: One or more errors occurred. (Unable to connect to the remote server)
[ObsWS:info] 13:10:43.170 Reconnecting to OBS WebSocket (30000ms backoff)…
[ObsWS:warn] 13:10:45.206 Reconnect failed: One or more errors occurred. (Unable to connect to the remote server)
[ObsWS:info] 13:11:15.210 Reconnecting to OBS WebSocket (30000ms backoff)…
[ObsWS:warn] 13:11:17.221 Reconnect failed: One or more errors occurred. (Unable to connect to the remote server)
[ObsWS:info] 13:11:47.229 Reconnecting to OBS WebSocket (30000ms backoff)…
[ObsWS:warn] 13:11:49.262 Reconnect failed: One or more errors occurred. (Unable to connect to the remote server)
[ObsWS:info] 13:12:19.267 Reconnecting to OBS WebSocket (30000ms backoff)…
[ObsWS:warn] 13:12:21.290 Reconnect failed: One or more errors occurred. (Unable to connect to the remote server)
[ObsWS:info] 13:12:51.296 Reconnecting to OBS WebSocket (30000ms backoff)…
[ObsWS:warn] 13:12:53.310 Reconnect failed: One or more errors occurred. (Unable to connect to the remote server)
[ObsWS:info] 13:13:23.321 Reconnecting to OBS WebSocket (30000ms backoff)…
[ObsWS:warn] 13:13:25.378 Reconnect failed: One or more errors occurred. (Unable to connect to the remote server)
[ObsWS:info] 13:13:55.394 Reconnecting to OBS WebSocket (30000ms backoff)…
[ObsWS:warn] 13:13:57.438 Reconnect failed: One or more errors occurred. (Unable to connect to the remote server)
[ObsWS:info] 13:14:27.440 Reconnecting to OBS WebSocket (30000ms backoff)…
[ObsWS:warn] 13:14:29.464 Reconnect failed: One or more errors occurred. (Unable to connect to the remote server)
[ObsWS:info] 13:14:59.472 Reconnecting to OBS WebSocket (30000ms backoff)…
[ObsWS:warn] 13:15:01.505 Reconnect failed: One or more errors occurred. (Unable to connect to the remote server)
[ObsWS:info] 13:15:31.510 Reconnecting to OBS WebSocket (30000ms backoff)…
[ObsWS:warn] 13:15:33.531 Reconnect failed: One or more errors occurred. (Unable to connect to the remote server)
[ObsWS:info] 13:16:03.539 Reconnecting to OBS WebSocket (30000ms backoff)…
[ObsWS:warn] 13:16:05.588 Reconnect failed: One or more errors occurred. (Unable to connect to the remote server)
[ObsWS:info] 13:16:35.599 Reconnecting to OBS WebSocket (30000ms backoff)…
[ObsWS:warn] 13:16:37.648 Reconnect failed: One or more errors occurred. (Unable to connect to the remote server)
[ObsWS:info] 13:17:07.658 Reconnecting to OBS WebSocket (30000ms backoff)…
[ObsWS:warn] 13:17:09.686 Reconnect failed: One or more errors occurred. (Unable to connect to the remote server)
[ObsWS:info] 13:17:39.689 Reconnecting to OBS WebSocket (30000ms backoff)…
[ObsWS:warn] 13:17:41.740 Reconnect failed: One or more errors occurred. (Unable to connect to the remote server)
[ObsWS:info] 13:18:11.753 Reconnecting to OBS WebSocket (30000ms backoff)…
[ObsWS:warn] 13:18:13.799 Reconnect failed: One or more errors occurred. (Unable to connect to the remote server)
[ObsWS:info] 13:18:43.807 Reconnecting to OBS WebSocket (30000ms backoff)…
[ObsWS:warn] 13:18:45.863 Reconnect failed: One or more errors occurred. (Unable to connect to the remote server)
[ObsWS:info] 13:19:15.879 Reconnecting to OBS WebSocket (30000ms backoff)…
[ObsWS:warn] 13:19:17.896 Reconnect failed: One or more errors occurred. (Unable to connect to the remote server)
[ObsWS:info] 13:19:47.897 Reconnecting to OBS WebSocket (30000ms backoff)…
[ObsWS:warn] 13:19:49.911 Reconnect failed: One or more errors occurred. (Unable to connect to the remote server)
[ObsWS:info] 13:20:19.913 Reconnecting to OBS WebSocket (30000ms backoff)…
[ObsWS:warn] 13:20:21.928 Reconnect failed: One or more errors occurred. (Unable to connect to the remote server)
[ObsWS:info] 13:20:51.940 Reconnecting to OBS WebSocket (30000ms backoff)…
[ObsWS:warn] 13:20:53.967 Reconnect failed: One or more errors occurred. (Unable to connect to the remote server)
[ObsWS:info] 13:21:23.980 Reconnecting to OBS WebSocket (30000ms backoff)…
[ObsWS:warn] 13:21:25.993 Reconnect failed: One or more errors occurred. (Unable to connect to the remote server)
[ObsWS:info] 13:21:55.997 Reconnecting to OBS WebSocket (30000ms backoff)…
[ObsWS:warn] 13:21:58.003 Reconnect failed: One or more errors occurred. (Unable to connect to the remote server)
[ObsWS:info] 13:22:28.011 Reconnecting to OBS WebSocket (30000ms backoff)…
[ObsWS:warn] 13:22:30.035 Reconnect failed: One or more errors occurred. (Unable to connect to the remote server)
[ObsWS:info] 13:23:00.039 Reconnecting to OBS WebSocket (30000ms backoff)…
[ObsWS:warn] 13:23:02.064 Reconnect failed: One or more errors occurred. (Unable to connect to the remote server)
[ObsWS:info] 13:23:32.066 Reconnecting to OBS WebSocket (30000ms backoff)…
[ObsWS:warn] 13:23:34.093 Reconnect failed: One or more errors occurred. (Unable to connect to the remote server)
[ObsWS:info] 13:24:04.102 Reconnecting to OBS WebSocket (30000ms backoff)…
[ObsWS:warn] 13:24:06.126 Reconnect failed: One or more errors occurred. (Unable to connect to the remote server)
[ObsWS:info] 13:24:36.135 Reconnecting to OBS WebSocket (30000ms backoff)…
[ObsWS:warn] 13:24:38.151 Reconnect failed: One or more errors occurred. (Unable to connect to the remote server)
[ObsWS:info] 13:25:08.165 Reconnecting to OBS WebSocket (30000ms backoff)…
[ObsWS:warn] 13:25:10.194 Reconnect failed: One or more errors occurred. (Unable to connect to the remote server)
[ObsWS:info] 13:25:40.194 Reconnecting to OBS WebSocket (30000ms backoff)…
[ObsWS:warn] 13:25:42.217 Reconnect failed: One or more errors occurred. (Unable to connect to the remote server)
[ObsWS:info] 13:26:12.229 Reconnecting to OBS WebSocket (30000ms backoff)…
[ObsWS:warn] 13:26:14.242 Reconnect failed: One or more errors occurred. (Unable to connect to the remote server)
[ObsWS:info] 13:26:44.249 Reconnecting to OBS WebSocket (30000ms backoff)…
[ObsWS:warn] 13:26:46.275 Reconnect failed: One or more errors occurred. (Unable to connect to the remote server)
[ObsWS:info] 13:27:16.276 Reconnecting to OBS WebSocket (30000ms backoff)…
[ObsWS:warn] 13:27:18.291 Reconnect failed: One or more errors occurred. (Unable to connect to the remote server)
[ObsWS:info] 13:27:48.302 Reconnecting to OBS WebSocket (30000ms backoff)…
[ObsWS:warn] 13:27:50.364 Reconnect failed: One or more errors occurred. (Unable to connect to the remote server)
[ObsWS:info] 13:28:20.372 Reconnecting to OBS WebSocket (30000ms backoff)…
[ObsWS:warn] 13:28:22.406 Reconnect failed: One or more errors occurred. (Unable to connect to the remote server)
[ObsWS:info] 13:28:52.416 Reconnecting to OBS WebSocket (30000ms backoff)…
[ObsWS:warn] 13:28:54.443 Reconnect failed: One or more errors occurred. (Unable to connect to the remote server)
[ObsWS:info] 13:29:24.448 Reconnecting to OBS WebSocket (30000ms backoff)…
[ObsWS:warn] 13:29:26.493 Reconnect failed: One or more errors occurred. (Unable to connect to the remote server)
[ObsWS:info] 13:29:56.502 Reconnecting to OBS WebSocket (30000ms backoff)…
[ObsWS:warn] 13:29:58.526 Reconnect failed: One or more errors occurred. (Unable to connect to the remote server)
[ObsWS:info] 13:30:28.537 Reconnecting to OBS WebSocket (30000ms backoff)…
[ObsWS:warn] 13:30:30.573 Reconnect failed: One or more errors occurred. (Unable to connect to the remote server)
[ObsWS:info] 13:31:00.577 Reconnecting to OBS WebSocket (30000ms backoff)…
[ObsWS:warn] 13:31:02.587 Reconnect failed: One or more errors occurred. (Unable to connect to the remote server)
[ObsWS:info] 13:31:32.602 Reconnecting to OBS WebSocket (30000ms backoff)…
[ObsWS:warn] 13:31:34.627 Reconnect failed: One or more errors occurred. (Unable to connect to the remote server)
[ObsWS:info] 13:32:04.641 Reconnecting to OBS WebSocket (30000ms backoff)…
[ObsWS:warn] 13:32:06.657 Reconnect failed: One or more errors occurred. (Unable to connect to the remote server)
[ObsWS:info] 13:32:36.666 Reconnecting to OBS WebSocket (30000ms backoff)…
[ObsWS:warn] 13:32:38.688 Reconnect failed: One or more errors occurred. (Unable to connect to the remote server)
[ObsWS:info] 13:33:08.691 Reconnecting to OBS WebSocket (30000ms backoff)…
[ObsWS:warn] 13:33:10.718 Reconnect failed: One or more errors occurred. (Unable to connect to the remote server)
[ObsWS:info] 13:33:40.730 Reconnecting to OBS WebSocket (30000ms backoff)…
[ObsWS:warn] 13:33:42.746 Reconnect failed: One or more errors occurred. (Unable to connect to the remote server)
[ObsWS:info] 13:34:12.756 Reconnecting to OBS WebSocket (30000ms backoff)…
[ObsWS:warn] 13:34:14.787 Reconnect failed: One or more errors occurred. (Unable to connect to the remote server)
[ObsWS:info] 13:34:44.798 Reconnecting to OBS WebSocket (30000ms backoff)…
[ObsWS:warn] 13:34:46.810 Reconnect failed: One or more errors occurred. (Unable to connect to the remote server)
[ObsWS:info] 13:35:16.821 Reconnecting to OBS WebSocket (30000ms backoff)…
[ObsWS:warn] 13:35:18.844 Reconnect failed: One or more errors occurred. (Unable to connect to the remote server)
[ObsWS:info] 13:35:48.859 Reconnecting to OBS WebSocket (30000ms backoff)…
[ObsWS:warn] 13:35:50.880 Reconnect failed: One or more errors occurred. (Unable to connect to the remote server)
[ObsWS:info] 13:36:20.889 Reconnecting to OBS WebSocket (30000ms backoff)…
[ObsWS:warn] 13:36:22.904 Reconnect failed: One or more errors occurred. (Unable to connect to the remote server)
[ObsWS:info] 13:36:52.913 Reconnecting to OBS WebSocket (30000ms backoff)…
[ObsWS:warn] 13:36:54.920 Reconnect failed: One or more errors occurred. (Unable to connect to the remote server)
[ObsWS:info] 13:37:24.921 Reconnecting to OBS WebSocket (30000ms backoff)…
[ObsWS:warn] 13:37:26.936 Reconnect failed: One or more errors occurred. (Unable to connect to the remote server)
[ObsWS:info] 13:37:56.943 Reconnecting to OBS WebSocket (30000ms backoff)…
[ObsWS:warn] 13:37:58.960 Reconnect failed: One or more errors occurred. (Unable to connect to the remote server)
[ObsWS:info] 13:38:28.965 Reconnecting to OBS WebSocket (30000ms backoff)…
[ObsWS:warn] 13:38:30.988 Reconnect failed: One or more errors occurred. (Unable to connect to the remote server)
[ObsWS:info] 13:39:00.997 Reconnecting to OBS WebSocket (30000ms backoff)…
[ObsWS:warn] 13:39:03.016 Reconnect failed: One or more errors occurred. (Unable to connect to the remote server)
[ObsWS:info] 13:39:33.022 Reconnecting to OBS WebSocket (30000ms backoff)…
[ObsWS:warn] 13:39:35.043 Reconnect failed: One or more errors occurred. (Unable to connect to the remote server)
[ObsWS:info] 13:40:05.056 Reconnecting to OBS WebSocket (30000ms backoff)…
[ObsWS:warn] 13:40:07.068 Reconnect failed: One or more errors occurred. (Unable to connect to the remote server)
[ObsWS:info] 13:40:37.083 Reconnecting to OBS WebSocket (30000ms backoff)…
[ObsWS:warn] 13:40:39.168 Reconnect failed: One or more errors occurred. (Unable to connect to the remote server)
[ObsWS:info] 13:41:09.297 Reconnecting to OBS WebSocket (30000ms backoff)…
[ObsWS:warn] 13:41:11.422 Reconnect failed: One or more errors occurred. (Unable to connect to the remote server)
[ObsWS:info] 13:41:41.425 Reconnecting to OBS WebSocket (30000ms backoff)…
[ObsWS:warn] 13:41:43.473 Reconnect failed: One or more errors occurred. (Unable to connect to the remote server)
[ObsWS:info] 13:42:13.660 Reconnecting to OBS WebSocket (30000ms backoff)…
[ObsWS:warn] 13:42:15.829 Reconnect failed: One or more errors occurred. (Unable to connect to the remote server)
[ObsWS:info] 13:42:45.944 Reconnecting to OBS WebSocket (30000ms backoff)…
[ObsWS:warn] 13:42:49.051 Reconnect failed: One or more errors occurred. (Unable to connect to the remote server)
[ObsWS:info] 13:43:19.094 Reconnecting to OBS WebSocket (30000ms backoff)…
[ObsWS:warn] 13:43:21.232 Reconnect failed: One or more errors occurred. (Unable to connect to the remote server)
[ObsWS:info] 13:43:51.245 Reconnecting to OBS WebSocket (30000ms backoff)…
[ObsWS:warn] 13:43:53.282 Reconnect failed: One or more errors occurred. (Unable to connect to the remote server)
[ObsWS:info] 13:44:23.285 Reconnecting to OBS WebSocket (30000ms backoff)…
[ObsWS:warn] 13:44:25.318 Reconnect failed: One or more errors occurred. (Unable to connect to the remote server)
[ObsWS:info] 13:44:55.321 Reconnecting to OBS WebSocket (30000ms backoff)…
[ObsWS:warn] 13:44:57.354 Reconnect failed: One or more errors occurred. (Unable to connect to the remote server)
[ObsWS:info] 13:45:27.361 Reconnecting to OBS WebSocket (30000ms backoff)…
[ObsWS:warn] 13:45:29.398 Reconnect failed: One or more errors occurred. (Unable to connect to the remote server)
[ObsWS:info] 13:45:59.405 Reconnecting to OBS WebSocket (30000ms backoff)…
[ObsWS:warn] 13:46:01.463 Reconnect failed: One or more errors occurred. (Unable to connect to the remote server)
[ObsWS:info] 13:46:31.469 Reconnecting to OBS WebSocket (30000ms backoff)…
[ObsWS:warn] 13:46:33.527 Reconnect failed: One or more errors occurred. (Unable to connect to the remote server)
[ObsWS:info] 13:47:03.554 Reconnecting to OBS WebSocket (30000ms backoff)…
[ObsWS:warn] 13:47:05.634 Reconnect failed: One or more errors occurred. (Unable to connect to the remote server)
[ObsWS:info] 13:47:35.642 Reconnecting to OBS WebSocket (30000ms backoff)…
[ObsWS:warn] 13:47:37.676 Reconnect failed: One or more errors occurred. (Unable to connect to the remote server)
[ObsWS:info] 13:48:07.691 Reconnecting to OBS WebSocket (30000ms backoff)…
[ObsWS:warn] 13:48:09.739 Reconnect failed: One or more errors occurred. (Unable to connect to the remote server)
[ObsWS:info] 13:48:39.748 Reconnecting to OBS WebSocket (30000ms backoff)…
[ObsWS:warn] 13:48:41.787 Reconnect failed: One or more errors occurred. (Unable to connect to the remote server)
[ObsWS:info] 13:49:11.790 Reconnecting to OBS WebSocket (30000ms backoff)…
[ObsWS:warn] 13:49:13.852 Reconnect failed: One or more errors occurred. (Unable to connect to the remote server)
[ObsWS:info] 13:49:43.860 Reconnecting to OBS WebSocket (30000ms backoff)…
[ObsWS:warn] 13:49:45.891 Reconnect failed: One or more errors occurred. (Unable to connect to the remote server)
[ObsWS:info] 13:50:15.894 Reconnecting to OBS WebSocket (30000ms backoff)…
[ObsWS:warn] 13:50:17.939 Reconnect failed: One or more errors occurred. (Unable to connect to the remote server)
[ObsWS:info] 13:50:47.941 Reconnecting to OBS WebSocket (30000ms backoff)…
[ObsWS:warn] 13:50:49.995 Reconnect failed: One or more errors occurred. (Unable to connect to the remote server)
[ObsWS:info] 13:51:20.003 Reconnecting to OBS WebSocket (30000ms backoff)…
[ObsWS:warn] 13:51:22.047 Reconnect failed: One or more errors occurred. (Unable to connect to the remote server)
[ObsWS:info] 13:51:52.061 Reconnecting to OBS WebSocket (30000ms backoff)…
[ObsWS:warn] 13:51:54.090 Reconnect failed: One or more errors occurred. (Unable to connect to the remote server)
[ObsWS:info] 13:52:24.094 Reconnecting to OBS WebSocket (30000ms backoff)…
[ObsWS:warn] 13:52:26.160 Reconnect failed: One or more errors occurred. (Unable to connect to the remote server)
[ObsWS:info] 13:52:56.172 Reconnecting to OBS WebSocket (30000ms backoff)…
[ObsWS:warn] 13:52:58.218 Reconnect failed: One or more errors occurred. (Unable to connect to the remote server)
[ObsWS:info] 13:53:28.222 Reconnecting to OBS WebSocket (30000ms backoff)…
[ObsWS:warn] 13:53:30.266 Reconnect failed: One or more errors occurred. (Unable to connect to the remote server)
[ObsWS:info] 13:54:00.275 Reconnecting to OBS WebSocket (30000ms backoff)…
[ObsWS:warn] 13:54:02.338 Reconnect failed: One or more errors occurred. (Unable to connect to the remote server)
[ObsWS:info] 13:54:32.343 Reconnecting to OBS WebSocket (30000ms backoff)…
[ObsWS:warn] 13:54:34.398 Reconnect failed: One or more errors occurred. (Unable to connect to the remote server)
[ObsWS:info] 13:55:04.405 Reconnecting to OBS WebSocket (30000ms backoff)…
[ObsWS:warn] 13:55:06.456 Reconnect failed: One or more errors occurred. (Unable to connect to the remote server)
[ObsWS:info] 13:55:36.464 Reconnecting to OBS WebSocket (30000ms backoff)…
[ObsWS:warn] 13:55:38.507 Reconnect failed: One or more errors occurred. (Unable to connect to the remote server)
[ObsWS:info] 13:56:08.510 Reconnecting to OBS WebSocket (30000ms backoff)…
[ObsWS:warn] 13:56:10.568 Reconnect failed: One or more errors occurred. (Unable to connect to the remote server)
[ObsWS:info] 13:56:40.571 Reconnecting to OBS WebSocket (30000ms backoff)…
[ObsWS:warn] 13:56:42.606 Reconnect failed: One or more errors occurred. (Unable to connect to the remote server)
[ObsWS:info] 13:57:12.612 Reconnecting to OBS WebSocket (30000ms backoff)…
[ObsWS:warn] 13:57:14.663 Reconnect failed: One or more errors occurred. (Unable to connect to the remote server)
[ObsWS:info] 13:57:44.676 Reconnecting to OBS WebSocket (30000ms backoff)…
[ObsWS:warn] 13:57:46.718 Reconnect failed: One or more errors occurred. (Unable to connect to the remote server)
[ObsWS:info] 13:58:16.727 Reconnecting to OBS WebSocket (30000ms backoff)…
[ObsWS:warn] 13:58:18.773 Reconnect failed: One or more errors occurred. (Unable to connect to the remote server)
[ObsWS:info] 13:58:48.785 Reconnecting to OBS WebSocket (30000ms backoff)…
[ObsWS:warn] 13:58:50.831 Reconnect failed: One or more errors occurred. (Unable to connect to the remote server)
[ObsWS:info] 13:59:20.842 Reconnecting to OBS WebSocket (30000ms backoff)…
[ObsWS:warn] 13:59:22.887 Reconnect failed: One or more errors occurred. (Unable to connect to the remote server)
[ObsWS:info] 13:59:52.898 Reconnecting to OBS WebSocket (30000ms backoff)…
[ObsWS:warn] 13:59:54.943 Reconnect failed: One or more errors occurred. (Unable to connect to the remote server)
[ObsWS:info] 14:00:24.955 Reconnecting to OBS WebSocket (30000ms backoff)…
[ObsWS:warn] 14:00:26.990 Reconnect failed: One or more errors occurred. (Unable to connect to the remote server)
[ObsWS:info] 14:00:57.006 Reconnecting to OBS WebSocket (30000ms backoff)…
[ObsWS:warn] 14:00:59.056 Reconnect failed: One or more errors occurred. (Unable to connect to the remote server)
[ObsWS:info] 14:01:29.061 Reconnecting to OBS WebSocket (30000ms backoff)…
[ObsWS:warn] 14:01:31.081 Reconnect failed: One or more errors occurred. (Unable to connect to the remote server)
[ObsWS:info] 14:02:01.095 Reconnecting to OBS WebSocket (30000ms backoff)…
[ObsWS:warn] 14:02:03.143 Reconnect failed: One or more errors occurred. (Unable to connect to the remote server)
[ObsWS:info] 14:02:33.149 Reconnecting to OBS WebSocket (30000ms backoff)…
[ObsWS:warn] 14:02:35.195 Reconnect failed: One or more errors occurred. (Unable to connect to the remote server)
[ObsWS:info] 14:03:05.210 Reconnecting to OBS WebSocket (30000ms backoff)…
[ObsWS:warn] 14:03:07.241 Reconnect failed: One or more errors occurred. (Unable to connect to the remote server)
[ObsWS:info] 14:03:37.247 Reconnecting to OBS WebSocket (30000ms backoff)…
[ObsWS:warn] 14:03:39.294 Reconnect failed: One or more errors occurred. (Unable to connect to the remote server)
[ObsWS:info] 14:04:09.308 Reconnecting to OBS WebSocket (30000ms backoff)…
[ObsWS:warn] 14:04:11.355 Reconnect failed: One or more errors occurred. (Unable to connect to the remote server)
[ObsWS:info] 14:04:41.362 Reconnecting to OBS WebSocket (30000ms backoff)…
[ObsWS:warn] 14:04:43.384 Reconnect failed: One or more errors occurred. (Unable to connect to the remote server)
[ObsWS:info] 14:05:13.400 Reconnecting to OBS WebSocket (30000ms backoff)…
[ObsWS:warn] 14:05:15.456 Reconnect failed: One or more errors occurred. (Unable to connect to the remote server)
[ObsWS:info] 14:05:45.472 Reconnecting to OBS WebSocket (30000ms backoff)…
[ObsWS:warn] 14:05:47.518 Reconnect failed: One or more errors occurred. (Unable to connect to the remote server)
[ObsWS:info] 14:06:17.520 Reconnecting to OBS WebSocket (30000ms backoff)…
[ObsWS:warn] 14:06:19.571 Reconnect failed: One or more errors occurred. (Unable to connect to the remote server)
[ObsWS:info] 14:06:49.577 Reconnecting to OBS WebSocket (30000ms backoff)…
[ObsWS:warn] 14:06:51.622 Reconnect failed: One or more errors occurred. (Unable to connect to the remote server)
[ObsWS:info] 14:07:21.625 Reconnecting to OBS WebSocket (30000ms backoff)…
[ObsWS:warn] 14:07:23.674 Reconnect failed: One or more errors occurred. (Unable to connect to the remote server)
[ObsWS:info] 14:07:53.682 Reconnecting to OBS WebSocket (30000ms backoff)…
[ObsWS:warn] 14:07:55.696 Reconnect failed: One or more errors occurred. (Unable to connect to the remote server)
[ObsWS:info] 14:08:25.699 Reconnecting to OBS WebSocket (30000ms backoff)…
[ObsWS:warn] 14:08:27.748 Reconnect failed: One or more errors occurred. (Unable to connect to the remote server)
[ObsWS:info] 14:08:57.768 Reconnecting to OBS WebSocket (30000ms backoff)…
[ObsWS:warn] 14:08:59.815 Reconnect failed: One or more errors occurred. (Unable to connect to the remote server)
[ObsWS:info] 14:09:29.817 Reconnecting to OBS WebSocket (30000ms backoff)…
[ObsWS:warn] 14:09:31.866 Reconnect failed: One or more errors occurred. (Unable to connect to the remote server)
[ObsWS:info] 14:10:01.872 Reconnecting to OBS WebSocket (30000ms backoff)…
[ObsWS:warn] 14:10:03.905 Reconnect failed: One or more errors occurred. (Unable to connect to the remote server)
[ObsWS:info] 14:10:33.915 Reconnecting to OBS WebSocket (30000ms backoff)…
[ObsWS:warn] 14:10:35.961 Reconnect failed: One or more errors occurred. (Unable to connect to the remote server)
[ObsWS:info] 14:11:05.969 Reconnecting to OBS WebSocket (30000ms backoff)…
[ObsWS:warn] 14:11:08.012 Reconnect failed: One or more errors occurred. (Unable to connect to the remote server)
[ObsWS:info] 14:11:38.023 Reconnecting to OBS WebSocket (30000ms backoff)…
[ObsWS:warn] 14:11:40.062 Reconnect failed: One or more errors occurred. (Unable to connect to the remote server)
[ObsWS:info] 14:12:10.077 Reconnecting to OBS WebSocket (30000ms backoff)…
[ObsWS:warn] 14:12:12.125 Reconnect failed: One or more errors occurred. (Unable to connect to the remote server)
[ObsWS:info] 14:12:42.131 Reconnecting to OBS WebSocket (30000ms backoff)…
[ObsWS:warn] 14:12:44.176 Reconnect failed: One or more errors occurred. (Unable to connect to the remote server)
[ObsWS:info] 14:13:14.177 Reconnecting to OBS WebSocket (30000ms backoff)…
[ObsWS:warn] 14:13:16.252 Reconnect failed: One or more errors occurred. (Unable to connect to the remote server)
[ObsWS:info] 14:13:46.256 Reconnecting to OBS WebSocket (30000ms backoff)…
[ObsWS:warn] 14:13:48.299 Reconnect failed: One or more errors occurred. (Unable to connect to the remote server)
[ObsWS:info] 14:14:18.303 Reconnecting to OBS WebSocket (30000ms backoff)…
[ObsWS:warn] 14:14:20.351 Reconnect failed: One or more errors occurred. (Unable to connect to the remote server)
[ObsWS:info] 14:14:50.360 Reconnecting to OBS WebSocket (30000ms backoff)…
[ObsWS:warn] 14:14:52.418 Reconnect failed: One or more errors occurred. (Unable to connect to the remote server)
[ObsWS:info] 14:15:22.422 Reconnecting to OBS WebSocket (30000ms backoff)…
[ObsWS:warn] 14:15:24.455 Reconnect failed: One or more errors occurred. (Unable to connect to the remote server)
[ObsWS:info] 14:15:54.457 Reconnecting to OBS WebSocket (30000ms backoff)…
[ObsWS:warn] 14:15:56.494 Reconnect failed: One or more errors occurred. (Unable to connect to the remote server)
[ObsWS:info] 14:16:26.502 Reconnecting to OBS WebSocket (30000ms backoff)…
[ObsWS:warn] 14:16:28.537 Reconnect failed: One or more errors occurred. (Unable to connect to the remote server)
[ObsWS:info] 14:16:58.543 Reconnecting to OBS WebSocket (30000ms backoff)…
[ObsWS:warn] 14:17:00.591 Reconnect failed: One or more errors occurred. (Unable to connect to the remote server)
[ObsWS:info] 14:17:30.599 Reconnecting to OBS WebSocket (30000ms backoff)…
[ObsWS:warn] 14:17:32.648 Reconnect failed: One or more errors occurred. (Unable to connect to the remote server)
[ObsWS:info] 14:18:02.655 Reconnecting to OBS WebSocket (30000ms backoff)…
[ObsWS:warn] 14:18:04.703 Reconnect failed: One or more errors occurred. (Unable to connect to the remote server)
[ObsWS:info] 14:18:34.718 Reconnecting to OBS WebSocket (30000ms backoff)…
[ObsWS:warn] 14:18:36.752 Reconnect failed: One or more errors occurred. (Unable to connect to the remote server)
[ObsWS:info] 14:19:06.763 Reconnecting to OBS WebSocket (30000ms backoff)…
[ObsWS:warn] 14:19:08.788 Reconnect failed: One or more errors occurred. (Unable to connect to the remote server)
[ObsWS:info] 14:19:38.802 Reconnecting to OBS WebSocket (30000ms backoff)…
[ObsWS:warn] 14:19:40.864 Reconnect failed: One or more errors occurred. (Unable to connect to the remote server)
[ObsWS:info] 14:20:10.874 Reconnecting to OBS WebSocket (30000ms backoff)…
[ObsWS:warn] 14:20:12.933 Reconnect failed: One or more errors occurred. (Unable to connect to the remote server)
[ObsWS:info] 14:20:42.949 Reconnecting to OBS WebSocket (30000ms backoff)…
[ObsWS:warn] 14:20:44.985 Reconnect failed: One or more errors occurred. (Unable to connect to the remote server)
[ObsWS:info] 14:21:14.998 Reconnecting to OBS WebSocket (30000ms backoff)…
[ObsWS:warn] 14:21:17.031 Reconnect failed: One or more errors occurred. (Unable to connect to the remote server)
[ObsWS:info] 14:21:47.046 Reconnecting to OBS WebSocket (30000ms backoff)…
[ObsWS:warn] 14:21:49.080 Reconnect failed: One or more errors occurred. (Unable to connect to the remote server)
[ObsWS:info] 14:22:19.086 Reconnecting to OBS WebSocket (30000ms backoff)…
[ObsWS:warn] 14:22:21.124 Reconnect failed: One or more errors occurred. (Unable to connect to the remote server)
[ObsWS:info] 14:22:51.135 Reconnecting to OBS WebSocket (30000ms backoff)…
[ObsWS:warn] 14:22:53.144 Reconnect failed: One or more errors occurred. (Unable to connect to the remote server)
[ObsWS:info] 14:23:23.150 Reconnecting to OBS WebSocket (30000ms backoff)…
[ObsWS:warn] 14:23:25.200 Reconnect failed: One or more errors occurred. (Unable to connect to the remote server)
[ObsWS:info] 14:23:55.214 Reconnecting to OBS WebSocket (30000ms backoff)…
[ObsWS:warn] 14:23:57.279 Reconnect failed: One or more errors occurred. (Unable to connect to the remote server)
[ObsWS:info] 14:24:27.286 Reconnecting to OBS WebSocket (30000ms backoff)…
[ObsWS:warn] 14:24:29.332 Reconnect failed: One or more errors occurred. (Unable to connect to the remote server)
[ObsWS:info] 14:24:59.339 Reconnecting to OBS WebSocket (30000ms backoff)…
[ObsWS:warn] 14:25:01.352 Reconnect failed: One or more errors occurred. (Unable to connect to the remote server)
[ObsWS:info] 14:25:31.355 Reconnecting to OBS WebSocket (30000ms backoff)…
[ObsWS:warn] 14:25:33.414 Reconnect failed: One or more errors occurred. (Unable to connect to the remote server)
[ObsWS:info] 14:26:03.426 Reconnecting to OBS WebSocket (30000ms backoff)…
[ObsWS:warn] 14:26:05.459 Reconnect failed: One or more errors occurred. (Unable to connect to the remote server)
[ObsWS:info] 14:26:35.467 Reconnecting to OBS WebSocket (30000ms backoff)…
[ObsWS:warn] 14:26:37.506 Reconnect failed: One or more errors occurred. (Unable to connect to the remote server)
[ObsWS:info] 14:27:07.523 Reconnecting to OBS WebSocket (30000ms backoff)…
[ObsWS:warn] 14:27:09.555 Reconnect failed: One or more errors occurred. (Unable to connect to the remote server)
[ObsWS:info] 14:27:39.559 Reconnecting to OBS WebSocket (30000ms backoff)…
[ObsWS:warn] 14:27:41.600 Reconnect failed: One or more errors occurred. (Unable to connect to the remote server)
[ObsWS:info] 14:28:11.605 Reconnecting to OBS WebSocket (30000ms backoff)…
[ObsWS:warn] 14:28:13.639 Reconnect failed: One or more errors occurred. (Unable to connect to the remote server)
[ObsWS:info] 14:28:43.656 Reconnecting to OBS WebSocket (30000ms backoff)…
[ObsWS:warn] 14:28:45.706 Reconnect failed: One or more errors occurred. (Unable to connect to the remote server)
[ObsWS:info] 14:29:15.716 Reconnecting to OBS WebSocket (30000ms backoff)…
[ObsWS:warn] 14:29:17.745 Reconnect failed: One or more errors occurred. (Unable to connect to the remote server)
[ObsWS:info] 14:29:47.759 Reconnecting to OBS WebSocket (30000ms backoff)…
[ObsWS:warn] 14:29:49.785 Reconnect failed: One or more errors occurred. (Unable to connect to the remote server)
[ObsWS:info] 14:30:19.796 Reconnecting to OBS WebSocket (30000ms backoff)…
[ObsWS:warn] 14:30:21.818 Reconnect failed: One or more errors occurred. (Unable to connect to the remote server)
[ObsWS:info] 14:30:51.828 Reconnecting to OBS WebSocket (30000ms backoff)…
[ObsWS:warn] 14:30:53.866 Reconnect failed: One or more errors occurred. (Unable to connect to the remote server)
[ObsWS:info] 14:31:23.876 Reconnecting to OBS WebSocket (30000ms backoff)…
[ObsWS:warn] 14:31:25.912 Reconnect failed: One or more errors occurred. (Unable to connect to the remote server)
[ObsWS:info] 14:31:55.927 Reconnecting to OBS WebSocket (30000ms backoff)…
[ObsWS:warn] 14:31:57.963 Reconnect failed: One or more errors occurred. (Unable to connect to the remote server)
[ObsWS:info] 14:32:27.972 Reconnecting to OBS WebSocket (30000ms backoff)…
[ObsWS:warn] 14:32:29.993 Reconnect failed: One or more errors occurred. (Unable to connect to the remote server)
[ObsWS:info] 14:32:59.996 Reconnecting to OBS WebSocket (30000ms backoff)…
[ObsWS:warn] 14:33:02.031 Reconnect failed: One or more errors occurred. (Unable to connect to the remote server)
[ObsWS:info] 14:33:32.045 Reconnecting to OBS WebSocket (30000ms backoff)…
[ObsWS:warn] 14:33:34.092 Reconnect failed: One or more errors occurred. (Unable to connect to the remote server)
[ObsWS:info] 14:34:04.096 Reconnecting to OBS WebSocket (30000ms backoff)…
[ObsWS:warn] 14:34:06.138 Reconnect failed: One or more errors occurred. (Unable to connect to the remote server)
[ObsWS:info] 14:34:36.142 Reconnecting to OBS WebSocket (30000ms backoff)…
[ObsWS:warn] 14:34:38.179 Reconnect failed: One or more errors occurred. (Unable to connect to the remote server)
[ObsWS:info] 14:35:08.181 Reconnecting to OBS WebSocket (30000ms backoff)…
[ObsWS:warn] 14:35:10.214 Reconnect failed: One or more errors occurred. (Unable to connect to the remote server)
[ObsWS:info] 14:35:40.215 Reconnecting to OBS WebSocket (30000ms backoff)…
[ObsWS:warn] 14:35:42.262 Reconnect failed: One or more errors occurred. (Unable to connect to the remote server)
[ObsWS:info] 14:36:12.263 Reconnecting to OBS WebSocket (30000ms backoff)…
[ObsWS:warn] 14:36:14.297 Reconnect failed: One or more errors occurred. (Unable to connect to the remote server)
[ObsWS:info] 14:36:44.301 Reconnecting to OBS WebSocket (30000ms backoff)…
[ObsWS:warn] 14:36:46.347 Reconnect failed: One or more errors occurred. (Unable to connect to the remote server)
[ObsWS:info] 14:37:16.361 Reconnecting to OBS WebSocket (30000ms backoff)…
[ObsWS:warn] 14:37:18.422 Reconnect failed: One or more errors occurred. (Unable to connect to the remote server)
[ObsWS:info] 14:37:48.427 Reconnecting to OBS WebSocket (30000ms backoff)…
[ObsWS:warn] 14:37:50.478 Reconnect failed: One or more errors occurred. (Unable to connect to the remote server)
[ObsWS:info] 14:38:20.483 Reconnecting to OBS WebSocket (30000ms backoff)…
[ObsWS:warn] 14:38:22.548 Reconnect failed: One or more errors occurred. (Unable to connect to the remote server)
[ObsWS:info] 14:38:52.556 Reconnecting to OBS WebSocket (30000ms backoff)…
[ObsWS:warn] 14:38:54.593 Reconnect failed: One or more errors occurred. (Unable to connect to the remote server)
[ObsWS:info] 14:39:24.601 Reconnecting to OBS WebSocket (30000ms backoff)…
[ObsWS:warn] 14:39:26.660 Reconnect failed: One or more errors occurred. (Unable to connect to the remote server)
[ObsWS:info] 14:39:56.672 Reconnecting to OBS WebSocket (30000ms backoff)…
[ObsWS:warn] 14:39:58.718 Reconnect failed: One or more errors occurred. (Unable to connect to the remote server)
[ObsWS:info] 14:40:28.734 Reconnecting to OBS WebSocket (30000ms backoff)…
[ObsWS:warn] 14:40:30.756 Reconnect failed: One or more errors occurred. (Unable to connect to the remote server)
[ObsWS:info] 14:41:00.769 Reconnecting to OBS WebSocket (30000ms backoff)…
[ObsWS:warn] 14:41:02.794 Reconnect failed: One or more errors occurred. (Unable to connect to the remote server)
[ObsWS:info] 14:41:32.805 Reconnecting to OBS WebSocket (30000ms backoff)…
[ObsWS:warn] 14:41:34.856 Reconnect failed: One or more errors occurred. (Unable to connect to the remote server)
[ObsWS:info] 14:42:04.865 Reconnecting to OBS WebSocket (30000ms backoff)…
[ObsWS:warn] 14:42:06.893 Reconnect failed: One or more errors occurred. (Unable to connect to the remote server)
[ObsWS:info] 14:42:36.897 Reconnecting to OBS WebSocket (30000ms backoff)…
[ObsWS:warn] 14:42:38.943 Reconnect failed: One or more errors occurred. (Unable to connect to the remote server)
[ObsWS:info] 14:43:08.958 Reconnecting to OBS WebSocket (30000ms backoff)…
[ObsWS:warn] 14:43:11.021 Reconnect failed: One or more errors occurred. (Unable to connect to the remote server)
[ObsWS:info] 14:43:41.026 Reconnecting to OBS WebSocket (30000ms backoff)…
[ObsWS:warn] 14:43:43.066 Reconnect failed: One or more errors occurred. (Unable to connect to the remote server)
[ObsWS:info] 14:44:13.071 Reconnecting to OBS WebSocket (30000ms backoff)…
[ObsWS:warn] 14:44:15.096 Reconnect failed: One or more errors occurred. (Unable to connect to the remote server)
[ObsWS:info] 14:44:45.113 Reconnecting to OBS WebSocket (30000ms backoff)…
[ObsWS:warn] 14:44:47.146 Reconnect failed: One or more errors occurred. (Unable to connect to the remote server)
[ObsWS:info] 14:45:17.150 Reconnecting to OBS WebSocket (30000ms backoff)…
[ObsWS:warn] 14:45:19.194 Reconnect failed: One or more errors occurred. (Unable to connect to the remote server)
[ObsWS:info] 14:45:49.210 Reconnecting to OBS WebSocket (30000ms backoff)…
[ObsWS:warn] 14:45:51.257 Reconnect failed: One or more errors occurred. (Unable to connect to the remote server)
[ObsWS:info] 14:46:21.267 Reconnecting to OBS WebSocket (30000ms backoff)…
[ObsWS:warn] 14:46:23.316 Reconnect failed: One or more errors occurred. (Unable to connect to the remote server)
[ObsWS:info] 14:46:53.320 Reconnecting to OBS WebSocket (30000ms backoff)…
[ObsWS:warn] 14:46:55.365 Reconnect failed: One or more errors occurred. (Unable to connect to the remote server)
[ObsWS:info] 14:47:25.380 Reconnecting to OBS WebSocket (30000ms backoff)…
[ObsWS:warn] 14:47:27.412 Reconnect failed: One or more errors occurred. (Unable to connect to the remote server)
[ObsWS:info] 14:47:57.422 Reconnecting to OBS WebSocket (30000ms backoff)…
[ObsWS:warn] 14:47:59.459 Reconnect failed: One or more errors occurred. (Unable to connect to the remote server)
[ObsWS:info] 14:48:29.465 Reconnecting to OBS WebSocket (30000ms backoff)…
[ObsWS:warn] 14:48:31.493 Reconnect failed: One or more errors occurred. (Unable to connect to the remote server)
[ObsWS:info] 14:49:01.500 Reconnecting to OBS WebSocket (30000ms backoff)…
[ObsWS:warn] 14:49:03.540 Reconnect failed: One or more errors occurred. (Unable to connect to the remote server)
[ObsWS:info] 14:49:33.554 Reconnecting to OBS WebSocket (30000ms backoff)…
[ObsWS:warn] 14:49:35.607 Reconnect failed: One or more errors occurred. (Unable to connect to the remote server)
[ObsWS:info] 14:50:05.622 Reconnecting to OBS WebSocket (30000ms backoff)…
[ObsWS:warn] 14:50:07.673 Reconnect failed: One or more errors occurred. (Unable to connect to the remote server)
[ObsWS:info] 14:50:37.687 Reconnecting to OBS WebSocket (30000ms backoff)…
[ObsWS:warn] 14:50:39.713 Reconnect failed: One or more errors occurred. (Unable to connect to the remote server)
[ObsWS:info] 14:51:09.719 Reconnecting to OBS WebSocket (30000ms backoff)…
[ObsWS:warn] 14:51:11.764 Reconnect failed: One or more errors occurred. (Unable to connect to the remote server)
[ObsWS:info] 14:51:41.765 Reconnecting to OBS WebSocket (30000ms backoff)…
[ObsWS:warn] 14:51:43.811 Reconnect failed: One or more errors occurred. (Unable to connect to the remote server)
[ObsWS:info] 14:52:13.823 Reconnecting to OBS WebSocket (30000ms backoff)…
[ObsWS:warn] 14:52:15.867 Reconnect failed: One or more errors occurred. (Unable to connect to the remote server)
[ObsWS:info] 14:52:45.876 Reconnecting to OBS WebSocket (30000ms backoff)…
[ObsWS:warn] 14:52:47.916 Reconnect failed: One or more errors occurred. (Unable to connect to the remote server)
[ObsWS:info] 14:53:17.929 Reconnecting to OBS WebSocket (30000ms backoff)…
[ObsWS:warn] 14:53:19.970 Reconnect failed: One or more errors occurred. (Unable to connect to the remote server)
[ObsWS:info] 14:53:49.973 Reconnecting to OBS WebSocket (30000ms backoff)…
[ObsWS:warn] 14:53:52.007 Reconnect failed: One or more errors occurred. (Unable to connect to the remote server)
[ObsWS:info] 14:54:22.017 Reconnecting to OBS WebSocket (30000ms backoff)…
[ObsWS:warn] 14:54:24.048 Reconnect failed: One or more errors occurred. (Unable to connect to the remote server)
[ObsWS:info] 14:54:54.061 Reconnecting to OBS WebSocket (30000ms backoff)…
[ObsWS:warn] 14:54:56.110 Reconnect failed: One or more errors occurred. (Unable to connect to the remote server)
[ObsWS:info] 14:55:26.125 Reconnecting to OBS WebSocket (30000ms backoff)…
[ObsWS:warn] 14:55:28.189 Reconnect failed: One or more errors occurred. (Unable to connect to the remote server)
[ObsWS:info] 14:55:58.196 Reconnecting to OBS WebSocket (30000ms backoff)…
[ObsWS:warn] 14:56:00.233 Reconnect failed: One or more errors occurred. (Unable to connect to the remote server)
[ObsWS:info] 14:56:30.247 Reconnecting to OBS WebSocket (30000ms backoff)…
[ObsWS:warn] 14:56:32.277 Reconnect failed: One or more errors occurred. (Unable to connect to the remote server)
[ObsWS:info] 14:57:02.288 Reconnecting to OBS WebSocket (30000ms backoff)…
[ObsWS:warn] 14:57:04.323 Reconnect failed: One or more errors occurred. (Unable to connect to the remote server)
[ObsWS:info] 14:57:34.340 Reconnecting to OBS WebSocket (30000ms backoff)…
[ObsWS:warn] 14:57:36.363 Reconnect failed: One or more errors occurred. (Unable to connect to the remote server)
[ObsWS:info] 14:58:06.379 Reconnecting to OBS WebSocket (30000ms backoff)…
[ObsWS:warn] 14:58:08.403 Reconnect failed: One or more errors occurred. (Unable to connect to the remote server)
[ObsWS:info] 14:58:38.409 Reconnecting to OBS WebSocket (30000ms backoff)…
[ObsWS:warn] 14:58:40.449 Reconnect failed: One or more errors occurred. (Unable to connect to the remote server)
[ObsWS:info] 14:59:10.461 Reconnecting to OBS WebSocket (30000ms backoff)…
[ObsWS:warn] 14:59:12.507 Reconnect failed: One or more errors occurred. (Unable to connect to the remote server)
[ObsWS:info] 14:59:42.515 Reconnecting to OBS WebSocket (30000ms backoff)…
[ObsWS:warn] 14:59:44.570 Reconnect failed: One or more errors occurred. (Unable to connect to the remote server)
[ObsWS:info] 15:00:14.575 Reconnecting to OBS WebSocket (30000ms backoff)…
[ObsWS:warn] 15:00:16.623 Reconnect failed: One or more errors occurred. (Unable to connect to the remote server)
[ObsWS:info] 15:00:46.634 Reconnecting to OBS WebSocket (30000ms backoff)…
[ObsWS:warn] 15:00:48.682 Reconnect failed: One or more errors occurred. (Unable to connect to the remote server)
[ObsWS:info] 15:01:18.693 Reconnecting to OBS WebSocket (30000ms backoff)…
[ObsWS:warn] 15:01:20.741 Reconnect failed: One or more errors occurred. (Unable to connect to the remote server)
[ObsWS:info] 15:01:50.755 Reconnecting to OBS WebSocket (30000ms backoff)…
[ObsWS:warn] 15:01:52.791 Reconnect failed: One or more errors occurred. (Unable to connect to the remote server)
[ObsWS:info] 15:02:22.795 Reconnecting to OBS WebSocket (30000ms backoff)…
[ObsWS:warn] 15:02:24.846 Reconnect failed: One or more errors occurred. (Unable to connect to the remote server)
[ObsWS:info] 15:02:54.847 Reconnecting to OBS WebSocket (30000ms backoff)…
[ObsWS:warn] 15:02:56.895 Reconnect failed: One or more errors occurred. (Unable to connect to the remote server)
[ObsWS:info] 15:03:26.904 Reconnecting to OBS WebSocket (30000ms backoff)…
[ObsWS:warn] 15:03:28.950 Reconnect failed: One or more errors occurred. (Unable to connect to the remote server)
[ObsWS:info] 15:03:58.964 Reconnecting to OBS WebSocket (30000ms backoff)…
[ObsWS:warn] 15:04:01.006 Reconnect failed: One or more errors occurred. (Unable to connect to the remote server)
[ObsWS:info] 15:04:31.020 Reconnecting to OBS WebSocket (30000ms backoff)…
[ObsWS:warn] 15:04:33.065 Reconnect failed: One or more errors occurred. (Unable to connect to the remote server)
[ObsWS:info] 15:05:03.077 Reconnecting to OBS WebSocket (30000ms backoff)…
[ObsWS:warn] 15:05:05.138 Reconnect failed: One or more errors occurred. (Unable to connect to the remote server)
[ObsWS:info] 15:05:35.148 Reconnecting to OBS WebSocket (30000ms backoff)…
[ObsWS:warn] 15:05:37.214 Reconnect failed: One or more errors occurred. (Unable to connect to the remote server)
[ObsWS:info] 15:06:07.221 Reconnecting to OBS WebSocket (30000ms backoff)…
[ObsWS:warn] 15:06:09.275 Reconnect failed: One or more errors occurred. (Unable to connect to the remote server)
[ObsWS:info] 15:06:39.287 Reconnecting to OBS WebSocket (30000ms backoff)…
[ObsWS:warn] 15:06:41.334 Reconnect failed: One or more errors occurred. (Unable to connect to the remote server)
[ObsWS:info] 15:07:11.340 Reconnecting to OBS WebSocket (30000ms backoff)…
[ObsWS:warn] 15:07:13.392 Reconnect failed: One or more errors occurred. (Unable to connect to the remote server)
[ObsWS:info] 15:07:43.397 Reconnecting to OBS WebSocket (30000ms backoff)…
[ObsWS:warn] 15:07:45.455 Reconnect failed: One or more errors occurred. (Unable to connect to the remote server)
[ObsWS:info] 15:08:15.458 Reconnecting to OBS WebSocket (30000ms backoff)…
[ObsWS:warn] 15:08:17.489 Reconnect failed: One or more errors occurred. (Unable to connect to the remote server)
[ObsWS:info] 15:08:47.491 Reconnecting to OBS WebSocket (30000ms backoff)…
[ObsWS:warn] 15:08:49.541 Reconnect failed: One or more errors occurred. (Unable to connect to the remote server)
[ObsWS:info] 15:09:19.550 Reconnecting to OBS WebSocket (30000ms backoff)…
[ObsWS:warn] 15:09:21.584 Reconnect failed: One or more errors occurred. (Unable to connect to the remote server)
[ObsWS:info] 15:09:51.587 Reconnecting to OBS WebSocket (30000ms backoff)…
[ObsWS:warn] 15:09:53.630 Reconnect failed: One or more errors occurred. (Unable to connect to the remote server)
[ObsWS:info] 15:10:23.635 Reconnecting to OBS WebSocket (30000ms backoff)…
[ObsWS:warn] 15:10:25.696 Reconnect failed: One or more errors occurred. (Unable to connect to the remote server)
[ObsWS:info] 15:10:55.701 Reconnecting to OBS WebSocket (30000ms backoff)…
[ObsWS:warn] 15:10:57.752 Reconnect failed: One or more errors occurred. (Unable to connect to the remote server)
[ObsWS:info] 15:11:27.767 Reconnecting to OBS WebSocket (30000ms backoff)…
[ObsWS:warn] 15:11:29.812 Reconnect failed: One or more errors occurred. (Unable to connect to the remote server)
[ObsWS:info] 15:11:59.825 Reconnecting to OBS WebSocket (30000ms backoff)…
[ObsWS:warn] 15:12:01.874 Reconnect failed: One or more errors occurred. (Unable to connect to the remote server)
[ObsWS:info] 15:12:31.879 Reconnecting to OBS WebSocket (30000ms backoff)…
[ObsWS:warn] 15:12:33.912 Reconnect failed: One or more errors occurred. (Unable to connect to the remote server)
[ObsWS:info] 15:13:03.927 Reconnecting to OBS WebSocket (30000ms backoff)…
[ObsWS:warn] 15:13:05.954 Reconnect failed: One or more errors occurred. (Unable to connect to the remote server)
[ObsWS:info] 15:13:35.962 Reconnecting to OBS WebSocket (30000ms backoff)…
[ObsWS:warn] 15:13:38.001 Reconnect failed: One or more errors occurred. (Unable to connect to the remote server)
[ObsWS:info] 15:14:08.016 Reconnecting to OBS WebSocket (30000ms backoff)…
[ObsWS:warn] 15:14:10.047 Reconnect failed: One or more errors occurred. (Unable to connect to the remote server)
[ObsWS:info] 15:14:40.062 Reconnecting to OBS WebSocket (30000ms backoff)…
[ObsWS:warn] 15:14:42.093 Reconnect failed: One or more errors occurred. (Unable to connect to the remote server)
[ObsWS:info] 15:15:12.106 Reconnecting to OBS WebSocket (30000ms backoff)…
[ObsWS:warn] 15:15:14.169 Reconnect failed: One or more errors occurred. (Unable to connect to the remote server)
[ObsWS:info] 15:15:44.181 Reconnecting to OBS WebSocket (30000ms backoff)…
[ObsWS:warn] 15:15:46.246 Reconnect failed: One or more errors occurred. (Unable to connect to the remote server)
[ObsWS:info] 15:16:16.253 Reconnecting to OBS WebSocket (30000ms backoff)…
[ObsWS:warn] 15:16:18.275 Reconnect failed: One or more errors occurred. (Unable to connect to the remote server)
[ObsWS:info] 15:16:48.287 Reconnecting to OBS WebSocket (30000ms backoff)…
[ObsWS:warn] 15:16:50.335 Reconnect failed: One or more errors occurred. (Unable to connect to the remote server)
[ObsWS:info] 15:17:20.349 Reconnecting to OBS WebSocket (30000ms backoff)…
[ObsWS:warn] 15:17:22.385 Reconnect failed: One or more errors occurred. (Unable to connect to the remote server)
[ObsWS:info] 15:17:52.388 Reconnecting to OBS WebSocket (30000ms backoff)…
[ObsWS:warn] 15:17:54.410 Reconnect failed: One or more errors occurred. (Unable to connect to the remote server)
[ObsWS:info] 15:18:24.419 Reconnecting to OBS WebSocket (30000ms backoff)…
[ObsWS:warn] 15:18:26.447 Reconnect failed: One or more errors occurred. (Unable to connect to the remote server)
[ObsWS:info] 15:18:56.451 Reconnecting to OBS WebSocket (30000ms backoff)…
[ObsWS:warn] 15:18:58.473 Reconnect failed: One or more errors occurred. (Unable to connect to the remote server)
[ObsWS:info] 15:19:28.483 Reconnecting to OBS WebSocket (30000ms backoff)…
[ObsWS:warn] 15:19:30.530 Reconnect failed: One or more errors occurred. (Unable to connect to the remote server)
[ObsWS:info] 15:20:00.543 Reconnecting to OBS WebSocket (30000ms backoff)…
[ObsWS:warn] 15:20:02.569 Reconnect failed: One or more errors occurred. (Unable to connect to the remote server)
[ObsWS:info] 15:20:32.582 Reconnecting to OBS WebSocket (30000ms backoff)…
[ObsWS:warn] 15:20:34.622 Reconnect failed: One or more errors occurred. (Unable to connect to the remote server)
[ObsWS:info] 15:21:04.626 Reconnecting to OBS WebSocket (30000ms backoff)…
[ObsWS:warn] 15:21:06.643 Reconnect failed: One or more errors occurred. (Unable to connect to the remote server)
[ObsWS:info] 15:21:36.659 Reconnecting to OBS WebSocket (30000ms backoff)…
[ObsWS:warn] 15:21:38.718 Reconnect failed: One or more errors occurred. (Unable to connect to the remote server)
[ObsWS:info] 15:22:08.732 Reconnecting to OBS WebSocket (30000ms backoff)…
[ObsWS:warn] 15:22:10.791 Reconnect failed: One or more errors occurred. (Unable to connect to the remote server)
[ObsWS:info] 15:22:40.796 Reconnecting to OBS WebSocket (30000ms backoff)…
[ObsWS:warn] 15:22:42.806 Reconnect failed: One or more errors occurred. (Unable to connect to the remote server)
[ObsWS:info] 15:23:12.815 Reconnecting to OBS WebSocket (30000ms backoff)…
[ObsWS:warn] 15:23:14.869 Reconnect failed: One or more errors occurred. (Unable to connect to the remote server)
[ObsWS:info] 15:23:44.870 Reconnecting to OBS WebSocket (30000ms backoff)…
[ObsWS:warn] 15:23:46.904 Reconnect failed: One or more errors occurred. (Unable to connect to the remote server)
[ObsWS:info] 15:24:16.909 Reconnecting to OBS WebSocket (30000ms backoff)…
[ObsWS:warn] 15:24:18.970 Reconnect failed: One or more errors occurred. (Unable to connect to the remote server)
[ObsWS:info] 15:24:48.975 Reconnecting to OBS WebSocket (30000ms backoff)…
[ObsWS:warn] 15:24:51.013 Reconnect failed: One or more errors occurred. (Unable to connect to the remote server)
[ObsWS:info] 15:25:21.015 Reconnecting to OBS WebSocket (30000ms backoff)…
[ObsWS:warn] 15:25:23.086 Reconnect failed: One or more errors occurred. (Unable to connect to the remote server)
[ObsWS:info] 15:25:53.097 Reconnecting to OBS WebSocket (30000ms backoff)…
[ObsWS:warn] 15:25:55.154 Reconnect failed: One or more errors occurred. (Unable to connect to the remote server)
[ObsWS:info] 15:26:25.162 Reconnecting to OBS WebSocket (30000ms backoff)…
[ObsWS:warn] 15:26:27.197 Reconnect failed: One or more errors occurred. (Unable to connect to the remote server)
[ObsWS:info] 15:26:57.215 Reconnecting to OBS WebSocket (30000ms backoff)…
[ObsWS:warn] 15:26:59.261 Reconnect failed: One or more errors occurred. (Unable to connect to the remote server)
[ObsWS:info] 15:27:29.267 Reconnecting to OBS WebSocket (30000ms backoff)…
[ObsWS:warn] 15:27:31.313 Reconnect failed: One or more errors occurred. (Unable to connect to the remote server)
[ObsWS:info] 15:28:01.320 Reconnecting to OBS WebSocket (30000ms backoff)…
[ObsWS:warn] 15:28:03.367 Reconnect failed: One or more errors occurred. (Unable to connect to the remote server)
[ObsWS:info] 15:28:33.375 Reconnecting to OBS WebSocket (30000ms backoff)…
[ObsWS:warn] 15:28:35.425 Reconnect failed: One or more errors occurred. (Unable to connect to the remote server)
[ObsWS:info] 15:29:05.434 Reconnecting to OBS WebSocket (30000ms backoff)…
[ObsWS:warn] 15:29:07.479 Reconnect failed: One or more errors occurred. (Unable to connect to the remote server)
[ObsWS:info] 15:29:37.490 Reconnecting to OBS WebSocket (30000ms backoff)…
[ObsWS:warn] 15:29:39.542 Reconnect failed: One or more errors occurred. (Unable to connect to the remote server)
[ObsWS:info] 15:30:09.560 Reconnecting to OBS WebSocket (30000ms backoff)…
[ObsWS:warn] 15:30:11.593 Reconnect failed: One or more errors occurred. (Unable to connect to the remote server)
[ObsWS:info] 15:30:41.609 Reconnecting to OBS WebSocket (30000ms backoff)…
[ObsWS:warn] 15:30:43.661 Reconnect failed: One or more errors occurred. (Unable to connect to the remote server)
[ObsWS:info] 15:31:13.673 Reconnecting to OBS WebSocket (30000ms backoff)…
[ObsWS:warn] 15:31:15.709 Reconnect failed: One or more errors occurred. (Unable to connect to the remote server)
[ObsWS:info] 15:31:45.716 Reconnecting to OBS WebSocket (30000ms backoff)…
[ObsWS:warn] 15:31:47.737 Reconnect failed: One or more errors occurred. (Unable to connect to the remote server)
[ObsWS:info] 15:32:17.746 Reconnecting to OBS WebSocket (30000ms backoff)…
[ObsWS:warn] 15:32:19.790 Reconnect failed: One or more errors occurred. (Unable to connect to the remote server)
[ObsWS:info] 15:32:49.798 Reconnecting to OBS WebSocket (30000ms backoff)…
[ObsWS:warn] 15:32:51.833 Reconnect failed: One or more errors occurred. (Unable to connect to the remote server)
[ObsWS:info] 15:33:21.844 Reconnecting to OBS WebSocket (30000ms backoff)…
[ObsWS:warn] 15:33:23.867 Reconnect failed: One or more errors occurred. (Unable to connect to the remote server)
[ObsWS:info] 15:33:53.874 Reconnecting to OBS WebSocket (30000ms backoff)…
[ObsWS:warn] 15:33:55.899 Reconnect failed: One or more errors occurred. (Unable to connect to the remote server)
[ObsWS:info] 15:34:25.901 Reconnecting to OBS WebSocket (30000ms backoff)…
[ObsWS:warn] 15:34:27.912 Reconnect failed: One or more errors occurred. (Unable to connect to the remote server)
[ObsWS:info] 15:34:57.923 Reconnecting to OBS WebSocket (30000ms backoff)…
[ObsWS:warn] 15:34:59.936 Reconnect failed: One or more errors occurred. (Unable to connect to the remote server)
[ObsWS:info] 15:35:29.951 Reconnecting to OBS WebSocket (30000ms backoff)…
[ObsWS:warn] 15:35:31.973 Reconnect failed: One or more errors occurred. (Unable to connect to the remote server)
[ObsWS:info] 15:36:01.986 Reconnecting to OBS WebSocket (30000ms backoff)…
[ObsWS:warn] 15:36:04.032 Reconnect failed: One or more errors occurred. (Unable to connect to the remote server)
[ObsWS:info] 15:36:34.045 Reconnecting to OBS WebSocket (30000ms backoff)…
[ObsWS:warn] 15:36:36.090 Reconnect failed: One or more errors occurred. (Unable to connect to the remote server)
[ObsWS:info] 15:37:06.092 Reconnecting to OBS WebSocket (30000ms backoff)…
[ObsWS:warn] 15:37:08.134 Reconnect failed: One or more errors occurred. (Unable to connect to the remote server)
[ObsWS:info] 15:37:38.146 Reconnecting to OBS WebSocket (30000ms backoff)…
[ObsWS:warn] 15:37:40.177 Reconnect failed: One or more errors occurred. (Unable to connect to the remote server)
[ObsWS:info] 15:38:10.179 Reconnecting to OBS WebSocket (30000ms backoff)…
[ObsWS:warn] 15:38:12.217 Reconnect failed: One or more errors occurred. (Unable to connect to the remote server)
[ObsWS:info] 15:38:42.223 Reconnecting to OBS WebSocket (30000ms backoff)…
[ObsWS:warn] 15:38:44.250 Reconnect failed: One or more errors occurred. (Unable to connect to the remote server)
[ObsWS:info] 15:39:14.253 Reconnecting to OBS WebSocket (30000ms backoff)…
[ObsWS:warn] 15:39:16.278 Reconnect failed: One or more errors occurred. (Unable to connect to the remote server)
[ObsWS:info] 15:39:46.285 Reconnecting to OBS WebSocket (30000ms backoff)…
[ObsWS:warn] 15:39:48.298 Reconnect failed: One or more errors occurred. (Unable to connect to the remote server)
[ObsWS:info] 15:40:18.302 Reconnecting to OBS WebSocket (30000ms backoff)…
[ObsWS:warn] 15:40:20.322 Reconnect failed: One or more errors occurred. (Unable to connect to the remote server)
[ObsWS:info] 15:40:50.325 Reconnecting to OBS WebSocket (30000ms backoff)…
[ObsWS:warn] 15:40:52.350 Reconnect failed: One or more errors occurred. (Unable to connect to the remote server)
[ObsWS:info] 15:41:22.349 Reconnecting to OBS WebSocket (30000ms backoff)…
[ObsWS:warn] 15:41:24.368 Reconnect failed: One or more errors occurred. (Unable to connect to the remote server)
[ObsWS:info] 15:41:54.369 Reconnecting to OBS WebSocket (30000ms backoff)…
[ObsWS:warn] 15:41:56.399 Reconnect failed: One or more errors occurred. (Unable to connect to the remote server)
[ObsWS:info] 15:42:26.408 Reconnecting to OBS WebSocket (30000ms backoff)…
[ObsWS:warn] 15:42:28.431 Reconnect failed: One or more errors occurred. (Unable to connect to the remote server)
[ObsWS:info] 15:42:58.447 Reconnecting to OBS WebSocket (30000ms backoff)…
[ObsWS:warn] 15:43:00.464 Reconnect failed: One or more errors occurred. (Unable to connect to the remote server)
[ObsWS:info] 15:43:30.471 Reconnecting to OBS WebSocket (30000ms backoff)…
[ObsWS:warn] 15:43:32.485 Reconnect failed: One or more errors occurred. (Unable to connect to the remote server)
[ObsWS:info] 15:44:02.497 Reconnecting to OBS WebSocket (30000ms backoff)…
[ObsWS:warn] 15:44:04.516 Reconnect failed: One or more errors occurred. (Unable to connect to the remote server)
[ObsWS:info] 15:44:34.520 Reconnecting to OBS WebSocket (30000ms backoff)…
[ObsWS:warn] 15:44:36.545 Reconnect failed: One or more errors occurred. (Unable to connect to the remote server)
[ObsWS:info] 15:45:06.548 Reconnecting to OBS WebSocket (30000ms backoff)…
[ObsWS:warn] 15:45:08.574 Reconnect failed: One or more errors occurred. (Unable to connect to the remote server)
[ObsWS:info] 15:45:38.577 Reconnecting to OBS WebSocket (30000ms backoff)…
[ObsWS:warn] 15:45:40.619 Reconnect failed: One or more errors occurred. (Unable to connect to the remote server)
[ObsWS:info] 15:46:10.625 Reconnecting to OBS WebSocket (30000ms backoff)…
[ObsWS:warn] 15:46:12.654 Reconnect failed: One or more errors occurred. (Unable to connect to the remote server)
[ObsWS:info] 15:46:42.658 Reconnecting to OBS WebSocket (30000ms backoff)…
[ObsWS:warn] 15:46:44.690 Reconnect failed: One or more errors occurred. (Unable to connect to the remote server)
[ObsWS:info] 15:47:14.691 Reconnecting to OBS WebSocket (30000ms backoff)…
[ObsWS:warn] 15:47:16.717 Reconnect failed: One or more errors occurred. (Unable to connect to the remote server)
[ObsWS:info] 15:47:46.722 Reconnecting to OBS WebSocket (30000ms backoff)…
[ObsWS:warn] 15:47:48.735 Reconnect failed: One or more errors occurred. (Unable to connect to the remote server)
[ObsWS:info] 15:48:18.748 Reconnecting to OBS WebSocket (30000ms backoff)…
[ObsWS:warn] 15:48:20.781 Reconnect failed: One or more errors occurred. (Unable to connect to the remote server)
[ObsWS:info] 15:48:50.783 Reconnecting to OBS WebSocket (30000ms backoff)…
[ObsWS:warn] 15:48:52.828 Reconnect failed: One or more errors occurred. (Unable to connect to the remote server)
[ObsWS:info] 15:49:22.839 Reconnecting to OBS WebSocket (30000ms backoff)…
[ObsWS:warn] 15:49:24.853 Reconnect failed: One or more errors occurred. (Unable to connect to the remote server)
[ObsWS:info] 15:49:54.864 Reconnecting to OBS WebSocket (30000ms backoff)…
[ObsWS:warn] 15:49:56.908 Reconnect failed: One or more errors occurred. (Unable to connect to the remote server)
[ObsWS:info] 15:50:26.921 Reconnecting to OBS WebSocket (30000ms backoff)…
[ObsWS:warn] 15:50:28.982 Reconnect failed: One or more errors occurred. (Unable to connect to the remote server)
[ObsWS:info] 15:50:58.990 Reconnecting to OBS WebSocket (30000ms backoff)…
[ObsWS:warn] 15:51:01.021 Reconnect failed: One or more errors occurred. (Unable to connect to the remote server)
[ObsWS:info] 15:51:31.031 Reconnecting to OBS WebSocket (30000ms backoff)…
[ObsWS:warn] 15:51:33.090 Reconnect failed: One or more errors occurred. (Unable to connect to the remote server)
[ObsWS:info] 15:52:03.106 Reconnecting to OBS WebSocket (30000ms backoff)…
[ObsWS:warn] 15:52:05.120 Reconnect failed: One or more errors occurred. (Unable to connect to the remote server)
[ObsWS:info] 15:52:35.128 Reconnecting to OBS WebSocket (30000ms backoff)…
[ObsWS:warn] 15:52:37.173 Reconnect failed: One or more errors occurred. (Unable to connect to the remote server)
[ObsWS:info] 15:53:07.184 Reconnecting to OBS WebSocket (30000ms backoff)…
[ObsWS:warn] 15:53:09.216 Reconnect failed: One or more errors occurred. (Unable to connect to the remote server)
[ObsWS:info] 15:53:39.230 Reconnecting to OBS WebSocket (30000ms backoff)…
[ObsWS:warn] 15:53:41.279 Reconnect failed: One or more errors occurred. (Unable to connect to the remote server)
[ObsWS:info] 15:54:11.294 Reconnecting to OBS WebSocket (30000ms backoff)…
[ObsWS:warn] 15:54:13.342 Reconnect failed: One or more errors occurred. (Unable to connect to the remote server)
[ObsWS:info] 15:54:43.355 Reconnecting to OBS WebSocket (30000ms backoff)…
[ObsWS:warn] 15:54:45.401 Reconnect failed: One or more errors occurred. (Unable to connect to the remote server)
[ObsWS:info] 15:55:15.414 Reconnecting to OBS WebSocket (30000ms backoff)…
[ObsWS:warn] 15:55:17.475 Reconnect failed: One or more errors occurred. (Unable to connect to the remote server)
[ObsWS:info] 15:55:47.482 Reconnecting to OBS WebSocket (30000ms backoff)…
[ObsWS:warn] 15:55:49.503 Reconnect failed: One or more errors occurred. (Unable to connect to the remote server)
[ObsWS:info] 15:56:19.504 Reconnecting to OBS WebSocket (30000ms backoff)…
[ObsWS:warn] 15:56:21.518 Reconnect failed: One or more errors occurred. (Unable to connect to the remote server)
[ObsWS:info] 15:56:51.523 Reconnecting to OBS WebSocket (30000ms backoff)…
[ObsWS:warn] 15:56:53.547 Reconnect failed: One or more errors occurred. (Unable to connect to the remote server)
[ObsWS:info] 15:57:23.548 Reconnecting to OBS WebSocket (30000ms backoff)…
[ObsWS:warn] 15:57:25.595 Reconnect failed: One or more errors occurred. (Unable to connect to the remote server)
[ObsWS:info] 15:57:55.598 Reconnecting to OBS WebSocket (30000ms backoff)…
[ObsWS:warn] 15:57:57.656 Reconnect failed: One or more errors occurred. (Unable to connect to the remote server)
[ObsWS:info] 15:58:27.656 Reconnecting to OBS WebSocket (30000ms backoff)…
[ObsWS:warn] 15:58:29.674 Reconnect failed: One or more errors occurred. (Unable to connect to the remote server)
[ObsWS:info] 15:58:59.688 Reconnecting to OBS WebSocket (30000ms backoff)…
[ObsWS:warn] 15:59:01.748 Reconnect failed: One or more errors occurred. (Unable to connect to the remote server)
[ObsWS:info] 15:59:31.762 Reconnecting to OBS WebSocket (30000ms backoff)…
[ObsWS:warn] 15:59:33.793 Reconnect failed: One or more errors occurred. (Unable to connect to the remote server)
[ObsWS:info] 16:00:03.801 Reconnecting to OBS WebSocket (30000ms backoff)…
[ObsWS:warn] 16:00:05.836 Reconnect failed: One or more errors occurred. (Unable to connect to the remote server)
[ObsWS:info] 16:00:35.848 Reconnecting to OBS WebSocket (30000ms backoff)…
[ObsWS:warn] 16:00:37.896 Reconnect failed: One or more errors occurred. (Unable to connect to the remote server)
[ObsWS:info] 16:01:07.904 Reconnecting to OBS WebSocket (30000ms backoff)…
[ObsWS:warn] 16:01:09.937 Reconnect failed: One or more errors occurred. (Unable to connect to the remote server)
[ObsWS:info] 16:01:39.948 Reconnecting to OBS WebSocket (30000ms backoff)…
[ObsWS:warn] 16:01:41.974 Reconnect failed: One or more errors occurred. (Unable to connect to the remote server)
[ObsWS:info] 16:02:11.984 Reconnecting to OBS WebSocket (30000ms backoff)…
[ObsWS:warn] 16:02:14.006 Reconnect failed: One or more errors occurred. (Unable to connect to the remote server)
[ObsWS:info] 16:02:44.016 Reconnecting to OBS WebSocket (30000ms backoff)…
[ObsWS:warn] 16:02:46.040 Reconnect failed: One or more errors occurred. (Unable to connect to the remote server)
[ObsWS:info] 16:03:16.041 Reconnecting to OBS WebSocket (30000ms backoff)…
[ObsWS:warn] 16:03:18.067 Reconnect failed: One or more errors occurred. (Unable to connect to the remote server)
[ObsWS:info] 16:03:48.079 Reconnecting to OBS WebSocket (30000ms backoff)…
[ObsWS:warn] 16:03:50.111 Reconnect failed: One or more errors occurred. (Unable to connect to the remote server)
[ObsWS:info] 16:04:20.117 Reconnecting to OBS WebSocket (30000ms backoff)…
[ObsWS:warn] 16:04:22.175 Reconnect failed: One or more errors occurred. (Unable to connect to the remote server)
[ObsWS:info] 16:04:52.190 Reconnecting to OBS WebSocket (30000ms backoff)…
[ObsWS:warn] 16:04:54.234 Reconnect failed: One or more errors occurred. (Unable to connect to the remote server)
[ObsWS:info] 16:05:24.267 Reconnecting to OBS WebSocket (30000ms backoff)…
[ObsWS:warn] 16:05:26.350 Reconnect failed: One or more errors occurred. (Unable to connect to the remote server)
[ObsWS:info] 16:05:56.361 Reconnecting to OBS WebSocket (30000ms backoff)…
[ObsWS:warn] 16:05:58.389 Reconnect failed: One or more errors occurred. (Unable to connect to the remote server)
[ObsWS:info] 16:06:28.399 Reconnecting to OBS WebSocket (30000ms backoff)…
[ObsWS:warn] 16:06:30.446 Reconnect failed: One or more errors occurred. (Unable to connect to the remote server)
[ObsWS:info] 16:07:00.459 Reconnecting to OBS WebSocket (30000ms backoff)…
[ObsWS:warn] 16:07:02.515 Reconnect failed: One or more errors occurred. (Unable to connect to the remote server)
[ObsWS:info] 16:07:32.523 Reconnecting to OBS WebSocket (30000ms backoff)…
[ObsWS:warn] 16:07:34.568 Reconnect failed: One or more errors occurred. (Unable to connect to the remote server)
[ObsWS:info] 16:08:04.577 Reconnecting to OBS WebSocket (30000ms backoff)…
[ObsWS:warn] 16:08:06.627 Reconnect failed: One or more errors occurred. (Unable to connect to the remote server)
[ObsWS:info] 16:08:36.641 Reconnecting to OBS WebSocket (30000ms backoff)…
[ObsWS:warn] 16:08:38.688 Reconnect failed: One or more errors occurred. (Unable to connect to the remote server)
[ObsWS:info] 16:09:08.700 Reconnecting to OBS WebSocket (30000ms backoff)…
[ObsWS:warn] 16:09:10.745 Reconnect failed: One or more errors occurred. (Unable to connect to the remote server)
[ObsWS:info] 16:09:40.754 Reconnecting to OBS WebSocket (30000ms backoff)…
[ObsWS:warn] 16:09:42.809 Reconnect failed: One or more errors occurred. (Unable to connect to the remote server)
[ObsWS:info] 16:10:12.815 Reconnecting to OBS WebSocket (30000ms backoff)…
[ObsWS:warn] 16:10:14.915 Reconnect failed: One or more errors occurred. (Unable to connect to the remote server)
[ObsWS:info] 16:10:44.940 Reconnecting to OBS WebSocket (30000ms backoff)…
[ObsWS:warn] 16:10:46.997 Reconnect failed: One or more errors occurred. (Unable to connect to the remote server)
[ObsWS:info] 16:11:17.012 Reconnecting to OBS WebSocket (30000ms backoff)…
[ObsWS:warn] 16:11:19.062 Reconnect failed: One or more errors occurred. (Unable to connect to the remote server)
[ObsWS:info] 16:11:49.083 Reconnecting to OBS WebSocket (30000ms backoff)…
[ObsWS:warn] 16:11:51.138 Reconnect failed: One or more errors occurred. (Unable to connect to the remote server)
[ObsWS:info] 16:12:21.145 Reconnecting to OBS WebSocket (30000ms backoff)…
[ObsWS:warn] 16:12:23.216 Reconnect failed: One or more errors occurred. (Unable to connect to the remote server)
[ObsWS:info] 16:12:53.219 Reconnecting to OBS WebSocket (30000ms backoff)…
[ObsWS:warn] 16:12:55.281 Reconnect failed: One or more errors occurred. (Unable to connect to the remote server)
[ObsWS:info] 16:13:25.299 Reconnecting to OBS WebSocket (30000ms backoff)…
[ObsWS:warn] 16:13:27.352 Reconnect failed: One or more errors occurred. (Unable to connect to the remote server)
[ObsWS:info] 16:13:57.357 Reconnecting to OBS WebSocket (30000ms backoff)…
[ObsWS:warn] 16:13:59.408 Reconnect failed: One or more errors occurred. (Unable to connect to the remote server)
[ObsWS:info] 16:14:29.420 Reconnecting to OBS WebSocket (30000ms backoff)…
[ObsWS:warn] 16:14:31.520 Reconnect failed: One or more errors occurred. (Unable to connect to the remote server)
[ObsWS:info] 16:15:01.529 Reconnecting to OBS WebSocket (30000ms backoff)…
[ObsWS:warn] 16:15:03.583 Reconnect failed: One or more errors occurred. (Unable to connect to the remote server)
[ObsWS:info] 16:15:33.597 Reconnecting to OBS WebSocket (30000ms backoff)…
[ObsWS:warn] 16:15:35.654 Reconnect failed: One or more errors occurred. (Unable to connect to the remote server)
[ObsWS:info] 16:16:05.666 Reconnecting to OBS WebSocket (30000ms backoff)…
[ObsWS:warn] 16:16:07.709 Reconnect failed: One or more errors occurred. (Unable to connect to the remote server)
[ObsWS:info] 16:16:37.722 Reconnecting to OBS WebSocket (30000ms backoff)…
[ObsWS:warn] 16:16:39.791 Reconnect failed: One or more errors occurred. (Unable to connect to the remote server)
[ObsWS:info] 16:17:09.803 Reconnecting to OBS WebSocket (30000ms backoff)…
[ObsWS:warn] 16:17:11.865 Reconnect failed: One or more errors occurred. (Unable to connect to the remote server)
[ObsWS:info] 16:17:41.874 Reconnecting to OBS WebSocket (30000ms backoff)…
[ObsWS:warn] 16:17:43.949 Reconnect failed: One or more errors occurred. (Unable to connect to the remote server)
[ObsWS:info] 16:18:13.956 Reconnecting to OBS WebSocket (30000ms backoff)…
[ObsWS:warn] 16:18:16.025 Reconnect failed: One or more errors occurred. (Unable to connect to the remote server)
[ObsWS:info] 16:18:46.037 Reconnecting to OBS WebSocket (30000ms backoff)…
[ObsWS:warn] 16:18:48.121 Reconnect failed: One or more errors occurred. (Unable to connect to the remote server)
[ObsWS:info] 16:19:18.130 Reconnecting to OBS WebSocket (30000ms backoff)…
[ObsWS:warn] 16:19:20.208 Reconnect failed: One or more errors occurred. (Unable to connect to the remote server)
[ObsWS:info] 16:19:50.212 Reconnecting to OBS WebSocket (30000ms backoff)…
[ObsWS:warn] 16:19:52.262 Reconnect failed: One or more errors occurred. (Unable to connect to the remote server)
[ObsWS:info] 16:20:22.279 Reconnecting to OBS WebSocket (30000ms backoff)…
[ObsWS:warn] 16:20:24.330 Reconnect failed: One or more errors occurred. (Unable to connect to the remote server)
[ObsWS:info] 16:20:54.343 Reconnecting to OBS WebSocket (30000ms backoff)…
[ObsWS:warn] 16:20:56.403 Reconnect failed: One or more errors occurred. (Unable to connect to the remote server)
[ObsWS:info] 16:21:26.412 Reconnecting to OBS WebSocket (30000ms backoff)…
[ObsWS:warn] 16:21:28.466 Reconnect failed: One or more errors occurred. (Unable to connect to the remote server)
[ObsWS:info] 16:21:58.473 Reconnecting to OBS WebSocket (30000ms backoff)…
[ObsWS:warn] 16:22:00.509 Reconnect failed: One or more errors occurred. (Unable to connect to the remote server)
[ObsWS:info] 16:22:30.516 Reconnecting to OBS WebSocket (30000ms backoff)…
[ObsWS:warn] 16:22:32.578 Reconnect failed: One or more errors occurred. (Unable to connect to the remote server)
[ObsWS:info] 16:23:02.585 Reconnecting to OBS WebSocket (30000ms backoff)…
[ObsWS:warn] 16:23:04.735 Reconnect failed: One or more errors occurred. (Unable to connect to the remote server)
[ObsWS:info] 16:23:34.745 Reconnecting to OBS WebSocket (30000ms backoff)…
[ObsWS:warn] 16:23:36.805 Reconnect failed: One or more errors occurred. (Unable to connect to the remote server)
[ObsWS:info] 16:24:06.820 Reconnecting to OBS WebSocket (30000ms backoff)…
[ObsWS:warn] 16:24:08.868 Reconnect failed: One or more errors occurred. (Unable to connect to the remote server)
[ObsWS:info] 16:24:38.876 Reconnecting to OBS WebSocket (30000ms backoff)…
[ObsWS:warn] 16:24:40.919 Reconnect failed: One or more errors occurred. (Unable to connect to the remote server)
[ObsWS:info] 16:25:10.928 Reconnecting to OBS WebSocket (30000ms backoff)…
[ObsWS:warn] 16:25:12.973 Reconnect failed: One or more errors occurred. (Unable to connect to the remote server)
[ObsWS:info] 16:25:42.988 Reconnecting to OBS WebSocket (30000ms backoff)…
[ObsWS:warn] 16:25:45.038 Reconnect failed: One or more errors occurred. (Unable to connect to the remote server)
[ObsWS:info] 16:26:15.050 Reconnecting to OBS WebSocket (30000ms backoff)…
[ObsWS:warn] 16:26:17.110 Reconnect failed: One or more errors occurred. (Unable to connect to the remote server)
[ObsWS:info] 16:26:47.126 Reconnecting to OBS WebSocket (30000ms backoff)…
[ObsWS:warn] 16:26:49.178 Reconnect failed: One or more errors occurred. (Unable to connect to the remote server)
[ObsWS:info] 16:27:19.185 Reconnecting to OBS WebSocket (30000ms backoff)…
[ObsWS:warn] 16:27:21.242 Reconnect failed: One or more errors occurred. (Unable to connect to the remote server)
[ObsWS:info] 16:27:51.243 Reconnecting to OBS WebSocket (30000ms backoff)…
[ObsWS:warn] 16:27:53.295 Reconnect failed: One or more errors occurred. (Unable to connect to the remote server)
[ObsWS:info] 16:28:23.303 Reconnecting to OBS WebSocket (30000ms backoff)…
[ObsWS:warn] 16:28:25.362 Reconnect failed: One or more errors occurred. (Unable to connect to the remote server)
[ObsWS:info] 16:28:55.379 Reconnecting to OBS WebSocket (30000ms backoff)…
[ObsWS:warn] 16:28:57.438 Reconnect failed: One or more errors occurred. (Unable to connect to the remote server)
[ObsWS:info] 16:29:27.453 Reconnecting to OBS WebSocket (30000ms backoff)…
[ObsWS:warn] 16:29:29.526 Reconnect failed: One or more errors occurred. (Unable to connect to the remote server)
[ObsWS:info] 16:29:59.531 Reconnecting to OBS WebSocket (30000ms backoff)…
[ObsWS:warn] 16:30:01.586 Reconnect failed: One or more errors occurred. (Unable to connect to the remote server)
[ObsWS:info] 16:30:31.595 Reconnecting to OBS WebSocket (30000ms backoff)…
[ObsWS:warn] 16:30:33.640 Reconnect failed: One or more errors occurred. (Unable to connect to the remote server)
[ObsWS:info] 16:31:03.650 Reconnecting to OBS WebSocket (30000ms backoff)…
[ObsWS:warn] 16:31:05.707 Reconnect failed: One or more errors occurred. (Unable to connect to the remote server)
[ObsWS:info] 16:31:35.711 Reconnecting to OBS WebSocket (30000ms backoff)…
[ObsWS:warn] 16:31:37.762 Reconnect failed: One or more errors occurred. (Unable to connect to the remote server)
[ObsWS:info] 16:32:07.776 Reconnecting to OBS WebSocket (30000ms backoff)…
[ObsWS:warn] 16:32:09.825 Reconnect failed: One or more errors occurred. (Unable to connect to the remote server)
[ObsWS:info] 16:32:39.835 Reconnecting to OBS WebSocket (30000ms backoff)…
[ObsWS:warn] 16:32:41.873 Reconnect failed: One or more errors occurred. (Unable to connect to the remote server)
[ObsWS:info] 16:33:11.885 Reconnecting to OBS WebSocket (30000ms backoff)…
[ObsWS:warn] 16:33:13.943 Reconnect failed: One or more errors occurred. (Unable to connect to the remote server)
[ObsWS:info] 16:33:43.950 Reconnecting to OBS WebSocket (30000ms backoff)…
[ObsWS:warn] 16:33:46.010 Reconnect failed: One or more errors occurred. (Unable to connect to the remote server)
[ObsWS:info] 16:34:16.013 Reconnecting to OBS WebSocket (30000ms backoff)…
[ObsWS:warn] 16:34:18.053 Reconnect failed: One or more errors occurred. (Unable to connect to the remote server)
[ObsWS:info] 16:34:48.065 Reconnecting to OBS WebSocket (30000ms backoff)…
[ObsWS:warn] 16:34:50.120 Reconnect failed: One or more errors occurred. (Unable to connect to the remote server)
[ObsWS:info] 16:35:20.132 Reconnecting to OBS WebSocket (30000ms backoff)…
[ObsWS:warn] 16:35:22.195 Reconnect failed: One or more errors occurred. (Unable to connect to the remote server)
[ObsWS:info] 16:35:52.206 Reconnecting to OBS WebSocket (30000ms backoff)…
[ObsWS:warn] 16:35:54.273 Reconnect failed: One or more errors occurred. (Unable to connect to the remote server)
[ObsWS:info] 16:36:24.283 Reconnecting to OBS WebSocket (30000ms backoff)…
[ObsWS:warn] 16:36:26.340 Reconnect failed: One or more errors occurred. (Unable to connect to the remote server)
[ObsWS:info] 16:36:56.349 Reconnecting to OBS WebSocket (30000ms backoff)…
[ObsWS:warn] 16:36:58.412 Reconnect failed: One or more errors occurred. (Unable to connect to the remote server)
[ObsWS:info] 16:37:28.427 Reconnecting to OBS WebSocket (30000ms backoff)…
[ObsWS:warn] 16:37:30.483 Reconnect failed: One or more errors occurred. (Unable to connect to the remote server)
[ObsWS:info] 16:38:00.490 Reconnecting to OBS WebSocket (30000ms backoff)…
[ObsWS:warn] 16:38:02.534 Reconnect failed: One or more errors occurred. (Unable to connect to the remote server)
[ObsWS:info] 16:38:32.548 Reconnecting to OBS WebSocket (30000ms backoff)…
[ObsWS:warn] 16:38:34.591 Reconnect failed: One or more errors occurred. (Unable to connect to the remote server)
[ObsWS:info] 16:39:04.593 Reconnecting to OBS WebSocket (30000ms backoff)…
[ObsWS:warn] 16:39:06.656 Reconnect failed: One or more errors occurred. (Unable to connect to the remote server)
[ObsWS:info] 16:39:36.665 Reconnecting to OBS WebSocket (30000ms backoff)…
[ObsWS:warn] 16:39:38.716 Reconnect failed: One or more errors occurred. (Unable to connect to the remote server)
[ObsWS:info] 16:40:08.730 Reconnecting to OBS WebSocket (30000ms backoff)…
[ObsWS:warn] 16:40:10.775 Reconnect failed: One or more errors occurred. (Unable to connect to the remote server)
[ObsWS:info] 16:40:40.790 Reconnecting to OBS WebSocket (30000ms backoff)…
[ObsWS:warn] 16:40:42.835 Reconnect failed: One or more errors occurred. (Unable to connect to the remote server)
[ObsWS:info] 16:41:12.841 Reconnecting to OBS WebSocket (30000ms backoff)…
[ObsWS:warn] 16:41:14.887 Reconnect failed: One or more errors occurred. (Unable to connect to the remote server)
[ObsWS:info] 16:41:44.899 Reconnecting to OBS WebSocket (30000ms backoff)…
[ObsWS:warn] 16:41:46.950 Reconnect failed: One or more errors occurred. (Unable to connect to the remote server)
[ObsWS:info] 16:42:16.961 Reconnecting to OBS WebSocket (30000ms backoff)…
[ObsWS:warn] 16:42:19.017 Reconnect failed: One or more errors occurred. (Unable to connect to the remote server)
[ObsWS:info] 16:42:49.020 Reconnecting to OBS WebSocket (30000ms backoff)…
[ObsWS:warn] 16:42:51.081 Reconnect failed: One or more errors occurred. (Unable to connect to the remote server)
[ObsWS:info] 16:43:24.010 Reconnecting to OBS WebSocket (30000ms backoff)…
[ObsWS:warn] 16:43:26.042 Reconnect failed: One or more errors occurred. (Unable to connect to the remote server)
[ObsWS:info] 16:43:56.057 Reconnecting to OBS WebSocket (30000ms backoff)…
[ObsWS:warn] 16:43:58.119 Reconnect failed: One or more errors occurred. (Unable to connect to the remote server)
[ObsWS:info] 16:44:28.132 Reconnecting to OBS WebSocket (30000ms backoff)…
[ObsWS:warn] 16:44:30.177 Reconnect failed: One or more errors occurred. (Unable to connect to the remote server)
[ObsWS:info] 16:45:00.187 Reconnecting to OBS WebSocket (30000ms backoff)…
[ObsWS:warn] 16:45:02.235 Reconnect failed: One or more errors occurred. (Unable to connect to the remote server)
[ObsWS:info] 16:45:32.249 Reconnecting to OBS WebSocket (30000ms backoff)…
[ObsWS:warn] 16:45:34.292 Reconnect failed: One or more errors occurred. (Unable to connect to the remote server)
[ObsWS:info] 16:46:04.294 Reconnecting to OBS WebSocket (30000ms backoff)…
[ObsWS:warn] 16:46:06.354 Reconnect failed: One or more errors occurred. (Unable to connect to the remote server)
[ObsWS:info] 16:46:36.364 Reconnecting to OBS WebSocket (30000ms backoff)…
[ObsWS:warn] 16:46:38.414 Reconnect failed: One or more errors occurred. (Unable to connect to the remote server)
[ObsWS:info] 16:47:08.418 Reconnecting to OBS WebSocket (30000ms backoff)…
[ObsWS:warn] 16:47:10.459 Reconnect failed: One or more errors occurred. (Unable to connect to the remote server)
[ObsWS:info] 16:47:40.463 Reconnecting to OBS WebSocket (30000ms backoff)…
[ObsWS:warn] 16:47:42.496 Reconnect failed: One or more errors occurred. (Unable to connect to the remote server)
[ObsWS:info] 16:48:12.506 Reconnecting to OBS WebSocket (30000ms backoff)…
[ObsWS:warn] 16:48:14.564 Reconnect failed: One or more errors occurred. (Unable to connect to the remote server)
[ObsWS:info] 16:48:44.569 Reconnecting to OBS WebSocket (30000ms backoff)…
[ObsWS:warn] 16:48:46.617 Reconnect failed: One or more errors occurred. (Unable to connect to the remote server)
[ObsWS:info] 16:49:16.620 Reconnecting to OBS WebSocket (30000ms backoff)…
[ObsWS:warn] 16:49:18.679 Reconnect failed: One or more errors occurred. (Unable to connect to the remote server)
[ObsWS:info] 16:49:48.695 Reconnecting to OBS WebSocket (30000ms backoff)…
[ObsWS:warn] 16:49:50.752 Reconnect failed: One or more errors occurred. (Unable to connect to the remote server)
[ObsWS:info] 16:50:20.756 Reconnecting to OBS WebSocket (30000ms backoff)…
[ObsWS:warn] 16:50:22.777 Reconnect failed: One or more errors occurred. (Unable to connect to the remote server)
[ObsWS:info] 16:50:52.788 Reconnecting to OBS WebSocket (30000ms backoff)…
[ObsWS:warn] 16:50:54.823 Reconnect failed: One or more errors occurred. (Unable to connect to the remote server)
[ObsWS:info] 16:51:24.829 Reconnecting to OBS WebSocket (30000ms backoff)…
[ObsWS:warn] 16:51:26.861 Reconnect failed: One or more errors occurred. (Unable to connect to the remote server)
[ObsWS:info] 16:51:56.869 Reconnecting to OBS WebSocket (30000ms backoff)…
[ObsWS:warn] 16:51:58.882 Reconnect failed: One or more errors occurred. (Unable to connect to the remote server)
[ObsWS:info] 16:52:28.888 Reconnecting to OBS WebSocket (30000ms backoff)…
[ObsWS:warn] 16:52:30.929 Reconnect failed: One or more errors occurred. (Unable to connect to the remote server)
