[05:01:18:36:223][E][CNTNR:12272:14836] CServerImpl::GetCaptureSessionParam: GetCaptureSessionParam Failed. 0x8004023A
[05:01:18:36:224][E][CNTNR:12272:14836] ShadowPlayServerPlugin::ProcessReceivedIpcMessage: m_pSPServer->GetCaptureSessionParam [0x8004023a]
[05:01:18:36:224][E][NODJS:25616: 6564] CShadowPlayApi::GetCaptureSessionParam: fail hr[0x8004023a]
[05:01:18:36:235][R][SHARE:25640:24824] COverlayApi::GetFullscreenState: OUT(0x00000000) wxh[0 x 0] process[] dwm[0] borderless[0] fullscreen[0] IsHdrActive:0
[05:01:18:36:236][R][SHARE:25640:24824] COverlayApi::GetFullscreenState: OUT(0x00000000) wxh[0 x 0] process[] dwm[0] borderless[0] fullscreen[0] IsHdrActive:0
[05:01:18:36:237][R][SHARE:25640:24824] COverlayApi::SetInputRedirectionMode: mode[3] NumRects[0]
[05:01:18:36:244][R][NODJS:25616:27384] CShadowPlayApi::SetProperty: IN(CoPlayEnabled)
[05:01:18:36:244][R][CNTNR:12272:14836] CServerImpl::SetProperty: IN pArgs[0X4AE89040] property(CoPlayEnabled)
[05:01:18:36:244][R][CNTNR:12272:14836] CSettings::SetProperty: CoPlayEnabled
[05:01:18:36:244][R][CNTNR:12272:14836] enableCoPlay = False
[05:01:18:36:279][R][SHARE:25640:24824] CShadowPlayApi::SetCaptureSessionParam: IN hSession(0XFFFFFFFF) uiCmd(20)
[05:01:18:36:296][R][CNTNR:12272:14836] CServerImpl::SetCaptureSessionParam: IN cmd(20) hSession(0XFFFFFFFF)
[05:01:18:36:296][R][CNTNR:12272:14836] CServerIpc::SetSP : IN(25640, 5)
[05:01:18:36:297][R][CNTNR:20628:18448] ShadowPlayServicePlugin::ProcessReceivedIpcMessage: ServiceMsgTypeSP PID(25640), P(5) hRes = 0x00000000
[05:01:18:36:298][R][SHARE:25640:24824] COverlayApi::SetSP: (25640, 5) 
[05:01:18:36:298][R][SHARE:25640:24824] CShadowPlayApi::SetCaptureSessionParam: IN hSession(0XFFFFFFFF) uiCmd(20)
[05:01:18:36:299][R][CNTNR:12272:14836] CServerImpl::SetCaptureSessionParam: IN cmd(20) hSession(0XFFFFFFFF)
[05:01:18:36:299][R][CNTNR:12272:14836] CServerIpc::SetSP : IN(19300, 5)
[05:01:18:36:300][R][CNTNR:20628:18448] ShadowPlayServicePlugin::ProcessReceivedIpcMessage: ServiceMsgTypeSP PID(19300), P(5) hRes = 0x00000000
[05:01:18:36:301][R][SHARE:25640:24824] COverlayApi::SetSP: (19300, 5) 
[05:01:18:36:427][R][NODJS:25616:12060] CShadowPlayApi::SetProperty: IN(DisplayWebcam)
[05:01:18:36:428][R][CNTNR:12272:14836] CServerImpl::SetProperty: IN pArgs[0X4AE89040] property(DisplayWebcam)
[05:01:18:36:428][R][CNTNR:12272:14836] CSettings::SetProperty: DisplayWebcam
[05:01:18:36:429][R][NODJS:25616:12060] CShadowPlayApi::SetProperty: IN(WebcamPosition)
[05:01:18:36:430][R][CNTNR:12272:14836] CServerImpl::SetProperty: IN pArgs[0X4AE89040] property(WebcamPosition)
[05:01:18:36:430][R][CNTNR:12272:14836] CSettings::SetProperty: WebcamPosition
[05:01:18:36:431][R][CNTNR:12272:14836] WebcamPos = RightBottom
[05:01:18:36:431][R][CNTNR:12272:14836] CServerImpl::HandleSettingChange: IN msg(205) w(0x2) l(0x0)
[05:01:18:36:431][R][CNTNR:12272:14836] CCaptureControl::HandleEvent: IN(205, 2, 0)
[05:01:18:36:431][R][NODJS:25616:12060] CShadowPlayApi::SetProperty: IN(WebcamSize)
[05:01:18:36:432][R][CNTNR:12272:14836] CServerImpl::SetProperty: IN pArgs[0X4AE89040] property(WebcamSize)
[05:01:18:36:432][R][CNTNR:12272:14836] CSettings::SetProperty: WebcamSize
[05:01:18:36:432][R][CNTNR:12272:14836] WebcamSize = Small
[05:01:18:36:432][R][CNTNR:12272:14836] CServerImpl::HandleSettingChange: IN msg(206) w(0x1) l(0x0)
[05:01:18:36:432][R][CNTNR:12272:14836] CCaptureControl::HandleEvent: IN(206, 1, 0)
[05:01:18:36:437][R][NODJS:25616: 9072] CShadowPlayApi::SetCaptureSessionParam: IN hSession(0XFFFFFFFF) uiCmd(13)
[05:01:18:36:439][R][CNTNR:12272:14836] CServerImpl::SetCaptureSessionParam: IN cmd(13) hSession(0XFFFFFFFF)
[05:01:18:38:568][E][CNTNR:12272:14836] CSharedDataManager::GetFocusProcInfo: No valid process in focus
[05:01:18:38:568][E][CNTNR:12272:14836] CCaptureControl::GetCaptureProcInfo: GetFocusProcInfo failed(0x8004023A)
[05:01:18:38:568][E][CNTNR:12272:14836] CCaptureControl::GetParam: failed(cmd = 15) 0x8004023A
[05:01:18:38:568][E][CNTNR:12272:14836] CServerImpl::GetCaptureSessionParam: GetCaptureSessionParam Failed. 0x8004023A
[05:01:18:38:568][E][CNTNR:12272:14836] ShadowPlayServerPlugin::ProcessReceivedIpcMessage: m_pSPServer->GetCaptureSessionParam [0x8004023a]
[05:01:18:38:568][E][NODJS:25616:26612] CShadowPlayApi::GetCaptureSessionParam: fail hr[0x8004023a]
[05:01:18:38:573][R][SHARE:25640:24824] COverlayApi::GetFullscreenState: OUT(0x00000000) wxh[0 x 0] process[] dwm[0] borderless[0] fullscreen[0] IsHdrActive:0
[05:01:18:39:648][E][CNTNR:12272:14836] CSharedDataManager::GetFocusProcInfo: No valid process in focus
[05:01:18:39:648][E][CNTNR:12272:14836] CCaptureControl::GetCaptureProcInfo: GetFocusProcInfo failed(0x8004023A)
[05:01:18:39:648][E][CNTNR:12272:14836] CCaptureControl::GetParam: failed(cmd = 15) 0x8004023A
[05:01:18:39:648][E][CNTNR:12272:14836] CServerImpl::GetCaptureSessionParam: GetCaptureSessionParam Failed. 0x8004023A
[05:01:18:39:648][E][CNTNR:12272:14836] ShadowPlayServerPlugin::ProcessReceivedIpcMessage: m_pSPServer->GetCaptureSessionParam [0x8004023a]
[05:01:18:39:649][E][NODJS:25616: 2888] CShadowPlayApi::GetCaptureSessionParam: fail hr[0x8004023a]
[05:01:18:39:654][R][SHARE:25640:24824] COverlayApi::GetFullscreenState: OUT(0x00000000) wxh[0 x 0] process[] dwm[0] borderless[0] fullscreen[0] IsHdrActive:0
[05:01:18:47:953][R][NODJS:25616:10588] CShadowPlayApi::SetCaptureSessionParam: IN hSession(0XFFFFFFFF) uiCmd(13)
[05:01:18:47:954][R][CNTNR:12272:14836] CServerImpl::SetCaptureSessionParam: IN cmd(13) hSession(0XFFFFFFFF)
[05:01:18:47:965][R][NODJS:25616:27484] CShadowPlayApi::SetCaptureSessionParam: IN hSession(0XFFFFFFFF) uiCmd(13)
[05:01:18:47:965][R][CNTNR:12272:14836] CServerImpl::SetCaptureSessionParam: IN cmd(13) hSession(0XFFFFFFFF)
[05:01:18:49:636][R][NODJS:25616:20536] CShadowPlayApi::SetCaptureSessionParam: IN hSession(0XFFFFFFFF) uiCmd(13)
[05:01:18:49:636][R][CNTNR:12272:14836] CServerImpl::SetCaptureSessionParam: IN cmd(13) hSession(0XFFFFFFFF)
[05:01:18:49:637][R][NODJS:25616: 8588] CShadowPlayApi::SetCaptureSessionParam: IN hSession(0XFFFFFFFF) uiCmd(13)
[05:01:18:49:638][R][CNTNR:12272:14836] CServerImpl::SetCaptureSessionParam: IN cmd(13) hSession(0XFFFFFFFF)
[05:01:18:51:330][R][NODJS:25616:26836] CShadowPlayApi::SetCaptureSessionParam: IN hSession(0XFFFFFFFF) uiCmd(13)
[05:01:18:51:330][R][CNTNR:12272:14836] CServerImpl::SetCaptureSessionParam: IN cmd(13) hSession(0XFFFFFFFF)
[05:01:18:51:333][R][SHARE:25640:24824] CShadowPlayApi::SetCaptureSessionParam: IN hSession(0XFFFFFFFF) uiCmd(20)
[05:01:18:51:333][R][CNTNR:12272:14836] CServerImpl::SetCaptureSessionParam: IN cmd(20) hSession(0XFFFFFFFF)
[05:01:18:51:334][R][CNTNR:12272:14836] CServerIpc::SetSP : IN(25640, 2)
[05:01:18:51:334][R][NODJS:25616:13916] CShadowPlayApi::SetCaptureSessionParam: IN hSession(0XFFFFFFFF) uiCmd(13)
[05:01:18:51:335][R][CNTNR:20628:18448] ShadowPlayServicePlugin::ProcessReceivedIpcMessage: ServiceMsgTypeSP PID(25640), P(2) hRes = 0x00000000
[05:01:18:51:336][R][CNTNR:12272:14836] CServerImpl::SetCaptureSessionParam: IN cmd(13) hSession(0XFFFFFFFF)
[05:01:18:51:336][R][SHARE:25640:24824] COverlayApi::SetSP: (25640, 2) 
[05:01:18:51:336][R][SHARE:25640:24824] CShadowPlayApi::SetCaptureSessionParam: IN hSession(0XFFFFFFFF) uiCmd(20)
[05:01:18:51:337][R][CNTNR:12272:14836] CServerImpl::SetCaptureSessionParam: IN cmd(20) hSession(0XFFFFFFFF)
[05:01:18:51:337][R][CNTNR:12272:14836] CServerIpc::SetSP : IN(19300, 2)
[05:01:18:51:338][R][CNTNR:20628:18448] ShadowPlayServicePlugin::ProcessReceivedIpcMessage: ServiceMsgTypeSP PID(19300), P(2) hRes = 0x00000000
[05:01:18:51:339][R][SHARE:25640:24824] COverlayApi::SetSP: (19300, 2) 
[05:01:18:51:340][R][SHARE:25640:24824] COverlayApi::GetFullscreenState: OUT(0x00000000) wxh[0 x 0] process[] dwm[0] borderless[0] fullscreen[0] IsHdrActive:0
[05:01:18:51:344][R][SHARE:25640:24824] COverlayApi::SetInputRedirectionMode: mode[4] NumRects[0]
[05:01:19:56:169][R][CNTNR:12272:12752] CCaptureSession::DeferredExecute: Destroying session(0X4AE787D0)
[05:01:19:56:170][E][CNTNR:12272:12752] CSPWorkerThread::Stop: Trying to stop the thread from itself.
[05:01:20:17:927][R][CNTNR:12272:13920] CServerImpl::ProcessEvents: IN msg(126)
[05:01:20:17:927][R][CNTNR:12272:13920] CServerImpl::ProcessEvents: WM_DISPLAYCHANGE - WxH[1680 x 1050]
[05:01:20:17:932][R][CNTNR:12272:13920] Physical display count changed from 3 to 2
[05:01:20:17:936][R][CNTNR:12272:13920] CServerImpl::HandleSettingChange: IN msg(34) w(0x0) l(0x4DB10D00)
[05:01:20:17:936][R][CNTNR:12272:13920] CCaptureControl::HandleEvent: IN(34, 0, 1303448832)
[05:01:20:17:936][R][CNTNR:12272:13920] CCaptureControl::HandleEvent: Soc state [0]
[05:01:20:17:936][R][CNTNR:12272:13920] CServerImpl::HandleSettingChange: IN msg(32) w(0x0) l(0x0)
[05:01:20:17:936][R][CNTNR:12272:13920] CCaptureControl::HandleEvent: IN(32, 0, 0)
[05:01:20:17:936][R][CNTNR:12272:13920] CCaptureControl::HandleEvent: primary display HDR [0]
[05:01:20:38:300][R][CNTNR:12272:13920] CServerImpl::ProcessEvents: IN msg(126)
[05:01:20:38:300][R][CNTNR:12272:13920] CServerImpl::ProcessEvents: WM_DISPLAYCHANGE - WxH[1680 x 1050]
[05:01:20:38:421][E][WUDFHost:14896:24080] QueryShadowPlayDdiShimStatusIN
[05:01:20:38:446][R][CNTNR:12272:13920] Physical display count changed from 2 to 3
[05:01:20:38:449][R][CNTNR:12272:13920] CServerImpl::HandleSettingChange: IN msg(34) w(0x0) l(0x4DB10D00)
[05:01:20:38:449][R][CNTNR:12272:13920] CCaptureControl::HandleEvent: IN(34, 0, 1303448832)
[05:01:20:38:449][R][CNTNR:12272:13920] CCaptureControl::HandleEvent: Soc state [0]
[05:01:20:38:449][R][CNTNR:12272:13920] CServerImpl::HandleSettingChange: IN msg(32) w(0x0) l(0x0)
[05:01:20:38:449][R][CNTNR:12272:13920] CCaptureControl::HandleEvent: IN(32, 0, 0)
[05:01:20:38:450][R][CNTNR:12272:13920] CCaptureControl::HandleEvent: primary display HDR [0]
[05:01:20:38:623][E][WUDFHost:14896:24080] QueryShadowPlayDdiShimStatusIN
[05:01:20:38:658][E][spacedeskService:4224:19240] QueryShadowPlayDdiShimStatusIN
[05:01:20:38:780][E][spacedeskService:4224:26952] QueryShadowPlayDdiShimStatusIN
[05:01:20:39:330][E][spacedeskService:4224:26952] QueryShadowPlayDdiShimStatusIN
[05:01:20:41:426][E][wallpaper32:11428:11432] QueryShadowPlayDdiShimStatusIN
[05:01:20:42:908][E][wallpaper32:11428:11432] QueryShadowPlayDdiShimStatusIN
[05:01:22:09:397][R][HELPR:13504: 2204] CShadowPlayHelper::ProcessWindowMessges: WMHK 7
[05:01:22:09:423][R][NODJS:25616:17344] CShadowPlayHotkeyReceiver::PluginCallback: Received message 7
[05:01:22:09:743][E][CNTNR:12272:14836] CSharedDataManager::GetFocusProcInfo: No valid process in focus
[05:01:22:09:743][E][CNTNR:12272:14836] CCaptureControl::GetCaptureProcInfo: GetFocusProcInfo failed(0x8004023A)
[05:01:22:09:743][E][CNTNR:12272:14836] CCaptureControl::GetParam: failed(cmd = 15) 0x8004023A
[05:01:22:09:743][E][CNTNR:12272:14836] CServerImpl::GetCaptureSessionParam: GetCaptureSessionParam Failed. 0x8004023A
[05:01:22:09:743][E][CNTNR:12272:14836] ShadowPlayServerPlugin::ProcessReceivedIpcMessage: m_pSPServer->GetCaptureSessionParam [0x8004023a]
[05:01:22:09:744][E][NODJS:25616:27596] CShadowPlayApi::GetCaptureSessionParam: fail hr[0x8004023a]
[05:01:22:09:752][R][SHARE:25640:24824] COverlayApi::GetFullscreenState: OUT(0x00000000) wxh[0 x 0] process[] dwm[0] borderless[0] fullscreen[0] IsHdrActive:0
[05:01:22:09:753][R][SHARE:25640:24824] COverlayApi::GetFullscreenState: OUT(0x00000000) wxh[0 x 0] process[] dwm[0] borderless[0] fullscreen[0] IsHdrActive:0
[05:01:22:09:753][R][SHARE:25640:24824] COverlayApi::SetInputRedirectionMode: mode[3] NumRects[0]
[05:01:22:09:764][R][NODJS:25616:28348] CShadowPlayApi::SetProperty: IN(CoPlayEnabled)
[05:01:22:09:765][R][CNTNR:12272:14836] CServerImpl::SetProperty: IN pArgs[0X4AE89040] property(CoPlayEnabled)
[05:01:22:09:765][R][CNTNR:12272:14836] CSettings::SetProperty: CoPlayEnabled
[05:01:22:09:766][R][CNTNR:12272:14836] enableCoPlay = False
[05:01:22:09:796][R][SHARE:25640:24824] CShadowPlayApi::SetCaptureSessionParam: IN hSession(0XFFFFFFFF) uiCmd(20)
[05:01:22:09:855][R][CNTNR:12272:14836] CServerImpl::SetCaptureSessionParam: IN cmd(20) hSession(0XFFFFFFFF)
[05:01:22:09:855][R][CNTNR:12272:14836] CServerIpc::SetSP : IN(25640, 5)
[05:01:22:09:858][R][CNTNR:20628:18448] ShadowPlayServicePlugin::ProcessReceivedIpcMessage: ServiceMsgTypeSP PID(25640), P(5) hRes = 0x00000000
[05:01:22:09:859][R][SHARE:25640:24824] COverlayApi::SetSP: (25640, 5) 
[05:01:22:09:859][R][SHARE:25640:24824] CShadowPlayApi::SetCaptureSessionParam: IN hSession(0XFFFFFFFF) uiCmd(20)
[05:01:22:09:861][R][CNTNR:12272:14836] CServerImpl::SetCaptureSessionParam: IN cmd(20) hSession(0XFFFFFFFF)
[05:01:22:09:861][R][CNTNR:12272:14836] CServerIpc::SetSP : IN(19300, 5)
[05:01:22:09:862][R][CNTNR:20628:18448] ShadowPlayServicePlugin::ProcessReceivedIpcMessage: ServiceMsgTypeSP PID(19300), P(5) hRes = 0x00000000
[05:01:22:09:863][R][SHARE:25640:24824] COverlayApi::SetSP: (19300, 5) 
[05:01:22:10:047][R][NODJS:25616:25140] CShadowPlayApi::SetProperty: IN(DisplayWebcam)
[05:01:22:10:048][R][CNTNR:12272:14836] CServerImpl::SetProperty: IN pArgs[0X4AE89040] property(DisplayWebcam)
[05:01:22:10:048][R][CNTNR:12272:14836] CSettings::SetProperty: DisplayWebcam
[05:01:22:10:048][R][NODJS:25616:25140] CShadowPlayApi::SetProperty: IN(WebcamPosition)
[05:01:22:10:049][R][CNTNR:12272:14836] CServerImpl::SetProperty: IN pArgs[0X4AE89040] property(WebcamPosition)
[05:01:22:10:049][R][CNTNR:12272:14836] CSettings::SetProperty: WebcamPosition
[05:01:22:10:049][R][CNTNR:12272:14836] WebcamPos = RightBottom
[05:01:22:10:049][R][CNTNR:12272:14836] CServerImpl::HandleSettingChange: IN msg(205) w(0x2) l(0x0)
[05:01:22:10:049][R][CNTNR:12272:14836] CCaptureControl::HandleEvent: IN(205, 2, 0)
[05:01:22:10:052][R][NODJS:25616:25140] CShadowPlayApi::SetProperty: IN(WebcamSize)
[05:01:22:10:054][R][CNTNR:12272:14836] CServerImpl::SetProperty: IN pArgs[0X4AE89040] property(WebcamSize)
[05:01:22:10:054][R][CNTNR:12272:14836] CSettings::SetProperty: WebcamSize
[05:01:22:10:054][R][CNTNR:12272:14836] WebcamSize = Small
[05:01:22:10:054][R][CNTNR:12272:14836] CServerImpl::HandleSettingChange: IN msg(206) w(0x1) l(0x0)
[05:01:22:10:054][R][CNTNR:12272:14836] CCaptureControl::HandleEvent: IN(206, 1, 0)
[05:01:22:10:084][R][NODJS:25616:27384] CShadowPlayApi::SetCaptureSessionParam: IN hSession(0XFFFFFFFF) uiCmd(13)
[05:01:22:10:085][R][CNTNR:12272:14836] CServerImpl::SetCaptureSessionParam: IN cmd(13) hSession(0XFFFFFFFF)
[05:01:22:12:619][R][HELPR:13504: 2204] CShadowPlayHelper::ProcessWindowMessges: WMHK 7
[05:01:22:12:632][R][NODJS:25616:17344] CShadowPlayHotkeyReceiver::PluginCallback: Received message 7
[05:01:22:12:673][R][SHARE:25640:24824] CShadowPlayApi::SetCaptureSessionParam: IN hSession(0XFFFFFFFF) uiCmd(20)
[05:01:22:12:674][R][CNTNR:12272:14836] CServerImpl::SetCaptureSessionParam: IN cmd(20) hSession(0XFFFFFFFF)
[05:01:22:12:674][R][CNTNR:12272:14836] CServerIpc::SetSP : IN(25640, 2)
[05:01:22:12:676][R][CNTNR:20628:18448] ShadowPlayServicePlugin::ProcessReceivedIpcMessage: ServiceMsgTypeSP PID(25640), P(2) hRes = 0x00000000
[05:01:22:12:678][R][SHARE:25640:24824] COverlayApi::SetSP: (25640, 2) 
[05:01:22:12:678][R][SHARE:25640:24824] CShadowPlayApi::SetCaptureSessionParam: IN hSession(0XFFFFFFFF) uiCmd(20)
[05:01:22:12:678][R][NODJS:25616:16456] CShadowPlayApi::SetCaptureSessionParam: IN hSession(0XFFFFFFFF) uiCmd(13)
[05:01:22:12:678][R][CNTNR:12272:14836] CServerImpl::SetCaptureSessionParam: IN cmd(20) hSession(0XFFFFFFFF)
[05:01:22:12:678][R][CNTNR:12272:14836] CServerIpc::SetSP : IN(19300, 2)
[05:01:22:12:680][R][CNTNR:20628:18448] ShadowPlayServicePlugin::ProcessReceivedIpcMessage: ServiceMsgTypeSP PID(19300), P(2) hRes = 0x00000000
[05:01:22:12:680][R][SHARE:25640:24824] COverlayApi::SetSP: (19300, 2) 
[05:01:22:12:683][R][SHARE:25640:24824] COverlayApi::GetFullscreenState: OUT(0x00000000) wxh[0 x 0] process[] dwm[0] borderless[0] fullscreen[0] IsHdrActive:0
[05:01:22:12:683][R][CNTNR:12272:14836] CServerImpl::SetCaptureSessionParam: IN cmd(13) hSession(0XFFFFFFFF)
[05:01:22:12:687][R][SHARE:25640:24824] COverlayApi::SetInputRedirectionMode: mode[4] NumRects[0]
[05:01:22:12:689][R][NODJS:25616:27048] CShadowPlayApi::SetCaptureSessionParam: IN hSession(0XFFFFFFFF) uiCmd(13)
[05:01:22:12:690][R][CNTNR:12272:14836] CServerImpl::SetCaptureSessionParam: IN cmd(13) hSession(0XFFFFFFFF)
[05:01:22:32:576][E][GenshinImpact:17604: 4716] QueryShadowPlayDdiShimStatusIN
[05:01:22:32:697][E][GenshinImpact:17604: 4716] QueryShadowPlayDdiShimStatusIN
[05:01:23:00:532][E][RobloxPlayerInstaller:14992:21744] QueryShadowPlayDdiShimStatusIN
[05:01:32:33:185][E][identityV:28352: 1888] QueryShadowPlayDdiShimStatusIN
[05:01:38:18:010][E][GamingServicesUI:25764:17988] QueryShadowPlayDdiShimStatusIN
[05:01:38:24:936][E][DXGIAdapterCache:26176: 4700] QueryShadowPlayDdiShimStatusIN
[05:01:38:25:051][E][DXGIAdapterCache:26176: 4700] QueryShadowPlayDdiShimStatusIN
[05:01:38:25:260][E][DXGIAdapterCache:26176: 4700] QueryShadowPlayDdiShimStatusIN
[05:01:38:25:381][E][DXGIAdapterCache:26176: 4700] QueryShadowPlayDdiShimStatusIN
[05:01:38:25:565][E][DXGIAdapterCache:26176: 4700] QueryShadowPlayDdiShimStatusIN
[05:01:38:25:679][E][DXGIAdapterCache:26176: 4700] QueryShadowPlayDdiShimStatusIN
[05:01:38:28:071][E][Minecraft:28048:21480] QueryShadowPlayDdiShimStatusIN
[05:01:38:28:187][E][Minecraft:28048:21480] QueryShadowPlayDdiShimStatusIN
[05:01:38:28:548][E][Minecraft:28048:21480] QueryShadowPlayDdiShimStatusIN
[05:01:38:31:072][E][Minecraft:22956: 4312] QueryShadowPlayDdiShimStatusIN
[05:01:38:32:114][E][DXGIAdapterCache:26664: 7968] QueryShadowPlayDdiShimStatusIN
[05:01:38:32:294][E][DXGIAdapterCache:26664: 7968] QueryShadowPlayDdiShimStatusIN
[05:01:38:32:628][E][DXGIAdapterCache:26664: 7968] QueryShadowPlayDdiShimStatusIN
[05:01:38:32:814][E][DXGIAdapterCache:26664: 7968] QueryShadowPlayDdiShimStatusIN
[05:01:38:33:107][E][DXGIAdapterCache:26664: 7968] QueryShadowPlayDdiShimStatusIN
[05:01:38:33:284][E][DXGIAdapterCache:26664: 7968] QueryShadowPlayDdiShimStatusIN
[05:01:38:34:334][E][Minecraft:22956:17392] QueryShadowPlayDdiShimStatusIN
[05:01:38:34:484][E][Minecraft:22956:17392] QueryShadowPlayDdiShimStatusIN
[05:01:38:34:611][E][Minecraft:22956:17392] QueryShadowPlayDdiShimStatusIN
[05:01:38:35:256][E][DXGIAdapterCache:26456:25468] QueryShadowPlayDdiShimStatusIN
[05:01:38:35:386][E][DXGIAdapterCache:26456:25468] QueryShadowPlayDdiShimStatusIN
[05:01:38:35:630][E][DXGIAdapterCache:26456:25468] QueryShadowPlayDdiShimStatusIN
[05:01:38:35:793][E][DXGIAdapterCache:26456:25468] QueryShadowPlayDdiShimStatusIN
[05:01:38:36:150][E][DXGIAdapterCache:26456:25468] QueryShadowPlayDdiShimStatusIN
[05:01:38:36:367][E][DXGIAdapterCache:26456:25468] QueryShadowPlayDdiShimStatusIN
[05:01:38:48:740][E][GamingServicesUI:14300:21472] QueryShadowPlayDdiShimStatusIN
[05:01:39:18:815][E][Dungeons-WinGDK-Shipping:26468: 6604] QueryShadowPlayDdiShimStatusIN
[05:01:39:19:536][E][Dungeons-WinGDK-Shipping:26468: 6604] QueryShadowPlayDdiShimStatusIN
[05:01:39:19:888][E][Dungeons-WinGDK-Shipping:26468: 6604] QueryShadowPlayDdiShimStatusIN
[05:01:39:20:439][E][Dungeons-WinGDK-Shipping:26468: 6604] QueryShadowPlayDdiShimStatusIN
[05:01:40:00:761][R][HELPR:13504: 2204] CShadowPlayHelper::ProcessWindowMessges: WMHK 7
[05:01:40:00:765][R][NODJS:25616:17344] CShadowPlayHotkeyReceiver::PluginCallback: Received message 7
[05:01:40:01:109][E][CNTNR:12272:14836] CSharedDataManager::GetFocusProcInfo: No valid process in focus
[05:01:40:01:109][E][CNTNR:12272:14836] CCaptureControl::GetCaptureProcInfo: GetFocusProcInfo failed(0x8004023A)
[05:01:40:01:109][E][CNTNR:12272:14836] CCaptureControl::GetParam: failed(cmd = 15) 0x8004023A
[05:01:40:01:109][E][CNTNR:12272:14836] CServerImpl::GetCaptureSessionParam: GetCaptureSessionParam Failed. 0x8004023A
[05:01:40:01:109][E][CNTNR:12272:14836] ShadowPlayServerPlugin::ProcessReceivedIpcMessage: m_pSPServer->GetCaptureSessionParam [0x8004023a]
[05:01:40:01:111][E][NODJS:25616:18336] CShadowPlayApi::GetCaptureSessionParam: fail hr[0x8004023a]
[05:01:40:01:132][R][SHARE:25640:24824] COverlayApi::GetFullscreenState: OUT(0x00000000) wxh[0 x 0] process[] dwm[0] borderless[0] fullscreen[0] IsHdrActive:0
[05:01:40:01:134][R][SHARE:25640:24824] COverlayApi::GetFullscreenState: OUT(0x00000000) wxh[0 x 0] process[] dwm[0] borderless[0] fullscreen[0] IsHdrActive:0
[05:01:40:01:134][R][SHARE:25640:24824] COverlayApi::SetInputRedirectionMode: mode[3] NumRects[0]
[05:01:40:01:151][R][NODJS:25616:12060] CShadowPlayApi::SetProperty: IN(CoPlayEnabled)
[05:01:40:01:153][R][CNTNR:12272:14836] CServerImpl::SetProperty: IN pArgs[0X4D47AE10] property(CoPlayEnabled)
[05:01:40:01:153][R][CNTNR:12272:14836] CSettings::SetProperty: CoPlayEnabled
[05:01:40:01:155][R][CNTNR:12272:14836] enableCoPlay = False
[05:01:40:01:188][R][SHARE:25640:24824] CShadowPlayApi::SetCaptureSessionParam: IN hSession(0XFFFFFFFF) uiCmd(20)
[05:01:40:01:189][R][CNTNR:12272:14836] CServerImpl::SetCaptureSessionParam: IN cmd(20) hSession(0XFFFFFFFF)
[05:01:40:01:189][R][CNTNR:12272:14836] CServerIpc::SetSP : IN(25640, 5)
[05:01:40:01:194][R][CNTNR:20628:18448] ShadowPlayServicePlugin::ProcessReceivedIpcMessage: ServiceMsgTypeSP PID(25640), P(5) hRes = 0x00000000
[05:01:40:01:195][R][SHARE:25640:24824] COverlayApi::SetSP: (25640, 5) 
[05:01:40:01:196][R][SHARE:25640:24824] CShadowPlayApi::SetCaptureSessionParam: IN hSession(0XFFFFFFFF) uiCmd(20)
[05:01:40:01:197][R][CNTNR:12272:14836] CServerImpl::SetCaptureSessionParam: IN cmd(20) hSession(0XFFFFFFFF)
[05:01:40:01:197][R][CNTNR:12272:14836] CServerIpc::SetSP : IN(19300, 5)
[05:01:40:01:198][R][CNTNR:20628:18448] ShadowPlayServicePlugin::ProcessReceivedIpcMessage: ServiceMsgTypeSP PID(19300), P(5) hRes = 0x00000000
[05:01:40:01:199][R][SHARE:25640:24824] COverlayApi::SetSP: (19300, 5) 
[05:01:40:01:975][R][NODJS:25616:12340] CShadowPlayApi::SetProperty: IN(DisplayWebcam)
[05:01:40:01:975][R][CNTNR:12272:14836] CServerImpl::SetProperty: IN pArgs[0X4D47AE10] property(DisplayWebcam)
[05:01:40:01:975][R][CNTNR:12272:14836] CSettings::SetProperty: DisplayWebcam
[05:01:40:01:978][R][NODJS:25616:12340] CShadowPlayApi::SetProperty: IN(WebcamPosition)
[05:01:40:01:979][R][CNTNR:12272:14836] CServerImpl::SetProperty: IN pArgs[0X4D47AE10] property(WebcamPosition)
[05:01:40:01:979][R][CNTNR:12272:14836] CSettings::SetProperty: WebcamPosition
[05:01:40:01:979][R][CNTNR:12272:14836] WebcamPos = RightBottom
[05:01:40:01:979][R][CNTNR:12272:14836] CServerImpl::HandleSettingChange: IN msg(205) w(0x2) l(0x0)
[05:01:40:01:979][R][CNTNR:12272:14836] CCaptureControl::HandleEvent: IN(205, 2, 0)
[05:01:40:01:980][R][NODJS:25616:12340] CShadowPlayApi::SetProperty: IN(WebcamSize)
[05:01:40:01:982][R][CNTNR:12272:14836] CServerImpl::SetProperty: IN pArgs[0X4D47AE10] property(WebcamSize)
[05:01:40:01:982][R][CNTNR:12272:14836] CSettings::SetProperty: WebcamSize
[05:01:40:01:982][R][CNTNR:12272:14836] WebcamSize = Small
[05:01:40:01:982][R][CNTNR:12272:14836] CServerImpl::HandleSettingChange: IN msg(206) w(0x1) l(0x0)
[05:01:40:01:982][R][CNTNR:12272:14836] CCaptureControl::HandleEvent: IN(206, 1, 0)
[05:01:40:02:001][R][NODJS:25616:27484] CShadowPlayApi::SetCaptureSessionParam: IN hSession(0XFFFFFFFF) uiCmd(13)
[05:01:40:02:008][R][CNTNR:12272:14836] CServerImpl::SetCaptureSessionParam: IN cmd(13) hSession(0XFFFFFFFF)
[05:01:40:02:482][R][HELPR:13504: 2204] CShadowPlayHelper::ProcessWindowMessges: WMHK 7
[05:01:40:02:483][R][NODJS:25616:17344] CShadowPlayHotkeyReceiver::PluginCallback: Received message 7
[05:01:40:02:522][R][SHARE:25640:24824] CShadowPlayApi::SetCaptureSessionParam: IN hSession(0XFFFFFFFF) uiCmd(20)
[05:01:40:02:522][R][CNTNR:12272:14836] CServerImpl::SetCaptureSessionParam: IN cmd(20) hSession(0XFFFFFFFF)
[05:01:40:02:523][R][CNTNR:12272:14836] CServerIpc::SetSP : IN(25640, 2)
[05:01:40:02:527][R][CNTNR:20628:18448] ShadowPlayServicePlugin::ProcessReceivedIpcMessage: ServiceMsgTypeSP PID(25640), P(2) hRes = 0x00000000
[05:01:40:02:529][R][SHARE:25640:24824] COverlayApi::SetSP: (25640, 2) 
[05:01:40:02:529][R][SHARE:25640:24824] CShadowPlayApi::SetCaptureSessionParam: IN hSession(0XFFFFFFFF) uiCmd(20)
[05:01:40:02:530][R][CNTNR:12272:14836] CServerImpl::SetCaptureSessionParam: IN cmd(20) hSession(0XFFFFFFFF)
[05:01:40:02:530][R][CNTNR:12272:14836] CServerIpc::SetSP : IN(19300, 2)
[05:01:40:02:530][R][CNTNR:20628:18448] ShadowPlayServicePlugin::ProcessReceivedIpcMessage: ServiceMsgTypeSP PID(19300), P(2) hRes = 0x00000000
[05:01:40:02:531][R][SHARE:25640:24824] COverlayApi::SetSP: (19300, 2) 
[05:01:40:02:533][R][SHARE:25640:24824] COverlayApi::GetFullscreenState: OUT(0x00000000) wxh[0 x 0] process[] dwm[0] borderless[0] fullscreen[0] IsHdrActive:0
[05:01:40:02:536][R][SHARE:25640:24824] COverlayApi::SetInputRedirectionMode: mode[4] NumRects[0]
[05:01:40:02:584][R][NODJS:25616: 8588] CShadowPlayApi::SetCaptureSessionParam: IN hSession(0XFFFFFFFF) uiCmd(13)
[05:01:40:02:585][R][CNTNR:12272:14836] CServerImpl::SetCaptureSessionParam: IN cmd(13) hSession(0XFFFFFFFF)
[05:01:40:02:601][R][NODJS:25616:22332] CShadowPlayApi::SetCaptureSessionParam: IN hSession(0XFFFFFFFF) uiCmd(13)
[05:01:40:02:603][R][CNTNR:12272:14836] CServerImpl::SetCaptureSessionParam: IN cmd(13) hSession(0XFFFFFFFF)
[05:01:40:03:363][R][HELPR:13504: 2204] CShadowPlayHelper::ProcessWindowMessges: WMHK 7
[05:01:40:03:363][R][NODJS:25616:17344] CShadowPlayHotkeyReceiver::PluginCallback: Received message 7
[05:01:40:03:490][E][CNTNR:12272:14836] CSharedDataManager::GetFocusProcInfo: No valid process in focus
[05:01:40:03:490][E][CNTNR:12272:14836] CCaptureControl::GetCaptureProcInfo: GetFocusProcInfo failed(0x8004023A)
[05:01:40:03:490][E][CNTNR:12272:14836] CCaptureControl::GetParam: failed(cmd = 15) 0x8004023A
[05:01:40:03:490][E][CNTNR:12272:14836] CServerImpl::GetCaptureSessionParam: GetCaptureSessionParam Failed. 0x8004023A
[05:01:40:03:490][E][CNTNR:12272:14836] ShadowPlayServerPlugin::ProcessReceivedIpcMessage: m_pSPServer->GetCaptureSessionParam [0x8004023a]
[05:01:40:03:492][E][NODJS:25616:19120] CShadowPlayApi::GetCaptureSessionParam: fail hr[0x8004023a]
[05:01:40:03:577][R][SHARE:25640:24824] COverlayApi::GetFullscreenState: OUT(0x00000000) wxh[0 x 0] process[] dwm[0] borderless[0] fullscreen[0] IsHdrActive:0
[05:01:40:03:579][R][SHARE:25640:24824] COverlayApi::GetFullscreenState: OUT(0x00000000) wxh[0 x 0] process[] dwm[0] borderless[0] fullscreen[0] IsHdrActive:0
[05:01:40:03:579][R][SHARE:25640:24824] COverlayApi::SetInputRedirectionMode: mode[3] NumRects[0]
[05:01:40:03:595][R][NODJS:25616:22716] CShadowPlayApi::SetProperty: IN(CoPlayEnabled)
[05:01:40:03:599][R][CNTNR:12272:14836] CServerImpl::SetProperty: IN pArgs[0X4D47AE10] property(CoPlayEnabled)
[05:01:40:03:600][R][CNTNR:12272:14836] CSettings::SetProperty: CoPlayEnabled
[05:01:40:03:600][R][CNTNR:12272:14836] enableCoPlay = False
[05:01:40:03:650][R][SHARE:25640:24824] CShadowPlayApi::SetCaptureSessionParam: IN hSession(0XFFFFFFFF) uiCmd(20)
[05:01:40:03:704][R][CNTNR:12272:14836] CServerImpl::SetCaptureSessionParam: IN cmd(20) hSession(0XFFFFFFFF)
[05:01:40:03:704][R][CNTNR:12272:14836] CServerIpc::SetSP : IN(25640, 5)
[05:01:40:03:708][R][CNTNR:20628:18448] ShadowPlayServicePlugin::ProcessReceivedIpcMessage: ServiceMsgTypeSP PID(25640), P(5) hRes = 0x00000000
[05:01:40:03:709][R][SHARE:25640:24824] COverlayApi::SetSP: (25640, 5) 
[05:01:40:03:709][R][SHARE:25640:24824] CShadowPlayApi::SetCaptureSessionParam: IN hSession(0XFFFFFFFF) uiCmd(20)
[05:01:40:03:710][R][CNTNR:12272:14836] CServerImpl::SetCaptureSessionParam: IN cmd(20) hSession(0XFFFFFFFF)
[05:01:40:03:711][R][CNTNR:12272:14836] CServerIpc::SetSP : IN(19300, 5)
[05:01:40:03:712][R][CNTNR:20628:18448] ShadowPlayServicePlugin::ProcessReceivedIpcMessage: ServiceMsgTypeSP PID(19300), P(5) hRes = 0x00000000
[05:01:40:03:714][R][SHARE:25640:24824] COverlayApi::SetSP: (19300, 5) 
[05:01:40:03:998][R][NODJS:25616:23492] CShadowPlayApi::SetProperty: IN(DisplayWebcam)
[05:01:40:04:005][R][CNTNR:12272:14836] CServerImpl::SetProperty: IN pArgs[0X4D47AE10] property(DisplayWebcam)
[05:01:40:04:005][R][CNTNR:12272:14836] CSettings::SetProperty: DisplayWebcam
[05:01:40:04:006][R][NODJS:25616:23492] CShadowPlayApi::SetProperty: IN(WebcamPosition)
[05:01:40:04:007][R][CNTNR:12272:14836] CServerImpl::SetProperty: IN pArgs[0X4D47AE10] property(WebcamPosition)
[05:01:40:04:007][R][CNTNR:12272:14836] CSettings::SetProperty: WebcamPosition
[05:01:40:04:008][R][CNTNR:12272:14836] WebcamPos = RightBottom
[05:01:40:04:008][R][CNTNR:12272:14836] CServerImpl::HandleSettingChange: IN msg(205) w(0x2) l(0x0)
[05:01:40:04:008][R][CNTNR:12272:14836] CCaptureControl::HandleEvent: IN(205, 2, 0)
[05:01:40:04:009][R][NODJS:25616:23492] CShadowPlayApi::SetProperty: IN(WebcamSize)
[05:01:40:04:010][R][NODJS:25616:26120] CShadowPlayApi::SetCaptureSessionParam: IN hSession(0XFFFFFFFF) uiCmd(13)
[05:01:40:04:011][R][CNTNR:12272:14836] CServerImpl::SetProperty: IN pArgs[0X4D47AE10] property(WebcamSize)
[05:01:40:04:011][R][CNTNR:12272:14836] CSettings::SetProperty: WebcamSize
[05:01:40:04:012][R][CNTNR:12272:14836] WebcamSize = Small
[05:01:40:04:012][R][CNTNR:12272:14836] CServerImpl::HandleSettingChange: IN msg(206) w(0x1) l(0x0)
[05:01:40:04:012][R][CNTNR:12272:14836] CCaptureControl::HandleEvent: IN(206, 1, 0)
[05:01:40:04:014][R][CNTNR:12272:14836] CServerImpl::SetCaptureSessionParam: IN cmd(13) hSession(0XFFFFFFFF)
[05:01:40:04:824][E][CNTNR:12272:14836] CSharedDataManager::GetFocusProcInfo: No valid process in focus
[05:01:40:04:825][E][CNTNR:12272:14836] CCaptureControl::GetCaptureProcInfo: GetFocusProcInfo failed(0x8004023A)
[05:01:40:04:825][E][CNTNR:12272:14836] CCaptureControl::GetParam: failed(cmd = 15) 0x8004023A
[05:01:40:04:825][E][CNTNR:12272:14836] CServerImpl::GetCaptureSessionParam: GetCaptureSessionParam Failed. 0x8004023A
[05:01:40:04:825][E][CNTNR:12272:14836] ShadowPlayServerPlugin::ProcessReceivedIpcMessage: m_pSPServer->GetCaptureSessionParam [0x8004023a]
[05:01:40:04:826][E][NODJS:25616:21196] CShadowPlayApi::GetCaptureSessionParam: fail hr[0x8004023a]
[05:01:40:04:833][R][SHARE:25640:24824] COverlayApi::GetFullscreenState: OUT(0x00000000) wxh[0 x 0] process[] dwm[0] borderless[0] fullscreen[0] IsHdrActive:0
[05:01:40:05:853][R][HELPR:13504: 2204] CShadowPlayHelper::ProcessWindowMessges: WMHK 7
[05:01:40:05:853][R][NODJS:25616:17344] CShadowPlayHotkeyReceiver::PluginCallback: Received message 7
[05:01:40:05:867][R][SHARE:25640:24824] COverlayApi::GetFullscreenState: OUT(0x00000000) wxh[0 x 0] process[] dwm[0] borderless[0] fullscreen[0] IsHdrActive:0
[05:01:40:05:868][R][SHARE:25640:24824] COverlayApi::GetFullscreenState: OUT(0x00000000) wxh[0 x 0] process[] dwm[0] borderless[0] fullscreen[0] IsHdrActive:0
[05:01:40:05:868][R][SHARE:25640:24824] COverlayApi::SetInputRedirectionMode: mode[3] NumRects[0]
[05:01:40:05:913][R][SHARE:25640:24824] COverlayApi::SetInputRedirectionMode: mode[4] NumRects[0]
[05:01:40:05:948][R][NODJS:25616:27828] CShadowPlayApi::SetCaptureSessionParam: IN hSession(0XFFFFFFFF) uiCmd(13)
[05:01:40:05:949][R][CNTNR:12272:14836] CServerImpl::SetCaptureSessionParam: IN cmd(13) hSession(0XFFFFFFFF)
[05:01:40:05:963][R][NODJS:25616:18924] CShadowPlayApi::SetCaptureSessionParam: IN hSession(0XFFFFFFFF) uiCmd(13)
[05:01:40:05:967][R][CNTNR:12272:14836] CServerImpl::SetCaptureSessionParam: IN cmd(13) hSession(0XFFFFFFFF)
[05:01:40:15:932][R][SHARE:25640:24824] CShadowPlayApi::SetCaptureSessionParam: IN hSession(0XFFFFFFFF) uiCmd(20)
[05:01:40:15:933][R][CNTNR:12272:14836] CServerImpl::SetCaptureSessionParam: IN cmd(20) hSession(0XFFFFFFFF)
[05:01:40:15:933][R][CNTNR:12272:14836] CServerIpc::SetSP : IN(25640, 2)
[05:01:40:15:934][R][CNTNR:20628:18448] ShadowPlayServicePlugin::ProcessReceivedIpcMessage: ServiceMsgTypeSP PID(25640), P(2) hRes = 0x00000000
[05:01:40:15:934][R][SHARE:25640:24824] COverlayApi::SetSP: (25640, 2) 
[05:01:40:15:934][R][SHARE:25640:24824] CShadowPlayApi::SetCaptureSessionParam: IN hSession(0XFFFFFFFF) uiCmd(20)
[05:01:40:15:934][R][CNTNR:12272:14836] CServerImpl::SetCaptureSessionParam: IN cmd(20) hSession(0XFFFFFFFF)
[05:01:40:15:934][R][CNTNR:12272:14836] CServerIpc::SetSP : IN(19300, 2)
[05:01:40:15:934][R][CNTNR:20628:18448] ShadowPlayServicePlugin::ProcessReceivedIpcMessage: ServiceMsgTypeSP PID(19300), P(2) hRes = 0x00000000
[05:01:40:15:935][R][SHARE:25640:24824] COverlayApi::SetSP: (19300, 2) 
[05:01:40:15:936][R][SHARE:25640:24824] COverlayApi::GetFullscreenState: OUT(0x00000000) wxh[0 x 0] process[] dwm[0] borderless[0] fullscreen[0] IsHdrActive:0
[05:01:40:15:938][R][SHARE:25640:24824] COverlayApi::SetInputRedirectionMode: mode[4] NumRects[0]
[05:01:40:16:236][R][NODJS:25616:28408] CShadowPlayApi::SetCaptureSessionParam: IN hSession(0XFFFFFFFF) uiCmd(13)
[05:01:40:16:240][R][CNTNR:12272:14836] CServerImpl::SetCaptureSessionParam: IN cmd(13) hSession(0XFFFFFFFF)
[05:01:40:16:243][R][NODJS:25616:21848] CShadowPlayApi::SetCaptureSessionParam: IN hSession(0XFFFFFFFF) uiCmd(13)
[05:01:40:16:243][R][CNTNR:12272:14836] CServerImpl::SetCaptureSessionParam: IN cmd(13) hSession(0XFFFFFFFF)
[05:01:41:07:242][R][HELPR:13504: 2204] CShadowPlayHelper::ProcessWindowMessges: WMHK 7
[05:01:41:07:243][R][NODJS:25616:17344] CShadowPlayHotkeyReceiver::PluginCallback: Received message 7
[05:01:41:07:556][E][CNTNR:12272:14836] CSharedDataManager::GetFocusProcInfo: No valid process in focus
[05:01:41:07:556][E][CNTNR:12272:14836] CCaptureControl::GetCaptureProcInfo: GetFocusProcInfo failed(0x8004023A)
[05:01:41:07:556][E][CNTNR:12272:14836] CCaptureControl::GetParam: failed(cmd = 15) 0x8004023A
[05:01:41:07:556][E][CNTNR:12272:14836] CServerImpl::GetCaptureSessionParam: GetCaptureSessionParam Failed. 0x8004023A
[05:01:41:07:556][E][CNTNR:12272:14836] ShadowPlayServerPlugin::ProcessReceivedIpcMessage: m_pSPServer->GetCaptureSessionParam [0x8004023a]
[05:01:41:07:557][E][NODJS:25616: 9492] CShadowPlayApi::GetCaptureSessionParam: fail hr[0x8004023a]
[05:01:41:07:565][R][SHARE:25640:24824] COverlayApi::GetFullscreenState: OUT(0x00000000) wxh[0 x 0] process[] dwm[0] borderless[0] fullscreen[0] IsHdrActive:0
[05:01:41:07:567][R][SHARE:25640:24824] COverlayApi::GetFullscreenState: OUT(0x00000000) wxh[0 x 0] process[] dwm[0] borderless[0] fullscreen[0] IsHdrActive:0
[05:01:41:07:567][R][SHARE:25640:24824] COverlayApi::SetInputRedirectionMode: mode[3] NumRects[0]
[05:01:41:07:569][R][NODJS:25616:22836] CShadowPlayApi::SetProperty: IN(CoPlayEnabled)
[05:01:41:07:569][R][CNTNR:12272:14836] CServerImpl::SetProperty: IN pArgs[0X4AE89040] property(CoPlayEnabled)
[05:01:41:07:569][R][CNTNR:12272:14836] CSettings::SetProperty: CoPlayEnabled
[05:01:41:07:570][R][CNTNR:12272:14836] enableCoPlay = False
[05:01:41:07:607][R][SHARE:25640:24824] CShadowPlayApi::SetCaptureSessionParam: IN hSession(0XFFFFFFFF) uiCmd(20)
[05:01:41:07:629][R][CNTNR:12272:14836] CServerImpl::SetCaptureSessionParam: IN cmd(20) hSession(0XFFFFFFFF)
[05:01:41:07:629][R][CNTNR:12272:14836] CServerIpc::SetSP : IN(25640, 5)
[05:01:41:07:631][R][CNTNR:20628:18448] ShadowPlayServicePlugin::ProcessReceivedIpcMessage: ServiceMsgTypeSP PID(25640), P(5) hRes = 0x00000000
[05:01:41:07:632][R][SHARE:25640:24824] COverlayApi::SetSP: (25640, 5) 
[05:01:41:07:632][R][SHARE:25640:24824] CShadowPlayApi::SetCaptureSessionParam: IN hSession(0XFFFFFFFF) uiCmd(20)
[05:01:41:07:634][R][CNTNR:12272:14836] CServerImpl::SetCaptureSessionParam: IN cmd(20) hSession(0XFFFFFFFF)
[05:01:41:07:634][R][CNTNR:12272:14836] CServerIpc::SetSP : IN(19300, 5)
[05:01:41:07:634][R][CNTNR:20628:18448] ShadowPlayServicePlugin::ProcessReceivedIpcMessage: ServiceMsgTypeSP PID(19300), P(5) hRes = 0x00000000
[05:01:41:07:637][R][SHARE:25640:24824] COverlayApi::SetSP: (19300, 5) 
[05:01:41:07:738][R][NODJS:25616:27384] CShadowPlayApi::SetProperty: IN(DisplayWebcam)
[05:01:41:07:740][R][CNTNR:12272:14836] CServerImpl::SetProperty: IN pArgs[0X4AE89040] property(DisplayWebcam)
[05:01:41:07:740][R][CNTNR:12272:14836] CSettings::SetProperty: DisplayWebcam
[05:01:41:07:742][R][NODJS:25616:27384] CShadowPlayApi::SetProperty: IN(WebcamPosition)
[05:01:41:07:742][R][CNTNR:12272:14836] CServerImpl::SetProperty: IN pArgs[0X4AE89040] property(WebcamPosition)
[05:01:41:07:742][R][CNTNR:12272:14836] CSettings::SetProperty: WebcamPosition
[05:01:41:07:742][R][CNTNR:12272:14836] WebcamPos = RightBottom
[05:01:41:07:742][R][CNTNR:12272:14836] CServerImpl::HandleSettingChange: IN msg(205) w(0x2) l(0x0)
[05:01:41:07:742][R][CNTNR:12272:14836] CCaptureControl::HandleEvent: IN(205, 2, 0)
[05:01:41:07:743][R][NODJS:25616:27384] CShadowPlayApi::SetProperty: IN(WebcamSize)
[05:01:41:07:743][R][CNTNR:12272:14836] CServerImpl::SetProperty: IN pArgs[0X4AE89040] property(WebcamSize)
[05:01:41:07:744][R][CNTNR:12272:14836] CSettings::SetProperty: WebcamSize
[05:01:41:07:744][R][CNTNR:12272:14836] WebcamSize = Small
[05:01:41:07:744][R][CNTNR:12272:14836] CServerImpl::HandleSettingChange: IN msg(206) w(0x1) l(0x0)
[05:01:41:07:744][R][CNTNR:12272:14836] CCaptureControl::HandleEvent: IN(206, 1, 0)
[05:01:41:07:774][R][NODJS:25616:22132] CShadowPlayApi::SetCaptureSessionParam: IN hSession(0XFFFFFFFF) uiCmd(13)
[05:01:41:07:775][R][CNTNR:12272:14836] CServerImpl::SetCaptureSessionParam: IN cmd(13) hSession(0XFFFFFFFF)
[05:01:41:08:915][R][HELPR:13504: 2204] CShadowPlayHelper::ProcessWindowMessges: WMHK 7
[05:01:41:08:915][R][NODJS:25616:17344] CShadowPlayHotkeyReceiver::PluginCallback: Received message 7
[05:01:41:08:937][R][SHARE:25640:24824] CShadowPlayApi::SetCaptureSessionParam: IN hSession(0XFFFFFFFF) uiCmd(20)
[05:01:41:08:938][R][CNTNR:12272:14836] CServerImpl::SetCaptureSessionParam: IN cmd(20) hSession(0XFFFFFFFF)
[05:01:41:08:938][R][CNTNR:12272:14836] CServerIpc::SetSP : IN(25640, 2)
[05:01:41:08:940][R][NODJS:25616: 6748] CShadowPlayApi::SetCaptureSessionParam: IN hSession(0XFFFFFFFF) uiCmd(13)
[05:01:41:08:944][R][CNTNR:20628:18448] ShadowPlayServicePlugin::ProcessReceivedIpcMessage: ServiceMsgTypeSP PID(25640), P(2) hRes = 0x00000000
[05:01:41:08:944][R][CNTNR:12272:14836] CServerImpl::SetCaptureSessionParam: IN cmd(13) hSession(0XFFFFFFFF)
[05:01:41:08:944][R][SHARE:25640:24824] COverlayApi::SetSP: (25640, 2) 
[05:01:41:08:945][R][SHARE:25640:24824] CShadowPlayApi::SetCaptureSessionParam: IN hSession(0XFFFFFFFF) uiCmd(20)
[05:01:41:08:945][R][NODJS:25616:18336] CShadowPlayApi::SetCaptureSessionParam: IN hSession(0XFFFFFFFF) uiCmd(13)
[05:01:41:08:945][R][CNTNR:12272:14836] CServerImpl::SetCaptureSessionParam: IN cmd(20) hSession(0XFFFFFFFF)
[05:01:41:08:945][R][CNTNR:12272:14836] CServerIpc::SetSP : IN(19300, 2)
[05:01:41:08:945][R][CNTNR:20628:18448] ShadowPlayServicePlugin::ProcessReceivedIpcMessage: ServiceMsgTypeSP PID(19300), P(2) hRes = 0x00000000
[05:01:41:08:946][R][SHARE:25640:24824] COverlayApi::SetSP: (19300, 2) 
[05:01:41:08:947][R][CNTNR:12272:14836] CServerImpl::SetCaptureSessionParam: IN cmd(13) hSession(0XFFFFFFFF)
[05:01:41:08:949][R][SHARE:25640:24824] COverlayApi::GetFullscreenState: OUT(0x00000000) wxh[0 x 0] process[] dwm[0] borderless[0] fullscreen[0] IsHdrActive:0
[05:01:41:08:951][R][SHARE:25640:24824] COverlayApi::SetInputRedirectionMode: mode[4] NumRects[0]
[05:01:42:06:518][R][HELPR:13504: 2204] CShadowPlayHelper::ProcessWindowMessges: WMHK 7
[05:01:42:06:519][R][NODJS:25616:17344] CShadowPlayHotkeyReceiver::PluginCallback: Received message 7
[05:01:42:06:855][E][CNTNR:12272:14836] CSharedDataManager::GetFocusProcInfo: No valid process in focus
[05:01:42:06:855][E][CNTNR:12272:14836] CCaptureControl::GetCaptureProcInfo: GetFocusProcInfo failed(0x8004023A)
[05:01:42:06:855][E][CNTNR:12272:14836] CCaptureControl::GetParam: failed(cmd = 15) 0x8004023A
[05:01:42:06:855][E][CNTNR:12272:14836] CServerImpl::GetCaptureSessionParam: GetCaptureSessionParam Failed. 0x8004023A
[05:01:42:06:855][E][CNTNR:12272:14836] ShadowPlayServerPlugin::ProcessReceivedIpcMessage: m_pSPServer->GetCaptureSessionParam [0x8004023a]
[05:01:42:06:856][E][NODJS:25616:18164] CShadowPlayApi::GetCaptureSessionParam: fail hr[0x8004023a]
[05:01:42:06:872][R][SHARE:25640:24824] COverlayApi::GetFullscreenState: OUT(0x00000000) wxh[0 x 0] process[] dwm[0] borderless[0] fullscreen[0] IsHdrActive:0
[05:01:42:06:875][R][SHARE:25640:24824] COverlayApi::GetFullscreenState: OUT(0x00000000) wxh[0 x 0] process[] dwm[0] borderless[0] fullscreen[0] IsHdrActive:0
[05:01:42:06:877][R][SHARE:25640:24824] COverlayApi::SetInputRedirectionMode: mode[3] NumRects[0]
[05:01:42:06:889][R][NODJS:25616:12340] CShadowPlayApi::SetProperty: IN(CoPlayEnabled)
[05:01:42:06:889][R][CNTNR:12272:14836] CServerImpl::SetProperty: IN pArgs[0X4AE89040] property(CoPlayEnabled)
[05:01:42:06:890][R][CNTNR:12272:14836] CSettings::SetProperty: CoPlayEnabled
[05:01:42:06:891][R][CNTNR:12272:14836] enableCoPlay = False
[05:01:42:06:916][R][SHARE:25640:24824] CShadowPlayApi::SetCaptureSessionParam: IN hSession(0XFFFFFFFF) uiCmd(20)
[05:01:42:06:916][R][CNTNR:12272:14836] CServerImpl::SetCaptureSessionParam: IN cmd(20) hSession(0XFFFFFFFF)
[05:01:42:06:916][R][CNTNR:12272:14836] CServerIpc::SetSP : IN(25640, 5)
[05:01:42:06:921][R][CNTNR:20628:18448] ShadowPlayServicePlugin::ProcessReceivedIpcMessage: ServiceMsgTypeSP PID(25640), P(5) hRes = 0x00000000
[05:01:42:06:921][R][SHARE:25640:24824] COverlayApi::SetSP: (25640, 5) 
[05:01:42:06:921][R][SHARE:25640:24824] CShadowPlayApi::SetCaptureSessionParam: IN hSession(0XFFFFFFFF) uiCmd(20)
[05:01:42:06:924][R][CNTNR:12272:14836] CServerImpl::SetCaptureSessionParam: IN cmd(20) hSession(0XFFFFFFFF)
[05:01:42:06:924][R][CNTNR:12272:14836] CServerIpc::SetSP : IN(19300, 5)
[05:01:42:06:925][R][CNTNR:20628:18448] ShadowPlayServicePlugin::ProcessReceivedIpcMessage: ServiceMsgTypeSP PID(19300), P(5) hRes = 0x00000000
[05:01:42:06:927][R][SHARE:25640:24824] COverlayApi::SetSP: (19300, 5) 
[05:01:42:07:338][R][NODJS:25616:19120] CShadowPlayApi::SetProperty: IN(DisplayWebcam)
[05:01:42:07:340][R][CNTNR:12272:14836] CServerImpl::SetProperty: IN pArgs[0X4AE89040] property(DisplayWebcam)
[05:01:42:07:340][R][CNTNR:12272:14836] CSettings::SetProperty: DisplayWebcam
[05:01:42:07:342][R][NODJS:25616:19120] CShadowPlayApi::SetProperty: IN(WebcamPosition)
[05:01:42:07:343][R][CNTNR:12272:14836] CServerImpl::SetProperty: IN pArgs[0X4AE89040] property(WebcamPosition)
[05:01:42:07:343][R][CNTNR:12272:14836] CSettings::SetProperty: WebcamPosition
[05:01:42:07:343][R][CNTNR:12272:14836] WebcamPos = RightBottom
[05:01:42:07:343][R][CNTNR:12272:14836] CServerImpl::HandleSettingChange: IN msg(205) w(0x2) l(0x0)
[05:01:42:07:343][R][CNTNR:12272:14836] CCaptureControl::HandleEvent: IN(205, 2, 0)
[05:01:42:07:344][R][NODJS:25616:19120] CShadowPlayApi::SetProperty: IN(WebcamSize)
[05:01:42:07:351][R][CNTNR:12272:14836] CServerImpl::SetProperty: IN pArgs[0X4D68FE00] property(WebcamSize)
[05:01:42:07:351][R][CNTNR:12272:14836] CSettings::SetProperty: WebcamSize
[05:01:42:07:351][R][CNTNR:12272:14836] WebcamSize = Small
[05:01:42:07:351][R][CNTNR:12272:14836] CServerImpl::HandleSettingChange: IN msg(206) w(0x1) l(0x0)
[05:01:42:07:351][R][CNTNR:12272:14836] CCaptureControl::HandleEvent: IN(206, 1, 0)
[05:01:42:07:400][R][NODJS:25616:13916] CShadowPlayApi::SetCaptureSessionParam: IN hSession(0XFFFFFFFF) uiCmd(13)
[05:01:42:07:401][R][CNTNR:12272:14836] CServerImpl::SetCaptureSessionParam: IN cmd(13) hSession(0XFFFFFFFF)
[05:01:42:08:159][E][CNTNR:12272:14836] CSharedDataManager::GetFocusProcInfo: No valid process in focus
[05:01:42:08:161][E][CNTNR:12272:14836] CCaptureControl::GetCaptureProcInfo: GetFocusProcInfo failed(0x8004023A)
[05:01:42:08:161][E][CNTNR:12272:14836] CCaptureControl::GetParam: failed(cmd = 15) 0x8004023A
[05:01:42:08:161][E][CNTNR:12272:14836] CServerImpl::GetCaptureSessionParam: GetCaptureSessionParam Failed. 0x8004023A
[05:01:42:08:161][E][CNTNR:12272:14836] ShadowPlayServerPlugin::ProcessReceivedIpcMessage: m_pSPServer->GetCaptureSessionParam [0x8004023a]
[05:01:42:08:162][E][NODJS:25616:26836] CShadowPlayApi::GetCaptureSessionParam: fail hr[0x8004023a]
[05:01:42:08:164][R][NODJS:25616:21496] CShadowPlayApi::SetCaptureSessionParam: IN hSession(0XFFFFFFFF) uiCmd(13)
[05:01:42:08:171][R][CNTNR:12272:14836] CServerImpl::SetCaptureSessionParam: IN cmd(13) hSession(0XFFFFFFFF)
[05:01:42:08:172][R][NODJS:25616:21496] CShadowPlayApi::SetCaptureSessionParam: IN hSession(0XFFFFFFFF) uiCmd(13)
[05:01:42:08:172][R][CNTNR:12272:14836] CServerImpl::SetCaptureSessionParam: IN cmd(13) hSession(0XFFFFFFFF)
[05:01:42:08:189][R][SHARE:25640:24824] COverlayApi::GetFullscreenState: OUT(0x00000000) wxh[0 x 0] process[] dwm[0] borderless[0] fullscreen[0] IsHdrActive:0
[05:01:42:08:249][R][SHARE:25640:24824] COverlayApi::GetFullscreenState: OUT(0x00000000) wxh[0 x 0] process[] dwm[0] borderless[0] fullscreen[0] IsHdrActive:0
[05:01:42:18:972][R][SHARE:25640:24824] CShadowPlayApi::SetCaptureSessionParam: IN hSession(0XFFFFFFFF) uiCmd(20)
[05:01:42:18:974][R][CNTNR:12272:14836] CServerImpl::SetCaptureSessionParam: IN cmd(20) hSession(0XFFFFFFFF)
[05:01:42:18:974][R][CNTNR:12272:14836] CServerIpc::SetSP : IN(25640, 2)
[05:01:42:18:975][R][CNTNR:20628:18448] ShadowPlayServicePlugin::ProcessReceivedIpcMessage: ServiceMsgTypeSP PID(25640), P(2) hRes = 0x00000000
[05:01:42:18:977][R][SHARE:25640:24824] COverlayApi::SetSP: (25640, 2) 
[05:01:42:18:977][R][SHARE:25640:24824] CShadowPlayApi::SetCaptureSessionParam: IN hSession(0XFFFFFFFF) uiCmd(20)
[05:01:42:18:977][R][CNTNR:12272:14836] CServerImpl::SetCaptureSessionParam: IN cmd(20) hSession(0XFFFFFFFF)
[05:01:42:18:977][R][CNTNR:12272:14836] CServerIpc::SetSP : IN(19300, 2)
[05:01:42:18:979][R][CNTNR:20628:18448] ShadowPlayServicePlugin::ProcessReceivedIpcMessage: ServiceMsgTypeSP PID(19300), P(2) hRes = 0x00000000
[05:01:42:18:980][R][SHARE:25640:24824] COverlayApi::SetSP: (19300, 2) 
[05:01:42:18:981][R][SHARE:25640:24824] COverlayApi::GetFullscreenState: OUT(0x00000000) wxh[0 x 0] process[] dwm[0] borderless[0] fullscreen[0] IsHdrActive:0
[05:01:42:18:985][R][SHARE:25640:24824] COverlayApi::SetInputRedirectionMode: mode[4] NumRects[0]
[05:01:42:19:295][R][NODJS:25616:26120] CShadowPlayApi::SetCaptureSessionParam: IN hSession(0XFFFFFFFF) uiCmd(13)
[05:01:42:19:296][R][CNTNR:12272:14836] CServerImpl::SetCaptureSessionParam: IN cmd(13) hSession(0XFFFFFFFF)
[05:01:42:19:302][R][NODJS:25616:12184] CShadowPlayApi::SetCaptureSessionParam: IN hSession(0XFFFFFFFF) uiCmd(13)
[05:01:42:19:304][R][CNTNR:12272:14836] CServerImpl::SetCaptureSessionParam: IN cmd(13) hSession(0XFFFFFFFF)
[05:01:42:19:310][R][NODJS:25616:21196] CShadowPlayApi::SetCaptureSessionParam: IN hSession(0XFFFFFFFF) uiCmd(13)
[05:01:42:19:310][R][CNTNR:12272:14836] CServerImpl::SetCaptureSessionParam: IN cmd(13) hSession(0XFFFFFFFF)
[05:01:42:19:333][R][NODJS:25616:10912] CShadowPlayApi::SetCaptureSessionParam: IN hSession(0XFFFFFFFF) uiCmd(13)
[05:01:42:19:334][R][CNTNR:12272:14836] CServerImpl::SetCaptureSessionParam: IN cmd(13) hSession(0XFFFFFFFF)
[05:01:54:07:447][R][HELPR:13504: 2204] CShadowPlayHelper::ProcessWindowMessges: WMHK 7
[05:01:54:07:447][R][NODJS:25616:17344] CShadowPlayHotkeyReceiver::PluginCallback: Received message 7
[05:01:54:07:758][E][CNTNR:12272:14836] CSharedDataManager::GetFocusProcInfo: No valid process in focus
[05:01:54:07:758][E][CNTNR:12272:14836] CCaptureControl::GetCaptureProcInfo: GetFocusProcInfo failed(0x8004023A)
[05:01:54:07:758][E][CNTNR:12272:14836] CCaptureControl::GetParam: failed(cmd = 15) 0x8004023A
[05:01:54:07:758][E][CNTNR:12272:14836] CServerImpl::GetCaptureSessionParam: GetCaptureSessionParam Failed. 0x8004023A
[05:01:54:07:758][E][CNTNR:12272:14836] ShadowPlayServerPlugin::ProcessReceivedIpcMessage: m_pSPServer->GetCaptureSessionParam [0x8004023a]
[05:01:54:07:758][E][NODJS:25616: 7408] CShadowPlayApi::GetCaptureSessionParam: fail hr[0x8004023a]
[05:01:54:07:762][R][SHARE:25640:24824] COverlayApi::GetFullscreenState: OUT(0x00000000) wxh[0 x 0] process[] dwm[0] borderless[0] fullscreen[0] IsHdrActive:0
[05:01:54:07:763][R][SHARE:25640:24824] COverlayApi::GetFullscreenState: OUT(0x00000000) wxh[0 x 0] process[] dwm[0] borderless[0] fullscreen[0] IsHdrActive:0
[05:01:54:07:763][R][SHARE:25640:24824] COverlayApi::SetInputRedirectionMode: mode[3] NumRects[0]
[05:01:54:07:766][R][NODJS:25616: 4848] CShadowPlayApi::SetProperty: IN(CoPlayEnabled)
[05:01:54:07:767][R][CNTNR:12272:14836] CServerImpl::SetProperty: IN pArgs[0X4AE89040] property(CoPlayEnabled)
[05:01:54:07:767][R][CNTNR:12272:14836] CSettings::SetProperty: CoPlayEnabled
[05:01:54:07:767][R][CNTNR:12272:14836] enableCoPlay = False
[05:01:54:07:790][R][SHARE:25640:24824] CShadowPlayApi::SetCaptureSessionParam: IN hSession(0XFFFFFFFF) uiCmd(20)
[05:01:54:07:807][R][CNTNR:12272:14836] CServerImpl::SetCaptureSessionParam: IN cmd(20) hSession(0XFFFFFFFF)
[05:01:54:07:807][R][CNTNR:12272:14836] CServerIpc::SetSP : IN(25640, 5)
[05:01:54:07:808][R][CNTNR:20628:18448] ShadowPlayServicePlugin::ProcessReceivedIpcMessage: ServiceMsgTypeSP PID(25640), P(5) hRes = 0x00000000
[05:01:54:07:809][R][SHARE:25640:24824] COverlayApi::SetSP: (25640, 5) 
[05:01:54:07:809][R][SHARE:25640:24824] CShadowPlayApi::SetCaptureSessionParam: IN hSession(0XFFFFFFFF) uiCmd(20)
[05:01:54:07:811][R][CNTNR:12272:14836] CServerImpl::SetCaptureSessionParam: IN cmd(20) hSession(0XFFFFFFFF)
[05:01:54:07:811][R][CNTNR:12272:14836] CServerIpc::SetSP : IN(19300, 5)
[05:01:54:07:811][R][CNTNR:20628:18448] ShadowPlayServicePlugin::ProcessReceivedIpcMessage: ServiceMsgTypeSP PID(19300), P(5) hRes = 0x00000000
[05:01:54:07:812][R][SHARE:25640:24824] COverlayApi::SetSP: (19300, 5) 
[05:01:54:07:880][R][NODJS:25616: 9072] CShadowPlayApi::SetProperty: IN(DisplayWebcam)
[05:01:54:07:880][R][CNTNR:12272:14836] CServerImpl::SetProperty: IN pArgs[0X4AE89040] property(DisplayWebcam)
[05:01:54:07:880][R][CNTNR:12272:14836] CSettings::SetProperty: DisplayWebcam
[05:01:54:07:881][R][NODJS:25616: 9072] CShadowPlayApi::SetProperty: IN(WebcamPosition)
[05:01:54:07:881][R][CNTNR:12272:14836] CServerImpl::SetProperty: IN pArgs[0X4AE89040] property(WebcamPosition)
[05:01:54:07:881][R][CNTNR:12272:14836] CSettings::SetProperty: WebcamPosition
[05:01:54:07:881][R][CNTNR:12272:14836] WebcamPos = RightBottom
[05:01:54:07:881][R][CNTNR:12272:14836] CServerImpl::HandleSettingChange: IN msg(205) w(0x2) l(0x0)
[05:01:54:07:881][R][CNTNR:12272:14836] CCaptureControl::HandleEvent: IN(205, 2, 0)
[05:01:54:07:881][R][NODJS:25616: 9072] CShadowPlayApi::SetProperty: IN(WebcamSize)
[05:01:54:08:084][R][NODJS:25616:14072] CShadowPlayApi::SetCaptureSessionParam: IN hSession(0XFFFFFFFF) uiCmd(13)
[05:01:54:08:383][E][NODJS:25616: 9072] CShadowPlayApi::SetProperty: IpcSyncCall error [0x800705b4] for property [WebcamSize]
[05:01:54:08:488][R][CNTNR:12272:14836] CServerImpl::SetProperty: IN pArgs[0X4AE89040] property(WebcamSize)
[05:01:54:08:488][R][CNTNR:12272:14836] CSettings::SetProperty: WebcamSize
[05:01:54:08:489][R][CNTNR:12272:14836] WebcamSize = Small
[05:01:54:08:489][R][CNTNR:12272:14836] CServerImpl::HandleSettingChange: IN msg(206) w(0x1) l(0x0)
[05:01:54:08:489][R][CNTNR:12272:14836] CCaptureControl::HandleEvent: IN(206, 1, 0)
[05:01:54:08:490][R][CNTNR:12272:14836] CServerImpl::SetCaptureSessionParam: IN cmd(13) hSession(0XFFFFFFFF)
[05:01:54:11:219][R][NODJS:25616: 2888] CShadowPlayApi::SetProperty: IN(ToggleHotKeyDetection)
[05:01:54:11:220][R][CNTNR:12272:14836] CServerImpl::SetProperty: IN pArgs[0X4AE89040] property(ToggleHotKeyDetection)
[05:01:54:11:264][R][NODJS:25616:10588] CShadowPlayApi::GetHotkeyProperty: reg read failed, falling back to default value
[05:01:54:11:264][R][NODJS:25616:10588] CShadowPlayApi::GetHotkeyProperty: invalid key index[2]
[05:01:54:11:275][E][NODJS:25616:20536] CShadowPlayApi::GetProperty: FAIL[0x80040222] name MicToggleHKey3
[05:01:54:11:287][E][NODJS:25616:22716] CShadowPlayApi::GetProperty: FAIL[0x80040222] name FSToggleHKey0
[05:01:54:11:292][E][NODJS:25616:19120] CShadowPlayApi::GetProperty: FAIL[0x80040222] name IRToggleHKey3
[05:01:54:11:294][E][NODJS:25616:22332] CShadowPlayApi::GetProperty: FAIL[0x80040222] name FSUIHKeyV12
[05:01:54:11:297][E][NODJS:25616:26836] CShadowPlayApi::GetProperty: FAIL[0x80040222] name FSPresetHKey3
[05:01:54:11:306][E][NODJS:25616:26684] CShadowPlayApi::GetProperty: FAIL[0x80040222] name CustomOverlayAHKey1
[05:01:54:11:307][E][NODJS:25616: 8924] CShadowPlayApi::GetProperty: FAIL[0x80040222] name CustomOverlayBHKey0
[05:01:54:11:310][E][NODJS:25616:23492] CShadowPlayApi::GetProperty: FAIL[0x80040222] name CustomOverlayCHKey0
[05:01:54:11:323][E][NODJS:25616:21196] CShadowPlayApi::GetProperty: FAIL[0x80040222] name PMOCSidebarHKey0
[05:01:54:11:342][E][NODJS:25616:18256] CShadowPlayApi::GetProperty: FAIL[0x80040222] name PMOCResetAverageMetricsHKey0
[05:01:54:11:343][E][NODJS:25616:27828] CShadowPlayApi::GetProperty: FAIL[0x80040222] name PMOCLoggingToggleHKey0
[05:01:54:11:344][E][NODJS:25616: 8944] CShadowPlayApi::GetProperty: FAIL[0x80040222] name PMOCOverlayCycleHKey3
[05:01:54:13:116][R][NODJS:25616: 7100] CShadowPlayApi::SetProperty: IN(ToggleHotKeyDetection)
[05:01:54:13:117][R][CNTNR:12272:14836] CServerImpl::SetProperty: IN pArgs[0X4AE89040] property(ToggleHotKeyDetection)
[05:01:54:13:118][R][NODJS:25616:18304] CShadowPlayApi::SetCaptureSessionParam: IN hSession(0XFFFFFFFF) uiCmd(13)
[05:01:54:13:118][R][CNTNR:12272:14836] CServerImpl::SetCaptureSessionParam: IN cmd(13) hSession(0XFFFFFFFF)
[05:01:54:13:119][R][SHARE:25640:24824] CShadowPlayApi::SetCaptureSessionParam: IN hSession(0XFFFFFFFF) uiCmd(20)
[05:01:54:13:119][R][CNTNR:12272:14836] CServerImpl::SetCaptureSessionParam: IN cmd(20) hSession(0XFFFFFFFF)
[05:01:54:13:119][R][CNTNR:12272:14836] CServerIpc::SetSP : IN(25640, 2)
[05:01:54:13:120][R][CNTNR:20628:18448] ShadowPlayServicePlugin::ProcessReceivedIpcMessage: ServiceMsgTypeSP PID(25640), P(2) hRes = 0x00000000
[05:01:54:13:120][R][NODJS:25616:15320] CShadowPlayApi::SetCaptureSessionParam: IN hSession(0XFFFFFFFF) uiCmd(13)
[05:01:54:13:120][R][SHARE:25640:24824] COverlayApi::SetSP: (25640, 2) 
[05:01:54:13:121][R][CNTNR:12272:14836] CServerImpl::SetCaptureSessionParam: IN cmd(13) hSession(0XFFFFFFFF)
[05:01:54:13:121][R][SHARE:25640:24824] CShadowPlayApi::SetCaptureSessionParam: IN hSession(0XFFFFFFFF) uiCmd(20)
[05:01:54:13:121][R][CNTNR:12272:14836] CServerImpl::SetCaptureSessionParam: IN cmd(20) hSession(0XFFFFFFFF)
[05:01:54:13:121][R][CNTNR:12272:14836] CServerIpc::SetSP : IN(19300, 2)
[05:01:54:13:122][R][CNTNR:20628:18448] ShadowPlayServicePlugin::ProcessReceivedIpcMessage: ServiceMsgTypeSP PID(19300), P(2) hRes = 0x00000000
[05:01:54:13:122][R][SHARE:25640:24824] COverlayApi::SetSP: (19300, 2) 
[05:01:54:13:124][R][SHARE:25640:24824] COverlayApi::GetFullscreenState: OUT(0x00000000) wxh[0 x 0] process[] dwm[0] borderless[0] fullscreen[0] IsHdrActive:0
[05:01:54:13:125][R][SHARE:25640:24824] COverlayApi::SetInputRedirectionMode: mode[4] NumRects[0]
[05:01:57:16:737][E][Smash_Legends:11624:23920] QueryShadowPlayDdiShimStatusIN
[05:01:57:17:767][E][Smash_Legends:11624:23920] QueryShadowPlayDdiShimStatusIN
[05:02:02:48:561][R][HELPR:13504: 2204] CShadowPlayHelper::ProcessWindowMessges: WMHK 7
[05:02:02:48:562][R][NODJS:25616:17344] CShadowPlayHotkeyReceiver::PluginCallback: Received message 7
[05:02:02:48:871][R][HELPR:13504: 2204] CShadowPlayHelper::ProcessWindowMessges: WMHK 7
[05:02:02:48:871][R][NODJS:25616:17344] CShadowPlayHotkeyReceiver::PluginCallback: Received message 7
[05:02:02:48:876][E][CNTNR:12272:14836] CSharedDataManager::GetFocusProcInfo: No valid process in focus
[05:02:02:48:876][E][CNTNR:12272:14836] CCaptureControl::GetCaptureProcInfo: GetFocusProcInfo failed(0x8004023A)
[05:02:02:48:876][E][CNTNR:12272:14836] CCaptureControl::GetParam: failed(cmd = 15) 0x8004023A
[05:02:02:48:876][E][CNTNR:12272:14836] CServerImpl::GetCaptureSessionParam: GetCaptureSessionParam Failed. 0x8004023A
[05:02:02:48:876][E][CNTNR:12272:14836] ShadowPlayServerPlugin::ProcessReceivedIpcMessage: m_pSPServer->GetCaptureSessionParam [0x8004023a]
[05:02:02:48:877][E][NODJS:25616:28408] CShadowPlayApi::GetCaptureSessionParam: fail hr[0x8004023a]
[05:02:02:48:881][E][CNTNR:12272:14836] CSharedDataManager::GetFocusProcInfo: No valid process in focus
[05:02:02:48:881][E][CNTNR:12272:14836] CCaptureControl::GetCaptureProcInfo: GetFocusProcInfo failed(0x8004023A)
[05:02:02:48:881][E][CNTNR:12272:14836] CCaptureControl::GetParam: failed(cmd = 15) 0x8004023A
[05:02:02:48:881][E][CNTNR:12272:14836] CServerImpl::GetCaptureSessionParam: GetCaptureSessionParam Failed. 0x8004023A
[05:02:02:48:881][E][CNTNR:12272:14836] ShadowPlayServerPlugin::ProcessReceivedIpcMessage: m_pSPServer->GetCaptureSessionParam [0x8004023a]
[05:02:02:48:882][E][NODJS:25616:21848] CShadowPlayApi::GetCaptureSessionParam: fail hr[0x8004023a]
[05:02:02:48:884][R][SHARE:25640:24824] COverlayApi::GetFullscreenState: OUT(0x00000000) wxh[0 x 0] process[] dwm[0] borderless[0] fullscreen[0] IsHdrActive:0
[05:02:02:48:885][R][SHARE:25640:24824] COverlayApi::GetFullscreenState: OUT(0x00000000) wxh[0 x 0] process[] dwm[0] borderless[0] fullscreen[0] IsHdrActive:0
[05:02:02:48:885][R][SHARE:25640:24824] COverlayApi::SetInputRedirectionMode: mode[3] NumRects[0]
[05:02:02:48:894][R][NODJS:25616:22660] CShadowPlayApi::SetProperty: IN(CoPlayEnabled)
[05:02:02:48:895][R][CNTNR:12272:14836] CServerImpl::SetProperty: IN pArgs[0X4AE89040] property(CoPlayEnabled)
[05:02:02:48:895][R][CNTNR:12272:14836] CSettings::SetProperty: CoPlayEnabled
[05:02:02:48:895][R][CNTNR:12272:14836] enableCoPlay = False
[05:02:02:48:915][R][SHARE:25640:24824] CShadowPlayApi::SetCaptureSessionParam: IN hSession(0XFFFFFFFF) uiCmd(20)
[05:02:02:48:931][R][CNTNR:12272:14836] CServerImpl::SetCaptureSessionParam: IN cmd(20) hSession(0XFFFFFFFF)
[05:02:02:48:931][R][CNTNR:12272:14836] CServerIpc::SetSP : IN(25640, 5)
[05:02:02:48:933][R][CNTNR:20628:18448] ShadowPlayServicePlugin::ProcessReceivedIpcMessage: ServiceMsgTypeSP PID(25640), P(5) hRes = 0x00000000
[05:02:02:48:933][R][SHARE:25640:24824] COverlayApi::SetSP: (25640, 5) 
[05:02:02:48:933][R][SHARE:25640:24824] CShadowPlayApi::SetCaptureSessionParam: IN hSession(0XFFFFFFFF) uiCmd(20)
[05:02:02:48:934][R][CNTNR:12272:14836] CServerImpl::SetCaptureSessionParam: IN cmd(20) hSession(0XFFFFFFFF)
[05:02:02:48:934][R][CNTNR:12272:14836] CServerIpc::SetSP : IN(19300, 5)
[05:02:02:48:935][R][CNTNR:20628:18448] ShadowPlayServicePlugin::ProcessReceivedIpcMessage: ServiceMsgTypeSP PID(19300), P(5) hRes = 0x00000000
[05:02:02:48:935][R][SHARE:25640:24824] COverlayApi::SetSP: (19300, 5) 
[05:02:02:48:939][R][SHARE:25640:24824] COverlayApi::GetFullscreenState: OUT(0x00000000) wxh[0 x 0] process[] dwm[0] borderless[0] fullscreen[0] IsHdrActive:0
[05:02:02:49:046][R][NODJS:25616: 4048] CShadowPlayApi::SetProperty: IN(DisplayWebcam)
[05:02:02:49:046][R][CNTNR:12272:14836] CServerImpl::SetProperty: IN pArgs[0X4AE89040] property(DisplayWebcam)
[05:02:02:49:046][R][CNTNR:12272:14836] CSettings::SetProperty: DisplayWebcam
[05:02:02:49:046][R][NODJS:25616: 4048] CShadowPlayApi::SetProperty: IN(WebcamPosition)
[05:02:02:49:048][R][CNTNR:12272:14836] CServerImpl::SetProperty: IN pArgs[0X4AE89040] property(WebcamPosition)
[05:02:02:49:048][R][CNTNR:12272:14836] CSettings::SetProperty: WebcamPosition
[05:02:02:49:048][R][CNTNR:12272:14836] WebcamPos = RightBottom
[05:02:02:49:048][R][CNTNR:12272:14836] CServerImpl::HandleSettingChange: IN msg(205) w(0x2) l(0x0)
[05:02:02:49:048][R][CNTNR:12272:14836] CCaptureControl::HandleEvent: IN(205, 2, 0)
[05:02:02:49:048][R][NODJS:25616: 4048] CShadowPlayApi::SetProperty: IN(WebcamSize)
[05:02:02:49:049][R][CNTNR:12272:14836] CServerImpl::SetProperty: IN pArgs[0X4AE89040] property(WebcamSize)
[05:02:02:49:049][R][CNTNR:12272:14836] CSettings::SetProperty: WebcamSize
[05:02:02:49:049][R][CNTNR:12272:14836] WebcamSize = Small
[05:02:02:49:049][R][CNTNR:12272:14836] CServerImpl::HandleSettingChange: IN msg(206) w(0x1) l(0x0)
[05:02:02:49:049][R][CNTNR:12272:14836] CCaptureControl::HandleEvent: IN(206, 1, 0)
[05:02:02:49:056][R][NODJS:25616:27384] CShadowPlayApi::SetProperty: IN(DisplayWebcam)
[05:02:02:49:056][R][CNTNR:12272:14836] CServerImpl::SetProperty: IN pArgs[0X4AE89040] property(DisplayWebcam)
[05:02:02:49:056][R][CNTNR:12272:14836] CSettings::SetProperty: DisplayWebcam
[05:02:02:49:056][R][NODJS:25616:27384] CShadowPlayApi::SetProperty: IN(WebcamPosition)
[05:02:02:49:056][R][CNTNR:12272:14836] CServerImpl::SetProperty: IN pArgs[0X4AE89040] property(WebcamPosition)
[05:02:02:49:056][R][CNTNR:12272:14836] CSettings::SetProperty: WebcamPosition
[05:02:02:49:056][R][CNTNR:12272:14836] WebcamPos = RightBottom
[05:02:02:49:056][R][CNTNR:12272:14836] CServerImpl::HandleSettingChange: IN msg(205) w(0x2) l(0x0)
[05:02:02:49:056][R][CNTNR:12272:14836] CCaptureControl::HandleEvent: IN(205, 2, 0)
[05:02:02:49:057][R][NODJS:25616:27384] CShadowPlayApi::SetProperty: IN(WebcamSize)
[05:02:02:49:057][R][CNTNR:12272:14836] CServerImpl::SetProperty: IN pArgs[0X4AE89040] property(WebcamSize)
[05:02:02:49:057][R][CNTNR:12272:14836] CSettings::SetProperty: WebcamSize
[05:02:02:49:057][R][CNTNR:12272:14836] WebcamSize = Small
[05:02:02:49:057][R][CNTNR:12272:14836] CServerImpl::HandleSettingChange: IN msg(206) w(0x1) l(0x0)
[05:02:02:49:057][R][CNTNR:12272:14836] CCaptureControl::HandleEvent: IN(206, 1, 0)
[05:02:02:49:066][R][NODJS:25616: 4848] CShadowPlayApi::SetCaptureSessionParam: IN hSession(0XFFFFFFFF) uiCmd(13)
[05:02:02:49:068][R][CNTNR:12272:14836] CServerImpl::SetCaptureSessionParam: IN cmd(13) hSession(0XFFFFFFFF)
[05:02:02:49:071][R][NODJS:25616:22132] CShadowPlayApi::SetCaptureSessionParam: IN hSession(0XFFFFFFFF) uiCmd(13)
[05:02:02:49:071][R][CNTNR:12272:14836] CServerImpl::SetCaptureSessionParam: IN cmd(13) hSession(0XFFFFFFFF)
[05:02:02:49:543][R][HELPR:13504: 2204] CShadowPlayHelper::ProcessWindowMessges: WMHK 7
[05:02:02:49:543][R][NODJS:25616:17344] CShadowPlayHotkeyReceiver::PluginCallback: Received message 7
[05:02:02:49:561][R][NODJS:25616:18336] CShadowPlayApi::SetCaptureSessionParam: IN hSession(0XFFFFFFFF) uiCmd(13)
[05:02:02:49:561][R][SHARE:25640:24824] CShadowPlayApi::SetCaptureSessionParam: IN hSession(0XFFFFFFFF) uiCmd(20)
[05:02:02:49:562][R][CNTNR:12272:14836] CServerImpl::SetCaptureSessionParam: IN cmd(13) hSession(0XFFFFFFFF)
[05:02:02:49:562][R][CNTNR:12272:14836] CServerImpl::SetCaptureSessionParam: IN cmd(20) hSession(0XFFFFFFFF)
[05:02:02:49:562][R][CNTNR:12272:14836] CServerIpc::SetSP : IN(25640, 2)
[05:02:02:49:562][R][NODJS:25616:12060] CShadowPlayApi::SetCaptureSessionParam: IN hSession(0XFFFFFFFF) uiCmd(13)
[05:02:02:49:563][R][CNTNR:20628:18448] ShadowPlayServicePlugin::ProcessReceivedIpcMessage: ServiceMsgTypeSP PID(25640), P(2) hRes = 0x00000000
[05:02:02:49:563][R][CNTNR:12272:14836] CServerImpl::SetCaptureSessionParam: IN cmd(13) hSession(0XFFFFFFFF)
[05:02:02:49:563][R][SHARE:25640:24824] COverlayApi::SetSP: (25640, 2) 
[05:02:02:49:564][R][SHARE:25640:24824] CShadowPlayApi::SetCaptureSessionParam: IN hSession(0XFFFFFFFF) uiCmd(20)
[05:02:02:49:564][R][CNTNR:12272:14836] CServerImpl::SetCaptureSessionParam: IN cmd(20) hSession(0XFFFFFFFF)
[05:02:02:49:564][R][CNTNR:12272:14836] CServerIpc::SetSP : IN(19300, 2)
[05:02:02:49:564][R][CNTNR:20628:18448] ShadowPlayServicePlugin::ProcessReceivedIpcMessage: ServiceMsgTypeSP PID(19300), P(2) hRes = 0x00000000
[05:02:02:49:564][R][SHARE:25640:24824] COverlayApi::SetSP: (19300, 2) 
[05:02:02:49:565][R][SHARE:25640:24824] COverlayApi::GetFullscreenState: OUT(0x00000000) wxh[0 x 0] process[] dwm[0] borderless[0] fullscreen[0] IsHdrActive:0
[05:02:02:49:567][R][SHARE:25640:24824] COverlayApi::SetInputRedirectionMode: mode[4] NumRects[0]
[05:02:03:46:795][R][HELPR:13504: 2204] CShadowPlayHelper::ProcessWindowMessges: WMHK 7
[05:02:03:46:796][R][NODJS:25616:17344] CShadowPlayHotkeyReceiver::PluginCallback: Received message 7
[05:02:03:46:997][R][HELPR:13504: 2204] CShadowPlayHelper::ProcessWindowMessges: WMHK 7
[05:02:03:46:997][R][NODJS:25616:17344] CShadowPlayHotkeyReceiver::PluginCallback: Received message 7
[05:02:03:47:711][E][CNTNR:12272:14836] CSharedDataManager::GetFocusProcInfo: No valid process in focus
[05:02:03:47:711][E][CNTNR:12272:14836] CCaptureControl::GetCaptureProcInfo: GetFocusProcInfo failed(0x8004023A)
[05:02:03:47:711][E][CNTNR:12272:14836] CCaptureControl::GetParam: failed(cmd = 15) 0x8004023A
[05:02:03:47:711][E][CNTNR:12272:14836] CServerImpl::GetCaptureSessionParam: GetCaptureSessionParam Failed. 0x8004023A
[05:02:03:47:711][E][CNTNR:12272:14836] ShadowPlayServerPlugin::ProcessReceivedIpcMessage: m_pSPServer->GetCaptureSessionParam [0x8004023a]
[05:02:03:47:712][E][NODJS:25616:18164] CShadowPlayApi::GetCaptureSessionParam: fail hr[0x8004023a]
[05:02:03:47:714][E][CNTNR:12272:14836] CSharedDataManager::GetFocusProcInfo: No valid process in focus
[05:02:03:47:714][E][CNTNR:12272:14836] CCaptureControl::GetCaptureProcInfo: GetFocusProcInfo failed(0x8004023A)
[05:02:03:47:714][E][CNTNR:12272:14836] CCaptureControl::GetParam: failed(cmd = 15) 0x8004023A
[05:02:03:47:714][E][CNTNR:12272:14836] CServerImpl::GetCaptureSessionParam: GetCaptureSessionParam Failed. 0x8004023A
[05:02:03:47:714][E][CNTNR:12272:14836] ShadowPlayServerPlugin::ProcessReceivedIpcMessage: m_pSPServer->GetCaptureSessionParam [0x8004023a]
[05:02:03:47:714][E][NODJS:25616:12340] CShadowPlayApi::GetCaptureSessionParam: fail hr[0x8004023a]
[05:02:03:47:716][R][SHARE:25640:24824] COverlayApi::GetFullscreenState: OUT(0x00000000) wxh[0 x 0] process[] dwm[0] borderless[0] fullscreen[0] IsHdrActive:0
[05:02:03:47:716][R][SHARE:25640:24824] COverlayApi::GetFullscreenState: OUT(0x00000000) wxh[0 x 0] process[] dwm[0] borderless[0] fullscreen[0] IsHdrActive:0
[05:02:03:47:717][R][SHARE:25640:24824] COverlayApi::SetInputRedirectionMode: mode[3] NumRects[0]
[05:02:03:47:720][R][NODJS:25616:10588] CShadowPlayApi::SetProperty: IN(CoPlayEnabled)
[05:02:03:47:720][R][CNTNR:12272:14836] CServerImpl::SetProperty: IN pArgs[0X4D63FC70] property(CoPlayEnabled)
[05:02:03:47:720][R][CNTNR:12272:14836] CSettings::SetProperty: CoPlayEnabled
[05:02:03:47:720][R][CNTNR:12272:14836] enableCoPlay = False
[05:02:03:47:736][R][SHARE:25640:24824] CShadowPlayApi::SetCaptureSessionParam: IN hSession(0XFFFFFFFF) uiCmd(20)
[05:02:03:48:104][R][CNTNR:12272:14836] CServerImpl::SetCaptureSessionParam: IN cmd(20) hSession(0XFFFFFFFF)
[05:02:03:48:104][R][CNTNR:12272:14836] CServerIpc::SetSP : IN(25640, 5)
[05:02:03:48:107][R][CNTNR:20628:18448] ShadowPlayServicePlugin::ProcessReceivedIpcMessage: ServiceMsgTypeSP PID(25640), P(5) hRes = 0x00000000
[05:02:03:48:108][R][SHARE:25640:24824] COverlayApi::SetSP: (25640, 5) 
[05:02:03:48:108][R][SHARE:25640:24824] CShadowPlayApi::SetCaptureSessionParam: IN hSession(0XFFFFFFFF) uiCmd(20)
[05:02:03:48:109][R][CNTNR:12272:14836] CServerImpl::SetCaptureSessionParam: IN cmd(20) hSession(0XFFFFFFFF)
[05:02:03:48:109][R][CNTNR:12272:14836] CServerIpc::SetSP : IN(19300, 5)
[05:02:03:48:109][R][CNTNR:20628:18448] ShadowPlayServicePlugin::ProcessReceivedIpcMessage: ServiceMsgTypeSP PID(19300), P(5) hRes = 0x00000000
[05:02:03:48:110][R][SHARE:25640:24824] COverlayApi::SetSP: (19300, 5) 
[05:02:03:48:134][R][SHARE:25640:24824] COverlayApi::GetFullscreenState: OUT(0x00000000) wxh[0 x 0] process[] dwm[0] borderless[0] fullscreen[0] IsHdrActive:0
[05:02:03:48:158][R][SHARE:25640:24824] CShadowPlayApi::SetCaptureSessionParam: IN hSession(0XFFFFFFFF) uiCmd(20)
[05:02:03:48:158][R][CNTNR:12272:14836] CServerImpl::SetCaptureSessionParam: IN cmd(20) hSession(0XFFFFFFFF)
[05:02:03:48:158][R][CNTNR:12272:14836] CServerIpc::SetSP : IN(25640, 2)
[05:02:03:48:159][R][CNTNR:20628:18448] ShadowPlayServicePlugin::ProcessReceivedIpcMessage: ServiceMsgTypeSP PID(25640), P(2) hRes = 0x00000000
[05:02:03:48:159][R][SHARE:25640:24824] COverlayApi::SetSP: (25640, 2) 
[05:02:03:48:159][R][SHARE:25640:24824] CShadowPlayApi::SetCaptureSessionParam: IN hSession(0XFFFFFFFF) uiCmd(20)
[05:02:03:48:161][R][CNTNR:12272:14836] CServerImpl::SetCaptureSessionParam: IN cmd(20) hSession(0XFFFFFFFF)
[05:02:03:48:161][R][CNTNR:12272:14836] CServerIpc::SetSP : IN(19300, 2)
[05:02:03:48:161][R][CNTNR:20628:18448] ShadowPlayServicePlugin::ProcessReceivedIpcMessage: ServiceMsgTypeSP PID(19300), P(2) hRes = 0x00000000
[05:02:03:48:162][R][SHARE:25640:24824] COverlayApi::SetSP: (19300, 2) 
[05:02:03:48:163][R][SHARE:25640:24824] COverlayApi::GetFullscreenState: OUT(0x00000000) wxh[0 x 0] process[] dwm[0] borderless[0] fullscreen[0] IsHdrActive:0
[05:02:03:48:168][R][SHARE:25640:24824] COverlayApi::SetInputRedirectionMode: mode[4] NumRects[0]
[05:02:03:48:175][R][NODJS:25616:13036] CShadowPlayApi::SetCaptureSessionParam: IN hSession(0XFFFFFFFF) uiCmd(13)
[05:02:03:48:175][R][CNTNR:12272:14836] CServerImpl::SetCaptureSessionParam: IN cmd(13) hSession(0XFFFFFFFF)
[05:02:03:48:178][R][NODJS:25616:26684] CShadowPlayApi::SetCaptureSessionParam: IN hSession(0XFFFFFFFF) uiCmd(13)
[05:02:03:48:179][R][CNTNR:12272:14836] CServerImpl::SetCaptureSessionParam: IN cmd(13) hSession(0XFFFFFFFF)
[05:02:03:48:188][R][NODJS:25616:12184] CShadowPlayApi::SetProperty: IN(DisplayWebcam)
[05:02:03:48:188][R][CNTNR:12272:14836] CServerImpl::SetProperty: IN pArgs[0X4D7CDB00] property(DisplayWebcam)
[05:02:03:48:188][R][CNTNR:12272:14836] CSettings::SetProperty: DisplayWebcam
[05:02:03:48:189][R][NODJS:25616:12184] CShadowPlayApi::SetProperty: IN(WebcamPosition)
[05:02:03:48:190][R][CNTNR:12272:14836] CServerImpl::SetProperty: IN pArgs[0X4D7CCBE0] property(WebcamPosition)
[05:02:03:48:190][R][CNTNR:12272:14836] CSettings::SetProperty: WebcamPosition
[05:02:03:48:190][R][CNTNR:12272:14836] WebcamPos = RightBottom
[05:02:03:48:190][R][CNTNR:12272:14836] CServerImpl::HandleSettingChange: IN msg(205) w(0x2) l(0x0)
[05:02:03:48:191][R][CNTNR:12272:14836] CCaptureControl::HandleEvent: IN(205, 2, 0)
[05:02:03:48:191][R][NODJS:25616:12184] CShadowPlayApi::SetProperty: IN(WebcamSize)
[05:02:03:48:192][R][CNTNR:12272:14836] CServerImpl::SetProperty: IN pArgs[0X4D7CEA20] property(WebcamSize)
[05:02:03:48:192][R][CNTNR:12272:14836] CSettings::SetProperty: WebcamSize
[05:02:03:48:192][R][CNTNR:12272:14836] WebcamSize = Small
[05:02:03:48:192][R][CNTNR:12272:14836] CServerImpl::HandleSettingChange: IN msg(206) w(0x1) l(0x0)
[05:02:03:48:192][R][CNTNR:12272:14836] CCaptureControl::HandleEvent: IN(206, 1, 0)
[05:02:03:48:194][R][NODJS:25616:10912] CShadowPlayApi::SetCaptureSessionParam: IN hSession(0XFFFFFFFF) uiCmd(13)
[05:02:03:48:194][R][CNTNR:12272:14836] CServerImpl::SetCaptureSessionParam: IN cmd(13) hSession(0XFFFFFFFF)
[05:02:03:48:198][R][NODJS:25616:18256] CShadowPlayApi::SetProperty: IN(DisplayWebcam)
[05:02:03:48:199][R][CNTNR:12272:14836] CServerImpl::SetProperty: IN pArgs[0X4D7CD370] property(DisplayWebcam)
[05:02:03:48:199][R][CNTNR:12272:14836] CSettings::SetProperty: DisplayWebcam
[05:02:03:48:200][R][NODJS:25616:18256] CShadowPlayApi::SetProperty: IN(WebcamPosition)
[05:02:03:48:201][R][CNTNR:12272:14836] CServerImpl::SetProperty: IN pArgs[0X4D7CDB00] property(WebcamPosition)
[05:02:03:48:201][R][CNTNR:12272:14836] CSettings::SetProperty: WebcamPosition
[05:02:03:48:201][R][CNTNR:12272:14836] WebcamPos = RightBottom
[05:02:03:48:201][R][CNTNR:12272:14836] CServerImpl::HandleSettingChange: IN msg(205) w(0x2) l(0x0)
[05:02:03:48:201][R][CNTNR:12272:14836] CCaptureControl::HandleEvent: IN(205, 2, 0)
[05:02:03:48:202][R][NODJS:25616:18256] CShadowPlayApi::SetProperty: IN(WebcamSize)
[05:02:03:48:202][R][CNTNR:12272:14836] CServerImpl::SetProperty: IN pArgs[0X4D7CD370] property(WebcamSize)
[05:02:03:48:202][R][CNTNR:12272:14836] CSettings::SetProperty: WebcamSize
[05:02:03:48:202][R][CNTNR:12272:14836] WebcamSize = Small
[05:02:03:48:202][R][CNTNR:12272:14836] CServerImpl::HandleSettingChange: IN msg(206) w(0x1) l(0x0)
[05:02:03:48:202][R][CNTNR:12272:14836] CCaptureControl::HandleEvent: IN(206, 1, 0)
[05:02:03:48:204][R][NODJS:25616: 8944] CShadowPlayApi::SetCaptureSessionParam: IN hSession(0XFFFFFFFF) uiCmd(13)
[05:02:03:48:204][R][CNTNR:12272:14836] CServerImpl::SetCaptureSessionParam: IN cmd(13) hSession(0XFFFFFFFF)
[05:02:24:40:847][E][SETUP:6028: 4496] QueryShadowPlayDdiShimStatusIN
[05:02:24:40:915][E][SETUP:6028: 4496] QueryShadowPlayDdiShimStatusIN
[05:02:24:40:939][E][SETUP:6028: 4496] QueryShadowPlayDdiShimStatusIN
[05:02:24:41:023][E][SETUP:6028: 4496] QueryShadowPlayDdiShimStatusIN
[05:02:24:41:055][E][SETUP:6028: 4496] QueryShadowPlayDdiShimStatusIN
[05:02:24:41:079][E][SETUP:6028: 4496] QueryShadowPlayDdiShimStatusIN
[05:02:33:07:512][E][ZCode:26700:28028] QueryShadowPlayDdiShimStatusIN
[05:02:33:07:694][E][ZCode:26700:28028] QueryShadowPlayDdiShimStatusIN
[05:02:33:07:837][E][ZCode:26700:28028] QueryShadowPlayDdiShimStatusIN
[05:02:33:07:995][E][ZCode:26700:28028] QueryShadowPlayDdiShimStatusIN
[05:02:33:08:103][E][ZCode:26700:28028] QueryShadowPlayDdiShimStatusIN
[05:02:33:47:206][R][HELPR:13504: 2204] CShadowPlayHelper::ProcessWindowMessges: WMHK 7
[05:02:33:47:207][R][NODJS:25616:17344] CShadowPlayHotkeyReceiver::PluginCallback: Received message 7
[05:02:33:47:526][E][CNTNR:12272:14836] CSharedDataManager::GetFocusProcInfo: No valid process in focus
[05:02:33:47:526][E][CNTNR:12272:14836] CCaptureControl::GetCaptureProcInfo: GetFocusProcInfo failed(0x8004023A)
[05:02:33:47:526][E][CNTNR:12272:14836] CCaptureControl::GetParam: failed(cmd = 15) 0x8004023A
[05:02:33:47:526][E][CNTNR:12272:14836] CServerImpl::GetCaptureSessionParam: GetCaptureSessionParam Failed. 0x8004023A
[05:02:33:47:526][E][CNTNR:12272:14836] ShadowPlayServerPlugin::ProcessReceivedIpcMessage: m_pSPServer->GetCaptureSessionParam [0x8004023a]
[05:02:33:47:527][E][NODJS:25616: 4848] CShadowPlayApi::GetCaptureSessionParam: fail hr[0x8004023a]
[05:02:33:47:532][R][SHARE:25640:24824] COverlayApi::GetFullscreenState: OUT(0x00000000) wxh[0 x 0] process[] dwm[0] borderless[0] fullscreen[0] IsHdrActive:0
[05:02:33:47:534][R][SHARE:25640:24824] COverlayApi::GetFullscreenState: OUT(0x00000000) wxh[0 x 0] process[] dwm[0] borderless[0] fullscreen[0] IsHdrActive:0
[05:02:33:47:534][R][SHARE:25640:24824] COverlayApi::SetInputRedirectionMode: mode[3] NumRects[0]
[05:02:33:47:537][R][NODJS:25616:22132] CShadowPlayApi::SetProperty: IN(CoPlayEnabled)
[05:02:33:47:537][R][CNTNR:12272:14836] CServerImpl::SetProperty: IN pArgs[0X4D7CF1B0] property(CoPlayEnabled)
[05:02:33:47:537][R][CNTNR:12272:14836] CSettings::SetProperty: CoPlayEnabled
[05:02:33:47:537][R][CNTNR:12272:14836] enableCoPlay = False
[05:02:33:47:576][R][SHARE:25640:24824] CShadowPlayApi::SetCaptureSessionParam: IN hSession(0XFFFFFFFF) uiCmd(20)
[05:02:33:47:586][R][CNTNR:12272:14836] CServerImpl::SetCaptureSessionParam: IN cmd(20) hSession(0XFFFFFFFF)
[05:02:33:47:586][R][CNTNR:12272:14836] CServerIpc::SetSP : IN(25640, 5)
[05:02:33:47:589][R][CNTNR:20628:18448] ShadowPlayServicePlugin::ProcessReceivedIpcMessage: ServiceMsgTypeSP PID(25640), P(5) hRes = 0x00000000
[05:02:33:47:590][R][SHARE:25640:24824] COverlayApi::SetSP: (25640, 5) 
[05:02:33:47:591][R][SHARE:25640:24824] CShadowPlayApi::SetCaptureSessionParam: IN hSession(0XFFFFFFFF) uiCmd(20)
[05:02:33:47:591][R][CNTNR:12272:14836] CServerImpl::SetCaptureSessionParam: IN cmd(20) hSession(0XFFFFFFFF)
[05:02:33:47:591][R][CNTNR:12272:14836] CServerIpc::SetSP : IN(19300, 5)
[05:02:33:47:592][R][CNTNR:20628:18448] ShadowPlayServicePlugin::ProcessReceivedIpcMessage: ServiceMsgTypeSP PID(19300), P(5) hRes = 0x00000000
[05:02:33:47:593][R][SHARE:25640:24824] COverlayApi::SetSP: (19300, 5) 
[05:02:33:47:666][R][NODJS:25616: 2888] CShadowPlayApi::SetProperty: IN(DisplayWebcam)
[05:02:33:47:666][R][CNTNR:12272:14836] CServerImpl::SetProperty: IN pArgs[0X4D7CDB00] property(DisplayWebcam)
[05:02:33:47:666][R][CNTNR:12272:14836] CSettings::SetProperty: DisplayWebcam
[05:02:33:47:667][R][NODJS:25616: 2888] CShadowPlayApi::SetProperty: IN(WebcamPosition)
[05:02:33:47:667][R][CNTNR:12272:14836] CServerImpl::SetProperty: IN pArgs[0X4D7D0860] property(WebcamPosition)
[05:02:33:47:667][R][CNTNR:12272:14836] CSettings::SetProperty: WebcamPosition
[05:02:33:47:668][R][CNTNR:12272:14836] WebcamPos = RightBottom
[05:02:33:47:668][R][CNTNR:12272:14836] CServerImpl::HandleSettingChange: IN msg(205) w(0x2) l(0x0)
[05:02:33:47:668][R][CNTNR:12272:14836] CCaptureControl::HandleEvent: IN(205, 2, 0)
[05:02:33:47:668][R][NODJS:25616: 2888] CShadowPlayApi::SetProperty: IN(WebcamSize)
[05:02:33:47:668][R][CNTNR:12272:14836] CServerImpl::SetProperty: IN pArgs[0X4D7CDB00] property(WebcamSize)
[05:02:33:47:668][R][CNTNR:12272:14836] CSettings::SetProperty: WebcamSize
[05:02:33:47:668][R][CNTNR:12272:14836] WebcamSize = Small
[05:02:33:47:668][R][CNTNR:12272:14836] CServerImpl::HandleSettingChange: IN msg(206) w(0x1) l(0x0)
[05:02:33:47:668][R][CNTNR:12272:14836] CCaptureControl::HandleEvent: IN(206, 1, 0)
[05:02:33:47:679][R][NODJS:25616:12340] CShadowPlayApi::SetCaptureSessionParam: IN hSession(0XFFFFFFFF) uiCmd(13)
[05:02:33:47:680][R][CNTNR:12272:14836] CServerImpl::SetCaptureSessionParam: IN cmd(13) hSession(0XFFFFFFFF)
[05:02:33:48:295][R][HELPR:13504: 2204] CShadowPlayHelper::ProcessWindowMessges: WMHK 7
[05:02:33:48:295][R][NODJS:25616:17344] CShadowPlayHotkeyReceiver::PluginCallback: Received message 7
[05:02:33:48:308][R][NODJS:25616:20536] CShadowPlayApi::SetCaptureSessionParam: IN hSession(0XFFFFFFFF) uiCmd(13)
[05:02:33:48:308][R][SHARE:25640:24824] CShadowPlayApi::SetCaptureSessionParam: IN hSession(0XFFFFFFFF) uiCmd(20)
[05:02:33:48:309][R][CNTNR:12272:14836] CServerImpl::SetCaptureSessionParam: IN cmd(20) hSession(0XFFFFFFFF)
[05:02:33:48:309][R][CNTNR:12272:14836] CServerIpc::SetSP : IN(25640, 2)
[05:02:33:48:311][R][CNTNR:20628:18448] ShadowPlayServicePlugin::ProcessReceivedIpcMessage: ServiceMsgTypeSP PID(25640), P(2) hRes = 0x00000000
[05:02:33:48:312][R][CNTNR:12272:14836] CServerImpl::SetCaptureSessionParam: IN cmd(13) hSession(0XFFFFFFFF)
[05:02:33:48:312][R][SHARE:25640:24824] COverlayApi::SetSP: (25640, 2) 
[05:02:33:48:312][R][SHARE:25640:24824] CShadowPlayApi::SetCaptureSessionParam: IN hSession(0XFFFFFFFF) uiCmd(20)
[05:02:33:48:312][R][NODJS:25616:26840] CShadowPlayApi::SetCaptureSessionParam: IN hSession(0XFFFFFFFF) uiCmd(13)
[05:02:33:48:313][R][CNTNR:12272:14836] CServerImpl::SetCaptureSessionParam: IN cmd(20) hSession(0XFFFFFFFF)
[05:02:33:48:313][R][CNTNR:12272:14836] CServerIpc::SetSP : IN(19300, 2)
[05:02:33:48:313][R][CNTNR:20628:18448] ShadowPlayServicePlugin::ProcessReceivedIpcMessage: ServiceMsgTypeSP PID(19300), P(2) hRes = 0x00000000
[05:02:33:48:314][R][CNTNR:12272:14836] CServerImpl::SetCaptureSessionParam: IN cmd(13) hSession(0XFFFFFFFF)
[05:02:33:48:314][R][SHARE:25640:24824] COverlayApi::SetSP: (19300, 2) 
[05:02:33:48:316][R][SHARE:25640:24824] COverlayApi::GetFullscreenState: OUT(0x00000000) wxh[0 x 0] process[] dwm[0] borderless[0] fullscreen[0] IsHdrActive:0
[05:02:33:48:347][R][SHARE:25640:24824] COverlayApi::SetInputRedirectionMode: mode[4] NumRects[0]
[05:02:34:18:312][R][HELPR:13504: 2204] CShadowPlayHelper::ProcessWindowMessges: WMHK 7
[05:02:34:18:312][R][NODJS:25616:17344] CShadowPlayHotkeyReceiver::PluginCallback: Received message 7
[05:02:34:18:629][E][CNTNR:12272:14836] CSharedDataManager::GetFocusProcInfo: No valid process in focus
[05:02:34:18:629][E][CNTNR:12272:14836] CCaptureControl::GetCaptureProcInfo: GetFocusProcInfo failed(0x8004023A)
[05:02:34:18:629][E][CNTNR:12272:14836] CCaptureControl::GetParam: failed(cmd = 15) 0x8004023A
[05:02:34:18:629][E][CNTNR:12272:14836] CServerImpl::GetCaptureSessionParam: GetCaptureSessionParam Failed. 0x8004023A
[05:02:34:18:629][E][CNTNR:12272:14836] ShadowPlayServerPlugin::ProcessReceivedIpcMessage: m_pSPServer->GetCaptureSessionParam [0x8004023a]
[05:02:34:18:629][E][NODJS:25616:13916] CShadowPlayApi::GetCaptureSessionParam: fail hr[0x8004023a]
[05:02:34:18:633][R][SHARE:25640:24824] COverlayApi::GetFullscreenState: OUT(0x00000000) wxh[0 x 0] process[] dwm[0] borderless[0] fullscreen[0] IsHdrActive:0
[05:02:34:18:634][R][SHARE:25640:24824] COverlayApi::GetFullscreenState: OUT(0x00000000) wxh[0 x 0] process[] dwm[0] borderless[0] fullscreen[0] IsHdrActive:0
[05:02:34:18:634][R][SHARE:25640:24824] COverlayApi::SetInputRedirectionMode: mode[3] NumRects[0]
[05:02:34:18:635][R][NODJS:25616:22332] CShadowPlayApi::SetProperty: IN(CoPlayEnabled)
[05:02:34:18:635][R][CNTNR:12272:14836] CServerImpl::SetProperty: IN pArgs[0X4D7CF940] property(CoPlayEnabled)
[05:02:34:18:635][R][CNTNR:12272:14836] CSettings::SetProperty: CoPlayEnabled
[05:02:34:18:635][R][CNTNR:12272:14836] enableCoPlay = False
[05:02:34:18:688][R][SHARE:25640:24824] CShadowPlayApi::SetCaptureSessionParam: IN hSession(0XFFFFFFFF) uiCmd(20)
[05:02:34:18:688][R][CNTNR:12272:14836] CServerImpl::SetCaptureSessionParam: IN cmd(20) hSession(0XFFFFFFFF)
[05:02:34:18:688][R][CNTNR:12272:14836] CServerIpc::SetSP : IN(25640, 5)
[05:02:34:18:693][R][CNTNR:20628:18448] ShadowPlayServicePlugin::ProcessReceivedIpcMessage: ServiceMsgTypeSP PID(25640), P(5) hRes = 0x00000000
[05:02:34:18:694][R][SHARE:25640:24824] COverlayApi::SetSP: (25640, 5) 
[05:02:34:18:694][R][SHARE:25640:24824] CShadowPlayApi::SetCaptureSessionParam: IN hSession(0XFFFFFFFF) uiCmd(20)
[05:02:34:18:694][R][CNTNR:12272:14836] CServerImpl::SetCaptureSessionParam: IN cmd(20) hSession(0XFFFFFFFF)
[05:02:34:18:694][R][CNTNR:12272:14836] CServerIpc::SetSP : IN(19300, 5)
[05:02:34:18:695][R][CNTNR:20628:18448] ShadowPlayServicePlugin::ProcessReceivedIpcMessage: ServiceMsgTypeSP PID(19300), P(5) hRes = 0x00000000
[05:02:34:18:695][R][SHARE:25640:24824] COverlayApi::SetSP: (19300, 5) 
[05:02:34:18:745][R][NODJS:25616:12184] CShadowPlayApi::SetProperty: IN(DisplayWebcam)
[05:02:34:18:745][R][CNTNR:12272:14836] CServerImpl::SetProperty: IN pArgs[0X4D7CEA20] property(DisplayWebcam)
[05:02:34:18:745][R][CNTNR:12272:14836] CSettings::SetProperty: DisplayWebcam
[05:02:34:18:745][R][NODJS:25616:12184] CShadowPlayApi::SetProperty: IN(WebcamPosition)
[05:02:34:18:746][R][CNTNR:12272:14836] CServerImpl::SetProperty: IN pArgs[0X4D7CDB00] property(WebcamPosition)
[05:02:34:18:746][R][CNTNR:12272:14836] CSettings::SetProperty: WebcamPosition
[05:02:34:18:746][R][CNTNR:12272:14836] WebcamPos = RightBottom
[05:02:34:18:746][R][CNTNR:12272:14836] CServerImpl::HandleSettingChange: IN msg(205) w(0x2) l(0x0)
[05:02:34:18:746][R][CNTNR:12272:14836] CCaptureControl::HandleEvent: IN(205, 2, 0)
[05:02:34:18:746][R][NODJS:25616:12184] CShadowPlayApi::SetProperty: IN(WebcamSize)
[05:02:34:18:746][R][CNTNR:12272:14836] CServerImpl::SetProperty: IN pArgs[0X4D7CCBE0] property(WebcamSize)
[05:02:34:18:746][R][CNTNR:12272:14836] CSettings::SetProperty: WebcamSize
[05:02:34:18:746][R][CNTNR:12272:14836] WebcamSize = Small
[05:02:34:18:746][R][CNTNR:12272:14836] CServerImpl::HandleSettingChange: IN msg(206) w(0x1) l(0x0)
[05:02:34:18:746][R][CNTNR:12272:14836] CCaptureControl::HandleEvent: IN(206, 1, 0)
[05:02:34:18:757][R][NODJS:25616:10912] CShadowPlayApi::SetCaptureSessionParam: IN hSession(0XFFFFFFFF) uiCmd(13)
[05:02:34:18:757][R][CNTNR:12272:14836] CServerImpl::SetCaptureSessionParam: IN cmd(13) hSession(0XFFFFFFFF)
[05:02:34:19:387][R][SHARE:25640:24824] COverlayApi::GetFullscreenState: OUT(0x00000000) wxh[0 x 0] process[] dwm[0] borderless[0] fullscreen[0] IsHdrActive:0
[05:02:34:19:420][R][NODJS:25616:15320] CShadowPlayApi::CreateCaptureSession: IN sessiontype(1) capcontroller(3)
[05:02:34:19:421][R][CNTNR:12272:14836] CServerImpl::CreateCaptureSession: IN pArgs[0X4D7CE290] type(1) con(3)
[05:02:34:19:421][R][CNTNR:12272:14836] CServerIpc::EnableNvFbcLogger : IN
[05:02:34:19:421][R][CNTNR:20628:18448] ShadowPlayServicePlugin::ProcessReceivedIpcMessage: ServiceMsgTypeControlNvFbcLogger
[05:02:34:19:421][R][CNTNR:20628:18448] CSPWorkerThread::Start: started [NvFBCLoggerThread]
[05:02:34:19:422][R][CNTNR:20628:19868] CSPWorkerThread::ThreadFunc: executing [NvFBCLoggerThread]
[05:02:34:19:422][R][CNTNR:20628:19868] ETWController::ControlTraceSession: Creating trace session S
[05:02:34:19:422][E][CNTNR:20628:19868] ETWController::CreateSession: ControlTrace (stop) returned GLE[4201] for handle 0
[05:02:34:19:422][R][CNTNR:20628:19868] ETWController::ControlProviders: Enabling Providers
[05:02:34:19:422][R][CNTNR:20628:19868] ETWController::CreateSession:Tracing session 'ShadowPlay' started
[05:02:34:19:431][R][CNTNR:12272:14836] CSPWorkerThread::CSPWorkerThread : given thread name[ExitListener_session0]
[05:02:34:19:431][R][CNTNR:12272:14836] CSPWorkerThread::Start: started [ExitListener_session0]
[05:02:34:19:431][R][CNTNR:12272:14836] CCaptureControl::RegisterClientExitListener: hSession(0000013C4AE787D0) idx(0) pExitListener(0000013C4D457FC0) thread_id(26136)
[05:02:34:19:431][R][CNTNR:12272:14836] CServerImpl::CreateCaptureSession: OUT pArgs[0X4D7CE290] hr(0) hSession(0X13C4AE787D0)
[05:02:34:19:432][R][CNTNR:12272:26136] CSPWorkerThread::ThreadFunc: executing [ExitListener_session0]
[05:02:34:19:432][R][NODJS:25616:15320] CShadowPlayApi::CreateCaptureSession: OUT hSession(0X13C4AE787D0)
[05:02:34:19:432][R][NODJS:25616:15320] CShadowPlayApi::CaptureSessionControl: IN hSession(0X13C4AE787D0) eControlCmd(1)
[05:02:34:19:432][R][CNTNR:12272:14836] CServerImpl::CaptureSessionControl: IN pArgs[0X4D7CD370] hSession(0X13C4AE787D0) cmd: (START_MANUAL) controller: (OSCUI)
[05:02:34:21:440][R][CNTNR:20628:19868] 2026-10-04 19:34:19.431|NVFBC|pid: 12272|-|DllMain: Driver version 582.66 ## DLL_PROCESS_ATTACH

[05:02:34:21:950][E][CNTNR:12272:14836] CCaptureSession::RefreshSettings: EvaluateCaptureProcess failed 0x80004005
[05:02:34:21:950][E][CNTNR:12272:14836] CCaptureSession::StartManualCapture: RefreshSettings failed 0x80004005
[05:02:34:21:950][E][CNTNR:12272:14836] CCaptureSession::CaptureControlRecord: failed(1) 0x80004005
[05:02:34:21:950][E][CNTNR:12272:14836] CCaptureControl::CaptureSessionControl: Session CaptureControl failed 0x80004005
[05:02:34:21:951][E][CNTNR:12272:14836] CServerImpl::CaptureSessionControl: Failed. pArgs[0X4D7CD370] hr[0X80004005]
[05:02:34:21:951][E][CNTNR:12272:14836] ShadowPlayServerPlugin::ProcessReceivedIpcMessage: m_pSPServer->CaptureSessionControl [0x80004005]
[05:02:34:21:951][E][NODJS:25616:15320] CShadowPlayApi::CaptureSessionControl: fail hr[0x80004005]
[05:02:34:21:951][R][NODJS:25616:15320] CShadowPlayApi::CaptureSessionControl: OUT
[05:02:34:21:989][R][SHARE:25640:24824] COverlayApi::GetFullscreenState: OUT(0x00000000) wxh[0 x 0] process[] dwm[0] borderless[0] fullscreen[0] IsHdrActive:0
[05:02:34:22:011][R][NODJS:25616:27596] CShadowPlayApi::CaptureSessionControl: IN hSession(0X13C4AE787D0) eControlCmd(1)
[05:02:34:22:011][R][CNTNR:12272:14836] CServerImpl::CaptureSessionControl: IN pArgs[0X4D7CF1B0] hSession(0X13C4AE787D0) cmd: (START_MANUAL) controller: (OSCUI)
[05:02:34:24:533][E][CNTNR:12272:14836] CCaptureSession::RefreshSettings: EvaluateCaptureProcess failed 0x80004005
[05:02:34:24:533][E][CNTNR:12272:14836] CCaptureSession::StartManualCapture: RefreshSettings failed 0x80004005
[05:02:34:24:533][E][CNTNR:12272:14836] CCaptureSession::CaptureControlRecord: failed(1) 0x80004005
[05:02:34:24:533][E][CNTNR:12272:14836] CCaptureControl::CaptureSessionControl: Session CaptureControl failed 0x80004005
[05:02:34:24:533][E][CNTNR:12272:14836] CServerImpl::CaptureSessionControl: Failed. pArgs[0X4D7CF1B0] hr[0X80004005]
[05:02:34:24:533][E][CNTNR:12272:14836] ShadowPlayServerPlugin::ProcessReceivedIpcMessage: m_pSPServer->CaptureSessionControl [0x80004005]
[05:02:34:24:534][E][NODJS:25616:27596] CShadowPlayApi::CaptureSessionControl: fail hr[0x80004005]
[05:02:34:24:534][R][NODJS:25616:27596] CShadowPlayApi::CaptureSessionControl: OUT
[05:02:34:24:548][R][SHARE:25640:24824] COverlayApi::GetFullscreenState: OUT(0x00000000) wxh[0 x 0] process[] dwm[0] borderless[0] fullscreen[0] IsHdrActive:0
[05:02:34:24:550][R][NODJS:25616:25140] CShadowPlayApi::CaptureSessionControl: IN hSession(0X13C4AE787D0) eControlCmd(3)
[05:02:34:24:550][R][CNTNR:12272:14836] CServerImpl::CaptureSessionControl: IN pArgs[0X4D6ECA20] hSession(0X13C4AE787D0) cmd: (IR_START) controller: (OSCUI)
[05:02:34:24:558][R][NODJS:25616: 2132] CShadowPlayNotifications::EnqueueNotification: uMsg(0x4A), wParam(0x0), lParam(0xC4AFD20) dwData(0x90C)
[05:02:34:24:558][R][CNTNR:12272:14836] DVR Active = true
[05:02:34:24:558][R][CNTNR:12272:14836] CServerImpl::HandleSettingChange: IN msg(202) w(0x1) l(0x0)
[05:02:34:24:558][R][CNTNR:12272:14836] CCaptureControl::HandleEvent: IN(202, 1, 0)
[05:02:34:24:558][R][NODJS:25616:21140] CShadowPlayNotifications::HandleNotificationMessage: msg(74) lparam(c4afd20) wparam(0)
[05:02:34:24:565][R][CNTNR:12272:14836] CCaptureSession::EvaluateAutoDVRStart: Starting DVR capture. IR(1) HL(0) nDisable(0)
[05:02:34:24:565][R][CNTNR:12272:14836] CCaptureSession::StartDVRCapture: IN
[05:02:34:24:565][E][CNTNR:12272:14836] CCaptureSession::RefreshSettings: EvaluateCaptureProcess failed 0x80004005
[05:02:34:24:565][E][CNTNR:12272:14836] CCaptureSession::StartDVRCapture: RefreshSettings failed 0x80004005
[05:02:34:24:566][R][CNTNR:12272:14836] CServerImpl::CaptureSessionControl: OUT pArgs[0X4D6ECA20] hr[0]
[05:02:34:24:566][R][NODJS:25616:25140] CShadowPlayApi::CaptureSessionControl: OUT
[05:02:34:24:566][R][NODJS:25616: 4048] CShadowPlayApi::CaptureSessionControl: IN hSession(0X13C4AE787D0) eControlCmd(3)
[05:02:34:24:566][R][SHARE:25640:24824] COverlayApi::GetFullscreenState: OUT(0x00000000) wxh[0 x 0] process[] dwm[0] borderless[0] fullscreen[0] IsHdrActive:0
[05:02:34:24:567][R][CNTNR:12272:14836] CServerImpl::CaptureSessionControl: IN pArgs[0X4D6ECA20] hSession(0X13C4AE787D0) cmd: (IR_START) controller: (OSCUI)
[05:02:34:24:574][R][NODJS:25616: 2132] CShadowPlayNotifications::EnqueueNotification: uMsg(0x4A), wParam(0x0), lParam(0xC4AFD20) dwData(0x90C)
[05:02:34:24:574][R][CNTNR:12272:14836] DVR Active = true
[05:02:34:24:574][R][CNTNR:12272:14836] CServerImpl::HandleSettingChange: IN msg(202) w(0x1) l(0x0)
[05:02:34:24:574][R][CNTNR:12272:14836] CCaptureControl::HandleEvent: IN(202, 1, 0)
[05:02:34:24:582][R][CNTNR:12272:14836] CCaptureSession::EvaluateAutoDVRStart: Starting DVR capture. IR(1) HL(0) nDisable(0)
[05:02:34:24:582][R][CNTNR:12272:14836] CCaptureSession::StartDVRCapture: IN
[05:02:34:24:582][E][CNTNR:12272:14836] CCaptureSession::RefreshSettings: EvaluateCaptureProcess failed 0x80004005
[05:02:34:24:582][E][CNTNR:12272:14836] CCaptureSession::StartDVRCapture: RefreshSettings failed 0x80004005
[05:02:34:24:582][R][CNTNR:12272:14836] CServerImpl::CaptureSessionControl: OUT pArgs[0X4D6ECA20] hr[0]
[05:02:34:24:582][R][NODJS:25616: 4048] CShadowPlayApi::CaptureSessionControl: OUT
[05:02:34:24:582][R][NODJS:25616:21140] CShadowPlayNotifications::HandleNotificationMessage: msg(74) lparam(c4afd20) wparam(0)
[05:02:34:24:589][R][SHARE:25640:24824] COverlayApi::GetFullscreenState: OUT(0x00000000) wxh[0 x 0] process[] dwm[0] borderless[0] fullscreen[0] IsHdrActive:0
[05:02:34:24:597][R][SHARE:25640:24824] COverlayApi::GetFullscreenState: OUT(0x00000000) wxh[0 x 0] process[] dwm[0] borderless[0] fullscreen[0] IsHdrActive:0
[05:02:34:24:638][R][NODJS:25616:21568] CShadowPlayApi::SetCaptureSessionParam: IN hSession(0XFFFFFFFF) uiCmd(13)
[05:02:34:24:639][R][CNTNR:12272:14836] CServerImpl::SetCaptureSessionParam: IN cmd(13) hSession(0XFFFFFFFF)
[05:02:34:24:639][R][NODJS:25616:27204] CShadowPlayApi::SetCaptureSessionParam: IN hSession(0XFFFFFFFF) uiCmd(13)
[05:02:34:24:640][R][CNTNR:12272:14836] CServerImpl::SetCaptureSessionParam: IN cmd(13) hSession(0XFFFFFFFF)
[05:02:34:25:991][R][NODJS:25616:12184] CShadowPlayApi::SetProperty: IN(DisplayWebcam)
[05:02:34:25:991][R][CNTNR:12272:14836] CServerImpl::SetProperty: IN pArgs[0X4D6ECA20] property(DisplayWebcam)
[05:02:34:25:991][R][CNTNR:12272:14836] CSettings::SetProperty: DisplayWebcam
[05:02:34:25:991][R][NODJS:25616:12184] CShadowPlayApi::SetProperty: IN(WebcamPosition)
[05:02:34:25:992][R][CNTNR:12272:14836] CServerImpl::SetProperty: IN pArgs[0X4D6ECA20] property(WebcamPosition)
[05:02:34:25:992][R][CNTNR:12272:14836] CSettings::SetProperty: WebcamPosition
[05:02:34:25:992][R][CNTNR:12272:14836] WebcamPos = RightBottom
[05:02:34:25:992][R][CNTNR:12272:14836] CServerImpl::HandleSettingChange: IN msg(205) w(0x2) l(0x0)
[05:02:34:25:992][R][CNTNR:12272:14836] CCaptureControl::HandleEvent: IN(205, 2, 0)
[05:02:34:25:993][R][NODJS:25616:12184] CShadowPlayApi::SetProperty: IN(WebcamSize)
[05:02:34:25:994][R][CNTNR:12272:14836] CServerImpl::SetProperty: IN pArgs[0X4D6EC290] property(WebcamSize)
[05:02:34:25:994][R][CNTNR:12272:14836] CSettings::SetProperty: WebcamSize
[05:02:34:25:994][R][CNTNR:12272:14836] WebcamSize = Small
[05:02:34:25:994][R][CNTNR:12272:14836] CServerImpl::HandleSettingChange: IN msg(206) w(0x1) l(0x0)
[05:02:34:25:994][R][CNTNR:12272:14836] CCaptureControl::HandleEvent: IN(206, 1, 0)
[05:02:34:25:998][R][NODJS:25616:10912] CShadowPlayApi::SetCaptureSessionParam: IN hSession(0XFFFFFFFF) uiCmd(13)
[05:02:34:25:998][R][CNTNR:12272:14836] CServerImpl::SetCaptureSessionParam: IN cmd(13) hSession(0XFFFFFFFF)
[05:02:34:26:732][R][SHARE:25640:24824] COverlayApi::GetFullscreenState: OUT(0x00000000) wxh[0 x 0] process[] dwm[0] borderless[0] fullscreen[0] IsHdrActive:0
[05:02:34:26:754][R][NODJS:25616:18304] CShadowPlayApi::CaptureSessionControl: IN hSession(0X13C4AE787D0) eControlCmd(1)
[05:02:34:26:754][R][CNTNR:12272:14836] CServerImpl::CaptureSessionControl: IN pArgs[0X4D6ECA20] hSession(0X13C4AE787D0) cmd: (START_MANUAL) controller: (OSCUI)
[05:02:34:29:265][E][CNTNR:12272:14836] CCaptureSession::RefreshSettings: EvaluateCaptureProcess failed 0x80004005
[05:02:34:29:265][E][CNTNR:12272:14836] CCaptureSession::StartManualCapture: RefreshSettings failed 0x80004005
[05:02:34:29:265][E][CNTNR:12272:14836] CCaptureSession::CaptureControlRecord: failed(1) 0x80004005
[05:02:34:29:266][E][CNTNR:12272:14836] CCaptureControl::CaptureSessionControl: Session CaptureControl failed 0x80004005
[05:02:34:29:266][E][CNTNR:12272:14836] CServerImpl::CaptureSessionControl: Failed. pArgs[0X4D6ECA20] hr[0X80004005]
[05:02:34:29:266][E][CNTNR:12272:14836] ShadowPlayServerPlugin::ProcessReceivedIpcMessage: m_pSPServer->CaptureSessionControl [0x80004005]
[05:02:34:29:266][E][NODJS:25616:18304] CShadowPlayApi::CaptureSessionControl: fail hr[0x80004005]
[05:02:34:29:266][R][NODJS:25616:18304] CShadowPlayApi::CaptureSessionControl: OUT
[05:02:34:29:266][R][NODJS:25616:15320] CShadowPlayApi::CaptureSessionControl: IN hSession(0X13C4AE787D0) eControlCmd(4)
[05:02:34:29:267][R][CNTNR:12272:14836] CServerImpl::CaptureSessionControl: IN pArgs[0X4D6ECA20] hSession(0X13C4AE787D0) cmd: (IR_STOP) controller: (OSCUI)
[05:02:34:29:275][R][NODJS:25616: 2132] CShadowPlayNotifications::EnqueueNotification: uMsg(0x4A), wParam(0x0), lParam(0xC4AFD20) dwData(0x90C)
[05:02:34:29:275][R][NODJS:25616:21140] CShadowPlayNotifications::HandleNotificationMessage: msg(74) lparam(c4afd20) wparam(0)
[05:02:34:29:275][R][CNTNR:12272:14836] DVR Active = false
[05:02:34:29:275][R][CNTNR:12272:14836] CServerImpl::HandleSettingChange: IN msg(202) w(0x0) l(0x0)
[05:02:34:29:275][R][CNTNR:12272:14836] CCaptureControl::HandleEvent: IN(202, 0, 0)
[05:02:34:29:275][R][CNTNR:12272:14836] CCaptureSession::EvaluateDVRStop: IR(0) HL(0) DVR(0)
[05:02:34:29:275][R][CNTNR:12272:14836] CServerImpl::CaptureSessionControl: OUT pArgs[0X4D6ECA20] hr[0]
[05:02:34:29:276][R][NODJS:25616:15320] CShadowPlayApi::CaptureSessionControl: OUT
[05:02:34:29:284][R][SHARE:25640:24824] COverlayApi::GetFullscreenState: OUT(0x00000000) wxh[0 x 0] process[] dwm[0] borderless[0] fullscreen[0] IsHdrActive:0
[05:02:34:29:318][R][NODJS:25616: 4848] CShadowPlayApi::SetCaptureSessionParam: IN hSession(0XFFFFFFFF) uiCmd(13)
[05:02:34:29:319][R][CNTNR:12272:14836] CServerImpl::SetCaptureSessionParam: IN cmd(13) hSession(0XFFFFFFFF)
[05:02:34:31:253][R][NODJS:25616:12060] CShadowPlayApi::SetProperty: IN(DwmEnabled)
[05:02:34:31:253][R][CNTNR:12272:14836] CServerImpl::SetProperty: IN pArgs[0X4D6ECA20] property(DwmEnabled)
[05:02:34:31:253][R][CNTNR:12272:14836] CSettings::SetProperty: DwmEnabled
[05:02:34:31:254][R][CNTNR:12272:14836] DTCapEnableState = False
[05:02:34:31:254][R][CNTNR:12272:14836] CServerImpl::HandleSettingChange: IN msg(201) w(0x1) l(0x0)
[05:02:34:31:254][R][CNTNR:12272:14836] CCaptureControl::HandleEvent: IN(201, 1, 0)
[05:02:34:31:254][R][CNTNR:12272:14836] CCaptureSession::StopDVRCapture: IN
[05:02:34:31:273][E][dwm:1924: 1988] QueryShadowPlayDdiShimStatusIN
[05:02:34:31:412][R][NODJS:25616:27956] CShadowPlayApi::SetProperty: IN(DwmEnabled)
[05:02:34:31:413][R][CNTNR:12272:14836] CServerImpl::SetProperty: IN pArgs[0X4D6ED940] property(DwmEnabled)
[05:02:34:31:413][R][CNTNR:12272:14836] CSettings::SetProperty: DwmEnabled
[05:02:34:31:413][R][CNTNR:12272:14836] DTCapEnableState = True
[05:02:34:31:413][R][CNTNR:12272:14836] CServerImpl::HandleSettingChange: IN msg(201) w(0x0) l(0x0)
[05:02:34:31:413][R][CNTNR:12272:14836] CCaptureControl::HandleEvent: IN(201, 0, 0)
[05:02:34:31:413][R][CNTNR:12272:14836] CCaptureSession::StopDVRCapture: IN
[05:02:34:31:416][E][dwm:1924: 1988] QueryShadowPlayDdiShimStatusIN
[05:02:34:32:549][R][NODJS:25616:12340] CShadowPlayApi::SetProperty: IN(DisplayWebcam)
[05:02:34:32:549][R][CNTNR:12272:14836] CServerImpl::SetProperty: IN pArgs[0X4D6ED940] property(DisplayWebcam)
[05:02:34:32:549][R][CNTNR:12272:14836] CSettings::SetProperty: DisplayWebcam
[05:02:34:32:550][R][NODJS:25616:12340] CShadowPlayApi::SetProperty: IN(WebcamPosition)
[05:02:34:32:551][R][CNTNR:12272:14836] CServerImpl::SetProperty: IN pArgs[0X4D6ED940] property(WebcamPosition)
[05:02:34:32:551][R][CNTNR:12272:14836] CSettings::SetProperty: WebcamPosition
[05:02:34:32:551][R][CNTNR:12272:14836] WebcamPos = RightBottom
[05:02:34:32:551][R][CNTNR:12272:14836] CServerImpl::HandleSettingChange: IN msg(205) w(0x2) l(0x0)
[05:02:34:32:551][R][CNTNR:12272:14836] CCaptureControl::HandleEvent: IN(205, 2, 0)
[05:02:34:32:551][R][NODJS:25616:12340] CShadowPlayApi::SetProperty: IN(WebcamSize)
[05:02:34:32:552][R][CNTNR:12272:14836] CServerImpl::SetProperty: IN pArgs[0X4D6ED940] property(WebcamSize)
[05:02:34:32:552][R][CNTNR:12272:14836] CSettings::SetProperty: WebcamSize
[05:02:34:32:553][R][CNTNR:12272:14836] WebcamSize = Small
[05:02:34:32:553][R][CNTNR:12272:14836] CServerImpl::HandleSettingChange: IN msg(206) w(0x1) l(0x0)
[05:02:34:32:553][R][CNTNR:12272:14836] CCaptureControl::HandleEvent: IN(206, 1, 0)
[05:02:34:32:554][R][NODJS:25616:27484] CShadowPlayApi::SetCaptureSessionParam: IN hSession(0XFFFFFFFF) uiCmd(13)
[05:02:34:32:554][R][CNTNR:12272:14836] CServerImpl::SetCaptureSessionParam: IN cmd(13) hSession(0XFFFFFFFF)
[05:02:34:32:606][R][NODJS:25616:26840] CShadowPlayApi::SetCaptureSessionParam: IN hSession(0XFFFFFFFF) uiCmd(13)
[05:02:34:32:607][R][CNTNR:12272:14836] CServerImpl::SetCaptureSessionParam: IN cmd(13) hSession(0XFFFFFFFF)
[05:02:34:32:607][R][NODJS:25616: 8588] CShadowPlayApi::SetCaptureSessionParam: IN hSession(0XFFFFFFFF) uiCmd(13)
[05:02:34:32:608][R][CNTNR:12272:14836] CServerImpl::SetCaptureSessionParam: IN cmd(13) hSession(0XFFFFFFFF)
[05:02:34:33:083][R][SHARE:25640:24824] COverlayApi::GetFullscreenState: OUT(0x00000000) wxh[0 x 0] process[] dwm[0] borderless[0] fullscreen[0] IsHdrActive:0
[05:02:34:33:084][R][NODJS:25616:22332] CShadowPlayApi::CaptureSessionControl: IN hSession(0X13C4AE787D0) eControlCmd(3)
[05:02:34:33:084][R][CNTNR:12272:14836] CServerImpl::CaptureSessionControl: IN pArgs[0X4D6ED1B0] hSession(0X13C4AE787D0) cmd: (IR_START) controller: (OSCUI)
[05:02:34:33:091][R][NODJS:25616: 2132] CShadowPlayNotifications::EnqueueNotification: uMsg(0x4A), wParam(0x0), lParam(0xC4AFD20) dwData(0x90C)
[05:02:34:33:091][R][NODJS:25616:21140] CShadowPlayNotifications::HandleNotificationMessage: msg(74) lparam(c4afd20) wparam(0)
[05:02:34:33:091][R][CNTNR:12272:14836] DVR Active = true
[05:02:34:33:091][R][CNTNR:12272:14836] CServerImpl::HandleSettingChange: IN msg(202) w(0x1) l(0x0)
[05:02:34:33:091][R][CNTNR:12272:14836] CCaptureControl::HandleEvent: IN(202, 1, 0)
[05:02:34:33:100][R][CNTNR:12272:14836] CCaptureSession::EvaluateAutoDVRStart: Starting DVR capture. IR(1) HL(0) nDisable(0)
[05:02:34:33:100][R][CNTNR:12272:14836] CCaptureSession::StartDVRCapture: IN
[05:02:34:33:100][E][CNTNR:12272:14836] CCaptureSession::RefreshSettings: EvaluateCaptureProcess failed 0x80004005
[05:02:34:33:100][E][CNTNR:12272:14836] CCaptureSession::StartDVRCapture: RefreshSettings failed 0x80004005
[05:02:34:33:100][R][CNTNR:12272:14836] CServerImpl::CaptureSessionControl: OUT pArgs[0X4D6ED1B0] hr[0]
[05:02:34:33:100][R][NODJS:25616:22332] CShadowPlayApi::CaptureSessionControl: OUT
[05:02:34:33:107][R][SHARE:25640:24824] COverlayApi::GetFullscreenState: OUT(0x00000000) wxh[0 x 0] process[] dwm[0] borderless[0] fullscreen[0] IsHdrActive:0
[05:02:34:33:138][R][NODJS:25616:28408] CShadowPlayApi::SetCaptureSessionParam: IN hSession(0XFFFFFFFF) uiCmd(13)
[05:02:34:33:139][R][CNTNR:12272:14836] CServerImpl::SetCaptureSessionParam: IN cmd(13) hSession(0XFFFFFFFF)
[05:02:34:33:805][R][NODJS:25616:21848] CShadowPlayApi::CaptureSessionControl: IN hSession(0X13C4AE787D0) eControlCmd(4)
[05:02:34:33:805][R][CNTNR:12272:14836] CServerImpl::CaptureSessionControl: IN pArgs[0X4D6ED940] hSession(0X13C4AE787D0) cmd: (IR_STOP) controller: (OSCUI)
[05:02:34:33:813][R][NODJS:25616: 2132] CShadowPlayNotifications::EnqueueNotification: uMsg(0x4A), wParam(0x0), lParam(0xC4AFD20) dwData(0x90C)
[05:02:34:33:813][R][NODJS:25616:21140] CShadowPlayNotifications::HandleNotificationMessage: msg(74) lparam(c4afd20) wparam(0)
[05:02:34:33:814][R][CNTNR:12272:14836] DVR Active = false
[05:02:34:33:814][R][CNTNR:12272:14836] CServerImpl::HandleSettingChange: IN msg(202) w(0x0) l(0x0)
[05:02:34:33:814][R][CNTNR:12272:14836] CCaptureControl::HandleEvent: IN(202, 0, 0)
[05:02:34:33:814][R][CNTNR:12272:14836] CCaptureSession::EvaluateDVRStop: IR(0) HL(0) DVR(0)
[05:02:34:33:814][R][CNTNR:12272:14836] CServerImpl::CaptureSessionControl: OUT pArgs[0X4D6ED940] hr[0]
[05:02:34:33:815][R][NODJS:25616:21848] CShadowPlayApi::CaptureSessionControl: OUT
[05:02:34:33:826][R][SHARE:25640:24824] COverlayApi::GetFullscreenState: OUT(0x00000000) wxh[0 x 0] process[] dwm[0] borderless[0] fullscreen[0] IsHdrActive:0
[05:02:34:33:868][R][NODJS:25616: 4848] CShadowPlayApi::SetCaptureSessionParam: IN hSession(0XFFFFFFFF) uiCmd(13)
[05:02:34:33:869][R][CNTNR:12272:14836] CServerImpl::SetCaptureSessionParam: IN cmd(13) hSession(0XFFFFFFFF)
[05:02:34:34:244][R][SHARE:25640:24824] COverlayApi::GetFullscreenState: OUT(0x00000000) wxh[0 x 0] process[] dwm[0] borderless[0] fullscreen[0] IsHdrActive:0
[05:02:34:34:266][R][NODJS:25616:12060] CShadowPlayApi::CaptureSessionControl: IN hSession(0X13C4AE787D0) eControlCmd(1)
[05:02:34:34:266][R][CNTNR:12272:14836] CServerImpl::CaptureSessionControl: IN pArgs[0X4D6EC290] hSession(0X13C4AE787D0) cmd: (START_MANUAL) controller: (OSCUI)
[05:02:34:36:787][E][CNTNR:12272:14836] CCaptureSession::RefreshSettings: EvaluateCaptureProcess failed 0x80004005
[05:02:34:36:788][E][CNTNR:12272:14836] CCaptureSession::StartManualCapture: RefreshSettings failed 0x80004005
[05:02:34:36:788][E][CNTNR:12272:14836] CCaptureSession::CaptureControlRecord: failed(1) 0x80004005
[05:02:34:36:788][E][CNTNR:12272:14836] CCaptureControl::CaptureSessionControl: Session CaptureControl failed 0x80004005
[05:02:34:36:788][E][CNTNR:12272:14836] CServerImpl::CaptureSessionControl: Failed. pArgs[0X4D6EC290] hr[0X80004005]
[05:02:34:36:788][E][CNTNR:12272:14836] ShadowPlayServerPlugin::ProcessReceivedIpcMessage: m_pSPServer->CaptureSessionControl [0x80004005]
[05:02:34:36:788][E][NODJS:25616:12060] CShadowPlayApi::CaptureSessionControl: fail hr[0x80004005]
[05:02:34:36:788][R][NODJS:25616:12060] CShadowPlayApi::CaptureSessionControl: OUT
[05:02:34:36:868][R][NODJS:25616:10588] CShadowPlayApi::SetProperty: IN(DisplayWebcam)
[05:02:34:36:869][R][CNTNR:12272:14836] CServerImpl::SetProperty: IN pArgs[0X4D6EC290] property(DisplayWebcam)
[05:02:34:36:869][R][CNTNR:12272:14836] CSettings::SetProperty: DisplayWebcam
[05:02:34:36:869][R][NODJS:25616:10588] CShadowPlayApi::SetProperty: IN(WebcamPosition)
[05:02:34:36:869][R][CNTNR:12272:14836] CServerImpl::SetProperty: IN pArgs[0X4D6ED1B0] property(WebcamPosition)
[05:02:34:36:869][R][CNTNR:12272:14836] CSettings::SetProperty: WebcamPosition
[05:02:34:36:871][R][CNTNR:12272:14836] WebcamPos = RightBottom
[05:02:34:36:871][R][CNTNR:12272:14836] CServerImpl::HandleSettingChange: IN msg(205) w(0x2) l(0x0)
[05:02:34:36:871][R][CNTNR:12272:14836] CCaptureControl::HandleEvent: IN(205, 2, 0)
[05:02:34:36:871][R][NODJS:25616:10588] CShadowPlayApi::SetProperty: IN(WebcamSize)
[05:02:34:36:872][R][CNTNR:12272:14836] CServerImpl::SetProperty: IN pArgs[0X4D6ED940] property(WebcamSize)
[05:02:34:36:872][R][CNTNR:12272:14836] CSettings::SetProperty: WebcamSize
[05:02:34:36:872][R][CNTNR:12272:14836] WebcamSize = Small
[05:02:34:36:872][R][CNTNR:12272:14836] CServerImpl::HandleSettingChange: IN msg(206) w(0x1) l(0x0)
[05:02:34:36:872][R][CNTNR:12272:14836] CCaptureControl::HandleEvent: IN(206, 1, 0)
[05:02:34:36:873][R][NODJS:25616:26840] CShadowPlayApi::SetCaptureSessionParam: IN hSession(0XFFFFFFFF) uiCmd(13)
[05:02:34:36:873][R][CNTNR:12272:14836] CServerImpl::SetCaptureSessionParam: IN cmd(13) hSession(0XFFFFFFFF)
[05:02:34:37:217][E][CNTNR:12272:14836] CSharedDataManager::GetFocusProcInfo: No valid process in focus
[05:02:34:37:217][E][CNTNR:12272:14836] CCaptureControl::GetCaptureProcInfo: GetFocusProcInfo failed(0x8004023A)
[05:02:34:37:217][E][CNTNR:12272:14836] CCaptureControl::GetParam: failed(cmd = 15) 0x8004023A
[05:02:34:37:217][E][CNTNR:12272:14836] CServerImpl::GetCaptureSessionParam: GetCaptureSessionParam Failed. 0x8004023A
[05:02:34:37:217][E][CNTNR:12272:14836] ShadowPlayServerPlugin::ProcessReceivedIpcMessage: m_pSPServer->GetCaptureSessionParam [0x8004023a]
[05:02:34:37:218][E][NODJS:25616:20536] CShadowPlayApi::GetCaptureSessionParam: fail hr[0x8004023a]
[05:02:34:37:218][R][NODJS:25616:19120] CShadowPlayApi::SetCaptureSessionParam: IN hSession(0XFFFFFFFF) uiCmd(13)
[05:02:34:37:219][R][CNTNR:12272:14836] CServerImpl::SetCaptureSessionParam: IN cmd(13) hSession(0XFFFFFFFF)
[05:02:34:37:220][R][NODJS:25616:22716] CShadowPlayApi::SetCaptureSessionParam: IN hSession(0XFFFFFFFF) uiCmd(13)
[05:02:34:37:220][R][CNTNR:12272:14836] CServerImpl::SetCaptureSessionParam: IN cmd(13) hSession(0XFFFFFFFF)
[05:02:34:37:222][R][SHARE:25640:24824] COverlayApi::GetFullscreenState: OUT(0x00000000) wxh[0 x 0] process[] dwm[0] borderless[0] fullscreen[0] IsHdrActive:0
[05:02:34:37:227][R][SHARE:25640:24824] COverlayApi::GetFullscreenState: OUT(0x00000000) wxh[0 x 0] process[] dwm[0] borderless[0] fullscreen[0] IsHdrActive:0
[05:02:34:37:294][R][NODJS:25616:27204] CShadowPlayApi::SetCaptureSessionParam: IN hSession(0XFFFFFFFF) uiCmd(13)
[05:02:34:37:294][R][CNTNR:12272:14836] CServerImpl::SetCaptureSessionParam: IN cmd(13) hSession(0XFFFFFFFF)
[05:02:34:37:294][R][NODJS:25616:21568] CShadowPlayApi::SetCaptureSessionParam: IN hSession(0XFFFFFFFF) uiCmd(13)
[05:02:34:37:295][R][CNTNR:12272:14836] CServerImpl::SetCaptureSessionParam: IN cmd(13) hSession(0XFFFFFFFF)
[05:02:34:38:701][R][SHARE:25640:24824] CShadowPlayApi::SetCaptureSessionParam: IN hSession(0XFFFFFFFF) uiCmd(20)
[05:02:34:38:701][R][CNTNR:12272:14836] CServerImpl::SetCaptureSessionParam: IN cmd(20) hSession(0XFFFFFFFF)
[05:02:34:38:701][R][CNTNR:12272:14836] CServerIpc::SetSP : IN(25640, 2)
[05:02:34:38:701][R][CNTNR:20628:18448] ShadowPlayServicePlugin::ProcessReceivedIpcMessage: ServiceMsgTypeSP PID(25640), P(2) hRes = 0x00000000
[05:02:34:38:702][R][SHARE:25640:24824] COverlayApi::SetSP: (25640, 2) 
[05:02:34:38:702][R][NODJS:25616:23492] CShadowPlayApi::SetCaptureSessionParam: IN hSession(0XFFFFFFFF) uiCmd(13)
[05:02:34:38:702][R][SHARE:25640:24824] CShadowPlayApi::SetCaptureSessionParam: IN hSession(0XFFFFFFFF) uiCmd(20)
[05:02:34:38:702][R][CNTNR:12272:14836] CServerImpl::SetCaptureSessionParam: IN cmd(20) hSession(0XFFFFFFFF)
[05:02:34:38:702][R][CNTNR:12272:14836] CServerIpc::SetSP : IN(19300, 2)
[05:02:34:38:703][R][CNTNR:20628:18448] ShadowPlayServicePlugin::ProcessReceivedIpcMessage: ServiceMsgTypeSP PID(19300), P(2) hRes = 0x00000000
[05:02:34:38:703][R][CNTNR:12272:14836] CServerImpl::SetCaptureSessionParam: IN cmd(13) hSession(0XFFFFFFFF)
[05:02:34:38:704][R][SHARE:25640:24824] COverlayApi::SetSP: (19300, 2) 
[05:02:34:38:704][R][NODJS:25616:21496] CShadowPlayApi::SetCaptureSessionParam: IN hSession(0XFFFFFFFF) uiCmd(13)
[05:02:34:38:704][R][CNTNR:12272:14836] CServerImpl::SetCaptureSessionParam: IN cmd(13) hSession(0XFFFFFFFF)
[05:02:34:38:705][R][SHARE:25640:24824] COverlayApi::GetFullscreenState: OUT(0x00000000) wxh[0 x 0] process[] dwm[0] borderless[0] fullscreen[0] IsHdrActive:0
[05:02:34:38:705][R][NODJS:25616:26120] CShadowPlayApi::SetCaptureSessionParam: IN hSession(0XFFFFFFFF) uiCmd(13)
[05:02:34:38:705][R][CNTNR:12272:14836] CServerImpl::SetCaptureSessionParam: IN cmd(13) hSession(0XFFFFFFFF)
[05:02:34:38:705][R][NODJS:25616:12184] CShadowPlayApi::SetCaptureSessionParam: IN hSession(0XFFFFFFFF) uiCmd(13)
[05:02:34:38:707][R][CNTNR:12272:14836] CServerImpl::SetCaptureSessionParam: IN cmd(13) hSession(0XFFFFFFFF)
[05:02:34:38:731][R][SHARE:25640:24824] COverlayApi::SetInputRedirectionMode: mode[4] NumRects[0]
[05:02:34:38:911][R][HELPR:13504: 2204] CShadowPlayHelper::ProcessWindowMessges: WMHK 7
[05:02:34:38:911][R][NODJS:25616:17344] CShadowPlayHotkeyReceiver::PluginCallback: Received message 7
[05:02:34:38:915][E][CNTNR:12272:14836] CSharedDataManager::GetFocusProcInfo: No valid process in focus
[05:02:34:38:915][E][CNTNR:12272:14836] CCaptureControl::GetCaptureProcInfo: GetFocusProcInfo failed(0x8004023A)
[05:02:34:38:915][E][CNTNR:12272:14836] CCaptureControl::GetParam: failed(cmd = 15) 0x8004023A
[05:02:34:38:915][E][CNTNR:12272:14836] CServerImpl::GetCaptureSessionParam: GetCaptureSessionParam Failed. 0x8004023A
[05:02:34:38:915][E][CNTNR:12272:14836] ShadowPlayServerPlugin::ProcessReceivedIpcMessage: m_pSPServer->GetCaptureSessionParam [0x8004023a]
[05:02:34:38:915][E][NODJS:25616:18256] CShadowPlayApi::GetCaptureSessionParam: fail hr[0x8004023a]
[05:02:34:38:919][R][SHARE:25640:24824] COverlayApi::GetFullscreenState: OUT(0x00000000) wxh[0 x 0] process[] dwm[0] borderless[0] fullscreen[0] IsHdrActive:0
[05:02:34:38:920][R][SHARE:25640:24824] COverlayApi::GetFullscreenState: OUT(0x00000000) wxh[0 x 0] process[] dwm[0] borderless[0] fullscreen[0] IsHdrActive:0
[05:02:34:38:920][R][SHARE:25640:24824] COverlayApi::SetInputRedirectionMode: mode[3] NumRects[0]
[05:02:34:38:923][R][NODJS:25616:27828] CShadowPlayApi::SetProperty: IN(CoPlayEnabled)
[05:02:34:38:923][R][CNTNR:12272:14836] CServerImpl::SetProperty: IN pArgs[0X4D7CD370] property(CoPlayEnabled)
[05:02:34:38:923][R][CNTNR:12272:14836] CSettings::SetProperty: CoPlayEnabled
[05:02:34:38:924][R][CNTNR:12272:14836] enableCoPlay = False
[05:02:34:38:981][R][SHARE:25640:24824] CShadowPlayApi::SetCaptureSessionParam: IN hSession(0XFFFFFFFF) uiCmd(20)
[05:02:34:38:981][R][CNTNR:12272:14836] CServerImpl::SetCaptureSessionParam: IN cmd(20) hSession(0XFFFFFFFF)
[05:02:34:38:981][R][CNTNR:12272:14836] CServerIpc::SetSP : IN(25640, 5)
[05:02:34:38:981][R][CNTNR:20628:18448] ShadowPlayServicePlugin::ProcessReceivedIpcMessage: ServiceMsgTypeSP PID(25640), P(5) hRes = 0x00000000
[05:02:34:38:982][R][SHARE:25640:24824] COverlayApi::SetSP: (25640, 5) 
[05:02:34:38:982][R][SHARE:25640:24824] CShadowPlayApi::SetCaptureSessionParam: IN hSession(0XFFFFFFFF) uiCmd(20)
[05:02:34:38:982][R][CNTNR:12272:14836] CServerImpl::SetCaptureSessionParam: IN cmd(20) hSession(0XFFFFFFFF)
[05:02:34:38:982][R][CNTNR:12272:14836] CServerIpc::SetSP : IN(19300, 5)
[05:02:34:38:982][R][CNTNR:20628:18448] ShadowPlayServicePlugin::ProcessReceivedIpcMessage: ServiceMsgTypeSP PID(19300), P(5) hRes = 0x00000000
[05:02:34:38:983][R][SHARE:25640:24824] COverlayApi::SetSP: (19300, 5) 
[05:02:34:39:017][R][NODJS:25616:13020] CShadowPlayApi::SetProperty: IN(DisplayWebcam)
[05:02:34:39:017][R][CNTNR:12272:14836] CServerImpl::SetProperty: IN pArgs[0X4D7CF1B0] property(DisplayWebcam)
[05:02:34:39:018][R][CNTNR:12272:14836] CSettings::SetProperty: DisplayWebcam
[05:02:34:39:018][R][NODJS:25616:13020] CShadowPlayApi::SetProperty: IN(WebcamPosition)
[05:02:34:39:019][R][CNTNR:12272:14836] CServerImpl::SetProperty: IN pArgs[0X4D7CF940] property(WebcamPosition)
[05:02:34:39:019][R][CNTNR:12272:14836] CSettings::SetProperty: WebcamPosition
[05:02:34:39:019][R][CNTNR:12272:14836] WebcamPos = RightBottom
[05:02:34:39:019][R][CNTNR:12272:14836] CServerImpl::HandleSettingChange: IN msg(205) w(0x2) l(0x0)
[05:02:34:39:019][R][CNTNR:12272:14836] CCaptureControl::HandleEvent: IN(205, 2, 0)
[05:02:34:39:019][R][NODJS:25616:13020] CShadowPlayApi::SetProperty: IN(WebcamSize)
[05:02:34:39:021][R][CNTNR:12272:14836] CServerImpl::SetProperty: IN pArgs[0X4D7CF1B0] property(WebcamSize)
[05:02:34:39:021][R][CNTNR:12272:14836] CSettings::SetProperty: WebcamSize
[05:02:34:39:021][R][CNTNR:12272:14836] WebcamSize = Small
[05:02:34:39:021][R][CNTNR:12272:14836] CServerImpl::HandleSettingChange: IN msg(206) w(0x1) l(0x0)
[05:02:34:39:021][R][CNTNR:12272:14836] CCaptureControl::HandleEvent: IN(206, 1, 0)
[05:02:34:39:026][R][NODJS:25616:27636] CShadowPlayApi::SetCaptureSessionParam: IN hSession(0XFFFFFFFF) uiCmd(13)
[05:02:34:39:026][R][CNTNR:12272:14836] CServerImpl::SetCaptureSessionParam: IN cmd(13) hSession(0XFFFFFFFF)
[05:02:34:39:845][E][CNTNR:12272:14836] CSharedDataManager::GetFocusProcInfo: No valid process in focus
[05:02:34:39:845][E][CNTNR:12272:14836] CCaptureControl::GetCaptureProcInfo: GetFocusProcInfo failed(0x8004023A)
[05:02:34:39:845][E][CNTNR:12272:14836] CCaptureControl::GetParam: failed(cmd = 15) 0x8004023A
[05:02:34:39:845][E][CNTNR:12272:14836] CServerImpl::GetCaptureSessionParam: GetCaptureSessionParam Failed. 0x8004023A
[05:02:34:39:845][E][CNTNR:12272:14836] ShadowPlayServerPlugin::ProcessReceivedIpcMessage: m_pSPServer->GetCaptureSessionParam [0x8004023a]
[05:02:34:39:845][E][NODJS:25616: 9492] CShadowPlayApi::GetCaptureSessionParam: fail hr[0x8004023a]
[05:02:34:39:848][R][SHARE:25640:24824] COverlayApi::GetFullscreenState: OUT(0x00000000) wxh[0 x 0] process[] dwm[0] borderless[0] fullscreen[0] IsHdrActive:0
[05:02:34:40:223][E][CNTNR:12272:14836] CSharedDataManager::GetFocusProcInfo: No valid process in focus
[05:02:34:40:223][E][CNTNR:12272:14836] CCaptureControl::GetCaptureProcInfo: GetFocusProcInfo failed(0x8004023A)
[05:02:34:40:223][E][CNTNR:12272:14836] CCaptureControl::GetParam: failed(cmd = 15) 0x8004023A
[05:02:34:40:223][E][CNTNR:12272:14836] CServerImpl::GetCaptureSessionParam: GetCaptureSessionParam Failed. 0x8004023A
[05:02:34:40:223][E][CNTNR:12272:14836] ShadowPlayServerPlugin::ProcessReceivedIpcMessage: m_pSPServer->GetCaptureSessionParam [0x8004023a]
[05:02:34:40:223][E][NODJS:25616:22836] CShadowPlayApi::GetCaptureSessionParam: fail hr[0x8004023a]
[05:02:34:40:226][R][SHARE:25640:24824] COverlayApi::GetFullscreenState: OUT(0x00000000) wxh[0 x 0] process[] dwm[0] borderless[0] fullscreen[0] IsHdrActive:0
[05:02:34:40:441][R][NODJS:25616:23432] CShadowPlayApi::CreateCaptureSession: IN sessiontype(3) capcontroller(3)
[05:02:34:40:441][R][CNTNR:12272:14836] CServerImpl::CreateCaptureSession: IN pArgs[0X4D7CCBE0] type(3) con(3)
[05:02:34:40:451][R][CNTNR:12272:14836] CServerImpl::CreateCaptureSession: OUT pArgs[0X4D7CCBE0] hr(0) hSession(0X13C4D797BE0)
[05:02:34:40:451][R][NODJS:25616:23432] CShadowPlayApi::CreateCaptureSession: OUT hSession(0X13C4D797BE0)
[05:02:34:40:451][R][NODJS:25616:23432] CShadowPlayApi::CaptureSessionControl: IN hSession(0X13C4D797BE0) eControlCmd(14)
[05:02:34:40:451][R][CNTNR:12272:14836] CServerImpl::CaptureSessionControl: IN pArgs[0X4D7CDB00] hSession(0X13C4D797BE0) cmd: (CAPTURE_SCREENSHOT) controller: (HOTKEY)
[05:02:34:42:979][E][CNTNR:12272:14836] CCaptureSession::RefreshScreenShotSettings: GetCaptureProcInfo failed 0x80004005
[05:02:34:42:980][E][CNTNR:12272:14836] CCaptureSession::CaptureScreenShot: RefreshScreenShotSettings failed 0x80004005
[05:02:34:42:980][E][CNTNR:12272:14836] CCaptureSession::CaptureControlScreenShot: CaptureScreenShot failed(0x80004005)
[05:02:34:42:980][E][CNTNR:12272:14836] CCaptureControl::CaptureSessionControl: Session CaptureControl failed 0x80004005
[05:02:34:42:980][E][CNTNR:12272:14836] CServerImpl::CaptureSessionControl: Failed. pArgs[0X4D7CDB00] hr[0X80004005]
[05:02:34:42:980][E][CNTNR:12272:14836] ShadowPlayServerPlugin::ProcessReceivedIpcMessage: m_pSPServer->CaptureSessionControl [0x80004005]
[05:02:34:42:980][E][NODJS:25616:23432] CShadowPlayApi::CaptureSessionControl: fail hr[0x80004005]
[05:02:34:42:980][R][NODJS:25616:23432] CShadowPlayApi::CaptureSessionControl: OUT
[05:02:34:42:980][R][NODJS:25616:25140] CShadowPlayApi::SetCaptureSessionParam: IN hSession(0XFFFFFFFF) uiCmd(13)
[05:02:34:42:984][R][CNTNR:12272:14836] CServerImpl::SetCaptureSessionParam: IN cmd(13) hSession(0XFFFFFFFF)
[05:02:34:42:984][R][NODJS:25616: 4048] CShadowPlayApi::SetCaptureSessionParam: IN hSession(0XFFFFFFFF) uiCmd(13)
[05:02:34:42:984][R][CNTNR:12272:14836] CServerImpl::SetCaptureSessionParam: IN cmd(13) hSession(0XFFFFFFFF)
[05:02:34:42:984][R][NODJS:25616: 7408] CShadowPlayApi::SetCaptureSessionParam: IN hSession(0XFFFFFFFF) uiCmd(13)
[05:02:34:42:984][R][CNTNR:12272:14836] CServerImpl::SetCaptureSessionParam: IN cmd(13) hSession(0XFFFFFFFF)
[05:02:34:42:986][R][NODJS:25616: 4848] CShadowPlayApi::SetCaptureSessionParam: IN hSession(0XFFFFFFFF) uiCmd(13)
[05:02:34:42:986][R][CNTNR:12272:14836] CServerImpl::SetCaptureSessionParam: IN cmd(13) hSession(0XFFFFFFFF)
[05:02:34:43:057][R][NODJS:25616:26612] CShadowPlayApi::SetProperty: IN(DisplayWebcam)
[05:02:34:43:057][R][CNTNR:12272:14836] CServerImpl::SetProperty: IN pArgs[0X4D511380] property(DisplayWebcam)
[05:02:34:43:057][R][CNTNR:12272:14836] CSettings::SetProperty: DisplayWebcam
[05:02:34:43:058][R][NODJS:25616:26612] CShadowPlayApi::SetProperty: IN(WebcamPosition)
[05:02:34:43:058][R][CNTNR:12272:14836] CServerImpl::SetProperty: IN pArgs[0X4D50FCD0] property(WebcamPosition)
[05:02:34:43:058][R][CNTNR:12272:14836] CSettings::SetProperty: WebcamPosition
[05:02:34:43:058][R][CNTNR:12272:14836] WebcamPos = RightBottom
[05:02:34:43:058][R][CNTNR:12272:14836] CServerImpl::HandleSettingChange: IN msg(205) w(0x2) l(0x0)
[05:02:34:43:058][R][CNTNR:12272:14836] CCaptureControl::HandleEvent: IN(205, 2, 0)
[05:02:34:43:059][R][NODJS:25616:26612] CShadowPlayApi::SetProperty: IN(WebcamSize)
[05:02:34:43:060][R][CNTNR:12272:14836] CServerImpl::SetProperty: IN pArgs[0X4D510BF0] property(WebcamSize)
[05:02:34:43:060][R][CNTNR:12272:14836] CSettings::SetProperty: WebcamSize
[05:02:34:43:060][R][CNTNR:12272:14836] WebcamSize = Small
[05:02:34:43:060][R][CNTNR:12272:14836] CServerImpl::HandleSettingChange: IN msg(206) w(0x1) l(0x0)
[05:02:34:43:060][R][CNTNR:12272:14836] CCaptureControl::HandleEvent: IN(206, 1, 0)
[05:02:34:43:066][R][NODJS:25616:12144] CShadowPlayApi::SetCaptureSessionParam: IN hSession(0XFFFFFFFF) uiCmd(13)
[05:02:34:43:066][R][CNTNR:12272:14836] CServerImpl::SetCaptureSessionParam: IN cmd(13) hSession(0XFFFFFFFF)
[05:02:34:43:115][R][NODJS:25616: 2888] CShadowPlayApi::SetCaptureSessionParam: IN hSession(0XFFFFFFFF) uiCmd(13)
[05:02:34:43:116][R][CNTNR:12272:14836] CServerImpl::SetCaptureSessionParam: IN cmd(13) hSession(0XFFFFFFFF)
[05:02:34:43:116][R][NODJS:25616:10588] CShadowPlayApi::SetCaptureSessionParam: IN hSession(0XFFFFFFFF) uiCmd(13)
[05:02:34:43:116][R][CNTNR:12272:14836] CServerImpl::SetCaptureSessionParam: IN cmd(13) hSession(0XFFFFFFFF)
[05:02:34:43:476][R][NODJS:25616:26840] CShadowPlayApi::CaptureSessionControl: IN hSession(0X13C4D797BE0) eControlCmd(14)
[05:02:34:43:476][R][CNTNR:12272:14836] CServerImpl::CaptureSessionControl: IN pArgs[0X4D50FCD0] hSession(0X13C4D797BE0) cmd: (CAPTURE_SCREENSHOT) controller: (HOTKEY)
[05:02:34:45:767][R][HELPR:13504: 2204] CShadowPlayHelper::ProcessWindowMessges: WMHK 7
[05:02:34:45:767][R][NODJS:25616:17344] CShadowPlayHotkeyReceiver::PluginCallback: Received message 7
[05:02:34:45:777][R][SHARE:25640:24824] CShadowPlayApi::SetCaptureSessionParam: IN hSession(0XFFFFFFFF) uiCmd(20)
[05:02:34:45:995][E][CNTNR:12272:14836] CCaptureSession::RefreshScreenShotSettings: GetCaptureProcInfo failed 0x80004005
[05:02:34:45:995][E][CNTNR:12272:14836] CCaptureSession::CaptureScreenShot: RefreshScreenShotSettings failed 0x80004005
[05:02:34:45:995][E][CNTNR:12272:14836] CCaptureSession::CaptureControlScreenShot: CaptureScreenShot failed(0x80004005)
[05:02:34:45:995][E][CNTNR:12272:14836] CCaptureControl::CaptureSessionControl: Session CaptureControl failed 0x80004005
[05:02:34:45:995][E][CNTNR:12272:14836] CServerImpl::CaptureSessionControl: Failed. pArgs[0X4D50FCD0] hr[0X80004005]
[05:02:34:45:995][E][CNTNR:12272:14836] ShadowPlayServerPlugin::ProcessReceivedIpcMessage: m_pSPServer->CaptureSessionControl [0x80004005]
[05:02:34:45:995][R][CNTNR:12272:14836] CServerImpl::SetCaptureSessionParam: IN cmd(20) hSession(0XFFFFFFFF)
[05:02:34:45:995][R][CNTNR:12272:14836] CServerIpc::SetSP : IN(25640, 2)
[05:02:34:45:995][E][NODJS:25616:26840] CShadowPlayApi::CaptureSessionControl: fail hr[0x80004005]
[05:02:34:45:995][R][NODJS:25616:26840] CShadowPlayApi::CaptureSessionControl: OUT
[05:02:34:45:995][R][NODJS:25616: 9396] CShadowPlayApi::CaptureSessionControl: IN hSession(0X13C4D797BE0) eControlCmd(14)
[05:02:34:45:996][R][CNTNR:20628:18448] ShadowPlayServicePlugin::ProcessReceivedIpcMessage: ServiceMsgTypeSP PID(25640), P(2) hRes = 0x00000000
[05:02:34:45:997][R][SHARE:25640:24824] COverlayApi::SetSP: (25640, 2) 
[05:02:34:45:997][R][SHARE:25640:24824] CShadowPlayApi::SetCaptureSessionParam: IN hSession(0XFFFFFFFF) uiCmd(20)
[05:02:34:45:998][R][CNTNR:12272:14836] CServerImpl::SetCaptureSessionParam: IN cmd(20) hSession(0XFFFFFFFF)
[05:02:34:45:998][R][CNTNR:12272:14836] CServerIpc::SetSP : IN(19300, 2)
[05:02:34:45:998][R][CNTNR:20628:18448] ShadowPlayServicePlugin::ProcessReceivedIpcMessage: ServiceMsgTypeSP PID(19300), P(2) hRes = 0x00000000
[05:02:34:45:998][R][CNTNR:12272:14836] CServerImpl::CaptureSessionControl: IN pArgs[0X4D510460] hSession(0X13C4D797BE0) cmd: (CAPTURE_SCREENSHOT) controller: (HOTKEY)
[05:02:34:45:999][R][SHARE:25640:24824] COverlayApi::SetSP: (19300, 2) 
[05:02:34:46:305][R][HELPR:13504: 2204] CShadowPlayHelper::ProcessWindowMessges: WMHK 7
[05:02:34:46:305][R][NODJS:25616:17344] CShadowPlayHotkeyReceiver::PluginCallback: Received message 7
[05:02:34:46:935][R][HELPR:13504: 2204] CShadowPlayHelper::ProcessWindowMessges: WMHK 7
[05:02:34:46:935][R][NODJS:25616:17344] CShadowPlayHotkeyReceiver::PluginCallback: Received message 7
[05:02:34:48:005][R][HELPR:13504: 2204] CShadowPlayHelper::ProcessWindowMessges: WMHK 7
[05:02:34:48:005][R][NODJS:25616:17344] CShadowPlayHotkeyReceiver::PluginCallback: Received message 7
[05:02:34:48:432][R][HELPR:13504: 2204] CShadowPlayHelper::ProcessWindowMessges: WMHK 7
[05:02:34:48:432][R][NODJS:25616:17344] CShadowPlayHotkeyReceiver::PluginCallback: Received message 7
[05:02:34:48:517][E][CNTNR:12272:14836] CCaptureSession::RefreshScreenShotSettings: GetCaptureProcInfo failed 0x80004005
[05:02:34:48:517][E][CNTNR:12272:14836] CCaptureSession::CaptureScreenShot: RefreshScreenShotSettings failed 0x80004005
[05:02:34:48:517][E][CNTNR:12272:14836] CCaptureSession::CaptureControlScreenShot: CaptureScreenShot failed(0x80004005)
[05:02:34:48:517][E][CNTNR:12272:14836] CCaptureControl::CaptureSessionControl: Session CaptureControl failed 0x80004005
[05:02:34:48:517][E][CNTNR:12272:14836] CServerImpl::CaptureSessionControl: Failed. pArgs[0X4D510460] hr[0X80004005]
[05:02:34:48:517][E][CNTNR:12272:14836] ShadowPlayServerPlugin::ProcessReceivedIpcMessage: m_pSPServer->CaptureSessionControl [0x80004005]
[05:02:34:48:518][E][NODJS:25616: 9396] CShadowPlayApi::CaptureSessionControl: fail hr[0x80004005]
[05:02:34:48:518][R][NODJS:25616: 9396] CShadowPlayApi::CaptureSessionControl: OUT
[05:02:34:48:518][R][NODJS:25616: 8588] CShadowPlayApi::CaptureSessionControl: IN hSession(0X13C4D797BE0) eControlCmd(14)
[05:02:34:48:518][R][SHARE:25640:24824] COverlayApi::GetFullscreenState: OUT(0x00000000) wxh[0 x 0] process[] dwm[0] borderless[0] fullscreen[0] IsHdrActive:0
[05:02:34:48:519][R][CNTNR:12272:14836] CServerImpl::CaptureSessionControl: IN pArgs[0X4D50FCD0] hSession(0X13C4D797BE0) cmd: (CAPTURE_SCREENSHOT) controller: (HOTKEY)
[05:02:34:48:547][R][SHARE:25640:24824] COverlayApi::SetInputRedirectionMode: mode[4] NumRects[0]
[05:02:34:48:575][R][SHARE:25640:24824] CShadowPlayApi::SetCaptureSessionParam: IN hSession(0XFFFFFFFF) uiCmd(20)
[05:02:34:49:046][R][HELPR:13504: 2204] CShadowPlayHelper::ProcessWindowMessges: WMHK 7
[05:02:34:49:046][R][NODJS:25616:17344] CShadowPlayHotkeyReceiver::PluginCallback: Received message 7
[05:02:34:49:077][E][SHARE:25640:24824] CShadowPlayApi::SetCaptureSessionParam: IpcSyncCall failed [0x800705b4]
[05:02:34:49:077][E][SHARE:25640:24824] CApiDllWrapper::SetSP SetCaptureSessionParam failed(0x800705B4)
[05:02:34:49:077][E][SHARE:25640:24824] COverlayApi::SetSP: SetSP failed = 0x800705B4
[05:02:34:49:077][R][SHARE:25640:24824] COverlayApi::SetSP: (25640, 2) 
[05:02:34:49:077][R][SHARE:25640:24824] CShadowPlayApi::SetCaptureSessionParam: IN hSession(0XFFFFFFFF) uiCmd(20)
[05:02:34:49:578][E][SHARE:25640:24824] CShadowPlayApi::SetCaptureSessionParam: IpcSyncCall failed [0x800705b4]
[05:02:34:49:578][E][SHARE:25640:24824] CApiDllWrapper::SetSP SetCaptureSessionParam failed(0x800705B4)
[05:02:34:49:578][E][SHARE:25640:24824] COverlayApi::SetSP: SetSP failed = 0x800705B4
[05:02:34:49:578][R][SHARE:25640:24824] COverlayApi::SetSP: (19300, 2) 
[05:02:34:49:782][R][HELPR:13504: 2204] CShadowPlayHelper::ProcessWindowMessges: WMHK 7
[05:02:34:49:782][R][NODJS:25616:17344] CShadowPlayHotkeyReceiver::PluginCallback: Received message 7
[05:02:34:50:191][R][HELPR:13504: 2204] CShadowPlayHelper::ProcessWindowMessges: WMHK 7
[05:02:34:50:191][R][NODJS:25616:17344] CShadowPlayHotkeyReceiver::PluginCallback: Received message 7
[05:02:34:50:669][R][HELPR:13504: 2204] CShadowPlayHelper::ProcessWindowMessges: WMHK 7
[05:02:34:50:669][R][NODJS:25616:17344] CShadowPlayHotkeyReceiver::PluginCallback: Received message 7
[05:02:34:51:037][E][CNTNR:12272:14836] CCaptureSession::RefreshScreenShotSettings: GetCaptureProcInfo failed 0x80004005
[05:02:34:51:037][E][CNTNR:12272:14836] CCaptureSession::CaptureScreenShot: RefreshScreenShotSettings failed 0x80004005
[05:02:34:51:037][E][CNTNR:12272:14836] CCaptureSession::CaptureControlScreenShot: CaptureScreenShot failed(0x80004005)
[05:02:34:51:037][E][CNTNR:12272:14836] CCaptureControl::CaptureSessionControl: Session CaptureControl failed 0x80004005
[05:02:34:51:037][E][CNTNR:12272:14836] CServerImpl::CaptureSessionControl: Failed. pArgs[0X4D50FCD0] hr[0X80004005]
[05:02:34:51:037][E][CNTNR:12272:14836] ShadowPlayServerPlugin::ProcessReceivedIpcMessage: m_pSPServer->CaptureSessionControl [0x80004005]
[05:02:34:51:037][R][CNTNR:12272:14836] CServerImpl::SetCaptureSessionParam: IN cmd(20) hSession(0XFFFFFFFF)
[05:02:34:51:037][R][CNTNR:12272:14836] CServerIpc::SetSP : IN(25640, 2)
[05:02:34:51:037][E][NODJS:25616: 8588] CShadowPlayApi::CaptureSessionControl: fail hr[0x80004005]
[05:02:34:51:037][R][NODJS:25616: 8588] CShadowPlayApi::CaptureSessionControl: OUT
[05:02:34:51:037][R][NODJS:25616:20536] CShadowPlayApi::CaptureSessionControl: IN hSession(0X13C4D797BE0) eControlCmd(14)
[05:02:34:51:037][R][CNTNR:20628:18448] ShadowPlayServicePlugin::ProcessReceivedIpcMessage: ServiceMsgTypeSP PID(25640), P(2) hRes = 0x00000000
[05:02:34:51:037][R][CNTNR:12272:14836] CServerImpl::SetCaptureSessionParam: IN cmd(20) hSession(0XFFFFFFFF)
[05:02:34:51:037][R][CNTNR:12272:14836] CServerIpc::SetSP : IN(19300, 2)
[05:02:34:51:039][R][CNTNR:20628:18448] ShadowPlayServicePlugin::ProcessReceivedIpcMessage: ServiceMsgTypeSP PID(19300), P(2) hRes = 0x00000000
[05:02:34:51:040][R][SHARE:25640:24824] COverlayApi::GetFullscreenState: OUT(0x00000000) wxh[0 x 0] process[] dwm[0] borderless[0] fullscreen[0] IsHdrActive:0
[05:02:34:51:041][R][CNTNR:12272:14836] CServerImpl::CaptureSessionControl: IN pArgs[0X4D495770] hSession(0X13C4D797BE0) cmd: (CAPTURE_SCREENSHOT) controller: (HOTKEY)
[05:02:34:51:051][R][SHARE:25640:24824] CShadowPlayApi::SetCaptureSessionParam: IN hSession(0XFFFFFFFF) uiCmd(20)
[05:02:34:51:566][E][SHARE:25640:24824] CShadowPlayApi::SetCaptureSessionParam: IpcSyncCall failed [0x800705b4]
[05:02:34:51:566][E][SHARE:25640:24824] CApiDllWrapper::SetSP SetCaptureSessionParam failed(0x800705B4)
[05:02:34:51:566][E][SHARE:25640:24824] COverlayApi::SetSP: SetSP failed = 0x800705B4
[05:02:34:51:566][R][SHARE:25640:24824] COverlayApi::SetSP: (25640, 2) 
[05:02:34:51:566][R][SHARE:25640:24824] CShadowPlayApi::SetCaptureSessionParam: IN hSession(0XFFFFFFFF) uiCmd(20)
[05:02:34:51:850][R][HELPR:13504: 2204] CShadowPlayHelper::ProcessWindowMessges: WMHK 7
[05:02:34:51:850][R][NODJS:25616:17344] CShadowPlayHotkeyReceiver::PluginCallback: Received message 7
[05:02:34:52:071][E][SHARE:25640:24824] CShadowPlayApi::SetCaptureSessionParam: IpcSyncCall failed [0x800705b4]
[05:02:34:52:071][E][SHARE:25640:24824] CApiDllWrapper::SetSP SetCaptureSessionParam failed(0x800705B4)
[05:02:34:52:071][E][SHARE:25640:24824] COverlayApi::SetSP: SetSP failed = 0x800705B4
[05:02:34:52:071][R][SHARE:25640:24824] COverlayApi::SetSP: (19300, 2) 
[05:02:34:52:890][R][HELPR:13504: 2204] CShadowPlayHelper::ProcessWindowMessges: WMHK 7
[05:02:34:52:890][R][NODJS:25616:17344] CShadowPlayHotkeyReceiver::PluginCallback: Received message 7
[05:02:34:53:559][E][CNTNR:12272:14836] CCaptureSession::RefreshScreenShotSettings: GetCaptureProcInfo failed 0x80004005
[05:02:34:53:559][E][CNTNR:12272:14836] CCaptureSession::CaptureScreenShot: RefreshScreenShotSettings failed 0x80004005
[05:02:34:53:559][E][CNTNR:12272:14836] CCaptureSession::CaptureControlScreenShot: CaptureScreenShot failed(0x80004005)
[05:02:34:53:559][E][CNTNR:12272:14836] CCaptureControl::CaptureSessionControl: Session CaptureControl failed 0x80004005
[05:02:34:53:559][E][CNTNR:12272:14836] CServerImpl::CaptureSessionControl: Failed. pArgs[0X4D495770] hr[0X80004005]
[05:02:34:53:559][E][CNTNR:12272:14836] ShadowPlayServerPlugin::ProcessReceivedIpcMessage: m_pSPServer->CaptureSessionControl [0x80004005]
[05:02:34:53:559][R][CNTNR:12272:14836] CServerImpl::SetCaptureSessionParam: IN cmd(20) hSession(0XFFFFFFFF)
[05:02:34:53:559][R][CNTNR:12272:14836] CServerIpc::SetSP : IN(25640, 2)
[05:02:34:53:560][E][NODJS:25616:20536] CShadowPlayApi::CaptureSessionControl: fail hr[0x80004005]
[05:02:34:53:560][R][NODJS:25616:20536] CShadowPlayApi::CaptureSessionControl: OUT
[05:02:34:53:560][R][NODJS:25616:19120] CShadowPlayApi::CaptureSessionControl: IN hSession(0X13C4D797BE0) eControlCmd(14)
[05:02:34:53:560][R][CNTNR:20628:18448] ShadowPlayServicePlugin::ProcessReceivedIpcMessage: ServiceMsgTypeSP PID(25640), P(2) hRes = 0x00000000
[05:02:34:53:560][R][CNTNR:12272:14836] CServerImpl::SetCaptureSessionParam: IN cmd(20) hSession(0XFFFFFFFF)
[05:02:34:53:560][R][CNTNR:12272:14836] CServerIpc::SetSP : IN(19300, 2)
[05:02:34:53:560][R][CNTNR:20628:18448] ShadowPlayServicePlugin::ProcessReceivedIpcMessage: ServiceMsgTypeSP PID(19300), P(2) hRes = 0x00000000
[05:02:34:53:560][R][CNTNR:12272:14836] CServerImpl::CaptureSessionControl: IN pArgs[0X4D496E20] hSession(0X13C4D797BE0) cmd: (CAPTURE_SCREENSHOT) controller: (HOTKEY)
[05:02:34:53:561][R][SHARE:25640:24824] COverlayApi::GetFullscreenState: OUT(0x00000000) wxh[0 x 0] process[] dwm[0] borderless[0] fullscreen[0] IsHdrActive:0
[05:02:34:54:367][R][HELPR:13504: 2204] CShadowPlayHelper::ProcessWindowMessges: WMHK 7
[05:02:34:54:367][R][NODJS:25616:17344] CShadowPlayHotkeyReceiver::PluginCallback: Received message 7
[05:02:34:56:071][E][CNTNR:12272:14836] CCaptureSession::RefreshScreenShotSettings: GetCaptureProcInfo failed 0x80004005
[05:02:34:56:071][E][CNTNR:12272:14836] CCaptureSession::CaptureScreenShot: RefreshScreenShotSettings failed 0x80004005
[05:02:34:56:071][E][CNTNR:12272:14836] CCaptureSession::CaptureControlScreenShot: CaptureScreenShot failed(0x80004005)
[05:02:34:56:071][E][CNTNR:12272:14836] CCaptureControl::CaptureSessionControl: Session CaptureControl failed 0x80004005
[05:02:34:56:071][E][CNTNR:12272:14836] CServerImpl::CaptureSessionControl: Failed. pArgs[0X4D496E20] hr[0X80004005]
[05:02:34:56:071][E][CNTNR:12272:14836] ShadowPlayServerPlugin::ProcessReceivedIpcMessage: m_pSPServer->CaptureSessionControl [0x80004005]
[05:02:34:56:072][E][NODJS:25616:19120] CShadowPlayApi::CaptureSessionControl: fail hr[0x80004005]
[05:02:34:56:072][R][NODJS:25616:19120] CShadowPlayApi::CaptureSessionControl: OUT
[05:02:34:56:072][R][NODJS:25616:22332] CShadowPlayApi::SetCaptureSessionParam: IN hSession(0XFFFFFFFF) uiCmd(13)
[05:02:34:56:072][R][CNTNR:12272:14836] CServerImpl::SetCaptureSessionParam: IN cmd(13) hSession(0XFFFFFFFF)
[05:02:34:56:073][E][CNTNR:12272:14836] CSharedDataManager::GetFocusProcInfo: No valid process in focus
[05:02:34:56:073][E][CNTNR:12272:14836] CCaptureControl::GetCaptureProcInfo: GetFocusProcInfo failed(0x8004023A)
[05:02:34:56:073][E][CNTNR:12272:14836] CCaptureControl::GetParam: failed(cmd = 15) 0x8004023A
[05:02:34:56:073][E][CNTNR:12272:14836] CServerImpl::GetCaptureSessionParam: GetCaptureSessionParam Failed. 0x8004023A
[05:02:34:56:073][E][CNTNR:12272:14836] ShadowPlayServerPlugin::ProcessReceivedIpcMessage: m_pSPServer->GetCaptureSessionParam [0x8004023a]
[05:02:34:56:073][E][NODJS:25616:27204] CShadowPlayApi::GetCaptureSessionParam: fail hr[0x8004023a]
[05:02:34:56:073][R][NODJS:25616:21568] CShadowPlayApi::SetCaptureSessionParam: IN hSession(0XFFFFFFFF) uiCmd(13)
[05:02:34:56:073][R][CNTNR:12272:14836] CServerImpl::SetCaptureSessionParam: IN cmd(13) hSession(0XFFFFFFFF)
[05:02:34:56:074][R][NODJS:25616:26836] CShadowPlayApi::SetCaptureSessionParam: IN hSession(0XFFFFFFFF) uiCmd(13)
[05:02:34:56:074][R][CNTNR:12272:14836] CServerImpl::SetCaptureSessionParam: IN cmd(13) hSession(0XFFFFFFFF)
[05:02:34:56:075][R][NODJS:25616:23492] CShadowPlayApi::SetCaptureSessionParam: IN hSession(0XFFFFFFFF) uiCmd(13)
[05:02:34:56:075][R][CNTNR:12272:14836] CServerImpl::SetCaptureSessionParam: IN cmd(13) hSession(0XFFFFFFFF)
[05:02:34:56:077][R][NODJS:25616:21496] CShadowPlayApi::SetCaptureSessionParam: IN hSession(0XFFFFFFFF) uiCmd(13)
[05:02:34:56:077][R][CNTNR:12272:14836] CServerImpl::SetCaptureSessionParam: IN cmd(13) hSession(0XFFFFFFFF)
[05:02:34:56:078][R][NODJS:25616:26120] CShadowPlayApi::SetCaptureSessionParam: IN hSession(0XFFFFFFFF) uiCmd(13)
[05:02:34:56:078][R][CNTNR:12272:14836] CServerImpl::SetCaptureSessionParam: IN cmd(13) hSession(0XFFFFFFFF)
[05:02:34:56:080][E][CNTNR:12272:14836] CSharedDataManager::GetFocusProcInfo: No valid process in focus
[05:02:34:56:080][E][CNTNR:12272:14836] CCaptureControl::GetCaptureProcInfo: GetFocusProcInfo failed(0x8004023A)
[05:02:34:56:080][E][CNTNR:12272:14836] CCaptureControl::GetParam: failed(cmd = 15) 0x8004023A
[05:02:34:56:080][E][CNTNR:12272:14836] CServerImpl::GetCaptureSessionParam: GetCaptureSessionParam Failed. 0x8004023A
[05:02:34:56:080][E][CNTNR:12272:14836] ShadowPlayServerPlugin::ProcessReceivedIpcMessage: m_pSPServer->GetCaptureSessionParam [0x8004023a]
[05:02:34:56:080][E][NODJS:25616:26120] CShadowPlayApi::GetCaptureSessionParam: fail hr[0x8004023a]
[05:02:34:56:081][R][SHARE:25640:24824] COverlayApi::GetFullscreenState: OUT(0x00000000) wxh[0 x 0] process[] dwm[0] borderless[0] fullscreen[0] IsHdrActive:0
[05:02:34:56:081][R][NODJS:25616:10912] CShadowPlayApi::SetProperty: IN(CoPlayEnabled)
[05:02:34:56:082][R][SHARE:25640:24824] COverlayApi::GetFullscreenState: OUT(0x00000000) wxh[0 x 0] process[] dwm[0] borderless[0] fullscreen[0] IsHdrActive:0
[05:02:34:56:082][R][SHARE:25640:24824] COverlayApi::SetInputRedirectionMode: mode[3] NumRects[0]
[05:02:34:56:082][R][CNTNR:12272:14836] CServerImpl::SetProperty: IN pArgs[0X4D7AF520] property(CoPlayEnabled)
[05:02:34:56:082][R][CNTNR:12272:14836] CSettings::SetProperty: CoPlayEnabled
[05:02:34:56:082][R][CNTNR:12272:14836] enableCoPlay = False
[05:02:34:56:086][E][CNTNR:12272:14836] CSharedDataManager::GetFocusProcInfo: No valid process in focus
[05:02:34:56:086][E][CNTNR:12272:14836] CCaptureControl::GetCaptureProcInfo: GetFocusProcInfo failed(0x8004023A)
[05:02:34:56:086][E][CNTNR:12272:14836] CCaptureControl::GetParam: failed(cmd = 15) 0x8004023A
[05:02:34:56:086][E][CNTNR:12272:14836] CServerImpl::GetCaptureSessionParam: GetCaptureSessionParam Failed. 0x8004023A
[05:02:34:56:086][E][CNTNR:12272:14836] ShadowPlayServerPlugin::ProcessReceivedIpcMessage: m_pSPServer->GetCaptureSessionParam [0x8004023a]
[05:02:34:56:087][E][NODJS:25616: 8944] CShadowPlayApi::GetCaptureSessionParam: fail hr[0x8004023a]
[05:02:34:56:135][R][SHARE:25640:24824] CShadowPlayApi::SetCaptureSessionParam: IN hSession(0XFFFFFFFF) uiCmd(20)
[05:02:34:56:151][R][CNTNR:12272:14836] CServerImpl::SetCaptureSessionParam: IN cmd(20) hSession(0XFFFFFFFF)
[05:02:34:56:151][R][CNTNR:12272:14836] CServerIpc::SetSP : IN(25640, 5)
[05:02:34:56:152][R][CNTNR:20628:18448] ShadowPlayServicePlugin::ProcessReceivedIpcMessage: ServiceMsgTypeSP PID(25640), P(5) hRes = 0x00000000
[05:02:34:56:153][R][SHARE:25640:24824] COverlayApi::SetSP: (25640, 5) 
[05:02:34:56:153][R][SHARE:25640:24824] CShadowPlayApi::SetCaptureSessionParam: IN hSession(0XFFFFFFFF) uiCmd(20)
[05:02:34:56:154][R][CNTNR:12272:14836] CServerImpl::SetCaptureSessionParam: IN cmd(20) hSession(0XFFFFFFFF)
[05:02:34:56:154][R][CNTNR:12272:14836] CServerIpc::SetSP : IN(19300, 5)
[05:02:34:56:154][R][CNTNR:20628:18448] ShadowPlayServicePlugin::ProcessReceivedIpcMessage: ServiceMsgTypeSP PID(19300), P(5) hRes = 0x00000000
[05:02:34:56:155][R][SHARE:25640:24824] COverlayApi::SetSP: (19300, 5) 
[05:02:34:56:177][R][SHARE:25640:24824] COverlayApi::GetFullscreenState: OUT(0x00000000) wxh[0 x 0] process[] dwm[0] borderless[0] fullscreen[0] IsHdrActive:0
[05:02:34:56:178][E][CNTNR:12272:14836] CSharedDataManager::GetFocusProcInfo: No valid process in focus
[05:02:34:56:178][E][CNTNR:12272:14836] CCaptureControl::GetCaptureProcInfo: GetFocusProcInfo failed(0x8004023A)
[05:02:34:56:178][E][CNTNR:12272:14836] CCaptureControl::GetParam: failed(cmd = 15) 0x8004023A
[05:02:34:56:178][E][CNTNR:12272:14836] CServerImpl::GetCaptureSessionParam: GetCaptureSessionParam Failed. 0x8004023A
[05:02:34:56:178][E][CNTNR:12272:14836] ShadowPlayServerPlugin::ProcessReceivedIpcMessage: m_pSPServer->GetCaptureSessionParam [0x8004023a]
[05:02:34:56:179][R][SHARE:25640:24824] COverlayApi::GetFullscreenState: OUT(0x00000000) wxh[0 x 0] process[] dwm[0] borderless[0] fullscreen[0] IsHdrActive:0
[05:02:34:56:179][E][NODJS:25616: 9956] CShadowPlayApi::GetCaptureSessionParam: fail hr[0x8004023a]
[05:02:34:56:190][E][CNTNR:12272:14836] CSharedDataManager::GetFocusProcInfo: No valid process in focus
[05:02:34:56:191][E][CNTNR:12272:14836] CCaptureControl::GetCaptureProcInfo: GetFocusProcInfo failed(0x8004023A)
[05:02:34:56:191][E][CNTNR:12272:14836] CCaptureControl::GetParam: failed(cmd = 15) 0x8004023A
[05:02:34:56:191][E][CNTNR:12272:14836] CServerImpl::GetCaptureSessionParam: GetCaptureSessionParam Failed. 0x8004023A
[05:02:34:56:191][E][CNTNR:12272:14836] ShadowPlayServerPlugin::ProcessReceivedIpcMessage: m_pSPServer->GetCaptureSessionParam [0x8004023a]
[05:02:34:56:191][E][NODJS:25616:25708] CShadowPlayApi::GetCaptureSessionParam: fail hr[0x8004023a]
[05:02:34:56:194][R][SHARE:25640:24824] COverlayApi::GetFullscreenState: OUT(0x00000000) wxh[0 x 0] process[] dwm[0] borderless[0] fullscreen[0] IsHdrActive:0
[05:02:34:56:200][E][CNTNR:12272:14836] CSharedDataManager::GetFocusProcInfo: No valid process in focus
[05:02:34:56:200][E][CNTNR:12272:14836] CCaptureControl::GetCaptureProcInfo: GetFocusProcInfo failed(0x8004023A)
[05:02:34:56:200][E][CNTNR:12272:14836] CCaptureControl::GetParam: failed(cmd = 15) 0x8004023A
[05:02:34:56:200][E][CNTNR:12272:14836] CServerImpl::GetCaptureSessionParam: GetCaptureSessionParam Failed. 0x8004023A
[05:02:34:56:200][E][CNTNR:12272:14836] ShadowPlayServerPlugin::ProcessReceivedIpcMessage: m_pSPServer->GetCaptureSessionParam [0x8004023a]
[05:02:34:56:200][E][NODJS:25616:13020] CShadowPlayApi::GetCaptureSessionParam: fail hr[0x8004023a]
[05:02:34:56:229][R][SHARE:25640:24824] COverlayApi::GetFullscreenState: OUT(0x00000000) wxh[0 x 0] process[] dwm[0] borderless[0] fullscreen[0] IsHdrActive:0
[05:02:34:56:230][E][CNTNR:12272:14836] CSharedDataManager::GetFocusProcInfo: No valid process in focus
[05:02:34:56:230][E][CNTNR:12272:14836] CCaptureControl::GetCaptureProcInfo: GetFocusProcInfo failed(0x8004023A)
[05:02:34:56:230][E][CNTNR:12272:14836] CCaptureControl::GetParam: failed(cmd = 15) 0x8004023A
[05:02:34:56:230][E][CNTNR:12272:14836] CServerImpl::GetCaptureSessionParam: GetCaptureSessionParam Failed. 0x8004023A
[05:02:34:56:230][E][CNTNR:12272:14836] ShadowPlayServerPlugin::ProcessReceivedIpcMessage: m_pSPServer->GetCaptureSessionParam [0x8004023a]
[05:02:34:56:230][E][NODJS:25616: 9492] CShadowPlayApi::GetCaptureSessionParam: fail hr[0x8004023a]
[05:02:34:56:242][R][SHARE:25640:24824] COverlayApi::GetFullscreenState: OUT(0x00000000) wxh[0 x 0] process[] dwm[0] borderless[0] fullscreen[0] IsHdrActive:0
[05:02:34:56:266][R][SHARE:25640:24824] COverlayApi::GetFullscreenState: OUT(0x00000000) wxh[0 x 0] process[] dwm[0] borderless[0] fullscreen[0] IsHdrActive:0
[05:02:34:56:266][E][CNTNR:12272:14836] CSharedDataManager::GetFocusProcInfo: No valid process in focus
[05:02:34:56:266][E][CNTNR:12272:14836] CCaptureControl::GetCaptureProcInfo: GetFocusProcInfo failed(0x8004023A)
[05:02:34:56:266][E][CNTNR:12272:14836] CCaptureControl::GetParam: failed(cmd = 15) 0x8004023A
[05:02:34:56:266][E][CNTNR:12272:14836] CServerImpl::GetCaptureSessionParam: GetCaptureSessionParam Failed. 0x8004023A
[05:02:34:56:266][E][CNTNR:12272:14836] ShadowPlayServerPlugin::ProcessReceivedIpcMessage: m_pSPServer->GetCaptureSessionParam [0x8004023a]
[05:02:34:56:266][E][NODJS:25616: 4048] CShadowPlayApi::GetCaptureSessionParam: fail hr[0x8004023a]
[05:02:34:56:275][R][NODJS:25616:18336] CShadowPlayApi::SetProperty: IN(DisplayWebcam)
[05:02:34:56:298][R][SHARE:25640:24824] COverlayApi::GetFullscreenState: OUT(0x00000000) wxh[0 x 0] process[] dwm[0] borderless[0] fullscreen[0] IsHdrActive:0
[05:02:34:56:330][R][CNTNR:12272:14836] CServerImpl::SetProperty: IN pArgs[0X4D73DFE0] property(DisplayWebcam)
[05:02:34:56:330][R][CNTNR:12272:14836] CSettings::SetProperty: DisplayWebcam
[05:02:34:56:330][R][NODJS:25616:18336] CShadowPlayApi::SetProperty: IN(WebcamPosition)
[05:02:34:56:332][R][NODJS:25616:27956] CShadowPlayApi::SetCaptureSessionParam: IN hSession(0XFFFFFFFF) uiCmd(13)
[05:02:34:56:332][R][CNTNR:12272:14836] CServerImpl::SetProperty: IN pArgs[0X4D73E770] property(WebcamPosition)
[05:02:34:56:332][R][CNTNR:12272:14836] CSettings::SetProperty: WebcamPosition
[05:02:34:56:332][R][CNTNR:12272:14836] WebcamPos = RightBottom
[05:02:34:56:332][R][CNTNR:12272:14836] CServerImpl::HandleSettingChange: IN msg(205) w(0x2) l(0x0)
[05:02:34:56:332][R][CNTNR:12272:14836] CCaptureControl::HandleEvent: IN(205, 2, 0)
[05:02:34:56:333][R][NODJS:25616:18336] CShadowPlayApi::SetProperty: IN(WebcamSize)
[05:02:34:56:334][R][CNTNR:12272:14836] CServerImpl::SetCaptureSessionParam: IN cmd(13) hSession(0XFFFFFFFF)
[05:02:34:56:334][R][CNTNR:12272:14836] CServerImpl::SetProperty: IN pArgs[0X4D73FE20] property(WebcamSize)
[05:02:34:56:335][R][CNTNR:12272:14836] CSettings::SetProperty: WebcamSize
[05:02:34:56:335][R][CNTNR:12272:14836] WebcamSize = Small
[05:02:34:56:335][R][CNTNR:12272:14836] CServerImpl::HandleSettingChange: IN msg(206) w(0x1) l(0x0)
[05:02:34:56:335][R][CNTNR:12272:14836] CCaptureControl::HandleEvent: IN(206, 1, 0)
[05:02:34:56:339][E][CNTNR:12272:14836] CSharedDataManager::GetFocusProcInfo: No valid process in focus
[05:02:34:56:339][E][CNTNR:12272:14836] CCaptureControl::GetCaptureProcInfo: GetFocusProcInfo failed(0x8004023A)
[05:02:34:56:339][E][CNTNR:12272:14836] CCaptureControl::GetParam: failed(cmd = 15) 0x8004023A
[05:02:34:56:339][E][CNTNR:12272:14836] CServerImpl::GetCaptureSessionParam: GetCaptureSessionParam Failed. 0x8004023A
[05:02:34:56:339][E][CNTNR:12272:14836] ShadowPlayServerPlugin::ProcessReceivedIpcMessage: m_pSPServer->GetCaptureSessionParam [0x8004023a]
[05:02:34:56:340][E][NODJS:25616:14072] CShadowPlayApi::GetCaptureSessionParam: fail hr[0x8004023a]
[05:02:34:56:349][R][NODJS:25616:12340] CShadowPlayApi::SetProperty: IN(DisplayWebcam)
[05:02:34:56:368][R][SHARE:25640:24824] COverlayApi::GetFullscreenState: OUT(0x00000000) wxh[0 x 0] process[] dwm[0] borderless[0] fullscreen[0] IsHdrActive:0
[05:02:34:56:368][R][CNTNR:12272:14836] CServerImpl::SetProperty: IN pArgs[0X4D7414D0] property(DisplayWebcam)
[05:02:34:56:368][R][CNTNR:12272:14836] CSettings::SetProperty: DisplayWebcam
[05:02:34:56:369][R][NODJS:25616:12340] CShadowPlayApi::SetProperty: IN(WebcamPosition)
[05:02:34:56:371][R][NODJS:25616: 2888] CShadowPlayApi::SetCaptureSessionParam: IN hSession(0XFFFFFFFF) uiCmd(13)
[05:02:34:56:371][R][CNTNR:12272:14836] CServerImpl::SetProperty: IN pArgs[0X4D73DFE0] property(WebcamPosition)
[05:02:34:56:371][R][CNTNR:12272:14836] CSettings::SetProperty: WebcamPosition
[05:02:34:56:371][R][CNTNR:12272:14836] WebcamPos = RightBottom
[05:02:34:56:371][R][CNTNR:12272:14836] CServerImpl::HandleSettingChange: IN msg(205) w(0x2) l(0x0)
[05:02:34:56:371][R][CNTNR:12272:14836] CCaptureControl::HandleEvent: IN(205, 2, 0)
[05:02:34:56:372][R][NODJS:25616:12340] CShadowPlayApi::SetProperty: IN(WebcamSize)
[05:02:34:56:372][R][CNTNR:12272:14836] CServerImpl::SetCaptureSessionParam: IN cmd(13) hSession(0XFFFFFFFF)
[05:02:34:56:375][R][CNTNR:12272:14836] CServerImpl::SetProperty: IN pArgs[0X4D73E770] property(WebcamSize)
[05:02:34:56:375][R][CNTNR:12272:14836] CSettings::SetProperty: WebcamSize
[05:02:34:56:376][R][CNTNR:12272:14836] WebcamSize = Small
[05:02:34:56:376][R][CNTNR:12272:14836] CServerImpl::HandleSettingChange: IN msg(206) w(0x1) l(0x0)
[05:02:34:56:376][R][CNTNR:12272:14836] CCaptureControl::HandleEvent: IN(206, 1, 0)
[05:02:34:56:380][E][CNTNR:12272:14836] CSharedDataManager::GetFocusProcInfo: No valid process in focus
[05:02:34:56:380][E][CNTNR:12272:14836] CCaptureControl::GetCaptureProcInfo: GetFocusProcInfo failed(0x8004023A)
[05:02:34:56:380][E][CNTNR:12272:14836] CCaptureControl::GetParam: failed(cmd = 15) 0x8004023A
[05:02:34:56:380][E][CNTNR:12272:14836] CServerImpl::GetCaptureSessionParam: GetCaptureSessionParam Failed. 0x8004023A
[05:02:34:56:380][E][CNTNR:12272:14836] ShadowPlayServerPlugin::ProcessReceivedIpcMessage: m_pSPServer->GetCaptureSessionParam [0x8004023a]
[05:02:34:56:380][E][NODJS:25616:26840] CShadowPlayApi::GetCaptureSessionParam: fail hr[0x8004023a]
[05:02:34:56:387][R][NODJS:25616: 8924] CShadowPlayApi::SetProperty: IN(DisplayWebcam)
[05:02:34:56:408][R][SHARE:25640:24824] COverlayApi::GetFullscreenState: OUT(0x00000000) wxh[0 x 0] process[] dwm[0] borderless[0] fullscreen[0] IsHdrActive:0
[05:02:34:56:410][R][CNTNR:12272:14836] CServerImpl::SetProperty: IN pArgs[0X4D6FD810] property(DisplayWebcam)
[05:02:34:56:410][R][CNTNR:12272:14836] CSettings::SetProperty: DisplayWebcam
[05:02:34:56:411][R][NODJS:25616: 8924] CShadowPlayApi::SetProperty: IN(WebcamPosition)
[05:02:34:56:412][R][NODJS:25616:20536] CShadowPlayApi::SetCaptureSessionParam: IN hSession(0XFFFFFFFF) uiCmd(13)
[05:02:34:56:412][R][CNTNR:12272:14836] CServerImpl::SetProperty: IN pArgs[0X4D6FD810] property(WebcamPosition)
[05:02:34:56:412][R][CNTNR:12272:14836] CSettings::SetProperty: WebcamPosition
[05:02:34:56:412][R][CNTNR:12272:14836] WebcamPos = RightBottom
[05:02:34:56:412][R][CNTNR:12272:14836] CServerImpl::HandleSettingChange: IN msg(205) w(0x2) l(0x0)
[05:02:34:56:412][R][CNTNR:12272:14836] CCaptureControl::HandleEvent: IN(205, 2, 0)
[05:02:34:56:413][R][NODJS:25616: 8924] CShadowPlayApi::SetProperty: IN(WebcamSize)
[05:02:34:56:413][R][CNTNR:12272:14836] CServerImpl::SetProperty: IN pArgs[0X4D6FD810] property(WebcamSize)
[05:02:34:56:413][R][CNTNR:12272:14836] CSettings::SetProperty: WebcamSize
[05:02:34:56:413][R][CNTNR:12272:14836] WebcamSize = Small
[05:02:34:56:413][R][CNTNR:12272:14836] CServerImpl::HandleSettingChange: IN msg(206) w(0x1) l(0x0)
[05:02:34:56:413][R][CNTNR:12272:14836] CCaptureControl::HandleEvent: IN(206, 1, 0)
[05:02:34:56:414][R][CNTNR:12272:14836] CServerImpl::SetCaptureSessionParam: IN cmd(13) hSession(0XFFFFFFFF)
[05:02:34:56:418][E][CNTNR:12272:14836] CSharedDataManager::GetFocusProcInfo: No valid process in focus
[05:02:34:56:418][E][CNTNR:12272:14836] CCaptureControl::GetCaptureProcInfo: GetFocusProcInfo failed(0x8004023A)
[05:02:34:56:418][E][CNTNR:12272:14836] CCaptureControl::GetParam: failed(cmd = 15) 0x8004023A
[05:02:34:56:418][E][CNTNR:12272:14836] CServerImpl::GetCaptureSessionParam: GetCaptureSessionParam Failed. 0x8004023A
[05:02:34:56:418][E][CNTNR:12272:14836] ShadowPlayServerPlugin::ProcessReceivedIpcMessage: m_pSPServer->GetCaptureSessionParam [0x8004023a]
[05:02:34:56:419][E][NODJS:25616:27204] CShadowPlayApi::GetCaptureSessionParam: fail hr[0x8004023a]
[05:02:34:56:426][R][NODJS:25616:26120] CShadowPlayApi::SetProperty: IN(DisplayWebcam)
[05:02:34:56:442][R][SHARE:25640:24824] COverlayApi::GetFullscreenState: OUT(0x00000000) wxh[0 x 0] process[] dwm[0] borderless[0] fullscreen[0] IsHdrActive:0
[05:02:34:56:444][R][CNTNR:12272:14836] CServerImpl::SetProperty: IN pArgs[0X4D6FC160] property(DisplayWebcam)
[05:02:34:56:444][R][CNTNR:12272:14836] CSettings::SetProperty: DisplayWebcam
[05:02:34:56:445][R][NODJS:25616:26120] CShadowPlayApi::SetProperty: IN(WebcamPosition)
[05:02:34:56:447][R][CNTNR:12272:14836] CServerImpl::SetProperty: IN pArgs[0X4D6FD810] property(WebcamPosition)
[05:02:34:56:447][R][CNTNR:12272:14836] CSettings::SetProperty: WebcamPosition
[05:02:34:56:447][R][CNTNR:12272:14836] WebcamPos = RightBottom
[05:02:34:56:447][R][CNTNR:12272:14836] CServerImpl::HandleSettingChange: IN msg(205) w(0x2) l(0x0)
[05:02:34:56:447][R][CNTNR:12272:14836] CCaptureControl::HandleEvent: IN(205, 2, 0)
[05:02:34:56:448][R][NODJS:25616:26120] CShadowPlayApi::SetProperty: IN(WebcamSize)
[05:02:34:56:450][R][NODJS:25616:12184] CShadowPlayApi::SetCaptureSessionParam: IN hSession(0XFFFFFFFF) uiCmd(13)
[05:02:34:56:450][R][CNTNR:12272:14836] CServerImpl::SetProperty: IN pArgs[0X4D6FC8F0] property(WebcamSize)
[05:02:34:56:450][R][CNTNR:12272:14836] CSettings::SetProperty: WebcamSize
[05:02:34:56:450][R][CNTNR:12272:14836] WebcamSize = Small
[05:02:34:56:450][R][CNTNR:12272:14836] CServerImpl::HandleSettingChange: IN msg(206) w(0x1) l(0x0)
[05:02:34:56:450][R][CNTNR:12272:14836] CCaptureControl::HandleEvent: IN(206, 1, 0)
[05:02:34:56:451][R][CNTNR:12272:14836] CServerImpl::SetCaptureSessionParam: IN cmd(13) hSession(0XFFFFFFFF)
[05:02:34:56:459][R][NODJS:25616:18924] CShadowPlayApi::SetProperty: IN(DisplayWebcam)
[05:02:34:56:477][R][CNTNR:12272:14836] CServerImpl::SetProperty: IN pArgs[0X4D6FD810] property(DisplayWebcam)
[05:02:34:56:477][R][CNTNR:12272:14836] CSettings::SetProperty: DisplayWebcam
[05:02:34:56:477][R][NODJS:25616:18924] CShadowPlayApi::SetProperty: IN(WebcamPosition)
[05:02:34:56:478][R][CNTNR:12272:14836] CServerImpl::SetProperty: IN pArgs[0X4D6FD810] property(WebcamPosition)
[05:02:34:56:478][R][CNTNR:12272:14836] CSettings::SetProperty: WebcamPosition
[05:02:34:56:479][R][CNTNR:12272:14836] WebcamPos = RightBottom
[05:02:34:56:479][R][CNTNR:12272:14836] CServerImpl::HandleSettingChange: IN msg(205) w(0x2) l(0x0)
[05:02:34:56:479][R][CNTNR:12272:14836] CCaptureControl::HandleEvent: IN(205, 2, 0)
[05:02:34:56:479][R][NODJS:25616:18924] CShadowPlayApi::SetProperty: IN(WebcamSize)
[05:02:34:56:481][R][NODJS:25616:22660] CShadowPlayApi::SetCaptureSessionParam: IN hSession(0XFFFFFFFF) uiCmd(13)
[05:02:34:56:481][R][CNTNR:12272:14836] CServerImpl::SetProperty: IN pArgs[0X4D6FD810] property(WebcamSize)
[05:02:34:56:481][R][CNTNR:12272:14836] CSettings::SetProperty: WebcamSize
[05:02:34:56:481][R][CNTNR:12272:14836] WebcamSize = Small
[05:02:34:56:481][R][CNTNR:12272:14836] CServerImpl::HandleSettingChange: IN msg(206) w(0x1) l(0x0)
[05:02:34:56:481][R][CNTNR:12272:14836] CCaptureControl::HandleEvent: IN(206, 1, 0)
[05:02:34:56:482][R][CNTNR:12272:14836] CServerImpl::SetCaptureSessionParam: IN cmd(13) hSession(0XFFFFFFFF)
[05:02:34:56:489][R][NODJS:25616:27596] CShadowPlayApi::SetProperty: IN(DisplayWebcam)
[05:02:34:56:489][R][CNTNR:12272:14836] CServerImpl::SetProperty: IN pArgs[0X4D6FD080] property(DisplayWebcam)
[05:02:34:56:489][R][CNTNR:12272:14836] CSettings::SetProperty: DisplayWebcam
[05:02:34:56:489][R][NODJS:25616:27596] CShadowPlayApi::SetProperty: IN(WebcamPosition)
[05:02:34:56:489][R][CNTNR:12272:14836] CServerImpl::SetProperty: IN pArgs[0X4D6FC8F0] property(WebcamPosition)
[05:02:34:56:490][R][CNTNR:12272:14836] CSettings::SetProperty: WebcamPosition
[05:02:34:56:490][R][CNTNR:12272:14836] WebcamPos = RightBottom
[05:02:34:56:490][R][CNTNR:12272:14836] CServerImpl::HandleSettingChange: IN msg(205) w(0x2) l(0x0)
[05:02:34:56:490][R][CNTNR:12272:14836] CCaptureControl::HandleEvent: IN(205, 2, 0)
[05:02:34:56:490][R][NODJS:25616:27596] CShadowPlayApi::SetProperty: IN(WebcamSize)
[05:02:34:56:491][R][NODJS:25616:13020] CShadowPlayApi::SetCaptureSessionParam: IN hSession(0XFFFFFFFF) uiCmd(13)
[05:02:34:56:491][R][CNTNR:12272:14836] CServerImpl::SetProperty: IN pArgs[0X4D6FC160] property(WebcamSize)
[05:02:34:56:491][R][CNTNR:12272:14836] CSettings::SetProperty: WebcamSize
[05:02:34:56:491][R][CNTNR:12272:14836] WebcamSize = Small
[05:02:34:56:491][R][CNTNR:12272:14836] CServerImpl::HandleSettingChange: IN msg(206) w(0x1) l(0x0)
[05:02:34:56:491][R][CNTNR:12272:14836] CCaptureControl::HandleEvent: IN(206, 1, 0)
[05:02:34:56:492][R][CNTNR:12272:14836] CServerImpl::SetCaptureSessionParam: IN cmd(13) hSession(0XFFFFFFFF)
[05:02:34:56:533][R][NODJS:25616:12060] CShadowPlayApi::SetProperty: IN(DisplayWebcam)
[05:02:34:56:534][R][CNTNR:12272:14836] CServerImpl::SetProperty: IN pArgs[0X4D6FD080] property(DisplayWebcam)
[05:02:34:56:534][R][CNTNR:12272:14836] CSettings::SetProperty: DisplayWebcam
[05:02:34:56:534][R][NODJS:25616:12060] CShadowPlayApi::SetProperty: IN(WebcamPosition)
[05:02:34:56:535][R][CNTNR:12272:14836] CServerImpl::SetProperty: IN pArgs[0X4D6FD080] property(WebcamPosition)
[05:02:34:56:535][R][CNTNR:12272:14836] CSettings::SetProperty: WebcamPosition
[05:02:34:56:535][R][CNTNR:12272:14836] WebcamPos = RightBottom
[05:02:34:56:535][R][CNTNR:12272:14836] CServerImpl::HandleSettingChange: IN msg(205) w(0x2) l(0x0)
[05:02:34:56:535][R][CNTNR:12272:14836] CCaptureControl::HandleEvent: IN(205, 2, 0)
[05:02:34:56:536][R][NODJS:25616:12060] CShadowPlayApi::SetProperty: IN(WebcamSize)
[05:02:34:56:536][R][CNTNR:12272:14836] CServerImpl::SetProperty: IN pArgs[0X4D6FD080] property(WebcamSize)
[05:02:34:56:536][R][CNTNR:12272:14836] CSettings::SetProperty: WebcamSize
[05:02:34:56:537][R][CNTNR:12272:14836] WebcamSize = Small
[05:02:34:56:537][R][CNTNR:12272:14836] CServerImpl::HandleSettingChange: IN msg(206) w(0x1) l(0x0)
[05:02:34:56:537][R][CNTNR:12272:14836] CCaptureControl::HandleEvent: IN(206, 1, 0)
[05:02:34:56:537][R][NODJS:25616:25140] CShadowPlayApi::SetProperty: IN(DisplayWebcam)
[05:02:34:56:538][R][CNTNR:12272:14836] CServerImpl::SetProperty: IN pArgs[0X4D6FC8F0] property(DisplayWebcam)
[05:02:34:56:538][R][CNTNR:12272:14836] CSettings::SetProperty: DisplayWebcam
[05:02:34:56:538][R][NODJS:25616:25140] CShadowPlayApi::SetProperty: IN(WebcamPosition)
[05:02:34:56:539][R][CNTNR:12272:14836] CServerImpl::SetProperty: IN pArgs[0X4D6FC160] property(WebcamPosition)
[05:02:34:56:539][R][CNTNR:12272:14836] CSettings::SetProperty: WebcamPosition
[05:02:34:56:539][R][CNTNR:12272:14836] WebcamPos = RightBottom
[05:02:34:56:539][R][CNTNR:12272:14836] CServerImpl::HandleSettingChange: IN msg(205) w(0x2) l(0x0)
[05:02:34:56:539][R][CNTNR:12272:14836] CCaptureControl::HandleEvent: IN(205, 2, 0)
[05:02:34:56:539][R][NODJS:25616:25140] CShadowPlayApi::SetProperty: IN(WebcamSize)
[05:02:34:56:540][R][CNTNR:12272:14836] CServerImpl::SetProperty: IN pArgs[0X4D6FC8F0] property(WebcamSize)
[05:02:34:56:540][R][CNTNR:12272:14836] CSettings::SetProperty: WebcamSize
[05:02:34:56:540][R][CNTNR:12272:14836] WebcamSize = Small
[05:02:34:56:540][R][CNTNR:12272:14836] CServerImpl::HandleSettingChange: IN msg(206) w(0x1) l(0x0)
[05:02:34:56:540][R][CNTNR:12272:14836] CCaptureControl::HandleEvent: IN(206, 1, 0)
[05:02:34:56:542][R][NODJS:25616: 6748] CShadowPlayApi::SetProperty: IN(DisplayWebcam)
[05:02:34:56:542][R][CNTNR:12272:14836] CServerImpl::SetProperty: IN pArgs[0X4D6FD080] property(DisplayWebcam)
[05:02:34:56:542][R][CNTNR:12272:14836] CSettings::SetProperty: DisplayWebcam
[05:02:34:56:543][R][NODJS:25616: 6748] CShadowPlayApi::SetProperty: IN(WebcamPosition)
[05:02:34:56:544][R][CNTNR:12272:14836] CServerImpl::SetProperty: IN pArgs[0X4D6FC160] property(WebcamPosition)
[05:02:34:56:544][R][CNTNR:12272:14836] CSettings::SetProperty: WebcamPosition
[05:02:34:56:544][R][CNTNR:12272:14836] WebcamPos = RightBottom
[05:02:34:56:544][R][CNTNR:12272:14836] CServerImpl::HandleSettingChange: IN msg(205) w(0x2) l(0x0)
[05:02:34:56:544][R][CNTNR:12272:14836] CCaptureControl::HandleEvent: IN(205, 2, 0)
[05:02:34:56:544][R][NODJS:25616: 6748] CShadowPlayApi::SetProperty: IN(WebcamSize)
[05:02:34:56:544][R][CNTNR:12272:14836] CServerImpl::SetProperty: IN pArgs[0X4D6FC160] property(WebcamSize)
[05:02:34:56:544][R][CNTNR:12272:14836] CSettings::SetProperty: WebcamSize
[05:02:34:56:544][R][CNTNR:12272:14836] WebcamSize = Small
[05:02:34:56:544][R][CNTNR:12272:14836] CServerImpl::HandleSettingChange: IN msg(206) w(0x1) l(0x0)
[05:02:34:56:544][R][CNTNR:12272:14836] CCaptureControl::HandleEvent: IN(206, 1, 0)
[05:02:34:56:551][R][NODJS:25616:18336] CShadowPlayApi::SetProperty: IN(DisplayWebcam)
[05:02:34:56:551][R][CNTNR:12272:14836] CServerImpl::SetProperty: IN pArgs[0X4D6FC160] property(DisplayWebcam)
[05:02:34:56:551][R][CNTNR:12272:14836] CSettings::SetProperty: DisplayWebcam
[05:02:34:56:551][R][NODJS:25616:18336] CShadowPlayApi::SetProperty: IN(WebcamPosition)
[05:02:34:56:552][R][CNTNR:12272:14836] CServerImpl::SetProperty: IN pArgs[0X4D6FD080] property(WebcamPosition)
[05:02:34:56:552][R][CNTNR:12272:14836] CSettings::SetProperty: WebcamPosition
[05:02:34:56:552][R][CNTNR:12272:14836] WebcamPos = RightBottom
[05:02:34:56:552][R][CNTNR:12272:14836] CServerImpl::HandleSettingChange: IN msg(205) w(0x2) l(0x0)
[05:02:34:56:552][R][CNTNR:12272:14836] CCaptureControl::HandleEvent: IN(205, 2, 0)
[05:02:34:56:552][R][NODJS:25616:18336] CShadowPlayApi::SetProperty: IN(WebcamSize)
[05:02:34:56:554][R][NODJS:25616: 9072] CShadowPlayApi::SetProperty: IN(DisplayWebcam)
[05:02:34:56:554][R][CNTNR:12272:14836] CServerImpl::SetProperty: IN pArgs[0X4D6FC160] property(WebcamSize)
[05:02:34:56:554][R][CNTNR:12272:14836] CSettings::SetProperty: WebcamSize
[05:02:34:56:554][R][CNTNR:12272:14836] WebcamSize = Small
[05:02:34:56:554][R][CNTNR:12272:14836] CServerImpl::HandleSettingChange: IN msg(206) w(0x1) l(0x0)
[05:02:34:56:554][R][CNTNR:12272:14836] CCaptureControl::HandleEvent: IN(206, 1, 0)
[05:02:34:56:555][R][CNTNR:12272:14836] CServerImpl::SetProperty: IN pArgs[0X4D6FD810] property(DisplayWebcam)
[05:02:34:56:555][R][CNTNR:12272:14836] CSettings::SetProperty: DisplayWebcam
[05:02:34:56:555][R][NODJS:25616: 9072] CShadowPlayApi::SetProperty: IN(WebcamPosition)
[05:02:34:56:555][R][CNTNR:12272:14836] CServerImpl::SetProperty: IN pArgs[0X4D6FC8F0] property(WebcamPosition)
[05:02:34:56:555][R][CNTNR:12272:14836] CSettings::SetProperty: WebcamPosition
[05:02:34:56:555][R][CNTNR:12272:14836] WebcamPos = RightBottom
[05:02:34:56:557][R][CNTNR:12272:14836] CServerImpl::HandleSettingChange: IN msg(205) w(0x2) l(0x0)
[05:02:34:56:557][R][CNTNR:12272:14836] CCaptureControl::HandleEvent: IN(205, 2, 0)
[05:02:34:56:557][R][NODJS:25616: 9072] CShadowPlayApi::SetProperty: IN(WebcamSize)
[05:02:34:56:557][R][NODJS:25616:14072] CShadowPlayApi::SetCaptureSessionParam: IN hSession(0XFFFFFFFF) uiCmd(13)
[05:02:34:56:557][R][CNTNR:12272:14836] CServerImpl::SetProperty: IN pArgs[0X4D6FC8F0] property(WebcamSize)
[05:02:34:56:557][R][CNTNR:12272:14836] CSettings::SetProperty: WebcamSize
[05:02:34:56:557][R][CNTNR:12272:14836] WebcamSize = Small
[05:02:34:56:557][R][CNTNR:12272:14836] CServerImpl::HandleSettingChange: IN msg(206) w(0x1) l(0x0)
[05:02:34:56:557][R][CNTNR:12272:14836] CCaptureControl::HandleEvent: IN(206, 1, 0)
[05:02:34:56:557][R][CNTNR:12272:14836] CServerImpl::SetCaptureSessionParam: IN cmd(13) hSession(0XFFFFFFFF)
[05:02:34:56:558][R][NODJS:25616:10588] CShadowPlayApi::SetCaptureSessionParam: IN hSession(0XFFFFFFFF) uiCmd(13)
[05:02:34:56:559][R][CNTNR:12272:14836] CServerImpl::SetCaptureSessionParam: IN cmd(13) hSession(0XFFFFFFFF)
[05:02:34:56:559][R][NODJS:25616:12144] CShadowPlayApi::SetCaptureSessionParam: IN hSession(0XFFFFFFFF) uiCmd(13)
[05:02:34:56:560][R][CNTNR:12272:14836] CServerImpl::SetCaptureSessionParam: IN cmd(13) hSession(0XFFFFFFFF)
[05:02:34:56:566][R][NODJS:25616: 2888] CShadowPlayApi::SetCaptureSessionParam: IN hSession(0XFFFFFFFF) uiCmd(13)
[05:02:34:56:567][R][CNTNR:12272:14836] CServerImpl::SetCaptureSessionParam: IN cmd(13) hSession(0XFFFFFFFF)
[05:02:34:56:567][R][NODJS:25616:22716] CShadowPlayApi::SetCaptureSessionParam: IN hSession(0XFFFFFFFF) uiCmd(13)
[05:02:34:56:568][R][CNTNR:12272:14836] CServerImpl::SetCaptureSessionParam: IN cmd(13) hSession(0XFFFFFFFF)
[05:02:34:58:851][R][SHARE:25640:24824] COverlayApi::GetFullscreenState: OUT(0x00000000) wxh[0 x 0] process[] dwm[0] borderless[0] fullscreen[0] IsHdrActive:0
[05:02:34:58:852][R][NODJS:25616:18164] CShadowPlayApi::CaptureSessionControl: IN hSession(0X13C4AE787D0) eControlCmd(3)
[05:02:34:58:852][R][CNTNR:12272:14836] CServerImpl::CaptureSessionControl: IN pArgs[0X4D6FC8F0] hSession(0X13C4AE787D0) cmd: (IR_START) controller: (OSCUI)
[05:02:34:58:858][R][NODJS:25616: 2132] CShadowPlayNotifications::EnqueueNotification: uMsg(0x4A), wParam(0x0), lParam(0xC4AFD20) dwData(0x90C)
[05:02:34:58:858][R][NODJS:25616:21140] CShadowPlayNotifications::HandleNotificationMessage: msg(74) lparam(c4afd20) wparam(0)
[05:02:34:58:858][R][CNTNR:12272:14836] DVR Active = true
[05:02:34:58:858][R][CNTNR:12272:14836] CServerImpl::HandleSettingChange: IN msg(202) w(0x1) l(0x0)
[05:02:34:58:858][R][CNTNR:12272:14836] CCaptureControl::HandleEvent: IN(202, 1, 0)
[05:02:34:58:865][R][CNTNR:12272:14836] CCaptureSession::EvaluateAutoDVRStart: Starting DVR capture. IR(1) HL(0) nDisable(0)
[05:02:34:58:865][R][CNTNR:12272:14836] CCaptureSession::StartDVRCapture: IN
[05:02:34:58:865][E][CNTNR:12272:14836] CCaptureSession::RefreshSettings: EvaluateCaptureProcess failed 0x80004005
[05:02:34:58:865][E][CNTNR:12272:14836] CCaptureSession::StartDVRCapture: RefreshSettings failed 0x80004005
[05:02:34:58:865][R][CNTNR:12272:14836] CServerImpl::CaptureSessionControl: OUT pArgs[0X4D6FC8F0] hr[0]
[05:02:34:58:866][R][NODJS:25616:18164] CShadowPlayApi::CaptureSessionControl: OUT
[05:02:34:58:880][R][SHARE:25640:24824] COverlayApi::GetFullscreenState: OUT(0x00000000) wxh[0 x 0] process[] dwm[0] borderless[0] fullscreen[0] IsHdrActive:0
[05:02:34:58:955][R][NODJS:25616: 7408] CShadowPlayApi::SetCaptureSessionParam: IN hSession(0XFFFFFFFF) uiCmd(13)
[05:02:34:58:955][R][CNTNR:12272:14836] CServerImpl::SetCaptureSessionParam: IN cmd(13) hSession(0XFFFFFFFF)
[05:02:35:02:164][R][NODJS:25616: 6748] CShadowPlayApi::CaptureSessionControl: IN hSession(0X13C4AE787D0) eControlCmd(4)
[05:02:35:02:164][R][CNTNR:12272:14836] CServerImpl::CaptureSessionControl: IN pArgs[0X4D6FC160] hSession(0X13C4AE787D0) cmd: (IR_STOP) controller: (OSCUI)
[05:02:35:02:171][R][NODJS:25616: 2132] CShadowPlayNotifications::EnqueueNotification: uMsg(0x4A), wParam(0x0), lParam(0xC4AFD20) dwData(0x90C)
[05:02:35:02:171][R][NODJS:25616:21140] CShadowPlayNotifications::HandleNotificationMessage: msg(74) lparam(c4afd20) wparam(0)
[05:02:35:02:172][R][CNTNR:12272:14836] DVR Active = false
[05:02:35:02:172][R][CNTNR:12272:14836] CServerImpl::HandleSettingChange: IN msg(202) w(0x0) l(0x0)
[05:02:35:02:172][R][CNTNR:12272:14836] CCaptureControl::HandleEvent: IN(202, 0, 0)
[05:02:35:02:172][R][CNTNR:12272:14836] CCaptureSession::EvaluateDVRStop: IR(0) HL(0) DVR(0)
[05:02:35:02:172][R][CNTNR:12272:14836] CServerImpl::CaptureSessionControl: OUT pArgs[0X4D6FC160] hr[0]
[05:02:35:02:172][R][NODJS:25616: 6748] CShadowPlayApi::CaptureSessionControl: OUT
[05:02:35:02:202][R][SHARE:25640:24824] COverlayApi::GetFullscreenState: OUT(0x00000000) wxh[0 x 0] process[] dwm[0] borderless[0] fullscreen[0] IsHdrActive:0
[05:02:35:02:267][R][NODJS:25616: 9492] CShadowPlayApi::SetCaptureSessionParam: IN hSession(0XFFFFFFFF) uiCmd(13)
[05:02:35:02:268][R][CNTNR:12272:14836] CServerImpl::SetCaptureSessionParam: IN cmd(13) hSession(0XFFFFFFFF)
[05:02:35:02:971][E][CNTNR:12272:14836] CSharedDataManager::GetFocusProcInfo: No valid process in focus
[05:02:35:02:971][E][CNTNR:12272:14836] CCaptureControl::GetCaptureProcInfo: GetFocusProcInfo failed(0x8004023A)
[05:02:35:02:971][E][CNTNR:12272:14836] CCaptureControl::GetParam: failed(cmd = 15) 0x8004023A
[05:02:35:02:971][E][CNTNR:12272:14836] CServerImpl::GetCaptureSessionParam: GetCaptureSessionParam Failed. 0x8004023A
[05:02:35:02:971][E][CNTNR:12272:14836] ShadowPlayServerPlugin::ProcessReceivedIpcMessage: m_pSPServer->GetCaptureSessionParam [0x8004023a]
[05:02:35:02:971][E][NODJS:25616:27636] CShadowPlayApi::GetCaptureSessionParam: fail hr[0x8004023a]
[05:02:35:02:974][R][SHARE:25640:24824] COverlayApi::GetFullscreenState: OUT(0x00000000) wxh[0 x 0] process[] dwm[0] borderless[0] fullscreen[0] IsHdrActive:0
[05:02:35:03:739][E][CNTNR:12272:14836] CSharedDataManager::GetFocusProcInfo: No valid process in focus
[05:02:35:03:739][E][CNTNR:12272:14836] CCaptureControl::GetCaptureProcInfo: GetFocusProcInfo failed(0x8004023A)
[05:02:35:03:739][E][CNTNR:12272:14836] CCaptureControl::GetParam: failed(cmd = 15) 0x8004023A
[05:02:35:03:739][E][CNTNR:12272:14836] CServerImpl::GetCaptureSessionParam: GetCaptureSessionParam Failed. 0x8004023A
[05:02:35:03:739][E][CNTNR:12272:14836] ShadowPlayServerPlugin::ProcessReceivedIpcMessage: m_pSPServer->GetCaptureSessionParam [0x8004023a]
[05:02:35:03:739][E][NODJS:25616: 2080] CShadowPlayApi::GetCaptureSessionParam: fail hr[0x8004023a]
[05:02:35:03:742][R][SHARE:25640:24824] COverlayApi::GetFullscreenState: OUT(0x00000000) wxh[0 x 0] process[] dwm[0] borderless[0] fullscreen[0] IsHdrActive:0
[05:02:35:03:927][R][NODJS:25616:23432] CShadowPlayApi::CaptureSessionControl: IN hSession(0X13C4D797BE0) eControlCmd(14)
[05:02:35:03:928][R][CNTNR:12272:14836] CServerImpl::CaptureSessionControl: IN pArgs[0X4D6FC160] hSession(0X13C4D797BE0) cmd: (CAPTURE_SCREENSHOT) controller: (HOTKEY)
[05:02:35:04:639][R][HELPR:13504: 2204] CShadowPlayHelper::ProcessWindowMessges: WMHK 7
[05:02:35:04:639][R][NODJS:25616:17344] CShadowPlayHotkeyReceiver::PluginCallback: Received message 7
[05:02:35:06:450][E][CNTNR:12272:14836] CCaptureSession::RefreshScreenShotSettings: GetCaptureProcInfo failed 0x80004005
[05:02:35:06:450][E][CNTNR:12272:14836] CCaptureSession::CaptureScreenShot: RefreshScreenShotSettings failed 0x80004005
[05:02:35:06:450][E][CNTNR:12272:14836] CCaptureSession::CaptureControlScreenShot: CaptureScreenShot failed(0x80004005)
[05:02:35:06:450][E][CNTNR:12272:14836] CCaptureControl::CaptureSessionControl: Session CaptureControl failed 0x80004005
[05:02:35:06:450][E][CNTNR:12272:14836] CServerImpl::CaptureSessionControl: Failed. pArgs[0X4D6FC160] hr[0X80004005]
[05:02:35:06:450][E][CNTNR:12272:14836] ShadowPlayServerPlugin::ProcessReceivedIpcMessage: m_pSPServer->CaptureSessionControl [0x80004005]
[05:02:35:06:451][E][NODJS:25616:23432] CShadowPlayApi::CaptureSessionControl: fail hr[0x80004005]
[05:02:35:06:451][R][NODJS:25616:23432] CShadowPlayApi::CaptureSessionControl: OUT
[05:02:35:06:451][R][NODJS:25616: 4048] CShadowPlayApi::SetCaptureSessionParam: IN hSession(0XFFFFFFFF) uiCmd(13)
[05:02:35:06:452][R][SHARE:25640:24824] COverlayApi::GetFullscreenState: OUT(0x00000000) wxh[0 x 0] process[] dwm[0] borderless[0] fullscreen[0] IsHdrActive:0
[05:02:35:06:452][R][CNTNR:12272:14836] CServerImpl::SetCaptureSessionParam: IN cmd(13) hSession(0XFFFFFFFF)
[05:02:35:06:453][R][SHARE:25640:24824] COverlayApi::GetFullscreenState: OUT(0x00000000) wxh[0 x 0] process[] dwm[0] borderless[0] fullscreen[0] IsHdrActive:0
[05:02:35:06:453][R][SHARE:25640:24824] COverlayApi::SetInputRedirectionMode: mode[3] NumRects[0]
[05:02:35:06:453][R][NODJS:25616: 4848] CShadowPlayApi::SetCaptureSessionParam: IN hSession(0XFFFFFFFF) uiCmd(13)
[05:02:35:06:454][R][CNTNR:12272:14836] CServerImpl::SetCaptureSessionParam: IN cmd(13) hSession(0XFFFFFFFF)
[05:02:35:06:483][R][SHARE:25640:24824] COverlayApi::SetInputRedirectionMode: mode[4] NumRects[0]
[05:02:35:07:589][R][HELPR:13504: 2204] CShadowPlayHelper::ProcessWindowMessges: WMHK 7
[05:02:35:07:589][R][NODJS:25616:17344] CShadowPlayHotkeyReceiver::PluginCallback: Received message 7
[05:02:35:07:593][E][CNTNR:12272:14836] CSharedDataManager::GetFocusProcInfo: No valid process in focus
[05:02:35:07:593][E][CNTNR:12272:14836] CCaptureControl::GetCaptureProcInfo: GetFocusProcInfo failed(0x8004023A)
[05:02:35:07:593][E][CNTNR:12272:14836] CCaptureControl::GetParam: failed(cmd = 15) 0x8004023A
[05:02:35:07:593][E][CNTNR:12272:14836] CServerImpl::GetCaptureSessionParam: GetCaptureSessionParam Failed. 0x8004023A
[05:02:35:07:593][E][CNTNR:12272:14836] ShadowPlayServerPlugin::ProcessReceivedIpcMessage: m_pSPServer->GetCaptureSessionParam [0x8004023a]
[05:02:35:07:593][E][NODJS:25616:12060] CShadowPlayApi::GetCaptureSessionParam: fail hr[0x8004023a]
[05:02:35:07:596][R][SHARE:25640:24824] COverlayApi::GetFullscreenState: OUT(0x00000000) wxh[0 x 0] process[] dwm[0] borderless[0] fullscreen[0] IsHdrActive:0
[05:02:35:07:597][R][SHARE:25640:24824] COverlayApi::GetFullscreenState: OUT(0x00000000) wxh[0 x 0] process[] dwm[0] borderless[0] fullscreen[0] IsHdrActive:0
[05:02:35:07:598][R][NODJS:25616:27384] CShadowPlayApi::SetProperty: IN(CoPlayEnabled)
[05:02:35:07:598][R][CNTNR:12272:14836] CServerImpl::SetProperty: IN pArgs[0X4D46D250] property(CoPlayEnabled)
[05:02:35:07:598][R][CNTNR:12272:14836] CSettings::SetProperty: CoPlayEnabled
[05:02:35:07:598][R][CNTNR:12272:14836] enableCoPlay = False
[05:02:35:07:598][R][SHARE:25640:24824] COverlayApi::GetFullscreenState: OUT(0x00000000) wxh[0 x 0] process[] dwm[0] borderless[0] fullscreen[0] IsHdrActive:0
[05:02:35:07:598][R][SHARE:25640:24824] COverlayApi::SetInputRedirectionMode: mode[3] NumRects[0]
[05:02:35:07:649][R][SHARE:25640:24824] CShadowPlayApi::SetCaptureSessionParam: IN hSession(0XFFFFFFFF) uiCmd(20)
[05:02:35:07:650][R][CNTNR:12272:14836] CServerImpl::SetCaptureSessionParam: IN cmd(20) hSession(0XFFFFFFFF)
[05:02:35:07:650][R][CNTNR:12272:14836] CServerIpc::SetSP : IN(25640, 5)
[05:02:35:07:650][R][CNTNR:20628:18448] ShadowPlayServicePlugin::ProcessReceivedIpcMessage: ServiceMsgTypeSP PID(25640), P(5) hRes = 0x00000000
[05:02:35:07:651][R][SHARE:25640:24824] COverlayApi::SetSP: (25640, 5) 
[05:02:35:07:651][R][SHARE:25640:24824] CShadowPlayApi::SetCaptureSessionParam: IN hSession(0XFFFFFFFF) uiCmd(20)
[05:02:35:07:652][R][CNTNR:12272:14836] CServerImpl::SetCaptureSessionParam: IN cmd(20) hSession(0XFFFFFFFF)
[05:02:35:07:652][R][CNTNR:12272:14836] CServerIpc::SetSP : IN(19300, 5)
[05:02:35:07:653][R][CNTNR:20628:18448] ShadowPlayServicePlugin::ProcessReceivedIpcMessage: ServiceMsgTypeSP PID(19300), P(5) hRes = 0x00000000
[05:02:35:07:654][R][SHARE:25640:24824] COverlayApi::SetSP: (19300, 5) 
[05:02:35:07:703][R][NODJS:25616:26684] CShadowPlayApi::SetProperty: IN(DisplayWebcam)
[05:02:35:07:703][R][CNTNR:12272:14836] CServerImpl::SetProperty: IN pArgs[0X4D46E170] property(DisplayWebcam)
[05:02:35:07:703][R][CNTNR:12272:14836] CSettings::SetProperty: DisplayWebcam
[05:02:35:07:703][R][NODJS:25616:26684] CShadowPlayApi::SetProperty: IN(WebcamPosition)
[05:02:35:07:704][R][CNTNR:12272:14836] CServerImpl::SetProperty: IN pArgs[0X4D470740] property(WebcamPosition)
[05:02:35:07:704][R][CNTNR:12272:14836] CSettings::SetProperty: WebcamPosition
[05:02:35:07:704][R][CNTNR:12272:14836] WebcamPos = RightBottom
[05:02:35:07:704][R][CNTNR:12272:14836] CServerImpl::HandleSettingChange: IN msg(205) w(0x2) l(0x0)
[05:02:35:07:704][R][CNTNR:12272:14836] CCaptureControl::HandleEvent: IN(205, 2, 0)
[05:02:35:07:705][R][NODJS:25616:26684] CShadowPlayApi::SetProperty: IN(WebcamSize)
[05:02:35:07:705][R][CNTNR:12272:14836] CServerImpl::SetProperty: IN pArgs[0X4D46E900] property(WebcamSize)
[05:02:35:07:705][R][CNTNR:12272:14836] CSettings::SetProperty: WebcamSize
[05:02:35:07:705][R][CNTNR:12272:14836] WebcamSize = Small
[05:02:35:07:705][R][CNTNR:12272:14836] CServerImpl::HandleSettingChange: IN msg(206) w(0x1) l(0x0)
[05:02:35:07:705][R][CNTNR:12272:14836] CCaptureControl::HandleEvent: IN(206, 1, 0)
[05:02:35:07:722][R][NODJS:25616: 8924] CShadowPlayApi::SetCaptureSessionParam: IN hSession(0XFFFFFFFF) uiCmd(13)
[05:02:35:07:723][R][CNTNR:12272:14836] CServerImpl::SetCaptureSessionParam: IN cmd(13) hSession(0XFFFFFFFF)
[05:02:35:09:718][R][SHARE:25640:24824] COverlayApi::GetFullscreenState: OUT(0x00000000) wxh[0 x 0] process[] dwm[0] borderless[0] fullscreen[0] IsHdrActive:0
[05:02:35:09:729][E][CNTNR:12272:14836] CSharedDataManager::GetFocusProcInfo: No valid process in focus
[05:02:35:09:729][E][CNTNR:12272:14836] CCaptureControl::GetCaptureProcInfo: GetFocusProcInfo failed(0x8004023A)
[05:02:35:09:729][E][CNTNR:12272:14836] CCaptureControl::GetParam: failed(cmd = 15) 0x8004023A
[05:02:35:09:729][E][CNTNR:12272:14836] CServerImpl::GetCaptureSessionParam: GetCaptureSessionParam Failed. 0x8004023A
[05:02:35:09:731][E][CNTNR:12272:14836] ShadowPlayServerPlugin::ProcessReceivedIpcMessage: m_pSPServer->GetCaptureSessionParam [0x8004023a]
[05:02:35:09:731][E][NODJS:25616:28408] CShadowPlayApi::GetCaptureSessionParam: fail hr[0x8004023a]
[05:02:35:09:734][R][SHARE:25640:24824] COverlayApi::GetFullscreenState: OUT(0x00000000) wxh[0 x 0] process[] dwm[0] borderless[0] fullscreen[0] IsHdrActive:0
[05:02:35:10:413][R][NODJS:25616: 9956] CShadowPlayApi::SetCaptureSessionParam: IN hSession(0XFFFFFFFF) uiCmd(13)
[05:02:35:10:413][R][CNTNR:12272:14836] CServerImpl::SetCaptureSessionParam: IN cmd(13) hSession(0XFFFFFFFF)
[05:02:35:10:414][R][NODJS:25616: 7100] CShadowPlayApi::SetCaptureSessionParam: IN hSession(0XFFFFFFFF) uiCmd(13)
[05:02:35:10:414][R][CNTNR:12272:14836] CServerImpl::SetCaptureSessionParam: IN cmd(13) hSession(0XFFFFFFFF)
[05:02:35:10:758][R][NODJS:25616:18924] CShadowPlayApi::SetCaptureSessionParam: IN hSession(0XFFFFFFFF) uiCmd(13)
[05:02:35:10:759][R][CNTNR:12272:14836] CServerImpl::SetCaptureSessionParam: IN cmd(13) hSession(0XFFFFFFFF)
[05:02:35:10:760][R][NODJS:25616:22660] CShadowPlayApi::SetCaptureSessionParam: IN hSession(0XFFFFFFFF) uiCmd(13)
[05:02:35:10:760][R][CNTNR:12272:14836] CServerImpl::SetCaptureSessionParam: IN cmd(13) hSession(0XFFFFFFFF)
[05:02:35:11:105][R][SHARE:25640:24824] COverlayApi::GetFullscreenState: OUT(0x00000000) wxh[0 x 0] process[] dwm[0] borderless[0] fullscreen[0] IsHdrActive:0
[05:02:35:11:219][R][NODJS:25616:27596] CShadowPlayApi::SetCaptureSessionParam: IN hSession(0XFFFFFFFF) uiCmd(13)
[05:02:35:11:219][R][CNTNR:12272:14836] CServerImpl::SetCaptureSessionParam: IN cmd(13) hSession(0XFFFFFFFF)
[05:02:35:11:219][R][NODJS:25616:15320] CShadowPlayApi::SetCaptureSessionParam: IN hSession(0XFFFFFFFF) uiCmd(13)
[05:02:35:11:221][R][CNTNR:12272:14836] CServerImpl::SetCaptureSessionParam: IN cmd(13) hSession(0XFFFFFFFF)
[05:02:35:12:920][R][NODJS:25616: 9492] CShadowPlayApi::SetCaptureSessionParam: IN hSession(0XFFFFFFFF) uiCmd(13)
[05:02:35:12:921][R][CNTNR:12272:14836] CServerImpl::SetCaptureSessionParam: IN cmd(13) hSession(0XFFFFFFFF)
[05:02:35:12:922][R][NODJS:25616:17800] CShadowPlayApi::SetCaptureSessionParam: IN hSession(0XFFFFFFFF) uiCmd(13)
[05:02:35:12:922][R][CNTNR:12272:14836] CServerImpl::SetCaptureSessionParam: IN cmd(13) hSession(0XFFFFFFFF)
[05:02:35:13:195][R][SHARE:25640:24824] COverlayApi::GetFullscreenState: OUT(0x00000000) wxh[0 x 0] process[] dwm[0] borderless[0] fullscreen[0] IsHdrActive:0
[05:02:35:21:525][R][NODJS:25616:28348] CShadowPlayApi::SetCaptureSessionParam: IN hSession(0XFFFFFFFF) uiCmd(13)
[05:02:35:21:525][R][CNTNR:12272:14836] CServerImpl::SetCaptureSessionParam: IN cmd(13) hSession(0XFFFFFFFF)
[05:02:35:21:526][R][NODJS:25616:23432] CShadowPlayApi::SetCaptureSessionParam: IN hSession(0XFFFFFFFF) uiCmd(13)
[05:02:35:21:526][R][CNTNR:12272:14836] CServerImpl::SetCaptureSessionParam: IN cmd(13) hSession(0XFFFFFFFF)
[05:02:35:21:609][E][CNTNR:12272:14836] CSharedDataManager::GetFocusProcInfo: No valid process in focus
[05:02:35:21:609][E][CNTNR:12272:14836] CCaptureControl::GetCaptureProcInfo: GetFocusProcInfo failed(0x8004023A)
[05:02:35:21:609][E][CNTNR:12272:14836] CCaptureControl::GetParam: failed(cmd = 15) 0x8004023A
[05:02:35:21:609][E][CNTNR:12272:14836] CServerImpl::GetCaptureSessionParam: GetCaptureSessionParam Failed. 0x8004023A
[05:02:35:21:609][E][CNTNR:12272:14836] ShadowPlayServerPlugin::ProcessReceivedIpcMessage: m_pSPServer->GetCaptureSessionParam [0x8004023a]
[05:02:35:21:611][E][NODJS:25616: 4848] CShadowPlayApi::GetCaptureSessionParam: fail hr[0x8004023a]
[05:02:35:21:620][R][SHARE:25640:24824] COverlayApi::GetFullscreenState: OUT(0x00000000) wxh[0 x 0] process[] dwm[0] borderless[0] fullscreen[0] IsHdrActive:0
[05:02:35:22:163][R][NODJS:25616:25140] CShadowPlayApi::SetProperty: IN(DisplayWebcam)
[05:02:35:22:164][R][CNTNR:12272:14836] CServerImpl::SetProperty: IN pArgs[0X4D73FE20] property(DisplayWebcam)
[05:02:35:22:164][R][CNTNR:12272:14836] CSettings::SetProperty: DisplayWebcam
[05:02:35:22:164][R][NODJS:25616:25140] CShadowPlayApi::SetProperty: IN(WebcamPosition)
[05:02:35:22:165][R][CNTNR:12272:14836] CServerImpl::SetProperty: IN pArgs[0X4D7414D0] property(WebcamPosition)
[05:02:35:22:165][R][CNTNR:12272:14836] CSettings::SetProperty: WebcamPosition
[05:02:35:22:165][R][CNTNR:12272:14836] WebcamPos = RightBottom
[05:02:35:22:165][R][CNTNR:12272:14836] CServerImpl::HandleSettingChange: IN msg(205) w(0x2) l(0x0)
[05:02:35:22:165][R][CNTNR:12272:14836] CCaptureControl::HandleEvent: IN(205, 2, 0)
[05:02:35:22:166][R][NODJS:25616:25140] CShadowPlayApi::SetProperty: IN(WebcamSize)
[05:02:35:22:166][R][CNTNR:12272:14836] CServerImpl::SetProperty: IN pArgs[0X4D73EF00] property(WebcamSize)
[05:02:35:22:166][R][CNTNR:12272:14836] CSettings::SetProperty: WebcamSize
[05:02:35:22:167][R][CNTNR:12272:14836] WebcamSize = Small
[05:02:35:22:167][R][CNTNR:12272:14836] CServerImpl::HandleSettingChange: IN msg(206) w(0x1) l(0x0)
[05:02:35:22:167][R][CNTNR:12272:14836] CCaptureControl::HandleEvent: IN(206, 1, 0)
[05:02:35:22:170][R][NODJS:25616:27956] CShadowPlayApi::SetCaptureSessionParam: IN hSession(0XFFFFFFFF) uiCmd(13)
[05:02:35:22:170][R][CNTNR:12272:14836] CServerImpl::SetCaptureSessionParam: IN cmd(13) hSession(0XFFFFFFFF)
[05:02:35:23:131][R][NODJS:25616: 9072] CShadowPlayApi::SetCaptureSessionParam: IN hSession(0XFFFFFFFF) uiCmd(13)
[05:02:35:23:131][R][CNTNR:12272:14836] CServerImpl::SetCaptureSessionParam: IN cmd(13) hSession(0XFFFFFFFF)
[05:02:35:23:132][R][NODJS:25616:14072] CShadowPlayApi::SetCaptureSessionParam: IN hSession(0XFFFFFFFF) uiCmd(13)
[05:02:35:23:134][R][CNTNR:12272:14836] CServerImpl::SetCaptureSessionParam: IN cmd(13) hSession(0XFFFFFFFF)
[05:02:35:26:595][R][NODJS:25616:19120] CShadowPlayApi::SetProperty: IN(DisplayWebcam)
[05:02:35:26:595][R][CNTNR:12272:14836] CServerImpl::SetProperty: IN pArgs[0X4D740D40] property(DisplayWebcam)
[05:02:35:26:595][R][CNTNR:12272:14836] CSettings::SetProperty: DisplayWebcam
[05:02:35:26:596][R][NODJS:25616:19120] CShadowPlayApi::SetProperty: IN(WebcamPosition)
[05:02:35:26:596][R][NODJS:25616: 8588] CShadowPlayApi::SetCaptureSessionParam: IN hSession(0XFFFFFFFF) uiCmd(13)
[05:02:35:26:597][R][CNTNR:12272:14836] CServerImpl::SetProperty: IN pArgs[0X4D740D40] property(WebcamPosition)
[05:02:35:26:597][R][CNTNR:12272:14836] CSettings::SetProperty: WebcamPosition
[05:02:35:26:597][R][CNTNR:12272:14836] WebcamPos = RightBottom
[05:02:35:26:597][R][CNTNR:12272:14836] CServerImpl::HandleSettingChange: IN msg(205) w(0x2) l(0x0)
[05:02:35:26:597][R][CNTNR:12272:14836] CCaptureControl::HandleEvent: IN(205, 2, 0)
[05:02:35:26:598][R][NODJS:25616:19120] CShadowPlayApi::SetProperty: IN(WebcamSize)
[05:02:35:26:598][R][CNTNR:12272:14836] CServerImpl::SetCaptureSessionParam: IN cmd(13) hSession(0XFFFFFFFF)
[05:02:35:26:598][R][CNTNR:12272:14836] CServerImpl::SetProperty: IN pArgs[0X4D7414D0] property(WebcamSize)
[05:02:35:26:598][R][CNTNR:12272:14836] CSettings::SetProperty: WebcamSize
[05:02:35:26:598][R][CNTNR:12272:14836] WebcamSize = Small
[05:02:35:26:598][R][CNTNR:12272:14836] CServerImpl::HandleSettingChange: IN msg(206) w(0x1) l(0x0)
[05:02:35:26:598][R][CNTNR:12272:14836] CCaptureControl::HandleEvent: IN(206, 1, 0)
[05:02:35:28:058][R][SHARE:25640:24824] COverlayApi::GetFullscreenState: OUT(0x00000000) wxh[0 x 0] process[] dwm[0] borderless[0] fullscreen[0] IsHdrActive:0
[05:02:35:28:081][R][NODJS:25616:21496] CShadowPlayApi::CaptureSessionControl: IN hSession(0X13C4AE787D0) eControlCmd(1)
[05:02:35:28:082][R][CNTNR:12272:14836] CServerImpl::CaptureSessionControl: IN pArgs[0X4D7414D0] hSession(0X13C4AE787D0) cmd: (START_MANUAL) controller: (OSCUI)
[05:02:35:30:604][E][CNTNR:12272:14836] CCaptureSession::RefreshSettings: EvaluateCaptureProcess failed 0x80004005
[05:02:35:30:604][E][CNTNR:12272:14836] CCaptureSession::StartManualCapture: RefreshSettings failed 0x80004005
[05:02:35:30:604][E][CNTNR:12272:14836] CCaptureSession::CaptureControlRecord: failed(1) 0x80004005
[05:02:35:30:604][E][CNTNR:12272:14836] CCaptureControl::CaptureSessionControl: Session CaptureControl failed 0x80004005
[05:02:35:30:604][E][CNTNR:12272:14836] CServerImpl::CaptureSessionControl: Failed. pArgs[0X4D7414D0] hr[0X80004005]
[05:02:35:30:604][E][CNTNR:12272:14836] ShadowPlayServerPlugin::ProcessReceivedIpcMessage: m_pSPServer->CaptureSessionControl [0x80004005]
[05:02:35:30:604][E][NODJS:25616:21496] CShadowPlayApi::CaptureSessionControl: fail hr[0x80004005]
[05:02:35:30:604][R][NODJS:25616:21496] CShadowPlayApi::CaptureSessionControl: OUT
[05:02:35:30:676][R][NODJS:25616:27828] CShadowPlayApi::SetProperty: IN(DisplayWebcam)
[05:02:35:30:676][R][CNTNR:12272:14836] CServerImpl::SetProperty: IN pArgs[0X4D73F690] property(DisplayWebcam)
[05:02:35:30:676][R][CNTNR:12272:14836] CSettings::SetProperty: DisplayWebcam
[05:02:35:30:677][R][NODJS:25616:27828] CShadowPlayApi::SetProperty: IN(WebcamPosition)
[05:02:35:30:678][R][CNTNR:12272:14836] CServerImpl::SetProperty: IN pArgs[0X4D740D40] property(WebcamPosition)
[05:02:35:30:678][R][CNTNR:12272:14836] CSettings::SetProperty: WebcamPosition
[05:02:35:30:678][R][CNTNR:12272:14836] WebcamPos = RightBottom
[05:02:35:30:678][R][NODJS:25616:18924] CShadowPlayApi::SetCaptureSessionParam: IN hSession(0XFFFFFFFF) uiCmd(13)
[05:02:35:30:678][R][CNTNR:12272:14836] CServerImpl::HandleSettingChange: IN msg(205) w(0x2) l(0x0)
[05:02:35:30:678][R][CNTNR:12272:14836] CCaptureControl::HandleEvent: IN(205, 2, 0)
[05:02:35:30:678][R][NODJS:25616:27828] CShadowPlayApi::SetProperty: IN(WebcamSize)
[05:02:35:30:680][R][CNTNR:12272:14836] CServerImpl::SetProperty: IN pArgs[0X4D740D40] property(WebcamSize)
[05:02:35:30:680][R][CNTNR:12272:14836] CSettings::SetProperty: WebcamSize
[05:02:35:30:680][R][CNTNR:12272:14836] WebcamSize = Small
[05:02:35:30:680][R][CNTNR:12272:14836] CServerImpl::HandleSettingChange: IN msg(206) w(0x1) l(0x0)
[05:02:35:30:680][R][CNTNR:12272:14836] CCaptureControl::HandleEvent: IN(206, 1, 0)
[05:02:35:30:681][R][CNTNR:12272:14836] CServerImpl::SetCaptureSessionParam: IN cmd(13) hSession(0XFFFFFFFF)
[05:02:35:30:819][R][HELPR:13504: 2204] CShadowPlayHelper::ProcessWindowMessges: WMHK 7
[05:02:35:30:819][R][NODJS:25616:17344] CShadowPlayHotkeyReceiver::PluginCallback: Received message 7
[05:02:35:30:833][R][NODJS:25616:18304] CShadowPlayApi::SetCaptureSessionParam: IN hSession(0XFFFFFFFF) uiCmd(13)
[05:02:35:30:833][R][CNTNR:12272:14836] CServerImpl::SetCaptureSessionParam: IN cmd(13) hSession(0XFFFFFFFF)
[05:02:35:30:833][R][SHARE:25640:24824] CShadowPlayApi::SetCaptureSessionParam: IN hSession(0XFFFFFFFF) uiCmd(20)
[05:02:35:30:834][R][CNTNR:12272:14836] CServerImpl::SetCaptureSessionParam: IN cmd(20) hSession(0XFFFFFFFF)
[05:02:35:30:834][R][CNTNR:12272:14836] CServerIpc::SetSP : IN(25640, 2)
[05:02:35:30:834][R][NODJS:25616:21848] CShadowPlayApi::SetCaptureSessionParam: IN hSession(0XFFFFFFFF) uiCmd(13)
[05:02:35:30:835][R][CNTNR:20628:18448] ShadowPlayServicePlugin::ProcessReceivedIpcMessage: ServiceMsgTypeSP PID(25640), P(2) hRes = 0x00000000
[05:02:35:30:836][R][CNTNR:12272:14836] CServerImpl::SetCaptureSessionParam: IN cmd(13) hSession(0XFFFFFFFF)
[05:02:35:30:836][R][SHARE:25640:24824] COverlayApi::SetSP: (25640, 2) 
[05:02:35:30:836][R][SHARE:25640:24824] CShadowPlayApi::SetCaptureSessionParam: IN hSession(0XFFFFFFFF) uiCmd(20)
[05:02:35:30:837][R][CNTNR:12272:14836] CServerImpl::SetCaptureSessionParam: IN cmd(20) hSession(0XFFFFFFFF)
[05:02:35:30:837][R][CNTNR:12272:14836] CServerIpc::SetSP : IN(19300, 2)
[05:02:35:30:837][R][CNTNR:20628:18448] ShadowPlayServicePlugin::ProcessReceivedIpcMessage: ServiceMsgTypeSP PID(19300), P(2) hRes = 0x00000000
[05:02:35:30:838][R][SHARE:25640:24824] COverlayApi::SetSP: (19300, 2) 
[05:02:35:30:839][R][SHARE:25640:24824] COverlayApi::GetFullscreenState: OUT(0x00000000) wxh[0 x 0] process[] dwm[0] borderless[0] fullscreen[0] IsHdrActive:0
[05:02:35:30:864][R][SHARE:25640:24824] COverlayApi::SetInputRedirectionMode: mode[4] NumRects[0]
[05:02:35:44:168][R][HELPR:13504: 2204] CShadowPlayHelper::ProcessWindowMessges: WMHK 7
[05:02:35:44:168][R][NODJS:25616:17344] CShadowPlayHotkeyReceiver::PluginCallback: Received message 7
[05:02:35:44:485][E][CNTNR:12272:14836] CSharedDataManager::GetFocusProcInfo: No valid process in focus
[05:02:35:44:485][E][CNTNR:12272:14836] CCaptureControl::GetCaptureProcInfo: GetFocusProcInfo failed(0x8004023A)
[05:02:35:44:485][E][CNTNR:12272:14836] CCaptureControl::GetParam: failed(cmd = 15) 0x8004023A
[05:02:35:44:485][E][CNTNR:12272:14836] CServerImpl::GetCaptureSessionParam: GetCaptureSessionParam Failed. 0x8004023A
[05:02:35:44:485][E][CNTNR:12272:14836] ShadowPlayServerPlugin::ProcessReceivedIpcMessage: m_pSPServer->GetCaptureSessionParam [0x8004023a]
[05:02:35:44:485][E][NODJS:25616: 9492] CShadowPlayApi::GetCaptureSessionParam: fail hr[0x8004023a]
[05:02:35:44:488][R][SHARE:25640:24824] COverlayApi::GetFullscreenState: OUT(0x00000000) wxh[0 x 0] process[] dwm[0] borderless[0] fullscreen[0] IsHdrActive:0
[05:02:35:44:489][R][SHARE:25640:24824] COverlayApi::GetFullscreenState: OUT(0x00000000) wxh[0 x 0] process[] dwm[0] borderless[0] fullscreen[0] IsHdrActive:0
[05:02:35:44:489][R][SHARE:25640:24824] COverlayApi::SetInputRedirectionMode: mode[3] NumRects[0]
[05:02:35:44:493][R][NODJS:25616:17800] CShadowPlayApi::SetProperty: IN(CoPlayEnabled)
[05:02:35:44:493][R][CNTNR:12272:14836] CServerImpl::SetProperty: IN pArgs[0X4D73EF00] property(CoPlayEnabled)
[05:02:35:44:493][R][CNTNR:12272:14836] CSettings::SetProperty: CoPlayEnabled
[05:02:35:44:493][R][CNTNR:12272:14836] enableCoPlay = False
[05:02:35:44:547][R][SHARE:25640:24824] CShadowPlayApi::SetCaptureSessionParam: IN hSession(0XFFFFFFFF) uiCmd(20)
[05:02:35:44:547][R][CNTNR:12272:14836] CServerImpl::SetCaptureSessionParam: IN cmd(20) hSession(0XFFFFFFFF)
[05:02:35:44:547][R][CNTNR:12272:14836] CServerIpc::SetSP : IN(25640, 5)
[05:02:35:44:551][R][CNTNR:20628:18448] ShadowPlayServicePlugin::ProcessReceivedIpcMessage: ServiceMsgTypeSP PID(25640), P(5) hRes = 0x00000000
[05:02:35:44:552][R][SHARE:25640:24824] COverlayApi::SetSP: (25640, 5) 
[05:02:35:44:552][R][SHARE:25640:24824] CShadowPlayApi::SetCaptureSessionParam: IN hSession(0XFFFFFFFF) uiCmd(20)
[05:02:35:44:553][R][CNTNR:12272:14836] CServerImpl::SetCaptureSessionParam: IN cmd(20) hSession(0XFFFFFFFF)
[05:02:35:44:553][R][CNTNR:12272:14836] CServerIpc::SetSP : IN(19300, 5)
[05:02:35:44:554][R][CNTNR:20628:18448] ShadowPlayServicePlugin::ProcessReceivedIpcMessage: ServiceMsgTypeSP PID(19300), P(5) hRes = 0x00000000
[05:02:35:44:555][R][SHARE:25640:24824] COverlayApi::SetSP: (19300, 5) 
[05:02:35:44:596][R][NODJS:25616:14072] CShadowPlayApi::SetProperty: IN(DisplayWebcam)
[05:02:35:44:596][R][CNTNR:12272:14836] CServerImpl::SetProperty: IN pArgs[0X4D73FE20] property(DisplayWebcam)
[05:02:35:44:596][R][CNTNR:12272:14836] CSettings::SetProperty: DisplayWebcam
[05:02:35:44:596][R][NODJS:25616:14072] CShadowPlayApi::SetProperty: IN(WebcamPosition)
[05:02:35:44:598][R][CNTNR:12272:14836] CServerImpl::SetProperty: IN pArgs[0X4D7405B0] property(WebcamPosition)
[05:02:35:44:598][R][CNTNR:12272:14836] CSettings::SetProperty: WebcamPosition
[05:02:35:44:598][R][CNTNR:12272:14836] WebcamPos = RightBottom
[05:02:35:44:598][R][CNTNR:12272:14836] CServerImpl::HandleSettingChange: IN msg(205) w(0x2) l(0x0)
[05:02:35:44:598][R][CNTNR:12272:14836] CCaptureControl::HandleEvent: IN(205, 2, 0)
[05:02:35:44:598][R][NODJS:25616:14072] CShadowPlayApi::SetProperty: IN(WebcamSize)
[05:02:35:44:599][R][CNTNR:12272:14836] CServerImpl::SetProperty: IN pArgs[0X4D73DFE0] property(WebcamSize)
[05:02:35:44:599][R][CNTNR:12272:14836] CSettings::SetProperty: WebcamSize
[05:02:35:44:599][R][CNTNR:12272:14836] WebcamSize = Small
[05:02:35:44:599][R][CNTNR:12272:14836] CServerImpl::HandleSettingChange: IN msg(206) w(0x1) l(0x0)
[05:02:35:44:599][R][CNTNR:12272:14836] CCaptureControl::HandleEvent: IN(206, 1, 0)
[05:02:35:44:618][R][NODJS:25616:12144] CShadowPlayApi::SetCaptureSessionParam: IN hSession(0XFFFFFFFF) uiCmd(13)
[05:02:35:44:618][R][CNTNR:12272:14836] CServerImpl::SetCaptureSessionParam: IN cmd(13) hSession(0XFFFFFFFF)
[05:02:35:47:364][R][NODJS:25616:12340] CShadowPlayApi::SetProperty: IN(ToggleHotKeyDetection)
[05:02:35:47:364][R][CNTNR:12272:14836] CServerImpl::SetProperty: IN pArgs[0X4D73F690] property(ToggleHotKeyDetection)
[05:02:35:47:370][R][NODJS:25616:18164] CShadowPlayApi::GetHotkeyProperty: reg read failed, falling back to default value
[05:02:35:47:370][R][NODJS:25616:18164] CShadowPlayApi::GetHotkeyProperty: invalid key index[2]
[05:02:35:47:379][E][NODJS:25616:13916] CShadowPlayApi::GetProperty: FAIL[0x80040222] name MicToggleHKey3
[05:02:35:47:381][E][NODJS:25616: 8588] CShadowPlayApi::GetProperty: FAIL[0x80040222] name FSToggleHKey0
[05:02:35:47:386][E][NODJS:25616:19120] CShadowPlayApi::GetProperty: FAIL[0x80040222] name FSPresetHKey3
[05:02:35:47:387][E][NODJS:25616: 8924] CShadowPlayApi::GetProperty: FAIL[0x80040222] name FSUIHKeyV12
[05:02:35:47:393][E][NODJS:25616:20536] CShadowPlayApi::GetProperty: FAIL[0x80040222] name IRToggleHKey3
[05:02:35:47:403][E][NODJS:25616:26120] CShadowPlayApi::GetProperty: FAIL[0x80040222] name CustomOverlayAHKey1
[05:02:35:47:403][E][NODJS:25616:12184] CShadowPlayApi::GetProperty: FAIL[0x80040222] name CustomOverlayBHKey0
[05:02:35:47:408][E][NODJS:25616:21568] CShadowPlayApi::GetProperty: FAIL[0x80040222] name CustomOverlayCHKey0
[05:02:35:47:408][E][NODJS:25616:28408] CShadowPlayApi::GetProperty: FAIL[0x80040222] name PMOCSidebarHKey0
[05:02:35:47:413][E][NODJS:25616: 7100] CShadowPlayApi::GetProperty: FAIL[0x80040222] name PMOCResetAverageMetricsHKey0
[05:02:35:47:414][E][NODJS:25616: 8944] CShadowPlayApi::GetProperty: FAIL[0x80040222] name PMOCLoggingToggleHKey0
[05:02:35:47:415][E][NODJS:25616: 9956] CShadowPlayApi::GetProperty: FAIL[0x80040222] name PMOCOverlayCycleHKey3
[05:02:35:50:038][R][NODJS:25616:26028] CShadowPlayApi::GetHotkeyProperty: reg read failed, falling back to default value
[05:02:35:50:038][R][NODJS:25616:26028] CShadowPlayApi::GetHotkeyProperty: invalid key index[2]
[05:02:35:50:052][E][NODJS:25616:26028] CShadowPlayApi::GetProperty: FAIL[0x80040222] name CustomOverlayAHKey1
[05:02:35:50:053][E][NODJS:25616:26028] CShadowPlayApi::GetProperty: FAIL[0x80040222] name CustomOverlayBHKey0
[05:02:35:50:053][E][NODJS:25616:26028] CShadowPlayApi::GetProperty: FAIL[0x80040222] name CustomOverlayCHKey0
[05:02:35:50:058][E][NODJS:25616:26028] CShadowPlayApi::GetProperty: FAIL[0x80040222] name IRToggleHKey3
[05:02:35:50:059][E][NODJS:25616:26028] CShadowPlayApi::GetProperty: FAIL[0x80040222] name MicToggleHKey3
[05:02:35:50:062][E][NODJS:25616:26028] CShadowPlayApi::GetProperty: FAIL[0x80040222] name FSToggleHKey0
[05:02:35:50:064][E][NODJS:25616:26028] CShadowPlayApi::GetProperty: FAIL[0x80040222] name FSPresetHKey3
[05:02:35:50:065][E][NODJS:25616:26028] CShadowPlayApi::GetProperty: FAIL[0x80040222] name FSUIHKeyV12
[05:02:35:50:065][E][NODJS:25616:26028] CShadowPlayApi::GetProperty: FAIL[0x80040222] name FSPresetStyle1HKey0
[05:02:35:50:066][E][NODJS:25616:26028] CShadowPlayApi::GetProperty: FAIL[0x80040222] name FSPresetStyle2HKey0
[05:02:35:50:066][E][NODJS:25616:26028] CShadowPlayApi::GetProperty: FAIL[0x80040222] name FSPresetStyle3HKey0
[05:02:35:50:066][E][NODJS:25616:26028] CShadowPlayApi::GetProperty: FAIL[0x80040222] name NativeKeyboardInputDialogHKey0
[05:02:35:50:067][E][NODJS:25616:26028] CShadowPlayApi::GetProperty: FAIL[0x80040222] name PMOCSidebarHKey0
[05:02:35:50:070][E][NODJS:25616:26028] CShadowPlayApi::GetProperty: FAIL[0x80040222] name PMOCOverlayCycleHKey3
[05:02:35:50:070][E][NODJS:25616:26028] CShadowPlayApi::GetProperty: FAIL[0x80040222] name PMOCResetAverageMetricsHKey0
[05:02:35:50:071][E][NODJS:25616:26028] CShadowPlayApi::GetProperty: FAIL[0x80040222] name PMOCLoggingToggleHKey0
[05:02:35:50:093][R][NODJS:25616:27828] CShadowPlayApi::SetProperty: IN(GFEOverlayHKeyV20)
[05:02:35:50:093][R][CNTNR:12272:14836] CServerImpl::SetProperty: IN pArgs[0X4D740D40] property(GFEOverlayHKeyV20)
[05:02:35:50:093][R][CNTNR:12272:14836] CSettings::SetProperty: GFEOverlayHKeyV20
[05:02:35:50:094][R][CNTNR:12272:14836] CServerImpl::HandleSettingChange: IN msg(215) w(0x0) l(0x0)
[05:02:35:50:094][R][CNTNR:12272:14836] CCaptureControl::HandleEvent: IN(215, 0, 0)
[05:02:35:50:094][E][CNTNR:12272:14836] CCaptureSession::HandleEvent: 215 event handling failed. 0x80070057
[05:02:35:50:094][E][CNTNR:12272:14836] CCaptureControl::HandleEvent: sessions[0] HandleEvent failed uiMsg(215) 0x80070057
[05:02:35:50:094][E][CNTNR:12272:14836] CServerImpl::HandleSettingChange: HandleEvent failed(msg = 215)! 0x80070057
[05:02:35:50:094][E][CNTNR:12272:14836] CSettings::OnSettingChange: m_pfnSettingChangeCb(uiMsg = 215) failed(0x80070057)
[05:02:35:50:094][E][CNTNR:12272:14836] CSettings::SetProperty: Failed to process OSC hotkey change event.
[05:02:35:50:094][R][NODJS:25616: 2132] CShadowPlayNotifications::EnqueueNotification: uMsg(0x90D), wParam(0x0), lParam(0x0) dwData(0x0)
[05:02:35:50:094][R][NODJS:25616:21140] CShadowPlayNotifications::HandleNotificationMessage: msg(2317) lparam(0) wparam(0)
[05:02:35:50:094][R][NODJS:25616:27828] CShadowPlayApi::SetProperty: IN(GFEOverlayHKeyV21)
[05:02:35:50:094][R][CNTNR:12272:14836] CServerImpl::SetProperty: IN pArgs[0X4D73EF00] property(GFEOverlayHKeyV21)
[05:02:35:50:094][R][CNTNR:12272:14836] CSettings::SetProperty: GFEOverlayHKeyV21
[05:02:35:50:094][R][CNTNR:12272:14836] CServerImpl::HandleSettingChange: IN msg(215) w(0x0) l(0x0)
[05:02:35:50:094][R][CNTNR:12272:14836] CCaptureControl::HandleEvent: IN(215, 0, 0)
[05:02:35:50:094][R][NODJS:25616: 2132] CShadowPlayNotifications::EnqueueNotification: uMsg(0x90D), wParam(0x0), lParam(0x0) dwData(0x0)
[05:02:35:50:094][E][CNTNR:12272:14836] CCaptureSession::HandleEvent: 215 event handling failed. 0x80070057
[05:02:35:50:094][E][CNTNR:12272:14836] CCaptureControl::HandleEvent: sessions[0] HandleEvent failed uiMsg(215) 0x80070057
[05:02:35:50:094][E][CNTNR:12272:14836] CServerImpl::HandleSettingChange: HandleEvent failed(msg = 215)! 0x80070057
[05:02:35:50:094][E][CNTNR:12272:14836] CSettings::OnSettingChange: m_pfnSettingChangeCb(uiMsg = 215) failed(0x80070057)
[05:02:35:50:094][R][NODJS:25616:21140] CShadowPlayNotifications::HandleNotificationMessage: msg(2317) lparam(0) wparam(0)
[05:02:35:50:094][E][CNTNR:12272:14836] CSettings::SetProperty: Failed to process OSC hotkey change event.
[05:02:35:50:095][R][NODJS:25616:27828] CShadowPlayApi::SetProperty: IN(HotKeyChanged)
[05:02:35:50:095][R][CNTNR:12272:14836] CServerImpl::SetProperty: IN pArgs[0X4D740D40] property(HotKeyChanged)
[05:02:35:50:096][R][HELPR:13504: 2204] CShadowPlayHelper::UWPSetOSCDismissHotKeys: [2] eSPHKID_OSC Hotkeys set for UWP
[05:02:35:50:099][R][NODJS:25616:18924] CShadowPlayApi::GetHotkeyProperty: reg read failed, falling back to default value
[05:02:35:50:099][R][NODJS:25616:18924] CShadowPlayApi::GetHotkeyProperty: invalid key index[2]
[05:02:35:50:538][R][NODJS:25616:22660] CShadowPlayApi::SetProperty: IN(ToggleHotKeyDetection)
[05:02:35:50:538][R][CNTNR:12272:14836] CServerImpl::SetProperty: IN pArgs[0X4D73EF00] property(ToggleHotKeyDetection)
[05:02:35:50:917][R][NODJS:25616:13020] CShadowPlayApi::SetProperty: IN(DisplayWebcam)
[05:02:35:50:917][R][CNTNR:12272:14836] CServerImpl::SetProperty: IN pArgs[0X4D7414D0] property(DisplayWebcam)
[05:02:35:50:917][R][CNTNR:12272:14836] CSettings::SetProperty: DisplayWebcam
[05:02:35:50:918][R][NODJS:25616:13020] CShadowPlayApi::SetProperty: IN(WebcamPosition)
[05:02:35:50:919][R][CNTNR:12272:14836] CServerImpl::SetProperty: IN pArgs[0X4D73EF00] property(WebcamPosition)
[05:02:35:50:919][R][CNTNR:12272:14836] CSettings::SetProperty: WebcamPosition
[05:02:35:50:919][R][CNTNR:12272:14836] WebcamPos = RightBottom
[05:02:35:50:919][R][CNTNR:12272:14836] CServerImpl::HandleSettingChange: IN msg(205) w(0x2) l(0x0)
[05:02:35:50:919][R][CNTNR:12272:14836] CCaptureControl::HandleEvent: IN(205, 2, 0)
[05:02:35:50:920][R][NODJS:25616:13020] CShadowPlayApi::SetProperty: IN(WebcamSize)
[05:02:35:50:922][R][CNTNR:12272:14836] CServerImpl::SetProperty: IN pArgs[0X4D7405B0] property(WebcamSize)
[05:02:35:50:922][R][CNTNR:12272:14836] CSettings::SetProperty: WebcamSize
[05:02:35:50:922][R][CNTNR:12272:14836] WebcamSize = Small
[05:02:35:50:922][R][CNTNR:12272:14836] CServerImpl::HandleSettingChange: IN msg(206) w(0x1) l(0x0)
[05:02:35:50:922][R][CNTNR:12272:14836] CCaptureControl::HandleEvent: IN(206, 1, 0)
[05:02:35:50:923][R][NODJS:25616:17800] CShadowPlayApi::SetCaptureSessionParam: IN hSession(0XFFFFFFFF) uiCmd(13)
[05:02:35:50:924][R][CNTNR:12272:14836] CServerImpl::SetCaptureSessionParam: IN cmd(13) hSession(0XFFFFFFFF)
[05:02:35:51:130][R][HELPR:13504: 2204] CShadowPlayHelper::ProcessWindowMessges: WMHK 7
[05:02:35:51:130][R][NODJS:25616:17344] CShadowPlayHotkeyReceiver::PluginCallback: Received message 7
[05:02:35:51:142][R][NODJS:25616: 4720] CShadowPlayApi::SetCaptureSessionParam: IN hSession(0XFFFFFFFF) uiCmd(13)
[05:02:35:51:142][R][CNTNR:12272:14836] CServerImpl::SetCaptureSessionParam: IN cmd(13) hSession(0XFFFFFFFF)
[05:02:35:51:142][R][SHARE:25640:24824] CShadowPlayApi::SetCaptureSessionParam: IN hSession(0XFFFFFFFF) uiCmd(20)
[05:02:35:51:143][R][NODJS:25616: 2080] CShadowPlayApi::SetCaptureSessionParam: IN hSession(0XFFFFFFFF) uiCmd(13)
[05:02:35:51:143][R][CNTNR:12272:14836] CServerImpl::SetCaptureSessionParam: IN cmd(20) hSession(0XFFFFFFFF)
[05:02:35:51:143][R][CNTNR:12272:14836] CServerIpc::SetSP : IN(25640, 2)
[05:02:35:51:146][R][CNTNR:20628:18448] ShadowPlayServicePlugin::ProcessReceivedIpcMessage: ServiceMsgTypeSP PID(25640), P(2) hRes = 0x00000000
[05:02:35:51:146][R][CNTNR:12272:14836] CServerImpl::SetCaptureSessionParam: IN cmd(13) hSession(0XFFFFFFFF)
[05:02:35:51:147][R][SHARE:25640:24824] COverlayApi::SetSP: (25640, 2) 
[05:02:35:51:147][R][SHARE:25640:24824] CShadowPlayApi::SetCaptureSessionParam: IN hSession(0XFFFFFFFF) uiCmd(20)
[05:02:35:51:147][R][CNTNR:12272:14836] CServerImpl::SetCaptureSessionParam: IN cmd(20) hSession(0XFFFFFFFF)
[05:02:35:51:147][R][CNTNR:12272:14836] CServerIpc::SetSP : IN(19300, 2)
[05:02:35:51:148][R][CNTNR:20628:18448] ShadowPlayServicePlugin::ProcessReceivedIpcMessage: ServiceMsgTypeSP PID(19300), P(2) hRes = 0x00000000
[05:02:35:51:148][R][SHARE:25640:24824] COverlayApi::SetSP: (19300, 2) 
[05:02:35:51:150][R][SHARE:25640:24824] COverlayApi::GetFullscreenState: OUT(0x00000000) wxh[0 x 0] process[] dwm[0] borderless[0] fullscreen[0] IsHdrActive:0
[05:02:35:51:171][R][SHARE:25640:24824] COverlayApi::SetInputRedirectionMode: mode[4] NumRects[0]
[05:02:35:51:506][R][HELPR:13504: 2204] CShadowPlayHelper::ProcessWindowMessges: WMHK 7
[05:02:35:51:506][R][NODJS:25616:17344] CShadowPlayHotkeyReceiver::PluginCallback: Received message 7
[05:02:35:51:510][E][CNTNR:12272:14836] CSharedDataManager::GetFocusProcInfo: No valid process in focus
[05:02:35:51:510][E][CNTNR:12272:14836] CCaptureControl::GetCaptureProcInfo: GetFocusProcInfo failed(0x8004023A)
[05:02:35:51:510][E][CNTNR:12272:14836] CCaptureControl::GetParam: failed(cmd = 15) 0x8004023A
[05:02:35:51:510][E][CNTNR:12272:14836] CServerImpl::GetCaptureSessionParam: GetCaptureSessionParam Failed. 0x8004023A
[05:02:35:51:510][E][CNTNR:12272:14836] ShadowPlayServerPlugin::ProcessReceivedIpcMessage: m_pSPServer->GetCaptureSessionParam [0x8004023a]
[05:02:35:51:510][E][NODJS:25616:23432] CShadowPlayApi::GetCaptureSessionParam: fail hr[0x8004023a]
[05:02:35:51:512][R][SHARE:25640:24824] COverlayApi::GetFullscreenState: OUT(0x00000000) wxh[0 x 0] process[] dwm[0] borderless[0] fullscreen[0] IsHdrActive:0
[05:02:35:51:513][R][SHARE:25640:24824] COverlayApi::GetFullscreenState: OUT(0x00000000) wxh[0 x 0] process[] dwm[0] borderless[0] fullscreen[0] IsHdrActive:0
[05:02:35:51:513][R][SHARE:25640:24824] COverlayApi::SetInputRedirectionMode: mode[3] NumRects[0]
[05:02:35:51:517][R][NODJS:25616: 4048] CShadowPlayApi::SetProperty: IN(CoPlayEnabled)
[05:02:35:51:517][R][CNTNR:12272:14836] CServerImpl::SetProperty: IN pArgs[0X4D905060] property(CoPlayEnabled)
[05:02:35:51:517][R][CNTNR:12272:14836] CSettings::SetProperty: CoPlayEnabled
[05:02:35:51:517][R][CNTNR:12272:14836] enableCoPlay = False
[05:02:35:51:571][R][SHARE:25640:24824] CShadowPlayApi::SetCaptureSessionParam: IN hSession(0XFFFFFFFF) uiCmd(20)
[05:02:35:51:572][R][CNTNR:12272:14836] CServerImpl::SetCaptureSessionParam: IN cmd(20) hSession(0XFFFFFFFF)
[05:02:35:51:572][R][CNTNR:12272:14836] CServerIpc::SetSP : IN(25640, 5)
[05:02:35:51:575][R][CNTNR:20628:18448] ShadowPlayServicePlugin::ProcessReceivedIpcMessage: ServiceMsgTypeSP PID(25640), P(5) hRes = 0x00000000
[05:02:35:51:575][R][SHARE:25640:24824] COverlayApi::SetSP: (25640, 5) 
[05:02:35:51:575][R][SHARE:25640:24824] CShadowPlayApi::SetCaptureSessionParam: IN hSession(0XFFFFFFFF) uiCmd(20)
[05:02:35:51:576][R][CNTNR:12272:14836] CServerImpl::SetCaptureSessionParam: IN cmd(20) hSession(0XFFFFFFFF)
[05:02:35:51:576][R][CNTNR:12272:14836] CServerIpc::SetSP : IN(19300, 5)
[05:02:35:51:576][R][CNTNR:20628:18448] ShadowPlayServicePlugin::ProcessReceivedIpcMessage: ServiceMsgTypeSP PID(19300), P(5) hRes = 0x00000000
[05:02:35:51:577][R][SHARE:25640:24824] COverlayApi::SetSP: (19300, 5) 
[05:02:35:51:624][R][NODJS:25616: 9396] CShadowPlayApi::SetProperty: IN(DisplayWebcam)
[05:02:35:51:624][R][CNTNR:12272:14836] CServerImpl::SetProperty: IN pArgs[0X4D903220] property(DisplayWebcam)
[05:02:35:51:624][R][CNTNR:12272:14836] CSettings::SetProperty: DisplayWebcam
[05:02:35:51:625][R][NODJS:25616: 9396] CShadowPlayApi::SetProperty: IN(WebcamPosition)
[05:02:35:51:625][R][CNTNR:12272:14836] CServerImpl::SetProperty: IN pArgs[0X4D905F80] property(WebcamPosition)
[05:02:35:51:625][R][CNTNR:12272:14836] CSettings::SetProperty: WebcamPosition
[05:02:35:51:625][R][CNTNR:12272:14836] WebcamPos = RightBottom
[05:02:35:51:625][R][CNTNR:12272:14836] CServerImpl::HandleSettingChange: IN msg(205) w(0x2) l(0x0)
[05:02:35:51:625][R][CNTNR:12272:14836] CCaptureControl::HandleEvent: IN(205, 2, 0)
[05:02:35:51:626][R][NODJS:25616: 9396] CShadowPlayApi::SetProperty: IN(WebcamSize)
[05:02:35:51:626][R][CNTNR:12272:14836] CServerImpl::SetProperty: IN pArgs[0X4D904140] property(WebcamSize)
[05:02:35:51:626][R][CNTNR:12272:14836] CSettings::SetProperty: WebcamSize
[05:02:35:51:627][R][CNTNR:12272:14836] WebcamSize = Small
[05:02:35:51:627][R][CNTNR:12272:14836] CServerImpl::HandleSettingChange: IN msg(206) w(0x1) l(0x0)
[05:02:35:51:627][R][CNTNR:12272:14836] CCaptureControl::HandleEvent: IN(206, 1, 0)
[05:02:35:51:639][R][NODJS:25616:27484] CShadowPlayApi::SetCaptureSessionParam: IN hSession(0XFFFFFFFF) uiCmd(13)
[05:02:35:51:639][R][CNTNR:12272:14836] CServerImpl::SetCaptureSessionParam: IN cmd(13) hSession(0XFFFFFFFF)
[05:02:35:52:433][R][HELPR:13504: 2204] CShadowPlayHelper::ProcessWindowMessges: WMHK 7
[05:02:35:52:433][R][NODJS:25616:17344] CShadowPlayHotkeyReceiver::PluginCallback: Received message 7
[05:02:35:52:445][R][SHARE:25640:24824] CShadowPlayApi::SetCaptureSessionParam: IN hSession(0XFFFFFFFF) uiCmd(20)
[05:02:35:52:446][R][CNTNR:12272:14836] CServerImpl::SetCaptureSessionParam: IN cmd(20) hSession(0XFFFFFFFF)
[05:02:35:52:446][R][CNTNR:12272:14836] CServerIpc::SetSP : IN(25640, 2)
[05:02:35:52:446][R][NODJS:25616:26840] CShadowPlayApi::SetCaptureSessionParam: IN hSession(0XFFFFFFFF) uiCmd(13)
[05:02:35:52:447][R][CNTNR:20628:18448] ShadowPlayServicePlugin::ProcessReceivedIpcMessage: ServiceMsgTypeSP PID(25640), P(2) hRes = 0x00000000
[05:02:35:52:448][R][SHARE:25640:24824] COverlayApi::SetSP: (25640, 2) 
[05:02:35:52:448][R][SHARE:25640:24824] CShadowPlayApi::SetCaptureSessionParam: IN hSession(0XFFFFFFFF) uiCmd(20)
[05:02:35:52:448][R][CNTNR:12272:14836] CServerImpl::SetCaptureSessionParam: IN cmd(20) hSession(0XFFFFFFFF)
[05:02:35:52:448][R][CNTNR:12272:14836] CServerIpc::SetSP : IN(19300, 2)
[05:02:35:52:449][R][CNTNR:20628:18448] ShadowPlayServicePlugin::ProcessReceivedIpcMessage: ServiceMsgTypeSP PID(19300), P(2) hRes = 0x00000000
[05:02:35:52:449][R][CNTNR:12272:14836] CServerImpl::SetCaptureSessionParam: IN cmd(13) hSession(0XFFFFFFFF)
[05:02:35:52:449][R][SHARE:25640:24824] COverlayApi::SetSP: (19300, 2) 
[05:02:35:52:450][R][NODJS:25616:13036] CShadowPlayApi::SetCaptureSessionParam: IN hSession(0XFFFFFFFF) uiCmd(13)
[05:02:35:52:450][R][CNTNR:12272:14836] CServerImpl::SetCaptureSessionParam: IN cmd(13) hSession(0XFFFFFFFF)
[05:02:35:52:450][R][SHARE:25640:24824] COverlayApi::GetFullscreenState: OUT(0x00000000) wxh[0 x 0] process[] dwm[0] borderless[0] fullscreen[0] IsHdrActive:0
[05:02:35:52:471][R][SHARE:25640:24824] COverlayApi::SetInputRedirectionMode: mode[4] NumRects[0]
[05:02:35:53:043][R][HELPR:13504: 2204] CShadowPlayHelper::ProcessWindowMessges: WMHK 7
[05:02:35:53:043][R][NODJS:25616:17344] CShadowPlayHotkeyReceiver::PluginCallback: Received message 7
[05:02:35:53:047][E][CNTNR:12272:14836] CSharedDataManager::GetFocusProcInfo: No valid process in focus
[05:02:35:53:047][E][CNTNR:12272:14836] CCaptureControl::GetCaptureProcInfo: GetFocusProcInfo failed(0x8004023A)
[05:02:35:53:047][E][CNTNR:12272:14836] CCaptureControl::GetParam: failed(cmd = 15) 0x8004023A
[05:02:35:53:047][E][CNTNR:12272:14836] CServerImpl::GetCaptureSessionParam: GetCaptureSessionParam Failed. 0x8004023A
[05:02:35:53:047][E][CNTNR:12272:14836] ShadowPlayServerPlugin::ProcessReceivedIpcMessage: m_pSPServer->GetCaptureSessionParam [0x8004023a]
[05:02:35:53:047][E][NODJS:25616:26684] CShadowPlayApi::GetCaptureSessionParam: fail hr[0x8004023a]
[05:02:35:53:050][R][SHARE:25640:24824] COverlayApi::GetFullscreenState: OUT(0x00000000) wxh[0 x 0] process[] dwm[0] borderless[0] fullscreen[0] IsHdrActive:0
[05:02:35:53:051][R][SHARE:25640:24824] COverlayApi::GetFullscreenState: OUT(0x00000000) wxh[0 x 0] process[] dwm[0] borderless[0] fullscreen[0] IsHdrActive:0
[05:02:35:53:051][R][SHARE:25640:24824] COverlayApi::SetInputRedirectionMode: mode[3] NumRects[0]
[05:02:35:53:053][R][NODJS:25616:27204] CShadowPlayApi::SetProperty: IN(CoPlayEnabled)
[05:02:35:53:053][R][CNTNR:12272:14836] CServerImpl::SetProperty: IN pArgs[0X4D9057F0] property(CoPlayEnabled)
[05:02:35:53:053][R][CNTNR:12272:14836] CSettings::SetProperty: CoPlayEnabled
[05:02:35:53:053][R][CNTNR:12272:14836] enableCoPlay = False
[05:02:35:53:109][R][SHARE:25640:24824] CShadowPlayApi::SetCaptureSessionParam: IN hSession(0XFFFFFFFF) uiCmd(20)
[05:02:35:53:111][R][CNTNR:12272:14836] CServerImpl::SetCaptureSessionParam: IN cmd(20) hSession(0XFFFFFFFF)
[05:02:35:53:111][R][CNTNR:12272:14836] CServerIpc::SetSP : IN(25640, 5)
[05:02:35:53:115][R][CNTNR:20628:18448] ShadowPlayServicePlugin::ProcessReceivedIpcMessage: ServiceMsgTypeSP PID(25640), P(5) hRes = 0x00000000
[05:02:35:53:116][R][SHARE:25640:24824] COverlayApi::SetSP: (25640, 5) 
[05:02:35:53:116][R][SHARE:25640:24824] CShadowPlayApi::SetCaptureSessionParam: IN hSession(0XFFFFFFFF) uiCmd(20)
[05:02:35:53:116][R][CNTNR:12272:14836] CServerImpl::SetCaptureSessionParam: IN cmd(20) hSession(0XFFFFFFFF)
[05:02:35:53:116][R][CNTNR:12272:14836] CServerIpc::SetSP : IN(19300, 5)
[05:02:35:53:117][R][CNTNR:20628:18448] ShadowPlayServicePlugin::ProcessReceivedIpcMessage: ServiceMsgTypeSP PID(19300), P(5) hRes = 0x00000000
[05:02:35:53:117][R][SHARE:25640:24824] COverlayApi::SetSP: (19300, 5) 
[05:02:35:53:158][R][NODJS:25616:18304] CShadowPlayApi::SetProperty: IN(DisplayWebcam)
[05:02:35:53:158][R][CNTNR:12272:14836] CServerImpl::SetProperty: IN pArgs[0X4DA1F490] property(DisplayWebcam)
[05:02:35:53:158][R][CNTNR:12272:14836] CSettings::SetProperty: DisplayWebcam
[05:02:35:53:159][R][NODJS:25616:18304] CShadowPlayApi::SetProperty: IN(WebcamPosition)
[05:02:35:53:159][R][CNTNR:12272:14836] CServerImpl::SetProperty: IN pArgs[0X4DA203B0] property(WebcamPosition)
[05:02:35:53:159][R][CNTNR:12272:14836] CSettings::SetProperty: WebcamPosition
[05:02:35:53:159][R][CNTNR:12272:14836] WebcamPos = RightBottom
[05:02:35:53:159][R][CNTNR:12272:14836] CServerImpl::HandleSettingChange: IN msg(205) w(0x2) l(0x0)
[05:02:35:53:159][R][CNTNR:12272:14836] CCaptureControl::HandleEvent: IN(205, 2, 0)
[05:02:35:53:160][R][NODJS:25616:18304] CShadowPlayApi::SetProperty: IN(WebcamSize)
[05:02:35:53:160][R][CNTNR:12272:14836] CServerImpl::SetProperty: IN pArgs[0X4DA1FC20] property(WebcamSize)
[05:02:35:53:160][R][CNTNR:12272:14836] CSettings::SetProperty: WebcamSize
[05:02:35:53:160][R][CNTNR:12272:14836] WebcamSize = Small
[05:02:35:53:160][R][CNTNR:12272:14836] CServerImpl::HandleSettingChange: IN msg(206) w(0x1) l(0x0)
[05:02:35:53:160][R][CNTNR:12272:14836] CCaptureControl::HandleEvent: IN(206, 1, 0)
[05:02:35:53:172][R][NODJS:25616:21848] CShadowPlayApi::SetCaptureSessionParam: IN hSession(0XFFFFFFFF) uiCmd(13)
[05:02:35:53:173][R][CNTNR:12272:14836] CServerImpl::SetCaptureSessionParam: IN cmd(13) hSession(0XFFFFFFFF)
[05:02:35:55:071][R][NODJS:25616:13020] CShadowPlayApi::SetProperty: IN(ToggleHotKeyDetection)
[05:02:35:55:072][R][CNTNR:12272:14836] CServerImpl::SetProperty: IN pArgs[0X4DA203B0] property(ToggleHotKeyDetection)
[05:02:35:55:076][R][NODJS:25616:17800] CShadowPlayApi::GetHotkeyProperty: reg read failed, falling back to default value
[05:02:35:55:076][R][NODJS:25616:17800] CShadowPlayApi::GetHotkeyProperty: invalid key index[2]
[05:02:35:55:082][E][NODJS:25616:27636] CShadowPlayApi::GetProperty: FAIL[0x80040222] name MicToggleHKey3
[05:02:35:55:092][E][NODJS:25616: 2080] CShadowPlayApi::GetProperty: FAIL[0x80040222] name FSPresetHKey3
[05:02:35:55:095][E][NODJS:25616: 4048] CShadowPlayApi::GetProperty: FAIL[0x80040222] name FSToggleHKey0
[05:02:35:55:098][E][NODJS:25616: 4848] CShadowPlayApi::GetProperty: FAIL[0x80040222] name IRToggleHKey3
[05:02:35:55:103][E][NODJS:25616:23432] CShadowPlayApi::GetProperty: FAIL[0x80040222] name FSUIHKeyV12
[05:02:35:55:110][E][NODJS:25616:27048] CShadowPlayApi::GetProperty: FAIL[0x80040222] name CustomOverlayAHKey1
[05:02:35:55:112][E][NODJS:25616:18336] CShadowPlayApi::GetProperty: FAIL[0x80040222] name CustomOverlayBHKey0
[05:02:35:55:114][E][NODJS:25616: 9072] CShadowPlayApi::GetProperty: FAIL[0x80040222] name CustomOverlayCHKey0
[05:02:35:55:116][E][NODJS:25616:14072] CShadowPlayApi::GetProperty: FAIL[0x80040222] name PMOCSidebarHKey0
[05:02:35:55:122][E][NODJS:25616: 2888] CShadowPlayApi::GetProperty: FAIL[0x80040222] name PMOCResetAverageMetricsHKey0
[05:02:35:55:124][E][NODJS:25616:22716] CShadowPlayApi::GetProperty: FAIL[0x80040222] name PMOCLoggingToggleHKey0
[05:02:35:55:126][E][NODJS:25616:12144] CShadowPlayApi::GetProperty: FAIL[0x80040222] name PMOCOverlayCycleHKey3
[05:02:35:59:313][R][NODJS:25616:26612] CShadowPlayApi::SetProperty: IN(ToggleHotKeyDetection)
[05:02:35:59:313][R][CNTNR:12272:14836] CServerImpl::SetProperty: IN pArgs[0X4DA20B40] property(ToggleHotKeyDetection)
[05:02:36:00:059][R][NODJS:25616: 9396] CShadowPlayApi::SetProperty: IN(ToggleHotKeyDetection)
[05:02:36:00:059][R][CNTNR:12272:14836] CServerImpl::SetProperty: IN pArgs[0X4DA1FC20] property(ToggleHotKeyDetection)
[05:02:36:00:063][R][NODJS:25616:27484] CShadowPlayApi::GetHotkeyProperty: reg read failed, falling back to default value
[05:02:36:00:063][R][NODJS:25616:27484] CShadowPlayApi::GetHotkeyProperty: invalid key index[2]
[05:02:36:00:073][E][NODJS:25616:13036] CShadowPlayApi::GetProperty: FAIL[0x80040222] name FSUIHKeyV12
[05:02:36:00:074][E][NODJS:25616:19120] CShadowPlayApi::GetProperty: FAIL[0x80040222] name MicToggleHKey3
[05:02:36:00:076][E][NODJS:25616:26684] CShadowPlayApi::GetProperty: FAIL[0x80040222] name FSToggleHKey0
[05:02:36:00:080][E][NODJS:25616:21196] CShadowPlayApi::GetProperty: FAIL[0x80040222] name IRToggleHKey3
[05:02:36:00:594][E][NODJS:25616:26836] CShadowPlayApi::GetProperty: IpcSyncCall error [0x800705b4] property [ManualHKey0]
[05:02:36:00:678][E][NODJS:25616:27204] CShadowPlayApi::GetProperty: FAIL[0x80040222] name FSPresetHKey3
[05:02:36:00:686][E][NODJS:25616:28408] CShadowPlayApi::GetProperty: FAIL[0x80040222] name CustomOverlayCHKey0
[05:02:36:00:686][E][NODJS:25616:21568] CShadowPlayApi::GetProperty: FAIL[0x80040222] name CustomOverlayBHKey0
[05:02:36:00:688][E][NODJS:25616:18256] CShadowPlayApi::GetProperty: FAIL[0x80040222] name PMOCSidebarHKey0
[05:02:36:00:688][E][NODJS:25616:23492] CShadowPlayApi::GetProperty: FAIL[0x80040222] name CustomOverlayAHKey1
[05:02:36:00:695][E][NODJS:25616: 8944] CShadowPlayApi::GetProperty: FAIL[0x80040222] name PMOCOverlayCycleHKey3
[05:02:36:00:695][E][NODJS:25616:27828] CShadowPlayApi::GetProperty: FAIL[0x80040222] name PMOCLoggingToggleHKey0
[05:02:36:00:696][E][NODJS:25616: 9956] CShadowPlayApi::GetProperty: FAIL[0x80040222] name PMOCResetAverageMetricsHKey0
[05:02:36:01:685][R][NODJS:25616:26028] CShadowPlayApi::GetHotkeyProperty: reg read failed, falling back to default value
[05:02:36:01:685][R][NODJS:25616:26028] CShadowPlayApi::GetHotkeyProperty: invalid key index[2]
[05:02:36:01:699][E][NODJS:25616:26028] CShadowPlayApi::GetProperty: FAIL[0x80040222] name CustomOverlayAHKey1
[05:02:36:01:701][E][NODJS:25616:26028] CShadowPlayApi::GetProperty: FAIL[0x80040222] name CustomOverlayBHKey0
[05:02:36:01:701][E][NODJS:25616:26028] CShadowPlayApi::GetProperty: FAIL[0x80040222] name CustomOverlayCHKey0
[05:02:36:01:706][E][NODJS:25616:26028] CShadowPlayApi::GetProperty: FAIL[0x80040222] name IRToggleHKey3
[05:02:36:01:708][E][NODJS:25616:26028] CShadowPlayApi::GetProperty: FAIL[0x80040222] name MicToggleHKey3
[05:02:36:01:709][E][NODJS:25616:26028] CShadowPlayApi::GetProperty: FAIL[0x80040222] name FSToggleHKey0
[05:02:36:01:711][E][NODJS:25616:26028] CShadowPlayApi::GetProperty: FAIL[0x80040222] name FSPresetHKey3
[05:02:36:01:712][E][NODJS:25616:26028] CShadowPlayApi::GetProperty: FAIL[0x80040222] name FSUIHKeyV12
[05:02:36:01:713][E][NODJS:25616:26028] CShadowPlayApi::GetProperty: FAIL[0x80040222] name FSPresetStyle1HKey0
[05:02:36:01:713][E][NODJS:25616:26028] CShadowPlayApi::GetProperty: FAIL[0x80040222] name FSPresetStyle2HKey0
[05:02:36:01:714][E][NODJS:25616:26028] CShadowPlayApi::GetProperty: FAIL[0x80040222] name FSPresetStyle3HKey0
[05:02:36:01:714][E][NODJS:25616:26028] CShadowPlayApi::GetProperty: FAIL[0x80040222] name NativeKeyboardInputDialogHKey0
[05:02:36:01:715][E][NODJS:25616:26028] CShadowPlayApi::GetProperty: FAIL[0x80040222] name PMOCSidebarHKey0
[05:02:36:01:718][E][NODJS:25616:26028] CShadowPlayApi::GetProperty: FAIL[0x80040222] name PMOCOverlayCycleHKey3
[05:02:36:01:718][E][NODJS:25616:26028] CShadowPlayApi::GetProperty: FAIL[0x80040222] name PMOCResetAverageMetricsHKey0
[05:02:36:01:719][E][NODJS:25616:26028] CShadowPlayApi::GetProperty: FAIL[0x80040222] name PMOCLoggingToggleHKey0
[05:02:36:01:719][R][NODJS:25616:18924] CShadowPlayApi::SetProperty: IN(GFEOverlayHKeyV20)
[05:02:36:01:719][R][CNTNR:12272:14836] CServerImpl::SetProperty: IN pArgs[0X4DA203B0] property(GFEOverlayHKeyV20)
[05:02:36:01:719][R][CNTNR:12272:14836] CSettings::SetProperty: GFEOverlayHKeyV20
[05:02:36:01:720][R][CNTNR:12272:14836] CServerImpl::HandleSettingChange: IN msg(215) w(0x0) l(0x0)
[05:02:36:01:720][R][CNTNR:12272:14836] CCaptureControl::HandleEvent: IN(215, 0, 0)
[05:02:36:01:720][R][NODJS:25616: 2132] CShadowPlayNotifications::EnqueueNotification: uMsg(0x90D), wParam(0x0), lParam(0x0) dwData(0x0)
[05:02:36:01:720][E][CNTNR:12272:14836] CCaptureSession::HandleEvent: 215 event handling failed. 0x80070057
[05:02:36:01:720][E][CNTNR:12272:14836] CCaptureControl::HandleEvent: sessions[0] HandleEvent failed uiMsg(215) 0x80070057
[05:02:36:01:720][E][CNTNR:12272:14836] CServerImpl::HandleSettingChange: HandleEvent failed(msg = 215)! 0x80070057
[05:02:36:01:720][E][CNTNR:12272:14836] CSettings::OnSettingChange: m_pfnSettingChangeCb(uiMsg = 215) failed(0x80070057)
[05:02:36:01:720][E][CNTNR:12272:14836] CSettings::SetProperty: Failed to process OSC hotkey change event.
[05:02:36:01:720][R][NODJS:25616:21140] CShadowPlayNotifications::HandleNotificationMessage: msg(2317) lparam(0) wparam(0)
[05:02:36:01:720][R][NODJS:25616:18924] CShadowPlayApi::SetProperty: IN(GFEOverlayHKeyV21)
[05:02:36:01:721][R][CNTNR:12272:14836] CServerImpl::SetProperty: IN pArgs[0X4DA1FC20] property(GFEOverlayHKeyV21)
[05:02:36:01:721][R][CNTNR:12272:14836] CSettings::SetProperty: GFEOverlayHKeyV21
[05:02:36:01:721][R][CNTNR:12272:14836] CServerImpl::HandleSettingChange: IN msg(215) w(0x0) l(0x0)
[05:02:36:01:721][R][CNTNR:12272:14836] CCaptureControl::HandleEvent: IN(215, 0, 0)
[05:02:36:01:721][R][NODJS:25616: 2132] CShadowPlayNotifications::EnqueueNotification: uMsg(0x90D), wParam(0x0), lParam(0x0) dwData(0x0)
[05:02:36:01:721][E][CNTNR:12272:14836] CCaptureSession::HandleEvent: 215 event handling failed. 0x80070057
[05:02:36:01:721][E][CNTNR:12272:14836] CCaptureControl::HandleEvent: sessions[0] HandleEvent failed uiMsg(215) 0x80070057
[05:02:36:01:721][E][CNTNR:12272:14836] CServerImpl::HandleSettingChange: HandleEvent failed(msg = 215)! 0x80070057
[05:02:36:01:721][E][CNTNR:12272:14836] CSettings::OnSettingChange: m_pfnSettingChangeCb(uiMsg = 215) failed(0x80070057)
[05:02:36:01:721][R][NODJS:25616:21140] CShadowPlayNotifications::HandleNotificationMessage: msg(2317) lparam(0) wparam(0)
[05:02:36:01:721][E][CNTNR:12272:14836] CSettings::SetProperty: Failed to process OSC hotkey change event.
[05:02:36:01:721][R][NODJS:25616:18924] CShadowPlayApi::SetProperty: IN(HotKeyChanged)
[05:02:36:01:721][R][CNTNR:12272:14836] CServerImpl::SetProperty: IN pArgs[0X4DA203B0] property(HotKeyChanged)
[05:02:36:01:722][R][HELPR:13504: 2204] CShadowPlayHelper::UWPSetOSCDismissHotKeys: [2] eSPHKID_OSC Hotkeys set for UWP
[05:02:36:01:725][R][NODJS:25616:22660] CShadowPlayApi::GetHotkeyProperty: reg read failed, falling back to default value
[05:02:36:01:725][R][NODJS:25616:22660] CShadowPlayApi::GetHotkeyProperty: invalid key index[2]
[05:02:36:03:501][R][NODJS:25616:25708] CShadowPlayApi::SetProperty: IN(ToggleHotKeyDetection)
[05:02:36:03:501][R][CNTNR:12272:14836] CServerImpl::SetProperty: IN pArgs[0X4DA203B0] property(ToggleHotKeyDetection)
[05:02:36:03:567][R][HELPR:13504: 2204] CShadowPlayHelper::ProcessWindowMessges: WMHK 7
[05:02:36:03:567][R][NODJS:25616:17344] CShadowPlayHotkeyReceiver::PluginCallback: Received message 7
[05:02:36:03:577][R][NODJS:25616:15320] CShadowPlayApi::SetCaptureSessionParam: IN hSession(0XFFFFFFFF) uiCmd(13)
[05:02:36:03:577][R][CNTNR:12272:14836] CServerImpl::SetCaptureSessionParam: IN cmd(13) hSession(0XFFFFFFFF)
[05:02:36:03:578][R][NODJS:25616:22836] CShadowPlayApi::SetCaptureSessionParam: IN hSession(0XFFFFFFFF) uiCmd(13)
[05:02:36:03:578][R][CNTNR:12272:14836] CServerImpl::SetCaptureSessionParam: IN cmd(13) hSession(0XFFFFFFFF)
[05:02:36:03:581][R][SHARE:25640:24824] CShadowPlayApi::SetCaptureSessionParam: IN hSession(0XFFFFFFFF) uiCmd(20)
[05:02:36:03:581][R][CNTNR:12272:14836] CServerImpl::SetCaptureSessionParam: IN cmd(20) hSession(0XFFFFFFFF)
[05:02:36:03:581][R][CNTNR:12272:14836] CServerIpc::SetSP : IN(25640, 2)
[05:02:36:03:584][R][CNTNR:20628:18448] ShadowPlayServicePlugin::ProcessReceivedIpcMessage: ServiceMsgTypeSP PID(25640), P(2) hRes = 0x00000000
[05:02:36:03:585][R][SHARE:25640:24824] COverlayApi::SetSP: (25640, 2) 
[05:02:36:03:585][R][SHARE:25640:24824] CShadowPlayApi::SetCaptureSessionParam: IN hSession(0XFFFFFFFF) uiCmd(20)
[05:02:36:03:586][R][CNTNR:12272:14836] CServerImpl::SetCaptureSessionParam: IN cmd(20) hSession(0XFFFFFFFF)
[05:02:36:03:586][R][CNTNR:12272:14836] CServerIpc::SetSP : IN(19300, 2)
[05:02:36:03:586][R][CNTNR:20628:18448] ShadowPlayServicePlugin::ProcessReceivedIpcMessage: ServiceMsgTypeSP PID(19300), P(2) hRes = 0x00000000
[05:02:36:03:586][R][SHARE:25640:24824] COverlayApi::SetSP: (19300, 2) 
[05:02:36:03:587][R][SHARE:25640:24824] COverlayApi::GetFullscreenState: OUT(0x00000000) wxh[0 x 0] process[] dwm[0] borderless[0] fullscreen[0] IsHdrActive:0
[05:02:36:03:609][R][SHARE:25640:24824] COverlayApi::SetInputRedirectionMode: mode[4] NumRects[0]
[05:02:36:03:817][R][HELPR:13504: 2204] CShadowPlayHelper::ProcessWindowMessges: WMHK 7
[05:02:36:03:817][R][NODJS:25616:17344] CShadowPlayHotkeyReceiver::PluginCallback: Received message 7
[05:02:36:03:821][E][CNTNR:12272:14836] CSharedDataManager::GetFocusProcInfo: No valid process in focus
[05:02:36:03:821][E][CNTNR:12272:14836] CCaptureControl::GetCaptureProcInfo: GetFocusProcInfo failed(0x8004023A)
[05:02:36:03:821][E][CNTNR:12272:14836] CCaptureControl::GetParam: failed(cmd = 15) 0x8004023A
[05:02:36:03:821][E][CNTNR:12272:14836] CServerImpl::GetCaptureSessionParam: GetCaptureSessionParam Failed. 0x8004023A
[05:02:36:03:821][E][CNTNR:12272:14836] ShadowPlayServerPlugin::ProcessReceivedIpcMessage: m_pSPServer->GetCaptureSessionParam [0x8004023a]
[05:02:36:03:821][E][NODJS:25616: 9492] CShadowPlayApi::GetCaptureSessionParam: fail hr[0x8004023a]
[05:02:36:03:824][R][SHARE:25640:24824] COverlayApi::GetFullscreenState: OUT(0x00000000) wxh[0 x 0] process[] dwm[0] borderless[0] fullscreen[0] IsHdrActive:0
[05:02:36:03:825][R][SHARE:25640:24824] COverlayApi::GetFullscreenState: OUT(0x00000000) wxh[0 x 0] process[] dwm[0] borderless[0] fullscreen[0] IsHdrActive:0
[05:02:36:03:825][R][SHARE:25640:24824] COverlayApi::SetInputRedirectionMode: mode[3] NumRects[0]
[05:02:36:03:828][R][NODJS:25616:17800] CShadowPlayApi::SetProperty: IN(CoPlayEnabled)
[05:02:36:03:828][R][CNTNR:12272:14836] CServerImpl::SetProperty: IN pArgs[0X4DA1FC20] property(CoPlayEnabled)
[05:02:36:03:828][R][CNTNR:12272:14836] CSettings::SetProperty: CoPlayEnabled
[05:02:36:03:828][R][CNTNR:12272:14836] enableCoPlay = False
[05:02:36:03:882][R][SHARE:25640:24824] CShadowPlayApi::SetCaptureSessionParam: IN hSession(0XFFFFFFFF) uiCmd(20)
[05:02:36:03:882][R][CNTNR:12272:14836] CServerImpl::SetCaptureSessionParam: IN cmd(20) hSession(0XFFFFFFFF)
[05:02:36:03:882][R][CNTNR:12272:14836] CServerIpc::SetSP : IN(25640, 5)
[05:02:36:03:884][R][CNTNR:20628:18448] ShadowPlayServicePlugin::ProcessReceivedIpcMessage: ServiceMsgTypeSP PID(25640), P(5) hRes = 0x00000000
[05:02:36:03:885][R][SHARE:25640:24824] COverlayApi::SetSP: (25640, 5) 
[05:02:36:03:885][R][SHARE:25640:24824] CShadowPlayApi::SetCaptureSessionParam: IN hSession(0XFFFFFFFF) uiCmd(20)
[05:02:36:03:886][R][CNTNR:12272:14836] CServerImpl::SetCaptureSessionParam: IN cmd(20) hSession(0XFFFFFFFF)
[05:02:36:03:886][R][CNTNR:12272:14836] CServerIpc::SetSP : IN(19300, 5)
[05:02:36:03:886][R][CNTNR:20628:18448] ShadowPlayServicePlugin::ProcessReceivedIpcMessage: ServiceMsgTypeSP PID(19300), P(5) hRes = 0x00000000
[05:02:36:03:887][R][SHARE:25640:24824] COverlayApi::SetSP: (19300, 5) 
[05:02:36:03:954][R][NODJS:25616: 6748] CShadowPlayApi::SetProperty: IN(DisplayWebcam)
[05:02:36:03:955][R][CNTNR:12272:14836] CServerImpl::SetProperty: IN pArgs[0X4DA20B40] property(DisplayWebcam)
[05:02:36:03:955][R][CNTNR:12272:14836] CSettings::SetProperty: DisplayWebcam
[05:02:36:03:955][R][NODJS:25616: 6748] CShadowPlayApi::SetProperty: IN(WebcamPosition)
[05:02:36:03:957][R][CNTNR:12272:14836] CServerImpl::SetProperty: IN pArgs[0X4DA203B0] property(WebcamPosition)
[05:02:36:03:957][R][CNTNR:12272:14836] CSettings::SetProperty: WebcamPosition
[05:02:36:03:957][R][CNTNR:12272:14836] WebcamPos = RightBottom
[05:02:36:03:957][R][CNTNR:12272:14836] CServerImpl::HandleSettingChange: IN msg(205) w(0x2) l(0x0)
[05:02:36:03:957][R][CNTNR:12272:14836] CCaptureControl::HandleEvent: IN(205, 2, 0)
[05:02:36:03:957][R][NODJS:25616: 6748] CShadowPlayApi::SetProperty: IN(WebcamSize)
[05:02:36:03:957][R][CNTNR:12272:14836] CServerImpl::SetProperty: IN pArgs[0X4DA20B40] property(WebcamSize)
[05:02:36:03:957][R][CNTNR:12272:14836] CSettings::SetProperty: WebcamSize
[05:02:36:03:958][R][CNTNR:12272:14836] WebcamSize = Small
[05:02:36:03:958][R][CNTNR:12272:14836] CServerImpl::HandleSettingChange: IN msg(206) w(0x1) l(0x0)
[05:02:36:03:958][R][CNTNR:12272:14836] CCaptureControl::HandleEvent: IN(206, 1, 0)
[05:02:36:03:970][R][NODJS:25616: 2888] CShadowPlayApi::SetCaptureSessionParam: IN hSession(0XFFFFFFFF) uiCmd(13)
[05:02:36:03:970][R][CNTNR:12272:14836] CServerImpl::SetCaptureSessionParam: IN cmd(13) hSession(0XFFFFFFFF)
[05:02:36:04:084][R][HELPR:13504: 2204] CShadowPlayHelper::ProcessWindowMessges: WMHK 7
[05:02:36:04:085][R][NODJS:25616:17344] CShadowPlayHotkeyReceiver::PluginCallback: Received message 7
[05:02:36:04:098][R][NODJS:25616:12340] CShadowPlayApi::SetCaptureSessionParam: IN hSession(0XFFFFFFFF) uiCmd(13)
[05:02:36:04:098][R][CNTNR:12272:14836] CServerImpl::SetCaptureSessionParam: IN cmd(13) hSession(0XFFFFFFFF)
[05:02:36:04:099][R][SHARE:25640:24824] CShadowPlayApi::SetCaptureSessionParam: IN hSession(0XFFFFFFFF) uiCmd(20)
[05:02:36:04:100][R][NODJS:25616: 9396] CShadowPlayApi::SetCaptureSessionParam: IN hSession(0XFFFFFFFF) uiCmd(13)
[05:02:36:04:100][R][CNTNR:12272:14836] CServerImpl::SetCaptureSessionParam: IN cmd(20) hSession(0XFFFFFFFF)
[05:02:36:04:100][R][CNTNR:12272:14836] CServerIpc::SetSP : IN(25640, 2)
[05:02:36:04:103][R][CNTNR:20628:18448] ShadowPlayServicePlugin::ProcessReceivedIpcMessage: ServiceMsgTypeSP PID(25640), P(2) hRes = 0x00000000
[05:02:36:04:104][R][CNTNR:12272:14836] CServerImpl::SetCaptureSessionParam: IN cmd(13) hSession(0XFFFFFFFF)
[05:02:36:04:104][R][SHARE:25640:24824] COverlayApi::SetSP: (25640, 2) 
[05:02:36:04:105][R][SHARE:25640:24824] CShadowPlayApi::SetCaptureSessionParam: IN hSession(0XFFFFFFFF) uiCmd(20)
[05:02:36:04:106][R][CNTNR:12272:14836] CServerImpl::SetCaptureSessionParam: IN cmd(20) hSession(0XFFFFFFFF)
[05:02:36:04:106][R][CNTNR:12272:14836] CServerIpc::SetSP : IN(19300, 2)
[05:02:36:04:106][R][CNTNR:20628:18448] ShadowPlayServicePlugin::ProcessReceivedIpcMessage: ServiceMsgTypeSP PID(19300), P(2) hRes = 0x00000000
[05:02:36:04:107][R][SHARE:25640:24824] COverlayApi::SetSP: (19300, 2) 
[05:02:36:04:108][R][SHARE:25640:24824] COverlayApi::GetFullscreenState: OUT(0x00000000) wxh[0 x 0] process[] dwm[0] borderless[0] fullscreen[0] IsHdrActive:0
[05:02:36:04:134][R][SHARE:25640:24824] COverlayApi::SetInputRedirectionMode: mode[4] NumRects[0]
[05:02:36:04:396][R][HELPR:13504: 2204] CShadowPlayHelper::ProcessWindowMessges: WMHK 7
[05:02:36:04:396][R][NODJS:25616:17344] CShadowPlayHotkeyReceiver::PluginCallback: Received message 7
[05:02:36:04:400][E][CNTNR:12272:14836] CSharedDataManager::GetFocusProcInfo: No valid process in focus
[05:02:36:04:400][E][CNTNR:12272:14836] CCaptureControl::GetCaptureProcInfo: GetFocusProcInfo failed(0x8004023A)
[05:02:36:04:400][E][CNTNR:12272:14836] CCaptureControl::GetParam: failed(cmd = 15) 0x8004023A
[05:02:36:04:400][E][CNTNR:12272:14836] CServerImpl::GetCaptureSessionParam: GetCaptureSessionParam Failed. 0x8004023A
[05:02:36:04:400][E][CNTNR:12272:14836] ShadowPlayServerPlugin::ProcessReceivedIpcMessage: m_pSPServer->GetCaptureSessionParam [0x8004023a]
[05:02:36:04:400][E][NODJS:25616:27484] CShadowPlayApi::GetCaptureSessionParam: fail hr[0x8004023a]
[05:02:36:04:405][R][SHARE:25640:24824] COverlayApi::GetFullscreenState: OUT(0x00000000) wxh[0 x 0] process[] dwm[0] borderless[0] fullscreen[0] IsHdrActive:0
[05:02:36:04:406][R][SHARE:25640:24824] COverlayApi::GetFullscreenState: OUT(0x00000000) wxh[0 x 0] process[] dwm[0] borderless[0] fullscreen[0] IsHdrActive:0
[05:02:36:04:406][R][SHARE:25640:24824] COverlayApi::SetInputRedirectionMode: mode[3] NumRects[0]
[05:02:36:04:406][R][NODJS:25616:13916] CShadowPlayApi::SetProperty: IN(CoPlayEnabled)
[05:02:36:04:407][R][CNTNR:12272:14836] CServerImpl::SetProperty: IN pArgs[0X4D81FA10] property(CoPlayEnabled)
[05:02:36:04:407][R][CNTNR:12272:14836] CSettings::SetProperty: CoPlayEnabled
[05:02:36:04:407][R][CNTNR:12272:14836] enableCoPlay = False
[05:02:36:04:456][R][SHARE:25640:24824] CShadowPlayApi::SetCaptureSessionParam: IN hSession(0XFFFFFFFF) uiCmd(20)
[05:02:36:04:467][R][CNTNR:12272:14836] CServerImpl::SetCaptureSessionParam: IN cmd(20) hSession(0XFFFFFFFF)
[05:02:36:04:467][R][CNTNR:12272:14836] CServerIpc::SetSP : IN(25640, 5)
[05:02:36:04:471][R][CNTNR:20628:18448] ShadowPlayServicePlugin::ProcessReceivedIpcMessage: ServiceMsgTypeSP PID(25640), P(5) hRes = 0x00000000
[05:02:36:04:472][R][SHARE:25640:24824] COverlayApi::SetSP: (25640, 5) 
[05:02:36:04:472][R][SHARE:25640:24824] CShadowPlayApi::SetCaptureSessionParam: IN hSession(0XFFFFFFFF) uiCmd(20)
[05:02:36:04:472][R][CNTNR:12272:14836] CServerImpl::SetCaptureSessionParam: IN cmd(20) hSession(0XFFFFFFFF)
[05:02:36:04:472][R][CNTNR:12272:14836] CServerIpc::SetSP : IN(19300, 5)
[05:02:36:04:473][R][CNTNR:20628:18448] ShadowPlayServicePlugin::ProcessReceivedIpcMessage: ServiceMsgTypeSP PID(19300), P(5) hRes = 0x00000000
[05:02:36:04:474][R][SHARE:25640:24824] COverlayApi::SetSP: (19300, 5) 
[05:02:36:04:552][R][NODJS:25616: 7100] CShadowPlayApi::SetProperty: IN(DisplayWebcam)
[05:02:36:04:553][R][CNTNR:12272:14836] CServerImpl::SetProperty: IN pArgs[0X4D81CCB0] property(DisplayWebcam)
[05:02:36:04:554][R][CNTNR:12272:14836] CSettings::SetProperty: DisplayWebcam
[05:02:36:04:555][R][NODJS:25616: 7100] CShadowPlayApi::SetProperty: IN(WebcamPosition)
[05:02:36:04:555][R][CNTNR:12272:14836] CServerImpl::SetProperty: IN pArgs[0X4D81CCB0] property(WebcamPosition)
[05:02:36:04:555][R][CNTNR:12272:14836] CSettings::SetProperty: WebcamPosition
[05:02:36:04:555][R][CNTNR:12272:14836] WebcamPos = RightBottom
[05:02:36:04:555][R][CNTNR:12272:14836] CServerImpl::HandleSettingChange: IN msg(205) w(0x2) l(0x0)
[05:02:36:04:556][R][CNTNR:12272:14836] CCaptureControl::HandleEvent: IN(205, 2, 0)
[05:02:36:04:556][R][NODJS:25616: 7100] CShadowPlayApi::SetProperty: IN(WebcamSize)
[05:02:36:04:557][R][CNTNR:12272:14836] CServerImpl::SetProperty: IN pArgs[0X4D81FA10] property(WebcamSize)
[05:02:36:04:557][R][CNTNR:12272:14836] CSettings::SetProperty: WebcamSize
[05:02:36:04:557][R][CNTNR:12272:14836] WebcamSize = Small
[05:02:36:04:557][R][CNTNR:12272:14836] CServerImpl::HandleSettingChange: IN msg(206) w(0x1) l(0x0)
[05:02:36:04:557][R][CNTNR:12272:14836] CCaptureControl::HandleEvent: IN(206, 1, 0)
[05:02:36:04:570][R][NODJS:25616: 9956] CShadowPlayApi::SetCaptureSessionParam: IN hSession(0XFFFFFFFF) uiCmd(13)
[05:02:36:04:570][R][CNTNR:12272:14836] CServerImpl::SetCaptureSessionParam: IN cmd(13) hSession(0XFFFFFFFF)
[05:02:36:04:724][R][HELPR:13504: 2204] CShadowPlayHelper::ProcessWindowMessges: WMHK 7
[05:02:36:04:724][R][NODJS:25616:17344] CShadowPlayHotkeyReceiver::PluginCallback: Received message 7
[05:02:36:04:735][R][NODJS:25616:25708] CShadowPlayApi::SetCaptureSessionParam: IN hSession(0XFFFFFFFF) uiCmd(13)
[05:02:36:04:736][R][CNTNR:12272:14836] CServerImpl::SetCaptureSessionParam: IN cmd(13) hSession(0XFFFFFFFF)
[05:02:36:04:736][R][NODJS:25616:18304] CShadowPlayApi::SetCaptureSessionParam: IN hSession(0XFFFFFFFF) uiCmd(13)
[05:02:36:04:736][R][SHARE:25640:24824] CShadowPlayApi::SetCaptureSessionParam: IN hSession(0XFFFFFFFF) uiCmd(20)
[05:02:36:04:736][R][CNTNR:12272:14836] CServerImpl::SetCaptureSessionParam: IN cmd(13) hSession(0XFFFFFFFF)
[05:02:36:04:737][R][CNTNR:12272:14836] CServerImpl::SetCaptureSessionParam: IN cmd(20) hSession(0XFFFFFFFF)
[05:02:36:04:737][R][CNTNR:12272:14836] CServerIpc::SetSP : IN(25640, 2)
[05:02:36:04:738][R][CNTNR:20628:18448] ShadowPlayServicePlugin::ProcessReceivedIpcMessage: ServiceMsgTypeSP PID(25640), P(2) hRes = 0x00000000
[05:02:36:04:739][R][SHARE:25640:24824] COverlayApi::SetSP: (25640, 2) 
[05:02:36:04:739][R][SHARE:25640:24824] CShadowPlayApi::SetCaptureSessionParam: IN hSession(0XFFFFFFFF) uiCmd(20)
[05:02:36:04:740][R][CNTNR:12272:14836] CServerImpl::SetCaptureSessionParam: IN cmd(20) hSession(0XFFFFFFFF)
[05:02:36:04:740][R][CNTNR:12272:14836] CServerIpc::SetSP : IN(19300, 2)
[05:02:36:04:740][R][CNTNR:20628:18448] ShadowPlayServicePlugin::ProcessReceivedIpcMessage: ServiceMsgTypeSP PID(19300), P(2) hRes = 0x00000000
[05:02:36:04:741][R][SHARE:25640:24824] COverlayApi::SetSP: (19300, 2) 
[05:02:36:04:742][R][SHARE:25640:24824] COverlayApi::GetFullscreenState: OUT(0x00000000) wxh[0 x 0] process[] dwm[0] borderless[0] fullscreen[0] IsHdrActive:0
[05:02:36:04:769][R][SHARE:25640:24824] COverlayApi::SetInputRedirectionMode: mode[4] NumRects[0]
[05:02:36:25:227][R][HELPR:13504: 2204] CShadowPlayHelper::ProcessWindowMessges: WMHK 7
[05:02:36:25:227][R][NODJS:25616:17344] CShadowPlayHotkeyReceiver::PluginCallback: Received message 7
[05:02:36:25:542][E][CNTNR:12272:14836] CSharedDataManager::GetFocusProcInfo: No valid process in focus
[05:02:36:25:542][E][CNTNR:12272:14836] CCaptureControl::GetCaptureProcInfo: GetFocusProcInfo failed(0x8004023A)
[05:02:36:25:542][E][CNTNR:12272:14836] CCaptureControl::GetParam: failed(cmd = 15) 0x8004023A
[05:02:36:25:542][E][CNTNR:12272:14836] CServerImpl::GetCaptureSessionParam: GetCaptureSessionParam Failed. 0x8004023A
[05:02:36:25:542][E][CNTNR:12272:14836] ShadowPlayServerPlugin::ProcessReceivedIpcMessage: m_pSPServer->GetCaptureSessionParam [0x8004023a]
[05:02:36:25:542][E][NODJS:25616:13020] CShadowPlayApi::GetCaptureSessionParam: fail hr[0x8004023a]
[05:02:36:25:545][R][SHARE:25640:24824] COverlayApi::GetFullscreenState: OUT(0x00000000) wxh[0 x 0] process[] dwm[0] borderless[0] fullscreen[0] IsHdrActive:0
[05:02:36:25:546][R][SHARE:25640:24824] COverlayApi::GetFullscreenState: OUT(0x00000000) wxh[0 x 0] process[] dwm[0] borderless[0] fullscreen[0] IsHdrActive:0
[05:02:36:25:546][R][SHARE:25640:24824] COverlayApi::SetInputRedirectionMode: mode[3] NumRects[0]
[05:02:36:25:546][R][NODJS:25616: 9492] CShadowPlayApi::SetProperty: IN(CoPlayEnabled)
[05:02:36:25:547][R][CNTNR:12272:14836] CServerImpl::SetProperty: IN pArgs[0X4D81CCB0] property(CoPlayEnabled)
[05:02:36:25:547][R][CNTNR:12272:14836] CSettings::SetProperty: CoPlayEnabled
[05:02:36:25:547][R][CNTNR:12272:14836] enableCoPlay = False
[05:02:36:25:603][R][SHARE:25640:24824] CShadowPlayApi::SetCaptureSessionParam: IN hSession(0XFFFFFFFF) uiCmd(20)
[05:02:36:25:604][R][CNTNR:12272:14836] CServerImpl::SetCaptureSessionParam: IN cmd(20) hSession(0XFFFFFFFF)
[05:02:36:25:604][R][CNTNR:12272:14836] CServerIpc::SetSP : IN(25640, 5)
[05:02:36:25:608][R][CNTNR:20628:18448] ShadowPlayServicePlugin::ProcessReceivedIpcMessage: ServiceMsgTypeSP PID(25640), P(5) hRes = 0x00000000
[05:02:36:25:608][R][SHARE:25640:24824] COverlayApi::SetSP: (25640, 5) 
[05:02:36:25:609][R][SHARE:25640:24824] CShadowPlayApi::SetCaptureSessionParam: IN hSession(0XFFFFFFFF) uiCmd(20)
[05:02:36:25:609][R][CNTNR:12272:14836] CServerImpl::SetCaptureSessionParam: IN cmd(20) hSession(0XFFFFFFFF)
[05:02:36:25:609][R][CNTNR:12272:14836] CServerIpc::SetSP : IN(19300, 5)
[05:02:36:25:610][R][CNTNR:20628:18448] ShadowPlayServicePlugin::ProcessReceivedIpcMessage: ServiceMsgTypeSP PID(19300), P(5) hRes = 0x00000000
[05:02:36:25:610][R][SHARE:25640:24824] COverlayApi::SetSP: (19300, 5) 
[05:02:36:25:657][R][NODJS:25616:14072] CShadowPlayApi::SetProperty: IN(DisplayWebcam)
[05:02:36:25:657][R][CNTNR:12272:14836] CServerImpl::SetProperty: IN pArgs[0X4D81FA10] property(DisplayWebcam)
[05:02:36:25:657][R][CNTNR:12272:14836] CSettings::SetProperty: DisplayWebcam
[05:02:36:25:658][R][NODJS:25616:14072] CShadowPlayApi::SetProperty: IN(WebcamPosition)
[05:02:36:25:658][R][CNTNR:12272:14836] CServerImpl::SetProperty: IN pArgs[0X4D81FA10] property(WebcamPosition)
[05:02:36:25:658][R][CNTNR:12272:14836] CSettings::SetProperty: WebcamPosition
[05:02:36:25:658][R][CNTNR:12272:14836] WebcamPos = RightBottom
[05:02:36:25:658][R][CNTNR:12272:14836] CServerImpl::HandleSettingChange: IN msg(205) w(0x2) l(0x0)
[05:02:36:25:658][R][CNTNR:12272:14836] CCaptureControl::HandleEvent: IN(205, 2, 0)
[05:02:36:25:659][R][NODJS:25616:14072] CShadowPlayApi::SetProperty: IN(WebcamSize)
[05:02:36:25:659][R][CNTNR:12272:14836] CServerImpl::SetProperty: IN pArgs[0X4D81CCB0] property(WebcamSize)
[05:02:36:25:659][R][CNTNR:12272:14836] CSettings::SetProperty: WebcamSize
[05:02:36:25:659][R][CNTNR:12272:14836] WebcamSize = Small
[05:02:36:25:659][R][CNTNR:12272:14836] CServerImpl::HandleSettingChange: IN msg(206) w(0x1) l(0x0)
[05:02:36:25:659][R][CNTNR:12272:14836] CCaptureControl::HandleEvent: IN(206, 1, 0)
[05:02:36:25:673][R][NODJS:25616:22716] CShadowPlayApi::SetCaptureSessionParam: IN hSession(0XFFFFFFFF) uiCmd(13)
[05:02:36:25:674][R][CNTNR:12272:14836] CServerImpl::SetCaptureSessionParam: IN cmd(13) hSession(0XFFFFFFFF)
[05:02:36:26:469][R][HELPR:13504: 2204] CShadowPlayHelper::ProcessWindowMessges: WMHK 7
[05:02:36:26:469][R][NODJS:25616:17344] CShadowPlayHotkeyReceiver::PluginCallback: Received message 7
[05:02:36:26:482][R][SHARE:25640:24824] CShadowPlayApi::SetCaptureSessionParam: IN hSession(0XFFFFFFFF) uiCmd(20)
[05:02:36:26:483][R][CNTNR:12272:14836] CServerImpl::SetCaptureSessionParam: IN cmd(20) hSession(0XFFFFFFFF)
[05:02:36:26:483][R][CNTNR:12272:14836] CServerIpc::SetSP : IN(25640, 2)
[05:02:36:26:483][R][NODJS:25616:12340] CShadowPlayApi::SetCaptureSessionParam: IN hSession(0XFFFFFFFF) uiCmd(13)
[05:02:36:26:484][R][CNTNR:20628:18448] ShadowPlayServicePlugin::ProcessReceivedIpcMessage: ServiceMsgTypeSP PID(25640), P(2) hRes = 0x00000000
[05:02:36:26:485][R][SHARE:25640:24824] COverlayApi::SetSP: (25640, 2) 
[05:02:36:26:485][R][SHARE:25640:24824] CShadowPlayApi::SetCaptureSessionParam: IN hSession(0XFFFFFFFF) uiCmd(20)
[05:02:36:26:485][R][CNTNR:12272:14836] CServerImpl::SetCaptureSessionParam: IN cmd(20) hSession(0XFFFFFFFF)
[05:02:36:26:485][R][CNTNR:12272:14836] CServerIpc::SetSP : IN(19300, 2)
[05:02:36:26:485][R][CNTNR:20628:18448] ShadowPlayServicePlugin::ProcessReceivedIpcMessage: ServiceMsgTypeSP PID(19300), P(2) hRes = 0x00000000
[05:02:36:26:486][R][CNTNR:12272:14836] CServerImpl::SetCaptureSessionParam: IN cmd(13) hSession(0XFFFFFFFF)
[05:02:36:26:486][R][SHARE:25640:24824] COverlayApi::SetSP: (19300, 2) 
[05:02:36:26:486][R][NODJS:25616: 9396] CShadowPlayApi::SetCaptureSessionParam: IN hSession(0XFFFFFFFF) uiCmd(13)
[05:02:36:26:487][R][SHARE:25640:24824] COverlayApi::GetFullscreenState: OUT(0x00000000) wxh[0 x 0] process[] dwm[0] borderless[0] fullscreen[0] IsHdrActive:0
[05:02:36:26:487][R][CNTNR:12272:14836] CServerImpl::SetCaptureSessionParam: IN cmd(13) hSession(0XFFFFFFFF)
[05:02:36:26:510][R][SHARE:25640:24824] COverlayApi::SetInputRedirectionMode: mode[4] NumRects[0]
[05:02:36:36:901][R][HELPR:13504: 2204] CShadowPlayHelper::ProcessWindowMessges: WMHK 7
[05:02:36:36:901][R][NODJS:25616:17344] CShadowPlayHotkeyReceiver::PluginCallback: Received message 7
[05:02:36:37:217][E][CNTNR:12272:14836] CSharedDataManager::GetFocusProcInfo: No valid process in focus
[05:02:36:37:217][E][CNTNR:12272:14836] CCaptureControl::GetCaptureProcInfo: GetFocusProcInfo failed(0x8004023A)
[05:02:36:37:217][E][CNTNR:12272:14836] CCaptureControl::GetParam: failed(cmd = 15) 0x8004023A
[05:02:36:37:217][E][CNTNR:12272:14836] CServerImpl::GetCaptureSessionParam: GetCaptureSessionParam Failed. 0x8004023A
[05:02:36:37:217][E][CNTNR:12272:14836] ShadowPlayServerPlugin::ProcessReceivedIpcMessage: m_pSPServer->GetCaptureSessionParam [0x8004023a]
[05:02:36:37:219][E][NODJS:25616:13036] CShadowPlayApi::GetCaptureSessionParam: fail hr[0x8004023a]
[05:02:36:37:222][R][SHARE:25640:24824] COverlayApi::GetFullscreenState: OUT(0x00000000) wxh[0 x 0] process[] dwm[0] borderless[0] fullscreen[0] IsHdrActive:0
[05:02:36:37:223][R][SHARE:25640:24824] COverlayApi::GetFullscreenState: OUT(0x00000000) wxh[0 x 0] process[] dwm[0] borderless[0] fullscreen[0] IsHdrActive:0
[05:02:36:37:223][R][SHARE:25640:24824] COverlayApi::SetInputRedirectionMode: mode[3] NumRects[0]
[05:02:36:37:226][R][NODJS:25616: 8924] CShadowPlayApi::SetProperty: IN(CoPlayEnabled)
[05:02:36:37:227][R][CNTNR:12272:14836] CServerImpl::SetProperty: IN pArgs[0X4D81EAF0] property(CoPlayEnabled)
[05:02:36:37:227][R][CNTNR:12272:14836] CSettings::SetProperty: CoPlayEnabled
[05:02:36:37:227][R][CNTNR:12272:14836] enableCoPlay = False
[05:02:36:37:283][R][SHARE:25640:24824] CShadowPlayApi::SetCaptureSessionParam: IN hSession(0XFFFFFFFF) uiCmd(20)
[05:02:36:37:284][R][CNTNR:12272:14836] CServerImpl::SetCaptureSessionParam: IN cmd(20) hSession(0XFFFFFFFF)
[05:02:36:37:284][R][CNTNR:12272:14836] CServerIpc::SetSP : IN(25640, 5)
[05:02:36:37:289][R][CNTNR:20628:18448] ShadowPlayServicePlugin::ProcessReceivedIpcMessage: ServiceMsgTypeSP PID(25640), P(5) hRes = 0x00000000
[05:02:36:37:289][R][SHARE:25640:24824] COverlayApi::SetSP: (25640, 5) 
[05:02:36:37:289][R][SHARE:25640:24824] CShadowPlayApi::SetCaptureSessionParam: IN hSession(0XFFFFFFFF) uiCmd(20)
[05:02:36:37:289][R][CNTNR:12272:14836] CServerImpl::SetCaptureSessionParam: IN cmd(20) hSession(0XFFFFFFFF)
[05:02:36:37:289][R][CNTNR:12272:14836] CServerIpc::SetSP : IN(19300, 5)
[05:02:36:37:290][R][CNTNR:20628:18448] ShadowPlayServicePlugin::ProcessReceivedIpcMessage: ServiceMsgTypeSP PID(19300), P(5) hRes = 0x00000000
[05:02:36:37:292][R][SHARE:25640:24824] COverlayApi::SetSP: (19300, 5) 
[05:02:36:37:371][R][NODJS:25616:27828] CShadowPlayApi::SetProperty: IN(DisplayWebcam)
[05:02:36:37:372][R][CNTNR:12272:14836] CServerImpl::SetProperty: IN pArgs[0X4D81E360] property(DisplayWebcam)
[05:02:36:37:372][R][CNTNR:12272:14836] CSettings::SetProperty: DisplayWebcam
[05:02:36:37:372][R][NODJS:25616:27828] CShadowPlayApi::SetProperty: IN(WebcamPosition)
[05:02:36:37:373][R][CNTNR:12272:14836] CServerImpl::SetProperty: IN pArgs[0X4D81EAF0] property(WebcamPosition)
[05:02:36:37:373][R][CNTNR:12272:14836] CSettings::SetProperty: WebcamPosition
[05:02:36:37:373][R][CNTNR:12272:14836] WebcamPos = RightBottom
[05:02:36:37:373][R][CNTNR:12272:14836] CServerImpl::HandleSettingChange: IN msg(205) w(0x2) l(0x0)
[05:02:36:37:373][R][CNTNR:12272:14836] CCaptureControl::HandleEvent: IN(205, 2, 0)
[05:02:36:37:374][R][NODJS:25616:27828] CShadowPlayApi::SetProperty: IN(WebcamSize)
[05:02:36:37:374][R][CNTNR:12272:14836] CServerImpl::SetProperty: IN pArgs[0X4D81CCB0] property(WebcamSize)
[05:02:36:37:374][R][CNTNR:12272:14836] CSettings::SetProperty: WebcamSize
[05:02:36:37:374][R][CNTNR:12272:14836] WebcamSize = Small
[05:02:36:37:374][R][CNTNR:12272:14836] CServerImpl::HandleSettingChange: IN msg(206) w(0x1) l(0x0)
[05:02:36:37:374][R][CNTNR:12272:14836] CCaptureControl::HandleEvent: IN(206, 1, 0)
[05:02:36:37:409][R][NODJS:25616:18924] CShadowPlayApi::SetCaptureSessionParam: IN hSession(0XFFFFFFFF) uiCmd(13)
[05:02:36:37:409][R][CNTNR:12272:14836] CServerImpl::SetCaptureSessionParam: IN cmd(13) hSession(0XFFFFFFFF)
[05:02:36:41:048][R][NODJS:25616:12060] CShadowPlayApi::SetProperty: IN(EncoderProfile)
[05:02:36:41:049][R][CNTNR:12272:14836] CServerImpl::SetProperty: IN pArgs[0X4D81DBD0] property(EncoderProfile)
[05:02:36:41:049][R][CNTNR:12272:14836] CSettings::SetProperty: EncoderProfile
[05:02:36:41:049][R][NODJS:25616:12060] CShadowPlayApi::SetProperty: IN(DVRBufferLen)
[05:02:36:41:049][R][CNTNR:12272:14836] CServerImpl::SetProperty: IN pArgs[0X4D81EAF0] property(DVRBufferLen)
[05:02:36:41:049][R][CNTNR:12272:14836] CSettings::SetProperty: DVRBufferLen
[05:02:36:41:049][R][CNTNR:12272:14836] DVRBufLength = 30
[05:02:36:41:124][R][NODJS:25616: 7408] CShadowPlayApi::SetProperty: IN(DisplayWebcam)
[05:02:36:41:125][R][CNTNR:12272:14836] CServerImpl::SetProperty: IN pArgs[0X4D81CCB0] property(DisplayWebcam)
[05:02:36:41:125][R][CNTNR:12272:14836] CSettings::SetProperty: DisplayWebcam
[05:02:36:41:125][R][NODJS:25616: 7408] CShadowPlayApi::SetProperty: IN(WebcamPosition)
[05:02:36:41:126][R][CNTNR:12272:14836] CServerImpl::SetProperty: IN pArgs[0X4D81EAF0] property(WebcamPosition)
[05:02:36:41:126][R][CNTNR:12272:14836] CSettings::SetProperty: WebcamPosition
[05:02:36:41:127][R][CNTNR:12272:14836] WebcamPos = RightBottom
[05:02:36:41:127][R][CNTNR:12272:14836] CServerImpl::HandleSettingChange: IN msg(205) w(0x2) l(0x0)
[05:02:36:41:127][R][CNTNR:12272:14836] CCaptureControl::HandleEvent: IN(205, 2, 0)
[05:02:36:41:127][R][NODJS:25616:25140] CShadowPlayApi::SetCaptureSessionParam: IN hSession(0XFFFFFFFF) uiCmd(13)
[05:02:36:41:127][R][NODJS:25616: 7408] CShadowPlayApi::SetProperty: IN(WebcamSize)
[05:02:36:41:128][R][CNTNR:12272:14836] CServerImpl::SetCaptureSessionParam: IN cmd(13) hSession(0XFFFFFFFF)
[05:02:36:41:128][R][CNTNR:12272:14836] CServerImpl::SetProperty: IN pArgs[0X4D81CCB0] property(WebcamSize)
[05:02:36:41:128][R][CNTNR:12272:14836] CSettings::SetProperty: WebcamSize
[05:02:36:41:129][R][CNTNR:12272:14836] WebcamSize = Small
[05:02:36:41:129][R][CNTNR:12272:14836] CServerImpl::HandleSettingChange: IN msg(206) w(0x1) l(0x0)
[05:02:36:41:129][R][CNTNR:12272:14836] CCaptureControl::HandleEvent: IN(206, 1, 0)
[05:02:36:42:394][R][NODJS:25616:27956] CShadowPlayApi::CaptureSessionControl: IN hSession(0XFFFFFFFF) eControlCmd(12)
[05:02:36:42:395][R][CNTNR:12272:14836] CServerImpl::CaptureSessionControl: IN pArgs[0X4D81FA10] hSession(0XFFFFFFFF) cmd: (TOGGLE_CAMERA) controller: (OSCUI)
[05:02:36:42:395][R][CNTNR:12272:14836] CCaptureControl::HandleEvent: IN(204, 1, 0)
[05:02:36:42:395][R][CNTNR:12272:14836] CServerImpl::CaptureSessionControl: OUT pArgs[0X4D81FA10] hr[0]
[05:02:36:42:395][R][NODJS:25616:27956] CShadowPlayApi::CaptureSessionControl: OUT
[05:02:36:42:662][R][NODJS:25616:10588] CShadowPlayApi::SetProperty: IN(DisplayWebcam)
[05:02:36:42:679][R][NODJS:25616: 2888] CShadowPlayApi::SetCaptureSessionParam: IN hSession(0XFFFFFFFF) uiCmd(13)
[05:02:36:42:679][R][CNTNR:12272:14836] CServerImpl::SetProperty: IN pArgs[0X4D81DBD0] property(DisplayWebcam)
[05:02:36:42:679][R][CNTNR:12272:14836] CSettings::SetProperty: DisplayWebcam
[05:02:36:42:679][R][CNTNR:12272:14836] DispWebcam = True
[05:02:36:42:679][R][CNTNR:12272:14836] CServerImpl::HandleSettingChange: IN msg(204) w(0x1) l(0x0)
[05:02:36:42:679][R][CNTNR:12272:14836] CCaptureControl::HandleEvent: IN(204, 1, 0)
[05:02:36:42:679][R][NODJS:25616:10588] CShadowPlayApi::SetProperty: IN(WebcamPosition)
[05:02:36:42:679][R][CNTNR:12272:14836] CServerImpl::SetCaptureSessionParam: IN cmd(13) hSession(0XFFFFFFFF)
[05:02:36:42:681][R][CNTNR:12272:14836] CServerImpl::SetProperty: IN pArgs[0X4D81C520] property(WebcamPosition)
[05:02:36:42:681][R][CNTNR:12272:14836] CSettings::SetProperty: WebcamPosition
[05:02:36:42:681][R][CNTNR:12272:14836] WebcamPos = RightBottom
[05:02:36:42:681][R][CNTNR:12272:14836] CServerImpl::HandleSettingChange: IN msg(205) w(0x2) l(0x0)
[05:02:36:42:681][R][CNTNR:12272:14836] CCaptureControl::HandleEvent: IN(205, 2, 0)
[05:02:36:42:682][R][NODJS:25616:10588] CShadowPlayApi::SetProperty: IN(WebcamSize)
[05:02:36:42:685][R][NODJS:25616:26612] CShadowPlayApi::SetProperty: IN(DisplayWebcam)
[05:02:36:42:701][R][NODJS:25616: 9396] CShadowPlayApi::SetCaptureSessionParam: IN hSession(0XFFFFFFFF) uiCmd(13)
[05:02:36:42:701][R][CNTNR:12272:14836] CServerImpl::SetProperty: IN pArgs[0X4D81C520] property(WebcamSize)
[05:02:36:42:701][R][CNTNR:12272:14836] CSettings::SetProperty: WebcamSize
[05:02:36:42:702][R][CNTNR:12272:14836] WebcamSize = Small
[05:02:36:42:702][R][CNTNR:12272:14836] CServerImpl::HandleSettingChange: IN msg(206) w(0x1) l(0x0)
[05:02:36:42:702][R][CNTNR:12272:14836] CCaptureControl::HandleEvent: IN(206, 1, 0)
[05:02:36:42:702][R][CNTNR:12272:14836] CServerImpl::SetProperty: IN pArgs[0X4D81CCB0] property(DisplayWebcam)
[05:02:36:42:702][R][CNTNR:12272:14836] CSettings::SetProperty: DisplayWebcam
[05:02:36:42:703][R][NODJS:25616:26612] CShadowPlayApi::SetProperty: IN(WebcamPosition)
[05:02:36:42:704][R][CNTNR:12272:14836] CServerImpl::SetCaptureSessionParam: IN cmd(13) hSession(0XFFFFFFFF)
[05:02:36:42:708][R][NODJS:25616:13036] CShadowPlayApi::SetProperty: IN(DisplayWebcam)
[05:02:36:42:730][R][CNTNR:12272:14836] CServerImpl::SetProperty: IN pArgs[0X4D81E360] property(WebcamPosition)
[05:02:36:42:730][R][CNTNR:12272:14836] CSettings::SetProperty: WebcamPosition
[05:02:36:42:730][R][CNTNR:12272:14836] WebcamPos = RightBottom
[05:02:36:42:730][R][CNTNR:12272:14836] CServerImpl::HandleSettingChange: IN msg(205) w(0x2) l(0x0)
[05:02:36:42:730][R][CNTNR:12272:14836] CCaptureControl::HandleEvent: IN(205, 2, 0)
[05:02:36:42:730][R][NODJS:25616:26612] CShadowPlayApi::SetProperty: IN(WebcamSize)
[05:02:36:42:731][R][NODJS:25616: 8924] CShadowPlayApi::SetCaptureSessionParam: IN hSession(0XFFFFFFFF) uiCmd(13)
[05:02:36:42:732][R][CNTNR:12272:14836] CServerImpl::SetProperty: IN pArgs[0X4D81CCB0] property(DisplayWebcam)
[05:02:36:42:732][R][CNTNR:12272:14836] CSettings::SetProperty: DisplayWebcam
[05:02:36:42:732][R][NODJS:25616:13036] CShadowPlayApi::SetProperty: IN(WebcamPosition)
[05:02:36:42:733][R][CNTNR:12272:14836] CServerImpl::SetProperty: IN pArgs[0X4D81FA10] property(WebcamSize)
[05:02:36:42:733][R][CNTNR:12272:14836] CSettings::SetProperty: WebcamSize
[05:02:36:42:733][R][CNTNR:12272:14836] WebcamSize = Small
[05:02:36:42:733][R][CNTNR:12272:14836] CServerImpl::HandleSettingChange: IN msg(206) w(0x1) l(0x0)
[05:02:36:42:733][R][CNTNR:12272:14836] CCaptureControl::HandleEvent: IN(206, 1, 0)
[05:02:36:42:734][R][CNTNR:12272:14836] CServerImpl::SetCaptureSessionParam: IN cmd(13) hSession(0XFFFFFFFF)
[05:02:36:42:740][R][NODJS:25616:21196] CShadowPlayApi::SetProperty: IN(DisplayWebcam)
[05:02:36:42:760][R][CNTNR:12272:14836] CServerImpl::SetProperty: IN pArgs[0X4D81EAF0] property(WebcamPosition)
[05:02:36:42:760][R][CNTNR:12272:14836] CSettings::SetProperty: WebcamPosition
[05:02:36:42:760][R][CNTNR:12272:14836] WebcamPos = RightBottom
[05:02:36:42:760][R][CNTNR:12272:14836] CServerImpl::HandleSettingChange: IN msg(205) w(0x2) l(0x0)
[05:02:36:42:760][R][CNTNR:12272:14836] CCaptureControl::HandleEvent: IN(205, 2, 0)
[05:02:36:42:760][R][NODJS:25616:13036] CShadowPlayApi::SetProperty: IN(WebcamSize)
[05:02:36:42:762][R][NODJS:25616: 8588] CShadowPlayApi::SetCaptureSessionParam: IN hSession(0XFFFFFFFF) uiCmd(13)
[05:02:36:42:762][R][CNTNR:12272:14836] CServerImpl::SetProperty: IN pArgs[0X4D81FA10] property(DisplayWebcam)
[05:02:36:42:762][R][CNTNR:12272:14836] CSettings::SetProperty: DisplayWebcam
[05:02:36:42:762][R][NODJS:25616:21196] CShadowPlayApi::SetProperty: IN(WebcamPosition)
[05:02:36:42:762][R][CNTNR:12272:14836] CServerImpl::SetProperty: IN pArgs[0X4D81EAF0] property(WebcamSize)
[05:02:36:42:762][R][CNTNR:12272:14836] CSettings::SetProperty: WebcamSize
[05:02:36:42:762][R][CNTNR:12272:14836] WebcamSize = Small
[05:02:36:42:763][R][CNTNR:12272:14836] CServerImpl::HandleSettingChange: IN msg(206) w(0x1) l(0x0)
[05:02:36:42:763][R][CNTNR:12272:14836] CCaptureControl::HandleEvent: IN(206, 1, 0)
[05:02:36:42:763][R][CNTNR:12272:14836] CServerImpl::SetCaptureSessionParam: IN cmd(13) hSession(0XFFFFFFFF)
[05:02:36:42:767][R][NODJS:25616:27204] CShadowPlayApi::SetProperty: IN(DisplayWebcam)
[05:02:36:42:784][R][CNTNR:12272:14836] CServerImpl::SetProperty: IN pArgs[0X4D81F280] property(WebcamPosition)
[05:02:36:42:784][R][CNTNR:12272:14836] CSettings::SetProperty: WebcamPosition
[05:02:36:42:785][R][CNTNR:12272:14836] WebcamPos = RightBottom
[05:02:36:42:785][R][CNTNR:12272:14836] CServerImpl::HandleSettingChange: IN msg(205) w(0x2) l(0x0)
[05:02:36:42:785][R][CNTNR:12272:14836] CCaptureControl::HandleEvent: IN(205, 2, 0)
[05:02:36:42:785][R][NODJS:25616:21196] CShadowPlayApi::SetProperty: IN(WebcamSize)
[05:02:36:42:786][R][NODJS:25616:26120] CShadowPlayApi::SetCaptureSessionParam: IN hSession(0XFFFFFFFF) uiCmd(13)
[05:02:36:42:786][R][CNTNR:12272:14836] CServerImpl::SetProperty: IN pArgs[0X4D81F280] property(DisplayWebcam)
[05:02:36:42:786][R][CNTNR:12272:14836] CSettings::SetProperty: DisplayWebcam
[05:02:36:42:787][R][NODJS:25616:27204] CShadowPlayApi::SetProperty: IN(WebcamPosition)
[05:02:36:42:787][R][CNTNR:12272:14836] CServerImpl::SetProperty: IN pArgs[0X4D81F280] property(WebcamSize)
[05:02:36:42:787][R][CNTNR:12272:14836] CSettings::SetProperty: WebcamSize
[05:02:36:42:787][R][CNTNR:12272:14836] WebcamSize = Small
[05:02:36:42:787][R][CNTNR:12272:14836] CServerImpl::HandleSettingChange: IN msg(206) w(0x1) l(0x0)
[05:02:36:42:787][R][CNTNR:12272:14836] CCaptureControl::HandleEvent: IN(206, 1, 0)
[05:02:36:42:789][R][NODJS:25616:28408] CShadowPlayApi::SetProperty: IN(DisplayWebcam)
[05:02:36:42:808][R][CNTNR:12272:14836] CServerImpl::SetCaptureSessionParam: IN cmd(13) hSession(0XFFFFFFFF)
[05:02:36:42:809][R][CNTNR:12272:14836] CServerImpl::SetProperty: IN pArgs[0X4D81CCB0] property(WebcamPosition)
[05:02:36:42:809][R][CNTNR:12272:14836] CSettings::SetProperty: WebcamPosition
[05:02:36:42:809][R][CNTNR:12272:14836] WebcamPos = RightBottom
[05:02:36:42:809][R][CNTNR:12272:14836] CServerImpl::HandleSettingChange: IN msg(205) w(0x2) l(0x0)
[05:02:36:42:809][R][CNTNR:12272:14836] CCaptureControl::HandleEvent: IN(205, 2, 0)
[05:02:36:42:810][R][NODJS:25616:27204] CShadowPlayApi::SetProperty: IN(WebcamSize)
[05:02:36:42:810][R][CNTNR:12272:14836] CServerImpl::SetProperty: IN pArgs[0X4D81FA10] property(DisplayWebcam)
[05:02:36:42:811][R][CNTNR:12272:14836] CSettings::SetProperty: DisplayWebcam
[05:02:36:42:811][R][NODJS:25616:28408] CShadowPlayApi::SetProperty: IN(WebcamPosition)
[05:02:36:42:811][R][CNTNR:12272:14836] CServerImpl::SetProperty: IN pArgs[0X4D81C520] property(WebcamSize)
[05:02:36:42:811][R][CNTNR:12272:14836] CSettings::SetProperty: WebcamSize
[05:02:36:42:811][R][NODJS:25616:21496] CShadowPlayApi::SetCaptureSessionParam: IN hSession(0XFFFFFFFF) uiCmd(13)
[05:02:36:42:811][R][CNTNR:12272:14836] WebcamSize = Small
[05:02:36:42:811][R][CNTNR:12272:14836] CServerImpl::HandleSettingChange: IN msg(206) w(0x1) l(0x0)
[05:02:36:42:811][R][CNTNR:12272:14836] CCaptureControl::HandleEvent: IN(206, 1, 0)
[05:02:36:42:815][R][NODJS:25616:23492] CShadowPlayApi::SetProperty: IN(DisplayWebcam)
[05:02:36:42:831][R][CNTNR:12272:14836] CServerImpl::SetProperty: IN pArgs[0X4D81CCB0] property(WebcamPosition)
[05:02:36:42:831][R][CNTNR:12272:14836] CSettings::SetProperty: WebcamPosition
[05:02:36:42:832][R][CNTNR:12272:14836] WebcamPos = RightBottom
[05:02:36:42:832][R][CNTNR:12272:14836] CServerImpl::HandleSettingChange: IN msg(205) w(0x2) l(0x0)
[05:02:36:42:832][R][CNTNR:12272:14836] CCaptureControl::HandleEvent: IN(205, 2, 0)
[05:02:36:42:832][R][NODJS:25616:28408] CShadowPlayApi::SetProperty: IN(WebcamSize)
[05:02:36:42:832][R][CNTNR:12272:14836] CServerImpl::SetCaptureSessionParam: IN cmd(13) hSession(0XFFFFFFFF)
[05:02:36:42:834][R][CNTNR:12272:14836] CServerImpl::SetProperty: IN pArgs[0X4D81F280] property(WebcamSize)
[05:02:36:42:834][R][CNTNR:12272:14836] CSettings::SetProperty: WebcamSize
[05:02:36:42:834][R][CNTNR:12272:14836] WebcamSize = Small
[05:02:36:42:834][R][CNTNR:12272:14836] CServerImpl::HandleSettingChange: IN msg(206) w(0x1) l(0x0)
[05:02:36:42:834][R][CNTNR:12272:14836] CCaptureControl::HandleEvent: IN(206, 1, 0)
[05:02:36:42:835][R][NODJS:25616: 8944] CShadowPlayApi::SetCaptureSessionParam: IN hSession(0XFFFFFFFF) uiCmd(13)
[05:02:36:42:835][R][CNTNR:12272:14836] CServerImpl::SetProperty: IN pArgs[0X4D81C520] property(DisplayWebcam)
[05:02:36:42:835][R][CNTNR:12272:14836] CSettings::SetProperty: DisplayWebcam
[05:02:36:42:836][R][NODJS:25616:23492] CShadowPlayApi::SetProperty: IN(WebcamPosition)
[05:02:36:42:836][R][CNTNR:12272:14836] CServerImpl::SetCaptureSessionParam: IN cmd(13) hSession(0XFFFFFFFF)
[05:02:36:42:837][R][NODJS:25616: 9956] CShadowPlayApi::SetProperty: IN(DisplayWebcam)
[05:02:36:42:837][R][CNTNR:12272:14836] CServerImpl::SetProperty: IN pArgs[0X4D81CCB0] property(WebcamPosition)
[05:02:36:42:837][R][CNTNR:12272:14836] CSettings::SetProperty: WebcamPosition
[05:02:36:42:837][R][CNTNR:12272:14836] WebcamPos = RightBottom
[05:02:36:42:837][R][CNTNR:12272:14836] CServerImpl::HandleSettingChange: IN msg(205) w(0x2) l(0x0)
[05:02:36:42:837][R][CNTNR:12272:14836] CCaptureControl::HandleEvent: IN(205, 2, 0)
[05:02:36:42:838][R][NODJS:25616:23492] CShadowPlayApi::SetProperty: IN(WebcamSize)
[05:02:36:42:840][R][NODJS:25616:18924] CShadowPlayApi::SetCaptureSessionParam: IN hSession(0XFFFFFFFF) uiCmd(13)
[05:02:36:42:861][R][CNTNR:12272:14836] CServerImpl::SetProperty: IN pArgs[0X4D81DBD0] property(DisplayWebcam)
[05:02:36:42:861][R][CNTNR:12272:14836] CSettings::SetProperty: DisplayWebcam
[05:02:36:42:861][R][NODJS:25616: 9956] CShadowPlayApi::SetProperty: IN(WebcamPosition)
[05:02:36:42:862][R][CNTNR:12272:14836] CServerImpl::SetProperty: IN pArgs[0X4D81EAF0] property(WebcamSize)
[05:02:36:42:862][R][CNTNR:12272:14836] CSettings::SetProperty: WebcamSize
[05:02:36:42:862][R][CNTNR:12272:14836] WebcamSize = Small
[05:02:36:42:862][R][CNTNR:12272:14836] CServerImpl::HandleSettingChange: IN msg(206) w(0x1) l(0x0)
[05:02:36:42:862][R][CNTNR:12272:14836] CCaptureControl::HandleEvent: IN(206, 1, 0)
[05:02:36:42:862][R][CNTNR:12272:14836] CServerImpl::SetCaptureSessionParam: IN cmd(13) hSession(0XFFFFFFFF)
[05:02:36:42:863][R][CNTNR:12272:14836] CServerImpl::SetProperty: IN pArgs[0X4D81F280] property(WebcamPosition)
[05:02:36:42:864][R][CNTNR:12272:14836] CSettings::SetProperty: WebcamPosition
[05:02:36:42:864][R][CNTNR:12272:14836] WebcamPos = RightBottom
[05:02:36:42:864][R][CNTNR:12272:14836] CServerImpl::HandleSettingChange: IN msg(205) w(0x2) l(0x0)
[05:02:36:42:864][R][CNTNR:12272:14836] CCaptureControl::HandleEvent: IN(205, 2, 0)
[05:02:36:42:864][R][NODJS:25616: 9956] CShadowPlayApi::SetProperty: IN(WebcamSize)
[05:02:36:42:868][R][NODJS:25616:27596] CShadowPlayApi::SetProperty: IN(DisplayWebcam)
[05:02:36:42:886][R][CNTNR:12272:14836] CServerImpl::SetProperty: IN pArgs[0X4D81F280] property(WebcamSize)
[05:02:36:42:886][R][CNTNR:12272:14836] CSettings::SetProperty: WebcamSize
[05:02:36:42:886][R][CNTNR:12272:14836] WebcamSize = Small
[05:02:36:42:886][R][CNTNR:12272:14836] CServerImpl::HandleSettingChange: IN msg(206) w(0x1) l(0x0)
[05:02:36:42:886][R][CNTNR:12272:14836] CCaptureControl::HandleEvent: IN(206, 1, 0)
[05:02:36:42:887][R][CNTNR:12272:14836] CServerImpl::SetProperty: IN pArgs[0X4D81EAF0] property(DisplayWebcam)
[05:02:36:42:887][R][CNTNR:12272:14836] CSettings::SetProperty: DisplayWebcam
[05:02:36:42:887][R][NODJS:25616:27596] CShadowPlayApi::SetProperty: IN(WebcamPosition)
[05:02:36:42:888][R][NODJS:25616:15320] CShadowPlayApi::SetCaptureSessionParam: IN hSession(0XFFFFFFFF) uiCmd(13)
[05:02:36:42:889][R][CNTNR:12272:14836] CServerImpl::SetProperty: IN pArgs[0X4D81CCB0] property(WebcamPosition)
[05:02:36:42:889][R][CNTNR:12272:14836] CSettings::SetProperty: WebcamPosition
[05:02:36:42:889][R][CNTNR:12272:14836] WebcamPos = RightBottom
[05:02:36:42:889][R][CNTNR:12272:14836] CServerImpl::HandleSettingChange: IN msg(205) w(0x2) l(0x0)
[05:02:36:42:889][R][CNTNR:12272:14836] CCaptureControl::HandleEvent: IN(205, 2, 0)
[05:02:36:42:890][R][NODJS:25616:27596] CShadowPlayApi::SetProperty: IN(WebcamSize)
[05:02:36:42:890][R][CNTNR:12272:14836] CServerImpl::SetCaptureSessionParam: IN cmd(13) hSession(0XFFFFFFFF)
[05:02:36:42:892][R][NODJS:25616:13020] CShadowPlayApi::SetProperty: IN(DisplayWebcam)
[05:02:36:42:909][R][CNTNR:12272:14836] CServerImpl::SetProperty: IN pArgs[0X4D81CCB0] property(WebcamSize)
[05:02:36:42:909][R][CNTNR:12272:14836] CSettings::SetProperty: WebcamSize
[05:02:36:42:909][R][CNTNR:12272:14836] WebcamSize = Small
[05:02:36:42:909][R][CNTNR:12272:14836] CServerImpl::HandleSettingChange: IN msg(206) w(0x1) l(0x0)
[05:02:36:42:909][R][CNTNR:12272:14836] CCaptureControl::HandleEvent: IN(206, 1, 0)
[05:02:36:42:909][R][CNTNR:12272:14836] CServerImpl::SetProperty: IN pArgs[0X4D81CCB0] property(DisplayWebcam)
[05:02:36:42:909][R][CNTNR:12272:14836] CSettings::SetProperty: DisplayWebcam
[05:02:36:42:911][R][NODJS:25616:13020] CShadowPlayApi::SetProperty: IN(WebcamPosition)
[05:02:36:42:911][R][NODJS:25616:27636] CShadowPlayApi::SetCaptureSessionParam: IN hSession(0XFFFFFFFF) uiCmd(13)
[05:02:36:42:917][R][NODJS:25616:22132] CShadowPlayApi::SetProperty: IN(DisplayWebcam)
[05:02:36:42:933][R][CNTNR:12272:14836] CServerImpl::SetProperty: IN pArgs[0X4D81C520] property(WebcamPosition)
[05:02:36:42:933][R][CNTNR:12272:14836] CSettings::SetProperty: WebcamPosition
[05:02:36:42:933][R][CNTNR:12272:14836] WebcamPos = RightBottom
[05:02:36:42:933][R][CNTNR:12272:14836] CServerImpl::HandleSettingChange: IN msg(205) w(0x2) l(0x0)
[05:02:36:42:933][R][CNTNR:12272:14836] CCaptureControl::HandleEvent: IN(205, 2, 0)
[05:02:36:42:933][R][NODJS:25616:13020] CShadowPlayApi::SetProperty: IN(WebcamSize)
[05:02:36:42:933][R][CNTNR:12272:14836] CServerImpl::SetCaptureSessionParam: IN cmd(13) hSession(0XFFFFFFFF)
[05:02:36:42:936][R][CNTNR:12272:14836] CServerImpl::SetProperty: IN pArgs[0X4D81CCB0] property(DisplayWebcam)
[05:02:36:42:936][R][CNTNR:12272:14836] CSettings::SetProperty: DisplayWebcam
[05:02:36:42:936][R][NODJS:25616:12060] CShadowPlayApi::SetCaptureSessionParam: IN hSession(0XFFFFFFFF) uiCmd(13)
[05:02:36:42:937][R][NODJS:25616:22132] CShadowPlayApi::SetProperty: IN(WebcamPosition)
[05:02:36:42:937][R][CNTNR:12272:14836] CServerImpl::SetProperty: IN pArgs[0X4D81F280] property(WebcamSize)
[05:02:36:42:937][R][CNTNR:12272:14836] CSettings::SetProperty: WebcamSize
[05:02:36:42:937][R][CNTNR:12272:14836] WebcamSize = Small
[05:02:36:42:937][R][CNTNR:12272:14836] CServerImpl::HandleSettingChange: IN msg(206) w(0x1) l(0x0)
[05:02:36:42:937][R][CNTNR:12272:14836] CCaptureControl::HandleEvent: IN(206, 1, 0)
[05:02:36:42:938][R][CNTNR:12272:14836] CServerImpl::SetCaptureSessionParam: IN cmd(13) hSession(0XFFFFFFFF)
[05:02:36:42:939][R][CNTNR:12272:14836] CServerImpl::SetProperty: IN pArgs[0X4D81E360] property(WebcamPosition)
[05:02:36:42:939][R][CNTNR:12272:14836] CSettings::SetProperty: WebcamPosition
[05:02:36:42:939][R][CNTNR:12272:14836] WebcamPos = RightBottom
[05:02:36:42:939][R][CNTNR:12272:14836] CServerImpl::HandleSettingChange: IN msg(205) w(0x2) l(0x0)
[05:02:36:42:939][R][CNTNR:12272:14836] CCaptureControl::HandleEvent: IN(205, 2, 0)
[05:02:36:42:939][R][NODJS:25616:22132] CShadowPlayApi::SetProperty: IN(WebcamSize)
[05:02:36:42:942][R][NODJS:25616: 4848] CShadowPlayApi::SetProperty: IN(DisplayWebcam)
[05:02:36:42:943][R][NODJS:25616:27384] CShadowPlayApi::SetCaptureSessionParam: IN hSession(0XFFFFFFFF) uiCmd(13)
[05:02:36:42:959][R][CNTNR:12272:14836] CServerImpl::SetProperty: IN pArgs[0X4D81C520] property(WebcamSize)
[05:02:36:42:959][R][CNTNR:12272:14836] CSettings::SetProperty: WebcamSize
[05:02:36:42:959][R][CNTNR:12272:14836] WebcamSize = Small
[05:02:36:42:959][R][CNTNR:12272:14836] CServerImpl::HandleSettingChange: IN msg(206) w(0x1) l(0x0)
[05:02:36:42:959][R][CNTNR:12272:14836] CCaptureControl::HandleEvent: IN(206, 1, 0)
[05:02:36:42:959][R][CNTNR:12272:14836] CServerImpl::SetProperty: IN pArgs[0X4D81E360] property(DisplayWebcam)
[05:02:36:42:959][R][CNTNR:12272:14836] CSettings::SetProperty: DisplayWebcam
[05:02:36:42:959][R][NODJS:25616: 4848] CShadowPlayApi::SetProperty: IN(WebcamPosition)
[05:02:36:42:961][R][CNTNR:12272:14836] CServerImpl::SetCaptureSessionParam: IN cmd(13) hSession(0XFFFFFFFF)
[05:02:36:42:961][R][CNTNR:12272:14836] CServerImpl::SetProperty: IN pArgs[0X4D81FA10] property(WebcamPosition)
[05:02:36:42:961][R][CNTNR:12272:14836] CSettings::SetProperty: WebcamPosition
[05:02:36:42:961][R][CNTNR:12272:14836] WebcamPos = RightBottom
[05:02:36:42:961][R][CNTNR:12272:14836] CServerImpl::HandleSettingChange: IN msg(205) w(0x2) l(0x0)
[05:02:36:42:961][R][CNTNR:12272:14836] CCaptureControl::HandleEvent: IN(205, 2, 0)
[05:02:36:42:962][R][NODJS:25616: 4848] CShadowPlayApi::SetProperty: IN(WebcamSize)
[05:02:36:42:964][R][NODJS:25616: 7408] CShadowPlayApi::SetProperty: IN(DisplayWebcam)
[05:02:36:42:983][R][NODJS:25616:16456] CShadowPlayApi::SetCaptureSessionParam: IN hSession(0XFFFFFFFF) uiCmd(13)
[05:02:36:42:983][R][CNTNR:12272:14836] CServerImpl::SetProperty: IN pArgs[0X4D81D440] property(WebcamSize)
[05:02:36:42:983][R][CNTNR:12272:14836] CSettings::SetProperty: WebcamSize
[05:02:36:42:983][R][CNTNR:12272:14836] WebcamSize = Small
[05:02:36:42:983][R][CNTNR:12272:14836] CServerImpl::HandleSettingChange: IN msg(206) w(0x1) l(0x0)
[05:02:36:42:983][R][CNTNR:12272:14836] CCaptureControl::HandleEvent: IN(206, 1, 0)
[05:02:36:42:984][R][CNTNR:12272:14836] CServerImpl::SetProperty: IN pArgs[0X4D81EAF0] property(DisplayWebcam)
[05:02:36:42:984][R][CNTNR:12272:14836] CSettings::SetProperty: DisplayWebcam
[05:02:36:42:985][R][NODJS:25616: 7408] CShadowPlayApi::SetProperty: IN(WebcamPosition)
[05:02:36:42:985][R][CNTNR:12272:14836] CServerImpl::SetCaptureSessionParam: IN cmd(13) hSession(0XFFFFFFFF)
[05:02:36:42:993][R][NODJS:25616: 9072] CShadowPlayApi::SetProperty: IN(DisplayWebcam)
[05:02:36:43:009][R][CNTNR:12272:14836] CServerImpl::SetProperty: IN pArgs[0X4D81E360] property(WebcamPosition)
[05:02:36:43:009][R][CNTNR:12272:14836] CSettings::SetProperty: WebcamPosition
[05:02:36:43:009][R][CNTNR:12272:14836] WebcamPos = RightBottom
[05:02:36:43:009][R][CNTNR:12272:14836] CServerImpl::HandleSettingChange: IN msg(205) w(0x2) l(0x0)
[05:02:36:43:009][R][CNTNR:12272:14836] CCaptureControl::HandleEvent: IN(205, 2, 0)
[05:02:36:43:009][R][NODJS:25616: 7408] CShadowPlayApi::SetProperty: IN(WebcamSize)
[05:02:36:43:009][R][NODJS:25616:14072] CShadowPlayApi::SetCaptureSessionParam: IN hSession(0XFFFFFFFF) uiCmd(13)
[05:02:36:43:010][R][CNTNR:12272:14836] CServerImpl::SetProperty: IN pArgs[0X4D81D440] property(DisplayWebcam)
[05:02:36:43:011][R][CNTNR:12272:14836] CSettings::SetProperty: DisplayWebcam
[05:02:36:43:011][R][NODJS:25616: 9072] CShadowPlayApi::SetProperty: IN(WebcamPosition)
[05:02:36:43:012][R][CNTNR:12272:14836] CServerImpl::SetProperty: IN pArgs[0X4D81E360] property(WebcamSize)
[05:02:36:43:012][R][CNTNR:12272:14836] CSettings::SetProperty: WebcamSize
[05:02:36:43:012][R][CNTNR:12272:14836] WebcamSize = Small
[05:02:36:43:012][R][CNTNR:12272:14836] CServerImpl::HandleSettingChange: IN msg(206) w(0x1) l(0x0)
[05:02:36:43:012][R][CNTNR:12272:14836] CCaptureControl::HandleEvent: IN(206, 1, 0)
[05:02:36:43:012][R][CNTNR:12272:14836] CServerImpl::SetCaptureSessionParam: IN cmd(13) hSession(0XFFFFFFFF)
[05:02:36:43:014][R][CNTNR:12272:14836] CServerImpl::SetProperty: IN pArgs[0X4D81DBD0] property(WebcamPosition)
[05:02:36:43:014][R][CNTNR:12272:14836] CSettings::SetProperty: WebcamPosition
[05:02:36:43:014][R][CNTNR:12272:14836] WebcamPos = RightBottom
[05:02:36:43:014][R][CNTNR:12272:14836] CServerImpl::HandleSettingChange: IN msg(205) w(0x2) l(0x0)
[05:02:36:43:014][R][CNTNR:12272:14836] CCaptureControl::HandleEvent: IN(205, 2, 0)
[05:02:36:43:014][R][NODJS:25616: 9072] CShadowPlayApi::SetProperty: IN(WebcamSize)
[05:02:36:43:015][R][CNTNR:12272:14836] CServerImpl::SetProperty: IN pArgs[0X4D81D440] property(WebcamSize)
[05:02:36:43:015][R][CNTNR:12272:14836] CSettings::SetProperty: WebcamSize
[05:02:36:43:015][R][CNTNR:12272:14836] WebcamSize = Small
[05:02:36:43:015][R][CNTNR:12272:14836] CServerImpl::HandleSettingChange: IN msg(206) w(0x1) l(0x0)
[05:02:36:43:015][R][CNTNR:12272:14836] CCaptureControl::HandleEvent: IN(206, 1, 0)
[05:02:36:43:017][R][NODJS:25616: 6748] CShadowPlayApi::SetProperty: IN(DisplayWebcam)
[05:02:36:43:017][R][CNTNR:12272:14836] CServerImpl::SetProperty: IN pArgs[0X4D81FA10] property(DisplayWebcam)
[05:02:36:43:017][R][CNTNR:12272:14836] CSettings::SetProperty: DisplayWebcam
[05:02:36:43:017][R][NODJS:25616: 6748] CShadowPlayApi::SetProperty: IN(WebcamPosition)
[05:02:36:43:018][R][CNTNR:12272:14836] CServerImpl::SetProperty: IN pArgs[0X4D81DBD0] property(WebcamPosition)
[05:02:36:43:018][R][CNTNR:12272:14836] CSettings::SetProperty: WebcamPosition
[05:02:36:43:018][R][CNTNR:12272:14836] WebcamPos = RightBottom
[05:02:36:43:018][R][CNTNR:12272:14836] CServerImpl::HandleSettingChange: IN msg(205) w(0x2) l(0x0)
[05:02:36:43:018][R][CNTNR:12272:14836] CCaptureControl::HandleEvent: IN(205, 2, 0)
[05:02:36:43:019][R][NODJS:25616: 6748] CShadowPlayApi::SetProperty: IN(WebcamSize)
[05:02:36:43:021][R][CNTNR:12272:14836] CServerImpl::SetProperty: IN pArgs[0X4D81CCB0] property(WebcamSize)
[05:02:36:43:021][R][CNTNR:12272:14836] CSettings::SetProperty: WebcamSize
[05:02:36:43:021][R][CNTNR:12272:14836] WebcamSize = Small
[05:02:36:43:021][R][CNTNR:12272:14836] CServerImpl::HandleSettingChange: IN msg(206) w(0x1) l(0x0)
[05:02:36:43:021][R][CNTNR:12272:14836] CCaptureControl::HandleEvent: IN(206, 1, 0)
[05:02:36:43:034][R][NODJS:25616:10588] CShadowPlayApi::SetCaptureSessionParam: IN hSession(0XFFFFFFFF) uiCmd(13)
[05:02:36:43:034][R][CNTNR:12272:14836] CServerImpl::SetCaptureSessionParam: IN cmd(13) hSession(0XFFFFFFFF)
[05:02:36:43:858][R][NODJS:25616:27484] CShadowPlayApi::SetProperty: IN(AudioMode)
[05:02:36:43:859][R][CNTNR:12272:14836] CServerImpl::SetProperty: IN pArgs[0X4D81CCB0] property(AudioMode)
[05:02:36:43:859][R][CNTNR:12272:14836] CSettings::SetProperty: AudioMode
[05:02:36:43:859][R][CNTNR:12272:14836] AudioMode = 3
[05:02:36:43:861][R][NODJS:25616:26612] CShadowPlayApi::SetProperty: IN(MicMode)
[05:02:36:43:862][R][CNTNR:12272:14836] CServerImpl::SetProperty: IN pArgs[0X4D81C520] property(MicMode)
[05:02:36:43:862][R][CNTNR:12272:14836] CSettings::SetProperty: MicMode
[05:02:36:43:862][R][CNTNR:12272:14836] MicMode = 1
[05:02:36:43:862][R][CNTNR:12272:14836] CServerImpl::HandleSettingChange: IN msg(203) w(0x1) l(0x0)
[05:02:36:43:862][R][CNTNR:12272:14836] CCaptureControl::HandleEvent: IN(203, 1, 0)
[05:02:36:43:865][R][NODJS:25616: 8924] CShadowPlayApi::CaptureSessionControl: IN hSession(0X13C4AE787D0) eControlCmd(10)
[05:02:36:43:865][R][CNTNR:12272:14836] CServerImpl::CaptureSessionControl: IN pArgs[0X4D81F280] hSession(0X13C4AE787D0) cmd: (TOGGLE_MIC_ON) controller: (OSCUI)
[05:02:36:43:865][R][CNTNR:12272:14836] CServerImpl::CaptureSessionControl: OUT pArgs[0X4D81F280] hr[0]
[05:02:36:43:867][R][NODJS:25616: 8924] CShadowPlayApi::CaptureSessionControl: OUT
[05:02:36:44:436][R][NODJS:25616:27956] CShadowPlayApi::SetProperty: IN(AudioMode)
[05:02:36:44:436][R][CNTNR:12272:14836] CServerImpl::SetProperty: IN pArgs[0X4D81CCB0] property(AudioMode)
[05:02:36:44:436][R][CNTNR:12272:14836] CSettings::SetProperty: AudioMode
[05:02:36:44:436][R][CNTNR:12272:14836] AudioMode = 3
[05:02:36:44:439][R][NODJS:25616: 7408] CShadowPlayApi::SetProperty: IN(MicMode)
[05:02:36:44:439][R][CNTNR:12272:14836] CServerImpl::SetProperty: IN pArgs[0X4D81DBD0] property(MicMode)
[05:02:36:44:439][R][CNTNR:12272:14836] CSettings::SetProperty: MicMode
[05:02:36:44:439][R][CNTNR:12272:14836] MicMode = 3
[05:02:36:44:439][R][CNTNR:12272:14836] CServerImpl::HandleSettingChange: IN msg(203) w(0x0) l(0x0)
[05:02:36:44:439][R][CNTNR:12272:14836] CCaptureControl::HandleEvent: IN(203, 0, 0)
[05:02:36:44:442][R][NODJS:25616:14072] CShadowPlayApi::CaptureSessionControl: IN hSession(0X13C4AE787D0) eControlCmd(11)
[05:02:36:44:443][R][CNTNR:12272:14836] CServerImpl::CaptureSessionControl: IN pArgs[0X4D81FA10] hSession(0X13C4AE787D0) cmd: (TOGGLE_MIC_OFF) controller: (OSCUI)
[05:02:36:44:443][R][CNTNR:12272:14836] CServerImpl::CaptureSessionControl: OUT pArgs[0X4D81FA10] hr[0]
[05:02:36:44:443][R][NODJS:25616:14072] CShadowPlayApi::CaptureSessionControl: OUT
[05:02:36:46:842][R][CNTNR:12272:14836] Assigning Default Mic.
[05:02:36:46:845][R][CNTNR:12272:14836] Default Mic is #0
[05:02:36:47:833][R][NODJS:25616:16456] CShadowPlayApi::SetProperty: IN({F6202DDD-EEA7-4268-9580-8994431EC831})
[05:02:36:47:833][R][CNTNR:12272:14836] CServerImpl::SetProperty: IN pArgs[0X4D81E360] property({F6202DDD-EEA7-4268-9580-8994431EC831})
[05:02:36:47:833][R][CNTNR:12272:14836] CSettings::SetProperty: {F6202DDD-EEA7-4268-9580-8994431EC831}
[05:02:36:47:833][R][CNTNR:12272:14836] MTA = 0
[05:02:36:47:833][R][NODJS:25616:16456] CShadowPlayApi::SetProperty: IN({02BF4771-09B5-46B0-9D31-E7AACF5863D9})
[05:02:36:47:834][R][CNTNR:12272:14836] CServerImpl::SetProperty: IN pArgs[0X4D81CCB0] property({02BF4771-09B5-46B0-9D31-E7AACF5863D9})
[05:02:36:47:834][R][CNTNR:12272:14836] CSettings::SetProperty: {02BF4771-09B5-46B0-9D31-E7AACF5863D9}
[05:02:36:47:834][R][CNTNR:12272:14836] CServerImpl::HandleSettingChange: IN msg(216) w(0x0) l(0xC4FF5F40)
[05:02:36:47:834][R][CNTNR:12272:14836] CCaptureControl::HandleEvent: IN(216, 0, -989896896)
[05:02:36:47:834][R][CNTNR:12272:14836] Volume Scale = 1.000000
[05:02:36:49:790][R][NODJS:25616:27048] CShadowPlayApi::SetCaptureSessionParam: IN hSession(0XFFFFFFFF) uiCmd(3)
[05:02:36:49:790][R][CNTNR:12272:14836] CServerImpl::SetCaptureSessionParam: IN cmd(3) hSession(0XFFFFFFFF)
[05:02:36:49:792][R][CNTNR:12272:14836] SET MIC#2 id:"{0.0.1.00000000}.{ec344533-e8e8-4d74-8be2-a959bd66a37a}" volume:1.000000 mute:0
[05:02:36:49:792][R][CNTNR:12272:14836] CServerImpl::HandleSettingChange: IN msg(218) w(0x0) l(0x4D81C538)
[05:02:36:49:792][R][CNTNR:12272:14836] CCaptureControl::HandleEvent: IN(218, 0, 1300350264)
[05:02:36:49:792][R][NODJS:25616:27048] CShadowPlayApi::SetCaptureSessionParam: IN hSession(0XFFFFFFFF) uiCmd(4)
[05:02:36:49:793][R][CNTNR:12272:14836] CServerImpl::SetCaptureSessionParam: IN cmd(4) hSession(0XFFFFFFFF)
[05:02:36:49:793][R][CNTNR:12272:14836] CServerImpl::HandleSettingChange: IN msg(217) w(0x0) l(0xC4FFE960)
[05:02:36:49:793][R][CNTNR:12272:14836] CCaptureControl::HandleEvent: IN(217, 0, -989861536)
[05:02:36:49:793][R][CNTNR:12272:14836] Mic Amplification Factor = 1.000000
[05:02:36:50:659][R][NODJS:25616:27956] CShadowPlayApi::SetCaptureSessionParam: IN hSession(0XFFFFFFFF) uiCmd(3)
[05:02:36:50:659][R][CNTNR:12272:14836] CServerImpl::SetCaptureSessionParam: IN cmd(3) hSession(0XFFFFFFFF)
[05:02:36:50:660][R][CNTNR:12272:14836] SET MIC#0 id:"{0.0.1.00000000}.{31a0c76e-6636-453b-a382-07bca3e1f2b9}" volume:1.000000 mute:0
[05:02:36:50:660][R][CNTNR:12272:14836] CServerImpl::HandleSettingChange: IN msg(218) w(0x0) l(0x4D81F298)
[05:02:36:50:660][R][CNTNR:12272:14836] CCaptureControl::HandleEvent: IN(218, 0, 1300361880)
[05:02:36:50:660][R][NODJS:25616:27956] CShadowPlayApi::SetCaptureSessionParam: IN hSession(0XFFFFFFFF) uiCmd(4)
[05:02:36:50:661][R][CNTNR:12272:14836] CServerImpl::SetCaptureSessionParam: IN cmd(4) hSession(0XFFFFFFFF)
[05:02:36:50:661][R][CNTNR:12272:14836] CServerImpl::HandleSettingChange: IN msg(217) w(0x0) l(0xC4FFE960)
[05:02:36:50:661][R][CNTNR:12272:14836] CCaptureControl::HandleEvent: IN(217, 0, -989861536)
[05:02:36:50:661][R][CNTNR:12272:14836] Mic Amplification Factor = 1.000000
[05:02:36:51:434][R][NODJS:25616: 7408] CShadowPlayApi::SetProperty: IN({F6202DDD-EEA7-4268-9580-8994431EC831})
[05:02:36:51:434][R][CNTNR:12272:14836] CServerImpl::SetProperty: IN pArgs[0X4D81E360] property({F6202DDD-EEA7-4268-9580-8994431EC831})
[05:02:36:51:434][R][CNTNR:12272:14836] CSettings::SetProperty: {F6202DDD-EEA7-4268-9580-8994431EC831}
[05:02:36:51:434][R][CNTNR:12272:14836] MTA = 0
[05:02:36:51:435][R][NODJS:25616: 7408] CShadowPlayApi::SetProperty: IN({02BF4771-09B5-46B0-9D31-E7AACF5863D9})
[05:02:36:51:435][R][CNTNR:12272:14836] CServerImpl::SetProperty: IN pArgs[0X4D81C520] property({02BF4771-09B5-46B0-9D31-E7AACF5863D9})
[05:02:36:51:435][R][CNTNR:12272:14836] CSettings::SetProperty: {02BF4771-09B5-46B0-9D31-E7AACF5863D9}
[05:02:36:51:435][R][CNTNR:12272:14836] CServerImpl::HandleSettingChange: IN msg(216) w(0x0) l(0xC4FF5F40)
[05:02:36:51:435][R][CNTNR:12272:14836] CCaptureControl::HandleEvent: IN(216, 0, -989896896)
[05:02:36:51:435][R][CNTNR:12272:14836] Volume Scale = 1.000000
[05:02:36:53:011][R][NODJS:25616:14072] CShadowPlayApi::SetCaptureSessionParam: IN hSession(0XFFFFFFFF) uiCmd(3)
[05:02:36:53:011][R][CNTNR:12272:14836] CServerImpl::SetCaptureSessionParam: IN cmd(3) hSession(0XFFFFFFFF)
[05:02:36:53:012][R][CNTNR:12272:14836] SET MIC#0 id:"{0.0.1.00000000}.{31a0c76e-6636-453b-a382-07bca3e1f2b9}" volume:1.000000 mute:0
[05:02:36:53:012][R][NODJS:25616:14072] CShadowPlayApi::SetCaptureSessionParam: IN hSession(0XFFFFFFFF) uiCmd(4)
[05:02:36:53:012][R][CNTNR:12272:14836] CServerImpl::SetCaptureSessionParam: IN cmd(4) hSession(0XFFFFFFFF)
[05:02:36:53:012][R][CNTNR:12272:14836] CServerImpl::HandleSettingChange: IN msg(217) w(0x0) l(0xC4FFE960)
[05:02:36:53:012][R][CNTNR:12272:14836] CCaptureControl::HandleEvent: IN(217, 0, -989861536)
[05:02:36:53:012][R][CNTNR:12272:14836] Mic Amplification Factor = 1.000000
[05:02:36:55:425][R][NODJS:25616:27484] CShadowPlayApi::SetProperty: IN(GameStreamPortal)
[05:02:36:55:425][R][CNTNR:12272:14836] CServerImpl::SetProperty: IN pArgs[0X4D81DBD0] property(GameStreamPortal)
[05:02:36:55:425][R][CNTNR:12272:14836] CSettings::SetProperty: GameStreamPortal
[05:02:36:55:425][R][CNTNR:12272:14836] SPGameStreamPortal = 3
[05:02:36:55:436][R][NODJS:25616: 8924] CShadowPlayApi::SetProperty: IN(GameStreamPortal)
[05:02:36:55:436][R][CNTNR:12272:14836] CServerImpl::SetProperty: IN pArgs[0X4D81E360] property(GameStreamPortal)
[05:02:36:55:436][R][CNTNR:12272:14836] CSettings::SetProperty: GameStreamPortal
[05:02:36:55:437][R][CNTNR:12272:14836] SPGameStreamPortal = 1
[05:02:36:55:446][R][NODJS:25616:19120] CShadowPlayApi::SetProperty: IN(GameStreamPortal)
[05:02:36:55:446][R][CNTNR:12272:14836] CServerImpl::SetProperty: IN pArgs[0X4D81F280] property(GameStreamPortal)
[05:02:36:55:446][R][CNTNR:12272:14836] CSettings::SetProperty: GameStreamPortal
[05:02:36:55:447][R][CNTNR:12272:14836] SPGameStreamPortal = 2
[05:02:36:59:381][R][HELPR:13504: 2204] CShadowPlayHelper::ProcessWindowMessges: WMHK 7
[05:02:36:59:381][R][NODJS:25616:17344] CShadowPlayHotkeyReceiver::PluginCallback: Received message 7
[05:02:36:59:394][R][NODJS:25616:28408] CShadowPlayApi::SetCaptureSessionParam: IN hSession(0XFFFFFFFF) uiCmd(13)
[05:02:36:59:395][R][CNTNR:12272:14836] CServerImpl::SetCaptureSessionParam: IN cmd(13) hSession(0XFFFFFFFF)
[05:02:36:59:395][R][NODJS:25616: 7100] CShadowPlayApi::SetCaptureSessionParam: IN hSession(0XFFFFFFFF) uiCmd(13)
[05:02:36:59:395][R][CNTNR:12272:14836] CServerImpl::SetCaptureSessionParam: IN cmd(13) hSession(0XFFFFFFFF)
[05:02:36:59:396][R][SHARE:25640:24824] CShadowPlayApi::SetCaptureSessionParam: IN hSession(0XFFFFFFFF) uiCmd(20)
[05:02:36:59:396][R][CNTNR:12272:14836] CServerImpl::SetCaptureSessionParam: IN cmd(20) hSession(0XFFFFFFFF)
[05:02:36:59:396][R][CNTNR:12272:14836] CServerIpc::SetSP : IN(25640, 2)
[05:02:36:59:397][R][CNTNR:20628:18448] ShadowPlayServicePlugin::ProcessReceivedIpcMessage: ServiceMsgTypeSP PID(25640), P(2) hRes = 0x00000000
[05:02:36:59:398][R][SHARE:25640:24824] COverlayApi::SetSP: (25640, 2) 
[05:02:36:59:398][R][SHARE:25640:24824] CShadowPlayApi::SetCaptureSessionParam: IN hSession(0XFFFFFFFF) uiCmd(20)
[05:02:36:59:398][R][CNTNR:12272:14836] CServerImpl::SetCaptureSessionParam: IN cmd(20) hSession(0XFFFFFFFF)
[05:02:36:59:398][R][CNTNR:12272:14836] CServerIpc::SetSP : IN(19300, 2)
[05:02:36:59:399][R][CNTNR:20628:18448] ShadowPlayServicePlugin::ProcessReceivedIpcMessage: ServiceMsgTypeSP PID(19300), P(2) hRes = 0x00000000
[05:02:36:59:399][R][SHARE:25640:24824] COverlayApi::SetSP: (19300, 2) 
[05:02:36:59:401][R][SHARE:25640:24824] COverlayApi::GetFullscreenState: OUT(0x00000000) wxh[0 x 0] process[] dwm[0] borderless[0] fullscreen[0] IsHdrActive:0
[05:02:36:59:432][R][SHARE:25640:24824] COverlayApi::SetInputRedirectionMode: mode[4] NumRects[0]
