2026-09-29 02:54:35 [toggle] FAIL Please call the Start() method before calling this method.
2026-09-29 02:54:35 === NVIDIA OSC (ของเรา) boot — C:\My Project\NVIDIA-Shadowplay\Project\Overlay OSC\NVIDIA OSC\osc\index.html ===
2026-09-29 02:54:36 [cef] frame loaded — cefQuery shim injected
2026-09-29 02:55:35 [toggle] FAIL Please call the Start() method before calling this method.
2026-09-29 02:55:35 === NVIDIA OSC (ของเรา) boot — C:\My Project\NVIDIA-Shadowplay\Project\Overlay OSC\NVIDIA OSC\osc\index.html ===
2026-09-29 02:55:35 [cef] frame loaded — cefQuery shim injected
2026-09-29 02:56:05 [toggle] listening on 127.0.0.1:59003
2026-09-29 02:56:05 === NVIDIA OSC (ของเรา) boot — C:\My Project\NVIDIA-Shadowplay\Project\Overlay OSC\NVIDIA OSC\osc\index.html ===
2026-09-29 02:56:06 [cef] frame loaded — cefQuery shim injected
2026-09-29 02:56:21 [window] HIDE (+close event fired)
2026-09-29 02:56:25 [window] SHOW
2026-09-29 03:03:58 [window] HIDE (+close event fired)
2026-09-29 03:03:58 [window] SHOW
2026-09-29 03:03:59 [window] HIDE (+close event fired)
2026-09-29 03:03:59 [window] SHOW
2026-09-29 03:04:00 [window] HIDE (+close event fired)
2026-09-29 03:04:00 [window] SHOW
2026-09-29 03:04:00 [window] HIDE (+close event fired)
2026-09-29 03:04:00 [window] SHOW
2026-09-29 03:04:00 [window] HIDE (+close event fired)
2026-09-29 03:04:00 [window] SHOW
2026-09-29 03:04:00 [window] HIDE (+close event fired)
2026-09-29 03:04:00 [window] SHOW
2026-09-29 03:04:00 [window] HIDE (+close event fired)
2026-09-29 03:04:00 [window] SHOW
2026-09-29 03:04:00 [window] HIDE (+close event fired)
2026-09-29 03:04:00 [window] SHOW
2026-09-29 03:04:01 [window] HIDE (+close event fired)
2026-09-29 03:05:06 [toggle] listening on 127.0.0.1:59003
2026-09-29 03:05:06 === NVIDIA OSC (ของเรา) boot — C:\My Project\NVIDIA-Shadowplay\Project\Overlay OSC\NVIDIA OSC\osc\index.html ===
2026-09-29 03:05:06 [page:Error] 2026-09-29 03:05:06.774  ERROR  crimson.cef/cefService- "Cannot find cefQuery. cmd={\"command\":\"QUERY_LOAD_STRING_TABLE\",\"stringTable\":{\"userAgent\":\"NVIDIAOSCClient/3.28.0.412\"}}" @ file:///C:/My%20Project/NVIDIA-Shadowplay/Project/Overlay%20OSC/NVIDIA%20OSC/osc/vendor.js
2026-09-29 03:05:06 [page:Error] 2026-09-29 03:05:06.785  ERROR  crimson.cef/cefService- "Cannot find cefQuery. cmd={\"command\":\"QUERY_WIN_NODE_INFO\"}" @ file:///C:/My%20Project/NVIDIA-Shadowplay/Project/Overlay%20OSC/NVIDIA%20OSC/osc/vendor.js
2026-09-29 03:05:06 [page:Error] 2026-09-29 03:05:06.786  ERROR  osc/urlRouter/main/resolve- "failed" @ file:///C:/My%20Project/NVIDIA-Shadowplay/Project/Overlay%20OSC/NVIDIA%20OSC/osc/vendor.js
2026-09-29 03:05:06 [cef] frame loaded — cefQuery shim injected
2026-09-29 03:05:09 [page:Error] 2026-09-29 03:05:09.150  ERROR  main.utils/PiplConfigService- "failed to get pipl config" {
  "data": null,
  "status": -1,
  "config": {
    "method": "GET",
    "transformRequest": [
      null
    ],
    "transformResponse": [
      null,
      null
    ],
    "headers": {
      "X_LOCAL_SECURITY_COOKIE": "",
      "Accept": "application/json, text/plain, */*"
    },
    "url": "http://localhost:3000/PiplConfig/v.1.0/data",
    "params": {},
    "retriesRemaining": 0,
    "timeout": {}
  },
  "statusText": ""
} @ file:///C:/My%20Project/NVIDIA-Shadowplay/Project/Overlay%20OSC/NVIDIA%20OSC/osc/vendor.js
2026-09-29 03:05:09 [page:Error] 2026-09-29 03:05:09.150  ERROR  /main/uiRouter/main/resolve/pipl- "failed to get configuration info" {
  "data": null,
  "status": -1,
  "config": {
    "method": "GET",
    "transformRequest": [
      null
    ],
    "transformResponse": [
      null,
      null
    ],
    "headers": {
      "X_LOCAL_SECURITY_COOKIE": "",
      "Accept": "application/json, text/plain, */*"
    },
    "url": "http://localhost:3000/PiplConfig/v.1.0/data",
    "params": {},
    "retriesRemaining": 0,
    "timeout": {}
  },
  "statusText": ""
} @ file:///C:/My%20Project/NVIDIA-Shadowplay/Project/Overlay%20OSC/NVIDIA%20OSC/osc/vendor.js
2026-09-29 03:05:09 [page:Error] 2026-09-29 03:05:09.400  ERROR  main.common/hardwareService- "failed to get system info" {
  "data": null,
  "status": -1,
  "config": {
    "method": "GET",
    "transformRequest": [
      null
    ],
    "transformResponse": [
      null,
      null
    ],
    "headers": {
      "X_LOCAL_SECURITY_COOKIE": "",
      "Accept": "application/json, text/plain, */*"
    },
    "url": "http://localhost:3000/HardwareInformation/v.0.1",
    "params": {},
    "retriesRemaining": 0,
    "timeout": {}
  },
  "statusText": ""
} @ file:///C:/My%20Project/NVIDIA-Shadowplay/Project/Overlay%20OSC/NVIDIA%20OSC/osc/vendor.js
2026-09-29 03:05:09 [page:Error] 2026-09-29 03:05:09.400  ERROR  main/resolve/hardwareInfo- "Unable to get device id" @ file:///C:/My%20Project/NVIDIA-Shadowplay/Project/Overlay%20OSC/NVIDIA%20OSC/osc/vendor.js
2026-09-29 03:05:12 [page:Error] 2026-09-29 03:05:12.218  ERROR  main/resolve/hardwareInfo- "Unable to get user id" "Could not retrieve Jarvis user token: [object Object]" @ file:///C:/My%20Project/NVIDIA-Shadowplay/Project/Overlay%20OSC/NVIDIA%20OSC/osc/vendor.js
2026-09-29 03:05:12 [page:Warning] undefined used as a key, but it is not a string. @ file:///C:/My%20Project/NVIDIA-Shadowplay/Project/Overlay%20OSC/NVIDIA%20OSC/osc/vendor.js
2026-09-29 03:05:14 [page:Error] 2026-09-29 03:05:14.567  ERROR  main.common/telemetryService- "Unable to get Jarvis user token, falling back to client consent setting. Error: " {
  "data": null,
  "status": -1,
  "config": {
    "method": "GET",
    "transformRequest": [
      null
    ],
    "transformResponse": [
      null,
      null
    ],
    "headers": {
      "Accept": "application/json, text/plain, */*"
    },
    "url": "http://localhost:3000/Account/v.1.0/UserToken",
    "params": {},
    "retriesRemaining": 0,
    "timeout": {}
  },
  "statusText": ""
} @ file:///C:/My%20Project/NVIDIA-Shadowplay/Project/Overlay%20OSC/NVIDIA%20OSC/osc/vendor.js
2026-09-29 03:05:14 [page:Error] 2026-09-29 03:05:14.833  ERROR  main.common/telemetryService- "Unable to retrieve client telemetry consent, disabling all consent for now." @ file:///C:/My%20Project/NVIDIA-Shadowplay/Project/Overlay%20OSC/NVIDIA%20OSC/osc/vendor.js
2026-09-29 03:05:17 [page:Error] 2026-09-29 03:05:17.158  ERROR  main.common/hardwareService- "failed to get system info" {
  "data": null,
  "status": -1,
  "config": {
    "method": "GET",
    "transformRequest": [
      null
    ],
    "transformResponse": [
      null,
      null
    ],
    "headers": {
      "X_LOCAL_SECURITY_COOKIE": "",
      "Accept": "application/json, text/plain, */*"
    },
    "url": "http://localhost:3000/HardwareInformation/v.0.1",
    "params": {},
    "retriesRemaining": 0,
    "timeout": {}
  },
  "statusText": ""
} @ file:///C:/My%20Project/NVIDIA-Shadowplay/Project/Overlay%20OSC/NVIDIA%20OSC/osc/vendor.js
2026-09-29 03:05:17 [page:Error] 2026-09-29 03:05:17.158  ERROR  main.common/hardwareService- "failed to reload sys info on focus event" @ file:///C:/My%20Project/NVIDIA-Shadowplay/Project/Overlay%20OSC/NVIDIA%20OSC/osc/vendor.js
2026-09-29 03:05:17 [page:Error] Access to XMLHttpRequest at 'file:///C:/My%20Project/NVIDIA-Shadowplay/Project/Overlay%20OSC/NVIDIA%20OSC/osc/l10n/en-US.json' from origin 'null' has been blocked by CORS policy: Cross origin requests are only supported for protocol schemes: chrome, chrome-extension, chrome-untrusted, data, http, https, isolated-app. @ file:///C:/My%20Project/NVIDIA-Shadowplay/Project/Overlay%20OSC/NVIDIA%20OSC/osc/index.html#/base
2026-09-29 03:07:51 [toggle] listening on 127.0.0.1:59003
2026-09-29 03:07:51 === NVIDIA OSC (ของเรา) boot — C:\My Project\NVIDIA-Shadowplay\Project\Overlay OSC\NVIDIA OSC\osc\index.html ===
2026-09-29 03:07:51 [window] HIDE (+close event fired)
2026-09-29 03:07:52 [page:Error] 2026-09-29 03:07:52.245  ERROR  crimson.cef/cefService- "Cannot find cefQuery. cmd={\"command\":\"QUERY_LOAD_STRING_TABLE\",\"stringTable\":{\"userAgent\":\"NVIDIAOSCClient/3.28.0.412\"}}" @ file:///C:/My%20Project/NVIDIA-Shadowplay/Project/Overlay%20OSC/NVIDIA%20OSC/osc/vendor.js
2026-09-29 03:07:52 [page:Error] 2026-09-29 03:07:52.256  ERROR  crimson.cef/cefService- "Cannot find cefQuery. cmd={\"command\":\"QUERY_WIN_NODE_INFO\"}" @ file:///C:/My%20Project/NVIDIA-Shadowplay/Project/Overlay%20OSC/NVIDIA%20OSC/osc/vendor.js
2026-09-29 03:07:52 [page:Error] 2026-09-29 03:07:52.257  ERROR  osc/urlRouter/main/resolve- "failed" @ file:///C:/My%20Project/NVIDIA-Shadowplay/Project/Overlay%20OSC/NVIDIA%20OSC/osc/vendor.js
2026-09-29 03:07:52 [cef] frame loaded — cefQuery shim injected
2026-09-29 03:07:52 [window] SHOW
2026-09-29 03:07:52 [page:Error] 2026-09-29 03:07:52.636  ERROR  main.common/telemetryService- "No valid logged in user detected, falling back to client consent setting." @ file:///C:/My%20Project/NVIDIA-Shadowplay/Project/Overlay%20OSC/NVIDIA%20OSC/osc/vendor.js
2026-09-29 03:07:52 [page:Error] 2026-09-29 03:07:52.639  ERROR  main/resolve/hardwareInfo- "Unable to get user session (rejection)" @ file:///C:/My%20Project/NVIDIA-Shadowplay/Project/Overlay%20OSC/NVIDIA%20OSC/osc/vendor.js
2026-09-29 03:07:52 [page:Error] 2026-09-29 03:07:52.639  ERROR  main/resolve/hardwareInfo- "Unable to get user id" null @ file:///C:/My%20Project/NVIDIA-Shadowplay/Project/Overlay%20OSC/NVIDIA%20OSC/osc/vendor.js
2026-09-29 03:07:52 [page:Warning] undefined used as a key, but it is not a string. @ file:///C:/My%20Project/NVIDIA-Shadowplay/Project/Overlay%20OSC/NVIDIA%20OSC/osc/vendor.js
2026-09-29 03:07:52 [page:Error] Access to XMLHttpRequest at 'file:///C:/My%20Project/NVIDIA-Shadowplay/Project/Overlay%20OSC/NVIDIA%20OSC/osc/l10n/en-US.json' from origin 'null' has been blocked by CORS policy: Cross origin requests are only supported for protocol schemes: chrome, chrome-extension, chrome-untrusted, data, http, https, isolated-app. @ file:///C:/My%20Project/NVIDIA-Shadowplay/Project/Overlay%20OSC/NVIDIA%20OSC/osc/index.html#/base
2026-09-29 03:07:52 [window] HIDE (+close event fired)
2026-09-29 03:07:52 [page:Error] Access to XMLHttpRequest at 'https://gfwsl.geforce.com/nvidia_web_services/controller.gfeclientcontent.NG.php/com.nvidia.services.GFEClientContent_NG.getAnselReady/%7B%22gcV%22:%223.28.0.412%22,%22sM%22:%22NaNGB%22,%22dIDa%22:[%221b06_10de_120f_120f_1%22],%22is6%22:%220%22,%22IsB%22:%220%22,%22gIsB%22:%220%22,%22IsQ%22:%220%22,%22iLp%22:%220%22,%22glg%22:%22en-US%22,%22lg%22:%221033%22%7D' from origin 'null' has been blocked by CORS policy: No 'Access-Control-Allow-Origin' header is present on the requested resource. @ file:///C:/My%20Project/NVIDIA-Shadowplay/Project/Overlay%20OSC/NVIDIA%20OSC/osc/index.html#/base
2026-09-29 03:07:52 [page:Error] 2026-09-29 03:07:52.854  ERROR  osc/gfwslService- "GFWSL request failed : " {
  "data": null,
  "status": -1,
  "config": {
    "method": "GET",
    "transformRequest": [
      null
    ],
    "transformResponse": [
      null,
      null
    ],
    "headers": {
      "Accept": "application/json, text/plain, */*"
    },
    "url": "https://gfwsl.geforce.com/nvidia_web_services/controller.gfeclientcontent.NG.php/com.nvidia.services.GFEClientContent_NG.getAnselReady/{\"gcV\":\"3.28.0.412\",\"sM\":\"NaNGB\",\"dIDa\":[\"1b06_10de_120f_120f_1\"],\"is6\":\"0\",\"IsB\":\"0\",\"gIsB\":\"0\",\"IsQ\":\"0\",\"iLp\":\"0\",\"glg\":\"en-US\",\"lg\":\"1033\"}",
    "params": {},
    "retriesRemaining": 0,
    "timeout": {}
  },
  "statusText": ""
} @ file:///C:/My%20Project/NVIDIA-Shadowplay/Project/Overlay%20OSC/NVIDIA%20OSC/osc/vendor.js
2026-09-29 03:07:52 [page:Error] 2026-09-29 03:07:52.854  ERROR  osc/nvCameraService- "GFWSL endpoint failed, proceed with OSC initialization" {
  "data": null,
  "status": -1,
  "config": {
    "method": "GET",
    "transformRequest": [
      null
    ],
    "transformResponse": [
      null,
      null
    ],
    "headers": {
      "Accept": "application/json, text/plain, */*"
    },
    "url": "https://gfwsl.geforce.com/nvidia_web_services/controller.gfeclientcontent.NG.php/com.nvidia.services.GFEClientContent_NG.getAnselReady/{\"gcV\":\"3.28.0.412\",\"sM\":\"NaNGB\",\"dIDa\":[\"1b06_10de_120f_120f_1\"],\"is6\":\"0\",\"IsB\":\"0\",\"gIsB\":\"0\",\"IsQ\":\"0\",\"iLp\":\"0\",\"glg\":\"en-US\",\"lg\":\"1033\"}",
    "params": {},
    "retriesRemaining": 0,
    "timeout": {}
  },
  "statusText": ""
} @ file:///C:/My%20Project/NVIDIA-Shadowplay/Project/Overlay%20OSC/NVIDIA%20OSC/osc/vendor.js
2026-09-29 03:07:52 [cefQuery] ERR 'S' is an invalid start of a value. LineNumber: 0 | BytePositionInLine: 0.
2026-09-29 03:07:52 [cefQuery] ERR 'S' is an invalid start of a value. LineNumber: 0 | BytePositionInLine: 0.
2026-09-29 03:07:52 [cefQuery] ERR 'S' is an invalid start of a value. LineNumber: 0 | BytePositionInLine: 0.
2026-09-29 03:07:52 [cefQuery] ERR 'S' is an invalid start of a value. LineNumber: 0 | BytePositionInLine: 0.
2026-09-29 03:07:52 [cefQuery] ERR 'S' is an invalid start of a value. LineNumber: 0 | BytePositionInLine: 0.
2026-09-29 03:07:52 [cefQuery] ERR 'S' is an invalid start of a value. LineNumber: 0 | BytePositionInLine: 0.
2026-09-29 03:07:53 [cefQuery] ERR 'S' is an invalid start of a value. LineNumber: 0 | BytePositionInLine: 0.
2026-09-29 03:07:53 [window] SHOW
2026-09-29 03:07:53 [cefQuery] ERR 'S' is an invalid start of a value. LineNumber: 0 | BytePositionInLine: 0.
2026-09-29 03:07:53 [cefQuery] ERR 'S' is an invalid start of a value. LineNumber: 0 | BytePositionInLine: 0.
2026-09-29 03:07:53 [cefQuery] ERR 'S' is an invalid start of a value. LineNumber: 0 | BytePositionInLine: 0.
2026-09-29 03:07:53 [window] HIDE (+close event fired)
2026-09-29 03:07:53 [cefQuery] ERR 'S' is an invalid start of a value. LineNumber: 0 | BytePositionInLine: 0.
2026-09-29 03:07:53 [cefQuery] ERR 'S' is an invalid start of a value. LineNumber: 0 | BytePositionInLine: 0.
2026-09-29 03:07:53 [cefQuery] ERR 'S' is an invalid start of a value. LineNumber: 0 | BytePositionInLine: 0.
2026-09-29 03:07:53 [cefQuery] ERR 'S' is an invalid start of a value. LineNumber: 0 | BytePositionInLine: 0.
2026-09-29 03:07:53 [cefQuery] ERR 'S' is an invalid start of a value. LineNumber: 0 | BytePositionInLine: 0.
2026-09-29 03:07:53 [cefQuery] ERR 'S' is an invalid start of a value. LineNumber: 0 | BytePositionInLine: 0.
2026-09-29 03:07:53 [cefQuery] ERR 'S' is an invalid start of a value. LineNumber: 0 | BytePositionInLine: 0.
2026-09-29 03:07:53 [window] SHOW
2026-09-29 03:07:53 [cefQuery] ERR 'S' is an invalid start of a value. LineNumber: 0 | BytePositionInLine: 0.
2026-09-29 03:07:55 [cefQuery] ERR 'S' is an invalid start of a value. LineNumber: 0 | BytePositionInLine: 0.
2026-09-29 03:07:56 [cefQuery] ERR 'S' is an invalid start of a value. LineNumber: 0 | BytePositionInLine: 0.
2026-09-29 03:07:56 [cefQuery] ERR 'S' is an invalid start of a value. LineNumber: 0 | BytePositionInLine: 0.
2026-09-29 03:07:56 [cefQuery] ERR 'S' is an invalid start of a value. LineNumber: 0 | BytePositionInLine: 0.
2026-09-29 03:07:56 [window] HIDE (+close event fired)
2026-09-29 03:07:56 [cefQuery] ERR 'S' is an invalid start of a value. LineNumber: 0 | BytePositionInLine: 0.
2026-09-29 03:07:56 [cefQuery] ERR 'S' is an invalid start of a value. LineNumber: 0 | BytePositionInLine: 0.
2026-09-29 03:07:56 [cefQuery] ERR 'S' is an invalid start of a value. LineNumber: 0 | BytePositionInLine: 0.
2026-09-29 03:07:56 [cefQuery] ERR 'S' is an invalid start of a value. LineNumber: 0 | BytePositionInLine: 0.
2026-09-29 03:07:56 [cefQuery] ERR 'S' is an invalid start of a value. LineNumber: 0 | BytePositionInLine: 0.
2026-09-29 03:07:56 [cefQuery] ERR 'S' is an invalid start of a value. LineNumber: 0 | BytePositionInLine: 0.
2026-09-29 03:07:56 [cefQuery] ERR 'S' is an invalid start of a value. LineNumber: 0 | BytePositionInLine: 0.
2026-09-29 03:07:56 [cefQuery] ERR 'S' is an invalid start of a value. LineNumber: 0 | BytePositionInLine: 0.
2026-09-29 03:07:56 [cefQuery] ERR 'S' is an invalid start of a value. LineNumber: 0 | BytePositionInLine: 0.
2026-09-29 03:07:57 [cefQuery] ERR 'S' is an invalid start of a value. LineNumber: 0 | BytePositionInLine: 0.
2026-09-29 03:07:57 [cefQuery] ERR 'S' is an invalid start of a value. LineNumber: 0 | BytePositionInLine: 0.
2026-09-29 03:07:57 [page:Error] TypeError: Cannot read properties of undefined (reading 'length')
    at file:///C:/My%20Project/NVIDIA-Shadowplay/Project/Overlay%20OSC/NVIDIA%20OSC/osc/vendor.js:20:23273
    at a (file:///C:/My%20Project/NVIDIA-Shadowplay/Project/Overlay%20OSC/NVIDIA%20OSC/osc/vendor.js:99:4175)
    at file:///C:/My%20Project/NVIDIA-Shadowplay/Project/Overlay%20OSC/NVIDIA%20OSC/osc/vendor.js:99:4347
    at p.$eval (file:///C:/My%20Project/NVIDIA-Shadowplay/Project/Overlay%20OSC/NVIDIA%20OSC/osc/vendor.js:99:11860)
    at p.$digest (file:///C:/My%20Project/NVIDIA-Shadowplay/Project/Overlay%20OSC/NVIDIA%20OSC/osc/vendor.js:99:10368)
    at p.$apply (file:///C:/My%20Project/NVIDIA-Shadowplay/Project/Overlay%20OSC/NVIDIA%20OSC/osc/vendor.js:99:12143)
    at c (file:///C:/My%20Project/NVIDIA-Shadowplay/Project/Overlay%20OSC/NVIDIA%20OSC/osc/vendor.js:98:18658)
    at E (file:///C:/My%20Project/NVIDIA-Shadowplay/Project/Overlay%20OSC/NVIDIA%20OSC/osc/vendor.js:98:20559)
    at w.onload (file:///C:/My%20Project/NVIDIA-Shadowplay/Project/Overlay%20OSC/NVIDIA%20OSC/osc/vendor.js:98:21102) undefined @ file:///C:/My%20Project/NVIDIA-Shadowplay/Project/Overlay%20OSC/NVIDIA%20OSC/osc/vendor.js
2026-09-29 03:07:58 [cefQuery] ERR 'S' is an invalid start of a value. LineNumber: 0 | BytePositionInLine: 0.
2026-09-29 03:07:58 [cefQuery] ERR 'S' is an invalid start of a value. LineNumber: 0 | BytePositionInLine: 0.
2026-09-29 03:08:00 [page:Error] 2026-09-29 03:08:00.931  ERROR  osc/nvCameraService- "Mods toggle failed : " "NvCamera timed out" @ file:///C:/My%20Project/NVIDIA-Shadowplay/Project/Overlay%20OSC/NVIDIA%20OSC/osc/vendor.js
2026-09-29 03:08:00 [cefQuery] ERR 'S' is an invalid start of a value. LineNumber: 0 | BytePositionInLine: 0.
2026-09-29 03:08:00 [cefQuery] ERR 'S' is an invalid start of a value. LineNumber: 0 | BytePositionInLine: 0.
2026-09-29 03:08:01 [page:Error] 2026-09-29 03:08:01.538  ERROR  osc/nvCameraService- "NvCamera UI launch failed: " "NvCamera timed out" @ file:///C:/My%20Project/NVIDIA-Shadowplay/Project/Overlay%20OSC/NVIDIA%20OSC/osc/vendor.js
2026-09-29 03:08:01 [cefQuery] ERR 'S' is an invalid start of a value. LineNumber: 0 | BytePositionInLine: 0.
2026-09-29 03:08:02 [cefQuery] ERR 'S' is an invalid start of a value. LineNumber: 0 | BytePositionInLine: 0.
2026-09-29 03:08:02 [cefQuery] ERR 'S' is an invalid start of a value. LineNumber: 0 | BytePositionInLine: 0.
2026-09-29 03:08:02 [cefQuery] ERR 'S' is an invalid start of a value. LineNumber: 0 | BytePositionInLine: 0.
2026-09-29 03:08:05 [cefQuery] ERR 'S' is an invalid start of a value. LineNumber: 0 | BytePositionInLine: 0.
2026-09-29 03:08:05 [cefQuery] ERR 'S' is an invalid start of a value. LineNumber: 0 | BytePositionInLine: 0.
2026-09-29 03:08:06 [cefQuery] ERR 'S' is an invalid start of a value. LineNumber: 0 | BytePositionInLine: 0.
2026-09-29 03:08:06 [cefQuery] ERR 'S' is an invalid start of a value. LineNumber: 0 | BytePositionInLine: 0.
2026-09-29 03:08:07 [cefQuery] ERR 'S' is an invalid start of a value. LineNumber: 0 | BytePositionInLine: 0.
2026-09-29 03:08:07 [cefQuery] ERR 'S' is an invalid start of a value. LineNumber: 0 | BytePositionInLine: 0.
2026-09-29 03:08:09 [cefQuery] ERR 'S' is an invalid start of a value. LineNumber: 0 | BytePositionInLine: 0.
2026-09-29 03:08:09 [cefQuery] ERR 'S' is an invalid start of a value. LineNumber: 0 | BytePositionInLine: 0.
2026-09-29 03:08:09 [cefQuery] ERR 'S' is an invalid start of a value. LineNumber: 0 | BytePositionInLine: 0.
2026-09-29 03:08:09 [cefQuery] ERR 'S' is an invalid start of a value. LineNumber: 0 | BytePositionInLine: 0.
2026-09-29 03:08:09 [cefQuery] ERR 'S' is an invalid start of a value. LineNumber: 0 | BytePositionInLine: 0.
2026-09-29 03:08:09 [cefQuery] ERR 'S' is an invalid start of a value. LineNumber: 0 | BytePositionInLine: 0.
2026-09-29 03:08:09 [cefQuery] ERR 'S' is an invalid start of a value. LineNumber: 0 | BytePositionInLine: 0.
2026-09-29 03:08:10 [cefQuery] ERR 'S' is an invalid start of a value. LineNumber: 0 | BytePositionInLine: 0.
2026-09-29 03:08:10 [cefQuery] ERR 'S' is an invalid start of a value. LineNumber: 0 | BytePositionInLine: 0.
2026-09-29 03:08:10 [cefQuery] ERR 'S' is an invalid start of a value. LineNumber: 0 | BytePositionInLine: 0.
2026-09-29 03:08:10 [cefQuery] ERR 'S' is an invalid start of a value. LineNumber: 0 | BytePositionInLine: 0.
2026-09-29 03:08:10 [cefQuery] ERR 'S' is an invalid start of a value. LineNumber: 0 | BytePositionInLine: 0.
2026-09-29 03:08:10 [cefQuery] ERR 'S' is an invalid start of a value. LineNumber: 0 | BytePositionInLine: 0.
2026-09-29 03:08:11 [cefQuery] ERR 'S' is an invalid start of a value. LineNumber: 0 | BytePositionInLine: 0.
2026-09-29 03:08:12 [cefQuery] ERR 'S' is an invalid start of a value. LineNumber: 0 | BytePositionInLine: 0.
2026-09-29 03:08:12 [cefQuery] ERR 'S' is an invalid start of a value. LineNumber: 0 | BytePositionInLine: 0.
2026-09-29 03:08:13 [cefQuery] ERR 'S' is an invalid start of a value. LineNumber: 0 | BytePositionInLine: 0.
2026-09-29 03:08:13 [cefQuery] ERR 'S' is an invalid start of a value. LineNumber: 0 | BytePositionInLine: 0.
2026-09-29 03:08:13 [cefQuery] ERR 'S' is an invalid start of a value. LineNumber: 0 | BytePositionInLine: 0.
2026-09-29 03:08:18 [cefQuery] ERR 'S' is an invalid start of a value. LineNumber: 0 | BytePositionInLine: 0.
2026-09-29 03:08:18 [cefQuery] ERR 'S' is an invalid start of a value. LineNumber: 0 | BytePositionInLine: 0.
2026-09-29 03:08:18 [cefQuery] ERR 'S' is an invalid start of a value. LineNumber: 0 | BytePositionInLine: 0.
2026-09-29 03:08:18 [cefQuery] ERR 'S' is an invalid start of a value. LineNumber: 0 | BytePositionInLine: 0.
2026-09-29 03:08:21 [cefQuery] ERR 'S' is an invalid start of a value. LineNumber: 0 | BytePositionInLine: 0.
2026-09-29 03:08:21 [cefQuery] ERR 'S' is an invalid start of a value. LineNumber: 0 | BytePositionInLine: 0.
2026-09-29 03:08:22 [cefQuery] ERR 'S' is an invalid start of a value. LineNumber: 0 | BytePositionInLine: 0.
2026-09-29 03:08:22 [page:Warning] ARIA: Attribute " aria-label ", required for accessibility, is missing on node: [object HTMLElement] @ file:///C:/My%20Project/NVIDIA-Shadowplay/Project/Overlay%20OSC/NVIDIA%20OSC/osc/vendor.js
2026-09-29 03:08:22 [cefQuery] ERR 'S' is an invalid start of a value. LineNumber: 0 | BytePositionInLine: 0.
2026-09-29 03:08:22 [cefQuery] ERR 'S' is an invalid start of a value. LineNumber: 0 | BytePositionInLine: 0.
2026-09-29 03:08:22 [cefQuery] ERR 'S' is an invalid start of a value. LineNumber: 0 | BytePositionInLine: 0.
2026-09-29 03:08:22 [cefQuery] ERR 'S' is an invalid start of a value. LineNumber: 0 | BytePositionInLine: 0.
2026-09-29 03:08:23 [cefQuery] ERR 'S' is an invalid start of a value. LineNumber: 0 | BytePositionInLine: 0.
2026-09-29 03:08:23 [cefQuery] ERR 'S' is an invalid start of a value. LineNumber: 0 | BytePositionInLine: 0.
2026-09-29 03:08:24 [cefQuery] ERR 'S' is an invalid start of a value. LineNumber: 0 | BytePositionInLine: 0.
2026-09-29 03:08:24 [page:Warning] ARIA: Attribute " aria-label ", required for accessibility, is missing on node: [object HTMLElement] @ file:///C:/My%20Project/NVIDIA-Shadowplay/Project/Overlay%20OSC/NVIDIA%20OSC/osc/vendor.js
2026-09-29 03:08:24 [cefQuery] ERR 'S' is an invalid start of a value. LineNumber: 0 | BytePositionInLine: 0.
2026-09-29 03:08:24 [page:Warning] ARIA: Attribute " aria-label ", required for accessibility, is missing on node: [object HTMLElement] @ file:///C:/My%20Project/NVIDIA-Shadowplay/Project/Overlay%20OSC/NVIDIA%20OSC/osc/vendor.js
2026-09-29 03:08:24 [page:Warning] ARIA: Attribute " aria-label ", required for accessibility, is missing on node: [object HTMLElement] @ file:///C:/My%20Project/NVIDIA-Shadowplay/Project/Overlay%20OSC/NVIDIA%20OSC/osc/vendor.js
2026-09-29 03:08:24 [page:Warning] ARIA: Attribute " aria-label ", required for accessibility, is missing on node: [object HTMLElement] @ file:///C:/My%20Project/NVIDIA-Shadowplay/Project/Overlay%20OSC/NVIDIA%20OSC/osc/vendor.js
2026-09-29 03:08:24 [page:Warning] ARIA: Attribute " aria-label ", required for accessibility, is missing on node: [object HTMLElement] @ file:///C:/My%20Project/NVIDIA-Shadowplay/Project/Overlay%20OSC/NVIDIA%20OSC/osc/vendor.js
2026-09-29 03:08:24 [page:Warning] ARIA: Attribute " aria-label ", required for accessibility, is missing on node: [object HTMLElement] @ file:///C:/My%20Project/NVIDIA-Shadowplay/Project/Overlay%20OSC/NVIDIA%20OSC/osc/vendor.js
2026-09-29 03:08:24 [page:Warning] ARIA: Attribute " aria-label ", required for accessibility, is missing on node: [object HTMLElement] @ file:///C:/My%20Project/NVIDIA-Shadowplay/Project/Overlay%20OSC/NVIDIA%20OSC/osc/vendor.js
2026-09-29 03:08:24 [page:Warning] ARIA: Attribute " aria-label ", required for accessibility, is missing on node: [object HTMLElement] @ file:///C:/My%20Project/NVIDIA-Shadowplay/Project/Overlay%20OSC/NVIDIA%20OSC/osc/vendor.js
2026-09-29 03:08:24 [page:Warning] ARIA: Attribute " aria-label ", required for accessibility, is missing on node: [object HTMLElement] @ file:///C:/My%20Project/NVIDIA-Shadowplay/Project/Overlay%20OSC/NVIDIA%20OSC/osc/vendor.js
2026-09-29 03:08:24 [page:Warning] ARIA: Attribute " aria-label ", required for accessibility, is missing on node: [object HTMLElement] @ file:///C:/My%20Project/NVIDIA-Shadowplay/Project/Overlay%20OSC/NVIDIA%20OSC/osc/vendor.js
2026-09-29 03:08:24 [page:Warning] ARIA: Attribute " aria-label ", required for accessibility, is missing on node: [object HTMLElement] @ file:///C:/My%20Project/NVIDIA-Shadowplay/Project/Overlay%20OSC/NVIDIA%20OSC/osc/vendor.js
2026-09-29 03:08:24 [page:Warning] ARIA: Attribute " aria-label ", required for accessibility, is missing on node: [object HTMLElement] @ file:///C:/My%20Project/NVIDIA-Shadowplay/Project/Overlay%20OSC/NVIDIA%20OSC/osc/vendor.js
2026-09-29 03:08:24 [page:Warning] ARIA: Attribute " aria-label ", required for accessibility, is missing on node: [object HTMLElement] @ file:///C:/My%20Project/NVIDIA-Shadowplay/Project/Overlay%20OSC/NVIDIA%20OSC/osc/vendor.js
2026-09-29 03:08:24 [page:Warning] ARIA: Attribute " aria-label ", required for accessibility, is missing on node: [object HTMLElement] @ file:///C:/My%20Project/NVIDIA-Shadowplay/Project/Overlay%20OSC/NVIDIA%20OSC/osc/vendor.js
2026-09-29 03:08:24 [page:Warning] ARIA: Attribute " aria-label ", required for accessibility, is missing on node: [object HTMLElement] @ file:///C:/My%20Project/NVIDIA-Shadowplay/Project/Overlay%20OSC/NVIDIA%20OSC/osc/vendor.js
2026-09-29 03:08:24 [page:Warning] ARIA: Attribute " aria-label ", required for accessibility, is missing on node: [object HTMLElement] @ file:///C:/My%20Project/NVIDIA-Shadowplay/Project/Overlay%20OSC/NVIDIA%20OSC/osc/vendor.js
2026-09-29 03:08:24 [page:Warning] ARIA: Attribute " aria-label ", required for accessibility, is missing on node: [object HTMLElement] @ file:///C:/My%20Project/NVIDIA-Shadowplay/Project/Overlay%20OSC/NVIDIA%20OSC/osc/vendor.js
2026-09-29 03:08:25 [cefQuery] ERR 'S' is an invalid start of a value. LineNumber: 0 | BytePositionInLine: 0.
2026-09-29 03:08:25 [cefQuery] ERR 'S' is an invalid start of a value. LineNumber: 0 | BytePositionInLine: 0.
2026-09-29 03:08:25 [cefQuery] ERR 'S' is an invalid start of a value. LineNumber: 0 | BytePositionInLine: 0.
2026-09-29 03:08:26 [cefQuery] ERR 'S' is an invalid start of a value. LineNumber: 0 | BytePositionInLine: 0.
2026-09-29 03:08:26 [page:Warning] ARIA: Attribute " aria-label ", required for accessibility, is missing on node: [object HTMLElement] @ file:///C:/My%20Project/NVIDIA-Shadowplay/Project/Overlay%20OSC/NVIDIA%20OSC/osc/vendor.js
2026-09-29 03:08:26 [cefQuery] ERR 'S' is an invalid start of a value. LineNumber: 0 | BytePositionInLine: 0.
2026-09-29 03:08:27 [cefQuery] ERR 'S' is an invalid start of a value. LineNumber: 0 | BytePositionInLine: 0.
2026-09-29 03:08:27 [window] HIDE (+close event fired)
2026-09-29 03:08:27 [cefQuery] ERR 'S' is an invalid start of a value. LineNumber: 0 | BytePositionInLine: 0.
2026-09-29 03:08:27 [cefQuery] ERR 'S' is an invalid start of a value. LineNumber: 0 | BytePositionInLine: 0.
2026-09-29 03:08:27 [cefQuery] ERR 'S' is an invalid start of a value. LineNumber: 0 | BytePositionInLine: 0.
2026-09-29 03:08:27 [cefQuery] ERR 'S' is an invalid start of a value. LineNumber: 0 | BytePositionInLine: 0.
2026-09-29 03:08:28 [cefQuery] ERR 'S' is an invalid start of a value. LineNumber: 0 | BytePositionInLine: 0.
2026-09-29 03:08:28 [cefQuery] ERR 'S' is an invalid start of a value. LineNumber: 0 | BytePositionInLine: 0.
2026-09-29 03:08:28 [window] SHOW
2026-09-29 03:08:28 [cefQuery] ERR 'S' is an invalid start of a value. LineNumber: 0 | BytePositionInLine: 0.
2026-09-29 03:08:28 [cefQuery] ERR 'S' is an invalid start of a value. LineNumber: 0 | BytePositionInLine: 0.
2026-09-29 03:09:51 [pages] serving C:\My Project\NVIDIA-Shadowplay\Project\Overlay OSC\NVIDIA OSC\osc at http://localhost:3000/
2026-09-29 03:09:51 [toggle] listening on 127.0.0.1:59003
2026-09-29 03:09:51 === NVIDIA OSC (ของเรา) boot — C:\My Project\NVIDIA-Shadowplay\Project\Overlay OSC\NVIDIA OSC\osc\index.html ===
2026-09-29 03:09:52 [page:Error] 2026-09-29 03:09:52.135  ERROR  crimson.cef/cefService- "Cannot find cefQuery. cmd={\"command\":\"QUERY_LOAD_STRING_TABLE\",\"stringTable\":{\"userAgent\":\"NVIDIAOSCClient/3.28.0.412\"}}" @ http://localhost:3000/vendor.js
2026-09-29 03:09:52 [page:Error] 2026-09-29 03:09:52.148  ERROR  crimson.cef/cefService- "Cannot find cefQuery. cmd={\"command\":\"QUERY_WIN_NODE_INFO\"}" @ http://localhost:3000/vendor.js
2026-09-29 03:09:52 [page:Error] 2026-09-29 03:09:52.148  ERROR  osc/urlRouter/main/resolve- "failed" @ http://localhost:3000/vendor.js
2026-09-29 03:09:52 [cef] frame loaded — cefQuery shim + transparency injected
2026-09-29 03:09:52 [page:Error] 2026-09-29 03:09:52.531  ERROR  main.common/telemetryService- "No valid logged in user detected, falling back to client consent setting." @ http://localhost:3000/vendor.js
2026-09-29 03:09:52 [page:Error] 2026-09-29 03:09:52.533  ERROR  main/resolve/hardwareInfo- "Unable to get user session (rejection)" @ http://localhost:3000/vendor.js
2026-09-29 03:09:52 [page:Error] 2026-09-29 03:09:52.533  ERROR  main/resolve/hardwareInfo- "Unable to get user id" null @ http://localhost:3000/vendor.js
2026-09-29 03:09:52 [cefQuery] QUERY_LOAD_STRING_TABLE
2026-09-29 03:09:52 [page:Warning] undefined used as a key, but it is not a string. @ http://localhost:3000/vendor.js
2026-09-29 03:09:52 [page:Error] Access to XMLHttpRequest at 'https://gfwsl.geforce.com/nvidia_web_services/controller.gfeclientcontent.NG.php/com.nvidia.services.GFEClientContent_NG.getAnselReady/%7B%22gcV%22:%223.28.0.412%22,%22sM%22:%22NaNGB%22,%22dIDa%22:[%221b06_10de_120f_120f_1%22],%22is6%22:%220%22,%22IsB%22:%220%22,%22gIsB%22:%220%22,%22IsQ%22:%220%22,%22iLp%22:%220%22,%22glg%22:%22en-US%22,%22lg%22:%221033%22%7D' from origin 'http://localhost:3000' has been blocked by CORS policy: No 'Access-Control-Allow-Origin' header is present on the requested resource. @ http://localhost:3000/index.html#/base
2026-09-29 03:09:52 [page:Error] 2026-09-29 03:09:52.784  ERROR  osc/gfwslService- "GFWSL request failed : " {
  "data": null,
  "status": -1,
  "config": {
    "method": "GET",
    "transformRequest": [
      null
    ],
    "transformResponse": [
      null,
      null
    ],
    "headers": {
      "Accept": "application/json, text/plain, */*"
    },
    "url": "https://gfwsl.geforce.com/nvidia_web_services/controller.gfeclientcontent.NG.php/com.nvidia.services.GFEClientContent_NG.getAnselReady/{\"gcV\":\"3.28.0.412\",\"sM\":\"NaNGB\",\"dIDa\":[\"1b06_10de_120f_120f_1\"],\"is6\":\"0\",\"IsB\":\"0\",\"gIsB\":\"0\",\"IsQ\":\"0\",\"iLp\":\"0\",\"glg\":\"en-US\",\"lg\":\"1033\"}",
    "params": {},
    "retriesRemaining": 0,
    "timeout": {}
  },
  "statusText": ""
} @ http://localhost:3000/vendor.js
2026-09-29 03:09:52 [page:Error] 2026-09-29 03:09:52.784  ERROR  osc/nvCameraService- "GFWSL endpoint failed, proceed with OSC initialization" {
  "data": null,
  "status": -1,
  "config": {
    "method": "GET",
    "transformRequest": [
      null
    ],
    "transformResponse": [
      null,
      null
    ],
    "headers": {
      "Accept": "application/json, text/plain, */*"
    },
    "url": "https://gfwsl.geforce.com/nvidia_web_services/controller.gfeclientcontent.NG.php/com.nvidia.services.GFEClientContent_NG.getAnselReady/{\"gcV\":\"3.28.0.412\",\"sM\":\"NaNGB\",\"dIDa\":[\"1b06_10de_120f_120f_1\"],\"is6\":\"0\",\"IsB\":\"0\",\"gIsB\":\"0\",\"IsQ\":\"0\",\"iLp\":\"0\",\"glg\":\"en-US\",\"lg\":\"1033\"}",
    "params": {},
    "retriesRemaining": 0,
    "timeout": {}
  },
  "statusText": ""
} @ http://localhost:3000/vendor.js
2026-09-29 03:09:52 [cefQuery] QUERY_WRITE_SHARED_STORAGE
2026-09-29 03:09:52 [cefQuery] QUERY_OSC_SET_DISPLAY_RECTS
2026-09-29 03:09:52 [cefQuery] QUERY_OSC_SET_DISPLAY_RECTS
2026-09-29 03:09:52 [cefQuery] QUERY_OSC_SET_DISPLAY_RECTS
2026-09-29 03:09:52 [cefQuery] QUERY_WRITE_SHARED_STORAGE
2026-09-29 03:09:52 [cefQuery] QUERY_OSC_REGISTER_CLOSE_EVENT
2026-09-29 03:09:57 [cefQuery] QUERY_OSC_SET_DISPLAY_RECTS
2026-09-29 03:09:57 [window] HIDE (+close event fired)
2026-09-29 03:09:57 [cefQuery] QUERY_FULLSCREEN_STATE
2026-09-29 03:09:57 [cefQuery] QUERY_OSC_SET_PAINTING
2026-09-29 03:09:57 [cefQuery] QUERY_OSC_SET_PAINTING
2026-09-29 03:09:57 [window] SHOW
2026-09-29 03:09:57 [cefQuery] QUERY_OSC_SET_DISPLAY_RECTS
2026-09-29 03:09:57 [cefQuery] QUERY_WRITE_SHARED_STORAGE
2026-09-29 03:09:57 [cefQuery] QUERY_OSC_SET_DISPLAY_RECTS
2026-09-29 03:09:57 [cefQuery] QUERY_WIN_CLOSE_OSC
2026-09-29 03:09:57 [cefQuery] QUERY_OSC_DISPLAY_IS_DESKTOP_MODE
2026-09-29 03:09:58 [cefQuery] QUERY_OSC_SET_DISPLAY_RECTS
2026-09-29 03:09:58 [window] HIDE (+close event fired)
2026-09-29 03:09:58 [cefQuery] QUERY_OSC_SET_PAINTING
2026-09-29 03:09:58 [cefQuery] QUERY_WIN_OPEN_OSC
2026-09-29 03:09:58 [cefQuery] QUERY_FULLSCREEN_STATE
2026-09-29 03:09:58 [cefQuery] QUERY_OSC_SET_PAINTING
2026-09-29 03:09:58 [cefQuery] QUERY_OSC_SET_DISPLAY_RECTS
2026-09-29 03:09:58 [cefQuery] QUERY_WRITE_SHARED_STORAGE
2026-09-29 03:09:58 [cefQuery] QUERY_OSC_SET_DISPLAY_RECTS
2026-09-29 03:09:58 [cefQuery] QUERY_WIN_CLOSE_OSC
2026-09-29 03:09:58 [window] SHOW
2026-09-29 03:09:58 [cefQuery] QUERY_OSC_SET_DISPLAY_RECTS
2026-09-29 03:09:58 [window] HIDE (+close event fired)
2026-09-29 03:09:58 [cefQuery] QUERY_FULLSCREEN_STATE
2026-09-29 03:09:58 [cefQuery] QUERY_OSC_SET_PAINTING
2026-09-29 03:09:58 [cefQuery] QUERY_WIN_OPEN_OSC
2026-09-29 03:09:58 [cefQuery] QUERY_OSC_SET_PAINTING
2026-09-29 03:09:58 [cefQuery] QUERY_OSC_SET_DISPLAY_RECTS
2026-09-29 03:09:58 [cefQuery] QUERY_OSC_SET_DISPLAY_RECTS
2026-09-29 03:09:58 [cefQuery] QUERY_WIN_CLOSE_OSC
2026-09-29 03:09:58 [cefQuery] QUERY_WRITE_SHARED_STORAGE
2026-09-29 03:09:58 [window] SHOW
2026-09-29 03:10:04 [cefQuery] QUERY_OSC_SET_DISPLAY_RECTS
2026-09-29 03:10:04 [window] HIDE (+close event fired)
2026-09-29 03:10:04 [cefQuery] QUERY_OSC_SET_DISPLAY_RECTS
2026-09-29 03:10:04 [window] SHOW
2026-09-29 03:10:04 [cefQuery] QUERY_OSC_SET_PAINTING
2026-09-29 03:10:04 [cefQuery] QUERY_OSC_SET_PAINTING
2026-09-29 03:10:04 [cefQuery] QUERY_FULLSCREEN_STATE
2026-09-29 03:10:04 [cefQuery] QUERY_OSC_SET_PAINTING
2026-09-29 03:10:04 [cefQuery] QUERY_OSC_SET_PAINTING
2026-09-29 03:10:04 [window] HIDE (+close event fired)
2026-09-29 03:10:04 [cefQuery] QUERY_OSC_SET_DISPLAY_RECTS
2026-09-29 03:10:04 [cefQuery] QUERY_OSC_SET_DISPLAY_RECTS
2026-09-29 03:10:04 [cefQuery] QUERY_WIN_CLOSE_OSC
2026-09-29 03:10:04 [cefQuery] QUERY_WRITE_SHARED_STORAGE
2026-09-29 03:10:04 [cefQuery] QUERY_OSC_SET_DISPLAY_RECTS
2026-09-29 03:10:04 [cefQuery] QUERY_FULLSCREEN_STATE
2026-09-29 03:10:04 [cefQuery] QUERY_WIN_OPEN_OSC
2026-09-29 03:10:04 [window] SHOW
2026-09-29 03:10:04 [cefQuery] QUERY_OSC_SET_PAINTING
2026-09-29 03:10:05 [window] HIDE (+close event fired)
2026-09-29 03:10:05 [cefQuery] QUERY_OSC_SET_DISPLAY_RECTS
2026-09-29 03:10:05 [cefQuery] QUERY_WIN_CLOSE_OSC
2026-09-29 03:10:05 [cefQuery] QUERY_OSC_SET_DISPLAY_RECTS
2026-09-29 03:10:05 [cefQuery] QUERY_FULLSCREEN_STATE
2026-09-29 03:10:05 [cefQuery] QUERY_OSC_SET_PAINTING
2026-09-29 03:10:05 [window] SHOW
2026-09-29 03:10:05 [window] HIDE (+close event fired)
2026-09-29 03:10:05 [cefQuery] QUERY_OSC_SET_DISPLAY_RECTS
2026-09-29 03:10:05 [window] SHOW
2026-09-29 03:10:05 [cefQuery] QUERY_OSC_SET_DISPLAY_RECTS
2026-09-29 03:10:05 [cefQuery] QUERY_WIN_CLOSE_OSC
2026-09-29 03:10:05 [window] HIDE (+close event fired)
2026-09-29 03:10:05 [cefQuery] QUERY_OSC_SET_DISPLAY_RECTS
2026-09-29 03:10:05 [cefQuery] QUERY_OSC_SET_DISPLAY_RECTS
2026-09-29 03:10:05 [cefQuery] QUERY_FULLSCREEN_STATE
2026-09-29 03:10:05 [cefQuery] QUERY_OSC_SET_PAINTING
2026-09-29 03:10:05 [cefQuery] QUERY_OSC_SET_PAINTING
2026-09-29 03:10:05 [cefQuery] QUERY_FULLSCREEN_STATE
2026-09-29 03:10:05 [cefQuery] QUERY_OSC_SET_PAINTING
2026-09-29 03:10:05 [cefQuery] QUERY_OSC_SET_PAINTING
2026-09-29 03:10:05 [cefQuery] QUERY_OSC_SET_DISPLAY_RECTS
2026-09-29 03:10:05 [cefQuery] QUERY_WRITE_SHARED_STORAGE
2026-09-29 03:10:05 [cefQuery] QUERY_WIN_CLOSE_OSC
2026-09-29 03:10:05 [window] SHOW
2026-09-29 03:10:06 [cefQuery] QUERY_OSC_SET_DISPLAY_RECTS
2026-09-29 03:10:06 [window] HIDE (+close event fired)
2026-09-29 03:10:06 [cefQuery] QUERY_FULLSCREEN_STATE
2026-09-29 03:10:06 [cefQuery] QUERY_OSC_SET_PAINTING
2026-09-29 03:10:06 [cefQuery] QUERY_OSC_SET_DISPLAY_RECTS
2026-09-29 03:10:06 [cefQuery] QUERY_WRITE_SHARED_STORAGE
2026-09-29 03:10:06 [cefQuery] QUERY_OSC_SET_DISPLAY_RECTS
2026-09-29 03:10:06 [window] SHOW
2026-09-29 03:10:08 [cefQuery] QUERY_OSC_SET_DISPLAY_RECTS
2026-09-29 03:10:08 [window] HIDE (+close event fired)
2026-09-29 03:10:08 [cefQuery] QUERY_OSC_SET_PAINTING
2026-09-29 03:10:08 [cefQuery] QUERY_FULLSCREEN_STATE
2026-09-29 03:10:08 [cefQuery] QUERY_WIN_OPEN_OSC
2026-09-29 03:10:08 [cefQuery] QUERY_OSC_SET_PAINTING
2026-09-29 03:10:08 [cefQuery] QUERY_OSC_SET_DISPLAY_RECTS
2026-09-29 03:10:08 [cefQuery] QUERY_WRITE_SHARED_STORAGE
2026-09-29 03:10:08 [cefQuery] QUERY_OSC_SET_DISPLAY_RECTS
2026-09-29 03:10:08 [window] SHOW
2026-09-29 03:10:09 [cefQuery] QUERY_OSC_SET_DISPLAY_RECTS
2026-09-29 03:10:09 [window] HIDE (+close event fired)
2026-09-29 03:10:09 [cefQuery] QUERY_FULLSCREEN_STATE
2026-09-29 03:10:09 [cefQuery] QUERY_OSC_SET_PAINTING
2026-09-29 03:10:09 [cefQuery] QUERY_OSC_SET_PAINTING
2026-09-29 03:10:09 [cefQuery] QUERY_OSC_SET_DISPLAY_RECTS
2026-09-29 03:10:09 [cefQuery] QUERY_WRITE_SHARED_STORAGE
2026-09-29 03:10:09 [cefQuery] QUERY_OSC_SET_DISPLAY_RECTS
2026-09-29 03:10:09 [cefQuery] QUERY_WIN_CLOSE_OSC
2026-09-29 03:10:09 [window] SHOW
2026-09-29 03:10:10 [cefQuery] QUERY_OSC_SET_DISPLAY_RECTS
2026-09-29 03:10:10 [window] HIDE (+close event fired)
2026-09-29 03:10:10 [cefQuery] QUERY_FULLSCREEN_STATE
2026-09-29 03:10:10 [cefQuery] QUERY_OSC_SET_PAINTING
2026-09-29 03:10:10 [cefQuery] QUERY_WIN_OPEN_OSC
2026-09-29 03:10:10 [cefQuery] QUERY_OSC_SET_PAINTING
2026-09-29 03:10:10 [cefQuery] QUERY_OSC_SET_DISPLAY_RECTS
2026-09-29 03:10:10 [cefQuery] QUERY_WRITE_SHARED_STORAGE
2026-09-29 03:10:10 [cefQuery] QUERY_WIN_CLOSE_OSC
2026-09-29 03:10:10 [cefQuery] QUERY_OSC_SET_DISPLAY_RECTS
2026-09-29 03:10:10 [window] SHOW
2026-09-29 03:10:10 [cefQuery] QUERY_OSC_SET_DISPLAY_RECTS
2026-09-29 03:10:10 [window] HIDE (+close event fired)
2026-09-29 03:10:10 [cefQuery] QUERY_OSC_SET_PAINTING
2026-09-29 03:10:10 [cefQuery] QUERY_OSC_SET_PAINTING
2026-09-29 03:10:16 [cefQuery] QUERY_OSC_SET_DISPLAY_RECTS
2026-09-29 03:10:16 [cefQuery] QUERY_WRITE_SHARED_STORAGE
2026-09-29 03:10:16 [window] SHOW
2026-09-29 03:10:17 [cefQuery] QUERY_OSC_SET_DISPLAY_RECTS
2026-09-29 03:10:17 [window] HIDE (+close event fired)
2026-09-29 03:10:17 [cefQuery] QUERY_FULLSCREEN_STATE
2026-09-29 03:10:17 [cefQuery] QUERY_WIN_OPEN_OSC
2026-09-29 03:10:17 [cefQuery] QUERY_OSC_SET_PAINTING
2026-09-29 03:10:17 [cefQuery] QUERY_OSC_SET_DISPLAY_RECTS
2026-09-29 03:10:17 [cefQuery] QUERY_WRITE_SHARED_STORAGE
2026-09-29 03:10:17 [cefQuery] QUERY_OSC_SET_DISPLAY_RECTS
2026-09-29 03:10:17 [cefQuery] QUERY_WIN_CLOSE_OSC
2026-09-29 03:10:17 [window] SHOW
2026-09-29 03:10:17 [cefQuery] QUERY_OSC_SET_DISPLAY_RECTS
2026-09-29 03:10:17 [window] HIDE (+close event fired)
2026-09-29 03:10:17 [cefQuery] QUERY_FULLSCREEN_STATE
2026-09-29 03:10:17 [cefQuery] QUERY_OSC_SET_PAINTING
2026-09-29 03:10:18 [cefQuery] QUERY_OSC_SET_DISPLAY_RECTS
2026-09-29 03:10:18 [cefQuery] QUERY_WRITE_SHARED_STORAGE
2026-09-29 03:10:18 [cefQuery] QUERY_WIN_CLOSE_OSC
2026-09-29 03:10:18 [cefQuery] QUERY_OSC_SET_DISPLAY_RECTS
2026-09-29 03:10:18 [window] SHOW
2026-09-29 03:10:19 [cefQuery] QUERY_OSC_SET_DISPLAY_RECTS
2026-09-29 03:10:19 [window] HIDE (+close event fired)
2026-09-29 03:10:19 [cefQuery] QUERY_FULLSCREEN_STATE
2026-09-29 03:10:19 [cefQuery] QUERY_WIN_OPEN_OSC
2026-09-29 03:10:19 [cefQuery] QUERY_OSC_SET_PAINTING
2026-09-29 03:10:19 [cefQuery] QUERY_OSC_SET_PAINTING
2026-09-29 03:10:19 [cefQuery] QUERY_OSC_SET_DISPLAY_RECTS
2026-09-29 03:10:19 [cefQuery] QUERY_WRITE_SHARED_STORAGE
2026-09-29 03:10:19 [cefQuery] QUERY_WIN_CLOSE_OSC
2026-09-29 03:10:19 [window] SHOW
2026-09-29 03:10:20 [cefQuery] QUERY_OSC_SET_DISPLAY_RECTS
2026-09-29 03:10:20 [window] HIDE (+close event fired)
2026-09-29 03:10:20 [cefQuery] QUERY_FULLSCREEN_STATE
2026-09-29 03:10:20 [cefQuery] QUERY_OSC_SET_PAINTING
2026-09-29 03:10:20 [cefQuery] QUERY_OSC_SET_PAINTING
2026-09-29 03:10:37 [pages] serving C:\My Project\NVIDIA-Shadowplay\Project\Overlay OSC\NVIDIA OSC\osc at http://localhost:3000/
2026-09-29 03:10:38 [toggle] listening on 127.0.0.1:59003
2026-09-29 03:10:38 === NVIDIA OSC (ของเรา) boot — C:\My Project\NVIDIA-Shadowplay\Project\Overlay OSC\NVIDIA OSC\osc\index.html ===
2026-09-29 03:10:38 [page:Error] 2026-09-29 03:10:38.517  ERROR  crimson.cef/cefService- "Cannot find cefQuery. cmd={\"command\":\"QUERY_LOAD_STRING_TABLE\",\"stringTable\":{\"userAgent\":\"NVIDIAOSCClient/3.28.0.412\"}}" @ http://localhost:3000/vendor.js
2026-09-29 03:10:38 [page:Error] 2026-09-29 03:10:38.529  ERROR  crimson.cef/cefService- "Cannot find cefQuery. cmd={\"command\":\"QUERY_WIN_NODE_INFO\"}" @ http://localhost:3000/vendor.js
2026-09-29 03:10:38 [page:Error] 2026-09-29 03:10:38.529  ERROR  osc/urlRouter/main/resolve- "failed" @ http://localhost:3000/vendor.js
2026-09-29 03:10:38 [cef] frame loaded — cefQuery shim + transparency injected
2026-09-29 03:10:38 [page:Error] 2026-09-29 03:10:38.893  ERROR  main.common/telemetryService- "No valid logged in user detected, falling back to client consent setting." @ http://localhost:3000/vendor.js
2026-09-29 03:10:38 [page:Error] 2026-09-29 03:10:38.894  ERROR  main/resolve/hardwareInfo- "Unable to get user session (rejection)" @ http://localhost:3000/vendor.js
2026-09-29 03:10:38 [page:Error] 2026-09-29 03:10:38.894  ERROR  main/resolve/hardwareInfo- "Unable to get user id" null @ http://localhost:3000/vendor.js
2026-09-29 03:10:38 [page:Warning] undefined used as a key, but it is not a string. @ http://localhost:3000/vendor.js
2026-09-29 03:10:38 [cefQuery] QUERY_LOAD_STRING_TABLE
2026-09-29 03:10:39 [page:Error] Access to XMLHttpRequest at 'https://gfwsl.geforce.com/nvidia_web_services/controller.gfeclientcontent.NG.php/com.nvidia.services.GFEClientContent_NG.getAnselReady/%7B%22gcV%22:%223.28.0.412%22,%22sM%22:%22NaNGB%22,%22dIDa%22:[%221b06_10de_120f_120f_1%22],%22is6%22:%220%22,%22IsB%22:%220%22,%22gIsB%22:%220%22,%22IsQ%22:%220%22,%22iLp%22:%220%22,%22glg%22:%22en-US%22,%22lg%22:%221033%22%7D' from origin 'http://localhost:3000' has been blocked by CORS policy: No 'Access-Control-Allow-Origin' header is present on the requested resource. @ http://localhost:3000/index.html#/base
2026-09-29 03:10:39 [page:Error] 2026-09-29 03:10:39.328  ERROR  osc/gfwslService- "GFWSL request failed : " {
  "data": null,
  "status": -1,
  "config": {
    "method": "GET",
    "transformRequest": [
      null
    ],
    "transformResponse": [
      null,
      null
    ],
    "headers": {
      "Accept": "application/json, text/plain, */*"
    },
    "url": "https://gfwsl.geforce.com/nvidia_web_services/controller.gfeclientcontent.NG.php/com.nvidia.services.GFEClientContent_NG.getAnselReady/{\"gcV\":\"3.28.0.412\",\"sM\":\"NaNGB\",\"dIDa\":[\"1b06_10de_120f_120f_1\"],\"is6\":\"0\",\"IsB\":\"0\",\"gIsB\":\"0\",\"IsQ\":\"0\",\"iLp\":\"0\",\"glg\":\"en-US\",\"lg\":\"1033\"}",
    "params": {},
    "retriesRemaining": 0,
    "timeout": {}
  },
  "statusText": ""
} @ http://localhost:3000/vendor.js
2026-09-29 03:10:39 [page:Error] 2026-09-29 03:10:39.328  ERROR  osc/nvCameraService- "GFWSL endpoint failed, proceed with OSC initialization" {
  "data": null,
  "status": -1,
  "config": {
    "method": "GET",
    "transformRequest": [
      null
    ],
    "transformResponse": [
      null,
      null
    ],
    "headers": {
      "Accept": "application/json, text/plain, */*"
    },
    "url": "https://gfwsl.geforce.com/nvidia_web_services/controller.gfeclientcontent.NG.php/com.nvidia.services.GFEClientContent_NG.getAnselReady/{\"gcV\":\"3.28.0.412\",\"sM\":\"NaNGB\",\"dIDa\":[\"1b06_10de_120f_120f_1\"],\"is6\":\"0\",\"IsB\":\"0\",\"gIsB\":\"0\",\"IsQ\":\"0\",\"iLp\":\"0\",\"glg\":\"en-US\",\"lg\":\"1033\"}",
    "params": {},
    "retriesRemaining": 0,
    "timeout": {}
  },
  "statusText": ""
} @ http://localhost:3000/vendor.js
2026-09-29 03:10:39 [cefQuery] QUERY_WRITE_SHARED_STORAGE
2026-09-29 03:10:39 [cefQuery] QUERY_WRITE_SHARED_STORAGE
2026-09-29 03:10:39 [cefQuery] QUERY_OSC_REGISTER_CLOSE_EVENT
2026-09-29 03:10:41 [cefQuery] QUERY_OSC_SET_DISPLAY_RECTS
2026-09-29 03:10:41 [window] HIDE (+close event fired)
2026-09-29 03:10:41 [cefQuery] QUERY_OSC_SET_PAINTING
2026-09-29 03:10:41 [cefQuery] QUERY_FULLSCREEN_STATE
2026-09-29 03:10:41 [cefQuery] QUERY_WIN_OPEN_OSC
2026-09-29 03:10:41 [cefQuery] QUERY_OSC_SET_PAINTING
2026-09-29 03:10:41 [cefQuery] QUERY_WRITE_SHARED_STORAGE
2026-09-29 03:10:41 [cefQuery] QUERY_WIN_CLOSE_OSC
2026-09-29 03:10:41 [cefQuery] QUERY_OSC_DISPLAY_IS_DESKTOP_MODE
2026-09-29 03:10:41 [window] SHOW
2026-09-29 03:10:41 [window] HIDE (page requested)
2026-09-29 03:10:42 [cefQuery] QUERY_OSC_SET_DISPLAY_RECTS
2026-09-29 03:10:42 [cefQuery] QUERY_FULLSCREEN_STATE
2026-09-29 03:10:42 [cefQuery] QUERY_OSC_SET_PAINTING
2026-09-29 03:10:42 [cefQuery] QUERY_WIN_OPEN_OSC
2026-09-29 03:10:42 [window] SHOW
2026-09-29 03:10:42 [cefQuery] QUERY_OSC_SET_PAINTING
2026-09-29 03:10:43 [cefQuery] QUERY_WRITE_SHARED_STORAGE
2026-09-29 03:10:43 [window] HIDE (+close event fired)
2026-09-29 03:10:43 [cefQuery] QUERY_WIN_CLOSE_OSC
2026-09-29 03:10:43 [window] HIDE (page requested)
2026-09-29 03:10:44 [cefQuery] QUERY_OSC_SET_DISPLAY_RECTS
2026-09-29 03:10:44 [cefQuery] QUERY_FULLSCREEN_STATE
2026-09-29 03:10:44 [cefQuery] QUERY_WIN_OPEN_OSC
2026-09-29 03:10:44 [cefQuery] QUERY_OSC_SET_PAINTING
2026-09-29 03:10:44 [cefQuery] QUERY_OSC_SET_PAINTING
2026-09-29 03:10:44 [window] SHOW
2026-09-29 03:10:44 [cefQuery] QUERY_OSC_DISPLAY_IS_DESKTOP_MODE
2026-09-29 03:10:45 [cefQuery] QUERY_OSC_DISPLAY_IS_DESKTOP_MODE
2026-09-29 03:10:45 [cefQuery] QUERY_OSC_SET_DISPLAY_RECTS
2026-09-29 03:10:45 [cefQuery] QUERY_FULLSCREEN_STATE
2026-09-29 03:10:45 [cefQuery] QUERY_OSC_SET_PAINTING
2026-09-29 03:10:45 [cefQuery] QUERY_OSC_SET_PAINTING
2026-09-29 03:10:45 [cefQuery] QUERY_OSC_SET_PAINTING
2026-09-29 03:10:45 [cefQuery] QUERY_OSC_SET_PAINTING
2026-09-29 03:10:46 [cefQuery] QUERY_OSC_SET_PAINTING
2026-09-29 03:10:46 [cefQuery] QUERY_OSC_SET_PAINTING
2026-09-29 03:10:46 [page:Error] TypeError: Cannot read properties of undefined (reading 'length')
    at http://localhost:3000/vendor.js:20:23273
    at a (http://localhost:3000/vendor.js:99:4175)
    at http://localhost:3000/vendor.js:99:4347
    at p.$eval (http://localhost:3000/vendor.js:99:11860)
    at p.$digest (http://localhost:3000/vendor.js:99:10368)
    at p.$apply (http://localhost:3000/vendor.js:99:12143)
    at c (http://localhost:3000/vendor.js:98:18658)
    at E (http://localhost:3000/vendor.js:98:20559)
    at w.onload (http://localhost:3000/vendor.js:98:21102) undefined @ http://localhost:3000/vendor.js
2026-09-29 03:10:47 [cefQuery] QUERY_WRITE_SHARED_STORAGE
2026-09-29 03:10:47 [window] HIDE (+close event fired)
2026-09-29 03:10:47 [window] HIDE (page requested)
2026-09-29 03:10:47 [cefQuery] QUERY_OSC_SET_DISPLAY_RECTS
2026-09-29 03:10:47 [cefQuery] QUERY_FULLSCREEN_STATE
2026-09-29 03:10:47 [cefQuery] QUERY_OSC_SET_PAINTING
2026-09-29 03:10:47 [window] SHOW
2026-09-29 03:10:47 [cefQuery] QUERY_OSC_SET_PAINTING
2026-09-29 03:10:49 [cefQuery] QUERY_WRITE_SHARED_STORAGE
2026-09-29 03:10:49 [window] HIDE (page requested)
2026-09-29 03:10:50 [cefQuery] QUERY_OSC_SET_DISPLAY_RECTS
2026-09-29 03:10:50 [cefQuery] QUERY_OSC_SET_PAINTING
2026-09-29 03:10:50 [cefQuery] QUERY_FULLSCREEN_STATE
2026-09-29 03:10:50 [cefQuery] QUERY_OSC_SET_PAINTING
2026-09-29 03:10:50 [window] SHOW
2026-09-29 03:10:51 [cefQuery] QUERY_OSC_DISPLAY_IS_DESKTOP_MODE
2026-09-29 03:10:51 [cefQuery] QUERY_OSC_SET_DISPLAY_RECTS
2026-09-29 03:10:51 [cefQuery] QUERY_FULLSCREEN_STATE
2026-09-29 03:10:51 [cefQuery] QUERY_OSC_SET_PAINTING
2026-09-29 03:10:51 [cefQuery] QUERY_OSC_SET_PAINTING
2026-09-29 03:10:51 [cefQuery] QUERY_OSC_SET_DISPLAY_RECTS
2026-09-29 03:10:51 [cefQuery] QUERY_FULLSCREEN_STATE
2026-09-29 03:10:51 [cefQuery] QUERY_OSC_SET_PAINTING
2026-09-29 03:10:51 [cefQuery] QUERY_OSC_SET_PAINTING
2026-09-29 03:10:51 [page:Warning] ARIA: Attribute " aria-label ", required for accessibility, is missing on node: [object HTMLTextAreaElement] @ http://localhost:3000/vendor.js
2026-09-29 03:10:51 [page:Warning] ARIA: Attribute " aria-label ", required for accessibility, is missing on node: [object HTMLElement] @ http://localhost:3000/vendor.js
2026-09-29 03:10:51 [page:Warning] ARIA: Attribute " aria-label ", required for accessibility, is missing on node: [object HTMLElement] @ http://localhost:3000/vendor.js
2026-09-29 03:10:52 [cefQuery] QUERY_FULLSCREEN_STATE
2026-09-29 03:10:53 [window] HIDE (+close event fired)
2026-09-29 03:10:53 [cefQuery] QUERY_WRITE_SHARED_STORAGE
2026-09-29 03:10:53 [cefQuery] QUERY_WIN_OPEN_OSC
2026-09-29 03:10:53 [cefQuery] QUERY_OSC_SET_DISPLAY_RECTS
2026-09-29 03:10:53 [cefQuery] QUERY_OSC_SET_PAINTING
2026-09-29 03:10:53 [cefQuery] QUERY_FULLSCREEN_STATE
2026-09-29 03:10:53 [cefQuery] QUERY_WIN_OPEN_OSC
2026-09-29 03:10:53 [window] SHOW
2026-09-29 03:10:53 [cefQuery] QUERY_OSC_SET_PAINTING
2026-09-29 03:10:54 [window] HIDE (+close event fired)
2026-09-29 03:10:54 [cefQuery] QUERY_WRITE_SHARED_STORAGE
2026-09-29 03:10:54 [cefQuery] QUERY_OSC_SET_DISPLAY_RECTS
2026-09-29 03:10:54 [cefQuery] QUERY_OSC_SET_PAINTING
2026-09-29 03:10:54 [cefQuery] QUERY_FULLSCREEN_STATE
2026-09-29 03:10:54 [cefQuery] QUERY_WIN_OPEN_OSC
2026-09-29 03:10:54 [cefQuery] QUERY_OSC_SET_PAINTING
2026-09-29 03:10:54 [window] SHOW
2026-09-29 03:10:55 [cefQuery] QUERY_WRITE_SHARED_STORAGE
2026-09-29 03:10:55 [cefQuery] QUERY_WIN_OPEN_OSC
2026-09-29 03:11:03 [cefQuery] QUERY_WIN_CLOSE_OSC
2026-09-29 03:11:03 [window] HIDE (page requested)
2026-09-29 03:12:33 [cefQuery] QUERY_OSC_SET_DISPLAY_RECTS
2026-09-29 03:12:33 [window] SHOW
2026-09-29 03:12:33 [cefQuery] QUERY_FULLSCREEN_STATE
2026-09-29 03:12:33 [cefQuery] QUERY_WIN_OPEN_OSC
2026-09-29 03:12:33 [cefQuery] QUERY_OSC_SET_PAINTING
2026-09-29 03:12:33 [cefQuery] QUERY_OSC_SET_PAINTING
2026-09-29 03:12:36 [cefQuery] QUERY_OSC_SET_PAINTING
2026-09-29 03:12:36 [cefQuery] QUERY_OSC_SET_PAINTING
2026-09-29 03:12:37 [cefQuery] QUERY_OSC_SET_PAINTING
2026-09-29 03:12:37 [cefQuery] QUERY_OSC_SET_PAINTING
2026-09-29 03:12:38 [cefQuery] QUERY_OSC_DISPLAY_IS_DESKTOP_MODE
2026-09-29 03:12:38 [cefQuery] QUERY_OSC_DISPLAY_IS_DESKTOP_MODE
2026-09-29 03:12:38 [cefQuery] QUERY_OSC_SET_DISPLAY_RECTS
2026-09-29 03:12:38 [cefQuery] QUERY_FULLSCREEN_STATE
2026-09-29 03:12:38 [cefQuery] QUERY_OSC_SET_PAINTING
2026-09-29 03:12:38 [cefQuery] QUERY_OSC_SET_PAINTING
2026-09-29 03:12:39 [cefQuery] QUERY_OSC_SET_PAINTING
2026-09-29 03:12:39 [cefQuery] QUERY_OSC_SET_PAINTING
2026-09-29 03:12:39 [window] HIDE (+close event fired)
2026-09-29 03:12:39 [cefQuery] QUERY_WRITE_SHARED_STORAGE
2026-09-29 03:12:39 [cefQuery] QUERY_WIN_CLOSE_OSC
2026-09-29 03:12:39 [window] HIDE (page requested)
2026-09-29 03:12:39 [cefQuery] QUERY_OSC_SET_DISPLAY_RECTS
2026-09-29 03:12:39 [cefQuery] QUERY_OSC_SET_PAINTING
2026-09-29 03:12:39 [cefQuery] QUERY_WIN_OPEN_OSC
2026-09-29 03:12:39 [cefQuery] QUERY_OSC_SET_PAINTING
2026-09-29 03:12:40 [window] SHOW
2026-09-29 03:12:41 [page:Error] 2026-09-29 03:12:41.855  ERROR  osc/nvCameraService- "NvCamera UI launch failed: " "NvCamera timed out" @ http://localhost:3000/vendor.js
2026-09-29 03:12:41 [cefQuery] QUERY_FULLSCREEN_STATE
2026-09-29 03:12:41 [cefQuery] QUERY_WRITE_SHARED_STORAGE
2026-09-29 03:12:41 [cefQuery] QUERY_WIN_OPEN_OSC
2026-09-29 03:12:41 [window] HIDE (+close event fired)
2026-09-29 03:12:42 [cefQuery] QUERY_OSC_SET_DISPLAY_RECTS
2026-09-29 03:12:42 [cefQuery] QUERY_FULLSCREEN_STATE
2026-09-29 03:12:42 [cefQuery] QUERY_OSC_SET_PAINTING
2026-09-29 03:12:42 [window] SHOW
2026-09-29 03:12:43 [window] HIDE (+close event fired)
2026-09-29 03:12:43 [cefQuery] QUERY_WIN_OPEN_OSC
2026-09-29 03:12:43 [cefQuery] QUERY_OSC_SET_DISPLAY_RECTS
2026-09-29 03:12:43 [cefQuery] QUERY_WIN_OPEN_OSC
2026-09-29 03:12:43 [cefQuery] QUERY_OSC_SET_PAINTING
2026-09-29 03:12:43 [window] SHOW
2026-09-29 03:12:52 [cefQuery] QUERY_WRITE_SHARED_STORAGE
2026-09-29 03:15:42 [cefQuery] QUERY_WRITE_SHARED_STORAGE
2026-09-29 03:15:42 [cefQuery] QUERY_WIN_CLOSE_OSC
2026-09-29 03:15:42 [window] HIDE (+close event fired)
2026-09-29 03:15:42 [window] HIDE (page requested)
2026-09-29 03:15:42 [cefQuery] QUERY_OSC_SET_DISPLAY_RECTS
2026-09-29 03:15:42 [cefQuery] QUERY_OSC_SET_PAINTING
2026-09-29 03:15:42 [cefQuery] QUERY_WIN_OPEN_OSC
2026-09-29 03:15:42 [cefQuery] QUERY_OSC_SET_PAINTING
2026-09-29 03:15:42 [window] SHOW
2026-09-29 03:16:11 [cefQuery] QUERY_OSC_SET_PAINTING
2026-09-29 03:16:11 [cefQuery] QUERY_OSC_SET_PAINTING
2026-09-29 03:16:20 [cefQuery] QUERY_OSC_SET_PAINTING
2026-09-29 03:16:20 [cefQuery] QUERY_OSC_SET_PAINTING
2026-09-29 03:16:20 [cefQuery] QUERY_OSC_SET_PAINTING
2026-09-29 03:16:20 [cefQuery] QUERY_OSC_SET_PAINTING
2026-09-29 03:16:20 [page:Error] TypeError: Cannot read properties of undefined (reading 'length')
    at http://localhost:3000/vendor.js:20:23273
    at a (http://localhost:3000/vendor.js:99:4175)
    at http://localhost:3000/vendor.js:99:4347
    at p.$eval (http://localhost:3000/vendor.js:99:11860)
    at p.$digest (http://localhost:3000/vendor.js:99:10368)
    at p.$apply (http://localhost:3000/vendor.js:99:12143)
    at c (http://localhost:3000/vendor.js:98:18658)
    at E (http://localhost:3000/vendor.js:98:20559)
    at w.onload (http://localhost:3000/vendor.js:98:21102) undefined @ http://localhost:3000/vendor.js
2026-09-29 03:16:22 [cefQuery] QUERY_OSC_SET_PAINTING
2026-09-29 03:16:22 [cefQuery] QUERY_OSC_SET_PAINTING
2026-09-29 03:16:24 [page:Error] 2026-09-29 03:16:24.157  ERROR  osc/nvCameraService- "NvCamera UI launch failed: " "NvCamera timed out" @ http://localhost:3000/vendor.js
2026-09-29 03:16:24 [cefQuery] QUERY_OSC_SET_DISPLAY_RECTS
2026-09-29 03:16:25 [window] HIDE (+close event fired)
2026-09-29 03:16:25 [cefQuery] QUERY_WRITE_SHARED_STORAGE
2026-09-29 03:16:25 [cefQuery] QUERY_OSC_SET_DISPLAY_RECTS
2026-09-29 03:16:25 [cefQuery] QUERY_FULLSCREEN_STATE
2026-09-29 03:16:25 [cefQuery] QUERY_OSC_SET_PAINTING
2026-09-29 03:16:25 [cefQuery] QUERY_WIN_OPEN_OSC
2026-09-29 03:16:25 [cefQuery] QUERY_OSC_SET_PAINTING
2026-09-29 03:16:25 [window] SHOW
2026-09-29 03:16:27 [cefQuery] QUERY_WRITE_SHARED_STORAGE
2026-09-29 03:16:27 [window] HIDE (+close event fired)
2026-09-29 03:16:28 [cefQuery] QUERY_OSC_SET_DISPLAY_RECTS
2026-09-29 03:16:28 [cefQuery] QUERY_OSC_SET_PAINTING
2026-09-29 03:16:28 [cefQuery] QUERY_WIN_OPEN_OSC
2026-09-29 03:16:28 [cefQuery] QUERY_FULLSCREEN_STATE
2026-09-29 03:16:28 [cefQuery] QUERY_OSC_SET_PAINTING
2026-09-29 03:16:35 [cefQuery] QUERY_WRITE_SHARED_STORAGE
2026-09-29 03:16:53 [window] HIDE (+close event fired)
2026-09-29 03:16:53 [cefQuery] QUERY_WRITE_SHARED_STORAGE
2026-09-29 03:16:53 [cefQuery] QUERY_WIN_CLOSE_OSC
2026-09-29 03:16:53 [window] HIDE (page requested)
2026-09-29 03:16:53 [cefQuery] QUERY_OSC_SET_DISPLAY_RECTS
2026-09-29 03:16:53 [cefQuery] QUERY_OSC_SET_PAINTING
2026-09-29 03:16:53 [cefQuery] QUERY_WIN_OPEN_OSC
2026-09-29 03:16:53 [cefQuery] QUERY_FULLSCREEN_STATE
2026-09-29 03:16:53 [cefQuery] QUERY_OSC_SET_PAINTING
2026-09-29 03:16:54 [window] HIDE (+close event fired)
2026-09-29 03:16:54 [cefQuery] QUERY_WIN_CLOSE_OSC
2026-09-29 03:16:54 [window] HIDE (page requested)
2026-09-29 03:16:54 [cefQuery] QUERY_OSC_SET_DISPLAY_RECTS
2026-09-29 03:16:54 [cefQuery] QUERY_OSC_SET_PAINTING
2026-09-29 03:16:54 [cefQuery] QUERY_FULLSCREEN_STATE
2026-09-29 03:16:54 [cefQuery] QUERY_WIN_OPEN_OSC
2026-09-29 03:16:54 [window] SHOW
2026-09-29 03:16:54 [cefQuery] QUERY_OSC_SET_PAINTING
2026-09-29 03:17:45 [cefQuery] QUERY_OSC_SET_PAINTING
2026-09-29 03:17:45 [cefQuery] QUERY_OSC_SET_PAINTING
2026-09-29 03:17:47 [cefQuery] QUERY_OSC_SET_PAINTING
2026-09-29 03:17:47 [cefQuery] QUERY_OSC_SET_PAINTING
2026-09-29 03:17:47 [cefQuery] QUERY_OSC_SET_PAINTING
2026-09-29 03:17:47 [cefQuery] QUERY_OSC_SET_PAINTING
2026-09-29 03:17:48 [cefQuery] QUERY_OSC_SET_PAINTING
2026-09-29 03:17:48 [cefQuery] QUERY_OSC_SET_PAINTING
2026-09-29 03:17:51 [cefQuery] QUERY_OSC_SET_PAINTING
2026-09-29 03:17:51 [cefQuery] QUERY_OSC_SET_PAINTING
2026-09-29 03:17:53 [cefQuery] QUERY_OSC_SET_PAINTING
2026-09-29 03:17:53 [page:Warning] ARIA: Attribute " aria-label ", required for accessibility, is missing on node: [object HTMLElement] @ http://localhost:3000/vendor.js
2026-09-29 03:17:53 [cefQuery] QUERY_OSC_SET_PAINTING
2026-09-29 03:17:53 [page:Error] TypeError: Cannot read properties of undefined (reading 'id')
    at http://localhost:3000/app.js:20:19134
    at a (http://localhost:3000/vendor.js:99:4175)
    at http://localhost:3000/vendor.js:99:4347
    at p.$eval (http://localhost:3000/vendor.js:99:11860)
    at p.$digest (http://localhost:3000/vendor.js:99:10368)
    at p.$apply (http://localhost:3000/vendor.js:99:12143)
    at c (http://localhost:3000/vendor.js:98:18658)
    at E (http://localhost:3000/vendor.js:98:20559)
    at w.onload (http://localhost:3000/vendor.js:98:21102) undefined @ http://localhost:3000/vendor.js
2026-09-29 03:17:53 [page:Error] Access to XMLHttpRequest at 'https://ingest.twitch.tv/ingests?clientId=cxcbwgocuez8axmeqe0cmz29ivvxjt2' from origin 'http://localhost:3000' has been blocked by CORS policy: Response to preflight request doesn't pass access control check: No 'Access-Control-Allow-Origin' header is present on the requested resource. @ http://localhost:3000/index.html#/base/preferences/broadcast
2026-09-29 03:17:59 [cefQuery] QUERY_OSC_SET_PAINTING
2026-09-29 03:17:59 [cefQuery] QUERY_OSC_SET_PAINTING
2026-09-29 03:18:00 [cefQuery] QUERY_OSC_SET_PAINTING
2026-09-29 03:18:00 [cefQuery] QUERY_OSC_SET_PAINTING
2026-09-29 03:18:01 [cefQuery] QUERY_OSC_DISPLAY_IS_DESKTOP_MODE
2026-09-29 03:18:01 [cefQuery] QUERY_OSC_SET_DISPLAY_RECTS
2026-09-29 03:18:01 [cefQuery] QUERY_FULLSCREEN_STATE
2026-09-29 03:18:01 [cefQuery] QUERY_OSC_SET_PAINTING
2026-09-29 03:18:01 [cefQuery] QUERY_OSC_SET_PAINTING
2026-09-29 03:18:01 [cefQuery] QUERY_OSC_SET_DISPLAY_RECTS
2026-09-29 03:18:01 [cefQuery] QUERY_FULLSCREEN_STATE
2026-09-29 03:18:01 [cefQuery] QUERY_OSC_SET_PAINTING
2026-09-29 03:18:01 [cefQuery] QUERY_OSC_SET_PAINTING
2026-09-29 03:18:01 [page:Warning] ARIA: Attribute " aria-label ", required for accessibility, is missing on node: [object HTMLTextAreaElement] @ http://localhost:3000/vendor.js
2026-09-29 03:18:02 [page:Warning] ARIA: Attribute " aria-label ", required for accessibility, is missing on node: [object HTMLElement] @ http://localhost:3000/vendor.js
2026-09-29 03:18:02 [page:Warning] ARIA: Attribute " aria-label ", required for accessibility, is missing on node: [object HTMLElement] @ http://localhost:3000/vendor.js
2026-09-29 03:18:02 [cefQuery] QUERY_OSC_SET_PAINTING
2026-09-29 03:18:02 [cefQuery] QUERY_OSC_SET_PAINTING
2026-09-29 03:18:03 [cefQuery] QUERY_OSC_DISPLAY_IS_DESKTOP_MODE
2026-09-29 03:18:03 [cefQuery] QUERY_OSC_SET_DISPLAY_RECTS
2026-09-29 03:18:03 [cefQuery] QUERY_FULLSCREEN_STATE
2026-09-29 03:18:03 [cefQuery] QUERY_OSC_SET_PAINTING
2026-09-29 03:18:03 [cefQuery] QUERY_OSC_SET_PAINTING
2026-09-29 03:18:06 [cefQuery] QUERY_OSC_SET_DISPLAY_RECTS
2026-09-29 03:18:06 [cefQuery] QUERY_FULLSCREEN_STATE
2026-09-29 03:18:06 [cefQuery] QUERY_OSC_SET_PAINTING
2026-09-29 03:18:06 [page:Warning] ARIA: Attribute " aria-label ", required for accessibility, is missing on node: [object HTMLTextAreaElement] @ http://localhost:3000/vendor.js
2026-09-29 03:18:06 [page:Warning] ARIA: Attribute " aria-label ", required for accessibility, is missing on node: [object HTMLElement] @ http://localhost:3000/vendor.js
2026-09-29 03:18:06 [page:Warning] ARIA: Attribute " aria-label ", required for accessibility, is missing on node: [object HTMLElement] @ http://localhost:3000/vendor.js
2026-09-29 03:18:06 [cefQuery] QUERY_OSC_SET_DISPLAY_RECTS
2026-09-29 03:18:06 [cefQuery] QUERY_FULLSCREEN_STATE
2026-09-29 03:18:07 [page:Warning] ARIA: Attribute " aria-label ", required for accessibility, is missing on node: [object HTMLTextAreaElement] @ http://localhost:3000/vendor.js
2026-09-29 03:18:08 [cefQuery] QUERY_OSC_SET_PAINTING
2026-09-29 03:18:08 [cefQuery] QUERY_OSC_SET_PAINTING
2026-09-29 03:18:09 [page:Error] SecurityError: Failed to read a named property 'document' from 'Window': Blocked a frame with origin "http://localhost:3000" from accessing a cross-origin frame.
    at l (http://localhost:3000/vendor.js:98:23202)
    at p.$eval (http://localhost:3000/vendor.js:99:11860)
    at p.$digest (http://localhost:3000/vendor.js:99:10368)
    at p.$apply (http://localhost:3000/vendor.js:99:12143)
    at http://localhost:3000/vendor.js:98:23496 undefined @ http://localhost:3000/vendor.js
2026-09-29 03:18:09 [page:Error] SecurityError: Failed to read a named property 'document' from 'Window': Blocked a frame with origin "http://localhost:3000" from accessing a cross-origin frame.
    at l (http://localhost:3000/vendor.js:98:23202)
    at p.$eval (http://localhost:3000/vendor.js:99:11860)
    at p.$digest (http://localhost:3000/vendor.js:99:10368)
    at p.$apply (http://localhost:3000/vendor.js:99:12143)
    at http://localhost:3000/vendor.js:98:23496 undefined @ http://localhost:3000/vendor.js
2026-09-29 03:18:09 [page:Error] SecurityError: Failed to read a named property 'document' from 'Window': Blocked a frame with origin "http://localhost:3000" from accessing a cross-origin frame.
    at l (http://localhost:3000/vendor.js:98:23202)
    at p.$eval (http://localhost:3000/vendor.js:99:11860)
    at p.$digest (http://localhost:3000/vendor.js:99:10368)
    at p.$apply (http://localhost:3000/vendor.js:99:12143)
    at http://localhost:3000/vendor.js:98:23496 undefined @ http://localhost:3000/vendor.js
2026-09-29 03:18:09 [page:Error] SecurityError: Failed to read a named property 'document' from 'Window': Blocked a frame with origin "http://localhost:3000" from accessing a cross-origin frame.
    at l (http://localhost:3000/vendor.js:98:23202)
    at p.$eval (http://localhost:3000/vendor.js:99:11860)
    at p.$digest (http://localhost:3000/vendor.js:99:10368)
    at p.$apply (http://localhost:3000/vendor.js:99:12143)
    at http://localhost:3000/vendor.js:98:23496 undefined @ http://localhost:3000/vendor.js
2026-09-29 03:18:09 [page:Error] SecurityError: Failed to read a named property 'document' from 'Window': Blocked a frame with origin "http://localhost:3000" from accessing a cross-origin frame.
    at l (http://localhost:3000/vendor.js:98:23202)
    at p.$eval (http://localhost:3000/vendor.js:99:11860)
    at p.$digest (http://localhost:3000/vendor.js:99:10368)
    at p.$apply (http://localhost:3000/vendor.js:99:12143)
    at http://localhost:3000/vendor.js:98:23496 undefined @ http://localhost:3000/vendor.js
2026-09-29 03:18:09 [page:Error] SecurityError: Failed to read a named property 'document' from 'Window': Blocked a frame with origin "http://localhost:3000" from accessing a cross-origin frame.
    at l (http://localhost:3000/vendor.js:98:23202)
    at p.$eval (http://localhost:3000/vendor.js:99:11860)
    at p.$digest (http://localhost:3000/vendor.js:99:10368)
    at p.$apply (http://localhost:3000/vendor.js:99:12143)
    at http://localhost:3000/vendor.js:98:23496 undefined @ http://localhost:3000/vendor.js
2026-09-29 03:18:09 [page:Error] SecurityError: Failed to read a named property 'document' from 'Window': Blocked a frame with origin "http://localhost:3000" from accessing a cross-origin frame.
    at l (http://localhost:3000/vendor.js:98:23202)
    at p.$eval (http://localhost:3000/vendor.js:99:11860)
    at p.$digest (http://localhost:3000/vendor.js:99:10368)
    at p.$apply (http://localhost:3000/vendor.js:99:12143)
    at http://localhost:3000/vendor.js:98:23496 undefined @ http://localhost:3000/vendor.js
2026-09-29 03:18:09 [page:Error] SecurityError: Failed to read a named property 'document' from 'Window': Blocked a frame with origin "http://localhost:3000" from accessing a cross-origin frame.
    at l (http://localhost:3000/vendor.js:98:23202)
    at p.$eval (http://localhost:3000/vendor.js:99:11860)
    at p.$digest (http://localhost:3000/vendor.js:99:10368)
    at p.$apply (http://localhost:3000/vendor.js:99:12143)
    at http://localhost:3000/vendor.js:98:23496 undefined @ http://localhost:3000/vendor.js
2026-09-29 03:18:09 [page:Error] SecurityError: Failed to read a named property 'document' from 'Window': Blocked a frame with origin "http://localhost:3000" from accessing a cross-origin frame.
    at l (http://localhost:3000/vendor.js:98:23202)
    at p.$eval (http://localhost:3000/vendor.js:99:11860)
    at p.$digest (http://localhost:3000/vendor.js:99:10368)
    at p.$apply (http://localhost:3000/vendor.js:99:12143)
    at http://localhost:3000/vendor.js:98:23496 undefined @ http://localhost:3000/vendor.js
2026-09-29 03:18:09 [page:Error] SecurityError: Failed to read a named property 'document' from 'Window': Blocked a frame with origin "http://localhost:3000" from accessing a cross-origin frame.
    at l (http://localhost:3000/vendor.js:98:23202)
    at p.$eval (http://localhost:3000/vendor.js:99:11860)
    at p.$digest (http://localhost:3000/vendor.js:99:10368)
    at p.$apply (http://localhost:3000/vendor.js:99:12143)
    at http://localhost:3000/vendor.js:98:23496 undefined @ http://localhost:3000/vendor.js
2026-09-29 03:18:10 [page:Error] SecurityError: Failed to read a named property 'document' from 'Window': Blocked a frame with origin "http://localhost:3000" from accessing a cross-origin frame.
    at l (http://localhost:3000/vendor.js:98:23202)
    at p.$eval (http://localhost:3000/vendor.js:99:11860)
    at p.$digest (http://localhost:3000/vendor.js:99:10368)
    at p.$apply (http://localhost:3000/vendor.js:99:12143)
    at http://localhost:3000/vendor.js:98:23496 undefined @ http://localhost:3000/vendor.js
2026-09-29 03:18:10 [page:Error] SecurityError: Failed to read a named property 'document' from 'Window': Blocked a frame with origin "http://localhost:3000" from accessing a cross-origin frame.
    at l (http://localhost:3000/vendor.js:98:23202)
    at p.$eval (http://localhost:3000/vendor.js:99:11860)
    at p.$digest (http://localhost:3000/vendor.js:99:10368)
    at p.$apply (http://localhost:3000/vendor.js:99:12143)
    at http://localhost:3000/vendor.js:98:23496 undefined @ http://localhost:3000/vendor.js
2026-09-29 03:18:10 [page:Error] SecurityError: Failed to read a named property 'document' from 'Window': Blocked a frame with origin "http://localhost:3000" from accessing a cross-origin frame.
    at l (http://localhost:3000/vendor.js:98:23202)
    at p.$eval (http://localhost:3000/vendor.js:99:11860)
    at p.$digest (http://localhost:3000/vendor.js:99:10368)
    at p.$apply (http://localhost:3000/vendor.js:99:12143)
    at http://localhost:3000/vendor.js:98:23496 undefined @ http://localhost:3000/vendor.js
2026-09-29 03:18:10 [page:Error] SecurityError: Failed to read a named property 'document' from 'Window': Blocked a frame with origin "http://localhost:3000" from accessing a cross-origin frame.
    at l (http://localhost:3000/vendor.js:98:23202)
    at p.$eval (http://localhost:3000/vendor.js:99:11860)
    at p.$digest (http://localhost:3000/vendor.js:99:10368)
    at p.$apply (http://localhost:3000/vendor.js:99:12143)
    at http://localhost:3000/vendor.js:98:23496 undefined @ http://localhost:3000/vendor.js
2026-09-29 03:18:10 [page:Error] SecurityError: Failed to read a named property 'document' from 'Window': Blocked a frame with origin "http://localhost:3000" from accessing a cross-origin frame.
    at l (http://localhost:3000/vendor.js:98:23202)
    at p.$eval (http://localhost:3000/vendor.js:99:11860)
    at p.$digest (http://localhost:3000/vendor.js:99:10368)
    at p.$apply (http://localhost:3000/vendor.js:99:12143)
    at http://localhost:3000/vendor.js:98:23496 undefined @ http://localhost:3000/vendor.js
2026-09-29 03:18:10 [page:Error] SecurityError: Failed to read a named property 'document' from 'Window': Blocked a frame with origin "http://localhost:3000" from accessing a cross-origin frame.
    at l (http://localhost:3000/vendor.js:98:23202)
    at p.$eval (http://localhost:3000/vendor.js:99:11860)
    at p.$digest (http://localhost:3000/vendor.js:99:10368)
    at p.$apply (http://localhost:3000/vendor.js:99:12143)
    at http://localhost:3000/vendor.js:98:23496 undefined @ http://localhost:3000/vendor.js
2026-09-29 03:18:10 [page:Error] SecurityError: Failed to read a named property 'document' from 'Window': Blocked a frame with origin "http://localhost:3000" from accessing a cross-origin frame.
    at l (http://localhost:3000/vendor.js:98:23202)
    at p.$eval (http://localhost:3000/vendor.js:99:11860)
    at p.$digest (http://localhost:3000/vendor.js:99:10368)
    at p.$apply (http://localhost:3000/vendor.js:99:12143)
    at http://localhost:3000/vendor.js:98:23496 undefined @ http://localhost:3000/vendor.js
2026-09-29 03:18:10 [page:Error] SecurityError: Failed to read a named property 'document' from 'Window': Blocked a frame with origin "http://localhost:3000" from accessing a cross-origin frame.
    at l (http://localhost:3000/vendor.js:98:23202)
    at p.$eval (http://localhost:3000/vendor.js:99:11860)
    at p.$digest (http://localhost:3000/vendor.js:99:10368)
    at p.$apply (http://localhost:3000/vendor.js:99:12143)
    at http://localhost:3000/vendor.js:98:23496 undefined @ http://localhost:3000/vendor.js
2026-09-29 03:18:10 [page:Error] SecurityError: Failed to read a named property 'document' from 'Window': Blocked a frame with origin "http://localhost:3000" from accessing a cross-origin frame.
    at l (http://localhost:3000/vendor.js:98:23202)
    at p.$eval (http://localhost:3000/vendor.js:99:11860)
    at p.$digest (http://localhost:3000/vendor.js:99:10368)
    at p.$apply (http://localhost:3000/vendor.js:99:12143)
    at http://localhost:3000/vendor.js:98:23496 undefined @ http://localhost:3000/vendor.js
2026-09-29 03:18:10 [page:Error] SecurityError: Failed to read a named property 'document' from 'Window': Blocked a frame with origin "http://localhost:3000" from accessing a cross-origin frame.
    at l (http://localhost:3000/vendor.js:98:23202)
    at p.$eval (http://localhost:3000/vendor.js:99:11860)
    at p.$digest (http://localhost:3000/vendor.js:99:10368)
    at p.$apply (http://localhost:3000/vendor.js:99:12143)
    at http://localhost:3000/vendor.js:98:23496 undefined @ http://localhost:3000/vendor.js
2026-09-29 03:18:11 [page:Error] SecurityError: Failed to read a named property 'document' from 'Window': Blocked a frame with origin "http://localhost:3000" from accessing a cross-origin frame.
    at l (http://localhost:3000/vendor.js:98:23202)
    at p.$eval (http://localhost:3000/vendor.js:99:11860)
    at p.$digest (http://localhost:3000/vendor.js:99:10368)
    at p.$apply (http://localhost:3000/vendor.js:99:12143)
    at http://localhost:3000/vendor.js:98:23496 undefined @ http://localhost:3000/vendor.js
2026-09-29 03:18:11 [page:Error] SecurityError: Failed to read a named property 'document' from 'Window': Blocked a frame with origin "http://localhost:3000" from accessing a cross-origin frame.
    at l (http://localhost:3000/vendor.js:98:23202)
    at p.$eval (http://localhost:3000/vendor.js:99:11860)
    at p.$digest (http://localhost:3000/vendor.js:99:10368)
    at p.$apply (http://localhost:3000/vendor.js:99:12143)
    at http://localhost:3000/vendor.js:98:23496 undefined @ http://localhost:3000/vendor.js
2026-09-29 03:18:11 [page:Error] SecurityError: Failed to read a named property 'document' from 'Window': Blocked a frame with origin "http://localhost:3000" from accessing a cross-origin frame.
    at l (http://localhost:3000/vendor.js:98:23202)
    at p.$eval (http://localhost:3000/vendor.js:99:11860)
    at p.$digest (http://localhost:3000/vendor.js:99:10368)
    at p.$apply (http://localhost:3000/vendor.js:99:12143)
    at http://localhost:3000/vendor.js:98:23496 undefined @ http://localhost:3000/vendor.js
2026-09-29 03:18:11 [page:Error] SecurityError: Failed to read a named property 'document' from 'Window': Blocked a frame with origin "http://localhost:3000" from accessing a cross-origin frame.
    at l (http://localhost:3000/vendor.js:98:23202)
    at p.$eval (http://localhost:3000/vendor.js:99:11860)
    at p.$digest (http://localhost:3000/vendor.js:99:10368)
    at p.$apply (http://localhost:3000/vendor.js:99:12143)
    at http://localhost:3000/vendor.js:98:23496 undefined @ http://localhost:3000/vendor.js
2026-09-29 03:18:11 [page:Error] SecurityError: Failed to read a named property 'document' from 'Window': Blocked a frame with origin "http://localhost:3000" from accessing a cross-origin frame.
    at l (http://localhost:3000/vendor.js:98:23202)
    at p.$eval (http://localhost:3000/vendor.js:99:11860)
    at p.$digest (http://localhost:3000/vendor.js:99:10368)
    at p.$apply (http://localhost:3000/vendor.js:99:12143)
    at http://localhost:3000/vendor.js:98:23496 undefined @ http://localhost:3000/vendor.js
2026-09-29 03:18:11 [page:Error] SecurityError: Failed to read a named property 'document' from 'Window': Blocked a frame with origin "http://localhost:3000" from accessing a cross-origin frame.
    at l (http://localhost:3000/vendor.js:98:23202)
    at p.$eval (http://localhost:3000/vendor.js:99:11860)
    at p.$digest (http://localhost:3000/vendor.js:99:10368)
    at p.$apply (http://localhost:3000/vendor.js:99:12143)
    at http://localhost:3000/vendor.js:98:23496 undefined @ http://localhost:3000/vendor.js
2026-09-29 03:18:11 [page:Error] SecurityError: Failed to read a named property 'document' from 'Window': Blocked a frame with origin "http://localhost:3000" from accessing a cross-origin frame.
    at l (http://localhost:3000/vendor.js:98:23202)
    at p.$eval (http://localhost:3000/vendor.js:99:11860)
    at p.$digest (http://localhost:3000/vendor.js:99:10368)
    at p.$apply (http://localhost:3000/vendor.js:99:12143)
    at http://localhost:3000/vendor.js:98:23496 undefined @ http://localhost:3000/vendor.js
2026-09-29 03:18:11 [page:Error] SecurityError: Failed to read a named property 'document' from 'Window': Blocked a frame with origin "http://localhost:3000" from accessing a cross-origin frame.
    at l (http://localhost:3000/vendor.js:98:23202)
    at p.$eval (http://localhost:3000/vendor.js:99:11860)
    at p.$digest (http://localhost:3000/vendor.js:99:10368)
    at p.$apply (http://localhost:3000/vendor.js:99:12143)
    at http://localhost:3000/vendor.js:98:23496 undefined @ http://localhost:3000/vendor.js
2026-09-29 03:18:11 [page:Error] SecurityError: Failed to read a named property 'document' from 'Window': Blocked a frame with origin "http://localhost:3000" from accessing a cross-origin frame.
    at l (http://localhost:3000/vendor.js:98:23202)
    at p.$eval (http://localhost:3000/vendor.js:99:11860)
    at p.$digest (http://localhost:3000/vendor.js:99:10368)
    at p.$apply (http://localhost:3000/vendor.js:99:12143)
    at http://localhost:3000/vendor.js:98:23496 undefined @ http://localhost:3000/vendor.js
2026-09-29 03:18:11 [cefQuery] QUERY_WIN_FOCUS
2026-09-29 03:18:11 [page:Error] SecurityError: Failed to read a named property 'document' from 'Window': Blocked a frame with origin "http://localhost:3000" from accessing a cross-origin frame.
    at l (http://localhost:3000/vendor.js:98:23202)
    at p.$eval (http://localhost:3000/vendor.js:99:11860)
    at p.$digest (http://localhost:3000/vendor.js:99:10368)
    at p.$apply (http://localhost:3000/vendor.js:99:12143)
    at http://localhost:3000/vendor.js:98:23496 undefined @ http://localhost:3000/vendor.js
2026-09-29 03:18:12 [page:Error] SecurityError: Failed to read a named property 'document' from 'Window': Blocked a frame with origin "http://localhost:3000" from accessing a cross-origin frame.
    at l (http://localhost:3000/vendor.js:98:23202)
    at p.$eval (http://localhost:3000/vendor.js:99:11860)
    at p.$digest (http://localhost:3000/vendor.js:99:10368)
    at p.$apply (http://localhost:3000/vendor.js:99:12143)
    at http://localhost:3000/vendor.js:98:23496 undefined @ http://localhost:3000/vendor.js
2026-09-29 03:18:12 [page:Error] SecurityError: Failed to read a named property 'document' from 'Window': Blocked a frame with origin "http://localhost:3000" from accessing a cross-origin frame.
    at l (http://localhost:3000/vendor.js:98:23202)
    at p.$eval (http://localhost:3000/vendor.js:99:11860)
    at p.$digest (http://localhost:3000/vendor.js:99:10368)
    at p.$apply (http://localhost:3000/vendor.js:99:12143)
    at http://localhost:3000/vendor.js:98:23496 undefined @ http://localhost:3000/vendor.js
2026-09-29 03:18:12 [page:Error] SecurityError: Failed to read a named property 'document' from 'Window': Blocked a frame with origin "http://localhost:3000" from accessing a cross-origin frame.
    at l (http://localhost:3000/vendor.js:98:23202)
    at p.$eval (http://localhost:3000/vendor.js:99:11860)
    at p.$digest (http://localhost:3000/vendor.js:99:10368)
    at p.$apply (http://localhost:3000/vendor.js:99:12143)
    at http://localhost:3000/vendor.js:98:23496 undefined @ http://localhost:3000/vendor.js
2026-09-29 03:18:12 [page:Error] SecurityError: Failed to read a named property 'document' from 'Window': Blocked a frame with origin "http://localhost:3000" from accessing a cross-origin frame.
    at l (http://localhost:3000/vendor.js:98:23202)
    at p.$eval (http://localhost:3000/vendor.js:99:11860)
    at p.$digest (http://localhost:3000/vendor.js:99:10368)
    at p.$apply (http://localhost:3000/vendor.js:99:12143)
    at http://localhost:3000/vendor.js:98:23496 undefined @ http://localhost:3000/vendor.js
2026-09-29 03:18:12 [cefQuery] QUERY_WIN_FOCUS
2026-09-29 03:18:12 [page:Error] SecurityError: Failed to read a named property 'document' from 'Window': Blocked a frame with origin "http://localhost:3000" from accessing a cross-origin frame.
    at l (http://localhost:3000/vendor.js:98:23202)
    at p.$eval (http://localhost:3000/vendor.js:99:11860)
    at p.$digest (http://localhost:3000/vendor.js:99:10368)
    at p.$apply (http://localhost:3000/vendor.js:99:12143)
    at http://localhost:3000/vendor.js:98:23496 undefined @ http://localhost:3000/vendor.js
2026-09-29 03:18:12 [page:Error] SecurityError: Failed to read a named property 'document' from 'Window': Blocked a frame with origin "http://localhost:3000" from accessing a cross-origin frame.
    at l (http://localhost:3000/vendor.js:98:23202)
    at p.$eval (http://localhost:3000/vendor.js:99:11860)
    at p.$digest (http://localhost:3000/vendor.js:99:10368)
    at p.$apply (http://localhost:3000/vendor.js:99:12143)
    at http://localhost:3000/vendor.js:98:23496 undefined @ http://localhost:3000/vendor.js
2026-09-29 03:18:12 [page:Error] SecurityError: Failed to read a named property 'document' from 'Window': Blocked a frame with origin "http://localhost:3000" from accessing a cross-origin frame.
    at l (http://localhost:3000/vendor.js:98:23202)
    at p.$eval (http://localhost:3000/vendor.js:99:11860)
    at p.$digest (http://localhost:3000/vendor.js:99:10368)
    at p.$apply (http://localhost:3000/vendor.js:99:12143)
    at http://localhost:3000/vendor.js:98:23496 undefined @ http://localhost:3000/vendor.js
2026-09-29 03:18:12 [page:Error] SecurityError: Failed to read a named property 'document' from 'Window': Blocked a frame with origin "http://localhost:3000" from accessing a cross-origin frame.
    at l (http://localhost:3000/vendor.js:98:23202)
    at p.$eval (http://localhost:3000/vendor.js:99:11860)
    at p.$digest (http://localhost:3000/vendor.js:99:10368)
    at p.$apply (http://localhost:3000/vendor.js:99:12143)
    at http://localhost:3000/vendor.js:98:23496 undefined @ http://localhost:3000/vendor.js
2026-09-29 03:18:12 [page:Error] SecurityError: Failed to read a named property 'document' from 'Window': Blocked a frame with origin "http://localhost:3000" from accessing a cross-origin frame.
    at l (http://localhost:3000/vendor.js:98:23202)
    at p.$eval (http://localhost:3000/vendor.js:99:11860)
    at p.$digest (http://localhost:3000/vendor.js:99:10368)
    at p.$apply (http://localhost:3000/vendor.js:99:12143)
    at http://localhost:3000/vendor.js:98:23496 undefined @ http://localhost:3000/vendor.js
2026-09-29 03:18:12 [page:Error] SecurityError: Failed to read a named property 'document' from 'Window': Blocked a frame with origin "http://localhost:3000" from accessing a cross-origin frame.
    at l (http://localhost:3000/vendor.js:98:23202)
    at p.$eval (http://localhost:3000/vendor.js:99:11860)
    at p.$digest (http://localhost:3000/vendor.js:99:10368)
    at p.$apply (http://localhost:3000/vendor.js:99:12143)
    at http://localhost:3000/vendor.js:98:23496 undefined @ http://localhost:3000/vendor.js
2026-09-29 03:18:13 [page:Error] SecurityError: Failed to read a named property 'document' from 'Window': Blocked a frame with origin "http://localhost:3000" from accessing a cross-origin frame.
    at l (http://localhost:3000/vendor.js:98:23202)
    at p.$eval (http://localhost:3000/vendor.js:99:11860)
    at p.$digest (http://localhost:3000/vendor.js:99:10368)
    at p.$apply (http://localhost:3000/vendor.js:99:12143)
    at http://localhost:3000/vendor.js:98:23496 undefined @ http://localhost:3000/vendor.js
2026-09-29 03:18:13 [page:Error] SecurityError: Failed to read a named property 'document' from 'Window': Blocked a frame with origin "http://localhost:3000" from accessing a cross-origin frame.
    at l (http://localhost:3000/vendor.js:98:23202)
    at p.$eval (http://localhost:3000/vendor.js:99:11860)
    at p.$digest (http://localhost:3000/vendor.js:99:10368)
    at p.$apply (http://localhost:3000/vendor.js:99:12143)
    at http://localhost:3000/vendor.js:98:23496 undefined @ http://localhost:3000/vendor.js
2026-09-29 03:18:13 [page:Error] SecurityError: Failed to read a named property 'document' from 'Window': Blocked a frame with origin "http://localhost:3000" from accessing a cross-origin frame.
    at l (http://localhost:3000/vendor.js:98:23202)
    at p.$eval (http://localhost:3000/vendor.js:99:11860)
    at p.$digest (http://localhost:3000/vendor.js:99:10368)
    at p.$apply (http://localhost:3000/vendor.js:99:12143)
    at http://localhost:3000/vendor.js:98:23496 undefined @ http://localhost:3000/vendor.js
2026-09-29 03:18:13 [page:Error] SecurityError: Failed to read a named property 'document' from 'Window': Blocked a frame with origin "http://localhost:3000" from accessing a cross-origin frame.
    at l (http://localhost:3000/vendor.js:98:23202)
    at p.$eval (http://localhost:3000/vendor.js:99:11860)
    at p.$digest (http://localhost:3000/vendor.js:99:10368)
    at p.$apply (http://localhost:3000/vendor.js:99:12143)
    at http://localhost:3000/vendor.js:98:23496 undefined @ http://localhost:3000/vendor.js
2026-09-29 03:18:13 [page:Error] SecurityError: Failed to read a named property 'document' from 'Window': Blocked a frame with origin "http://localhost:3000" from accessing a cross-origin frame.
    at l (http://localhost:3000/vendor.js:98:23202)
    at p.$eval (http://localhost:3000/vendor.js:99:11860)
    at p.$digest (http://localhost:3000/vendor.js:99:10368)
    at p.$apply (http://localhost:3000/vendor.js:99:12143)
    at http://localhost:3000/vendor.js:98:23496 undefined @ http://localhost:3000/vendor.js
2026-09-29 03:18:13 [page:Error] SecurityError: Failed to read a named property 'document' from 'Window': Blocked a frame with origin "http://localhost:3000" from accessing a cross-origin frame.
    at l (http://localhost:3000/vendor.js:98:23202)
    at p.$eval (http://localhost:3000/vendor.js:99:11860)
    at p.$digest (http://localhost:3000/vendor.js:99:10368)
    at p.$apply (http://localhost:3000/vendor.js:99:12143)
    at http://localhost:3000/vendor.js:98:23496 undefined @ http://localhost:3000/vendor.js
2026-09-29 03:18:13 [page:Error] SecurityError: Failed to read a named property 'document' from 'Window': Blocked a frame with origin "http://localhost:3000" from accessing a cross-origin frame.
    at l (http://localhost:3000/vendor.js:98:23202)
    at p.$eval (http://localhost:3000/vendor.js:99:11860)
    at p.$digest (http://localhost:3000/vendor.js:99:10368)
    at p.$apply (http://localhost:3000/vendor.js:99:12143)
    at http://localhost:3000/vendor.js:98:23496 undefined @ http://localhost:3000/vendor.js
2026-09-29 03:18:13 [page:Error] SecurityError: Failed to read a named property 'document' from 'Window': Blocked a frame with origin "http://localhost:3000" from accessing a cross-origin frame.
    at l (http://localhost:3000/vendor.js:98:23202)
    at p.$eval (http://localhost:3000/vendor.js:99:11860)
    at p.$digest (http://localhost:3000/vendor.js:99:10368)
    at p.$apply (http://localhost:3000/vendor.js:99:12143)
    at http://localhost:3000/vendor.js:98:23496 undefined @ http://localhost:3000/vendor.js
2026-09-29 03:18:13 [page:Error] SecurityError: Failed to read a named property 'document' from 'Window': Blocked a frame with origin "http://localhost:3000" from accessing a cross-origin frame.
    at l (http://localhost:3000/vendor.js:98:23202)
    at p.$eval (http://localhost:3000/vendor.js:99:11860)
    at p.$digest (http://localhost:3000/vendor.js:99:10368)
    at p.$apply (http://localhost:3000/vendor.js:99:12143)
    at http://localhost:3000/vendor.js:98:23496 undefined @ http://localhost:3000/vendor.js
2026-09-29 03:18:13 [page:Error] SecurityError: Failed to read a named property 'document' from 'Window': Blocked a frame with origin "http://localhost:3000" from accessing a cross-origin frame.
    at l (http://localhost:3000/vendor.js:98:23202)
    at p.$eval (http://localhost:3000/vendor.js:99:11860)
    at p.$digest (http://localhost:3000/vendor.js:99:10368)
    at p.$apply (http://localhost:3000/vendor.js:99:12143)
    at http://localhost:3000/vendor.js:98:23496 undefined @ http://localhost:3000/vendor.js
2026-09-29 03:18:14 [page:Error] SecurityError: Failed to read a named property 'document' from 'Window': Blocked a frame with origin "http://localhost:3000" from accessing a cross-origin frame.
    at l (http://localhost:3000/vendor.js:98:23202)
    at p.$eval (http://localhost:3000/vendor.js:99:11860)
    at p.$digest (http://localhost:3000/vendor.js:99:10368)
    at p.$apply (http://localhost:3000/vendor.js:99:12143)
    at http://localhost:3000/vendor.js:98:23496 undefined @ http://localhost:3000/vendor.js
2026-09-29 03:18:14 [page:Error] SecurityError: Failed to read a named property 'document' from 'Window': Blocked a frame with origin "http://localhost:3000" from accessing a cross-origin frame.
    at l (http://localhost:3000/vendor.js:98:23202)
    at p.$eval (http://localhost:3000/vendor.js:99:11860)
    at p.$digest (http://localhost:3000/vendor.js:99:10368)
    at p.$apply (http://localhost:3000/vendor.js:99:12143)
    at http://localhost:3000/vendor.js:98:23496 undefined @ http://localhost:3000/vendor.js
2026-09-29 03:18:14 [page:Error] SecurityError: Failed to read a named property 'document' from 'Window': Blocked a frame with origin "http://localhost:3000" from accessing a cross-origin frame.
    at l (http://localhost:3000/vendor.js:98:23202)
    at p.$eval (http://localhost:3000/vendor.js:99:11860)
    at p.$digest (http://localhost:3000/vendor.js:99:10368)
    at p.$apply (http://localhost:3000/vendor.js:99:12143)
    at http://localhost:3000/vendor.js:98:23496 undefined @ http://localhost:3000/vendor.js
2026-09-29 03:18:14 [page:Error] SecurityError: Failed to read a named property 'document' from 'Window': Blocked a frame with origin "http://localhost:3000" from accessing a cross-origin frame.
    at l (http://localhost:3000/vendor.js:98:23202)
    at p.$eval (http://localhost:3000/vendor.js:99:11860)
    at p.$digest (http://localhost:3000/vendor.js:99:10368)
    at p.$apply (http://localhost:3000/vendor.js:99:12143)
    at http://localhost:3000/vendor.js:98:23496 undefined @ http://localhost:3000/vendor.js
2026-09-29 03:18:14 [page:Error] SecurityError: Failed to read a named property 'document' from 'Window': Blocked a frame with origin "http://localhost:3000" from accessing a cross-origin frame.
    at l (http://localhost:3000/vendor.js:98:23202)
    at p.$eval (http://localhost:3000/vendor.js:99:11860)
    at p.$digest (http://localhost:3000/vendor.js:99:10368)
    at p.$apply (http://localhost:3000/vendor.js:99:12143)
    at http://localhost:3000/vendor.js:98:23496 undefined @ http://localhost:3000/vendor.js
2026-09-29 03:18:14 [page:Error] SecurityError: Failed to read a named property 'document' from 'Window': Blocked a frame with origin "http://localhost:3000" from accessing a cross-origin frame.
    at l (http://localhost:3000/vendor.js:98:23202)
    at p.$eval (http://localhost:3000/vendor.js:99:11860)
    at p.$digest (http://localhost:3000/vendor.js:99:10368)
    at p.$apply (http://localhost:3000/vendor.js:99:12143)
    at http://localhost:3000/vendor.js:98:23496 undefined @ http://localhost:3000/vendor.js
2026-09-29 03:18:14 [page:Error] SecurityError: Failed to read a named property 'document' from 'Window': Blocked a frame with origin "http://localhost:3000" from accessing a cross-origin frame.
    at l (http://localhost:3000/vendor.js:98:23202)
    at p.$eval (http://localhost:3000/vendor.js:99:11860)
    at p.$digest (http://localhost:3000/vendor.js:99:10368)
    at p.$apply (http://localhost:3000/vendor.js:99:12143)
    at http://localhost:3000/vendor.js:98:23496 undefined @ http://localhost:3000/vendor.js
2026-09-29 03:18:14 [page:Error] SecurityError: Failed to read a named property 'document' from 'Window': Blocked a frame with origin "http://localhost:3000" from accessing a cross-origin frame.
    at l (http://localhost:3000/vendor.js:98:23202)
    at p.$eval (http://localhost:3000/vendor.js:99:11860)
    at p.$digest (http://localhost:3000/vendor.js:99:10368)
    at p.$apply (http://localhost:3000/vendor.js:99:12143)
    at http://localhost:3000/vendor.js:98:23496 undefined @ http://localhost:3000/vendor.js
2026-09-29 03:18:14 [page:Error] SecurityError: Failed to read a named property 'document' from 'Window': Blocked a frame with origin "http://localhost:3000" from accessing a cross-origin frame.
    at l (http://localhost:3000/vendor.js:98:23202)
    at p.$eval (http://localhost:3000/vendor.js:99:11860)
    at p.$digest (http://localhost:3000/vendor.js:99:10368)
    at p.$apply (http://localhost:3000/vendor.js:99:12143)
    at http://localhost:3000/vendor.js:98:23496 undefined @ http://localhost:3000/vendor.js
2026-09-29 03:18:14 [page:Error] SecurityError: Failed to read a named property 'document' from 'Window': Blocked a frame with origin "http://localhost:3000" from accessing a cross-origin frame.
    at l (http://localhost:3000/vendor.js:98:23202)
    at p.$eval (http://localhost:3000/vendor.js:99:11860)
    at p.$digest (http://localhost:3000/vendor.js:99:10368)
    at p.$apply (http://localhost:3000/vendor.js:99:12143)
    at http://localhost:3000/vendor.js:98:23496 undefined @ http://localhost:3000/vendor.js
2026-09-29 03:18:15 [page:Error] SecurityError: Failed to read a named property 'document' from 'Window': Blocked a frame with origin "http://localhost:3000" from accessing a cross-origin frame.
    at l (http://localhost:3000/vendor.js:98:23202)
    at p.$eval (http://localhost:3000/vendor.js:99:11860)
    at p.$digest (http://localhost:3000/vendor.js:99:10368)
    at p.$apply (http://localhost:3000/vendor.js:99:12143)
    at http://localhost:3000/vendor.js:98:23496 undefined @ http://localhost:3000/vendor.js
2026-09-29 03:18:15 [page:Error] SecurityError: Failed to read a named property 'document' from 'Window': Blocked a frame with origin "http://localhost:3000" from accessing a cross-origin frame.
    at l (http://localhost:3000/vendor.js:98:23202)
    at p.$eval (http://localhost:3000/vendor.js:99:11860)
    at p.$digest (http://localhost:3000/vendor.js:99:10368)
    at p.$apply (http://localhost:3000/vendor.js:99:12143)
    at http://localhost:3000/vendor.js:98:23496 undefined @ http://localhost:3000/vendor.js
2026-09-29 03:18:15 [page:Error] SecurityError: Failed to read a named property 'document' from 'Window': Blocked a frame with origin "http://localhost:3000" from accessing a cross-origin frame.
    at l (http://localhost:3000/vendor.js:98:23202)
    at p.$eval (http://localhost:3000/vendor.js:99:11860)
    at p.$digest (http://localhost:3000/vendor.js:99:10368)
    at p.$apply (http://localhost:3000/vendor.js:99:12143)
    at http://localhost:3000/vendor.js:98:23496 undefined @ http://localhost:3000/vendor.js
2026-09-29 03:18:15 [cefQuery] QUERY_WRITE_SHARED_STORAGE
2026-09-29 03:18:15 [cefQuery] QUERY_WIN_CLOSE_OSC
2026-09-29 03:18:15 [window] HIDE (page requested)
2026-09-29 03:18:17 [cefQuery] QUERY_WIN_CLOSE_OSC
2026-09-29 03:18:17 [window] HIDE (page requested)
2026-09-29 03:18:43 [cefQuery] QUERY_OSC_SET_DISPLAY_RECTS
2026-09-29 03:18:43 [window] SHOW
2026-09-29 03:18:43 [cefQuery] QUERY_FULLSCREEN_STATE
2026-09-29 03:18:43 [cefQuery] QUERY_OSC_SET_PAINTING
2026-09-29 03:18:43 [cefQuery] QUERY_WIN_OPEN_OSC
2026-09-29 03:18:43 [cefQuery] QUERY_OSC_SET_PAINTING
2026-09-29 03:18:44 [cefQuery] QUERY_WIN_CLOSE_OSC
2026-09-29 03:18:44 [cefQuery] QUERY_WRITE_SHARED_STORAGE
2026-09-29 03:18:44 [window] HIDE (page requested)
2026-09-29 03:18:44 [cefQuery] QUERY_OSC_SET_DISPLAY_RECTS
2026-09-29 03:18:44 [cefQuery] QUERY_OSC_SET_PAINTING
2026-09-29 03:18:44 [cefQuery] QUERY_WIN_OPEN_OSC
2026-09-29 03:18:44 [cefQuery] QUERY_OSC_SET_PAINTING
2026-09-29 03:18:44 [window] SHOW
2026-09-29 03:18:44 [window] HIDE (+close event fired)
2026-09-29 03:18:44 [window] SHOW
2026-09-29 03:18:44 [window] HIDE (+close event fired)
2026-09-29 03:18:44 [cefQuery] QUERY_WRITE_SHARED_STORAGE
2026-09-29 03:18:44 [cefQuery] QUERY_WIN_CLOSE_OSC
2026-09-29 03:18:44 [window] HIDE (page requested)
2026-09-29 03:18:44 [cefQuery] QUERY_OSC_SET_DISPLAY_RECTS
2026-09-29 03:18:44 [cefQuery] QUERY_OSC_SET_DISPLAY_RECTS
2026-09-29 03:18:44 [cefQuery] QUERY_FULLSCREEN_STATE
2026-09-29 03:18:44 [cefQuery] QUERY_WIN_OPEN_OSC
2026-09-29 03:18:44 [cefQuery] QUERY_OSC_SET_PAINTING
2026-09-29 03:18:44 [cefQuery] QUERY_OSC_SET_PAINTING
2026-09-29 03:18:44 [cefQuery] QUERY_WRITE_SHARED_STORAGE
2026-09-29 03:18:44 [cefQuery] QUERY_WIN_CLOSE_OSC
2026-09-29 03:18:44 [cefQuery] QUERY_OSC_SET_PAINTING
2026-09-29 03:18:44 [cefQuery] QUERY_WIN_OPEN_OSC
2026-09-29 03:18:44 [window] SHOW
2026-09-29 03:18:44 [window] HIDE (+close event fired)
2026-09-29 03:18:44 [window] HIDE (page requested)
2026-09-29 03:18:44 [window] SHOW
2026-09-29 03:18:44 [window] HIDE (+close event fired)
2026-09-29 03:18:44 [cefQuery] QUERY_WRITE_SHARED_STORAGE
2026-09-29 03:18:44 [cefQuery] QUERY_WIN_CLOSE_OSC
2026-09-29 03:18:44 [window] HIDE (page requested)
2026-09-29 03:18:44 [page:Error] 2026-09-29 03:18:44.343  ERROR  main.common/telemetryService- "Attempted to end a performance measurement 'CLOSE_OSC' without starting it!" @ http://localhost:3000/vendor.js
2026-09-29 03:18:44 [cefQuery] QUERY_OSC_SET_DISPLAY_RECTS
2026-09-29 03:18:44 [cefQuery] QUERY_OSC_SET_DISPLAY_RECTS
2026-09-29 03:18:44 [window] SHOW
2026-09-29 03:18:44 [cefQuery] QUERY_OSC_SET_DISPLAY_RECTS
2026-09-29 03:18:44 [cefQuery] QUERY_WIN_OPEN_OSC
2026-09-29 03:18:44 [cefQuery] QUERY_FULLSCREEN_STATE
2026-09-29 03:18:44 [cefQuery] QUERY_OSC_SET_PAINTING
2026-09-29 03:18:44 [cefQuery] QUERY_OSC_SET_PAINTING
2026-09-29 03:18:44 [window] HIDE (+close event fired)
2026-09-29 03:18:44 [cefQuery] QUERY_FULLSCREEN_STATE
2026-09-29 03:18:44 [cefQuery] QUERY_OSC_SET_PAINTING
2026-09-29 03:18:44 [cefQuery] QUERY_OSC_SET_PAINTING
2026-09-29 03:18:44 [cefQuery] QUERY_FULLSCREEN_STATE
2026-09-29 03:18:44 [cefQuery] QUERY_OSC_SET_PAINTING
2026-09-29 03:18:44 [cefQuery] QUERY_OSC_SET_PAINTING
2026-09-29 03:18:44 [cefQuery] QUERY_WRITE_SHARED_STORAGE
2026-09-29 03:18:44 [cefQuery] QUERY_WIN_CLOSE_OSC
2026-09-29 03:18:44 [window] HIDE (page requested)
2026-09-29 03:18:44 [cefQuery] QUERY_OSC_SET_DISPLAY_RECTS
2026-09-29 03:18:44 [window] SHOW
2026-09-29 03:18:44 [cefQuery] QUERY_FULLSCREEN_STATE
2026-09-29 03:18:44 [cefQuery] QUERY_WIN_OPEN_OSC
2026-09-29 03:18:44 [cefQuery] QUERY_OSC_SET_PAINTING
2026-09-29 03:18:44 [cefQuery] QUERY_OSC_SET_PAINTING
2026-09-29 03:18:44 [cefQuery] QUERY_WIN_CLOSE_OSC
2026-09-29 03:18:44 [cefQuery] QUERY_WRITE_SHARED_STORAGE
2026-09-29 03:18:44 [window] HIDE (+close event fired)
2026-09-29 03:18:44 [window] HIDE (page requested)
2026-09-29 03:18:44 [cefQuery] QUERY_OSC_SET_DISPLAY_RECTS
2026-09-29 03:18:44 [page:Error] 2026-09-29 03:18:44.507  ERROR  main.common/telemetryService- "Attempted to end a performance measurement 'CLOSE_OSC' without starting it!" @ http://localhost:3000/vendor.js
2026-09-29 03:18:44 [cefQuery] QUERY_OSC_SET_DISPLAY_RECTS
2026-09-29 03:18:44 [cefQuery] QUERY_OSC_SET_DISPLAY_RECTS
2026-09-29 03:18:44 [cefQuery] QUERY_FULLSCREEN_STATE
2026-09-29 03:18:44 [cefQuery] QUERY_OSC_SET_PAINTING
2026-09-29 03:18:44 [cefQuery] QUERY_WIN_OPEN_OSC
2026-09-29 03:18:44 [window] SHOW
2026-09-29 03:18:44 [window] HIDE (+close event fired)
2026-09-29 03:18:44 [cefQuery] QUERY_OSC_SET_PAINTING
2026-09-29 03:18:44 [window] SHOW
2026-09-29 03:18:44 [window] HIDE (+close event fired)
2026-09-29 03:18:44 [cefQuery] QUERY_OSC_SET_PAINTING
2026-09-29 03:18:44 [cefQuery] QUERY_OSC_SET_PAINTING
2026-09-29 03:18:44 [cefQuery] QUERY_WRITE_SHARED_STORAGE
2026-09-29 03:18:44 [cefQuery] QUERY_WIN_CLOSE_OSC
2026-09-29 03:18:44 [cefQuery] QUERY_OSC_SET_DISPLAY_RECTS
2026-09-29 03:18:44 [cefQuery] QUERY_OSC_SET_DISPLAY_RECTS
2026-09-29 03:18:44 [cefQuery] QUERY_OSC_SET_DISPLAY_RECTS
2026-09-29 03:18:44 [cefQuery] QUERY_OSC_SET_DISPLAY_RECTS
2026-09-29 03:18:44 [window] SHOW
2026-09-29 03:18:44 [window] HIDE (page requested)
2026-09-29 03:18:44 [cefQuery] QUERY_FULLSCREEN_STATE
2026-09-29 03:18:44 [cefQuery] QUERY_WIN_OPEN_OSC
2026-09-29 03:18:44 [cefQuery] QUERY_OSC_SET_PAINTING
2026-09-29 03:18:44 [cefQuery] QUERY_FULLSCREEN_STATE
2026-09-29 03:18:44 [cefQuery] QUERY_OSC_SET_PAINTING
2026-09-29 03:18:44 [cefQuery] QUERY_OSC_SET_PAINTING
2026-09-29 03:18:44 [window] SHOW
2026-09-29 03:18:44 [window] HIDE (+close event fired)
2026-09-29 03:18:44 [cefQuery] QUERY_WRITE_SHARED_STORAGE
2026-09-29 03:18:44 [cefQuery] QUERY_FULLSCREEN_STATE
2026-09-29 03:18:44 [cefQuery] QUERY_OSC_SET_PAINTING
2026-09-29 03:18:44 [cefQuery] QUERY_OSC_SET_PAINTING
2026-09-29 03:18:44 [window] SHOW
2026-09-29 03:18:44 [window] HIDE (page requested)
2026-09-29 03:18:44 [cefQuery] QUERY_FULLSCREEN_STATE
2026-09-29 03:18:44 [cefQuery] QUERY_OSC_SET_PAINTING
2026-09-29 03:18:44 [cefQuery] QUERY_WRITE_SHARED_STORAGE
2026-09-29 03:18:44 [cefQuery] QUERY_WIN_CLOSE_OSC
2026-09-29 03:18:44 [window] SHOW
2026-09-29 03:18:44 [window] HIDE (page requested)
2026-09-29 03:18:44 [cefQuery] QUERY_OSC_SET_DISPLAY_RECTS
2026-09-29 03:18:44 [window] SHOW
2026-09-29 03:18:44 [cefQuery] QUERY_OSC_SET_DISPLAY_RECTS
2026-09-29 03:18:44 [window] HIDE (+close event fired)
2026-09-29 03:18:44 [cefQuery] QUERY_FULLSCREEN_STATE
2026-09-29 03:18:44 [cefQuery] QUERY_OSC_SET_PAINTING
2026-09-29 03:18:44 [cefQuery] QUERY_WIN_OPEN_OSC
2026-09-29 03:18:44 [cefQuery] QUERY_OSC_SET_PAINTING
2026-09-29 03:18:44 [cefQuery] QUERY_WRITE_SHARED_STORAGE
2026-09-29 03:18:44 [cefQuery] QUERY_WIN_CLOSE_OSC
2026-09-29 03:18:44 [window] SHOW
2026-09-29 03:18:44 [cefQuery] QUERY_WIN_OPEN_OSC
2026-09-29 03:18:44 [cefQuery] QUERY_OSC_SET_PAINTING
2026-09-29 03:18:44 [cefQuery] QUERY_FULLSCREEN_STATE
2026-09-29 03:18:44 [window] HIDE (page requested)
2026-09-29 03:18:44 [cefQuery] QUERY_WRITE_SHARED_STORAGE
2026-09-29 03:18:44 [cefQuery] QUERY_WIN_CLOSE_OSC
2026-09-29 03:18:44 [cefQuery] QUERY_OSC_SET_PAINTING
2026-09-29 03:18:44 [cefQuery] QUERY_OSC_SET_DISPLAY_RECTS
2026-09-29 03:18:44 [window] SHOW
2026-09-29 03:18:44 [window] HIDE (+close event fired)
2026-09-29 03:18:45 [window] HIDE (page requested)
2026-09-29 03:18:45 [window] SHOW
2026-09-29 03:18:45 [cefQuery] QUERY_OSC_SET_DISPLAY_RECTS
2026-09-29 03:18:45 [window] HIDE (+close event fired)
2026-09-29 03:18:45 [cefQuery] QUERY_OSC_SET_DISPLAY_RECTS
2026-09-29 03:18:45 [cefQuery] QUERY_OSC_SET_PAINTING
2026-09-29 03:18:45 [cefQuery] QUERY_FULLSCREEN_STATE
2026-09-29 03:18:45 [window] SHOW
2026-09-29 03:18:45 [cefQuery] QUERY_WRITE_SHARED_STORAGE
2026-09-29 03:18:45 [cefQuery] QUERY_WIN_CLOSE_OSC
2026-09-29 03:18:45 [cefQuery] QUERY_OSC_SET_DISPLAY_RECTS
2026-09-29 03:18:45 [cefQuery] QUERY_OSC_SET_PAINTING
2026-09-29 03:18:45 [cefQuery] QUERY_FULLSCREEN_STATE
2026-09-29 03:18:45 [cefQuery] QUERY_FULLSCREEN_STATE
2026-09-29 03:18:45 [cefQuery] QUERY_OSC_SET_PAINTING
2026-09-29 03:18:45 [window] SHOW
2026-09-29 03:18:45 [cefQuery] QUERY_WRITE_SHARED_STORAGE
2026-09-29 03:18:45 [cefQuery] QUERY_WIN_CLOSE_OSC
2026-09-29 03:18:45 [cefQuery] QUERY_OSC_SET_DISPLAY_RECTS
2026-09-29 03:18:45 [window] HIDE (+close event fired)
2026-09-29 03:18:45 [window] HIDE (page requested)
2026-09-29 03:18:45 [cefQuery] QUERY_FULLSCREEN_STATE
2026-09-29 03:18:45 [cefQuery] QUERY_WIN_OPEN_OSC
2026-09-29 03:18:45 [cefQuery] QUERY_OSC_SET_PAINTING
2026-09-29 03:18:45 [window] SHOW
2026-09-29 03:18:45 [window] HIDE (+close event fired)
2026-09-29 03:18:45 [cefQuery] QUERY_WRITE_SHARED_STORAGE
2026-09-29 03:18:45 [cefQuery] QUERY_WIN_CLOSE_OSC
2026-09-29 03:18:45 [cefQuery] QUERY_OSC_SET_DISPLAY_RECTS
2026-09-29 03:18:45 [window] SHOW
2026-09-29 03:18:45 [window] HIDE (page requested)
2026-09-29 03:18:45 [cefQuery] QUERY_FULLSCREEN_STATE
2026-09-29 03:18:45 [cefQuery] QUERY_OSC_SET_PAINTING
2026-09-29 03:18:45 [cefQuery] QUERY_WIN_OPEN_OSC
2026-09-29 03:18:45 [window] SHOW
2026-09-29 03:18:45 [cefQuery] QUERY_OSC_SET_PAINTING
2026-09-29 03:18:45 [window] HIDE (+close event fired)
2026-09-29 03:18:45 [cefQuery] QUERY_WRITE_SHARED_STORAGE
2026-09-29 03:18:45 [cefQuery] QUERY_WIN_CLOSE_OSC
2026-09-29 03:18:45 [window] HIDE (page requested)
2026-09-29 03:18:45 [cefQuery] QUERY_OSC_SET_DISPLAY_RECTS
2026-09-29 03:18:45 [cefQuery] QUERY_OSC_SET_DISPLAY_RECTS
2026-09-29 03:18:45 [cefQuery] QUERY_FULLSCREEN_STATE
2026-09-29 03:18:45 [cefQuery] QUERY_OSC_SET_PAINTING
2026-09-29 03:18:45 [cefQuery] QUERY_WIN_OPEN_OSC
2026-09-29 03:18:45 [cefQuery] QUERY_OSC_SET_PAINTING
2026-09-29 03:18:45 [window] SHOW
2026-09-29 03:18:45 [cefQuery] QUERY_WRITE_SHARED_STORAGE
2026-09-29 03:18:45 [cefQuery] QUERY_WIN_CLOSE_OSC
2026-09-29 03:18:45 [cefQuery] QUERY_OSC_SET_DISPLAY_RECTS
2026-09-29 03:18:45 [window] HIDE (page requested)
2026-09-29 03:18:45 [page:Error] 2026-09-29 03:18:45.461  ERROR  main.common/telemetryService- "Attempted to end a performance measurement 'CLOSE_OSC' without starting it!" @ http://localhost:3000/vendor.js
2026-09-29 03:18:45 [cefQuery] QUERY_OSC_SET_DISPLAY_RECTS
2026-09-29 03:18:45 [cefQuery] QUERY_OSC_SET_DISPLAY_RECTS
2026-09-29 03:18:45 [cefQuery] QUERY_FULLSCREEN_STATE
2026-09-29 03:18:45 [cefQuery] QUERY_OSC_SET_PAINTING
2026-09-29 03:18:45 [cefQuery] QUERY_WIN_OPEN_OSC
2026-09-29 03:18:45 [cefQuery] QUERY_OSC_SET_PAINTING
2026-09-29 03:18:45 [cefQuery] QUERY_WRITE_SHARED_STORAGE
2026-09-29 03:18:45 [window] SHOW
2026-09-29 03:18:45 [cefQuery] QUERY_WIN_CLOSE_OSC
2026-09-29 03:18:45 [window] HIDE (+close event fired)
2026-09-29 03:18:45 [cefQuery] QUERY_WIN_OPEN_OSC
2026-09-29 03:18:45 [cefQuery] QUERY_OSC_SET_PAINTING
2026-09-29 03:18:45 [cefQuery] QUERY_OSC_SET_PAINTING
2026-09-29 03:18:45 [window] SHOW
2026-09-29 03:18:45 [window] HIDE (page requested)
2026-09-29 03:18:45 [cefQuery] QUERY_FULLSCREEN_STATE
2026-09-29 03:18:45 [cefQuery] QUERY_FULLSCREEN_STATE
2026-09-29 03:18:45 [window] SHOW
2026-09-29 03:18:45 [cefQuery] QUERY_OSC_SET_PAINTING
2026-09-29 03:18:45 [window] HIDE (+close event fired)
2026-09-29 03:18:45 [page:Error] 2026-09-29 03:18:45.600  ERROR  osc/shadowplayService- "ERROR, Coplay Enabled request failed: " {
  "data": null,
  "status": -1,
  "config": {
    "method": "GET",
    "transformRequest": [
      null
    ],
    "transformResponse": [
      null,
      null
    ],
    "headers": {
      "X_LOCAL_SECURITY_COOKIE": "",
      "Accept": "application/json, text/plain, */*"
    },
    "url": "http://localhost:59001/ShadowPlay/v.1.0/CoPlay/Enable",
    "params": {},
    "retriesRemaining": 0,
    "timeout": {}
  },
  "statusText": ""
} @ http://localhost:3000/vendor.js
2026-09-29 03:18:45 [cefQuery] QUERY_OSC_SET_PAINTING
2026-09-29 03:18:45 [cefQuery] QUERY_WIN_CLOSE_OSC
2026-09-29 03:18:45 [cefQuery] QUERY_WRITE_SHARED_STORAGE
2026-09-29 03:18:45 [window] SHOW
2026-09-29 03:18:45 [window] HIDE (page requested)
2026-09-29 03:18:45 [cefQuery] QUERY_FULLSCREEN_STATE
2026-09-29 03:18:45 [cefQuery] QUERY_OSC_SET_PAINTING
2026-09-29 03:18:45 [cefQuery] QUERY_OSC_SET_PAINTING
2026-09-29 03:18:45 [window] SHOW
2026-09-29 03:18:45 [window] HIDE (+close event fired)
2026-09-29 03:18:45 [window] SHOW
2026-09-29 03:18:45 [window] HIDE (+close event fired)
2026-09-29 03:18:45 [cefQuery] QUERY_WIN_CLOSE_OSC
2026-09-29 03:18:45 [window] HIDE (page requested)
2026-09-29 03:18:45 [cefQuery] QUERY_OSC_SET_DISPLAY_RECTS
2026-09-29 03:18:45 [cefQuery] QUERY_OSC_SET_PAINTING
2026-09-29 03:18:45 [cefQuery] QUERY_WIN_OPEN_OSC
2026-09-29 03:18:45 [cefQuery] QUERY_WRITE_SHARED_STORAGE
2026-09-29 03:18:45 [cefQuery] QUERY_WRITE_SHARED_STORAGE
2026-09-29 03:18:45 [window] SHOW
2026-09-29 03:18:45 [window] HIDE (page requested)
2026-09-29 03:18:45 [cefQuery] QUERY_OSC_SET_DISPLAY_RECTS
2026-09-29 03:18:45 [cefQuery] QUERY_OSC_SET_DISPLAY_RECTS
2026-09-29 03:18:45 [cefQuery] QUERY_OSC_SET_DISPLAY_RECTS
2026-09-29 03:18:45 [page:Error] 2026-09-29 03:18:45.813  ERROR  main.common/telemetryService- "Attempted to end a performance measurement 'CLOSE_OSC' without starting it!" @ http://localhost:3000/vendor.js
2026-09-29 03:18:45 [window] SHOW
2026-09-29 03:18:45 [page:Error] 2026-09-29 03:18:45.824  ERROR  main.common/telemetryService- "Attempted to end a performance measurement 'CLOSE_OSC' without starting it!" @ http://localhost:3000/vendor.js
2026-09-29 03:18:45 [cefQuery] QUERY_OSC_SET_DISPLAY_RECTS
2026-09-29 03:18:45 [page:Error] 2026-09-29 03:18:45.831  ERROR  main.common/telemetryService- "Attempted to end a performance measurement 'CLOSE_OSC' without starting it!" @ http://localhost:3000/vendor.js
2026-09-29 03:18:45 [window] HIDE (+close event fired)
2026-09-29 03:18:45 [cefQuery] QUERY_OSC_SET_DISPLAY_RECTS
2026-09-29 03:18:45 [cefQuery] QUERY_OSC_SET_DISPLAY_RECTS
2026-09-29 03:18:45 [cefQuery] QUERY_OSC_SET_DISPLAY_RECTS
2026-09-29 03:18:45 [window] SHOW
2026-09-29 03:18:45 [cefQuery] QUERY_OSC_SET_DISPLAY_RECTS
2026-09-29 03:18:45 [window] HIDE (+close event fired)
2026-09-29 03:18:45 [cefQuery] QUERY_OSC_SET_DISPLAY_RECTS
2026-09-29 03:18:45 [window] SHOW
2026-09-29 03:18:45 [window] HIDE (+close event fired)
2026-09-29 03:18:45 [cefQuery] QUERY_WIN_OPEN_OSC
2026-09-29 03:18:45 [cefQuery] QUERY_FULLSCREEN_STATE
2026-09-29 03:18:45 [cefQuery] QUERY_OSC_SET_PAINTING
2026-09-29 03:18:45 [cefQuery] QUERY_WIN_CLOSE_OSC
2026-09-29 03:18:45 [cefQuery] QUERY_FULLSCREEN_STATE
2026-09-29 03:18:45 [cefQuery] QUERY_WIN_OPEN_OSC
2026-09-29 03:18:46 [cefQuery] QUERY_OSC_SET_PAINTING
2026-09-29 03:18:46 [cefQuery] QUERY_WRITE_SHARED_STORAGE
2026-09-29 03:18:46 [window] SHOW
2026-09-29 03:18:46 [window] HIDE (+close event fired)
2026-09-29 03:18:46 [window] SHOW
2026-09-29 03:18:46 [cefQuery] QUERY_FULLSCREEN_STATE
2026-09-29 03:18:46 [cefQuery] QUERY_OSC_SET_PAINTING
2026-09-29 03:18:46 [window] HIDE (+close event fired)
2026-09-29 03:18:46 [cefQuery] QUERY_OSC_SET_PAINTING
2026-09-29 03:18:46 [cefQuery] QUERY_WRITE_SHARED_STORAGE
2026-09-29 03:18:46 [cefQuery] QUERY_WIN_CLOSE_OSC
2026-09-29 03:18:46 [cefQuery] QUERY_OSC_SET_DISPLAY_RECTS
2026-09-29 03:18:46 [window] HIDE (page requested)
2026-09-29 03:18:46 [cefQuery] QUERY_OSC_SET_DISPLAY_RECTS
2026-09-29 03:18:46 [cefQuery] QUERY_FULLSCREEN_STATE
2026-09-29 03:18:46 [cefQuery] QUERY_OSC_SET_PAINTING
2026-09-29 03:18:46 [cefQuery] QUERY_WIN_OPEN_OSC
2026-09-29 03:18:46 [cefQuery] QUERY_OSC_SET_PAINTING
2026-09-29 03:18:46 [cefQuery] QUERY_FULLSCREEN_STATE
2026-09-29 03:18:46 [cefQuery] QUERY_OSC_SET_PAINTING
2026-09-29 03:18:46 [cefQuery] QUERY_OSC_SET_PAINTING
2026-09-29 03:18:46 [cefQuery] QUERY_OSC_SET_PAINTING
2026-09-29 03:18:46 [cefQuery] QUERY_FULLSCREEN_STATE
2026-09-29 03:18:46 [cefQuery] QUERY_OSC_SET_PAINTING
2026-09-29 03:18:46 [window] SHOW
2026-09-29 03:18:46 [window] HIDE (+close event fired)
2026-09-29 03:18:46 [cefQuery] QUERY_FULLSCREEN_STATE
2026-09-29 03:18:46 [cefQuery] QUERY_OSC_SET_PAINTING
2026-09-29 03:18:46 [cefQuery] QUERY_OSC_SET_PAINTING
2026-09-29 03:18:46 [cefQuery] QUERY_WRITE_SHARED_STORAGE
2026-09-29 03:18:46 [cefQuery] QUERY_OSC_SET_PAINTING
2026-09-29 03:18:46 [cefQuery] QUERY_WIN_OPEN_OSC
2026-09-29 03:18:46 [window] HIDE (page requested)
2026-09-29 03:18:46 [cefQuery] QUERY_OSC_SET_PAINTING
2026-09-29 03:18:46 [cefQuery] QUERY_OSC_SET_PAINTING
2026-09-29 03:18:46 [cefQuery] QUERY_FULLSCREEN_STATE
2026-09-29 03:18:46 [cefQuery] QUERY_OSC_SET_PAINTING
2026-09-29 03:18:46 [cefQuery] QUERY_FULLSCREEN_STATE
2026-09-29 03:18:46 [cefQuery] QUERY_OSC_SET_PAINTING
2026-09-29 03:18:46 [cefQuery] QUERY_OSC_SET_PAINTING
2026-09-29 03:18:46 [cefQuery] QUERY_FULLSCREEN_STATE
2026-09-29 03:18:46 [cefQuery] QUERY_OSC_SET_PAINTING
2026-09-29 03:18:46 [cefQuery] QUERY_OSC_SET_PAINTING
2026-09-29 03:18:46 [cefQuery] QUERY_FULLSCREEN_STATE
2026-09-29 03:18:46 [cefQuery] QUERY_OSC_SET_PAINTING
2026-09-29 03:18:46 [cefQuery] QUERY_OSC_SET_PAINTING
2026-09-29 03:18:46 [cefQuery] QUERY_WIN_CLOSE_OSC
2026-09-29 03:18:46 [cefQuery] QUERY_WRITE_SHARED_STORAGE
2026-09-29 03:18:46 [window] HIDE (page requested)
2026-09-29 03:18:46 [cefQuery] QUERY_OSC_SET_DISPLAY_RECTS
2026-09-29 03:18:46 [cefQuery] QUERY_FULLSCREEN_STATE
2026-09-29 03:18:46 [cefQuery] QUERY_WIN_OPEN_OSC
2026-09-29 03:18:46 [cefQuery] QUERY_OSC_SET_PAINTING
2026-09-29 03:18:46 [page:Error] 2026-09-29 03:18:46.554  ERROR  main.common/telemetryService- "Attempted to end a performance measurement 'CLOSE_OSC' without starting it!" @ http://localhost:3000/vendor.js
2026-09-29 03:18:46 [cefQuery] QUERY_FULLSCREEN_STATE
2026-09-29 03:18:46 [cefQuery] QUERY_OSC_SET_PAINTING
2026-09-29 03:18:46 [cefQuery] QUERY_OSC_SET_PAINTING
2026-09-29 03:18:46 [cefQuery] QUERY_WRITE_SHARED_STORAGE
2026-09-29 03:18:46 [cefQuery] QUERY_WIN_CLOSE_OSC
2026-09-29 03:18:46 [window] HIDE (page requested)
2026-09-29 03:18:46 [window] SHOW
2026-09-29 03:18:47 [cefQuery] QUERY_OSC_SET_DISPLAY_RECTS
2026-09-29 03:18:47 [cefQuery] QUERY_WIN_OPEN_OSC
2026-09-29 03:18:47 [cefQuery] QUERY_OSC_SET_PAINTING
2026-09-29 03:18:47 [cefQuery] QUERY_OSC_SET_PAINTING
2026-09-29 03:18:48 [cefQuery] QUERY_WRITE_SHARED_STORAGE
2026-09-29 03:18:48 [window] SHOW
2026-09-29 03:18:48 [window] HIDE (page requested)
2026-09-29 03:18:49 [cefQuery] QUERY_OSC_SET_DISPLAY_RECTS
2026-09-29 03:18:49 [cefQuery] QUERY_OSC_SET_PAINTING
2026-09-29 03:18:49 [cefQuery] QUERY_FULLSCREEN_STATE
2026-09-29 03:18:49 [cefQuery] QUERY_OSC_SET_PAINTING
2026-09-29 03:18:49 [cefQuery] QUERY_WRITE_SHARED_STORAGE
2026-09-29 03:18:49 [window] HIDE (+close event fired)
2026-09-29 03:18:49 [cefQuery] QUERY_WIN_CLOSE_OSC
2026-09-29 03:18:49 [window] HIDE (page requested)
2026-09-29 03:18:49 [cefQuery] QUERY_OSC_SET_DISPLAY_RECTS
2026-09-29 03:18:50 [cefQuery] QUERY_FULLSCREEN_STATE
2026-09-29 03:18:50 [cefQuery] QUERY_WIN_OPEN_OSC
2026-09-29 03:18:50 [cefQuery] QUERY_OSC_SET_PAINTING
2026-09-29 03:18:50 [cefQuery] QUERY_OSC_SET_PAINTING
2026-09-29 03:18:50 [window] SHOW
2026-09-29 03:18:50 [cefQuery] QUERY_WRITE_SHARED_STORAGE
2026-09-29 03:18:50 [cefQuery] QUERY_WIN_CLOSE_OSC
2026-09-29 03:18:50 [window] HIDE (page requested)
2026-09-29 03:18:50 [cefQuery] QUERY_OSC_SET_DISPLAY_RECTS
2026-09-29 03:18:50 [cefQuery] QUERY_FULLSCREEN_STATE
2026-09-29 03:18:50 [cefQuery] QUERY_OSC_SET_PAINTING
2026-09-29 03:18:50 [cefQuery] QUERY_OSC_SET_PAINTING
2026-09-29 03:18:50 [window] SHOW
2026-09-29 03:18:50 [cefQuery] QUERY_WRITE_SHARED_STORAGE
2026-09-29 03:18:50 [window] HIDE (+close event fired)
2026-09-29 03:18:50 [window] HIDE (page requested)
2026-09-29 03:18:51 [cefQuery] QUERY_OSC_SET_DISPLAY_RECTS
2026-09-29 03:18:51 [cefQuery] QUERY_FULLSCREEN_STATE
2026-09-29 03:18:51 [cefQuery] QUERY_OSC_SET_PAINTING
2026-09-29 03:18:51 [cefQuery] QUERY_WIN_OPEN_OSC
2026-09-29 03:18:51 [cefQuery] QUERY_OSC_SET_PAINTING
2026-09-29 03:18:51 [window] SHOW
2026-09-29 03:18:51 [window] HIDE (+close event fired)
2026-09-29 03:18:51 [window] SHOW
2026-09-29 03:18:51 [cefQuery] QUERY_WRITE_SHARED_STORAGE
2026-09-29 03:18:51 [cefQuery] QUERY_WIN_CLOSE_OSC
2026-09-29 03:18:51 [window] HIDE (+close event fired)
2026-09-29 03:18:51 [window] HIDE (page requested)
2026-09-29 03:18:51 [cefQuery] QUERY_OSC_SET_DISPLAY_RECTS
2026-09-29 03:18:51 [cefQuery] QUERY_OSC_SET_DISPLAY_RECTS
2026-09-29 03:18:51 [cefQuery] QUERY_FULLSCREEN_STATE
2026-09-29 03:18:51 [cefQuery] QUERY_WIN_OPEN_OSC
2026-09-29 03:18:51 [cefQuery] QUERY_OSC_SET_PAINTING
2026-09-29 03:18:51 [cefQuery] QUERY_FULLSCREEN_STATE
2026-09-29 03:18:51 [cefQuery] QUERY_OSC_SET_PAINTING
2026-09-29 03:18:51 [cefQuery] QUERY_OSC_SET_PAINTING
2026-09-29 03:18:51 [cefQuery] QUERY_WRITE_SHARED_STORAGE
2026-09-29 03:18:51 [cefQuery] QUERY_WIN_CLOSE_OSC
2026-09-29 03:18:51 [window] SHOW
2026-09-29 03:18:51 [window] HIDE (page requested)
2026-09-29 03:18:52 [cefQuery] QUERY_OSC_SET_DISPLAY_RECTS
2026-09-29 03:18:52 [window] SHOW
2026-09-29 03:18:52 [cefQuery] QUERY_FULLSCREEN_STATE
2026-09-29 03:18:52 [cefQuery] QUERY_OSC_SET_PAINTING
2026-09-29 03:18:52 [cefQuery] QUERY_WIN_OPEN_OSC
2026-09-29 03:18:52 [cefQuery] QUERY_OSC_SET_PAINTING
2026-09-29 03:18:52 [cefQuery] QUERY_WRITE_SHARED_STORAGE
2026-09-29 03:18:52 [cefQuery] QUERY_WIN_CLOSE_OSC
2026-09-29 03:18:52 [window] HIDE (+close event fired)
2026-09-29 03:18:52 [window] HIDE (page requested)
2026-09-29 03:18:52 [cefQuery] QUERY_OSC_SET_DISPLAY_RECTS
2026-09-29 03:18:52 [cefQuery] QUERY_WIN_OPEN_OSC
2026-09-29 03:18:52 [cefQuery] QUERY_FULLSCREEN_STATE
2026-09-29 03:18:52 [cefQuery] QUERY_OSC_SET_PAINTING
2026-09-29 03:18:52 [window] SHOW
2026-09-29 03:18:54 [cefQuery] QUERY_WRITE_SHARED_STORAGE
2026-09-29 03:18:54 [cefQuery] QUERY_WIN_CLOSE_OSC
2026-09-29 03:18:54 [window] HIDE (page requested)
2026-09-29 03:18:54 [cefQuery] QUERY_OSC_SET_DISPLAY_RECTS
2026-09-29 03:18:54 [cefQuery] QUERY_FULLSCREEN_STATE
2026-09-29 03:18:54 [cefQuery] QUERY_WIN_OPEN_OSC
2026-09-29 03:18:54 [cefQuery] QUERY_OSC_SET_PAINTING
2026-09-29 03:18:54 [window] SHOW
2026-09-29 03:19:04 [cefQuery] QUERY_WRITE_SHARED_STORAGE
2026-09-29 03:19:04 [window] HIDE (page requested)
2026-09-29 03:19:05 [cefQuery] QUERY_OSC_SET_DISPLAY_RECTS
2026-09-29 03:19:05 [cefQuery] QUERY_WIN_OPEN_OSC
2026-09-29 03:19:05 [window] SHOW
2026-09-29 03:19:05 [cefQuery] QUERY_OSC_SET_PAINTING
2026-09-29 03:19:16 [page:Error] 2026-09-29 03:19:16.864  ERROR  osc/nvCameraService- "Mods toggle failed : " "NvCamera timed out" @ http://localhost:3000/vendor.js
2026-09-29 03:19:16 [cefQuery] QUERY_OSC_SET_DISPLAY_RECTS
2026-09-29 03:19:16 [page:Error] SyntaxError: Expected property name or '}' in JSON at position 1 (line 1 column 2)
    at JSON.parse (<anonymous>)
    at http://localhost:3000/app.js:12:4964
    at a (http://localhost:3000/vendor.js:99:4175)
    at http://localhost:3000/vendor.js:99:4347
    at p.$eval (http://localhost:3000/vendor.js:99:11860)
    at p.$digest (http://localhost:3000/vendor.js:99:10368)
    at p.$apply (http://localhost:3000/vendor.js:99:12143)
    at c (http://localhost:3000/vendor.js:98:18658)
    at E (http://localhost:3000/vendor.js:98:20559)
    at w.onload (http://localhost:3000/vendor.js:98:21102) undefined @ http://localhost:3000/vendor.js
2026-09-29 03:19:27 [cefQuery] QUERY_WRITE_SHARED_STORAGE
2026-09-29 03:20:59 [cefQuery] QUERY_WRITE_SHARED_STORAGE
2026-09-29 03:20:59 [window] HIDE (+close event fired)
2026-09-29 03:20:59 [window] HIDE (page requested)
2026-09-29 03:21:24 [cefQuery] QUERY_OSC_SET_DISPLAY_RECTS
2026-09-29 03:21:24 [cefQuery] QUERY_OSC_SET_PAINTING
2026-09-29 03:21:24 [cefQuery] QUERY_FULLSCREEN_STATE
2026-09-29 03:21:24 [window] SHOW
2026-09-29 03:21:24 [cefQuery] QUERY_WIN_OPEN_OSC
2026-09-29 03:21:24 [cefQuery] QUERY_OSC_SET_PAINTING
2026-09-29 03:21:24 [cefQuery] QUERY_WIN_CLOSE_OSC
2026-09-29 03:21:24 [window] HIDE (+close event fired)
2026-09-29 03:21:24 [cefQuery] QUERY_WRITE_SHARED_STORAGE
2026-09-29 03:21:24 [window] HIDE (page requested)
2026-09-29 03:21:28 [cefQuery] QUERY_OSC_SET_DISPLAY_RECTS
2026-09-29 03:21:28 [cefQuery] QUERY_FULLSCREEN_STATE
2026-09-29 03:21:28 [cefQuery] QUERY_OSC_SET_PAINTING
2026-09-29 03:21:28 [cefQuery] QUERY_WIN_OPEN_OSC
2026-09-29 03:21:28 [cefQuery] QUERY_OSC_SET_PAINTING
2026-09-29 03:21:28 [window] SHOW
2026-09-29 03:21:29 [cefQuery] QUERY_WRITE_SHARED_STORAGE
2026-09-29 03:21:29 [window] HIDE (+close event fired)
2026-09-29 03:21:29 [window] HIDE (page requested)
2026-09-29 03:21:29 [cefQuery] QUERY_OSC_SET_DISPLAY_RECTS
2026-09-29 03:21:29 [cefQuery] QUERY_FULLSCREEN_STATE
2026-09-29 03:21:29 [cefQuery] QUERY_WIN_OPEN_OSC
2026-09-29 03:21:29 [cefQuery] QUERY_OSC_SET_PAINTING
2026-09-29 03:21:29 [window] SHOW
2026-09-29 03:21:29 [window] HIDE (+close event fired)
2026-09-29 03:21:29 [window] SHOW
2026-09-29 03:21:29 [window] HIDE (+close event fired)
2026-09-29 03:21:29 [cefQuery] QUERY_WIN_CLOSE_OSC
2026-09-29 03:21:29 [window] HIDE (page requested)
2026-09-29 03:21:29 [cefQuery] QUERY_OSC_SET_DISPLAY_RECTS
2026-09-29 03:21:29 [cefQuery] QUERY_OSC_SET_DISPLAY_RECTS
2026-09-29 03:21:29 [cefQuery] QUERY_OSC_SET_DISPLAY_RECTS
2026-09-29 03:21:29 [window] SHOW
2026-09-29 03:21:29 [cefQuery] QUERY_FULLSCREEN_STATE
2026-09-29 03:21:29 [cefQuery] QUERY_OSC_SET_PAINTING
2026-09-29 03:21:29 [cefQuery] QUERY_OSC_SET_PAINTING
2026-09-29 03:21:29 [cefQuery] QUERY_OSC_SET_PAINTING
2026-09-29 03:21:29 [cefQuery] QUERY_FULLSCREEN_STATE
2026-09-29 03:21:29 [cefQuery] QUERY_OSC_SET_PAINTING
2026-09-29 03:21:29 [cefQuery] QUERY_WRITE_SHARED_STORAGE
2026-09-29 03:21:29 [cefQuery] QUERY_WIN_CLOSE_OSC
2026-09-29 03:21:29 [cefQuery] QUERY_OSC_SET_PAINTING
2026-09-29 03:21:29 [window] HIDE (+close event fired)
2026-09-29 03:21:29 [cefQuery] QUERY_WIN_OPEN_OSC
2026-09-29 03:21:29 [cefQuery] QUERY_FULLSCREEN_STATE
2026-09-29 03:21:29 [cefQuery] QUERY_OSC_SET_PAINTING
2026-09-29 03:21:29 [window] SHOW
2026-09-29 03:21:29 [cefQuery] QUERY_WRITE_SHARED_STORAGE
2026-09-29 03:21:29 [cefQuery] QUERY_WIN_CLOSE_OSC
2026-09-29 03:21:29 [window] HIDE (page requested)
2026-09-29 03:21:29 [window] HIDE (page requested)
2026-09-29 03:21:29 [page:Error] 2026-09-29 03:21:29.343  ERROR  main.common/telemetryService- "Attempted to end a performance measurement 'CLOSE_OSC' without starting it!" @ http://localhost:3000/vendor.js
2026-09-29 03:21:29 [cefQuery] QUERY_OSC_SET_DISPLAY_RECTS
2026-09-29 03:21:29 [window] SHOW
2026-09-29 03:21:29 [cefQuery] QUERY_OSC_SET_DISPLAY_RECTS
2026-09-29 03:21:29 [window] HIDE (+close event fired)
2026-09-29 03:21:29 [cefQuery] QUERY_OSC_SET_DISPLAY_RECTS
2026-09-29 03:21:29 [window] SHOW
2026-09-29 03:21:29 [cefQuery] QUERY_OSC_SET_PAINTING
2026-09-29 03:21:29 [cefQuery] QUERY_WIN_OPEN_OSC
2026-09-29 03:21:29 [cefQuery] QUERY_FULLSCREEN_STATE
2026-09-29 03:21:29 [window] HIDE (+close event fired)
2026-09-29 03:21:29 [cefQuery] QUERY_OSC_SET_PAINTING
2026-09-29 03:21:29 [cefQuery] QUERY_WRITE_SHARED_STORAGE
2026-09-29 03:21:29 [cefQuery] QUERY_WIN_CLOSE_OSC
2026-09-29 03:21:29 [window] HIDE (page requested)
2026-09-29 03:21:29 [cefQuery] QUERY_OSC_SET_PAINTING
2026-09-29 03:21:29 [cefQuery] QUERY_FULLSCREEN_STATE
2026-09-29 03:21:29 [cefQuery] QUERY_OSC_SET_PAINTING
2026-09-29 03:21:29 [window] SHOW
2026-09-29 03:21:29 [cefQuery] QUERY_WIN_CLOSE_OSC
2026-09-29 03:21:29 [cefQuery] QUERY_WRITE_SHARED_STORAGE
2026-09-29 03:21:29 [window] HIDE (page requested)
2026-09-29 03:21:29 [cefQuery] QUERY_OSC_SET_PAINTING
2026-09-29 03:21:29 [cefQuery] QUERY_FULLSCREEN_STATE
2026-09-29 03:21:29 [cefQuery] QUERY_WIN_OPEN_OSC
2026-09-29 03:21:29 [cefQuery] QUERY_OSC_SET_PAINTING
2026-09-29 03:21:29 [window] SHOW
2026-09-29 03:21:29 [window] HIDE (+close event fired)
2026-09-29 03:21:29 [cefQuery] QUERY_WRITE_SHARED_STORAGE
2026-09-29 03:21:29 [cefQuery] QUERY_WIN_CLOSE_OSC
2026-09-29 03:21:29 [cefQuery] QUERY_OSC_SET_DISPLAY_RECTS
2026-09-29 03:21:29 [cefQuery] QUERY_OSC_SET_DISPLAY_RECTS
2026-09-29 03:21:29 [cefQuery] QUERY_OSC_SET_DISPLAY_RECTS
2026-09-29 03:21:29 [window] SHOW
2026-09-29 03:21:29 [cefQuery] QUERY_OSC_SET_DISPLAY_RECTS
2026-09-29 03:21:29 [window] HIDE (page requested)
2026-09-29 03:21:29 [window] SHOW
2026-09-29 03:21:29 [cefQuery] QUERY_OSC_SET_DISPLAY_RECTS
2026-09-29 03:21:29 [window] HIDE (+close event fired)
2026-09-29 03:21:29 [window] SHOW
2026-09-29 03:21:29 [cefQuery] QUERY_FULLSCREEN_STATE
2026-09-29 03:21:29 [cefQuery] QUERY_OSC_SET_PAINTING
2026-09-29 03:21:29 [cefQuery] QUERY_WIN_OPEN_OSC
2026-09-29 03:21:29 [cefQuery] QUERY_OSC_SET_PAINTING
2026-09-29 03:21:29 [cefQuery] QUERY_FULLSCREEN_STATE
2026-09-29 03:21:29 [cefQuery] QUERY_OSC_SET_PAINTING
2026-09-29 03:21:29 [cefQuery] QUERY_OSC_SET_PAINTING
2026-09-29 03:21:29 [window] SHOW
2026-09-29 03:21:29 [cefQuery] QUERY_WRITE_SHARED_STORAGE
2026-09-29 03:21:29 [cefQuery] QUERY_WIN_CLOSE_OSC
2026-09-29 03:21:29 [window] HIDE (page requested)
2026-09-29 03:21:29 [cefQuery] QUERY_OSC_SET_PAINTING
2026-09-29 03:21:29 [cefQuery] QUERY_FULLSCREEN_STATE
2026-09-29 03:21:29 [cefQuery] QUERY_OSC_SET_PAINTING
2026-09-29 03:21:29 [cefQuery] QUERY_WIN_OPEN_OSC
2026-09-29 03:21:29 [cefQuery] QUERY_FULLSCREEN_STATE
2026-09-29 03:21:29 [cefQuery] QUERY_OSC_SET_PAINTING
2026-09-29 03:21:29 [cefQuery] QUERY_OSC_SET_PAINTING
2026-09-29 03:21:29 [window] SHOW
2026-09-29 03:21:29 [cefQuery] QUERY_WRITE_SHARED_STORAGE
2026-09-29 03:21:29 [cefQuery] QUERY_WIN_CLOSE_OSC
2026-09-29 03:21:29 [window] HIDE (+close event fired)
2026-09-29 03:21:29 [cefQuery] QUERY_OSC_SET_DISPLAY_RECTS
2026-09-29 03:21:29 [cefQuery] QUERY_WIN_OPEN_OSC
2026-09-29 03:21:29 [cefQuery] QUERY_FULLSCREEN_STATE
2026-09-29 03:21:29 [window] SHOW
2026-09-29 03:21:29 [cefQuery] QUERY_WIN_CLOSE_OSC
2026-09-29 03:21:29 [cefQuery] QUERY_WRITE_SHARED_STORAGE
2026-09-29 03:21:29 [window] HIDE (+close event fired)
2026-09-29 03:21:29 [window] HIDE (page requested)
2026-09-29 03:21:29 [window] SHOW
2026-09-29 03:21:29 [cefQuery] QUERY_OSC_SET_DISPLAY_RECTS
2026-09-29 03:21:29 [window] HIDE (+close event fired)
2026-09-29 03:21:29 [window] HIDE (page requested)
2026-09-29 03:21:29 [cefQuery] QUERY_OSC_SET_DISPLAY_RECTS
2026-09-29 03:21:29 [cefQuery] QUERY_OSC_SET_DISPLAY_RECTS
2026-09-29 03:21:29 [page:Error] 2026-09-29 03:21:29.997  ERROR  main.common/telemetryService- "Attempted to end a performance measurement 'CLOSE_OSC' without starting it!" @ http://localhost:3000/vendor.js
2026-09-29 03:21:30 [page:Error] 2026-09-29 03:21:30.206  ERROR  osc/shadowplayService- "ERROR, Coplay Enabled request failed: " {
  "data": null,
  "status": -1,
  "config": {
    "method": "GET",
    "transformRequest": [
      null
    ],
    "transformResponse": [
      null,
      null
    ],
    "headers": {
      "X_LOCAL_SECURITY_COOKIE": "",
      "Accept": "application/json, text/plain, */*"
    },
    "url": "http://localhost:59001/ShadowPlay/v.1.0/CoPlay/Enable",
    "params": {},
    "retriesRemaining": 0,
    "timeout": {}
  },
  "statusText": ""
} @ http://localhost:3000/vendor.js
2026-09-29 03:21:30 [cefQuery] QUERY_FULLSCREEN_STATE
2026-09-29 03:21:30 [cefQuery] QUERY_OSC_SET_PAINTING
2026-09-29 03:21:30 [cefQuery] QUERY_OSC_SET_PAINTING
2026-09-29 03:21:30 [cefQuery] QUERY_FULLSCREEN_STATE
2026-09-29 03:21:30 [cefQuery] QUERY_OSC_SET_PAINTING
2026-09-29 03:21:30 [cefQuery] QUERY_OSC_SET_PAINTING
2026-09-29 03:21:30 [cefQuery] QUERY_FULLSCREEN_STATE
2026-09-29 03:21:30 [cefQuery] QUERY_OSC_SET_PAINTING
2026-09-29 03:21:30 [cefQuery] QUERY_OSC_SET_PAINTING
2026-09-29 03:21:30 [cefQuery] QUERY_FULLSCREEN_STATE
2026-09-29 03:21:30 [cefQuery] QUERY_OSC_SET_PAINTING
2026-09-29 03:21:30 [cefQuery] QUERY_OSC_SET_PAINTING
2026-09-29 03:21:30 [cefQuery] QUERY_FULLSCREEN_STATE
2026-09-29 03:21:30 [cefQuery] QUERY_OSC_SET_PAINTING
2026-09-29 03:21:30 [cefQuery] QUERY_OSC_SET_PAINTING
2026-09-29 03:21:31 [cefQuery] QUERY_WRITE_SHARED_STORAGE
2026-09-29 03:21:31 [cefQuery] QUERY_WIN_CLOSE_OSC
2026-09-29 03:21:31 [window] SHOW
2026-09-29 03:21:31 [window] HIDE (page requested)
2026-09-29 03:21:31 [cefQuery] QUERY_OSC_SET_DISPLAY_RECTS
2026-09-29 03:21:31 [cefQuery] QUERY_FULLSCREEN_STATE
2026-09-29 03:21:31 [cefQuery] QUERY_WIN_OPEN_OSC
2026-09-29 03:21:31 [window] SHOW
2026-09-29 03:21:32 [cefQuery] QUERY_WRITE_SHARED_STORAGE
2026-09-29 03:21:32 [cefQuery] QUERY_WIN_CLOSE_OSC
2026-09-29 03:21:32 [window] HIDE (+close event fired)
2026-09-29 03:21:32 [window] HIDE (page requested)
2026-09-29 03:21:33 [cefQuery] QUERY_OSC_SET_DISPLAY_RECTS
2026-09-29 03:21:33 [cefQuery] QUERY_FULLSCREEN_STATE
2026-09-29 03:21:33 [window] SHOW
2026-09-29 03:21:33 [cefQuery] QUERY_OSC_SET_PAINTING
2026-09-29 03:21:36 [cefQuery] QUERY_OSC_DISPLAY_IS_DESKTOP_MODE
2026-09-29 03:21:36 [cefQuery] QUERY_OSC_SET_DISPLAY_RECTS
2026-09-29 03:21:36 [cefQuery] QUERY_FULLSCREEN_STATE
2026-09-29 03:21:36 [cefQuery] QUERY_OSC_SET_PAINTING
2026-09-29 03:21:36 [cefQuery] QUERY_OSC_SET_PAINTING
2026-09-29 03:21:37 [cefQuery] QUERY_OSC_SET_PAINTING
2026-09-29 03:21:37 [cefQuery] QUERY_OSC_SET_PAINTING
2026-09-29 03:21:38 [cefQuery] QUERY_OSC_SET_PAINTING
2026-09-29 03:21:38 [cefQuery] QUERY_OSC_SET_PAINTING
2026-09-29 03:21:38 [page:Error] TypeError: Cannot read properties of undefined (reading 'length')
    at http://localhost:3000/vendor.js:20:23273
    at a (http://localhost:3000/vendor.js:99:4175)
    at http://localhost:3000/vendor.js:99:4347
    at p.$eval (http://localhost:3000/vendor.js:99:11860)
    at p.$digest (http://localhost:3000/vendor.js:99:10368)
    at p.$apply (http://localhost:3000/vendor.js:99:12143)
    at c (http://localhost:3000/vendor.js:98:18658)
    at E (http://localhost:3000/vendor.js:98:20559)
    at w.onload (http://localhost:3000/vendor.js:98:21102) undefined @ http://localhost:3000/vendor.js
2026-09-29 03:21:38 [cefQuery] QUERY_WRITE_SHARED_STORAGE
2026-09-29 03:21:38 [cefQuery] QUERY_WIN_CLOSE_OSC
2026-09-29 03:21:38 [window] HIDE (page requested)
2026-09-29 03:21:40 [cefQuery] QUERY_OSC_SET_DISPLAY_RECTS
2026-09-29 03:21:40 [cefQuery] QUERY_FULLSCREEN_STATE
2026-09-29 03:21:40 [cefQuery] QUERY_OSC_SET_PAINTING
2026-09-29 03:21:40 [cefQuery] QUERY_OSC_SET_PAINTING
2026-09-29 03:21:40 [window] SHOW
2026-09-29 03:21:44 [cefQuery] QUERY_WRITE_SHARED_STORAGE
2026-09-29 03:21:44 [cefQuery] QUERY_WIN_CLOSE_OSC
2026-09-29 03:21:44 [window] HIDE (page requested)
2026-09-29 03:23:14 [pages] serving C:\My Project\NVIDIA-Shadowplay\Project\Overlay OSC\NVIDIA OSC\osc at http://localhost:3000/
2026-09-29 03:23:14 [toggle] listening on 127.0.0.1:59003
2026-09-29 03:23:14 === NVIDIA OSC (ของเรา, WPF OSR alpha) boot — C:\My Project\NVIDIA-Shadowplay\Project\Overlay OSC\NVIDIA OSC\osc\index.html ===
2026-09-29 03:23:15 [window] SHOW
2026-09-29 03:23:15 [window] HIDE (+close event fired)
2026-09-29 03:23:15 [window] SHOW
2026-09-29 03:23:15 [window] HIDE (+close event fired)
2026-09-29 03:23:15 [page:Error] 2026-09-29 03:23:15.787  ERROR  crimson.cef/cefService- "Cannot find cefQuery. cmd={\"command\":\"QUERY_LOAD_STRING_TABLE\",\"stringTable\":{\"userAgent\":\"NVIDIAOSCClient/3.28.0.412\"}}"
2026-09-29 03:23:15 [page:Error] 2026-09-29 03:23:15.799  ERROR  crimson.cef/cefService- "Cannot find cefQuery. cmd={\"command\":\"QUERY_WIN_NODE_INFO\"}"
2026-09-29 03:23:15 [page:Error] 2026-09-29 03:23:15.800  ERROR  osc/urlRouter/main/resolve- "failed"
2026-09-29 03:23:15 [cef] frame loaded — cefQuery shim injected
2026-09-29 03:23:15 [window] SHOW
2026-09-29 03:23:16 [page:Error] 2026-09-29 03:23:16.170  ERROR  main.common/telemetryService- "No valid logged in user detected, falling back to client consent setting."
2026-09-29 03:23:16 [page:Error] 2026-09-29 03:23:16.172  ERROR  main/resolve/hardwareInfo- "Unable to get user session (rejection)"
2026-09-29 03:23:16 [page:Error] 2026-09-29 03:23:16.173  ERROR  main/resolve/hardwareInfo- "Unable to get user id" null
2026-09-29 03:23:16 [cefQuery] QUERY_LOAD_STRING_TABLE
2026-09-29 03:23:16 [page:Warning] undefined used as a key, but it is not a string.
2026-09-29 03:23:16 [page:Error] Access to XMLHttpRequest at 'https://gfwsl.geforce.com/nvidia_web_services/controller.gfeclientcontent.NG.php/com.nvidia.services.GFEClientContent_NG.getAnselReady/%7B%22gcV%22:%223.28.0.412%22,%22sM%22:%22NaNGB%22,%22dIDa%22:[%221b06_10de_120f_120f_1%22],%22is6%22:%220%22,%22IsB%22:%220%22,%22gIsB%22:%220%22,%22IsQ%22:%220%22,%22iLp%22:%220%22,%22glg%22:%22en-US%22,%22lg%22:%221033%22%7D' from origin 'http://localhost:3000' has been blocked by CORS policy: No 'Access-Control-Allow-Origin' header is present on the requested resource.
2026-09-29 03:23:16 [page:Error] 2026-09-29 03:23:16.411  ERROR  osc/gfwslService- "GFWSL request failed : " {
  "data": null,
  "status": -1,
  "config": {
    "method": "GET",
    "transformRequest": [
      null
    ],
    "transformResponse": [
      null,
      null
    ],
    "headers": {
      "Accept": "application/json, text/plain, */*"
    },
    "url": "https://gfwsl.geforce.com/nvidia_web_services/controller.gfeclientcontent.NG.php/com.nvidia.services.GFEClientContent_NG.getAnselReady/{\"gcV\":\"3.28.0.412\",\"sM\":\"NaNGB\",\"dIDa\":[\"1b06_10de_120f_120f_1\"],\"is6\":\"0\",\"IsB\":\"0\",\"gIsB\":\"0\",\"IsQ\":\"0\",\"iLp\":\"0\",\"glg\":\"en-US\",\"lg\":\"1033\"}",
    "params": {},
    "retriesRemaining": 0,
    "timeout": {}
  },
  "statusText": ""
}
2026-09-29 03:23:16 [page:Error] 2026-09-29 03:23:16.412  ERROR  osc/nvCameraService- "GFWSL endpoint failed, proceed with OSC initialization" {
  "data": null,
  "status": -1,
  "config": {
    "method": "GET",
    "transformRequest": [
      null
    ],
    "transformResponse": [
      null,
      null
    ],
    "headers": {
      "Accept": "application/json, text/plain, */*"
    },
    "url": "https://gfwsl.geforce.com/nvidia_web_services/controller.gfeclientcontent.NG.php/com.nvidia.services.GFEClientContent_NG.getAnselReady/{\"gcV\":\"3.28.0.412\",\"sM\":\"NaNGB\",\"dIDa\":[\"1b06_10de_120f_120f_1\"],\"is6\":\"0\",\"IsB\":\"0\",\"gIsB\":\"0\",\"IsQ\":\"0\",\"iLp\":\"0\",\"glg\":\"en-US\",\"lg\":\"1033\"}",
    "params": {},
    "retriesRemaining": 0,
    "timeout": {}
  },
  "statusText": ""
}
2026-09-29 03:23:16 [cefQuery] QUERY_WRITE_SHARED_STORAGE
2026-09-29 03:23:16 [cefQuery] QUERY_OSC_SET_DISPLAY_RECTS
2026-09-29 03:23:16 [cefQuery] QUERY_OSC_SET_DISPLAY_RECTS
2026-09-29 03:23:16 [cefQuery] QUERY_OSC_SET_DISPLAY_RECTS
2026-09-29 03:23:16 [cefQuery] QUERY_WRITE_SHARED_STORAGE
2026-09-29 03:23:16 [cefQuery] QUERY_OSC_REGISTER_CLOSE_EVENT
2026-09-29 03:23:16 [cefQuery] QUERY_OSC_SET_DISPLAY_RECTS
2026-09-29 03:23:16 [cefQuery] QUERY_FULLSCREEN_STATE
2026-09-29 03:23:16 [cefQuery] QUERY_OSC_SET_PAINTING
2026-09-29 03:23:16 [cefQuery] QUERY_WIN_OPEN_OSC
2026-09-29 03:23:16 [window] HIDE (+close event fired)
2026-09-29 03:23:16 [cefQuery] QUERY_OSC_SET_PAINTING
2026-09-29 03:23:17 [cefQuery] QUERY_OSC_SET_DISPLAY_RECTS
2026-09-29 03:23:17 [cefQuery] QUERY_OSC_SET_DISPLAY_RECTS
2026-09-29 03:23:17 [cefQuery] QUERY_WIN_CLOSE_OSC
2026-09-29 03:23:17 [window] SHOW
2026-09-29 03:23:17 [cefQuery] QUERY_OSC_DISPLAY_IS_DESKTOP_MODE
2026-09-29 03:23:17 [window] HIDE (page requested)
2026-09-29 03:23:17 [cefQuery] QUERY_OSC_SET_DISPLAY_RECTS
2026-09-29 03:23:17 [cefQuery] QUERY_FULLSCREEN_STATE
2026-09-29 03:23:17 [cefQuery] QUERY_OSC_SET_PAINTING
2026-09-29 03:23:17 [cefQuery] QUERY_OSC_SET_PAINTING
2026-09-29 03:23:17 [window] SHOW
2026-09-29 03:23:18 [cefQuery] QUERY_OSC_SET_DISPLAY_RECTS
2026-09-29 03:23:18 [window] HIDE (+close event fired)
2026-09-29 03:23:18 [window] HIDE (page requested)
2026-09-29 03:23:18 [cefQuery] QUERY_OSC_SET_DISPLAY_RECTS
2026-09-29 03:23:18 [cefQuery] QUERY_FULLSCREEN_STATE
2026-09-29 03:23:18 [cefQuery] QUERY_OSC_SET_PAINTING
2026-09-29 03:23:18 [cefQuery] QUERY_WIN_OPEN_OSC
2026-09-29 03:23:18 [cefQuery] QUERY_OSC_SET_PAINTING
2026-09-29 03:23:18 [window] SHOW
2026-09-29 03:23:18 [window] HIDE (+close event fired)
2026-09-29 03:23:18 [window] SHOW
2026-09-29 03:23:18 [window] HIDE (+close event fired)
2026-09-29 03:23:18 [cefQuery] QUERY_OSC_SET_DISPLAY_RECTS
2026-09-29 03:23:18 [cefQuery] QUERY_OSC_SET_DISPLAY_RECTS
2026-09-29 03:23:18 [cefQuery] QUERY_WIN_CLOSE_OSC
2026-09-29 03:23:18 [window] HIDE (page requested)
2026-09-29 03:23:18 [cefQuery] QUERY_OSC_SET_DISPLAY_RECTS
2026-09-29 03:23:18 [cefQuery] QUERY_OSC_SET_DISPLAY_RECTS
2026-09-29 03:23:18 [cefQuery] QUERY_FULLSCREEN_STATE
2026-09-29 03:23:18 [cefQuery] QUERY_OSC_SET_PAINTING
2026-09-29 03:23:18 [cefQuery] QUERY_OSC_SET_PAINTING
2026-09-29 03:23:18 [cefQuery] QUERY_FULLSCREEN_STATE
2026-09-29 03:23:18 [cefQuery] QUERY_OSC_SET_PAINTING
2026-09-29 03:23:18 [cefQuery] QUERY_OSC_SET_PAINTING
2026-09-29 03:23:18 [window] SHOW
2026-09-29 03:23:18 [cefQuery] QUERY_OSC_SET_DISPLAY_RECTS
2026-09-29 03:23:18 [window] HIDE (page requested)
2026-09-29 03:23:18 [cefQuery] QUERY_OSC_SET_DISPLAY_RECTS
2026-09-29 03:23:18 [cefQuery] QUERY_FULLSCREEN_STATE
2026-09-29 03:23:18 [cefQuery] QUERY_OSC_SET_PAINTING
2026-09-29 03:23:18 [cefQuery] QUERY_WIN_OPEN_OSC
2026-09-29 03:23:18 [window] SHOW
2026-09-29 03:23:18 [cefQuery] QUERY_OSC_SET_PAINTING
2026-09-29 03:23:20 [cefQuery] QUERY_OSC_SET_DISPLAY_RECTS
2026-09-29 03:23:20 [cefQuery] QUERY_OSC_SET_DISPLAY_RECTS
2026-09-29 03:23:20 [cefQuery] QUERY_WIN_CLOSE_OSC
2026-09-29 03:23:20 [window] HIDE (+close event fired)
2026-09-29 03:23:20 [window] HIDE (page requested)
2026-09-29 03:23:20 [cefQuery] QUERY_OSC_SET_DISPLAY_RECTS
2026-09-29 03:23:20 [cefQuery] QUERY_FULLSCREEN_STATE
2026-09-29 03:23:20 [cefQuery] QUERY_OSC_SET_PAINTING
2026-09-29 03:23:20 [cefQuery] QUERY_WIN_OPEN_OSC
2026-09-29 03:23:20 [cefQuery] QUERY_OSC_SET_PAINTING
2026-09-29 03:23:20 [window] SHOW
2026-09-29 03:23:21 [cefQuery] QUERY_OSC_SET_DISPLAY_RECTS
2026-09-29 03:23:21 [cefQuery] QUERY_OSC_SET_DISPLAY_RECTS
2026-09-29 03:23:21 [cefQuery] QUERY_WRITE_SHARED_STORAGE
2026-09-29 03:23:21 [cefQuery] QUERY_WIN_CLOSE_OSC
2026-09-29 03:23:21 [window] HIDE (+close event fired)
2026-09-29 03:23:21 [window] HIDE (page requested)
2026-09-29 03:23:21 [cefQuery] QUERY_OSC_SET_DISPLAY_RECTS
2026-09-29 03:23:21 [cefQuery] QUERY_FULLSCREEN_STATE
2026-09-29 03:23:21 [cefQuery] QUERY_OSC_SET_PAINTING
2026-09-29 03:23:21 [cefQuery] QUERY_OSC_SET_PAINTING
2026-09-29 03:23:21 [window] SHOW
2026-09-29 03:23:22 [cefQuery] QUERY_OSC_SET_DISPLAY_RECTS
2026-09-29 03:23:22 [cefQuery] QUERY_WRITE_SHARED_STORAGE
2026-09-29 03:23:22 [cefQuery] QUERY_WIN_CLOSE_OSC
2026-09-29 03:23:22 [window] HIDE (+close event fired)
2026-09-29 03:23:22 [window] HIDE (page requested)
2026-09-29 03:23:23 [cefQuery] QUERY_OSC_SET_DISPLAY_RECTS
2026-09-29 03:23:23 [cefQuery] QUERY_OSC_SET_PAINTING
2026-09-29 03:23:23 [cefQuery] QUERY_WIN_OPEN_OSC
2026-09-29 03:23:23 [cefQuery] QUERY_FULLSCREEN_STATE
2026-09-29 03:23:23 [cefQuery] QUERY_OSC_SET_PAINTING
2026-09-29 03:23:23 [window] SHOW
2026-09-29 03:23:24 [cefQuery] QUERY_OSC_SET_DISPLAY_RECTS
2026-09-29 03:23:24 [cefQuery] QUERY_WRITE_SHARED_STORAGE
2026-09-29 03:23:24 [cefQuery] QUERY_OSC_SET_DISPLAY_RECTS
2026-09-29 03:23:24 [cefQuery] QUERY_WIN_CLOSE_OSC
2026-09-29 03:23:24 [window] HIDE (+close event fired)
2026-09-29 03:23:24 [window] HIDE (page requested)
2026-09-29 03:23:24 [cefQuery] QUERY_OSC_SET_DISPLAY_RECTS
2026-09-29 03:23:24 [cefQuery] QUERY_FULLSCREEN_STATE
2026-09-29 03:23:24 [cefQuery] QUERY_WIN_OPEN_OSC
2026-09-29 03:23:24 [cefQuery] QUERY_OSC_SET_PAINTING
2026-09-29 03:23:25 [window] SHOW
2026-09-29 03:23:26 [page:Error] 2026-09-29 03:23:26.484  ERROR  osc/nvCameraService- "NvCamera UI launch failed: " "NvCamera timed out"
2026-09-29 03:23:26 [cefQuery] QUERY_OSC_SET_DISPLAY_RECTS
2026-09-29 03:23:26 [page:Error] SyntaxError: Expected property name or '}' in JSON at position 1 (line 1 column 2)
    at JSON.parse (<anonymous>)
    at http://localhost:3000/app.js:12:4964
    at a (http://localhost:3000/vendor.js:99:4175)
    at http://localhost:3000/vendor.js:99:4347
    at p.$eval (http://localhost:3000/vendor.js:99:11860)
    at p.$digest (http://localhost:3000/vendor.js:99:10368)
    at p.$apply (http://localhost:3000/vendor.js:99:12143)
    at c (http://localhost:3000/vendor.js:98:18658)
    at E (http://localhost:3000/vendor.js:98:20559)
    at w.onload (http://localhost:3000/vendor.js:98:21102) undefined
2026-09-29 03:23:27 [cefQuery] QUERY_OSC_SET_DISPLAY_RECTS
2026-09-29 03:23:27 [cefQuery] QUERY_WRITE_SHARED_STORAGE
2026-09-29 03:23:27 [cefQuery] QUERY_WIN_OPEN_OSC
2026-09-29 03:23:27 [window] HIDE (+close event fired)
2026-09-29 03:23:27 [cefQuery] QUERY_OSC_SET_DISPLAY_RECTS
2026-09-29 03:23:27 [page:Error] 2026-09-29 03:23:27.564  ERROR  osc/nvCameraService- "Mods toggle failed : " "NvCamera timed out"
2026-09-29 03:23:27 [cefQuery] QUERY_FULLSCREEN_STATE
2026-09-29 03:23:27 [cefQuery] QUERY_OSC_SET_PAINTING
2026-09-29 03:23:27 [cefQuery] QUERY_WIN_OPEN_OSC
2026-09-29 03:23:27 [cefQuery] QUERY_OSC_SET_PAINTING
2026-09-29 03:23:27 [window] SHOW
2026-09-29 03:23:27 [cefQuery] QUERY_OSC_SET_DISPLAY_RECTS
2026-09-29 03:23:28 [cefQuery] QUERY_OSC_SET_DISPLAY_RECTS
2026-09-29 03:23:28 [cefQuery] QUERY_OSC_SET_DISPLAY_RECTS
2026-09-29 03:23:28 [cefQuery] QUERY_WIN_OPEN_OSC
2026-09-29 03:23:28 [window] HIDE (+close event fired)
2026-09-29 03:23:37 [cefQuery] QUERY_OSC_SET_DISPLAY_RECTS
2026-09-29 03:23:37 [cefQuery] QUERY_WRITE_SHARED_STORAGE
2026-09-29 03:23:37 [cefQuery] QUERY_WIN_CLOSE_OSC
2026-09-29 03:23:37 [window] SHOW
2026-09-29 03:23:37 [window] HIDE (page requested)
2026-09-29 03:23:38 [cefQuery] QUERY_FULLSCREEN_STATE
2026-09-29 03:23:38 [cefQuery] QUERY_OSC_SET_PAINTING
2026-09-29 03:23:38 [cefQuery] QUERY_OSC_SET_PAINTING
2026-09-29 03:23:38 [cefQuery] QUERY_OSC_SET_DISPLAY_RECTS
2026-09-29 03:23:38 [cefQuery] QUERY_WRITE_SHARED_STORAGE
2026-09-29 03:23:38 [cefQuery] QUERY_WIN_CLOSE_OSC
2026-09-29 03:23:38 [window] SHOW
2026-09-29 03:23:38 [window] HIDE (page requested)
2026-09-29 03:23:39 [cefQuery] QUERY_OSC_SET_DISPLAY_RECTS
2026-09-29 03:23:39 [cefQuery] QUERY_FULLSCREEN_STATE
2026-09-29 03:23:39 [cefQuery] QUERY_OSC_SET_PAINTING
2026-09-29 03:23:39 [cefQuery] QUERY_OSC_SET_PAINTING
2026-09-29 03:23:39 [window] SHOW
2026-09-29 03:23:40 [window] HIDE (+close event fired)
2026-09-29 03:23:40 [cefQuery] QUERY_OSC_SET_DISPLAY_RECTS
2026-09-29 03:23:40 [cefQuery] QUERY_WRITE_SHARED_STORAGE
2026-09-29 03:23:40 [cefQuery] QUERY_OSC_SET_DISPLAY_RECTS
2026-09-29 03:23:40 [cefQuery] QUERY_WIN_CLOSE_OSC
2026-09-29 03:23:40 [window] HIDE (page requested)
2026-09-29 03:23:42 [cefQuery] QUERY_OSC_SET_DISPLAY_RECTS
2026-09-29 03:23:42 [cefQuery] QUERY_OSC_SET_DISPLAY_RECTS
2026-09-29 03:23:42 [window] HIDE (page requested)
2026-09-29 03:23:43 [cefQuery] QUERY_OSC_SET_DISPLAY_RECTS
2026-09-29 03:23:43 [cefQuery] QUERY_FULLSCREEN_STATE
2026-09-29 03:23:43 [cefQuery] QUERY_OSC_SET_PAINTING
2026-09-29 03:23:44 [window] SHOW
2026-09-29 03:23:45 [cefQuery] QUERY_OSC_DISPLAY_IS_DESKTOP_MODE
2026-09-29 03:23:46 [cefQuery] QUERY_OSC_SET_DISPLAY_RECTS
2026-09-29 03:23:46 [cefQuery] QUERY_OSC_SET_DISPLAY_RECTS
2026-09-29 03:23:46 [cefQuery] QUERY_WIN_CLOSE_OSC
2026-09-29 03:23:46 [window] HIDE (+close event fired)
2026-09-29 03:23:46 [window] HIDE (page requested)
2026-09-29 03:23:46 [cefQuery] QUERY_OSC_SET_DISPLAY_RECTS
2026-09-29 03:23:46 [cefQuery] QUERY_WIN_OPEN_OSC
2026-09-29 03:23:46 [cefQuery] QUERY_OSC_SET_PAINTING
2026-09-29 03:23:46 [window] SHOW
2026-09-29 03:23:46 [cefQuery] QUERY_OSC_SET_DISPLAY_RECTS
2026-09-29 03:23:46 [cefQuery] QUERY_OSC_SET_DISPLAY_RECTS
2026-09-29 03:23:46 [cefQuery] QUERY_WIN_CLOSE_OSC
2026-09-29 03:23:46 [window] HIDE (+close event fired)
2026-09-29 03:23:46 [window] HIDE (page requested)
2026-09-29 03:23:47 [cefQuery] QUERY_OSC_SET_DISPLAY_RECTS
2026-09-29 03:23:47 [cefQuery] QUERY_FULLSCREEN_STATE
2026-09-29 03:23:47 [cefQuery] QUERY_OSC_SET_PAINTING
2026-09-29 03:23:47 [cefQuery] QUERY_OSC_SET_PAINTING
2026-09-29 03:23:47 [window] SHOW
2026-09-29 03:23:47 [window] HIDE (+close event fired)
2026-09-29 03:23:47 [window] SHOW
2026-09-29 03:23:47 [cefQuery] QUERY_WRITE_SHARED_STORAGE
2026-09-29 03:23:47 [cefQuery] QUERY_OSC_SET_DISPLAY_RECTS
2026-09-29 03:23:47 [cefQuery] QUERY_OSC_SET_DISPLAY_RECTS
2026-09-29 03:23:47 [cefQuery] QUERY_WIN_CLOSE_OSC
2026-09-29 03:23:47 [window] HIDE (+close event fired)
2026-09-29 03:23:47 [cefQuery] QUERY_OSC_SET_DISPLAY_RECTS
2026-09-29 03:23:47 [cefQuery] QUERY_OSC_SET_DISPLAY_RECTS
2026-09-29 03:23:47 [cefQuery] QUERY_OSC_SET_DISPLAY_RECTS
2026-09-29 03:23:47 [cefQuery] QUERY_FULLSCREEN_STATE
2026-09-29 03:23:47 [cefQuery] QUERY_OSC_SET_PAINTING
2026-09-29 03:23:47 [cefQuery] QUERY_WIN_OPEN_OSC
2026-09-29 03:23:47 [cefQuery] QUERY_OSC_SET_PAINTING
2026-09-29 03:23:47 [cefQuery] QUERY_FULLSCREEN_STATE
2026-09-29 03:23:47 [cefQuery] QUERY_OSC_SET_PAINTING
2026-09-29 03:23:47 [cefQuery] QUERY_OSC_SET_PAINTING
2026-09-29 03:23:47 [cefQuery] QUERY_FULLSCREEN_STATE
2026-09-29 03:23:47 [cefQuery] QUERY_OSC_SET_PAINTING
2026-09-29 03:23:47 [window] SHOW
2026-09-29 03:23:47 [cefQuery] QUERY_OSC_SET_PAINTING
2026-09-29 03:23:47 [cefQuery] QUERY_FULLSCREEN_STATE
2026-09-29 03:23:47 [window] HIDE (page requested)
2026-09-29 03:23:47 [cefQuery] QUERY_OSC_SET_PAINTING
2026-09-29 03:23:47 [cefQuery] QUERY_OSC_SET_PAINTING
2026-09-29 03:23:47 [cefQuery] QUERY_FULLSCREEN_STATE
2026-09-29 03:23:47 [cefQuery] QUERY_OSC_SET_PAINTING
2026-09-29 03:23:47 [cefQuery] QUERY_OSC_SET_PAINTING
2026-09-29 03:23:47 [cefQuery] QUERY_OSC_SET_DISPLAY_RECTS
2026-09-29 03:23:47 [cefQuery] QUERY_OSC_SET_DISPLAY_RECTS
2026-09-29 03:23:47 [cefQuery] QUERY_WIN_CLOSE_OSC
2026-09-29 03:23:47 [window] SHOW
2026-09-29 03:23:47 [window] HIDE (+close event fired)
2026-09-29 03:23:47 [cefQuery] QUERY_OSC_SET_DISPLAY_RECTS
2026-09-29 03:23:47 [cefQuery] QUERY_OSC_SET_DISPLAY_RECTS
2026-09-29 03:23:47 [cefQuery] QUERY_OSC_SET_DISPLAY_RECTS
2026-09-29 03:23:47 [cefQuery] QUERY_OSC_SET_DISPLAY_RECTS
2026-09-29 03:23:47 [cefQuery] QUERY_OSC_SET_DISPLAY_RECTS
2026-09-29 03:23:47 [cefQuery] QUERY_OSC_SET_DISPLAY_RECTS
2026-09-29 03:23:47 [cefQuery] QUERY_OSC_SET_DISPLAY_RECTS
2026-09-29 03:23:47 [cefQuery] QUERY_OSC_SET_DISPLAY_RECTS
2026-09-29 03:23:47 [window] SHOW
2026-09-29 03:23:48 [cefQuery] QUERY_FULLSCREEN_STATE
2026-09-29 03:23:48 [cefQuery] QUERY_OSC_SET_PAINTING
2026-09-29 03:23:48 [window] HIDE (+close event fired)
2026-09-29 03:23:48 [cefQuery] QUERY_OSC_SET_PAINTING
2026-09-29 03:23:48 [cefQuery] QUERY_OSC_SET_DISPLAY_RECTS
2026-09-29 03:23:48 [cefQuery] QUERY_WRITE_SHARED_STORAGE
2026-09-29 03:23:48 [cefQuery] QUERY_OSC_SET_DISPLAY_RECTS
2026-09-29 03:23:48 [cefQuery] QUERY_WIN_CLOSE_OSC
2026-09-29 03:23:48 [cefQuery] QUERY_FULLSCREEN_STATE
2026-09-29 03:23:48 [cefQuery] QUERY_OSC_SET_PAINTING
2026-09-29 03:23:48 [cefQuery] QUERY_WIN_OPEN_OSC
2026-09-29 03:23:48 [cefQuery] QUERY_OSC_SET_PAINTING
2026-09-29 03:23:48 [cefQuery] QUERY_FULLSCREEN_STATE
2026-09-29 03:23:48 [cefQuery] QUERY_OSC_SET_PAINTING
2026-09-29 03:23:48 [cefQuery] QUERY_OSC_SET_PAINTING
2026-09-29 03:23:48 [cefQuery] QUERY_FULLSCREEN_STATE
2026-09-29 03:23:48 [cefQuery] QUERY_OSC_SET_PAINTING
2026-09-29 03:23:48 [cefQuery] QUERY_OSC_SET_PAINTING
2026-09-29 03:23:48 [cefQuery] QUERY_FULLSCREEN_STATE
2026-09-29 03:23:48 [window] SHOW
2026-09-29 03:23:48 [cefQuery] QUERY_OSC_SET_PAINTING
2026-09-29 03:23:48 [cefQuery] QUERY_FULLSCREEN_STATE
2026-09-29 03:23:48 [cefQuery] QUERY_OSC_SET_PAINTING
2026-09-29 03:23:48 [cefQuery] QUERY_OSC_SET_PAINTING
2026-09-29 03:23:48 [cefQuery] QUERY_FULLSCREEN_STATE
2026-09-29 03:23:48 [cefQuery] QUERY_OSC_SET_PAINTING
2026-09-29 03:23:48 [cefQuery] QUERY_OSC_SET_PAINTING
2026-09-29 03:23:48 [cefQuery] QUERY_FULLSCREEN_STATE
2026-09-29 03:23:48 [cefQuery] QUERY_OSC_SET_PAINTING
2026-09-29 03:23:48 [window] HIDE (+close event fired)
2026-09-29 03:23:48 [cefQuery] QUERY_OSC_SET_PAINTING
2026-09-29 03:23:48 [cefQuery] QUERY_WRITE_SHARED_STORAGE
2026-09-29 03:23:48 [cefQuery] QUERY_OSC_SET_DISPLAY_RECTS
2026-09-29 03:23:48 [cefQuery] QUERY_OSC_SET_DISPLAY_RECTS
2026-09-29 03:23:48 [cefQuery] QUERY_WIN_CLOSE_OSC
2026-09-29 03:23:48 [cefQuery] QUERY_OSC_SET_DISPLAY_RECTS
2026-09-29 03:23:48 [cefQuery] QUERY_OSC_SET_DISPLAY_RECTS
2026-09-29 03:23:48 [window] SHOW
2026-09-29 03:23:48 [cefQuery] QUERY_OSC_SET_DISPLAY_RECTS
2026-09-29 03:23:48 [window] HIDE (page requested)
2026-09-29 03:23:48 [cefQuery] QUERY_OSC_SET_DISPLAY_RECTS
2026-09-29 03:23:48 [cefQuery] QUERY_OSC_SET_DISPLAY_RECTS
2026-09-29 03:23:48 [cefQuery] QUERY_OSC_SET_DISPLAY_RECTS
2026-09-29 03:23:48 [cefQuery] QUERY_OSC_SET_DISPLAY_RECTS
2026-09-29 03:23:48 [cefQuery] QUERY_FULLSCREEN_STATE
2026-09-29 03:23:48 [cefQuery] QUERY_OSC_SET_PAINTING
2026-09-29 03:23:48 [window] SHOW
2026-09-29 03:23:48 [cefQuery] QUERY_OSC_SET_PAINTING
2026-09-29 03:23:48 [window] HIDE (+close event fired)
2026-09-29 03:23:48 [cefQuery] QUERY_FULLSCREEN_STATE
2026-09-29 03:23:48 [cefQuery] QUERY_OSC_SET_PAINTING
2026-09-29 03:23:48 [cefQuery] QUERY_OSC_SET_PAINTING
2026-09-29 03:23:48 [cefQuery] QUERY_FULLSCREEN_STATE
2026-09-29 03:23:48 [cefQuery] QUERY_OSC_SET_PAINTING
2026-09-29 03:23:48 [cefQuery] QUERY_OSC_SET_PAINTING
2026-09-29 03:23:48 [page:Error] 2026-09-29 03:23:48.518  ERROR  main.common/telemetryService- "Attempted to end a performance measurement 'CLOSE_OSC' without starting it!"
2026-09-29 03:23:48 [window] SHOW
2026-09-29 03:23:48 [window] HIDE (+close event fired)
2026-09-29 03:23:48 [cefQuery] QUERY_FULLSCREEN_STATE
2026-09-29 03:23:48 [cefQuery] QUERY_OSC_SET_PAINTING
2026-09-29 03:23:48 [cefQuery] QUERY_OSC_SET_PAINTING
2026-09-29 03:23:48 [cefQuery] QUERY_FULLSCREEN_STATE
2026-09-29 03:23:48 [cefQuery] QUERY_OSC_SET_PAINTING
2026-09-29 03:23:48 [cefQuery] QUERY_OSC_SET_PAINTING
2026-09-29 03:23:48 [window] SHOW
2026-09-29 03:23:48 [cefQuery] QUERY_FULLSCREEN_STATE
2026-09-29 03:23:48 [cefQuery] QUERY_OSC_SET_PAINTING
2026-09-29 03:23:48 [cefQuery] QUERY_OSC_SET_PAINTING
2026-09-29 03:23:48 [window] HIDE (+close event fired)
2026-09-29 03:23:48 [cefQuery] QUERY_OSC_SET_PAINTING
2026-09-29 03:23:48 [cefQuery] QUERY_OSC_SET_PAINTING
2026-09-29 03:23:48 [cefQuery] QUERY_FULLSCREEN_STATE
2026-09-29 03:23:48 [cefQuery] QUERY_OSC_SET_PAINTING
2026-09-29 03:23:48 [cefQuery] QUERY_FULLSCREEN_STATE
2026-09-29 03:23:48 [cefQuery] QUERY_OSC_SET_PAINTING
2026-09-29 03:23:48 [cefQuery] QUERY_OSC_SET_PAINTING
2026-09-29 03:23:48 [window] SHOW
2026-09-29 03:23:48 [window] HIDE (+close event fired)
2026-09-29 03:23:48 [window] SHOW
2026-09-29 03:23:48 [window] HIDE (page requested)
2026-09-29 03:23:49 [window] SHOW
2026-09-29 03:23:49 [window] HIDE (+close event fired)
2026-09-29 03:23:49 [window] SHOW
2026-09-29 03:23:49 [window] HIDE (+close event fired)
2026-09-29 03:23:49 [window] SHOW
2026-09-29 03:23:49 [window] HIDE (page requested)
2026-09-29 03:23:49 [window] SHOW
2026-09-29 03:23:49 [window] SHOW
2026-09-29 03:23:50 [cefQuery] QUERY_OSC_SET_DISPLAY_RECTS
2026-09-29 03:23:50 [cefQuery] QUERY_WRITE_SHARED_STORAGE
2026-09-29 03:23:50 [cefQuery] QUERY_OSC_SET_DISPLAY_RECTS
2026-09-29 03:23:50 [window] HIDE (+close event fired)
2026-09-29 03:23:50 [window] HIDE (page requested)
2026-09-29 03:23:53 [cefQuery] QUERY_OSC_SET_DISPLAY_RECTS
2026-09-29 03:23:53 [cefQuery] QUERY_FULLSCREEN_STATE
2026-09-29 03:23:53 [cefQuery] QUERY_OSC_SET_PAINTING
2026-09-29 03:23:53 [window] SHOW
2026-09-29 03:23:53 [cefQuery] QUERY_OSC_SET_DISPLAY_RECTS
2026-09-29 03:23:53 [cefQuery] QUERY_OSC_SET_DISPLAY_RECTS
2026-09-29 03:23:53 [cefQuery] QUERY_WIN_CLOSE_OSC
2026-09-29 03:23:53 [window] HIDE (+close event fired)
2026-09-29 03:23:53 [cefQuery] QUERY_OSC_SET_DISPLAY_RECTS
2026-09-29 03:23:53 [cefQuery] QUERY_FULLSCREEN_STATE
2026-09-29 03:23:53 [cefQuery] QUERY_OSC_SET_PAINTING
2026-09-29 03:23:53 [cefQuery] QUERY_OSC_SET_PAINTING
2026-09-29 03:23:53 [window] SHOW
2026-09-29 03:23:53 [window] HIDE (page requested)
2026-09-29 03:23:53 [window] SHOW
2026-09-29 03:23:53 [cefQuery] QUERY_OSC_SET_DISPLAY_RECTS
2026-09-29 03:23:53 [cefQuery] QUERY_WRITE_SHARED_STORAGE
2026-09-29 03:23:53 [cefQuery] QUERY_OSC_SET_DISPLAY_RECTS
2026-09-29 03:23:53 [cefQuery] QUERY_WIN_CLOSE_OSC
2026-09-29 03:23:53 [cefQuery] QUERY_OSC_SET_DISPLAY_RECTS
2026-09-29 03:23:53 [window] HIDE (+close event fired)
2026-09-29 03:23:53 [cefQuery] QUERY_OSC_SET_DISPLAY_RECTS
2026-09-29 03:23:53 [cefQuery] QUERY_OSC_SET_DISPLAY_RECTS
2026-09-29 03:23:53 [cefQuery] QUERY_OSC_SET_DISPLAY_RECTS
2026-09-29 03:23:53 [cefQuery] QUERY_OSC_SET_DISPLAY_RECTS
2026-09-29 03:23:53 [cefQuery] QUERY_FULLSCREEN_STATE
2026-09-29 03:23:53 [cefQuery] QUERY_OSC_SET_PAINTING
2026-09-29 03:23:53 [cefQuery] QUERY_WIN_OPEN_OSC
2026-09-29 03:23:53 [cefQuery] QUERY_OSC_SET_PAINTING
2026-09-29 03:23:53 [cefQuery] QUERY_FULLSCREEN_STATE
2026-09-29 03:23:53 [cefQuery] QUERY_OSC_SET_PAINTING
2026-09-29 03:23:53 [window] SHOW
2026-09-29 03:23:53 [cefQuery] QUERY_OSC_SET_PAINTING
2026-09-29 03:23:53 [window] HIDE (+close event fired)
2026-09-29 03:23:53 [cefQuery] QUERY_FULLSCREEN_STATE
2026-09-29 03:23:53 [cefQuery] QUERY_OSC_SET_PAINTING
2026-09-29 03:23:53 [cefQuery] QUERY_OSC_SET_PAINTING
2026-09-29 03:23:53 [cefQuery] QUERY_OSC_SET_PAINTING
2026-09-29 03:23:54 [window] SHOW
2026-09-29 03:23:54 [cefQuery] QUERY_OSC_SET_PAINTING
2026-09-29 03:23:54 [cefQuery] QUERY_OSC_SET_PAINTING
2026-09-29 03:23:54 [cefQuery] QUERY_OSC_SET_PAINTING
2026-09-29 03:23:54 [window] HIDE (+close event fired)
2026-09-29 03:23:54 [window] HIDE (page requested)
2026-09-29 03:23:54 [cefQuery] QUERY_OSC_SET_DISPLAY_RECTS
2026-09-29 03:23:54 [cefQuery] QUERY_WRITE_SHARED_STORAGE
2026-09-29 03:23:54 [cefQuery] QUERY_OSC_SET_DISPLAY_RECTS
2026-09-29 03:23:54 [cefQuery] QUERY_WIN_CLOSE_OSC
2026-09-29 03:23:54 [cefQuery] QUERY_OSC_SET_DISPLAY_RECTS
2026-09-29 03:23:54 [cefQuery] QUERY_OSC_SET_DISPLAY_RECTS
2026-09-29 03:23:54 [cefQuery] QUERY_OSC_SET_DISPLAY_RECTS
2026-09-29 03:23:54 [cefQuery] QUERY_OSC_SET_DISPLAY_RECTS
2026-09-29 03:23:54 [cefQuery] QUERY_OSC_SET_DISPLAY_RECTS
2026-09-29 03:23:54 [cefQuery] QUERY_OSC_SET_DISPLAY_RECTS
2026-09-29 03:23:54 [cefQuery] QUERY_OSC_SET_DISPLAY_RECTS
2026-09-29 03:23:54 [window] SHOW
2026-09-29 03:23:54 [window] HIDE (+close event fired)
2026-09-29 03:23:54 [cefQuery] QUERY_FULLSCREEN_STATE
2026-09-29 03:23:54 [cefQuery] QUERY_OSC_SET_PAINTING
2026-09-29 03:23:54 [cefQuery] QUERY_WIN_OPEN_OSC
2026-09-29 03:23:54 [cefQuery] QUERY_OSC_SET_PAINTING
2026-09-29 03:23:54 [cefQuery] QUERY_OSC_SET_PAINTING
2026-09-29 03:23:54 [cefQuery] QUERY_FULLSCREEN_STATE
2026-09-29 03:23:54 [cefQuery] QUERY_OSC_SET_PAINTING
2026-09-29 03:23:54 [cefQuery] QUERY_FULLSCREEN_STATE
2026-09-29 03:23:54 [cefQuery] QUERY_OSC_SET_PAINTING
2026-09-29 03:23:54 [cefQuery] QUERY_OSC_SET_PAINTING
2026-09-29 03:23:54 [cefQuery] QUERY_FULLSCREEN_STATE
2026-09-29 03:23:54 [cefQuery] QUERY_OSC_SET_PAINTING
2026-09-29 03:23:54 [cefQuery] QUERY_OSC_SET_PAINTING
2026-09-29 03:23:54 [window] SHOW
2026-09-29 03:23:54 [cefQuery] QUERY_FULLSCREEN_STATE
2026-09-29 03:23:54 [cefQuery] QUERY_OSC_SET_PAINTING
2026-09-29 03:23:54 [window] HIDE (+close event fired)
2026-09-29 03:23:54 [cefQuery] QUERY_OSC_SET_PAINTING
2026-09-29 03:23:54 [cefQuery] QUERY_OSC_SET_PAINTING
2026-09-29 03:23:54 [cefQuery] QUERY_OSC_SET_PAINTING
2026-09-29 03:23:54 [cefQuery] QUERY_FULLSCREEN_STATE
2026-09-29 03:23:54 [cefQuery] QUERY_OSC_SET_PAINTING
2026-09-29 03:23:54 [window] SHOW
2026-09-29 03:23:54 [window] HIDE (+close event fired)
2026-09-29 03:23:54 [window] SHOW
2026-09-29 03:23:54 [window] HIDE (+close event fired)
2026-09-29 03:23:54 [window] HIDE (page requested)
2026-09-29 03:23:54 [window] SHOW
2026-09-29 03:23:55 [cefQuery] QUERY_WRITE_SHARED_STORAGE
2026-09-29 03:23:55 [cefQuery] QUERY_OSC_SET_DISPLAY_RECTS
2026-09-29 03:23:55 [cefQuery] QUERY_WIN_CLOSE_OSC
2026-09-29 03:23:55 [window] HIDE (+close event fired)
2026-09-29 03:23:55 [window] HIDE (page requested)
2026-09-29 03:23:58 [cefQuery] QUERY_OSC_SET_DISPLAY_RECTS
2026-09-29 03:23:58 [cefQuery] QUERY_OSC_SET_PAINTING
2026-09-29 03:23:58 [cefQuery] QUERY_WIN_OPEN_OSC
2026-09-29 03:23:58 [cefQuery] QUERY_FULLSCREEN_STATE
2026-09-29 03:23:58 [cefQuery] QUERY_OSC_SET_PAINTING
2026-09-29 03:23:58 [window] SHOW
2026-09-29 03:23:58 [cefQuery] QUERY_OSC_SET_DISPLAY_RECTS
2026-09-29 03:23:58 [cefQuery] QUERY_WRITE_SHARED_STORAGE
2026-09-29 03:23:58 [cefQuery] QUERY_OSC_SET_DISPLAY_RECTS
2026-09-29 03:23:58 [cefQuery] QUERY_WIN_CLOSE_OSC
2026-09-29 03:23:58 [window] HIDE (+close event fired)
2026-09-29 03:23:58 [window] HIDE (page requested)
2026-09-29 03:23:59 [cefQuery] QUERY_OSC_SET_DISPLAY_RECTS
2026-09-29 03:23:59 [cefQuery] QUERY_OSC_SET_PAINTING
2026-09-29 03:23:59 [cefQuery] QUERY_WIN_OPEN_OSC
2026-09-29 03:23:59 [cefQuery] QUERY_OSC_SET_PAINTING
2026-09-29 03:23:59 [cefQuery] QUERY_FULLSCREEN_STATE
2026-09-29 03:23:59 [window] SHOW
2026-09-29 03:24:00 [cefQuery] QUERY_OSC_SET_DISPLAY_RECTS
2026-09-29 03:24:00 [cefQuery] QUERY_WRITE_SHARED_STORAGE
2026-09-29 03:24:00 [cefQuery] QUERY_OSC_SET_DISPLAY_RECTS
2026-09-29 03:24:00 [cefQuery] QUERY_WIN_CLOSE_OSC
2026-09-29 03:24:00 [window] HIDE (+close event fired)
2026-09-29 03:24:00 [window] HIDE (page requested)
2026-09-29 03:24:00 [cefQuery] QUERY_OSC_SET_DISPLAY_RECTS
2026-09-29 03:24:00 [cefQuery] QUERY_OSC_SET_PAINTING
2026-09-29 03:24:00 [cefQuery] QUERY_FULLSCREEN_STATE
2026-09-29 03:24:00 [cefQuery] QUERY_OSC_SET_PAINTING
2026-09-29 03:24:00 [window] SHOW
2026-09-29 03:24:01 [cefQuery] QUERY_OSC_SET_DISPLAY_RECTS
2026-09-29 03:24:01 [cefQuery] QUERY_OSC_SET_DISPLAY_RECTS
2026-09-29 03:24:01 [cefQuery] QUERY_WIN_CLOSE_OSC
2026-09-29 03:24:01 [window] HIDE (+close event fired)
2026-09-29 03:24:01 [window] HIDE (page requested)
2026-09-29 03:24:01 [cefQuery] QUERY_OSC_SET_DISPLAY_RECTS
2026-09-29 03:24:01 [cefQuery] QUERY_FULLSCREEN_STATE
2026-09-29 03:24:01 [cefQuery] QUERY_OSC_SET_PAINTING
2026-09-29 03:24:01 [window] SHOW
2026-09-29 03:24:02 [cefQuery] QUERY_OSC_SET_DISPLAY_RECTS
2026-09-29 03:24:02 [cefQuery] QUERY_WRITE_SHARED_STORAGE
2026-09-29 03:24:02 [cefQuery] QUERY_WIN_CLOSE_OSC
2026-09-29 03:24:02 [window] HIDE (+close event fired)
2026-09-29 03:24:02 [window] HIDE (page requested)
2026-09-29 03:24:02 [cefQuery] QUERY_OSC_SET_DISPLAY_RECTS
2026-09-29 03:24:02 [cefQuery] QUERY_FULLSCREEN_STATE
2026-09-29 03:24:02 [cefQuery] QUERY_WIN_OPEN_OSC
2026-09-29 03:24:02 [window] SHOW
2026-09-29 03:24:02 [window] HIDE (+close event fired)
2026-09-29 03:24:02 [window] SHOW
2026-09-29 03:24:02 [window] HIDE (+close event fired)
2026-09-29 03:24:02 [cefQuery] QUERY_OSC_SET_DISPLAY_RECTS
2026-09-29 03:24:02 [cefQuery] QUERY_WIN_CLOSE_OSC
2026-09-29 03:24:02 [cefQuery] QUERY_OSC_SET_DISPLAY_RECTS
2026-09-29 03:24:02 [cefQuery] QUERY_OSC_SET_DISPLAY_RECTS
2026-09-29 03:24:02 [cefQuery] QUERY_OSC_SET_DISPLAY_RECTS
2026-09-29 03:24:02 [cefQuery] QUERY_OSC_SET_DISPLAY_RECTS
2026-09-29 03:24:02 [cefQuery] QUERY_OSC_SET_DISPLAY_RECTS
2026-09-29 03:24:02 [cefQuery] QUERY_OSC_SET_DISPLAY_RECTS
2026-09-29 03:24:02 [cefQuery] QUERY_OSC_SET_DISPLAY_RECTS
2026-09-29 03:24:02 [cefQuery] QUERY_OSC_SET_DISPLAY_RECTS
2026-09-29 03:24:02 [window] SHOW
2026-09-29 03:24:02 [window] HIDE (+close event fired)
2026-09-29 03:24:02 [cefQuery] QUERY_OSC_SET_DISPLAY_RECTS
2026-09-29 03:24:02 [cefQuery] QUERY_OSC_SET_DISPLAY_RECTS
2026-09-29 03:24:02 [window] SHOW
2026-09-29 03:24:02 [cefQuery] QUERY_FULLSCREEN_STATE
2026-09-29 03:24:02 [cefQuery] QUERY_OSC_SET_PAINTING
2026-09-29 03:24:02 [cefQuery] QUERY_WIN_OPEN_OSC
2026-09-29 03:24:02 [cefQuery] QUERY_OSC_SET_PAINTING
2026-09-29 03:24:02 [window] HIDE (page requested)
2026-09-29 03:24:03 [cefQuery] QUERY_OSC_SET_PAINTING
2026-09-29 03:24:03 [cefQuery] QUERY_FULLSCREEN_STATE
2026-09-29 03:24:03 [cefQuery] QUERY_OSC_SET_PAINTING
2026-09-29 03:24:03 [cefQuery] QUERY_WRITE_SHARED_STORAGE
2026-09-29 03:24:03 [cefQuery] QUERY_OSC_SET_DISPLAY_RECTS
2026-09-29 03:24:03 [cefQuery] QUERY_OSC_SET_DISPLAY_RECTS
2026-09-29 03:24:03 [cefQuery] QUERY_WIN_CLOSE_OSC
2026-09-29 03:24:03 [cefQuery] QUERY_WIN_OPEN_OSC
2026-09-29 03:24:03 [cefQuery] QUERY_OSC_SET_PAINTING
2026-09-29 03:24:03 [window] SHOW
2026-09-29 03:24:03 [cefQuery] QUERY_FULLSCREEN_STATE
2026-09-29 03:24:03 [cefQuery] QUERY_OSC_SET_PAINTING
2026-09-29 03:24:03 [window] HIDE (+close event fired)
2026-09-29 03:24:03 [cefQuery] QUERY_OSC_SET_PAINTING
2026-09-29 03:24:03 [cefQuery] QUERY_FULLSCREEN_STATE
2026-09-29 03:24:03 [cefQuery] QUERY_OSC_SET_PAINTING
2026-09-29 03:24:03 [cefQuery] QUERY_OSC_SET_PAINTING
2026-09-29 03:24:03 [cefQuery] QUERY_FULLSCREEN_STATE
2026-09-29 03:24:03 [cefQuery] QUERY_OSC_SET_PAINTING
2026-09-29 03:24:03 [cefQuery] QUERY_OSC_SET_PAINTING
2026-09-29 03:24:03 [cefQuery] QUERY_OSC_SET_DISPLAY_RECTS
2026-09-29 03:24:03 [cefQuery] QUERY_OSC_SET_DISPLAY_RECTS
2026-09-29 03:24:03 [cefQuery] QUERY_FULLSCREEN_STATE
2026-09-29 03:24:03 [cefQuery] QUERY_OSC_SET_PAINTING
2026-09-29 03:24:03 [cefQuery] QUERY_WIN_OPEN_OSC
2026-09-29 03:24:03 [window] SHOW
2026-09-29 03:24:03 [window] HIDE (+close event fired)
2026-09-29 03:24:03 [cefQuery] QUERY_OSC_SET_PAINTING
2026-09-29 03:24:03 [cefQuery] QUERY_FULLSCREEN_STATE
2026-09-29 03:24:03 [cefQuery] QUERY_OSC_SET_PAINTING
2026-09-29 03:24:03 [cefQuery] QUERY_OSC_SET_PAINTING
2026-09-29 03:24:03 [cefQuery] QUERY_OSC_SET_PAINTING
2026-09-29 03:24:03 [cefQuery] QUERY_OSC_SET_DISPLAY_RECTS
2026-09-29 03:24:03 [cefQuery] QUERY_WRITE_SHARED_STORAGE
2026-09-29 03:24:03 [cefQuery] QUERY_OSC_SET_DISPLAY_RECTS
2026-09-29 03:24:03 [cefQuery] QUERY_OSC_SET_DISPLAY_RECTS
2026-09-29 03:24:03 [cefQuery] QUERY_OSC_SET_DISPLAY_RECTS
2026-09-29 03:24:03 [cefQuery] QUERY_FULLSCREEN_STATE
2026-09-29 03:24:03 [cefQuery] QUERY_OSC_SET_PAINTING
2026-09-29 03:24:03 [cefQuery] QUERY_OSC_SET_PAINTING
2026-09-29 03:24:03 [window] SHOW
2026-09-29 03:24:03 [window] HIDE (+close event fired)
2026-09-29 03:24:03 [cefQuery] QUERY_OSC_SET_DISPLAY_RECTS
2026-09-29 03:24:03 [cefQuery] QUERY_OSC_SET_DISPLAY_RECTS
2026-09-29 03:24:03 [cefQuery] QUERY_OSC_SET_DISPLAY_RECTS
2026-09-29 03:24:03 [cefQuery] QUERY_OSC_SET_DISPLAY_RECTS
2026-09-29 03:24:03 [cefQuery] QUERY_OSC_SET_DISPLAY_RECTS
2026-09-29 03:24:03 [cefQuery] QUERY_OSC_SET_DISPLAY_RECTS
2026-09-29 03:24:03 [window] SHOW
2026-09-29 03:24:03 [cefQuery] QUERY_FULLSCREEN_STATE
2026-09-29 03:24:03 [cefQuery] QUERY_OSC_SET_PAINTING
2026-09-29 03:24:03 [cefQuery] QUERY_WIN_OPEN_OSC
2026-09-29 03:24:03 [window] HIDE (page requested)
2026-09-29 03:24:03 [cefQuery] QUERY_OSC_SET_PAINTING
2026-09-29 03:24:03 [cefQuery] QUERY_OSC_SET_DISPLAY_RECTS
2026-09-29 03:24:03 [cefQuery] QUERY_WRITE_SHARED_STORAGE
2026-09-29 03:24:03 [cefQuery] QUERY_OSC_SET_DISPLAY_RECTS
2026-09-29 03:24:03 [cefQuery] QUERY_WIN_CLOSE_OSC
2026-09-29 03:24:03 [cefQuery] QUERY_OSC_SET_DISPLAY_RECTS
2026-09-29 03:24:03 [cefQuery] QUERY_OSC_SET_DISPLAY_RECTS
2026-09-29 03:24:03 [cefQuery] QUERY_OSC_SET_DISPLAY_RECTS
2026-09-29 03:24:03 [cefQuery] QUERY_OSC_SET_DISPLAY_RECTS
2026-09-29 03:24:03 [cefQuery] QUERY_OSC_SET_PAINTING
2026-09-29 03:24:03 [cefQuery] QUERY_OSC_SET_PAINTING
2026-09-29 03:24:03 [cefQuery] QUERY_WIN_OPEN_OSC
2026-09-29 03:24:03 [cefQuery] QUERY_OSC_SET_DISPLAY_RECTS
2026-09-29 03:24:03 [cefQuery] QUERY_WRITE_SHARED_STORAGE
2026-09-29 03:24:03 [cefQuery] QUERY_OSC_SET_DISPLAY_RECTS
2026-09-29 03:24:03 [cefQuery] QUERY_OSC_SET_DISPLAY_RECTS
2026-09-29 03:24:03 [cefQuery] QUERY_OSC_SET_DISPLAY_RECTS
2026-09-29 03:24:03 [cefQuery] QUERY_OSC_SET_DISPLAY_RECTS
2026-09-29 03:24:03 [window] SHOW
2026-09-29 03:24:03 [window] HIDE (+close event fired)
2026-09-29 03:24:03 [page:Error] 2026-09-29 03:24:03.861  ERROR  main.common/telemetryService- "Attempted to end a performance measurement 'CLOSE_OSC' without starting it!"
2026-09-29 03:24:03 [cefQuery] QUERY_OSC_SET_DISPLAY_RECTS
2026-09-29 03:24:03 [page:Error] 2026-09-29 03:24:03.882  ERROR  main.common/telemetryService- "Attempted to end a performance measurement 'CLOSE_OSC' without starting it!"
2026-09-29 03:24:03 [cefQuery] QUERY_OSC_SET_DISPLAY_RECTS
2026-09-29 03:24:03 [cefQuery] QUERY_OSC_SET_DISPLAY_RECTS
2026-09-29 03:24:03 [cefQuery] QUERY_OSC_SET_DISPLAY_RECTS
2026-09-29 03:24:03 [cefQuery] QUERY_OSC_SET_DISPLAY_RECTS
2026-09-29 03:24:03 [cefQuery] QUERY_OSC_SET_DISPLAY_RECTS
2026-09-29 03:24:03 [cefQuery] QUERY_OSC_SET_DISPLAY_RECTS
2026-09-29 03:24:03 [window] SHOW
2026-09-29 03:24:03 [cefQuery] QUERY_OSC_SET_DISPLAY_RECTS
2026-09-29 03:24:04 [window] HIDE (page requested)
2026-09-29 03:24:04 [cefQuery] QUERY_FULLSCREEN_STATE
2026-09-29 03:24:04 [cefQuery] QUERY_OSC_SET_PAINTING
2026-09-29 03:24:04 [cefQuery] QUERY_WIN_OPEN_OSC
2026-09-29 03:24:04 [cefQuery] QUERY_OSC_SET_PAINTING
2026-09-29 03:24:04 [cefQuery] QUERY_WRITE_SHARED_STORAGE
2026-09-29 03:24:04 [cefQuery] QUERY_OSC_SET_DISPLAY_RECTS
2026-09-29 03:24:04 [cefQuery] QUERY_OSC_SET_DISPLAY_RECTS
2026-09-29 03:24:04 [cefQuery] QUERY_OSC_SET_DISPLAY_RECTS
2026-09-29 03:24:04 [window] SHOW
2026-09-29 03:24:04 [window] HIDE (+close event fired)
2026-09-29 03:24:04 [cefQuery] QUERY_FULLSCREEN_STATE
2026-09-29 03:24:04 [cefQuery] QUERY_OSC_SET_PAINTING
2026-09-29 03:24:04 [cefQuery] QUERY_WIN_OPEN_OSC
2026-09-29 03:24:04 [cefQuery] QUERY_OSC_SET_PAINTING
2026-09-29 03:24:04 [cefQuery] QUERY_OSC_SET_DISPLAY_RECTS
2026-09-29 03:24:04 [cefQuery] QUERY_WIN_CLOSE_OSC
2026-09-29 03:24:04 [cefQuery] QUERY_OSC_SET_DISPLAY_RECTS
2026-09-29 03:24:04 [window] HIDE (+close event fired)
2026-09-29 03:24:04 [cefQuery] QUERY_OSC_SET_DISPLAY_RECTS
2026-09-29 03:24:04 [cefQuery] QUERY_OSC_SET_DISPLAY_RECTS
2026-09-29 03:24:04 [cefQuery] QUERY_OSC_SET_DISPLAY_RECTS
2026-09-29 03:24:04 [cefQuery] QUERY_OSC_SET_DISPLAY_RECTS
2026-09-29 03:24:04 [cefQuery] QUERY_OSC_SET_PAINTING
2026-09-29 03:24:04 [cefQuery] QUERY_WIN_OPEN_OSC
2026-09-29 03:24:04 [cefQuery] QUERY_FULLSCREEN_STATE
2026-09-29 03:24:04 [cefQuery] QUERY_OSC_SET_DISPLAY_RECTS
2026-09-29 03:24:04 [cefQuery] QUERY_WRITE_SHARED_STORAGE
2026-09-29 03:24:04 [cefQuery] QUERY_OSC_SET_DISPLAY_RECTS
2026-09-29 03:24:04 [cefQuery] QUERY_WIN_CLOSE_OSC
2026-09-29 03:24:04 [window] SHOW
2026-09-29 03:24:04 [cefQuery] QUERY_FULLSCREEN_STATE
2026-09-29 03:24:04 [cefQuery] QUERY_WIN_OPEN_OSC
2026-09-29 03:24:04 [cefQuery] QUERY_OSC_SET_PAINTING
2026-09-29 03:24:04 [cefQuery] QUERY_OSC_SET_DISPLAY_RECTS
2026-09-29 03:24:04 [cefQuery] QUERY_WRITE_SHARED_STORAGE
2026-09-29 03:24:04 [window] HIDE (+close event fired)
2026-09-29 03:24:04 [window] HIDE (page requested)
2026-09-29 03:24:04 [cefQuery] QUERY_OSC_SET_DISPLAY_RECTS
2026-09-29 03:24:04 [cefQuery] QUERY_WIN_CLOSE_OSC
2026-09-29 03:24:04 [cefQuery] QUERY_OSC_SET_PAINTING
2026-09-29 03:24:04 [cefQuery] QUERY_WIN_OPEN_OSC
2026-09-29 03:24:04 [cefQuery] QUERY_OSC_SET_PAINTING
2026-09-29 03:24:04 [window] SHOW
2026-09-29 03:24:04 [window] HIDE (+close event fired)
2026-09-29 03:24:04 [cefQuery] QUERY_OSC_SET_DISPLAY_RECTS
2026-09-29 03:24:04 [cefQuery] QUERY_OSC_SET_DISPLAY_RECTS
2026-09-29 03:24:04 [cefQuery] QUERY_WRITE_SHARED_STORAGE
2026-09-29 03:24:04 [cefQuery] QUERY_OSC_SET_DISPLAY_RECTS
2026-09-29 03:24:04 [cefQuery] QUERY_OSC_SET_DISPLAY_RECTS
2026-09-29 03:24:04 [cefQuery] QUERY_OSC_SET_DISPLAY_RECTS
2026-09-29 03:24:04 [cefQuery] QUERY_FULLSCREEN_STATE
2026-09-29 03:24:04 [cefQuery] QUERY_WIN_OPEN_OSC
2026-09-29 03:24:04 [cefQuery] QUERY_OSC_SET_PAINTING
2026-09-29 03:24:04 [cefQuery] QUERY_OSC_SET_DISPLAY_RECTS
2026-09-29 03:24:04 [cefQuery] QUERY_WRITE_SHARED_STORAGE
2026-09-29 03:24:04 [window] SHOW
2026-09-29 03:24:04 [cefQuery] QUERY_WIN_CLOSE_OSC
2026-09-29 03:24:04 [cefQuery] QUERY_OSC_SET_DISPLAY_RECTS
2026-09-29 03:24:04 [cefQuery] QUERY_OSC_SET_DISPLAY_RECTS
2026-09-29 03:24:04 [cefQuery] QUERY_OSC_SET_DISPLAY_RECTS
2026-09-29 03:24:04 [cefQuery] QUERY_OSC_SET_DISPLAY_RECTS
2026-09-29 03:24:04 [window] HIDE (+close event fired)
2026-09-29 03:24:04 [window] HIDE (page requested)
2026-09-29 03:24:04 [cefQuery] QUERY_OSC_SET_DISPLAY_RECTS
2026-09-29 03:24:04 [cefQuery] QUERY_OSC_SET_DISPLAY_RECTS
2026-09-29 03:24:04 [cefQuery] QUERY_OSC_SET_DISPLAY_RECTS
2026-09-29 03:24:04 [cefQuery] QUERY_OSC_SET_PAINTING
2026-09-29 03:24:04 [cefQuery] QUERY_OSC_SET_PAINTING
2026-09-29 03:24:04 [cefQuery] QUERY_OSC_SET_DISPLAY_RECTS
2026-09-29 03:24:04 [cefQuery] QUERY_WRITE_SHARED_STORAGE
2026-09-29 03:24:04 [cefQuery] QUERY_WIN_CLOSE_OSC
2026-09-29 03:24:04 [window] SHOW
2026-09-29 03:24:04 [window] HIDE (+close event fired)
2026-09-29 03:24:05 [cefQuery] QUERY_OSC_SET_DISPLAY_RECTS
2026-09-29 03:24:05 [cefQuery] QUERY_FULLSCREEN_STATE
2026-09-29 03:24:05 [cefQuery] QUERY_OSC_SET_PAINTING
2026-09-29 03:24:05 [cefQuery] QUERY_OSC_SET_PAINTING
2026-09-29 03:24:05 [cefQuery] QUERY_OSC_SET_DISPLAY_RECTS
2026-09-29 03:24:05 [cefQuery] QUERY_WRITE_SHARED_STORAGE
2026-09-29 03:24:05 [cefQuery] QUERY_WIN_CLOSE_OSC
2026-09-29 03:24:05 [window] SHOW
2026-09-29 03:24:05 [cefQuery] QUERY_OSC_SET_DISPLAY_RECTS
2026-09-29 03:24:05 [cefQuery] QUERY_OSC_SET_DISPLAY_RECTS
2026-09-29 03:24:05 [window] HIDE (page requested)
2026-09-29 03:24:05 [cefQuery] QUERY_OSC_SET_DISPLAY_RECTS
2026-09-29 03:24:05 [cefQuery] QUERY_FULLSCREEN_STATE
2026-09-29 03:24:05 [cefQuery] QUERY_OSC_SET_PAINTING
2026-09-29 03:24:05 [cefQuery] QUERY_WIN_OPEN_OSC
2026-09-29 03:24:05 [cefQuery] QUERY_OSC_SET_PAINTING
2026-09-29 03:24:05 [cefQuery] QUERY_OSC_SET_DISPLAY_RECTS
2026-09-29 03:24:05 [cefQuery] QUERY_WRITE_SHARED_STORAGE
2026-09-29 03:24:05 [cefQuery] QUERY_WIN_CLOSE_OSC
2026-09-29 03:24:05 [cefQuery] QUERY_OSC_SET_DISPLAY_RECTS
2026-09-29 03:24:05 [cefQuery] QUERY_OSC_SET_DISPLAY_RECTS
2026-09-29 03:24:05 [window] SHOW
2026-09-29 03:24:05 [cefQuery] QUERY_OSC_SET_DISPLAY_RECTS
2026-09-29 03:24:05 [window] HIDE (+close event fired)
2026-09-29 03:24:05 [cefQuery] QUERY_OSC_SET_DISPLAY_RECTS
2026-09-29 03:24:05 [page:Error] 2026-09-29 03:24:05.306  ERROR  main.common/telemetryService- "Attempted to end a performance measurement 'CLOSE_OSC' without starting it!"
2026-09-29 03:24:05 [cefQuery] QUERY_OSC_SET_PAINTING
2026-09-29 03:24:05 [cefQuery] QUERY_FULLSCREEN_STATE
2026-09-29 03:24:05 [cefQuery] QUERY_OSC_SET_PAINTING
2026-09-29 03:24:05 [cefQuery] QUERY_OSC_SET_DISPLAY_RECTS
2026-09-29 03:24:05 [cefQuery] QUERY_WRITE_SHARED_STORAGE
2026-09-29 03:24:05 [cefQuery] QUERY_OSC_SET_DISPLAY_RECTS
2026-09-29 03:24:05 [cefQuery] QUERY_WIN_CLOSE_OSC
2026-09-29 03:24:05 [cefQuery] QUERY_OSC_SET_DISPLAY_RECTS
2026-09-29 03:24:05 [cefQuery] QUERY_OSC_SET_DISPLAY_RECTS
2026-09-29 03:24:05 [cefQuery] QUERY_OSC_SET_DISPLAY_RECTS
2026-09-29 03:24:05 [cefQuery] QUERY_OSC_SET_DISPLAY_RECTS
2026-09-29 03:24:05 [cefQuery] QUERY_OSC_SET_DISPLAY_RECTS
2026-09-29 03:24:05 [cefQuery] QUERY_OSC_SET_DISPLAY_RECTS
2026-09-29 03:24:05 [window] SHOW
2026-09-29 03:24:05 [window] HIDE (+close event fired)
2026-09-29 03:24:05 [cefQuery] QUERY_FULLSCREEN_STATE
2026-09-29 03:24:05 [cefQuery] QUERY_OSC_SET_PAINTING
2026-09-29 03:24:05 [cefQuery] QUERY_WIN_OPEN_OSC
2026-09-29 03:24:05 [cefQuery] QUERY_OSC_SET_PAINTING
2026-09-29 03:24:05 [cefQuery] QUERY_OSC_SET_DISPLAY_RECTS
2026-09-29 03:24:05 [cefQuery] QUERY_WRITE_SHARED_STORAGE
2026-09-29 03:24:05 [cefQuery] QUERY_OSC_SET_DISPLAY_RECTS
2026-09-29 03:24:05 [cefQuery] QUERY_WIN_CLOSE_OSC
2026-09-29 03:24:05 [cefQuery] QUERY_OSC_SET_DISPLAY_RECTS
2026-09-29 03:24:05 [window] SHOW
2026-09-29 03:24:05 [cefQuery] QUERY_OSC_SET_DISPLAY_RECTS
2026-09-29 03:24:05 [window] HIDE (page requested)
2026-09-29 03:24:05 [cefQuery] QUERY_OSC_SET_DISPLAY_RECTS
2026-09-29 03:24:05 [cefQuery] QUERY_OSC_SET_DISPLAY_RECTS
2026-09-29 03:24:05 [cefQuery] QUERY_FULLSCREEN_STATE
2026-09-29 03:24:05 [cefQuery] QUERY_OSC_SET_DISPLAY_RECTS
2026-09-29 03:24:05 [cefQuery] QUERY_OSC_SET_PAINTING
2026-09-29 03:24:05 [window] SHOW
2026-09-29 03:24:05 [cefQuery] QUERY_OSC_SET_DISPLAY_RECTS
2026-09-29 03:24:05 [cefQuery] QUERY_OSC_SET_DISPLAY_RECTS
2026-09-29 03:24:05 [cefQuery] QUERY_WIN_CLOSE_OSC
2026-09-29 03:24:05 [window] HIDE (+close event fired)
2026-09-29 03:24:05 [cefQuery] QUERY_OSC_SET_DISPLAY_RECTS
2026-09-29 03:24:05 [cefQuery] QUERY_OSC_SET_DISPLAY_RECTS
2026-09-29 03:24:05 [cefQuery] QUERY_OSC_SET_DISPLAY_RECTS
2026-09-29 03:24:05 [cefQuery] QUERY_OSC_SET_PAINTING
2026-09-29 03:24:05 [cefQuery] QUERY_OSC_SET_PAINTING
2026-09-29 03:24:05 [window] SHOW
2026-09-29 03:24:05 [cefQuery] QUERY_OSC_SET_DISPLAY_RECTS
2026-09-29 03:24:05 [cefQuery] QUERY_WRITE_SHARED_STORAGE
2026-09-29 03:24:05 [cefQuery] QUERY_OSC_SET_DISPLAY_RECTS
2026-09-29 03:24:05 [cefQuery] QUERY_WIN_CLOSE_OSC
2026-09-29 03:24:05 [window] HIDE (+close event fired)
2026-09-29 03:24:05 [cefQuery] QUERY_OSC_SET_DISPLAY_RECTS
2026-09-29 03:24:05 [cefQuery] QUERY_OSC_SET_PAINTING
2026-09-29 03:24:05 [cefQuery] QUERY_WRITE_SHARED_STORAGE
2026-09-29 03:24:05 [cefQuery] QUERY_OSC_SET_DISPLAY_RECTS
2026-09-29 03:24:06 [cefQuery] QUERY_OSC_SET_DISPLAY_RECTS
2026-09-29 03:24:06 [cefQuery] QUERY_OSC_SET_DISPLAY_RECTS
2026-09-29 03:24:06 [window] SHOW
2026-09-29 03:24:06 [window] HIDE (+close event fired)
2026-09-29 03:24:06 [cefQuery] QUERY_OSC_SET_DISPLAY_RECTS
2026-09-29 03:24:06 [cefQuery] QUERY_OSC_SET_DISPLAY_RECTS
2026-09-29 03:24:06 [cefQuery] QUERY_OSC_SET_DISPLAY_RECTS
2026-09-29 03:24:06 [cefQuery] QUERY_OSC_SET_DISPLAY_RECTS
2026-09-29 03:24:06 [cefQuery] QUERY_OSC_SET_DISPLAY_RECTS
2026-09-29 03:24:06 [cefQuery] QUERY_FULLSCREEN_STATE
2026-09-29 03:24:06 [cefQuery] QUERY_OSC_SET_PAINTING
2026-09-29 03:24:06 [window] SHOW
2026-09-29 03:24:06 [window] HIDE (+close event fired)
2026-09-29 03:24:06 [cefQuery] QUERY_OSC_SET_DISPLAY_RECTS
2026-09-29 03:24:06 [cefQuery] QUERY_WRITE_SHARED_STORAGE
2026-09-29 03:24:06 [cefQuery] QUERY_WIN_CLOSE_OSC
2026-09-29 03:24:06 [cefQuery] QUERY_OSC_SET_DISPLAY_RECTS
2026-09-29 03:24:06 [cefQuery] QUERY_OSC_SET_DISPLAY_RECTS
2026-09-29 03:24:06 [cefQuery] QUERY_OSC_SET_DISPLAY_RECTS
2026-09-29 03:24:06 [cefQuery] QUERY_OSC_SET_DISPLAY_RECTS
2026-09-29 03:24:06 [window] SHOW
2026-09-29 03:24:06 [cefQuery] QUERY_OSC_SET_DISPLAY_RECTS
2026-09-29 03:24:06 [window] HIDE (+close event fired)
2026-09-29 03:24:06 [cefQuery] QUERY_FULLSCREEN_STATE
2026-09-29 03:24:06 [cefQuery] QUERY_OSC_SET_PAINTING
2026-09-29 03:24:06 [cefQuery] QUERY_WIN_OPEN_OSC
2026-09-29 03:24:06 [cefQuery] QUERY_OSC_SET_PAINTING
2026-09-29 03:24:06 [cefQuery] QUERY_OSC_SET_DISPLAY_RECTS
2026-09-29 03:24:06 [cefQuery] QUERY_OSC_SET_DISPLAY_RECTS
2026-09-29 03:24:06 [cefQuery] QUERY_WIN_CLOSE_OSC
2026-09-29 03:24:06 [cefQuery] QUERY_OSC_SET_DISPLAY_RECTS
2026-09-29 03:24:06 [cefQuery] QUERY_OSC_SET_DISPLAY_RECTS
2026-09-29 03:24:06 [cefQuery] QUERY_OSC_SET_DISPLAY_RECTS
2026-09-29 03:24:06 [window] SHOW
2026-09-29 03:24:06 [cefQuery] QUERY_FULLSCREEN_STATE
2026-09-29 03:24:06 [cefQuery] QUERY_OSC_SET_PAINTING
2026-09-29 03:24:06 [cefQuery] QUERY_WIN_OPEN_OSC
2026-09-29 03:24:06 [window] HIDE (page requested)
2026-09-29 03:24:06 [cefQuery] QUERY_OSC_SET_PAINTING
2026-09-29 03:24:06 [cefQuery] QUERY_OSC_SET_DISPLAY_RECTS
2026-09-29 03:24:06 [cefQuery] QUERY_WRITE_SHARED_STORAGE
2026-09-29 03:24:06 [cefQuery] QUERY_OSC_SET_DISPLAY_RECTS
2026-09-29 03:24:06 [cefQuery] QUERY_WIN_CLOSE_OSC
2026-09-29 03:24:06 [cefQuery] QUERY_OSC_SET_DISPLAY_RECTS
2026-09-29 03:24:06 [cefQuery] QUERY_OSC_SET_DISPLAY_RECTS
2026-09-29 03:24:06 [cefQuery] QUERY_OSC_SET_DISPLAY_RECTS
2026-09-29 03:24:06 [cefQuery] QUERY_OSC_SET_DISPLAY_RECTS
2026-09-29 03:24:06 [cefQuery] QUERY_OSC_SET_DISPLAY_RECTS
2026-09-29 03:24:06 [cefQuery] QUERY_OSC_SET_DISPLAY_RECTS
2026-09-29 03:24:06 [window] SHOW
2026-09-29 03:24:06 [cefQuery] QUERY_OSC_SET_PAINTING
2026-09-29 03:24:06 [cefQuery] QUERY_WIN_OPEN_OSC
2026-09-29 03:24:06 [window] HIDE (+close event fired)
2026-09-29 03:24:06 [cefQuery] QUERY_OSC_SET_DISPLAY_RECTS
2026-09-29 03:24:06 [cefQuery] QUERY_OSC_SET_DISPLAY_RECTS
2026-09-29 03:24:06 [cefQuery] QUERY_WRITE_SHARED_STORAGE
2026-09-29 03:24:06 [cefQuery] QUERY_OSC_SET_DISPLAY_RECTS
2026-09-29 03:24:06 [cefQuery] QUERY_OSC_SET_DISPLAY_RECTS
2026-09-29 03:24:06 [cefQuery] QUERY_OSC_SET_DISPLAY_RECTS
2026-09-29 03:24:06 [cefQuery] QUERY_OSC_SET_DISPLAY_RECTS
2026-09-29 03:24:06 [window] SHOW
2026-09-29 03:24:06 [window] HIDE (+close event fired)
2026-09-29 03:24:06 [window] HIDE (page requested)
2026-09-29 03:24:06 [cefQuery] QUERY_FULLSCREEN_STATE
2026-09-29 03:24:06 [cefQuery] QUERY_OSC_SET_PAINTING
2026-09-29 03:24:06 [cefQuery] QUERY_OSC_SET_PAINTING
2026-09-29 03:24:06 [cefQuery] QUERY_OSC_SET_DISPLAY_RECTS
2026-09-29 03:24:06 [cefQuery] QUERY_WIN_CLOSE_OSC
2026-09-29 03:24:06 [cefQuery] QUERY_WRITE_SHARED_STORAGE
2026-09-29 03:24:06 [cefQuery] QUERY_WIN_OPEN_OSC
2026-09-29 03:24:07 [cefQuery] QUERY_OSC_SET_DISPLAY_RECTS
2026-09-29 03:24:07 [cefQuery] QUERY_OSC_SET_DISPLAY_RECTS
2026-09-29 03:24:07 [cefQuery] QUERY_FULLSCREEN_STATE
2026-09-29 03:24:07 [cefQuery] QUERY_WIN_OPEN_OSC
2026-09-29 03:24:07 [cefQuery] QUERY_OSC_SET_PAINTING
2026-09-29 03:24:07 [window] SHOW
2026-09-29 03:24:07 [window] HIDE (+close event fired)
2026-09-29 03:24:07 [cefQuery] QUERY_OSC_SET_DISPLAY_RECTS
2026-09-29 03:24:07 [cefQuery] QUERY_OSC_SET_DISPLAY_RECTS
2026-09-29 03:24:07 [cefQuery] QUERY_OSC_SET_DISPLAY_RECTS
2026-09-29 03:24:07 [cefQuery] QUERY_OSC_SET_DISPLAY_RECTS
2026-09-29 03:24:07 [cefQuery] QUERY_OSC_SET_DISPLAY_RECTS
2026-09-29 03:24:07 [cefQuery] QUERY_OSC_SET_DISPLAY_RECTS
2026-09-29 03:24:07 [cefQuery] QUERY_OSC_SET_DISPLAY_RECTS
2026-09-29 03:24:07 [window] SHOW
2026-09-29 03:24:07 [cefQuery] QUERY_WIN_OPEN_OSC
2026-09-29 03:24:07 [cefQuery] QUERY_OSC_SET_PAINTING
2026-09-29 03:24:07 [window] HIDE (page requested)
2026-09-29 03:24:07 [cefQuery] QUERY_OSC_SET_PAINTING
2026-09-29 03:24:07 [cefQuery] QUERY_OSC_SET_DISPLAY_RECTS
2026-09-29 03:24:07 [cefQuery] QUERY_WRITE_SHARED_STORAGE
2026-09-29 03:24:07 [cefQuery] QUERY_OSC_SET_DISPLAY_RECTS
2026-09-29 03:24:07 [cefQuery] QUERY_OSC_SET_DISPLAY_RECTS
2026-09-29 03:24:07 [cefQuery] QUERY_OSC_SET_DISPLAY_RECTS
2026-09-29 03:24:07 [cefQuery] QUERY_OSC_SET_DISPLAY_RECTS
2026-09-29 03:24:07 [window] SHOW
2026-09-29 03:24:07 [window] HIDE (+close event fired)
2026-09-29 03:24:07 [cefQuery] QUERY_FULLSCREEN_STATE
2026-09-29 03:24:07 [cefQuery] QUERY_OSC_SET_DISPLAY_RECTS
2026-09-29 03:24:07 [cefQuery] QUERY_WRITE_SHARED_STORAGE
2026-09-29 03:24:07 [cefQuery] QUERY_OSC_SET_DISPLAY_RECTS
2026-09-29 03:24:07 [cefQuery] QUERY_OSC_SET_DISPLAY_RECTS
2026-09-29 03:24:07 [cefQuery] QUERY_OSC_SET_DISPLAY_RECTS
2026-09-29 03:24:07 [cefQuery] QUERY_OSC_SET_DISPLAY_RECTS
2026-09-29 03:24:07 [window] SHOW
2026-09-29 03:24:07 [cefQuery] QUERY_FULLSCREEN_STATE
2026-09-29 03:24:07 [cefQuery] QUERY_WIN_OPEN_OSC
2026-09-29 03:24:07 [cefQuery] QUERY_OSC_SET_PAINTING
2026-09-29 03:24:07 [cefQuery] QUERY_OSC_SET_PAINTING
2026-09-29 03:24:07 [window] HIDE (+close event fired)
2026-09-29 03:24:07 [cefQuery] QUERY_OSC_SET_DISPLAY_RECTS
2026-09-29 03:24:07 [cefQuery] QUERY_WRITE_SHARED_STORAGE
2026-09-29 03:24:07 [cefQuery] QUERY_WIN_CLOSE_OSC
2026-09-29 03:24:07 [cefQuery] QUERY_OSC_SET_DISPLAY_RECTS
2026-09-29 03:24:07 [cefQuery] QUERY_FULLSCREEN_STATE
2026-09-29 03:24:07 [cefQuery] QUERY_OSC_SET_PAINTING
2026-09-29 03:24:07 [cefQuery] QUERY_OSC_SET_PAINTING
2026-09-29 03:24:07 [cefQuery] QUERY_WIN_OPEN_OSC
2026-09-29 03:24:07 [cefQuery] QUERY_OSC_SET_DISPLAY_RECTS
2026-09-29 03:24:07 [cefQuery] QUERY_WRITE_SHARED_STORAGE
2026-09-29 03:24:07 [cefQuery] QUERY_OSC_SET_DISPLAY_RECTS
2026-09-29 03:24:07 [cefQuery] QUERY_WIN_CLOSE_OSC
2026-09-29 03:24:07 [window] SHOW
2026-09-29 03:24:07 [cefQuery] QUERY_OSC_SET_DISPLAY_RECTS
2026-09-29 03:24:07 [window] HIDE (page requested)
2026-09-29 03:24:07 [cefQuery] QUERY_OSC_SET_DISPLAY_RECTS
2026-09-29 03:24:07 [cefQuery] QUERY_OSC_SET_DISPLAY_RECTS
2026-09-29 03:24:07 [cefQuery] QUERY_OSC_SET_DISPLAY_RECTS
2026-09-29 03:24:07 [page:Error] 2026-09-29 03:24:07.859  ERROR  main.common/telemetryService- "Attempted to end a performance measurement 'CLOSE_OSC' without starting it!"
2026-09-29 03:24:07 [cefQuery] QUERY_OSC_SET_DISPLAY_RECTS
2026-09-29 03:24:07 [cefQuery] QUERY_OSC_SET_DISPLAY_RECTS
2026-09-29 03:24:07 [cefQuery] QUERY_OSC_SET_DISPLAY_RECTS
2026-09-29 03:24:07 [cefQuery] QUERY_OSC_SET_DISPLAY_RECTS
2026-09-29 03:24:07 [window] SHOW
2026-09-29 03:24:07 [window] HIDE (+close event fired)
2026-09-29 03:24:07 [cefQuery] QUERY_FULLSCREEN_STATE
2026-09-29 03:24:07 [page:Error] 2026-09-29 03:24:07.936  ERROR  osc/displayService- "getAppInFocus: error" {
  "data": null,
  "status": -1,
  "config": {
    "method": "GET",
    "transformRequest": [
      null
    ],
    "transformResponse": [
      null,
      null
    ],
    "headers": {
      "X_LOCAL_SECURITY_COOKIE": "",
      "Accept": "application/json, text/plain, */*"
    },
    "url": "http://localhost:59001/ShadowPlay/v.1.0/Capture/ProcessInfo/4294967295",
    "params": {},
    "retriesRemaining": 0,
    "timeout": {}
  },
  "statusText": ""
}
2026-09-29 03:24:07 [cefQuery] QUERY_OSC_SET_PAINTING
2026-09-29 03:24:07 [page:Error] 2026-09-29 03:24:07.949  ERROR  osc/displayService- "getAppInFocus: error" {
  "data": null,
  "status": -1,
  "config": {
    "method": "GET",
    "transformRequest": [
      null
    ],
    "transformResponse": [
      null,
      null
    ],
    "headers": {
      "X_LOCAL_SECURITY_COOKIE": "",
      "Accept": "application/json, text/plain, */*"
    },
    "url": "http://localhost:59001/ShadowPlay/v.1.0/Capture/ProcessInfo/4294967295",
    "params": {},
    "retriesRemaining": 0,
    "timeout": {}
  },
  "statusText": ""
}
2026-09-29 03:24:07 [cefQuery] QUERY_FULLSCREEN_STATE
2026-09-29 03:24:07 [cefQuery] QUERY_OSC_SET_PAINTING
2026-09-29 03:24:07 [cefQuery] QUERY_WIN_OPEN_OSC
2026-09-29 03:24:07 [cefQuery] QUERY_OSC_SET_PAINTING
2026-09-29 03:24:07 [cefQuery] QUERY_OSC_SET_PAINTING
2026-09-29 03:24:07 [cefQuery] QUERY_OSC_SET_PAINTING
2026-09-29 03:24:07 [page:Error] 2026-09-29 03:24:07.964  ERROR  osc/displayService- "getAppInFocus: error" {
  "data": null,
  "status": -1,
  "config": {
    "method": "GET",
    "transformRequest": [
      null
    ],
    "transformResponse": [
      null,
      null
    ],
    "headers": {
      "X_LOCAL_SECURITY_COOKIE": "",
      "Accept": "application/json, text/plain, */*"
    },
    "url": "http://localhost:59001/ShadowPlay/v.1.0/Capture/ProcessInfo/4294967295",
    "params": {},
    "retriesRemaining": 0,
    "timeout": {}
  },
  "statusText": ""
}
2026-09-29 03:24:07 [cefQuery] QUERY_FULLSCREEN_STATE
2026-09-29 03:24:07 [cefQuery] QUERY_OSC_SET_PAINTING
2026-09-29 03:24:07 [cefQuery] QUERY_OSC_SET_PAINTING
2026-09-29 03:24:07 [cefQuery] QUERY_OSC_SET_DISPLAY_RECTS
2026-09-29 03:24:07 [cefQuery] QUERY_WRITE_SHARED_STORAGE
2026-09-29 03:24:07 [cefQuery] QUERY_OSC_SET_DISPLAY_RECTS
2026-09-29 03:24:07 [window] SHOW
2026-09-29 03:24:07 [cefQuery] QUERY_WIN_CLOSE_OSC
2026-09-29 03:24:08 [window] HIDE (+close event fired)
2026-09-29 03:24:08 [cefQuery] QUERY_FULLSCREEN_STATE
2026-09-29 03:24:08 [cefQuery] QUERY_WIN_OPEN_OSC
2026-09-29 03:24:08 [cefQuery] QUERY_OSC_SET_PAINTING
2026-09-29 03:24:08 [cefQuery] QUERY_OSC_SET_DISPLAY_RECTS
2026-09-29 03:24:08 [cefQuery] QUERY_WRITE_SHARED_STORAGE
2026-09-29 03:24:08 [cefQuery] QUERY_OSC_SET_DISPLAY_RECTS
2026-09-29 03:24:08 [cefQuery] QUERY_WIN_CLOSE_OSC
2026-09-29 03:24:08 [window] SHOW
2026-09-29 03:24:08 [cefQuery] QUERY_OSC_SET_DISPLAY_RECTS
2026-09-29 03:24:08 [cefQuery] QUERY_OSC_SET_DISPLAY_RECTS
2026-09-29 03:24:08 [window] HIDE (page requested)
2026-09-29 03:24:08 [page:Error] 2026-09-29 03:24:08.238  ERROR  osc/shadowplayService- "ERROR, Coplay Enabled request failed: " {
  "data": null,
  "status": -1,
  "config": {
    "method": "GET",
    "transformRequest": [
      null
    ],
    "transformResponse": [
      null,
      null
    ],
    "headers": {
      "X_LOCAL_SECURITY_COOKIE": "",
      "Accept": "application/json, text/plain, */*"
    },
    "url": "http://localhost:59001/ShadowPlay/v.1.0/CoPlay/Enable",
    "params": {},
    "retriesRemaining": 0,
    "timeout": {}
  },
  "statusText": ""
}
2026-09-29 03:24:08 [page:Error] 2026-09-29 03:24:08.241  ERROR  osc/shadowplayService- "ERROR, Coplay Enabled request failed: " {
  "data": null,
  "status": -1,
  "config": {
    "method": "GET",
    "transformRequest": [
      null
    ],
    "transformResponse": [
      null,
      null
    ],
    "headers": {
      "X_LOCAL_SECURITY_COOKIE": "",
      "Accept": "application/json, text/plain, */*"
    },
    "url": "http://localhost:59001/ShadowPlay/v.1.0/CoPlay/Enable",
    "params": {},
    "retriesRemaining": 0,
    "timeout": {}
  },
  "statusText": ""
}
2026-09-29 03:24:08 [page:Error] 2026-09-29 03:24:08.244  ERROR  osc/shadowplayService- "ERROR, Coplay Enabled request failed: " {
  "data": null,
  "status": -1,
  "config": {
    "method": "GET",
    "transformRequest": [
      null
    ],
    "transformResponse": [
      null,
      null
    ],
    "headers": {
      "X_LOCAL_SECURITY_COOKIE": "",
      "Accept": "application/json, text/plain, */*"
    },
    "url": "http://localhost:59001/ShadowPlay/v.1.0/CoPlay/Enable",
    "params": {},
    "retriesRemaining": 0,
    "timeout": {}
  },
  "statusText": ""
}
2026-09-29 03:24:08 [page:Error] 2026-09-29 03:24:08.245  ERROR  osc/shadowplayService- "ERROR, Coplay Enabled request failed: " {
  "data": null,
  "status": -1,
  "config": {
    "method": "GET",
    "transformRequest": [
      null
    ],
    "transformResponse": [
      null,
      null
    ],
    "headers": {
      "X_LOCAL_SECURITY_COOKIE": "",
      "Accept": "application/json, text/plain, */*"
    },
    "url": "http://localhost:59001/ShadowPlay/v.1.0/CoPlay/Enable",
    "params": {},
    "retriesRemaining": 0,
    "timeout": {}
  },
  "statusText": ""
}
2026-09-29 03:24:08 [page:Error] 2026-09-29 03:24:08.245  ERROR  osc/shadowplayService- "ERROR, Coplay Enabled request failed: " {
  "data": null,
  "status": -1,
  "config": {
    "method": "GET",
    "transformRequest": [
      null
    ],
    "transformResponse": [
      null,
      null
    ],
    "headers": {
      "X_LOCAL_SECURITY_COOKIE": "",
      "Accept": "application/json, text/plain, */*"
    },
    "url": "http://localhost:59001/ShadowPlay/v.1.0/CoPlay/Enable",
    "params": {},
    "retriesRemaining": 0,
    "timeout": {}
  },
  "statusText": ""
}
2026-09-29 03:24:08 [page:Error] 2026-09-29 03:24:08.246  ERROR  osc/shadowplayService- "ERROR, Coplay Enabled request failed: " {
  "data": null,
  "status": -1,
  "config": {
    "method": "GET",
    "transformRequest": [
      null
    ],
    "transformResponse": [
      null,
      null
    ],
    "headers": {
      "X_LOCAL_SECURITY_COOKIE": "",
      "Accept": "application/json, text/plain, */*"
    },
    "url": "http://localhost:59001/ShadowPlay/v.1.0/CoPlay/Enable",
    "params": {},
    "retriesRemaining": 0,
    "timeout": {}
  },
  "statusText": ""
}
2026-09-29 03:24:08 [page:Error] 2026-09-29 03:24:08.246  ERROR  osc/shadowplayService- "ERROR, Coplay Enabled request failed: " {
  "data": null,
  "status": -1,
  "config": {
    "method": "GET",
    "transformRequest": [
      null
    ],
    "transformResponse": [
      null,
      null
    ],
    "headers": {
      "X_LOCAL_SECURITY_COOKIE": "",
      "Accept": "application/json, text/plain, */*"
    },
    "url": "http://localhost:59001/ShadowPlay/v.1.0/CoPlay/Enable",
    "params": {},
    "retriesRemaining": 0,
    "timeout": {}
  },
  "statusText": ""
}
2026-09-29 03:24:08 [page:Error] 2026-09-29 03:24:08.247  ERROR  osc/shadowplayService- "ERROR, Coplay Enabled request failed: " {
  "data": null,
  "status": -1,
  "config": {
    "method": "GET",
    "transformRequest": [
      null
    ],
    "transformResponse": [
      null,
      null
    ],
    "headers": {
      "X_LOCAL_SECURITY_COOKIE": "",
      "Accept": "application/json, text/plain, */*"
    },
    "url": "http://localhost:59001/ShadowPlay/v.1.0/CoPlay/Enable",
    "params": {},
    "retriesRemaining": 0,
    "timeout": {}
  },
  "statusText": ""
}
2026-09-29 03:24:08 [page:Error] 2026-09-29 03:24:08.247  ERROR  osc/shadowplayService- "ERROR, Coplay Enabled request failed: " {
  "data": null,
  "status": -1,
  "config": {
    "method": "GET",
    "transformRequest": [
      null
    ],
    "transformResponse": [
      null,
      null
    ],
    "headers": {
      "X_LOCAL_SECURITY_COOKIE": "",
      "Accept": "application/json, text/plain, */*"
    },
    "url": "http://localhost:59001/ShadowPlay/v.1.0/CoPlay/Enable",
    "params": {},
    "retriesRemaining": 0,
    "timeout": {}
  },
  "statusText": ""
}
2026-09-29 03:24:08 [page:Error] 2026-09-29 03:24:08.248  ERROR  osc/shadowplayService- "ERROR, Coplay Enabled request failed: " {
  "data": null,
  "status": -1,
  "config": {
    "method": "GET",
    "transformRequest": [
      null
    ],
    "transformResponse": [
      null,
      null
    ],
    "headers": {
      "X_LOCAL_SECURITY_COOKIE": "",
      "Accept": "application/json, text/plain, */*"
    },
    "url": "http://localhost:59001/ShadowPlay/v.1.0/CoPlay/Enable",
    "params": {},
    "retriesRemaining": 0,
    "timeout": {}
  },
  "statusText": ""
}
2026-09-29 03:24:08 [page:Error] 2026-09-29 03:24:08.248  ERROR  osc/shadowplayService- "ERROR, Coplay Enabled request failed: " {
  "data": null,
  "status": -1,
  "config": {
    "method": "GET",
    "transformRequest": [
      null
    ],
    "transformResponse": [
      null,
      null
    ],
    "headers": {
      "X_LOCAL_SECURITY_COOKIE": "",
      "Accept": "application/json, text/plain, */*"
    },
    "url": "http://localhost:59001/ShadowPlay/v.1.0/CoPlay/Enable",
    "params": {},
    "retriesRemaining": 0,
    "timeout": {}
  },
  "statusText": ""
}
2026-09-29 03:24:08 [page:Error] 2026-09-29 03:24:08.270  ERROR  osc/shadowplayService- "ERROR, Coplay Enabled request failed: " {
  "data": null,
  "status": -1,
  "config": {
    "method": "GET",
    "transformRequest": [
      null
    ],
    "transformResponse": [
      null,
      null
    ],
    "headers": {
      "X_LOCAL_SECURITY_COOKIE": "",
      "Accept": "application/json, text/plain, */*"
    },
    "url": "http://localhost:59001/ShadowPlay/v.1.0/CoPlay/Enable",
    "params": {},
    "retriesRemaining": 0,
    "timeout": {}
  },
  "statusText": ""
}
2026-09-29 03:24:08 [page:Error] 2026-09-29 03:24:08.271  ERROR  osc/shadowplayService- "ERROR, Coplay Enabled request failed: " {
  "data": null,
  "status": -1,
  "config": {
    "method": "GET",
    "transformRequest": [
      null
    ],
    "transformResponse": [
      null,
      null
    ],
    "headers": {
      "X_LOCAL_SECURITY_COOKIE": "",
      "Accept": "application/json, text/plain, */*"
    },
    "url": "http://localhost:59001/ShadowPlay/v.1.0/CoPlay/Enable",
    "params": {},
    "retriesRemaining": 0,
    "timeout": {}
  },
  "statusText": ""
}
2026-09-29 03:24:08 [page:Error] 2026-09-29 03:24:08.271  ERROR  osc/shadowplayService- "ERROR, Coplay Enabled request failed: " {
  "data": null,
  "status": -1,
  "config": {
    "method": "GET",
    "transformRequest": [
      null
    ],
    "transformResponse": [
      null,
      null
    ],
    "headers": {
      "X_LOCAL_SECURITY_COOKIE": "",
      "Accept": "application/json, text/plain, */*"
    },
    "url": "http://localhost:59001/ShadowPlay/v.1.0/CoPlay/Enable",
    "params": {},
    "retriesRemaining": 0,
    "timeout": {}
  },
  "statusText": ""
}
2026-09-29 03:24:08 [page:Error] 2026-09-29 03:24:08.271  ERROR  osc/shadowplayService- "ERROR, Coplay Enabled request failed: " {
  "data": null,
  "status": -1,
  "config": {
    "method": "GET",
    "transformRequest": [
      null
    ],
    "transformResponse": [
      null,
      null
    ],
    "headers": {
      "X_LOCAL_SECURITY_COOKIE": "",
      "Accept": "application/json, text/plain, */*"
    },
    "url": "http://localhost:59001/ShadowPlay/v.1.0/CoPlay/Enable",
    "params": {},
    "retriesRemaining": 0,
    "timeout": {}
  },
  "statusText": ""
}
2026-09-29 03:24:08 [page:Error] 2026-09-29 03:24:08.276  ERROR  osc/shadowplayService- "ERROR, Coplay Enabled request failed: " {
  "data": null,
  "status": -1,
  "config": {
    "method": "GET",
    "transformRequest": [
      null
    ],
    "transformResponse": [
      null,
      null
    ],
    "headers": {
      "X_LOCAL_SECURITY_COOKIE": "",
      "Accept": "application/json, text/plain, */*"
    },
    "url": "http://localhost:59001/ShadowPlay/v.1.0/CoPlay/Enable",
    "params": {},
    "retriesRemaining": 0,
    "timeout": {}
  },
  "statusText": ""
}
2026-09-29 03:24:08 [page:Error] 2026-09-29 03:24:08.279  ERROR  osc/shadowplayService- "ERROR, Screenshot support request failed: " {
  "data": null,
  "status": -1,
  "config": {
    "method": "GET",
    "transformRequest": [
      null
    ],
    "transformResponse": [
      null,
      null
    ],
    "headers": {
      "X_LOCAL_SECURITY_COOKIE": "",
      "Accept": "application/json, text/plain, */*"
    },
    "url": "http://localhost:59001/ShadowPlay/v.1.0/Screenshot/Support",
    "params": {},
    "retriesRemaining": 0,
    "timeout": {}
  },
  "statusText": ""
}
2026-09-29 03:24:08 [cefQuery] QUERY_OSC_SET_DISPLAY_RECTS
2026-09-29 03:24:08 [cefQuery] QUERY_OSC_SET_DISPLAY_RECTS
2026-09-29 03:24:08 [cefQuery] QUERY_OSC_SET_DISPLAY_RECTS
2026-09-29 03:24:08 [cefQuery] QUERY_WIN_OPEN_OSC
2026-09-29 03:24:08 [cefQuery] QUERY_FULLSCREEN_STATE
2026-09-29 03:24:08 [window] SHOW
2026-09-29 03:24:08 [cefQuery] QUERY_OSC_SET_PAINTING
2026-09-29 03:24:08 [window] HIDE (page requested)
2026-09-29 03:24:08 [page:Error] 2026-09-29 03:24:08.402  ERROR  osc/shadowplayService- "ERROR, Coplay Enabled request failed: " {
  "data": null,
  "status": -1,
  "config": {
    "method": "GET",
    "transformRequest": [
      null
    ],
    "transformResponse": [
      null,
      null
    ],
    "headers": {
      "X_LOCAL_SECURITY_COOKIE": "",
      "Accept": "application/json, text/plain, */*"
    },
    "url": "http://localhost:59001/ShadowPlay/v.1.0/CoPlay/Enable",
    "params": {},
    "retriesRemaining": 0,
    "timeout": {}
  },
  "statusText": ""
}
2026-09-29 03:24:08 [page:Error] 2026-09-29 03:24:08.403  ERROR  osc/shadowplayService- "ERROR, Coplay Enabled request failed: " {
  "data": null,
  "status": -1,
  "config": {
    "method": "GET",
    "transformRequest": [
      null
    ],
    "transformResponse": [
      null,
      null
    ],
    "headers": {
      "X_LOCAL_SECURITY_COOKIE": "",
      "Accept": "application/json, text/plain, */*"
    },
    "url": "http://localhost:59001/ShadowPlay/v.1.0/CoPlay/Enable",
    "params": {},
    "retriesRemaining": 0,
    "timeout": {}
  },
  "statusText": ""
}
2026-09-29 03:24:08 [page:Error] 2026-09-29 03:24:08.404  ERROR  osc/shadowplayService- "ERROR, Coplay Enabled request failed: " {
  "data": null,
  "status": -1,
  "config": {
    "method": "GET",
    "transformRequest": [
      null
    ],
    "transformResponse": [
      null,
      null
    ],
    "headers": {
      "X_LOCAL_SECURITY_COOKIE": "",
      "Accept": "application/json, text/plain, */*"
    },
    "url": "http://localhost:59001/ShadowPlay/v.1.0/CoPlay/Enable",
    "params": {},
    "retriesRemaining": 0,
    "timeout": {}
  },
  "statusText": ""
}
2026-09-29 03:24:08 [page:Error] 2026-09-29 03:24:08.404  ERROR  osc/shadowplayService- "ERROR, Coplay Enabled request failed: " {
  "data": null,
  "status": -1,
  "config": {
    "method": "GET",
    "transformRequest": [
      null
    ],
    "transformResponse": [
      null,
      null
    ],
    "headers": {
      "X_LOCAL_SECURITY_COOKIE": "",
      "Accept": "application/json, text/plain, */*"
    },
    "url": "http://localhost:59001/ShadowPlay/v.1.0/CoPlay/Enable",
    "params": {},
    "retriesRemaining": 0,
    "timeout": {}
  },
  "statusText": ""
}
2026-09-29 03:24:08 [page:Error] 2026-09-29 03:24:08.405  ERROR  osc/shadowplayService- "ERROR, Coplay Enabled request failed: " {
  "data": null,
  "status": -1,
  "config": {
    "method": "GET",
    "transformRequest": [
      null
    ],
    "transformResponse": [
      null,
      null
    ],
    "headers": {
      "X_LOCAL_SECURITY_COOKIE": "",
      "Accept": "application/json, text/plain, */*"
    },
    "url": "http://localhost:59001/ShadowPlay/v.1.0/CoPlay/Enable",
    "params": {},
    "retriesRemaining": 0,
    "timeout": {}
  },
  "statusText": ""
}
2026-09-29 03:24:08 [page:Error] 2026-09-29 03:24:08.405  ERROR  osc/shadowplayService- "ERROR, Coplay Enabled request failed: " {
  "data": null,
  "status": -1,
  "config": {
    "method": "GET",
    "transformRequest": [
      null
    ],
    "transformResponse": [
      null,
      null
    ],
    "headers": {
      "X_LOCAL_SECURITY_COOKIE": "",
      "Accept": "application/json, text/plain, */*"
    },
    "url": "http://localhost:59001/ShadowPlay/v.1.0/CoPlay/Enable",
    "params": {},
    "retriesRemaining": 0,
    "timeout": {}
  },
  "statusText": ""
}
2026-09-29 03:24:08 [page:Error] 2026-09-29 03:24:08.406  ERROR  osc/shadowplayService- "ERROR, Coplay Enabled request failed: " {
  "data": null,
  "status": -1,
  "config": {
    "method": "GET",
    "transformRequest": [
      null
    ],
    "transformResponse": [
      null,
      null
    ],
    "headers": {
      "X_LOCAL_SECURITY_COOKIE": "",
      "Accept": "application/json, text/plain, */*"
    },
    "url": "http://localhost:59001/ShadowPlay/v.1.0/CoPlay/Enable",
    "params": {},
    "retriesRemaining": 0,
    "timeout": {}
  },
  "statusText": ""
}
2026-09-29 03:24:08 [page:Error] 2026-09-29 03:24:08.406  ERROR  osc/shadowplayService- "ERROR, Coplay Enabled request failed: " {
  "data": null,
  "status": -1,
  "config": {
    "method": "GET",
    "transformRequest": [
      null
    ],
    "transformResponse": [
      null,
      null
    ],
    "headers": {
      "X_LOCAL_SECURITY_COOKIE": "",
      "Accept": "application/json, text/plain, */*"
    },
    "url": "http://localhost:59001/ShadowPlay/v.1.0/CoPlay/Enable",
    "params": {},
    "retriesRemaining": 0,
    "timeout": {}
  },
  "statusText": ""
}
2026-09-29 03:24:08 [page:Error] 2026-09-29 03:24:08.407  ERROR  osc/shadowplayService- "ERROR, Coplay Enabled request failed: " {
  "data": null,
  "status": -1,
  "config": {
    "method": "GET",
    "transformRequest": [
      null
    ],
    "transformResponse": [
      null,
      null
    ],
    "headers": {
      "X_LOCAL_SECURITY_COOKIE": "",
      "Accept": "application/json, text/plain, */*"
    },
    "url": "http://localhost:59001/ShadowPlay/v.1.0/CoPlay/Enable",
    "params": {},
    "retriesRemaining": 0,
    "timeout": {}
  },
  "statusText": ""
}
2026-09-29 03:24:08 [page:Error] 2026-09-29 03:24:08.407  ERROR  osc/shadowplayService- "ERROR, Coplay Enabled request failed: " {
  "data": null,
  "status": -1,
  "config": {
    "method": "GET",
    "transformRequest": [
      null
    ],
    "transformResponse": [
      null,
      null
    ],
    "headers": {
      "X_LOCAL_SECURITY_COOKIE": "",
      "Accept": "application/json, text/plain, */*"
    },
    "url": "http://localhost:59001/ShadowPlay/v.1.0/CoPlay/Enable",
    "params": {},
    "retriesRemaining": 0,
    "timeout": {}
  },
  "statusText": ""
}
2026-09-29 03:24:08 [page:Error] 2026-09-29 03:24:08.407  ERROR  osc/shadowplayService- "ERROR, Coplay Enabled request failed: " {
  "data": null,
  "status": -1,
  "config": {
    "method": "GET",
    "transformRequest": [
      null
    ],
    "transformResponse": [
      null,
      null
    ],
    "headers": {
      "X_LOCAL_SECURITY_COOKIE": "",
      "Accept": "application/json, text/plain, */*"
    },
    "url": "http://localhost:59001/ShadowPlay/v.1.0/CoPlay/Enable",
    "params": {},
    "retriesRemaining": 0,
    "timeout": {}
  },
  "statusText": ""
}
2026-09-29 03:24:08 [page:Error] 2026-09-29 03:24:08.407  ERROR  osc/shadowplayService- "ERROR, Coplay Enabled request failed: " {
  "data": null,
  "status": -1,
  "config": {
    "method": "GET",
    "transformRequest": [
      null
    ],
    "transformResponse": [
      null,
      null
    ],
    "headers": {
      "X_LOCAL_SECURITY_COOKIE": "",
      "Accept": "application/json, text/plain, */*"
    },
    "url": "http://localhost:59001/ShadowPlay/v.1.0/CoPlay/Enable",
    "params": {},
    "retriesRemaining": 0,
    "timeout": {}
  },
  "statusText": ""
}
2026-09-29 03:24:08 [page:Error] 2026-09-29 03:24:08.408  ERROR  osc/shadowplayService- "ERROR, Coplay Enabled request failed: " {
  "data": null,
  "status": -1,
  "config": {
    "method": "GET",
    "transformRequest": [
      null
    ],
    "transformResponse": [
      null,
      null
    ],
    "headers": {
      "X_LOCAL_SECURITY_COOKIE": "",
      "Accept": "application/json, text/plain, */*"
    },
    "url": "http://localhost:59001/ShadowPlay/v.1.0/CoPlay/Enable",
    "params": {},
    "retriesRemaining": 0,
    "timeout": {}
  },
  "statusText": ""
}
2026-09-29 03:24:08 [page:Error] 2026-09-29 03:24:08.408  ERROR  osc/shadowplayService- "ERROR, Coplay Enabled request failed: " {
  "data": null,
  "status": -1,
  "config": {
    "method": "GET",
    "transformRequest": [
      null
    ],
    "transformResponse": [
      null,
      null
    ],
    "headers": {
      "X_LOCAL_SECURITY_COOKIE": "",
      "Accept": "application/json, text/plain, */*"
    },
    "url": "http://localhost:59001/ShadowPlay/v.1.0/CoPlay/Enable",
    "params": {},
    "retriesRemaining": 0,
    "timeout": {}
  },
  "statusText": ""
}
2026-09-29 03:24:08 [page:Error] 2026-09-29 03:24:08.408  ERROR  osc/shadowplayService- "ERROR, Coplay Enabled request failed: " {
  "data": null,
  "status": -1,
  "config": {
    "method": "GET",
    "transformRequest": [
      null
    ],
    "transformResponse": [
      null,
      null
    ],
    "headers": {
      "X_LOCAL_SECURITY_COOKIE": "",
      "Accept": "application/json, text/plain, */*"
    },
    "url": "http://localhost:59001/ShadowPlay/v.1.0/CoPlay/Enable",
    "params": {},
    "retriesRemaining": 0,
    "timeout": {}
  },
  "statusText": ""
}
2026-09-29 03:24:08 [page:Error] 2026-09-29 03:24:08.408  ERROR  osc/shadowplayService- "ERROR, Coplay Enabled request failed: " {
  "data": null,
  "status": -1,
  "config": {
    "method": "GET",
    "transformRequest": [
      null
    ],
    "transformResponse": [
      null,
      null
    ],
    "headers": {
      "X_LOCAL_SECURITY_COOKIE": "",
      "Accept": "application/json, text/plain, */*"
    },
    "url": "http://localhost:59001/ShadowPlay/v.1.0/CoPlay/Enable",
    "params": {},
    "retriesRemaining": 0,
    "timeout": {}
  },
  "statusText": ""
}
2026-09-29 03:24:08 [page:Error] 2026-09-29 03:24:08.409  ERROR  osc/shadowplayService- "ERROR, Coplay Enabled request failed: " {
  "data": null,
  "status": -1,
  "config": {
    "method": "GET",
    "transformRequest": [
      null
    ],
    "transformResponse": [
      null,
      null
    ],
    "headers": {
      "X_LOCAL_SECURITY_COOKIE": "",
      "Accept": "application/json, text/plain, */*"
    },
    "url": "http://localhost:59001/ShadowPlay/v.1.0/CoPlay/Enable",
    "params": {},
    "retriesRemaining": 0,
    "timeout": {}
  },
  "statusText": ""
}
2026-09-29 03:24:08 [page:Error] 2026-09-29 03:24:08.409  ERROR  osc/shadowplayService- "ERROR, Coplay Enabled request failed: " {
  "data": null,
  "status": -1,
  "config": {
    "method": "GET",
    "transformRequest": [
      null
    ],
    "transformResponse": [
      null,
      null
    ],
    "headers": {
      "X_LOCAL_SECURITY_COOKIE": "",
      "Accept": "application/json, text/plain, */*"
    },
    "url": "http://localhost:59001/ShadowPlay/v.1.0/CoPlay/Enable",
    "params": {},
    "retriesRemaining": 0,
    "timeout": {}
  },
  "statusText": ""
}
2026-09-29 03:24:08 [page:Error] 2026-09-29 03:24:08.409  ERROR  osc/shadowplayService- "ERROR, Coplay Enabled request failed: " {
  "data": null,
  "status": -1,
  "config": {
    "method": "GET",
    "transformRequest": [
      null
    ],
    "transformResponse": [
      null,
      null
    ],
    "headers": {
      "X_LOCAL_SECURITY_COOKIE": "",
      "Accept": "application/json, text/plain, */*"
    },
    "url": "http://localhost:59001/ShadowPlay/v.1.0/CoPlay/Enable",
    "params": {},
    "retriesRemaining": 0,
    "timeout": {}
  },
  "statusText": ""
}
2026-09-29 03:24:08 [page:Error] 2026-09-29 03:24:08.409  ERROR  osc/shadowplayService- "ERROR, Coplay Enabled request failed: " {
  "data": null,
  "status": -1,
  "config": {
    "method": "GET",
    "transformRequest": [
      null
    ],
    "transformResponse": [
      null,
      null
    ],
    "headers": {
      "X_LOCAL_SECURITY_COOKIE": "",
      "Accept": "application/json, text/plain, */*"
    },
    "url": "http://localhost:59001/ShadowPlay/v.1.0/CoPlay/Enable",
    "params": {},
    "retriesRemaining": 0,
    "timeout": {}
  },
  "statusText": ""
}
2026-09-29 03:24:08 [page:Error] 2026-09-29 03:24:08.410  ERROR  osc/shadowplayService- "ERROR, Coplay Enabled request failed: " {
  "data": null,
  "status": -1,
  "config": {
    "method": "GET",
    "transformRequest": [
      null
    ],
    "transformResponse": [
      null,
      null
    ],
    "headers": {
      "X_LOCAL_SECURITY_COOKIE": "",
      "Accept": "application/json, text/plain, */*"
    },
    "url": "http://localhost:59001/ShadowPlay/v.1.0/CoPlay/Enable",
    "params": {},
    "retriesRemaining": 0,
    "timeout": {}
  },
  "statusText": ""
}
2026-09-29 03:24:08 [page:Error] 2026-09-29 03:24:08.410  ERROR  osc/shadowplayService- "ERROR, Coplay Enabled request failed: " {
  "data": null,
  "status": -1,
  "config": {
    "method": "GET",
    "transformRequest": [
      null
    ],
    "transformResponse": [
      null,
      null
    ],
    "headers": {
      "X_LOCAL_SECURITY_COOKIE": "",
      "Accept": "application/json, text/plain, */*"
    },
    "url": "http://localhost:59001/ShadowPlay/v.1.0/CoPlay/Enable",
    "params": {},
    "retriesRemaining": 0,
    "timeout": {}
  },
  "statusText": ""
}
2026-09-29 03:24:08 [page:Error] 2026-09-29 03:24:08.410  ERROR  osc/shadowplayService- "ERROR, Coplay Enabled request failed: " {
  "data": null,
  "status": -1,
  "config": {
    "method": "GET",
    "transformRequest": [
      null
    ],
    "transformResponse": [
      null,
      null
    ],
    "headers": {
      "X_LOCAL_SECURITY_COOKIE": "",
      "Accept": "application/json, text/plain, */*"
    },
    "url": "http://localhost:59001/ShadowPlay/v.1.0/CoPlay/Enable",
    "params": {},
    "retriesRemaining": 0,
    "timeout": {}
  },
  "statusText": ""
}
2026-09-29 03:24:08 [page:Error] 2026-09-29 03:24:08.410  ERROR  osc/shadowplayService- "ERROR, Coplay Enabled request failed: " {
  "data": null,
  "status": -1,
  "config": {
    "method": "GET",
    "transformRequest": [
      null
    ],
    "transformResponse": [
      null,
      null
    ],
    "headers": {
      "X_LOCAL_SECURITY_COOKIE": "",
      "Accept": "application/json, text/plain, */*"
    },
    "url": "http://localhost:59001/ShadowPlay/v.1.0/CoPlay/Enable",
    "params": {},
    "retriesRemaining": 0,
    "timeout": {}
  },
  "statusText": ""
}
2026-09-29 03:24:08 [page:Error] 2026-09-29 03:24:08.410  ERROR  osc/shadowplayService- "ERROR, Coplay Enabled request failed: " {
  "data": null,
  "status": -1,
  "config": {
    "method": "GET",
    "transformRequest": [
      null
    ],
    "transformResponse": [
      null,
      null
    ],
    "headers": {
      "X_LOCAL_SECURITY_COOKIE": "",
      "Accept": "application/json, text/plain, */*"
    },
    "url": "http://localhost:59001/ShadowPlay/v.1.0/CoPlay/Enable",
    "params": {},
    "retriesRemaining": 0,
    "timeout": {}
  },
  "statusText": ""
}
2026-09-29 03:24:08 [page:Error] 2026-09-29 03:24:08.411  ERROR  osc/shadowplayService- "ERROR, Coplay Enabled request failed: " {
  "data": null,
  "status": -1,
  "config": {
    "method": "GET",
    "transformRequest": [
      null
    ],
    "transformResponse": [
      null,
      null
    ],
    "headers": {
      "X_LOCAL_SECURITY_COOKIE": "",
      "Accept": "application/json, text/plain, */*"
    },
    "url": "http://localhost:59001/ShadowPlay/v.1.0/CoPlay/Enable",
    "params": {},
    "retriesRemaining": 0,
    "timeout": {}
  },
  "statusText": ""
}
2026-09-29 03:24:08 [page:Error] 2026-09-29 03:24:08.411  ERROR  osc/shadowplayService- "ERROR, Coplay Enabled request failed: " {
  "data": null,
  "status": -1,
  "config": {
    "method": "GET",
    "transformRequest": [
      null
    ],
    "transformResponse": [
      null,
      null
    ],
    "headers": {
      "X_LOCAL_SECURITY_COOKIE": "",
      "Accept": "application/json, text/plain, */*"
    },
    "url": "http://localhost:59001/ShadowPlay/v.1.0/CoPlay/Enable",
    "params": {},
    "retriesRemaining": 0,
    "timeout": {}
  },
  "statusText": ""
}
2026-09-29 03:24:08 [page:Error] 2026-09-29 03:24:08.411  ERROR  osc/shadowplayService- "ERROR, Coplay Enabled request failed: " {
  "data": null,
  "status": -1,
  "config": {
    "method": "GET",
    "transformRequest": [
      null
    ],
    "transformResponse": [
      null,
      null
    ],
    "headers": {
      "X_LOCAL_SECURITY_COOKIE": "",
      "Accept": "application/json, text/plain, */*"
    },
    "url": "http://localhost:59001/ShadowPlay/v.1.0/CoPlay/Enable",
    "params": {},
    "retriesRemaining": 0,
    "timeout": {}
  },
  "statusText": ""
}
2026-09-29 03:24:08 [page:Error] 2026-09-29 03:24:08.412  ERROR  osc/shadowplayService- "ERROR, Coplay Enabled request failed: " {
  "data": null,
  "status": -1,
  "config": {
    "method": "GET",
    "transformRequest": [
      null
    ],
    "transformResponse": [
      null,
      null
    ],
    "headers": {
      "X_LOCAL_SECURITY_COOKIE": "",
      "Accept": "application/json, text/plain, */*"
    },
    "url": "http://localhost:59001/ShadowPlay/v.1.0/CoPlay/Enable",
    "params": {},
    "retriesRemaining": 0,
    "timeout": {}
  },
  "statusText": ""
}
2026-09-29 03:24:08 [page:Error] 2026-09-29 03:24:08.412  ERROR  osc/shadowplayService- "ERROR, Coplay Enabled request failed: " {
  "data": null,
  "status": -1,
  "config": {
    "method": "GET",
    "transformRequest": [
      null
    ],
    "transformResponse": [
      null,
      null
    ],
    "headers": {
      "X_LOCAL_SECURITY_COOKIE": "",
      "Accept": "application/json, text/plain, */*"
    },
    "url": "http://localhost:59001/ShadowPlay/v.1.0/CoPlay/Enable",
    "params": {},
    "retriesRemaining": 0,
    "timeout": {}
  },
  "statusText": ""
}
2026-09-29 03:24:08 [page:Error] 2026-09-29 03:24:08.412  ERROR  osc/shadowplayService- "ERROR, Coplay Enabled request failed: " {
  "data": null,
  "status": -1,
  "config": {
    "method": "GET",
    "transformRequest": [
      null
    ],
    "transformResponse": [
      null,
      null
    ],
    "headers": {
      "X_LOCAL_SECURITY_COOKIE": "",
      "Accept": "application/json, text/plain, */*"
    },
    "url": "http://localhost:59001/ShadowPlay/v.1.0/CoPlay/Enable",
    "params": {},
    "retriesRemaining": 0,
    "timeout": {}
  },
  "statusText": ""
}
2026-09-29 03:24:08 [page:Error] 2026-09-29 03:24:08.412  ERROR  osc/shadowplayService- "ERROR, Coplay Enabled request failed: " {
  "data": null,
  "status": -1,
  "config": {
    "method": "GET",
    "transformRequest": [
      null
    ],
    "transformResponse": [
      null,
      null
    ],
    "headers": {
      "X_LOCAL_SECURITY_COOKIE": "",
      "Accept": "application/json, text/plain, */*"
    },
    "url": "http://localhost:59001/ShadowPlay/v.1.0/CoPlay/Enable",
    "params": {},
    "retriesRemaining": 0,
    "timeout": {}
  },
  "statusText": ""
}
2026-09-29 03:24:08 [page:Error] 2026-09-29 03:24:08.413  ERROR  osc/shadowplayService- "ERROR, Coplay Enabled request failed: " {
  "data": null,
  "status": -1,
  "config": {
    "method": "GET",
    "transformRequest": [
      null
    ],
    "transformResponse": [
      null,
      null
    ],
    "headers": {
      "X_LOCAL_SECURITY_COOKIE": "",
      "Accept": "application/json, text/plain, */*"
    },
    "url": "http://localhost:59001/ShadowPlay/v.1.0/CoPlay/Enable",
    "params": {},
    "retriesRemaining": 0,
    "timeout": {}
  },
  "statusText": ""
}
2026-09-29 03:24:08 [page:Error] 2026-09-29 03:24:08.414  ERROR  osc/shadowplayService- "ERROR, Coplay Enabled request failed: " {
  "data": null,
  "status": -1,
  "config": {
    "method": "GET",
    "transformRequest": [
      null
    ],
    "transformResponse": [
      null,
      null
    ],
    "headers": {
      "X_LOCAL_SECURITY_COOKIE": "",
      "Accept": "application/json, text/plain, */*"
    },
    "url": "http://localhost:59001/ShadowPlay/v.1.0/CoPlay/Enable",
    "params": {},
    "retriesRemaining": 0,
    "timeout": {}
  },
  "statusText": ""
}
2026-09-29 03:24:08 [page:Error] 2026-09-29 03:24:08.443  ERROR  osc/shadowplayService- "ERROR, Screenshot support request failed: " {
  "data": null,
  "status": -1,
  "config": {
    "method": "GET",
    "transformRequest": [
      null
    ],
    "transformResponse": [
      null,
      null
    ],
    "headers": {
      "X_LOCAL_SECURITY_COOKIE": "",
      "Accept": "application/json, text/plain, */*"
    },
    "url": "http://localhost:59001/ShadowPlay/v.1.0/Screenshot/Support",
    "params": {},
    "retriesRemaining": 0,
    "timeout": {}
  },
  "statusText": ""
}
2026-09-29 03:24:08 [page:Error] 2026-09-29 03:24:08.445  ERROR  osc/shadowplayService- "ERROR, Screenshot support request failed: " {
  "data": null,
  "status": -1,
  "config": {
    "method": "GET",
    "transformRequest": [
      null
    ],
    "transformResponse": [
      null,
      null
    ],
    "headers": {
      "X_LOCAL_SECURITY_COOKIE": "",
      "Accept": "application/json, text/plain, */*"
    },
    "url": "http://localhost:59001/ShadowPlay/v.1.0/Screenshot/Support",
    "params": {},
    "retriesRemaining": 0,
    "timeout": {}
  },
  "statusText": ""
}
2026-09-29 03:24:08 [page:Error] 2026-09-29 03:24:08.448  ERROR  osc/shadowplayService- "ERROR, Screenshot support request failed: " {
  "data": null,
  "status": -1,
  "config": {
    "method": "GET",
    "transformRequest": [
      null
    ],
    "transformResponse": [
      null,
      null
    ],
    "headers": {
      "X_LOCAL_SECURITY_COOKIE": "",
      "Accept": "application/json, text/plain, */*"
    },
    "url": "http://localhost:59001/ShadowPlay/v.1.0/Screenshot/Support",
    "params": {},
    "retriesRemaining": 0,
    "timeout": {}
  },
  "statusText": ""
}
2026-09-29 03:24:08 [page:Error] 2026-09-29 03:24:08.448  ERROR  osc/displayService- "getAppInFocus: error" {
  "data": null,
  "status": -1,
  "config": {
    "method": "GET",
    "transformRequest": [
      null
    ],
    "transformResponse": [
      null,
      null
    ],
    "headers": {
      "X_LOCAL_SECURITY_COOKIE": "",
      "Accept": "application/json, text/plain, */*"
    },
    "url": "http://localhost:59001/ShadowPlay/v.1.0/Capture/ProcessInfo/4294967295",
    "params": {},
    "retriesRemaining": 0,
    "timeout": {}
  },
  "statusText": ""
}
2026-09-29 03:24:08 [page:Error] 2026-09-29 03:24:08.461  ERROR  osc/displayService- "getAppInFocus: error" {
  "data": null,
  "status": -1,
  "config": {
    "method": "GET",
    "transformRequest": [
      null
    ],
    "transformResponse": [
      null,
      null
    ],
    "headers": {
      "X_LOCAL_SECURITY_COOKIE": "",
      "Accept": "application/json, text/plain, */*"
    },
    "url": "http://localhost:59001/ShadowPlay/v.1.0/Capture/ProcessInfo/4294967295",
    "params": {},
    "retriesRemaining": 0,
    "timeout": {}
  },
  "statusText": ""
}
2026-09-29 03:24:08 [page:Error] 2026-09-29 03:24:08.470  ERROR  osc/displayService- "getAppInFocus: error" {
  "data": null,
  "status": -1,
  "config": {
    "method": "GET",
    "transformRequest": [
      null
    ],
    "transformResponse": [
      null,
      null
    ],
    "headers": {
      "X_LOCAL_SECURITY_COOKIE": "",
      "Accept": "application/json, text/plain, */*"
    },
    "url": "http://localhost:59001/ShadowPlay/v.1.0/Capture/ProcessInfo/4294967295",
    "params": {},
    "retriesRemaining": 0,
    "timeout": {}
  },
  "statusText": ""
}
2026-09-29 03:24:08 [cefQuery] QUERY_WIN_CLOSE_OSC
2026-09-29 03:24:08 [cefQuery] QUERY_OSC_SET_DISPLAY_RECTS
2026-09-29 03:24:08 [cefQuery] QUERY_WRITE_SHARED_STORAGE
2026-09-29 03:24:08 [cefQuery] QUERY_OSC_SET_DISPLAY_RECTS
2026-09-29 03:24:08 [cefQuery] QUERY_OSC_SET_DISPLAY_RECTS
2026-09-29 03:24:08 [cefQuery] QUERY_FULLSCREEN_STATE
2026-09-29 03:24:08 [cefQuery] QUERY_OSC_SET_DISPLAY_RECTS
2026-09-29 03:24:08 [cefQuery] QUERY_OSC_SET_PAINTING
2026-09-29 03:24:08 [cefQuery] QUERY_OSC_SET_PAINTING
2026-09-29 03:24:08 [cefQuery] QUERY_FULLSCREEN_STATE
2026-09-29 03:24:08 [cefQuery] QUERY_OSC_SET_PAINTING
2026-09-29 03:24:08 [window] SHOW
2026-09-29 03:24:08 [page:Error] 2026-09-29 03:24:08.496  ERROR  osc/shadowplayService- "ERROR, Screenshot support request failed: " {
  "data": null,
  "status": -1,
  "config": {
    "method": "GET",
    "transformRequest": [
      null
    ],
    "transformResponse": [
      null,
      null
    ],
    "headers": {
      "X_LOCAL_SECURITY_COOKIE": "",
      "Accept": "application/json, text/plain, */*"
    },
    "url": "http://localhost:59001/ShadowPlay/v.1.0/Screenshot/Support",
    "params": {},
    "retriesRemaining": 0,
    "timeout": {}
  },
  "statusText": ""
}
2026-09-29 03:24:08 [window] HIDE (+close event fired)
2026-09-29 03:24:08 [cefQuery] QUERY_FULLSCREEN_STATE
2026-09-29 03:24:08 [cefQuery] QUERY_OSC_SET_PAINTING
2026-09-29 03:24:08 [cefQuery] QUERY_OSC_SET_PAINTING
2026-09-29 03:24:08 [window] HIDE (+close event fired)
2026-09-29 03:24:08 [cefQuery] QUERY_OSC_SET_DISPLAY_RECTS
2026-09-29 03:24:08 [cefQuery] QUERY_WRITE_SHARED_STORAGE
2026-09-29 03:24:08 [cefQuery] QUERY_OSC_SET_DISPLAY_RECTS
2026-09-29 03:24:08 [cefQuery] QUERY_OSC_SET_DISPLAY_RECTS
2026-09-29 03:24:08 [cefQuery] QUERY_WIN_CLOSE_OSC
2026-09-29 03:24:08 [cefQuery] QUERY_OSC_SET_DISPLAY_RECTS
2026-09-29 03:24:08 [window] SHOW
2026-09-29 03:24:08 [page:Error] 2026-09-29 03:24:08.791  ERROR  osc/shadowplayService- "ERROR, Coplay Enabled request failed: " {
  "data": null,
  "status": -1,
  "config": {
    "method": "GET",
    "transformRequest": [
      null
    ],
    "transformResponse": [
      null,
      null
    ],
    "headers": {
      "X_LOCAL_SECURITY_COOKIE": "",
      "Accept": "application/json, text/plain, */*"
    },
    "url": "http://localhost:59001/ShadowPlay/v.1.0/CoPlay/Enable",
    "params": {},
    "retriesRemaining": 0,
    "timeout": {}
  },
  "statusText": ""
}
2026-09-29 03:24:08 [page:Error] 2026-09-29 03:24:08.792  ERROR  osc/shadowplayService- "ERROR, Coplay Enabled request failed: " {
  "data": null,
  "status": -1,
  "config": {
    "method": "GET",
    "transformRequest": [
      null
    ],
    "transformResponse": [
      null,
      null
    ],
    "headers": {
      "X_LOCAL_SECURITY_COOKIE": "",
      "Accept": "application/json, text/plain, */*"
    },
    "url": "http://localhost:59001/ShadowPlay/v.1.0/CoPlay/Enable",
    "params": {},
    "retriesRemaining": 0,
    "timeout": {}
  },
  "statusText": ""
}
2026-09-29 03:24:08 [page:Error] 2026-09-29 03:24:08.792  ERROR  osc/shadowplayService- "ERROR, Coplay Enabled request failed: " {
  "data": null,
  "status": -1,
  "config": {
    "method": "GET",
    "transformRequest": [
      null
    ],
    "transformResponse": [
      null,
      null
    ],
    "headers": {
      "X_LOCAL_SECURITY_COOKIE": "",
      "Accept": "application/json, text/plain, */*"
    },
    "url": "http://localhost:59001/ShadowPlay/v.1.0/CoPlay/Enable",
    "params": {},
    "retriesRemaining": 0,
    "timeout": {}
  },
  "statusText": ""
}
2026-09-29 03:24:08 [page:Error] 2026-09-29 03:24:08.793  ERROR  osc/shadowplayService- "ERROR, Coplay Enabled request failed: " {
  "data": null,
  "status": -1,
  "config": {
    "method": "GET",
    "transformRequest": [
      null
    ],
    "transformResponse": [
      null,
      null
    ],
    "headers": {
      "X_LOCAL_SECURITY_COOKIE": "",
      "Accept": "application/json, text/plain, */*"
    },
    "url": "http://localhost:59001/ShadowPlay/v.1.0/CoPlay/Enable",
    "params": {},
    "retriesRemaining": 0,
    "timeout": {}
  },
  "statusText": ""
}
2026-09-29 03:24:08 [page:Error] 2026-09-29 03:24:08.793  ERROR  osc/shadowplayService- "ERROR, Coplay Enabled request failed: " {
  "data": null,
  "status": -1,
  "config": {
    "method": "GET",
    "transformRequest": [
      null
    ],
    "transformResponse": [
      null,
      null
    ],
    "headers": {
      "X_LOCAL_SECURITY_COOKIE": "",
      "Accept": "application/json, text/plain, */*"
    },
    "url": "http://localhost:59001/ShadowPlay/v.1.0/CoPlay/Enable",
    "params": {},
    "retriesRemaining": 0,
    "timeout": {}
  },
  "statusText": ""
}
2026-09-29 03:24:08 [page:Error] 2026-09-29 03:24:08.793  ERROR  osc/shadowplayService- "ERROR, Coplay Enabled request failed: " {
  "data": null,
  "status": -1,
  "config": {
    "method": "GET",
    "transformRequest": [
      null
    ],
    "transformResponse": [
      null,
      null
    ],
    "headers": {
      "X_LOCAL_SECURITY_COOKIE": "",
      "Accept": "application/json, text/plain, */*"
    },
    "url": "http://localhost:59001/ShadowPlay/v.1.0/CoPlay/Enable",
    "params": {},
    "retriesRemaining": 0,
    "timeout": {}
  },
  "statusText": ""
}
2026-09-29 03:24:08 [page:Error] 2026-09-29 03:24:08.795  ERROR  osc/shadowplayService- "ERROR, Coplay Enabled request failed: " {
  "data": null,
  "status": -1,
  "config": {
    "method": "GET",
    "transformRequest": [
      null
    ],
    "transformResponse": [
      null,
      null
    ],
    "headers": {
      "X_LOCAL_SECURITY_COOKIE": "",
      "Accept": "application/json, text/plain, */*"
    },
    "url": "http://localhost:59001/ShadowPlay/v.1.0/CoPlay/Enable",
    "params": {},
    "retriesRemaining": 0,
    "timeout": {}
  },
  "statusText": ""
}
2026-09-29 03:24:08 [page:Error] 2026-09-29 03:24:08.796  ERROR  osc/shadowplayService- "ERROR, Coplay Enabled request failed: " {
  "data": null,
  "status": -1,
  "config": {
    "method": "GET",
    "transformRequest": [
      null
    ],
    "transformResponse": [
      null,
      null
    ],
    "headers": {
      "X_LOCAL_SECURITY_COOKIE": "",
      "Accept": "application/json, text/plain, */*"
    },
    "url": "http://localhost:59001/ShadowPlay/v.1.0/CoPlay/Enable",
    "params": {},
    "retriesRemaining": 0,
    "timeout": {}
  },
  "statusText": ""
}
2026-09-29 03:24:08 [page:Error] 2026-09-29 03:24:08.797  ERROR  osc/shadowplayService- "ERROR, Coplay Enabled request failed: " {
  "data": null,
  "status": -1,
  "config": {
    "method": "GET",
    "transformRequest": [
      null
    ],
    "transformResponse": [
      null,
      null
    ],
    "headers": {
      "X_LOCAL_SECURITY_COOKIE": "",
      "Accept": "application/json, text/plain, */*"
    },
    "url": "http://localhost:59001/ShadowPlay/v.1.0/CoPlay/Enable",
    "params": {},
    "retriesRemaining": 0,
    "timeout": {}
  },
  "statusText": ""
}
2026-09-29 03:24:08 [page:Error] 2026-09-29 03:24:08.797  ERROR  osc/shadowplayService- "ERROR, Coplay Enabled request failed: " {
  "data": null,
  "status": -1,
  "config": {
    "method": "GET",
    "transformRequest": [
      null
    ],
    "transformResponse": [
      null,
      null
    ],
    "headers": {
      "X_LOCAL_SECURITY_COOKIE": "",
      "Accept": "application/json, text/plain, */*"
    },
    "url": "http://localhost:59001/ShadowPlay/v.1.0/CoPlay/Enable",
    "params": {},
    "retriesRemaining": 0,
    "timeout": {}
  },
  "statusText": ""
}
2026-09-29 03:24:08 [page:Error] 2026-09-29 03:24:08.798  ERROR  osc/shadowplayService- "ERROR, Coplay Enabled request failed: " {
  "data": null,
  "status": -1,
  "config": {
    "method": "GET",
    "transformRequest": [
      null
    ],
    "transformResponse": [
      null,
      null
    ],
    "headers": {
      "X_LOCAL_SECURITY_COOKIE": "",
      "Accept": "application/json, text/plain, */*"
    },
    "url": "http://localhost:59001/ShadowPlay/v.1.0/CoPlay/Enable",
    "params": {},
    "retriesRemaining": 0,
    "timeout": {}
  },
  "statusText": ""
}
2026-09-29 03:24:08 [page:Error] 2026-09-29 03:24:08.799  ERROR  osc/shadowplayService- "ERROR, Coplay Enabled request failed: " {
  "data": null,
  "status": -1,
  "config": {
    "method": "GET",
    "transformRequest": [
      null
    ],
    "transformResponse": [
      null,
      null
    ],
    "headers": {
      "X_LOCAL_SECURITY_COOKIE": "",
      "Accept": "application/json, text/plain, */*"
    },
    "url": "http://localhost:59001/ShadowPlay/v.1.0/CoPlay/Enable",
    "params": {},
    "retriesRemaining": 0,
    "timeout": {}
  },
  "statusText": ""
}
2026-09-29 03:24:08 [page:Error] 2026-09-29 03:24:08.800  ERROR  osc/shadowplayService- "ERROR, Coplay Enabled request failed: " {
  "data": null,
  "status": -1,
  "config": {
    "method": "GET",
    "transformRequest": [
      null
    ],
    "transformResponse": [
      null,
      null
    ],
    "headers": {
      "X_LOCAL_SECURITY_COOKIE": "",
      "Accept": "application/json, text/plain, */*"
    },
    "url": "http://localhost:59001/ShadowPlay/v.1.0/CoPlay/Enable",
    "params": {},
    "retriesRemaining": 0,
    "timeout": {}
  },
  "statusText": ""
}
2026-09-29 03:24:08 [page:Error] 2026-09-29 03:24:08.801  ERROR  osc/shadowplayService- "ERROR, Coplay Enabled request failed: " {
  "data": null,
  "status": -1,
  "config": {
    "method": "GET",
    "transformRequest": [
      null
    ],
    "transformResponse": [
      null,
      null
    ],
    "headers": {
      "X_LOCAL_SECURITY_COOKIE": "",
      "Accept": "application/json, text/plain, */*"
    },
    "url": "http://localhost:59001/ShadowPlay/v.1.0/CoPlay/Enable",
    "params": {},
    "retriesRemaining": 0,
    "timeout": {}
  },
  "statusText": ""
}
2026-09-29 03:24:08 [page:Error] 2026-09-29 03:24:08.802  ERROR  osc/shadowplayService- "ERROR, Coplay Enabled request failed: " {
  "data": null,
  "status": -1,
  "config": {
    "method": "GET",
    "transformRequest": [
      null
    ],
    "transformResponse": [
      null,
      null
    ],
    "headers": {
      "X_LOCAL_SECURITY_COOKIE": "",
      "Accept": "application/json, text/plain, */*"
    },
    "url": "http://localhost:59001/ShadowPlay/v.1.0/CoPlay/Enable",
    "params": {},
    "retriesRemaining": 0,
    "timeout": {}
  },
  "statusText": ""
}
2026-09-29 03:24:08 [page:Error] 2026-09-29 03:24:08.803  ERROR  osc/shadowplayService- "ERROR, Coplay Enabled request failed: " {
  "data": null,
  "status": -1,
  "config": {
    "method": "GET",
    "transformRequest": [
      null
    ],
    "transformResponse": [
      null,
      null
    ],
    "headers": {
      "X_LOCAL_SECURITY_COOKIE": "",
      "Accept": "application/json, text/plain, */*"
    },
    "url": "http://localhost:59001/ShadowPlay/v.1.0/CoPlay/Enable",
    "params": {},
    "retriesRemaining": 0,
    "timeout": {}
  },
  "statusText": ""
}
2026-09-29 03:24:08 [page:Error] 2026-09-29 03:24:08.803  ERROR  osc/shadowplayService- "ERROR, Coplay Enabled request failed: " {
  "data": null,
  "status": -1,
  "config": {
    "method": "GET",
    "transformRequest": [
      null
    ],
    "transformResponse": [
      null,
      null
    ],
    "headers": {
      "X_LOCAL_SECURITY_COOKIE": "",
      "Accept": "application/json, text/plain, */*"
    },
    "url": "http://localhost:59001/ShadowPlay/v.1.0/CoPlay/Enable",
    "params": {},
    "retriesRemaining": 0,
    "timeout": {}
  },
  "statusText": ""
}
2026-09-29 03:24:08 [page:Error] 2026-09-29 03:24:08.804  ERROR  osc/shadowplayService- "ERROR, Coplay Enabled request failed: " {
  "data": null,
  "status": -1,
  "config": {
    "method": "GET",
    "transformRequest": [
      null
    ],
    "transformResponse": [
      null,
      null
    ],
    "headers": {
      "X_LOCAL_SECURITY_COOKIE": "",
      "Accept": "application/json, text/plain, */*"
    },
    "url": "http://localhost:59001/ShadowPlay/v.1.0/CoPlay/Enable",
    "params": {},
    "retriesRemaining": 0,
    "timeout": {}
  },
  "statusText": ""
}
2026-09-29 03:24:08 [page:Error] 2026-09-29 03:24:08.805  ERROR  osc/shadowplayService- "ERROR, Coplay Enabled request failed: " {
  "data": null,
  "status": -1,
  "config": {
    "method": "GET",
    "transformRequest": [
      null
    ],
    "transformResponse": [
      null,
      null
    ],
    "headers": {
      "X_LOCAL_SECURITY_COOKIE": "",
      "Accept": "application/json, text/plain, */*"
    },
    "url": "http://localhost:59001/ShadowPlay/v.1.0/CoPlay/Enable",
    "params": {},
    "retriesRemaining": 0,
    "timeout": {}
  },
  "statusText": ""
}
2026-09-29 03:24:08 [page:Error] 2026-09-29 03:24:08.806  ERROR  osc/shadowplayService- "ERROR, Coplay Enabled request failed: " {
  "data": null,
  "status": -1,
  "config": {
    "method": "GET",
    "transformRequest": [
      null
    ],
    "transformResponse": [
      null,
      null
    ],
    "headers": {
      "X_LOCAL_SECURITY_COOKIE": "",
      "Accept": "application/json, text/plain, */*"
    },
    "url": "http://localhost:59001/ShadowPlay/v.1.0/CoPlay/Enable",
    "params": {},
    "retriesRemaining": 0,
    "timeout": {}
  },
  "statusText": ""
}
2026-09-29 03:24:08 [page:Error] 2026-09-29 03:24:08.806  ERROR  osc/shadowplayService- "ERROR, Coplay Enabled request failed: " {
  "data": null,
  "status": -1,
  "config": {
    "method": "GET",
    "transformRequest": [
      null
    ],
    "transformResponse": [
      null,
      null
    ],
    "headers": {
      "X_LOCAL_SECURITY_COOKIE": "",
      "Accept": "application/json, text/plain, */*"
    },
    "url": "http://localhost:59001/ShadowPlay/v.1.0/CoPlay/Enable",
    "params": {},
    "retriesRemaining": 0,
    "timeout": {}
  },
  "statusText": ""
}
2026-09-29 03:24:08 [page:Error] 2026-09-29 03:24:08.828  ERROR  osc/shadowplayService- "ERROR, Coplay Enabled request failed: " {
  "data": null,
  "status": -1,
  "config": {
    "method": "GET",
    "transformRequest": [
      null
    ],
    "transformResponse": [
      null,
      null
    ],
    "headers": {
      "X_LOCAL_SECURITY_COOKIE": "",
      "Accept": "application/json, text/plain, */*"
    },
    "url": "http://localhost:59001/ShadowPlay/v.1.0/CoPlay/Enable",
    "params": {},
    "retriesRemaining": 0,
    "timeout": {}
  },
  "statusText": ""
}
2026-09-29 03:24:08 [page:Error] 2026-09-29 03:24:08.829  ERROR  osc/shadowplayService- "ERROR, Coplay Enabled request failed: " {
  "data": null,
  "status": -1,
  "config": {
    "method": "GET",
    "transformRequest": [
      null
    ],
    "transformResponse": [
      null,
      null
    ],
    "headers": {
      "X_LOCAL_SECURITY_COOKIE": "",
      "Accept": "application/json, text/plain, */*"
    },
    "url": "http://localhost:59001/ShadowPlay/v.1.0/CoPlay/Enable",
    "params": {},
    "retriesRemaining": 0,
    "timeout": {}
  },
  "statusText": ""
}
2026-09-29 03:24:08 [page:Error] 2026-09-29 03:24:08.829  ERROR  osc/shadowplayService- "ERROR, Coplay Enabled request failed: " {
  "data": null,
  "status": -1,
  "config": {
    "method": "GET",
    "transformRequest": [
      null
    ],
    "transformResponse": [
      null,
      null
    ],
    "headers": {
      "X_LOCAL_SECURITY_COOKIE": "",
      "Accept": "application/json, text/plain, */*"
    },
    "url": "http://localhost:59001/ShadowPlay/v.1.0/CoPlay/Enable",
    "params": {},
    "retriesRemaining": 0,
    "timeout": {}
  },
  "statusText": ""
}
2026-09-29 03:24:08 [page:Error] 2026-09-29 03:24:08.834  ERROR  osc/shadowplayService- "ERROR, Coplay Enabled request failed: " {
  "data": null,
  "status": -1,
  "config": {
    "method": "GET",
    "transformRequest": [
      null
    ],
    "transformResponse": [
      null,
      null
    ],
    "headers": {
      "X_LOCAL_SECURITY_COOKIE": "",
      "Accept": "application/json, text/plain, */*"
    },
    "url": "http://localhost:59001/ShadowPlay/v.1.0/CoPlay/Enable",
    "params": {},
    "retriesRemaining": 0,
    "timeout": {}
  },
  "statusText": ""
}
2026-09-29 03:24:08 [window] HIDE (page requested)
2026-09-29 03:24:08 [cefQuery] QUERY_OSC_SET_PAINTING
2026-09-29 03:24:08 [cefQuery] QUERY_FULLSCREEN_STATE
2026-09-29 03:24:08 [cefQuery] QUERY_WIN_OPEN_OSC
2026-09-29 03:24:08 [cefQuery] QUERY_OSC_SET_PAINTING
2026-09-29 03:24:08 [cefQuery] QUERY_OSC_SET_DISPLAY_RECTS
2026-09-29 03:24:08 [cefQuery] QUERY_WRITE_SHARED_STORAGE
2026-09-29 03:24:08 [cefQuery] QUERY_OSC_SET_DISPLAY_RECTS
2026-09-29 03:24:08 [cefQuery] QUERY_WIN_CLOSE_OSC
2026-09-29 03:24:08 [cefQuery] QUERY_OSC_SET_DISPLAY_RECTS
2026-09-29 03:24:08 [window] SHOW
2026-09-29 03:24:08 [cefQuery] QUERY_OSC_SET_DISPLAY_RECTS
2026-09-29 03:24:09 [window] HIDE (+close event fired)
2026-09-29 03:24:09 [cefQuery] QUERY_OSC_SET_DISPLAY_RECTS
2026-09-29 03:24:09 [cefQuery] QUERY_OSC_SET_DISPLAY_RECTS
2026-09-29 03:24:09 [cefQuery] QUERY_OSC_SET_DISPLAY_RECTS
2026-09-29 03:24:09 [cefQuery] QUERY_OSC_SET_DISPLAY_RECTS
2026-09-29 03:24:09 [cefQuery] QUERY_OSC_SET_DISPLAY_RECTS
2026-09-29 03:24:09 [cefQuery] QUERY_FULLSCREEN_STATE
2026-09-29 03:24:09 [cefQuery] QUERY_OSC_SET_PAINTING
2026-09-29 03:24:09 [cefQuery] QUERY_OSC_SET_PAINTING
2026-09-29 03:24:09 [cefQuery] QUERY_WRITE_SHARED_STORAGE
2026-09-29 03:24:09 [cefQuery] QUERY_OSC_SET_DISPLAY_RECTS
2026-09-29 03:24:09 [cefQuery] QUERY_OSC_SET_DISPLAY_RECTS
2026-09-29 03:24:09 [window] SHOW
2026-09-29 03:24:09 [window] HIDE (+close event fired)
2026-09-29 03:24:09 [page:Error] 2026-09-29 03:24:09.129  ERROR  osc/shadowplayService- "ERROR, Coplay Enabled request failed: " {
  "data": null,
  "status": -1,
  "config": {
    "method": "GET",
    "transformRequest": [
      null
    ],
    "transformResponse": [
      null,
      null
    ],
    "headers": {
      "X_LOCAL_SECURITY_COOKIE": "",
      "Accept": "application/json, text/plain, */*"
    },
    "url": "http://localhost:59001/ShadowPlay/v.1.0/CoPlay/Enable",
    "params": {},
    "retriesRemaining": 0,
    "timeout": {}
  },
  "statusText": ""
}
2026-09-29 03:24:09 [page:Error] 2026-09-29 03:24:09.132  ERROR  osc/shadowplayService- "ERROR, Coplay Enabled request failed: " {
  "data": null,
  "status": -1,
  "config": {
    "method": "GET",
    "transformRequest": [
      null
    ],
    "transformResponse": [
      null,
      null
    ],
    "headers": {
      "X_LOCAL_SECURITY_COOKIE": "",
      "Accept": "application/json, text/plain, */*"
    },
    "url": "http://localhost:59001/ShadowPlay/v.1.0/CoPlay/Enable",
    "params": {},
    "retriesRemaining": 0,
    "timeout": {}
  },
  "statusText": ""
}
2026-09-29 03:24:09 [page:Error] 2026-09-29 03:24:09.133  ERROR  osc/shadowplayService- "ERROR, Coplay Enabled request failed: " {
  "data": null,
  "status": -1,
  "config": {
    "method": "GET",
    "transformRequest": [
      null
    ],
    "transformResponse": [
      null,
      null
    ],
    "headers": {
      "X_LOCAL_SECURITY_COOKIE": "",
      "Accept": "application/json, text/plain, */*"
    },
    "url": "http://localhost:59001/ShadowPlay/v.1.0/CoPlay/Enable",
    "params": {},
    "retriesRemaining": 0,
    "timeout": {}
  },
  "statusText": ""
}
2026-09-29 03:24:09 [page:Error] 2026-09-29 03:24:09.134  ERROR  osc/shadowplayService- "ERROR, Coplay Enabled request failed: " {
  "data": null,
  "status": -1,
  "config": {
    "method": "GET",
    "transformRequest": [
      null
    ],
    "transformResponse": [
      null,
      null
    ],
    "headers": {
      "X_LOCAL_SECURITY_COOKIE": "",
      "Accept": "application/json, text/plain, */*"
    },
    "url": "http://localhost:59001/ShadowPlay/v.1.0/CoPlay/Enable",
    "params": {},
    "retriesRemaining": 0,
    "timeout": {}
  },
  "statusText": ""
}
2026-09-29 03:24:09 [page:Error] 2026-09-29 03:24:09.135  ERROR  osc/shadowplayService- "ERROR, Coplay Enabled request failed: " {
  "data": null,
  "status": -1,
  "config": {
    "method": "GET",
    "transformRequest": [
      null
    ],
    "transformResponse": [
      null,
      null
    ],
    "headers": {
      "X_LOCAL_SECURITY_COOKIE": "",
      "Accept": "application/json, text/plain, */*"
    },
    "url": "http://localhost:59001/ShadowPlay/v.1.0/CoPlay/Enable",
    "params": {},
    "retriesRemaining": 0,
    "timeout": {}
  },
  "statusText": ""
}
2026-09-29 03:24:09 [page:Error] 2026-09-29 03:24:09.136  ERROR  osc/shadowplayService- "ERROR, Coplay Enabled request failed: " {
  "data": null,
  "status": -1,
  "config": {
    "method": "GET",
    "transformRequest": [
      null
    ],
    "transformResponse": [
      null,
      null
    ],
    "headers": {
      "X_LOCAL_SECURITY_COOKIE": "",
      "Accept": "application/json, text/plain, */*"
    },
    "url": "http://localhost:59001/ShadowPlay/v.1.0/CoPlay/Enable",
    "params": {},
    "retriesRemaining": 0,
    "timeout": {}
  },
  "statusText": ""
}
2026-09-29 03:24:09 [page:Error] 2026-09-29 03:24:09.137  ERROR  osc/shadowplayService- "ERROR, Coplay Enabled request failed: " {
  "data": null,
  "status": -1,
  "config": {
    "method": "GET",
    "transformRequest": [
      null
    ],
    "transformResponse": [
      null,
      null
    ],
    "headers": {
      "X_LOCAL_SECURITY_COOKIE": "",
      "Accept": "application/json, text/plain, */*"
    },
    "url": "http://localhost:59001/ShadowPlay/v.1.0/CoPlay/Enable",
    "params": {},
    "retriesRemaining": 0,
    "timeout": {}
  },
  "statusText": ""
}
2026-09-29 03:24:09 [page:Error] 2026-09-29 03:24:09.137  ERROR  osc/shadowplayService- "ERROR, Coplay Enabled request failed: " {
  "data": null,
  "status": -1,
  "config": {
    "method": "GET",
    "transformRequest": [
      null
    ],
    "transformResponse": [
      null,
      null
    ],
    "headers": {
      "X_LOCAL_SECURITY_COOKIE": "",
      "Accept": "application/json, text/plain, */*"
    },
    "url": "http://localhost:59001/ShadowPlay/v.1.0/CoPlay/Enable",
    "params": {},
    "retriesRemaining": 0,
    "timeout": {}
  },
  "statusText": ""
}
2026-09-29 03:24:09 [page:Error] 2026-09-29 03:24:09.137  ERROR  osc/shadowplayService- "ERROR, Coplay Enabled request failed: " {
  "data": null,
  "status": -1,
  "config": {
    "method": "GET",
    "transformRequest": [
      null
    ],
    "transformResponse": [
      null,
      null
    ],
    "headers": {
      "X_LOCAL_SECURITY_COOKIE": "",
      "Accept": "application/json, text/plain, */*"
    },
    "url": "http://localhost:59001/ShadowPlay/v.1.0/CoPlay/Enable",
    "params": {},
    "retriesRemaining": 0,
    "timeout": {}
  },
  "statusText": ""
}
2026-09-29 03:24:09 [page:Error] 2026-09-29 03:24:09.139  ERROR  osc/shadowplayService- "ERROR, Coplay Enabled request failed: " {
  "data": null,
  "status": -1,
  "config": {
    "method": "GET",
    "transformRequest": [
      null
    ],
    "transformResponse": [
      null,
      null
    ],
    "headers": {
      "X_LOCAL_SECURITY_COOKIE": "",
      "Accept": "application/json, text/plain, */*"
    },
    "url": "http://localhost:59001/ShadowPlay/v.1.0/CoPlay/Enable",
    "params": {},
    "retriesRemaining": 0,
    "timeout": {}
  },
  "statusText": ""
}
2026-09-29 03:24:09 [page:Error] 2026-09-29 03:24:09.140  ERROR  osc/shadowplayService- "ERROR, Coplay Enabled request failed: " {
  "data": null,
  "status": -1,
  "config": {
    "method": "GET",
    "transformRequest": [
      null
    ],
    "transformResponse": [
      null,
      null
    ],
    "headers": {
      "X_LOCAL_SECURITY_COOKIE": "",
      "Accept": "application/json, text/plain, */*"
    },
    "url": "http://localhost:59001/ShadowPlay/v.1.0/CoPlay/Enable",
    "params": {},
    "retriesRemaining": 0,
    "timeout": {}
  },
  "statusText": ""
}
2026-09-29 03:24:09 [page:Error] 2026-09-29 03:24:09.142  ERROR  osc/shadowplayService- "ERROR, Coplay Enabled request failed: " {
  "data": null,
  "status": -1,
  "config": {
    "method": "GET",
    "transformRequest": [
      null
    ],
    "transformResponse": [
      null,
      null
    ],
    "headers": {
      "X_LOCAL_SECURITY_COOKIE": "",
      "Accept": "application/json, text/plain, */*"
    },
    "url": "http://localhost:59001/ShadowPlay/v.1.0/CoPlay/Enable",
    "params": {},
    "retriesRemaining": 0,
    "timeout": {}
  },
  "statusText": ""
}
2026-09-29 03:24:09 [page:Error] 2026-09-29 03:24:09.143  ERROR  osc/shadowplayService- "ERROR, Coplay Enabled request failed: " {
  "data": null,
  "status": -1,
  "config": {
    "method": "GET",
    "transformRequest": [
      null
    ],
    "transformResponse": [
      null,
      null
    ],
    "headers": {
      "X_LOCAL_SECURITY_COOKIE": "",
      "Accept": "application/json, text/plain, */*"
    },
    "url": "http://localhost:59001/ShadowPlay/v.1.0/CoPlay/Enable",
    "params": {},
    "retriesRemaining": 0,
    "timeout": {}
  },
  "statusText": ""
}
2026-09-29 03:24:09 [page:Error] 2026-09-29 03:24:09.144  ERROR  osc/shadowplayService- "ERROR, Coplay Enabled request failed: " {
  "data": null,
  "status": -1,
  "config": {
    "method": "GET",
    "transformRequest": [
      null
    ],
    "transformResponse": [
      null,
      null
    ],
    "headers": {
      "X_LOCAL_SECURITY_COOKIE": "",
      "Accept": "application/json, text/plain, */*"
    },
    "url": "http://localhost:59001/ShadowPlay/v.1.0/CoPlay/Enable",
    "params": {},
    "retriesRemaining": 0,
    "timeout": {}
  },
  "statusText": ""
}
2026-09-29 03:24:09 [page:Error] 2026-09-29 03:24:09.144  ERROR  osc/shadowplayService- "ERROR, Coplay Enabled request failed: " {
  "data": null,
  "status": -1,
  "config": {
    "method": "GET",
    "transformRequest": [
      null
    ],
    "transformResponse": [
      null,
      null
    ],
    "headers": {
      "X_LOCAL_SECURITY_COOKIE": "",
      "Accept": "application/json, text/plain, */*"
    },
    "url": "http://localhost:59001/ShadowPlay/v.1.0/CoPlay/Enable",
    "params": {},
    "retriesRemaining": 0,
    "timeout": {}
  },
  "statusText": ""
}
2026-09-29 03:24:09 [page:Error] 2026-09-29 03:24:09.144  ERROR  osc/shadowplayService- "ERROR, Coplay Enabled request failed: " {
  "data": null,
  "status": -1,
  "config": {
    "method": "GET",
    "transformRequest": [
      null
    ],
    "transformResponse": [
      null,
      null
    ],
    "headers": {
      "X_LOCAL_SECURITY_COOKIE": "",
      "Accept": "application/json, text/plain, */*"
    },
    "url": "http://localhost:59001/ShadowPlay/v.1.0/CoPlay/Enable",
    "params": {},
    "retriesRemaining": 0,
    "timeout": {}
  },
  "statusText": ""
}
2026-09-29 03:24:09 [page:Error] 2026-09-29 03:24:09.145  ERROR  osc/shadowplayService- "ERROR, Coplay Enabled request failed: " {
  "data": null,
  "status": -1,
  "config": {
    "method": "GET",
    "transformRequest": [
      null
    ],
    "transformResponse": [
      null,
      null
    ],
    "headers": {
      "X_LOCAL_SECURITY_COOKIE": "",
      "Accept": "application/json, text/plain, */*"
    },
    "url": "http://localhost:59001/ShadowPlay/v.1.0/CoPlay/Enable",
    "params": {},
    "retriesRemaining": 0,
    "timeout": {}
  },
  "statusText": ""
}
2026-09-29 03:24:09 [page:Error] 2026-09-29 03:24:09.145  ERROR  osc/shadowplayService- "ERROR, Coplay Enabled request failed: " {
  "data": null,
  "status": -1,
  "config": {
    "method": "GET",
    "transformRequest": [
      null
    ],
    "transformResponse": [
      null,
      null
    ],
    "headers": {
      "X_LOCAL_SECURITY_COOKIE": "",
      "Accept": "application/json, text/plain, */*"
    },
    "url": "http://localhost:59001/ShadowPlay/v.1.0/CoPlay/Enable",
    "params": {},
    "retriesRemaining": 0,
    "timeout": {}
  },
  "statusText": ""
}
2026-09-29 03:24:09 [page:Error] 2026-09-29 03:24:09.155  ERROR  osc/shadowplayService- "ERROR, Coplay Enabled request failed: " {
  "data": null,
  "status": -1,
  "config": {
    "method": "GET",
    "transformRequest": [
      null
    ],
    "transformResponse": [
      null,
      null
    ],
    "headers": {
      "X_LOCAL_SECURITY_COOKIE": "",
      "Accept": "application/json, text/plain, */*"
    },
    "url": "http://localhost:59001/ShadowPlay/v.1.0/CoPlay/Enable",
    "params": {},
    "retriesRemaining": 0,
    "timeout": {}
  },
  "statusText": ""
}
2026-09-29 03:24:09 [page:Error] 2026-09-29 03:24:09.155  ERROR  osc/shadowplayService- "ERROR, Coplay Enabled request failed: " {
  "data": null,
  "status": -1,
  "config": {
    "method": "GET",
    "transformRequest": [
      null
    ],
    "transformResponse": [
      null,
      null
    ],
    "headers": {
      "X_LOCAL_SECURITY_COOKIE": "",
      "Accept": "application/json, text/plain, */*"
    },
    "url": "http://localhost:59001/ShadowPlay/v.1.0/CoPlay/Enable",
    "params": {},
    "retriesRemaining": 0,
    "timeout": {}
  },
  "statusText": ""
}
2026-09-29 03:24:09 [page:Error] 2026-09-29 03:24:09.156  ERROR  osc/shadowplayService- "ERROR, Coplay Enabled request failed: " {
  "data": null,
  "status": -1,
  "config": {
    "method": "GET",
    "transformRequest": [
      null
    ],
    "transformResponse": [
      null,
      null
    ],
    "headers": {
      "X_LOCAL_SECURITY_COOKIE": "",
      "Accept": "application/json, text/plain, */*"
    },
    "url": "http://localhost:59001/ShadowPlay/v.1.0/CoPlay/Enable",
    "params": {},
    "retriesRemaining": 0,
    "timeout": {}
  },
  "statusText": ""
}
2026-09-29 03:24:09 [page:Error] 2026-09-29 03:24:09.158  ERROR  osc/shadowplayService- "ERROR, Coplay Enabled request failed: " {
  "data": null,
  "status": -1,
  "config": {
    "method": "GET",
    "transformRequest": [
      null
    ],
    "transformResponse": [
      null,
      null
    ],
    "headers": {
      "X_LOCAL_SECURITY_COOKIE": "",
      "Accept": "application/json, text/plain, */*"
    },
    "url": "http://localhost:59001/ShadowPlay/v.1.0/CoPlay/Enable",
    "params": {},
    "retriesRemaining": 0,
    "timeout": {}
  },
  "statusText": ""
}
2026-09-29 03:24:09 [page:Error] 2026-09-29 03:24:09.159  ERROR  osc/shadowplayService- "ERROR, Coplay Enabled request failed: " {
  "data": null,
  "status": -1,
  "config": {
    "method": "GET",
    "transformRequest": [
      null
    ],
    "transformResponse": [
      null,
      null
    ],
    "headers": {
      "X_LOCAL_SECURITY_COOKIE": "",
      "Accept": "application/json, text/plain, */*"
    },
    "url": "http://localhost:59001/ShadowPlay/v.1.0/CoPlay/Enable",
    "params": {},
    "retriesRemaining": 0,
    "timeout": {}
  },
  "statusText": ""
}
2026-09-29 03:24:09 [page:Error] 2026-09-29 03:24:09.160  ERROR  osc/shadowplayService- "ERROR, Coplay Enabled request failed: " {
  "data": null,
  "status": -1,
  "config": {
    "method": "GET",
    "transformRequest": [
      null
    ],
    "transformResponse": [
      null,
      null
    ],
    "headers": {
      "X_LOCAL_SECURITY_COOKIE": "",
      "Accept": "application/json, text/plain, */*"
    },
    "url": "http://localhost:59001/ShadowPlay/v.1.0/CoPlay/Enable",
    "params": {},
    "retriesRemaining": 0,
    "timeout": {}
  },
  "statusText": ""
}
2026-09-29 03:24:09 [page:Error] 2026-09-29 03:24:09.160  ERROR  osc/shadowplayService- "ERROR, Coplay Enabled request failed: " {
  "data": null,
  "status": -1,
  "config": {
    "method": "GET",
    "transformRequest": [
      null
    ],
    "transformResponse": [
      null,
      null
    ],
    "headers": {
      "X_LOCAL_SECURITY_COOKIE": "",
      "Accept": "application/json, text/plain, */*"
    },
    "url": "http://localhost:59001/ShadowPlay/v.1.0/CoPlay/Enable",
    "params": {},
    "retriesRemaining": 0,
    "timeout": {}
  },
  "statusText": ""
}
2026-09-29 03:24:09 [page:Error] 2026-09-29 03:24:09.161  ERROR  osc/shadowplayService- "ERROR, Coplay Enabled request failed: " {
  "data": null,
  "status": -1,
  "config": {
    "method": "GET",
    "transformRequest": [
      null
    ],
    "transformResponse": [
      null,
      null
    ],
    "headers": {
      "X_LOCAL_SECURITY_COOKIE": "",
      "Accept": "application/json, text/plain, */*"
    },
    "url": "http://localhost:59001/ShadowPlay/v.1.0/CoPlay/Enable",
    "params": {},
    "retriesRemaining": 0,
    "timeout": {}
  },
  "statusText": ""
}
2026-09-29 03:24:09 [page:Error] 2026-09-29 03:24:09.162  ERROR  osc/shadowplayService- "ERROR, Coplay Enabled request failed: " {
  "data": null,
  "status": -1,
  "config": {
    "method": "GET",
    "transformRequest": [
      null
    ],
    "transformResponse": [
      null,
      null
    ],
    "headers": {
      "X_LOCAL_SECURITY_COOKIE": "",
      "Accept": "application/json, text/plain, */*"
    },
    "url": "http://localhost:59001/ShadowPlay/v.1.0/CoPlay/Enable",
    "params": {},
    "retriesRemaining": 0,
    "timeout": {}
  },
  "statusText": ""
}
2026-09-29 03:24:09 [page:Error] 2026-09-29 03:24:09.162  ERROR  osc/shadowplayService- "ERROR, Coplay Enabled request failed: " {
  "data": null,
  "status": -1,
  "config": {
    "method": "GET",
    "transformRequest": [
      null
    ],
    "transformResponse": [
      null,
      null
    ],
    "headers": {
      "X_LOCAL_SECURITY_COOKIE": "",
      "Accept": "application/json, text/plain, */*"
    },
    "url": "http://localhost:59001/ShadowPlay/v.1.0/CoPlay/Enable",
    "params": {},
    "retriesRemaining": 0,
    "timeout": {}
  },
  "statusText": ""
}
2026-09-29 03:24:09 [page:Error] 2026-09-29 03:24:09.163  ERROR  osc/shadowplayService- "ERROR, Coplay Enabled request failed: " {
  "data": null,
  "status": -1,
  "config": {
    "method": "GET",
    "transformRequest": [
      null
    ],
    "transformResponse": [
      null,
      null
    ],
    "headers": {
      "X_LOCAL_SECURITY_COOKIE": "",
      "Accept": "application/json, text/plain, */*"
    },
    "url": "http://localhost:59001/ShadowPlay/v.1.0/CoPlay/Enable",
    "params": {},
    "retriesRemaining": 0,
    "timeout": {}
  },
  "statusText": ""
}
2026-09-29 03:24:09 [page:Error] 2026-09-29 03:24:09.165  ERROR  osc/shadowplayService- "ERROR, Coplay Enabled request failed: " {
  "data": null,
  "status": -1,
  "config": {
    "method": "GET",
    "transformRequest": [
      null
    ],
    "transformResponse": [
      null,
      null
    ],
    "headers": {
      "X_LOCAL_SECURITY_COOKIE": "",
      "Accept": "application/json, text/plain, */*"
    },
    "url": "http://localhost:59001/ShadowPlay/v.1.0/CoPlay/Enable",
    "params": {},
    "retriesRemaining": 0,
    "timeout": {}
  },
  "statusText": ""
}
2026-09-29 03:24:09 [page:Error] 2026-09-29 03:24:09.168  ERROR  osc/shadowplayService- "ERROR, Screenshot support request failed: " {
  "data": null,
  "status": -1,
  "config": {
    "method": "GET",
    "transformRequest": [
      null
    ],
    "transformResponse": [
      null,
      null
    ],
    "headers": {
      "X_LOCAL_SECURITY_COOKIE": "",
      "Accept": "application/json, text/plain, */*"
    },
    "url": "http://localhost:59001/ShadowPlay/v.1.0/Screenshot/Support",
    "params": {},
    "retriesRemaining": 0,
    "timeout": {}
  },
  "statusText": ""
}
2026-09-29 03:24:09 [cefQuery] QUERY_FULLSCREEN_STATE
2026-09-29 03:24:09 [cefQuery] QUERY_OSC_SET_PAINTING
2026-09-29 03:24:09 [cefQuery] QUERY_WIN_OPEN_OSC
2026-09-29 03:24:09 [cefQuery] QUERY_OSC_SET_PAINTING
2026-09-29 03:24:09 [window] SHOW
2026-09-29 03:24:09 [page:Error] 2026-09-29 03:24:09.219  ERROR  osc/shadowplayService- "ERROR, Coplay Enabled request failed: " {
  "data": null,
  "status": -1,
  "config": {
    "method": "GET",
    "transformRequest": [
      null
    ],
    "transformResponse": [
      null,
      null
    ],
    "headers": {
      "X_LOCAL_SECURITY_COOKIE": "",
      "Accept": "application/json, text/plain, */*"
    },
    "url": "http://localhost:59001/ShadowPlay/v.1.0/CoPlay/Enable",
    "params": {},
    "retriesRemaining": 0,
    "timeout": {}
  },
  "statusText": ""
}
2026-09-29 03:24:09 [page:Error] 2026-09-29 03:24:09.219  ERROR  osc/shadowplayService- "ERROR, Coplay Enabled request failed: " {
  "data": null,
  "status": -1,
  "config": {
    "method": "GET",
    "transformRequest": [
      null
    ],
    "transformResponse": [
      null,
      null
    ],
    "headers": {
      "X_LOCAL_SECURITY_COOKIE": "",
      "Accept": "application/json, text/plain, */*"
    },
    "url": "http://localhost:59001/ShadowPlay/v.1.0/CoPlay/Enable",
    "params": {},
    "retriesRemaining": 0,
    "timeout": {}
  },
  "statusText": ""
}
2026-09-29 03:24:09 [page:Error] 2026-09-29 03:24:09.222  ERROR  osc/shadowplayService- "ERROR, Coplay Enabled request failed: " {
  "data": null,
  "status": -1,
  "config": {
    "method": "GET",
    "transformRequest": [
      null
    ],
    "transformResponse": [
      null,
      null
    ],
    "headers": {
      "X_LOCAL_SECURITY_COOKIE": "",
      "Accept": "application/json, text/plain, */*"
    },
    "url": "http://localhost:59001/ShadowPlay/v.1.0/CoPlay/Enable",
    "params": {},
    "retriesRemaining": 0,
    "timeout": {}
  },
  "statusText": ""
}
2026-09-29 03:24:09 [page:Error] 2026-09-29 03:24:09.222  ERROR  osc/shadowplayService- "ERROR, Coplay Enabled request failed: " {
  "data": null,
  "status": -1,
  "config": {
    "method": "GET",
    "transformRequest": [
      null
    ],
    "transformResponse": [
      null,
      null
    ],
    "headers": {
      "X_LOCAL_SECURITY_COOKIE": "",
      "Accept": "application/json, text/plain, */*"
    },
    "url": "http://localhost:59001/ShadowPlay/v.1.0/CoPlay/Enable",
    "params": {},
    "retriesRemaining": 0,
    "timeout": {}
  },
  "statusText": ""
}
2026-09-29 03:24:09 [page:Error] 2026-09-29 03:24:09.222  ERROR  osc/shadowplayService- "ERROR, Coplay Enabled request failed: " {
  "data": null,
  "status": -1,
  "config": {
    "method": "GET",
    "transformRequest": [
      null
    ],
    "transformResponse": [
      null,
      null
    ],
    "headers": {
      "X_LOCAL_SECURITY_COOKIE": "",
      "Accept": "application/json, text/plain, */*"
    },
    "url": "http://localhost:59001/ShadowPlay/v.1.0/CoPlay/Enable",
    "params": {},
    "retriesRemaining": 0,
    "timeout": {}
  },
  "statusText": ""
}
2026-09-29 03:24:09 [page:Error] 2026-09-29 03:24:09.224  ERROR  osc/shadowplayService- "ERROR, Coplay Enabled request failed: " {
  "data": null,
  "status": -1,
  "config": {
    "method": "GET",
    "transformRequest": [
      null
    ],
    "transformResponse": [
      null,
      null
    ],
    "headers": {
      "X_LOCAL_SECURITY_COOKIE": "",
      "Accept": "application/json, text/plain, */*"
    },
    "url": "http://localhost:59001/ShadowPlay/v.1.0/CoPlay/Enable",
    "params": {},
    "retriesRemaining": 0,
    "timeout": {}
  },
  "statusText": ""
}
2026-09-29 03:24:09 [page:Error] 2026-09-29 03:24:09.231  ERROR  osc/shadowplayService- "ERROR, Coplay Enabled request failed: " {
  "data": null,
  "status": -1,
  "config": {
    "method": "GET",
    "transformRequest": [
      null
    ],
    "transformResponse": [
      null,
      null
    ],
    "headers": {
      "X_LOCAL_SECURITY_COOKIE": "",
      "Accept": "application/json, text/plain, */*"
    },
    "url": "http://localhost:59001/ShadowPlay/v.1.0/CoPlay/Enable",
    "params": {},
    "retriesRemaining": 0,
    "timeout": {}
  },
  "statusText": ""
}
2026-09-29 03:24:09 [page:Error] 2026-09-29 03:24:09.234  ERROR  osc/shadowplayService- "ERROR, Coplay Enabled request failed: " {
  "data": null,
  "status": -1,
  "config": {
    "method": "GET",
    "transformRequest": [
      null
    ],
    "transformResponse": [
      null,
      null
    ],
    "headers": {
      "X_LOCAL_SECURITY_COOKIE": "",
      "Accept": "application/json, text/plain, */*"
    },
    "url": "http://localhost:59001/ShadowPlay/v.1.0/CoPlay/Enable",
    "params": {},
    "retriesRemaining": 0,
    "timeout": {}
  },
  "statusText": ""
}
2026-09-29 03:24:09 [page:Error] 2026-09-29 03:24:09.235  ERROR  osc/shadowplayService- "ERROR, Coplay Enabled request failed: " {
  "data": null,
  "status": -1,
  "config": {
    "method": "GET",
    "transformRequest": [
      null
    ],
    "transformResponse": [
      null,
      null
    ],
    "headers": {
      "X_LOCAL_SECURITY_COOKIE": "",
      "Accept": "application/json, text/plain, */*"
    },
    "url": "http://localhost:59001/ShadowPlay/v.1.0/CoPlay/Enable",
    "params": {},
    "retriesRemaining": 0,
    "timeout": {}
  },
  "statusText": ""
}
2026-09-29 03:24:09 [page:Error] 2026-09-29 03:24:09.236  ERROR  osc/shadowplayService- "ERROR, Coplay Enabled request failed: " {
  "data": null,
  "status": -1,
  "config": {
    "method": "GET",
    "transformRequest": [
      null
    ],
    "transformResponse": [
      null,
      null
    ],
    "headers": {
      "X_LOCAL_SECURITY_COOKIE": "",
      "Accept": "application/json, text/plain, */*"
    },
    "url": "http://localhost:59001/ShadowPlay/v.1.0/CoPlay/Enable",
    "params": {},
    "retriesRemaining": 0,
    "timeout": {}
  },
  "statusText": ""
}
2026-09-29 03:24:09 [page:Error] 2026-09-29 03:24:09.237  ERROR  osc/shadowplayService- "ERROR, Coplay Enabled request failed: " {
  "data": null,
  "status": -1,
  "config": {
    "method": "GET",
    "transformRequest": [
      null
    ],
    "transformResponse": [
      null,
      null
    ],
    "headers": {
      "X_LOCAL_SECURITY_COOKIE": "",
      "Accept": "application/json, text/plain, */*"
    },
    "url": "http://localhost:59001/ShadowPlay/v.1.0/CoPlay/Enable",
    "params": {},
    "retriesRemaining": 0,
    "timeout": {}
  },
  "statusText": ""
}
2026-09-29 03:24:09 [page:Error] 2026-09-29 03:24:09.238  ERROR  osc/shadowplayService- "ERROR, Coplay Enabled request failed: " {
  "data": null,
  "status": -1,
  "config": {
    "method": "GET",
    "transformRequest": [
      null
    ],
    "transformResponse": [
      null,
      null
    ],
    "headers": {
      "X_LOCAL_SECURITY_COOKIE": "",
      "Accept": "application/json, text/plain, */*"
    },
    "url": "http://localhost:59001/ShadowPlay/v.1.0/CoPlay/Enable",
    "params": {},
    "retriesRemaining": 0,
    "timeout": {}
  },
  "statusText": ""
}
2026-09-29 03:24:09 [page:Error] 2026-09-29 03:24:09.241  ERROR  osc/shadowplayService- "ERROR, Coplay Enabled request failed: " {
  "data": null,
  "status": -1,
  "config": {
    "method": "GET",
    "transformRequest": [
      null
    ],
    "transformResponse": [
      null,
      null
    ],
    "headers": {
      "X_LOCAL_SECURITY_COOKIE": "",
      "Accept": "application/json, text/plain, */*"
    },
    "url": "http://localhost:59001/ShadowPlay/v.1.0/CoPlay/Enable",
    "params": {},
    "retriesRemaining": 0,
    "timeout": {}
  },
  "statusText": ""
}
2026-09-29 03:24:09 [window] HIDE (page requested)
2026-09-29 03:24:09 [page:Error] 2026-09-29 03:24:09.251  ERROR  osc/shadowplayService- "ERROR, Coplay Enabled request failed: " {
  "data": null,
  "status": -1,
  "config": {
    "method": "GET",
    "transformRequest": [
      null
    ],
    "transformResponse": [
      null,
      null
    ],
    "headers": {
      "X_LOCAL_SECURITY_COOKIE": "",
      "Accept": "application/json, text/plain, */*"
    },
    "url": "http://localhost:59001/ShadowPlay/v.1.0/CoPlay/Enable",
    "params": {},
    "retriesRemaining": 0,
    "timeout": {}
  },
  "statusText": ""
}
2026-09-29 03:24:09 [page:Error] 2026-09-29 03:24:09.252  ERROR  osc/shadowplayService- "ERROR, Coplay Enabled request failed: " {
  "data": null,
  "status": -1,
  "config": {
    "method": "GET",
    "transformRequest": [
      null
    ],
    "transformResponse": [
      null,
      null
    ],
    "headers": {
      "X_LOCAL_SECURITY_COOKIE": "",
      "Accept": "application/json, text/plain, */*"
    },
    "url": "http://localhost:59001/ShadowPlay/v.1.0/CoPlay/Enable",
    "params": {},
    "retriesRemaining": 0,
    "timeout": {}
  },
  "statusText": ""
}
2026-09-29 03:24:09 [page:Error] 2026-09-29 03:24:09.254  ERROR  osc/shadowplayService- "ERROR, Coplay Enabled request failed: " {
  "data": null,
  "status": -1,
  "config": {
    "method": "GET",
    "transformRequest": [
      null
    ],
    "transformResponse": [
      null,
      null
    ],
    "headers": {
      "X_LOCAL_SECURITY_COOKIE": "",
      "Accept": "application/json, text/plain, */*"
    },
    "url": "http://localhost:59001/ShadowPlay/v.1.0/CoPlay/Enable",
    "params": {},
    "retriesRemaining": 0,
    "timeout": {}
  },
  "statusText": ""
}
2026-09-29 03:24:09 [page:Error] 2026-09-29 03:24:09.255  ERROR  osc/shadowplayService- "ERROR, Coplay Enabled request failed: " {
  "data": null,
  "status": -1,
  "config": {
    "method": "GET",
    "transformRequest": [
      null
    ],
    "transformResponse": [
      null,
      null
    ],
    "headers": {
      "X_LOCAL_SECURITY_COOKIE": "",
      "Accept": "application/json, text/plain, */*"
    },
    "url": "http://localhost:59001/ShadowPlay/v.1.0/CoPlay/Enable",
    "params": {},
    "retriesRemaining": 0,
    "timeout": {}
  },
  "statusText": ""
}
2026-09-29 03:24:09 [page:Error] 2026-09-29 03:24:09.256  ERROR  osc/shadowplayService- "ERROR, Coplay Enabled request failed: " {
  "data": null,
  "status": -1,
  "config": {
    "method": "GET",
    "transformRequest": [
      null
    ],
    "transformResponse": [
      null,
      null
    ],
    "headers": {
      "X_LOCAL_SECURITY_COOKIE": "",
      "Accept": "application/json, text/plain, */*"
    },
    "url": "http://localhost:59001/ShadowPlay/v.1.0/CoPlay/Enable",
    "params": {},
    "retriesRemaining": 0,
    "timeout": {}
  },
  "statusText": ""
}
2026-09-29 03:24:09 [page:Error] 2026-09-29 03:24:09.262  ERROR  osc/shadowplayService- "ERROR, Coplay Enabled request failed: " {
  "data": null,
  "status": -1,
  "config": {
    "method": "GET",
    "transformRequest": [
      null
    ],
    "transformResponse": [
      null,
      null
    ],
    "headers": {
      "X_LOCAL_SECURITY_COOKIE": "",
      "Accept": "application/json, text/plain, */*"
    },
    "url": "http://localhost:59001/ShadowPlay/v.1.0/CoPlay/Enable",
    "params": {},
    "retriesRemaining": 0,
    "timeout": {}
  },
  "statusText": ""
}
2026-09-29 03:24:09 [page:Error] 2026-09-29 03:24:09.263  ERROR  osc/shadowplayService- "ERROR, Coplay Enabled request failed: " {
  "data": null,
  "status": -1,
  "config": {
    "method": "GET",
    "transformRequest": [
      null
    ],
    "transformResponse": [
      null,
      null
    ],
    "headers": {
      "X_LOCAL_SECURITY_COOKIE": "",
      "Accept": "application/json, text/plain, */*"
    },
    "url": "http://localhost:59001/ShadowPlay/v.1.0/CoPlay/Enable",
    "params": {},
    "retriesRemaining": 0,
    "timeout": {}
  },
  "statusText": ""
}
2026-09-29 03:24:09 [page:Error] 2026-09-29 03:24:09.264  ERROR  osc/shadowplayService- "ERROR, Coplay Enabled request failed: " {
  "data": null,
  "status": -1,
  "config": {
    "method": "GET",
    "transformRequest": [
      null
    ],
    "transformResponse": [
      null,
      null
    ],
    "headers": {
      "X_LOCAL_SECURITY_COOKIE": "",
      "Accept": "application/json, text/plain, */*"
    },
    "url": "http://localhost:59001/ShadowPlay/v.1.0/CoPlay/Enable",
    "params": {},
    "retriesRemaining": 0,
    "timeout": {}
  },
  "statusText": ""
}
2026-09-29 03:24:09 [page:Error] 2026-09-29 03:24:09.264  ERROR  osc/shadowplayService- "ERROR, Coplay Enabled request failed: " {
  "data": null,
  "status": -1,
  "config": {
    "method": "GET",
    "transformRequest": [
      null
    ],
    "transformResponse": [
      null,
      null
    ],
    "headers": {
      "X_LOCAL_SECURITY_COOKIE": "",
      "Accept": "application/json, text/plain, */*"
    },
    "url": "http://localhost:59001/ShadowPlay/v.1.0/CoPlay/Enable",
    "params": {},
    "retriesRemaining": 0,
    "timeout": {}
  },
  "statusText": ""
}
2026-09-29 03:24:09 [page:Error] 2026-09-29 03:24:09.267  ERROR  osc/shadowplayService- "ERROR, Coplay Enabled request failed: " {
  "data": null,
  "status": -1,
  "config": {
    "method": "GET",
    "transformRequest": [
      null
    ],
    "transformResponse": [
      null,
      null
    ],
    "headers": {
      "X_LOCAL_SECURITY_COOKIE": "",
      "Accept": "application/json, text/plain, */*"
    },
    "url": "http://localhost:59001/ShadowPlay/v.1.0/CoPlay/Enable",
    "params": {},
    "retriesRemaining": 0,
    "timeout": {}
  },
  "statusText": ""
}
2026-09-29 03:24:09 [page:Error] 2026-09-29 03:24:09.268  ERROR  osc/shadowplayService- "ERROR, Coplay Enabled request failed: " {
  "data": null,
  "status": -1,
  "config": {
    "method": "GET",
    "transformRequest": [
      null
    ],
    "transformResponse": [
      null,
      null
    ],
    "headers": {
      "X_LOCAL_SECURITY_COOKIE": "",
      "Accept": "application/json, text/plain, */*"
    },
    "url": "http://localhost:59001/ShadowPlay/v.1.0/CoPlay/Enable",
    "params": {},
    "retriesRemaining": 0,
    "timeout": {}
  },
  "statusText": ""
}
2026-09-29 03:24:09 [page:Error] 2026-09-29 03:24:09.268  ERROR  osc/shadowplayService- "ERROR, Coplay Enabled request failed: " {
  "data": null,
  "status": -1,
  "config": {
    "method": "GET",
    "transformRequest": [
      null
    ],
    "transformResponse": [
      null,
      null
    ],
    "headers": {
      "X_LOCAL_SECURITY_COOKIE": "",
      "Accept": "application/json, text/plain, */*"
    },
    "url": "http://localhost:59001/ShadowPlay/v.1.0/CoPlay/Enable",
    "params": {},
    "retriesRemaining": 0,
    "timeout": {}
  },
  "statusText": ""
}
2026-09-29 03:24:09 [page:Error] 2026-09-29 03:24:09.268  ERROR  osc/shadowplayService- "ERROR, Coplay Enabled request failed: " {
  "data": null,
  "status": -1,
  "config": {
    "method": "GET",
    "transformRequest": [
      null
    ],
    "transformResponse": [
      null,
      null
    ],
    "headers": {
      "X_LOCAL_SECURITY_COOKIE": "",
      "Accept": "application/json, text/plain, */*"
    },
    "url": "http://localhost:59001/ShadowPlay/v.1.0/CoPlay/Enable",
    "params": {},
    "retriesRemaining": 0,
    "timeout": {}
  },
  "statusText": ""
}
2026-09-29 03:24:09 [page:Error] 2026-09-29 03:24:09.269  ERROR  osc/shadowplayService- "ERROR, Coplay Enabled request failed: " {
  "data": null,
  "status": -1,
  "config": {
    "method": "GET",
    "transformRequest": [
      null
    ],
    "transformResponse": [
      null,
      null
    ],
    "headers": {
      "X_LOCAL_SECURITY_COOKIE": "",
      "Accept": "application/json, text/plain, */*"
    },
    "url": "http://localhost:59001/ShadowPlay/v.1.0/CoPlay/Enable",
    "params": {},
    "retriesRemaining": 0,
    "timeout": {}
  },
  "statusText": ""
}
2026-09-29 03:24:09 [page:Error] 2026-09-29 03:24:09.269  ERROR  osc/shadowplayService- "ERROR, Coplay Enabled request failed: " {
  "data": null,
  "status": -1,
  "config": {
    "method": "GET",
    "transformRequest": [
      null
    ],
    "transformResponse": [
      null,
      null
    ],
    "headers": {
      "X_LOCAL_SECURITY_COOKIE": "",
      "Accept": "application/json, text/plain, */*"
    },
    "url": "http://localhost:59001/ShadowPlay/v.1.0/CoPlay/Enable",
    "params": {},
    "retriesRemaining": 0,
    "timeout": {}
  },
  "statusText": ""
}
2026-09-29 03:24:09 [page:Error] 2026-09-29 03:24:09.269  ERROR  osc/shadowplayService- "ERROR, Coplay Enabled request failed: " {
  "data": null,
  "status": -1,
  "config": {
    "method": "GET",
    "transformRequest": [
      null
    ],
    "transformResponse": [
      null,
      null
    ],
    "headers": {
      "X_LOCAL_SECURITY_COOKIE": "",
      "Accept": "application/json, text/plain, */*"
    },
    "url": "http://localhost:59001/ShadowPlay/v.1.0/CoPlay/Enable",
    "params": {},
    "retriesRemaining": 0,
    "timeout": {}
  },
  "statusText": ""
}
2026-09-29 03:24:09 [page:Error] 2026-09-29 03:24:09.270  ERROR  osc/shadowplayService- "ERROR, Coplay Enabled request failed: " {
  "data": null,
  "status": -1,
  "config": {
    "method": "GET",
    "transformRequest": [
      null
    ],
    "transformResponse": [
      null,
      null
    ],
    "headers": {
      "X_LOCAL_SECURITY_COOKIE": "",
      "Accept": "application/json, text/plain, */*"
    },
    "url": "http://localhost:59001/ShadowPlay/v.1.0/CoPlay/Enable",
    "params": {},
    "retriesRemaining": 0,
    "timeout": {}
  },
  "statusText": ""
}
2026-09-29 03:24:09 [page:Error] 2026-09-29 03:24:09.271  ERROR  osc/shadowplayService- "ERROR, Coplay Enabled request failed: " {
  "data": null,
  "status": -1,
  "config": {
    "method": "GET",
    "transformRequest": [
      null
    ],
    "transformResponse": [
      null,
      null
    ],
    "headers": {
      "X_LOCAL_SECURITY_COOKIE": "",
      "Accept": "application/json, text/plain, */*"
    },
    "url": "http://localhost:59001/ShadowPlay/v.1.0/CoPlay/Enable",
    "params": {},
    "retriesRemaining": 0,
    "timeout": {}
  },
  "statusText": ""
}
2026-09-29 03:24:09 [page:Error] 2026-09-29 03:24:09.271  ERROR  osc/shadowplayService- "ERROR, Coplay Enabled request failed: " {
  "data": null,
  "status": -1,
  "config": {
    "method": "GET",
    "transformRequest": [
      null
    ],
    "transformResponse": [
      null,
      null
    ],
    "headers": {
      "X_LOCAL_SECURITY_COOKIE": "",
      "Accept": "application/json, text/plain, */*"
    },
    "url": "http://localhost:59001/ShadowPlay/v.1.0/CoPlay/Enable",
    "params": {},
    "retriesRemaining": 0,
    "timeout": {}
  },
  "statusText": ""
}
2026-09-29 03:24:09 [page:Error] 2026-09-29 03:24:09.271  ERROR  osc/shadowplayService- "ERROR, Coplay Enabled request failed: " {
  "data": null,
  "status": -1,
  "config": {
    "method": "GET",
    "transformRequest": [
      null
    ],
    "transformResponse": [
      null,
      null
    ],
    "headers": {
      "X_LOCAL_SECURITY_COOKIE": "",
      "Accept": "application/json, text/plain, */*"
    },
    "url": "http://localhost:59001/ShadowPlay/v.1.0/CoPlay/Enable",
    "params": {},
    "retriesRemaining": 0,
    "timeout": {}
  },
  "statusText": ""
}
2026-09-29 03:24:09 [page:Error] 2026-09-29 03:24:09.271  ERROR  osc/shadowplayService- "ERROR, Coplay Enabled request failed: " {
  "data": null,
  "status": -1,
  "config": {
    "method": "GET",
    "transformRequest": [
      null
    ],
    "transformResponse": [
      null,
      null
    ],
    "headers": {
      "X_LOCAL_SECURITY_COOKIE": "",
      "Accept": "application/json, text/plain, */*"
    },
    "url": "http://localhost:59001/ShadowPlay/v.1.0/CoPlay/Enable",
    "params": {},
    "retriesRemaining": 0,
    "timeout": {}
  },
  "statusText": ""
}
2026-09-29 03:24:09 [page:Error] 2026-09-29 03:24:09.272  ERROR  osc/shadowplayService- "ERROR, Coplay Enabled request failed: " {
  "data": null,
  "status": -1,
  "config": {
    "method": "GET",
    "transformRequest": [
      null
    ],
    "transformResponse": [
      null,
      null
    ],
    "headers": {
      "X_LOCAL_SECURITY_COOKIE": "",
      "Accept": "application/json, text/plain, */*"
    },
    "url": "http://localhost:59001/ShadowPlay/v.1.0/CoPlay/Enable",
    "params": {},
    "retriesRemaining": 0,
    "timeout": {}
  },
  "statusText": ""
}
2026-09-29 03:24:09 [page:Error] 2026-09-29 03:24:09.272  ERROR  osc/shadowplayService- "ERROR, Coplay Enabled request failed: " {
  "data": null,
  "status": -1,
  "config": {
    "method": "GET",
    "transformRequest": [
      null
    ],
    "transformResponse": [
      null,
      null
    ],
    "headers": {
      "X_LOCAL_SECURITY_COOKIE": "",
      "Accept": "application/json, text/plain, */*"
    },
    "url": "http://localhost:59001/ShadowPlay/v.1.0/CoPlay/Enable",
    "params": {},
    "retriesRemaining": 0,
    "timeout": {}
  },
  "statusText": ""
}
2026-09-29 03:24:09 [page:Error] 2026-09-29 03:24:09.272  ERROR  osc/shadowplayService- "ERROR, Coplay Enabled request failed: " {
  "data": null,
  "status": -1,
  "config": {
    "method": "GET",
    "transformRequest": [
      null
    ],
    "transformResponse": [
      null,
      null
    ],
    "headers": {
      "X_LOCAL_SECURITY_COOKIE": "",
      "Accept": "application/json, text/plain, */*"
    },
    "url": "http://localhost:59001/ShadowPlay/v.1.0/CoPlay/Enable",
    "params": {},
    "retriesRemaining": 0,
    "timeout": {}
  },
  "statusText": ""
}
2026-09-29 03:24:09 [page:Error] 2026-09-29 03:24:09.272  ERROR  osc/shadowplayService- "ERROR, Coplay Enabled request failed: " {
  "data": null,
  "status": -1,
  "config": {
    "method": "GET",
    "transformRequest": [
      null
    ],
    "transformResponse": [
      null,
      null
    ],
    "headers": {
      "X_LOCAL_SECURITY_COOKIE": "",
      "Accept": "application/json, text/plain, */*"
    },
    "url": "http://localhost:59001/ShadowPlay/v.1.0/CoPlay/Enable",
    "params": {},
    "retriesRemaining": 0,
    "timeout": {}
  },
  "statusText": ""
}
2026-09-29 03:24:09 [page:Error] 2026-09-29 03:24:09.273  ERROR  osc/shadowplayService- "ERROR, Coplay Enabled request failed: " {
  "data": null,
  "status": -1,
  "config": {
    "method": "GET",
    "transformRequest": [
      null
    ],
    "transformResponse": [
      null,
      null
    ],
    "headers": {
      "X_LOCAL_SECURITY_COOKIE": "",
      "Accept": "application/json, text/plain, */*"
    },
    "url": "http://localhost:59001/ShadowPlay/v.1.0/CoPlay/Enable",
    "params": {},
    "retriesRemaining": 0,
    "timeout": {}
  },
  "statusText": ""
}
2026-09-29 03:24:09 [page:Error] 2026-09-29 03:24:09.273  ERROR  osc/shadowplayService- "ERROR, Coplay Enabled request failed: " {
  "data": null,
  "status": -1,
  "config": {
    "method": "GET",
    "transformRequest": [
      null
    ],
    "transformResponse": [
      null,
      null
    ],
    "headers": {
      "X_LOCAL_SECURITY_COOKIE": "",
      "Accept": "application/json, text/plain, */*"
    },
    "url": "http://localhost:59001/ShadowPlay/v.1.0/CoPlay/Enable",
    "params": {},
    "retriesRemaining": 0,
    "timeout": {}
  },
  "statusText": ""
}
2026-09-29 03:24:09 [page:Error] 2026-09-29 03:24:09.273  ERROR  osc/shadowplayService- "ERROR, Coplay Enabled request failed: " {
  "data": null,
  "status": -1,
  "config": {
    "method": "GET",
    "transformRequest": [
      null
    ],
    "transformResponse": [
      null,
      null
    ],
    "headers": {
      "X_LOCAL_SECURITY_COOKIE": "",
      "Accept": "application/json, text/plain, */*"
    },
    "url": "http://localhost:59001/ShadowPlay/v.1.0/CoPlay/Enable",
    "params": {},
    "retriesRemaining": 0,
    "timeout": {}
  },
  "statusText": ""
}
2026-09-29 03:24:09 [page:Error] 2026-09-29 03:24:09.274  ERROR  osc/shadowplayService- "ERROR, Coplay Enabled request failed: " {
  "data": null,
  "status": -1,
  "config": {
    "method": "GET",
    "transformRequest": [
      null
    ],
    "transformResponse": [
      null,
      null
    ],
    "headers": {
      "X_LOCAL_SECURITY_COOKIE": "",
      "Accept": "application/json, text/plain, */*"
    },
    "url": "http://localhost:59001/ShadowPlay/v.1.0/CoPlay/Enable",
    "params": {},
    "retriesRemaining": 0,
    "timeout": {}
  },
  "statusText": ""
}
2026-09-29 03:24:09 [page:Error] 2026-09-29 03:24:09.275  ERROR  osc/shadowplayService- "ERROR, Coplay Enabled request failed: " {
  "data": null,
  "status": -1,
  "config": {
    "method": "GET",
    "transformRequest": [
      null
    ],
    "transformResponse": [
      null,
      null
    ],
    "headers": {
      "X_LOCAL_SECURITY_COOKIE": "",
      "Accept": "application/json, text/plain, */*"
    },
    "url": "http://localhost:59001/ShadowPlay/v.1.0/CoPlay/Enable",
    "params": {},
    "retriesRemaining": 0,
    "timeout": {}
  },
  "statusText": ""
}
2026-09-29 03:24:09 [page:Error] 2026-09-29 03:24:09.275  ERROR  osc/shadowplayService- "ERROR, Coplay Enabled request failed: " {
  "data": null,
  "status": -1,
  "config": {
    "method": "GET",
    "transformRequest": [
      null
    ],
    "transformResponse": [
      null,
      null
    ],
    "headers": {
      "X_LOCAL_SECURITY_COOKIE": "",
      "Accept": "application/json, text/plain, */*"
    },
    "url": "http://localhost:59001/ShadowPlay/v.1.0/CoPlay/Enable",
    "params": {},
    "retriesRemaining": 0,
    "timeout": {}
  },
  "statusText": ""
}
2026-09-29 03:24:09 [page:Error] 2026-09-29 03:24:09.275  ERROR  osc/shadowplayService- "ERROR, Coplay Enabled request failed: " {
  "data": null,
  "status": -1,
  "config": {
    "method": "GET",
    "transformRequest": [
      null
    ],
    "transformResponse": [
      null,
      null
    ],
    "headers": {
      "X_LOCAL_SECURITY_COOKIE": "",
      "Accept": "application/json, text/plain, */*"
    },
    "url": "http://localhost:59001/ShadowPlay/v.1.0/CoPlay/Enable",
    "params": {},
    "retriesRemaining": 0,
    "timeout": {}
  },
  "statusText": ""
}
2026-09-29 03:24:09 [page:Error] 2026-09-29 03:24:09.275  ERROR  osc/shadowplayService- "ERROR, Coplay Enabled request failed: " {
  "data": null,
  "status": -1,
  "config": {
    "method": "GET",
    "transformRequest": [
      null
    ],
    "transformResponse": [
      null,
      null
    ],
    "headers": {
      "X_LOCAL_SECURITY_COOKIE": "",
      "Accept": "application/json, text/plain, */*"
    },
    "url": "http://localhost:59001/ShadowPlay/v.1.0/CoPlay/Enable",
    "params": {},
    "retriesRemaining": 0,
    "timeout": {}
  },
  "statusText": ""
}
2026-09-29 03:24:09 [page:Error] 2026-09-29 03:24:09.275  ERROR  osc/shadowplayService- "ERROR, Coplay Enabled request failed: " {
  "data": null,
  "status": -1,
  "config": {
    "method": "GET",
    "transformRequest": [
      null
    ],
    "transformResponse": [
      null,
      null
    ],
    "headers": {
      "X_LOCAL_SECURITY_COOKIE": "",
      "Accept": "application/json, text/plain, */*"
    },
    "url": "http://localhost:59001/ShadowPlay/v.1.0/CoPlay/Enable",
    "params": {},
    "retriesRemaining": 0,
    "timeout": {}
  },
  "statusText": ""
}
2026-09-29 03:24:09 [page:Error] 2026-09-29 03:24:09.277  ERROR  osc/shadowplayService- "ERROR, Screenshot support request failed: " {
  "data": null,
  "status": -1,
  "config": {
    "method": "GET",
    "transformRequest": [
      null
    ],
    "transformResponse": [
      null,
      null
    ],
    "headers": {
      "X_LOCAL_SECURITY_COOKIE": "",
      "Accept": "application/json, text/plain, */*"
    },
    "url": "http://localhost:59001/ShadowPlay/v.1.0/Screenshot/Support",
    "params": {},
    "retriesRemaining": 0,
    "timeout": {}
  },
  "statusText": ""
}
2026-09-29 03:24:09 [page:Error] 2026-09-29 03:24:09.280  ERROR  osc/shadowplayService- "ERROR, Screenshot support request failed: " {
  "data": null,
  "status": -1,
  "config": {
    "method": "GET",
    "transformRequest": [
      null
    ],
    "transformResponse": [
      null,
      null
    ],
    "headers": {
      "X_LOCAL_SECURITY_COOKIE": "",
      "Accept": "application/json, text/plain, */*"
    },
    "url": "http://localhost:59001/ShadowPlay/v.1.0/Screenshot/Support",
    "params": {},
    "retriesRemaining": 0,
    "timeout": {}
  },
  "statusText": ""
}
2026-09-29 03:24:09 [cefQuery] QUERY_OSC_SET_DISPLAY_RECTS
2026-09-29 03:24:09 [cefQuery] QUERY_WRITE_SHARED_STORAGE
2026-09-29 03:24:09 [cefQuery] QUERY_WIN_CLOSE_OSC
2026-09-29 03:24:09 [cefQuery] QUERY_OSC_SET_DISPLAY_RECTS
2026-09-29 03:24:09 [cefQuery] QUERY_OSC_SET_DISPLAY_RECTS
2026-09-29 03:24:09 [cefQuery] QUERY_OSC_SET_DISPLAY_RECTS
2026-09-29 03:24:09 [cefQuery] QUERY_OSC_SET_DISPLAY_RECTS
2026-09-29 03:24:09 [cefQuery] QUERY_OSC_SET_DISPLAY_RECTS
2026-09-29 03:24:09 [page:Error] 2026-09-29 03:24:09.330  ERROR  osc/displayService- "getAppInFocus: error" {
  "data": null,
  "status": -1,
  "config": {
    "method": "GET",
    "transformRequest": [
      null
    ],
    "transformResponse": [
      null,
      null
    ],
    "headers": {
      "X_LOCAL_SECURITY_COOKIE": "",
      "Accept": "application/json, text/plain, */*"
    },
    "url": "http://localhost:59001/ShadowPlay/v.1.0/Capture/ProcessInfo/4294967295",
    "params": {},
    "retriesRemaining": 0,
    "timeout": {}
  },
  "statusText": ""
}
2026-09-29 03:24:09 [cefQuery] QUERY_OSC_SET_PAINTING
2026-09-29 03:24:09 [cefQuery] QUERY_FULLSCREEN_STATE
2026-09-29 03:24:09 [cefQuery] QUERY_WIN_OPEN_OSC
2026-09-29 03:24:09 [cefQuery] QUERY_OSC_SET_PAINTING
2026-09-29 03:24:09 [page:Error] 2026-09-29 03:24:09.343  ERROR  osc/displayService- "getAppInFocus: error" {
  "data": null,
  "status": -1,
  "config": {
    "method": "GET",
    "transformRequest": [
      null
    ],
    "transformResponse": [
      null,
      null
    ],
    "headers": {
      "X_LOCAL_SECURITY_COOKIE": "",
      "Accept": "application/json, text/plain, */*"
    },
    "url": "http://localhost:59001/ShadowPlay/v.1.0/Capture/ProcessInfo/4294967295",
    "params": {},
    "retriesRemaining": 0,
    "timeout": {}
  },
  "statusText": ""
}
2026-09-29 03:24:09 [cefQuery] QUERY_FULLSCREEN_STATE
2026-09-29 03:24:09 [cefQuery] QUERY_OSC_SET_PAINTING
2026-09-29 03:24:09 [cefQuery] QUERY_OSC_SET_PAINTING
2026-09-29 03:24:09 [page:Error] 2026-09-29 03:24:09.360  ERROR  osc/displayService- "getAppInFocus: error" {
  "data": null,
  "status": -1,
  "config": {
    "method": "GET",
    "transformRequest": [
      null
    ],
    "transformResponse": [
      null,
      null
    ],
    "headers": {
      "X_LOCAL_SECURITY_COOKIE": "",
      "Accept": "application/json, text/plain, */*"
    },
    "url": "http://localhost:59001/ShadowPlay/v.1.0/Capture/ProcessInfo/4294967295",
    "params": {},
    "retriesRemaining": 0,
    "timeout": {}
  },
  "statusText": ""
}
2026-09-29 03:24:09 [cefQuery] QUERY_FULLSCREEN_STATE
2026-09-29 03:24:09 [cefQuery] QUERY_OSC_SET_PAINTING
2026-09-29 03:24:09 [cefQuery] QUERY_OSC_SET_PAINTING
2026-09-29 03:24:09 [window] SHOW
2026-09-29 03:24:09 [cefQuery] QUERY_OSC_SET_DISPLAY_RECTS
2026-09-29 03:24:09 [cefQuery] QUERY_WRITE_SHARED_STORAGE
2026-09-29 03:24:09 [cefQuery] QUERY_OSC_SET_DISPLAY_RECTS
2026-09-29 03:24:09 [cefQuery] QUERY_WIN_CLOSE_OSC
2026-09-29 03:24:09 [window] HIDE (+close event fired)
2026-09-29 03:24:09 [cefQuery] QUERY_OSC_SET_DISPLAY_RECTS
2026-09-29 03:24:09 [page:Error] 2026-09-29 03:24:09.432  ERROR  osc/shadowplayService- "ERROR, problem when getting keys for hotkey shortcut pmocoverlay"
2026-09-29 03:24:09 [page:Error] 2026-09-29 03:24:09.433  ERROR  osc/shadowplayService- "ERROR, problem when getting keys for hotkey shortcut pmocoverlay"
2026-09-29 03:24:09 [cefQuery] QUERY_OSC_SET_DISPLAY_RECTS
2026-09-29 03:24:09 [page:Error] 2026-09-29 03:24:09.441  ERROR  osc/shadowplayService- "ERROR, Coplay Enabled request failed: " {
  "data": null,
  "status": -1,
  "config": {
    "method": "POST",
    "transformRequest": [
      null
    ],
    "transformResponse": [
      null,
      null
    ],
    "data": {
      "enable": false
    },
    "headers": {
      "X_LOCAL_SECURITY_COOKIE": "",
      "Accept": "application/json, text/plain, */*",
      "Content-Type": "application/json;charset=utf-8"
    },
    "url": "http://localhost:59001/ShadowPlay/v.1.0/CoPlay/Enable",
    "params": {},
    "retriesRemaining": 0,
    "timeout": {}
  },
  "statusText": ""
}
2026-09-29 03:24:09 [page:Error] 2026-09-29 03:24:09.442  ERROR  osc/shadowplayService- "ERROR, problem getting partial MainView data: " {
  "data": null,
  "status": -1,
  "config": {
    "method": "POST",
    "transformRequest": [
      null
    ],
    "transformResponse": [
      null,
      null
    ],
    "data": {
      "fetchPartial": true
    },
    "headers": {
      "X_LOCAL_SECURITY_COOKIE": "",
      "Accept": "application/json, text/plain, */*",
      "Content-Type": "application/json;charset=utf-8"
    },
    "url": "http://localhost:59001/ShadowPlay/v.1.0/OSC/MainView",
    "params": {},
    "retriesRemaining": 0,
    "timeout": {}
  },
  "statusText": ""
}
2026-09-29 03:24:09 [page:Error] 2026-09-29 03:24:09.447  ERROR  osc/displayService- "notifyOverlayState endpoint error: " {
  "data": null,
  "status": -1,
  "config": {
    "method": "POST",
    "transformRequest": [
      null
    ],
    "transformResponse": [
      null,
      null
    ],
    "data": {
      "open": false,
      "state": "main"
    },
    "headers": {
      "X_LOCAL_SECURITY_COOKIE": "",
      "Accept": "application/json, text/plain, */*",
      "Content-Type": "application/json;charset=utf-8"
    },
    "url": "http://localhost:59001/SDK/v.1.0/NotifyOverlayState",
    "params": {},
    "retriesRemaining": 0,
    "timeout": {}
  },
  "statusText": ""
}
2026-09-29 03:24:09 [page:Error] 2026-09-29 03:24:09.450  ERROR  osc/shadowplayService- "ERROR, Coplay Enabled request failed: " {
  "data": null,
  "status": -1,
  "config": {
    "method": "GET",
    "transformRequest": [
      null
    ],
    "transformResponse": [
      null,
      null
    ],
    "headers": {
      "X_LOCAL_SECURITY_COOKIE": "",
      "Accept": "application/json, text/plain, */*"
    },
    "url": "http://localhost:59001/ShadowPlay/v.1.0/CoPlay/Enable",
    "params": {},
    "retriesRemaining": 0,
    "timeout": {}
  },
  "statusText": ""
}
2026-09-29 03:24:09 [page:Error] 2026-09-29 03:24:09.451  ERROR  osc/shadowplayService- "ERROR, Screenshot support request failed: " {
  "data": null,
  "status": -1,
  "config": {
    "method": "GET",
    "transformRequest": [
      null
    ],
    "transformResponse": [
      null,
      null
    ],
    "headers": {
      "X_LOCAL_SECURITY_COOKIE": "",
      "Accept": "application/json, text/plain, */*"
    },
    "url": "http://localhost:59001/ShadowPlay/v.1.0/Screenshot/Support",
    "params": {},
    "retriesRemaining": 0,
    "timeout": {}
  },
  "statusText": ""
}
2026-09-29 03:24:09 [cefQuery] QUERY_FULLSCREEN_STATE
2026-09-29 03:24:09 [cefQuery] QUERY_OSC_SET_PAINTING
2026-09-29 03:24:09 [cefQuery] QUERY_WIN_OPEN_OSC
2026-09-29 03:24:09 [cefQuery] QUERY_OSC_SET_PAINTING
2026-09-29 03:24:09 [cefQuery] QUERY_OSC_SET_DISPLAY_RECTS
2026-09-29 03:24:09 [cefQuery] QUERY_WIN_CLOSE_OSC
2026-09-29 03:24:09 [cefQuery] QUERY_WRITE_SHARED_STORAGE
2026-09-29 03:24:09 [cefQuery] QUERY_OSC_SET_DISPLAY_RECTS
2026-09-29 03:24:09 [cefQuery] QUERY_OSC_SET_DISPLAY_RECTS
2026-09-29 03:24:09 [cefQuery] QUERY_OSC_SET_DISPLAY_RECTS
2026-09-29 03:24:09 [cefQuery] QUERY_OSC_SET_DISPLAY_RECTS
2026-09-29 03:24:09 [cefQuery] QUERY_OSC_SET_DISPLAY_RECTS
2026-09-29 03:24:09 [cefQuery] QUERY_OSC_SET_DISPLAY_RECTS
2026-09-29 03:24:09 [window] SHOW
2026-09-29 03:24:09 [cefQuery] QUERY_OSC_SET_DISPLAY_RECTS
2026-09-29 03:24:09 [cefQuery] QUERY_OSC_SET_DISPLAY_RECTS
2026-09-29 03:24:09 [cefQuery] QUERY_OSC_SET_DISPLAY_RECTS
2026-09-29 03:24:09 [page:Error] 2026-09-29 03:24:09.627  ERROR  main.common/telemetryService- "Attempted to end a performance measurement 'CLOSE_OSC' without starting it!"
2026-09-29 03:24:09 [cefQuery] QUERY_FULLSCREEN_STATE
2026-09-29 03:24:09 [cefQuery] QUERY_OSC_SET_PAINTING
2026-09-29 03:24:09 [cefQuery] QUERY_WIN_OPEN_OSC
2026-09-29 03:24:09 [window] HIDE (page requested)
2026-09-29 03:24:09 [cefQuery] QUERY_OSC_SET_PAINTING
2026-09-29 03:24:09 [cefQuery] QUERY_WIN_CLOSE_OSC
2026-09-29 03:24:09 [cefQuery] QUERY_OSC_SET_DISPLAY_RECTS
2026-09-29 03:24:09 [window] SHOW
2026-09-29 03:24:09 [cefQuery] QUERY_OSC_SET_DISPLAY_RECTS
2026-09-29 03:24:09 [window] HIDE (+close event fired)
2026-09-29 03:24:09 [cefQuery] QUERY_OSC_SET_DISPLAY_RECTS
2026-09-29 03:24:09 [cefQuery] QUERY_OSC_SET_DISPLAY_RECTS
2026-09-29 03:24:09 [cefQuery] QUERY_OSC_SET_DISPLAY_RECTS
2026-09-29 03:24:09 [cefQuery] QUERY_OSC_SET_DISPLAY_RECTS
2026-09-29 03:24:09 [page:Error] 2026-09-29 03:24:09.884  ERROR  main.common/telemetryService- "Attempted to end a performance measurement 'CLOSE_OSC' without starting it!"
2026-09-29 03:24:09 [cefQuery] QUERY_FULLSCREEN_STATE
2026-09-29 03:24:09 [cefQuery] QUERY_OSC_SET_PAINTING
2026-09-29 03:24:09 [window] SHOW
2026-09-29 03:24:09 [window] HIDE (+close event fired)
2026-09-29 03:24:10 [page:Error] 2026-09-29 03:24:10.027  ERROR  osc/shadowplayService- "ERROR, Coplay Enabled request failed: " {
  "data": null,
  "status": -1,
  "config": {
    "method": "GET",
    "transformRequest": [
      null
    ],
    "transformResponse": [
      null,
      null
    ],
    "headers": {
      "X_LOCAL_SECURITY_COOKIE": "",
      "Accept": "application/json, text/plain, */*"
    },
    "url": "http://localhost:59001/ShadowPlay/v.1.0/CoPlay/Enable",
    "params": {},
    "retriesRemaining": 0,
    "timeout": {}
  },
  "statusText": ""
}
2026-09-29 03:24:10 [page:Error] 2026-09-29 03:24:10.028  ERROR  osc/shadowplayService- "ERROR, Coplay Enabled request failed: " {
  "data": null,
  "status": -1,
  "config": {
    "method": "GET",
    "transformRequest": [
      null
    ],
    "transformResponse": [
      null,
      null
    ],
    "headers": {
      "X_LOCAL_SECURITY_COOKIE": "",
      "Accept": "application/json, text/plain, */*"
    },
    "url": "http://localhost:59001/ShadowPlay/v.1.0/CoPlay/Enable",
    "params": {},
    "retriesRemaining": 0,
    "timeout": {}
  },
  "statusText": ""
}
2026-09-29 03:24:10 [page:Error] 2026-09-29 03:24:10.029  ERROR  osc/shadowplayService- "ERROR, Coplay Enabled request failed: " {
  "data": null,
  "status": -1,
  "config": {
    "method": "GET",
    "transformRequest": [
      null
    ],
    "transformResponse": [
      null,
      null
    ],
    "headers": {
      "X_LOCAL_SECURITY_COOKIE": "",
      "Accept": "application/json, text/plain, */*"
    },
    "url": "http://localhost:59001/ShadowPlay/v.1.0/CoPlay/Enable",
    "params": {},
    "retriesRemaining": 0,
    "timeout": {}
  },
  "statusText": ""
}
2026-09-29 03:24:10 [page:Error] 2026-09-29 03:24:10.030  ERROR  osc/shadowplayService- "ERROR, Coplay Enabled request failed: " {
  "data": null,
  "status": -1,
  "config": {
    "method": "GET",
    "transformRequest": [
      null
    ],
    "transformResponse": [
      null,
      null
    ],
    "headers": {
      "X_LOCAL_SECURITY_COOKIE": "",
      "Accept": "application/json, text/plain, */*"
    },
    "url": "http://localhost:59001/ShadowPlay/v.1.0/CoPlay/Enable",
    "params": {},
    "retriesRemaining": 0,
    "timeout": {}
  },
  "statusText": ""
}
2026-09-29 03:24:10 [cefQuery] QUERY_OSC_SET_DISPLAY_RECTS
2026-09-29 03:24:10 [cefQuery] QUERY_WRITE_SHARED_STORAGE
2026-09-29 03:24:10 [cefQuery] QUERY_OSC_SET_DISPLAY_RECTS
2026-09-29 03:24:10 [cefQuery] QUERY_WIN_CLOSE_OSC
2026-09-29 03:24:10 [window] SHOW
2026-09-29 03:24:10 [cefQuery] QUERY_OSC_SET_DISPLAY_RECTS
2026-09-29 03:24:10 [window] HIDE (page requested)
2026-09-29 03:24:10 [cefQuery] QUERY_OSC_SET_DISPLAY_RECTS
2026-09-29 03:24:10 [page:Error] 2026-09-29 03:24:10.152  ERROR  osc/shadowplayService- "ERROR, Coplay Enabled request failed: " {
  "data": null,
  "status": -1,
  "config": {
    "method": "GET",
    "transformRequest": [
      null
    ],
    "transformResponse": [
      null,
      null
    ],
    "headers": {
      "X_LOCAL_SECURITY_COOKIE": "",
      "Accept": "application/json, text/plain, */*"
    },
    "url": "http://localhost:59001/ShadowPlay/v.1.0/CoPlay/Enable",
    "params": {},
    "retriesRemaining": 0,
    "timeout": {}
  },
  "statusText": ""
}
2026-09-29 03:24:10 [page:Error] 2026-09-29 03:24:10.153  ERROR  osc/shadowplayService- "ERROR, Coplay Enabled request failed: " {
  "data": null,
  "status": -1,
  "config": {
    "method": "GET",
    "transformRequest": [
      null
    ],
    "transformResponse": [
      null,
      null
    ],
    "headers": {
      "X_LOCAL_SECURITY_COOKIE": "",
      "Accept": "application/json, text/plain, */*"
    },
    "url": "http://localhost:59001/ShadowPlay/v.1.0/CoPlay/Enable",
    "params": {},
    "retriesRemaining": 0,
    "timeout": {}
  },
  "statusText": ""
}
2026-09-29 03:24:10 [page:Error] 2026-09-29 03:24:10.154  ERROR  osc/shadowplayService- "ERROR, Coplay Enabled request failed: " {
  "data": null,
  "status": -1,
  "config": {
    "method": "GET",
    "transformRequest": [
      null
    ],
    "transformResponse": [
      null,
      null
    ],
    "headers": {
      "X_LOCAL_SECURITY_COOKIE": "",
      "Accept": "application/json, text/plain, */*"
    },
    "url": "http://localhost:59001/ShadowPlay/v.1.0/CoPlay/Enable",
    "params": {},
    "retriesRemaining": 0,
    "timeout": {}
  },
  "statusText": ""
}
2026-09-29 03:24:10 [page:Error] 2026-09-29 03:24:10.154  ERROR  osc/shadowplayService- "ERROR, Coplay Enabled request failed: " {
  "data": null,
  "status": -1,
  "config": {
    "method": "GET",
    "transformRequest": [
      null
    ],
    "transformResponse": [
      null,
      null
    ],
    "headers": {
      "X_LOCAL_SECURITY_COOKIE": "",
      "Accept": "application/json, text/plain, */*"
    },
    "url": "http://localhost:59001/ShadowPlay/v.1.0/CoPlay/Enable",
    "params": {},
    "retriesRemaining": 0,
    "timeout": {}
  },
  "statusText": ""
}
2026-09-29 03:24:10 [page:Error] 2026-09-29 03:24:10.154  ERROR  osc/shadowplayService- "ERROR, Coplay Enabled request failed: " {
  "data": null,
  "status": -1,
  "config": {
    "method": "GET",
    "transformRequest": [
      null
    ],
    "transformResponse": [
      null,
      null
    ],
    "headers": {
      "X_LOCAL_SECURITY_COOKIE": "",
      "Accept": "application/json, text/plain, */*"
    },
    "url": "http://localhost:59001/ShadowPlay/v.1.0/CoPlay/Enable",
    "params": {},
    "retriesRemaining": 0,
    "timeout": {}
  },
  "statusText": ""
}
2026-09-29 03:24:10 [page:Error] 2026-09-29 03:24:10.155  ERROR  osc/shadowplayService- "ERROR, Coplay Enabled request failed: " {
  "data": null,
  "status": -1,
  "config": {
    "method": "GET",
    "transformRequest": [
      null
    ],
    "transformResponse": [
      null,
      null
    ],
    "headers": {
      "X_LOCAL_SECURITY_COOKIE": "",
      "Accept": "application/json, text/plain, */*"
    },
    "url": "http://localhost:59001/ShadowPlay/v.1.0/CoPlay/Enable",
    "params": {},
    "retriesRemaining": 0,
    "timeout": {}
  },
  "statusText": ""
}
2026-09-29 03:24:10 [page:Error] 2026-09-29 03:24:10.155  ERROR  osc/shadowplayService- "ERROR, Coplay Enabled request failed: " {
  "data": null,
  "status": -1,
  "config": {
    "method": "GET",
    "transformRequest": [
      null
    ],
    "transformResponse": [
      null,
      null
    ],
    "headers": {
      "X_LOCAL_SECURITY_COOKIE": "",
      "Accept": "application/json, text/plain, */*"
    },
    "url": "http://localhost:59001/ShadowPlay/v.1.0/CoPlay/Enable",
    "params": {},
    "retriesRemaining": 0,
    "timeout": {}
  },
  "statusText": ""
}
2026-09-29 03:24:10 [page:Error] 2026-09-29 03:24:10.155  ERROR  osc/shadowplayService- "ERROR, Coplay Enabled request failed: " {
  "data": null,
  "status": -1,
  "config": {
    "method": "GET",
    "transformRequest": [
      null
    ],
    "transformResponse": [
      null,
      null
    ],
    "headers": {
      "X_LOCAL_SECURITY_COOKIE": "",
      "Accept": "application/json, text/plain, */*"
    },
    "url": "http://localhost:59001/ShadowPlay/v.1.0/CoPlay/Enable",
    "params": {},
    "retriesRemaining": 0,
    "timeout": {}
  },
  "statusText": ""
}
2026-09-29 03:24:10 [page:Error] 2026-09-29 03:24:10.155  ERROR  osc/shadowplayService- "ERROR, Coplay Enabled request failed: " {
  "data": null,
  "status": -1,
  "config": {
    "method": "GET",
    "transformRequest": [
      null
    ],
    "transformResponse": [
      null,
      null
    ],
    "headers": {
      "X_LOCAL_SECURITY_COOKIE": "",
      "Accept": "application/json, text/plain, */*"
    },
    "url": "http://localhost:59001/ShadowPlay/v.1.0/CoPlay/Enable",
    "params": {},
    "retriesRemaining": 0,
    "timeout": {}
  },
  "statusText": ""
}
2026-09-29 03:24:10 [cefQuery] QUERY_OSC_SET_DISPLAY_RECTS
2026-09-29 03:24:10 [cefQuery] QUERY_OSC_SET_DISPLAY_RECTS
2026-09-29 03:24:10 [cefQuery] QUERY_OSC_SET_DISPLAY_RECTS
2026-09-29 03:24:10 [page:Error] 2026-09-29 03:24:10.163  ERROR  osc/shadowplayService- "ERROR, Coplay Enabled request failed: " {
  "data": null,
  "status": -1,
  "config": {
    "method": "GET",
    "transformRequest": [
      null
    ],
    "transformResponse": [
      null,
      null
    ],
    "headers": {
      "X_LOCAL_SECURITY_COOKIE": "",
      "Accept": "application/json, text/plain, */*"
    },
    "url": "http://localhost:59001/ShadowPlay/v.1.0/CoPlay/Enable",
    "params": {},
    "retriesRemaining": 0,
    "timeout": {}
  },
  "statusText": ""
}
2026-09-29 03:24:10 [page:Error] 2026-09-29 03:24:10.163  ERROR  osc/shadowplayService- "ERROR, Coplay Enabled request failed: " {
  "data": null,
  "status": -1,
  "config": {
    "method": "GET",
    "transformRequest": [
      null
    ],
    "transformResponse": [
      null,
      null
    ],
    "headers": {
      "X_LOCAL_SECURITY_COOKIE": "",
      "Accept": "application/json, text/plain, */*"
    },
    "url": "http://localhost:59001/ShadowPlay/v.1.0/CoPlay/Enable",
    "params": {},
    "retriesRemaining": 0,
    "timeout": {}
  },
  "statusText": ""
}
2026-09-29 03:24:10 [page:Error] 2026-09-29 03:24:10.164  ERROR  osc/shadowplayService- "ERROR, Coplay Enabled request failed: " {
  "data": null,
  "status": -1,
  "config": {
    "method": "GET",
    "transformRequest": [
      null
    ],
    "transformResponse": [
      null,
      null
    ],
    "headers": {
      "X_LOCAL_SECURITY_COOKIE": "",
      "Accept": "application/json, text/plain, */*"
    },
    "url": "http://localhost:59001/ShadowPlay/v.1.0/CoPlay/Enable",
    "params": {},
    "retriesRemaining": 0,
    "timeout": {}
  },
  "statusText": ""
}
2026-09-29 03:24:10 [page:Error] 2026-09-29 03:24:10.164  ERROR  osc/shadowplayService- "ERROR, Coplay Enabled request failed: " {
  "data": null,
  "status": -1,
  "config": {
    "method": "GET",
    "transformRequest": [
      null
    ],
    "transformResponse": [
      null,
      null
    ],
    "headers": {
      "X_LOCAL_SECURITY_COOKIE": "",
      "Accept": "application/json, text/plain, */*"
    },
    "url": "http://localhost:59001/ShadowPlay/v.1.0/CoPlay/Enable",
    "params": {},
    "retriesRemaining": 0,
    "timeout": {}
  },
  "statusText": ""
}
2026-09-29 03:24:10 [page:Error] 2026-09-29 03:24:10.164  ERROR  osc/shadowplayService- "ERROR, Coplay Enabled request failed: " {
  "data": null,
  "status": -1,
  "config": {
    "method": "GET",
    "transformRequest": [
      null
    ],
    "transformResponse": [
      null,
      null
    ],
    "headers": {
      "X_LOCAL_SECURITY_COOKIE": "",
      "Accept": "application/json, text/plain, */*"
    },
    "url": "http://localhost:59001/ShadowPlay/v.1.0/CoPlay/Enable",
    "params": {},
    "retriesRemaining": 0,
    "timeout": {}
  },
  "statusText": ""
}
2026-09-29 03:24:10 [page:Error] 2026-09-29 03:24:10.164  ERROR  osc/shadowplayService- "ERROR, Coplay Enabled request failed: " {
  "data": null,
  "status": -1,
  "config": {
    "method": "GET",
    "transformRequest": [
      null
    ],
    "transformResponse": [
      null,
      null
    ],
    "headers": {
      "X_LOCAL_SECURITY_COOKIE": "",
      "Accept": "application/json, text/plain, */*"
    },
    "url": "http://localhost:59001/ShadowPlay/v.1.0/CoPlay/Enable",
    "params": {},
    "retriesRemaining": 0,
    "timeout": {}
  },
  "statusText": ""
}
2026-09-29 03:24:10 [page:Error] 2026-09-29 03:24:10.165  ERROR  osc/shadowplayService- "ERROR, Coplay Enabled request failed: " {
  "data": null,
  "status": -1,
  "config": {
    "method": "GET",
    "transformRequest": [
      null
    ],
    "transformResponse": [
      null,
      null
    ],
    "headers": {
      "X_LOCAL_SECURITY_COOKIE": "",
      "Accept": "application/json, text/plain, */*"
    },
    "url": "http://localhost:59001/ShadowPlay/v.1.0/CoPlay/Enable",
    "params": {},
    "retriesRemaining": 0,
    "timeout": {}
  },
  "statusText": ""
}
2026-09-29 03:24:10 [page:Error] 2026-09-29 03:24:10.165  ERROR  osc/shadowplayService- "ERROR, Coplay Enabled request failed: " {
  "data": null,
  "status": -1,
  "config": {
    "method": "GET",
    "transformRequest": [
      null
    ],
    "transformResponse": [
      null,
      null
    ],
    "headers": {
      "X_LOCAL_SECURITY_COOKIE": "",
      "Accept": "application/json, text/plain, */*"
    },
    "url": "http://localhost:59001/ShadowPlay/v.1.0/CoPlay/Enable",
    "params": {},
    "retriesRemaining": 0,
    "timeout": {}
  },
  "statusText": ""
}
2026-09-29 03:24:10 [page:Error] 2026-09-29 03:24:10.165  ERROR  osc/shadowplayService- "ERROR, Coplay Enabled request failed: " {
  "data": null,
  "status": -1,
  "config": {
    "method": "GET",
    "transformRequest": [
      null
    ],
    "transformResponse": [
      null,
      null
    ],
    "headers": {
      "X_LOCAL_SECURITY_COOKIE": "",
      "Accept": "application/json, text/plain, */*"
    },
    "url": "http://localhost:59001/ShadowPlay/v.1.0/CoPlay/Enable",
    "params": {},
    "retriesRemaining": 0,
    "timeout": {}
  },
  "statusText": ""
}
2026-09-29 03:24:10 [page:Error] 2026-09-29 03:24:10.165  ERROR  osc/shadowplayService- "ERROR, Coplay Enabled request failed: " {
  "data": null,
  "status": -1,
  "config": {
    "method": "GET",
    "transformRequest": [
      null
    ],
    "transformResponse": [
      null,
      null
    ],
    "headers": {
      "X_LOCAL_SECURITY_COOKIE": "",
      "Accept": "application/json, text/plain, */*"
    },
    "url": "http://localhost:59001/ShadowPlay/v.1.0/CoPlay/Enable",
    "params": {},
    "retriesRemaining": 0,
    "timeout": {}
  },
  "statusText": ""
}
2026-09-29 03:24:10 [page:Error] 2026-09-29 03:24:10.166  ERROR  osc/shadowplayService- "ERROR, Coplay Enabled request failed: " {
  "data": null,
  "status": -1,
  "config": {
    "method": "GET",
    "transformRequest": [
      null
    ],
    "transformResponse": [
      null,
      null
    ],
    "headers": {
      "X_LOCAL_SECURITY_COOKIE": "",
      "Accept": "application/json, text/plain, */*"
    },
    "url": "http://localhost:59001/ShadowPlay/v.1.0/CoPlay/Enable",
    "params": {},
    "retriesRemaining": 0,
    "timeout": {}
  },
  "statusText": ""
}
2026-09-29 03:24:10 [page:Error] 2026-09-29 03:24:10.166  ERROR  osc/shadowplayService- "ERROR, Coplay Enabled request failed: " {
  "data": null,
  "status": -1,
  "config": {
    "method": "GET",
    "transformRequest": [
      null
    ],
    "transformResponse": [
      null,
      null
    ],
    "headers": {
      "X_LOCAL_SECURITY_COOKIE": "",
      "Accept": "application/json, text/plain, */*"
    },
    "url": "http://localhost:59001/ShadowPlay/v.1.0/CoPlay/Enable",
    "params": {},
    "retriesRemaining": 0,
    "timeout": {}
  },
  "statusText": ""
}
2026-09-29 03:24:10 [page:Error] 2026-09-29 03:24:10.168  ERROR  osc/shadowplayService- "ERROR, Coplay Enabled request failed: " {
  "data": null,
  "status": -1,
  "config": {
    "method": "GET",
    "transformRequest": [
      null
    ],
    "transformResponse": [
      null,
      null
    ],
    "headers": {
      "X_LOCAL_SECURITY_COOKIE": "",
      "Accept": "application/json, text/plain, */*"
    },
    "url": "http://localhost:59001/ShadowPlay/v.1.0/CoPlay/Enable",
    "params": {},
    "retriesRemaining": 0,
    "timeout": {}
  },
  "statusText": ""
}
2026-09-29 03:24:10 [page:Error] 2026-09-29 03:24:10.181  ERROR  osc/shadowplayService- "ERROR, Coplay Enabled request failed: " {
  "data": null,
  "status": -1,
  "config": {
    "method": "GET",
    "transformRequest": [
      null
    ],
    "transformResponse": [
      null,
      null
    ],
    "headers": {
      "X_LOCAL_SECURITY_COOKIE": "",
      "Accept": "application/json, text/plain, */*"
    },
    "url": "http://localhost:59001/ShadowPlay/v.1.0/CoPlay/Enable",
    "params": {},
    "retriesRemaining": 0,
    "timeout": {}
  },
  "statusText": ""
}
2026-09-29 03:24:10 [page:Error] 2026-09-29 03:24:10.183  ERROR  osc/shadowplayService- "ERROR, Coplay Enabled request failed: " {
  "data": null,
  "status": -1,
  "config": {
    "method": "GET",
    "transformRequest": [
      null
    ],
    "transformResponse": [
      null,
      null
    ],
    "headers": {
      "X_LOCAL_SECURITY_COOKIE": "",
      "Accept": "application/json, text/plain, */*"
    },
    "url": "http://localhost:59001/ShadowPlay/v.1.0/CoPlay/Enable",
    "params": {},
    "retriesRemaining": 0,
    "timeout": {}
  },
  "statusText": ""
}
2026-09-29 03:24:10 [cefQuery] QUERY_OSC_SET_DISPLAY_RECTS
2026-09-29 03:24:10 [cefQuery] QUERY_OSC_SET_DISPLAY_RECTS
2026-09-29 03:24:10 [page:Error] 2026-09-29 03:24:10.189  ERROR  osc/shadowplayService- "ERROR, Coplay Enabled request failed: " {
  "data": null,
  "status": -1,
  "config": {
    "method": "GET",
    "transformRequest": [
      null
    ],
    "transformResponse": [
      null,
      null
    ],
    "headers": {
      "X_LOCAL_SECURITY_COOKIE": "",
      "Accept": "application/json, text/plain, */*"
    },
    "url": "http://localhost:59001/ShadowPlay/v.1.0/CoPlay/Enable",
    "params": {},
    "retriesRemaining": 0,
    "timeout": {}
  },
  "statusText": ""
}
2026-09-29 03:24:10 [page:Error] 2026-09-29 03:24:10.190  ERROR  osc/shadowplayService- "ERROR, Coplay Enabled request failed: " {
  "data": null,
  "status": -1,
  "config": {
    "method": "GET",
    "transformRequest": [
      null
    ],
    "transformResponse": [
      null,
      null
    ],
    "headers": {
      "X_LOCAL_SECURITY_COOKIE": "",
      "Accept": "application/json, text/plain, */*"
    },
    "url": "http://localhost:59001/ShadowPlay/v.1.0/CoPlay/Enable",
    "params": {},
    "retriesRemaining": 0,
    "timeout": {}
  },
  "statusText": ""
}
2026-09-29 03:24:10 [page:Error] 2026-09-29 03:24:10.191  ERROR  osc/shadowplayService- "ERROR, Coplay Enabled request failed: " {
  "data": null,
  "status": -1,
  "config": {
    "method": "GET",
    "transformRequest": [
      null
    ],
    "transformResponse": [
      null,
      null
    ],
    "headers": {
      "X_LOCAL_SECURITY_COOKIE": "",
      "Accept": "application/json, text/plain, */*"
    },
    "url": "http://localhost:59001/ShadowPlay/v.1.0/CoPlay/Enable",
    "params": {},
    "retriesRemaining": 0,
    "timeout": {}
  },
  "statusText": ""
}
2026-09-29 03:24:10 [page:Error] 2026-09-29 03:24:10.192  ERROR  osc/shadowplayService- "ERROR, Coplay Enabled request failed: " {
  "data": null,
  "status": -1,
  "config": {
    "method": "GET",
    "transformRequest": [
      null
    ],
    "transformResponse": [
      null,
      null
    ],
    "headers": {
      "X_LOCAL_SECURITY_COOKIE": "",
      "Accept": "application/json, text/plain, */*"
    },
    "url": "http://localhost:59001/ShadowPlay/v.1.0/CoPlay/Enable",
    "params": {},
    "retriesRemaining": 0,
    "timeout": {}
  },
  "statusText": ""
}
2026-09-29 03:24:10 [page:Error] 2026-09-29 03:24:10.192  ERROR  osc/shadowplayService- "ERROR, Coplay Enabled request failed: " {
  "data": null,
  "status": -1,
  "config": {
    "method": "GET",
    "transformRequest": [
      null
    ],
    "transformResponse": [
      null,
      null
    ],
    "headers": {
      "X_LOCAL_SECURITY_COOKIE": "",
      "Accept": "application/json, text/plain, */*"
    },
    "url": "http://localhost:59001/ShadowPlay/v.1.0/CoPlay/Enable",
    "params": {},
    "retriesRemaining": 0,
    "timeout": {}
  },
  "statusText": ""
}
2026-09-29 03:24:10 [page:Error] 2026-09-29 03:24:10.192  ERROR  osc/shadowplayService- "ERROR, Coplay Enabled request failed: " {
  "data": null,
  "status": -1,
  "config": {
    "method": "GET",
    "transformRequest": [
      null
    ],
    "transformResponse": [
      null,
      null
    ],
    "headers": {
      "X_LOCAL_SECURITY_COOKIE": "",
      "Accept": "application/json, text/plain, */*"
    },
    "url": "http://localhost:59001/ShadowPlay/v.1.0/CoPlay/Enable",
    "params": {},
    "retriesRemaining": 0,
    "timeout": {}
  },
  "statusText": ""
}
2026-09-29 03:24:10 [page:Error] 2026-09-29 03:24:10.194  ERROR  osc/shadowplayService- "ERROR, Coplay Enabled request failed: " {
  "data": null,
  "status": -1,
  "config": {
    "method": "GET",
    "transformRequest": [
      null
    ],
    "transformResponse": [
      null,
      null
    ],
    "headers": {
      "X_LOCAL_SECURITY_COOKIE": "",
      "Accept": "application/json, text/plain, */*"
    },
    "url": "http://localhost:59001/ShadowPlay/v.1.0/CoPlay/Enable",
    "params": {},
    "retriesRemaining": 0,
    "timeout": {}
  },
  "statusText": ""
}
2026-09-29 03:24:10 [page:Error] 2026-09-29 03:24:10.195  ERROR  osc/shadowplayService- "ERROR, Coplay Enabled request failed: " {
  "data": null,
  "status": -1,
  "config": {
    "method": "GET",
    "transformRequest": [
      null
    ],
    "transformResponse": [
      null,
      null
    ],
    "headers": {
      "X_LOCAL_SECURITY_COOKIE": "",
      "Accept": "application/json, text/plain, */*"
    },
    "url": "http://localhost:59001/ShadowPlay/v.1.0/CoPlay/Enable",
    "params": {},
    "retriesRemaining": 0,
    "timeout": {}
  },
  "statusText": ""
}
2026-09-29 03:24:10 [page:Error] 2026-09-29 03:24:10.196  ERROR  osc/shadowplayService- "ERROR, Coplay Enabled request failed: " {
  "data": null,
  "status": -1,
  "config": {
    "method": "GET",
    "transformRequest": [
      null
    ],
    "transformResponse": [
      null,
      null
    ],
    "headers": {
      "X_LOCAL_SECURITY_COOKIE": "",
      "Accept": "application/json, text/plain, */*"
    },
    "url": "http://localhost:59001/ShadowPlay/v.1.0/CoPlay/Enable",
    "params": {},
    "retriesRemaining": 0,
    "timeout": {}
  },
  "statusText": ""
}
2026-09-29 03:24:10 [page:Error] 2026-09-29 03:24:10.196  ERROR  osc/shadowplayService- "ERROR, Coplay Enabled request failed: " {
  "data": null,
  "status": -1,
  "config": {
    "method": "GET",
    "transformRequest": [
      null
    ],
    "transformResponse": [
      null,
      null
    ],
    "headers": {
      "X_LOCAL_SECURITY_COOKIE": "",
      "Accept": "application/json, text/plain, */*"
    },
    "url": "http://localhost:59001/ShadowPlay/v.1.0/CoPlay/Enable",
    "params": {},
    "retriesRemaining": 0,
    "timeout": {}
  },
  "statusText": ""
}
2026-09-29 03:24:10 [page:Error] 2026-09-29 03:24:10.197  ERROR  osc/shadowplayService- "ERROR, Coplay Enabled request failed: " {
  "data": null,
  "status": -1,
  "config": {
    "method": "GET",
    "transformRequest": [
      null
    ],
    "transformResponse": [
      null,
      null
    ],
    "headers": {
      "X_LOCAL_SECURITY_COOKIE": "",
      "Accept": "application/json, text/plain, */*"
    },
    "url": "http://localhost:59001/ShadowPlay/v.1.0/CoPlay/Enable",
    "params": {},
    "retriesRemaining": 0,
    "timeout": {}
  },
  "statusText": ""
}
2026-09-29 03:24:10 [page:Error] 2026-09-29 03:24:10.199  ERROR  osc/shadowplayService- "ERROR, Coplay Enabled request failed: " {
  "data": null,
  "status": -1,
  "config": {
    "method": "GET",
    "transformRequest": [
      null
    ],
    "transformResponse": [
      null,
      null
    ],
    "headers": {
      "X_LOCAL_SECURITY_COOKIE": "",
      "Accept": "application/json, text/plain, */*"
    },
    "url": "http://localhost:59001/ShadowPlay/v.1.0/CoPlay/Enable",
    "params": {},
    "retriesRemaining": 0,
    "timeout": {}
  },
  "statusText": ""
}
2026-09-29 03:24:10 [page:Error] 2026-09-29 03:24:10.199  ERROR  osc/shadowplayService- "ERROR, Coplay Enabled request failed: " {
  "data": null,
  "status": -1,
  "config": {
    "method": "GET",
    "transformRequest": [
      null
    ],
    "transformResponse": [
      null,
      null
    ],
    "headers": {
      "X_LOCAL_SECURITY_COOKIE": "",
      "Accept": "application/json, text/plain, */*"
    },
    "url": "http://localhost:59001/ShadowPlay/v.1.0/CoPlay/Enable",
    "params": {},
    "retriesRemaining": 0,
    "timeout": {}
  },
  "statusText": ""
}
2026-09-29 03:24:10 [page:Error] 2026-09-29 03:24:10.200  ERROR  osc/shadowplayService- "ERROR, Coplay Enabled request failed: " {
  "data": null,
  "status": -1,
  "config": {
    "method": "GET",
    "transformRequest": [
      null
    ],
    "transformResponse": [
      null,
      null
    ],
    "headers": {
      "X_LOCAL_SECURITY_COOKIE": "",
      "Accept": "application/json, text/plain, */*"
    },
    "url": "http://localhost:59001/ShadowPlay/v.1.0/CoPlay/Enable",
    "params": {},
    "retriesRemaining": 0,
    "timeout": {}
  },
  "statusText": ""
}
2026-09-29 03:24:10 [page:Error] 2026-09-29 03:24:10.200  ERROR  osc/shadowplayService- "ERROR, Coplay Enabled request failed: " {
  "data": null,
  "status": -1,
  "config": {
    "method": "GET",
    "transformRequest": [
      null
    ],
    "transformResponse": [
      null,
      null
    ],
    "headers": {
      "X_LOCAL_SECURITY_COOKIE": "",
      "Accept": "application/json, text/plain, */*"
    },
    "url": "http://localhost:59001/ShadowPlay/v.1.0/CoPlay/Enable",
    "params": {},
    "retriesRemaining": 0,
    "timeout": {}
  },
  "statusText": ""
}
2026-09-29 03:24:10 [page:Error] 2026-09-29 03:24:10.200  ERROR  osc/shadowplayService- "ERROR, Coplay Enabled request failed: " {
  "data": null,
  "status": -1,
  "config": {
    "method": "GET",
    "transformRequest": [
      null
    ],
    "transformResponse": [
      null,
      null
    ],
    "headers": {
      "X_LOCAL_SECURITY_COOKIE": "",
      "Accept": "application/json, text/plain, */*"
    },
    "url": "http://localhost:59001/ShadowPlay/v.1.0/CoPlay/Enable",
    "params": {},
    "retriesRemaining": 0,
    "timeout": {}
  },
  "statusText": ""
}
2026-09-29 03:24:10 [page:Error] 2026-09-29 03:24:10.201  ERROR  osc/shadowplayService- "ERROR, Coplay Enabled request failed: " {
  "data": null,
  "status": -1,
  "config": {
    "method": "GET",
    "transformRequest": [
      null
    ],
    "transformResponse": [
      null,
      null
    ],
    "headers": {
      "X_LOCAL_SECURITY_COOKIE": "",
      "Accept": "application/json, text/plain, */*"
    },
    "url": "http://localhost:59001/ShadowPlay/v.1.0/CoPlay/Enable",
    "params": {},
    "retriesRemaining": 0,
    "timeout": {}
  },
  "statusText": ""
}
2026-09-29 03:24:10 [page:Error] 2026-09-29 03:24:10.201  ERROR  osc/shadowplayService- "ERROR, Coplay Enabled request failed: " {
  "data": null,
  "status": -1,
  "config": {
    "method": "GET",
    "transformRequest": [
      null
    ],
    "transformResponse": [
      null,
      null
    ],
    "headers": {
      "X_LOCAL_SECURITY_COOKIE": "",
      "Accept": "application/json, text/plain, */*"
    },
    "url": "http://localhost:59001/ShadowPlay/v.1.0/CoPlay/Enable",
    "params": {},
    "retriesRemaining": 0,
    "timeout": {}
  },
  "statusText": ""
}
2026-09-29 03:24:10 [page:Error] 2026-09-29 03:24:10.201  ERROR  osc/shadowplayService- "ERROR, Coplay Enabled request failed: " {
  "data": null,
  "status": -1,
  "config": {
    "method": "GET",
    "transformRequest": [
      null
    ],
    "transformResponse": [
      null,
      null
    ],
    "headers": {
      "X_LOCAL_SECURITY_COOKIE": "",
      "Accept": "application/json, text/plain, */*"
    },
    "url": "http://localhost:59001/ShadowPlay/v.1.0/CoPlay/Enable",
    "params": {},
    "retriesRemaining": 0,
    "timeout": {}
  },
  "statusText": ""
}
2026-09-29 03:24:10 [page:Error] 2026-09-29 03:24:10.202  ERROR  osc/shadowplayService- "ERROR, Coplay Enabled request failed: " {
  "data": null,
  "status": -1,
  "config": {
    "method": "GET",
    "transformRequest": [
      null
    ],
    "transformResponse": [
      null,
      null
    ],
    "headers": {
      "X_LOCAL_SECURITY_COOKIE": "",
      "Accept": "application/json, text/plain, */*"
    },
    "url": "http://localhost:59001/ShadowPlay/v.1.0/CoPlay/Enable",
    "params": {},
    "retriesRemaining": 0,
    "timeout": {}
  },
  "statusText": ""
}
2026-09-29 03:24:10 [page:Error] 2026-09-29 03:24:10.205  ERROR  osc/shadowplayService- "ERROR, Coplay Enabled request failed: " {
  "data": null,
  "status": -1,
  "config": {
    "method": "GET",
    "transformRequest": [
      null
    ],
    "transformResponse": [
      null,
      null
    ],
    "headers": {
      "X_LOCAL_SECURITY_COOKIE": "",
      "Accept": "application/json, text/plain, */*"
    },
    "url": "http://localhost:59001/ShadowPlay/v.1.0/CoPlay/Enable",
    "params": {},
    "retriesRemaining": 0,
    "timeout": {}
  },
  "statusText": ""
}
2026-09-29 03:24:10 [page:Error] 2026-09-29 03:24:10.207  ERROR  osc/shadowplayService- "ERROR, Coplay Enabled request failed: " {
  "data": null,
  "status": -1,
  "config": {
    "method": "GET",
    "transformRequest": [
      null
    ],
    "transformResponse": [
      null,
      null
    ],
    "headers": {
      "X_LOCAL_SECURITY_COOKIE": "",
      "Accept": "application/json, text/plain, */*"
    },
    "url": "http://localhost:59001/ShadowPlay/v.1.0/CoPlay/Enable",
    "params": {},
    "retriesRemaining": 0,
    "timeout": {}
  },
  "statusText": ""
}
2026-09-29 03:24:10 [page:Error] 2026-09-29 03:24:10.208  ERROR  osc/shadowplayService- "ERROR, Coplay Enabled request failed: " {
  "data": null,
  "status": -1,
  "config": {
    "method": "GET",
    "transformRequest": [
      null
    ],
    "transformResponse": [
      null,
      null
    ],
    "headers": {
      "X_LOCAL_SECURITY_COOKIE": "",
      "Accept": "application/json, text/plain, */*"
    },
    "url": "http://localhost:59001/ShadowPlay/v.1.0/CoPlay/Enable",
    "params": {},
    "retriesRemaining": 0,
    "timeout": {}
  },
  "statusText": ""
}
2026-09-29 03:24:10 [page:Error] 2026-09-29 03:24:10.208  ERROR  osc/shadowplayService- "ERROR, Coplay Enabled request failed: " {
  "data": null,
  "status": -1,
  "config": {
    "method": "GET",
    "transformRequest": [
      null
    ],
    "transformResponse": [
      null,
      null
    ],
    "headers": {
      "X_LOCAL_SECURITY_COOKIE": "",
      "Accept": "application/json, text/plain, */*"
    },
    "url": "http://localhost:59001/ShadowPlay/v.1.0/CoPlay/Enable",
    "params": {},
    "retriesRemaining": 0,
    "timeout": {}
  },
  "statusText": ""
}
2026-09-29 03:24:10 [page:Error] 2026-09-29 03:24:10.209  ERROR  osc/shadowplayService- "ERROR, Coplay Enabled request failed: " {
  "data": null,
  "status": -1,
  "config": {
    "method": "GET",
    "transformRequest": [
      null
    ],
    "transformResponse": [
      null,
      null
    ],
    "headers": {
      "X_LOCAL_SECURITY_COOKIE": "",
      "Accept": "application/json, text/plain, */*"
    },
    "url": "http://localhost:59001/ShadowPlay/v.1.0/CoPlay/Enable",
    "params": {},
    "retriesRemaining": 0,
    "timeout": {}
  },
  "statusText": ""
}
2026-09-29 03:24:10 [page:Error] 2026-09-29 03:24:10.209  ERROR  osc/shadowplayService- "ERROR, Coplay Enabled request failed: " {
  "data": null,
  "status": -1,
  "config": {
    "method": "GET",
    "transformRequest": [
      null
    ],
    "transformResponse": [
      null,
      null
    ],
    "headers": {
      "X_LOCAL_SECURITY_COOKIE": "",
      "Accept": "application/json, text/plain, */*"
    },
    "url": "http://localhost:59001/ShadowPlay/v.1.0/CoPlay/Enable",
    "params": {},
    "retriesRemaining": 0,
    "timeout": {}
  },
  "statusText": ""
}
2026-09-29 03:24:10 [page:Error] 2026-09-29 03:24:10.209  ERROR  osc/shadowplayService- "ERROR, Coplay Enabled request failed: " {
  "data": null,
  "status": -1,
  "config": {
    "method": "GET",
    "transformRequest": [
      null
    ],
    "transformResponse": [
      null,
      null
    ],
    "headers": {
      "X_LOCAL_SECURITY_COOKIE": "",
      "Accept": "application/json, text/plain, */*"
    },
    "url": "http://localhost:59001/ShadowPlay/v.1.0/CoPlay/Enable",
    "params": {},
    "retriesRemaining": 0,
    "timeout": {}
  },
  "statusText": ""
}
2026-09-29 03:24:10 [page:Error] 2026-09-29 03:24:10.209  ERROR  osc/shadowplayService- "ERROR, Coplay Enabled request failed: " {
  "data": null,
  "status": -1,
  "config": {
    "method": "GET",
    "transformRequest": [
      null
    ],
    "transformResponse": [
      null,
      null
    ],
    "headers": {
      "X_LOCAL_SECURITY_COOKIE": "",
      "Accept": "application/json, text/plain, */*"
    },
    "url": "http://localhost:59001/ShadowPlay/v.1.0/CoPlay/Enable",
    "params": {},
    "retriesRemaining": 0,
    "timeout": {}
  },
  "statusText": ""
}
2026-09-29 03:24:10 [page:Error] 2026-09-29 03:24:10.210  ERROR  osc/shadowplayService- "ERROR, Coplay Enabled request failed: " {
  "data": null,
  "status": -1,
  "config": {
    "method": "GET",
    "transformRequest": [
      null
    ],
    "transformResponse": [
      null,
      null
    ],
    "headers": {
      "X_LOCAL_SECURITY_COOKIE": "",
      "Accept": "application/json, text/plain, */*"
    },
    "url": "http://localhost:59001/ShadowPlay/v.1.0/CoPlay/Enable",
    "params": {},
    "retriesRemaining": 0,
    "timeout": {}
  },
  "statusText": ""
}
2026-09-29 03:24:10 [page:Error] 2026-09-29 03:24:10.210  ERROR  osc/shadowplayService- "ERROR, Coplay Enabled request failed: " {
  "data": null,
  "status": -1,
  "config": {
    "method": "GET",
    "transformRequest": [
      null
    ],
    "transformResponse": [
      null,
      null
    ],
    "headers": {
      "X_LOCAL_SECURITY_COOKIE": "",
      "Accept": "application/json, text/plain, */*"
    },
    "url": "http://localhost:59001/ShadowPlay/v.1.0/CoPlay/Enable",
    "params": {},
    "retriesRemaining": 0,
    "timeout": {}
  },
  "statusText": ""
}
2026-09-29 03:24:10 [page:Error] 2026-09-29 03:24:10.211  ERROR  osc/shadowplayService- "ERROR, Coplay Enabled request failed: " {
  "data": null,
  "status": -1,
  "config": {
    "method": "GET",
    "transformRequest": [
      null
    ],
    "transformResponse": [
      null,
      null
    ],
    "headers": {
      "X_LOCAL_SECURITY_COOKIE": "",
      "Accept": "application/json, text/plain, */*"
    },
    "url": "http://localhost:59001/ShadowPlay/v.1.0/CoPlay/Enable",
    "params": {},
    "retriesRemaining": 0,
    "timeout": {}
  },
  "statusText": ""
}
2026-09-29 03:24:10 [page:Error] 2026-09-29 03:24:10.211  ERROR  osc/shadowplayService- "ERROR, Coplay Enabled request failed: " {
  "data": null,
  "status": -1,
  "config": {
    "method": "GET",
    "transformRequest": [
      null
    ],
    "transformResponse": [
      null,
      null
    ],
    "headers": {
      "X_LOCAL_SECURITY_COOKIE": "",
      "Accept": "application/json, text/plain, */*"
    },
    "url": "http://localhost:59001/ShadowPlay/v.1.0/CoPlay/Enable",
    "params": {},
    "retriesRemaining": 0,
    "timeout": {}
  },
  "statusText": ""
}
2026-09-29 03:24:10 [page:Error] 2026-09-29 03:24:10.213  ERROR  osc/shadowplayService- "ERROR, Coplay Enabled request failed: " {
  "data": null,
  "status": -1,
  "config": {
    "method": "GET",
    "transformRequest": [
      null
    ],
    "transformResponse": [
      null,
      null
    ],
    "headers": {
      "X_LOCAL_SECURITY_COOKIE": "",
      "Accept": "application/json, text/plain, */*"
    },
    "url": "http://localhost:59001/ShadowPlay/v.1.0/CoPlay/Enable",
    "params": {},
    "retriesRemaining": 0,
    "timeout": {}
  },
  "statusText": ""
}
2026-09-29 03:24:10 [page:Error] 2026-09-29 03:24:10.214  ERROR  osc/shadowplayService- "ERROR, Coplay Enabled request failed: " {
  "data": null,
  "status": -1,
  "config": {
    "method": "GET",
    "transformRequest": [
      null
    ],
    "transformResponse": [
      null,
      null
    ],
    "headers": {
      "X_LOCAL_SECURITY_COOKIE": "",
      "Accept": "application/json, text/plain, */*"
    },
    "url": "http://localhost:59001/ShadowPlay/v.1.0/CoPlay/Enable",
    "params": {},
    "retriesRemaining": 0,
    "timeout": {}
  },
  "statusText": ""
}
2026-09-29 03:24:10 [page:Error] 2026-09-29 03:24:10.215  ERROR  osc/shadowplayService- "ERROR, Coplay Enabled request failed: " {
  "data": null,
  "status": -1,
  "config": {
    "method": "GET",
    "transformRequest": [
      null
    ],
    "transformResponse": [
      null,
      null
    ],
    "headers": {
      "X_LOCAL_SECURITY_COOKIE": "",
      "Accept": "application/json, text/plain, */*"
    },
    "url": "http://localhost:59001/ShadowPlay/v.1.0/CoPlay/Enable",
    "params": {},
    "retriesRemaining": 0,
    "timeout": {}
  },
  "statusText": ""
}
2026-09-29 03:24:10 [page:Error] 2026-09-29 03:24:10.215  ERROR  osc/shadowplayService- "ERROR, Coplay Enabled request failed: " {
  "data": null,
  "status": -1,
  "config": {
    "method": "GET",
    "transformRequest": [
      null
    ],
    "transformResponse": [
      null,
      null
    ],
    "headers": {
      "X_LOCAL_SECURITY_COOKIE": "",
      "Accept": "application/json, text/plain, */*"
    },
    "url": "http://localhost:59001/ShadowPlay/v.1.0/CoPlay/Enable",
    "params": {},
    "retriesRemaining": 0,
    "timeout": {}
  },
  "statusText": ""
}
2026-09-29 03:24:10 [page:Error] 2026-09-29 03:24:10.217  ERROR  osc/shadowplayService- "ERROR, Coplay Enabled request failed: " {
  "data": null,
  "status": -1,
  "config": {
    "method": "GET",
    "transformRequest": [
      null
    ],
    "transformResponse": [
      null,
      null
    ],
    "headers": {
      "X_LOCAL_SECURITY_COOKIE": "",
      "Accept": "application/json, text/plain, */*"
    },
    "url": "http://localhost:59001/ShadowPlay/v.1.0/CoPlay/Enable",
    "params": {},
    "retriesRemaining": 0,
    "timeout": {}
  },
  "statusText": ""
}
2026-09-29 03:24:10 [page:Error] 2026-09-29 03:24:10.217  ERROR  osc/shadowplayService- "ERROR, Coplay Enabled request failed: " {
  "data": null,
  "status": -1,
  "config": {
    "method": "GET",
    "transformRequest": [
      null
    ],
    "transformResponse": [
      null,
      null
    ],
    "headers": {
      "X_LOCAL_SECURITY_COOKIE": "",
      "Accept": "application/json, text/plain, */*"
    },
    "url": "http://localhost:59001/ShadowPlay/v.1.0/CoPlay/Enable",
    "params": {},
    "retriesRemaining": 0,
    "timeout": {}
  },
  "statusText": ""
}
2026-09-29 03:24:10 [page:Error] 2026-09-29 03:24:10.218  ERROR  osc/shadowplayService- "ERROR, Coplay Enabled request failed: " {
  "data": null,
  "status": -1,
  "config": {
    "method": "GET",
    "transformRequest": [
      null
    ],
    "transformResponse": [
      null,
      null
    ],
    "headers": {
      "X_LOCAL_SECURITY_COOKIE": "",
      "Accept": "application/json, text/plain, */*"
    },
    "url": "http://localhost:59001/ShadowPlay/v.1.0/CoPlay/Enable",
    "params": {},
    "retriesRemaining": 0,
    "timeout": {}
  },
  "statusText": ""
}
2026-09-29 03:24:10 [page:Error] 2026-09-29 03:24:10.218  ERROR  osc/shadowplayService- "ERROR, Coplay Enabled request failed: " {
  "data": null,
  "status": -1,
  "config": {
    "method": "GET",
    "transformRequest": [
      null
    ],
    "transformResponse": [
      null,
      null
    ],
    "headers": {
      "X_LOCAL_SECURITY_COOKIE": "",
      "Accept": "application/json, text/plain, */*"
    },
    "url": "http://localhost:59001/ShadowPlay/v.1.0/CoPlay/Enable",
    "params": {},
    "retriesRemaining": 0,
    "timeout": {}
  },
  "statusText": ""
}
2026-09-29 03:24:10 [page:Error] 2026-09-29 03:24:10.218  ERROR  osc/shadowplayService- "ERROR, Coplay Enabled request failed: " {
  "data": null,
  "status": -1,
  "config": {
    "method": "GET",
    "transformRequest": [
      null
    ],
    "transformResponse": [
      null,
      null
    ],
    "headers": {
      "X_LOCAL_SECURITY_COOKIE": "",
      "Accept": "application/json, text/plain, */*"
    },
    "url": "http://localhost:59001/ShadowPlay/v.1.0/CoPlay/Enable",
    "params": {},
    "retriesRemaining": 0,
    "timeout": {}
  },
  "statusText": ""
}
2026-09-29 03:24:10 [page:Error] 2026-09-29 03:24:10.218  ERROR  osc/shadowplayService- "ERROR, Coplay Enabled request failed: " {
  "data": null,
  "status": -1,
  "config": {
    "method": "GET",
    "transformRequest": [
      null
    ],
    "transformResponse": [
      null,
      null
    ],
    "headers": {
      "X_LOCAL_SECURITY_COOKIE": "",
      "Accept": "application/json, text/plain, */*"
    },
    "url": "http://localhost:59001/ShadowPlay/v.1.0/CoPlay/Enable",
    "params": {},
    "retriesRemaining": 0,
    "timeout": {}
  },
  "statusText": ""
}
2026-09-29 03:24:10 [page:Error] 2026-09-29 03:24:10.219  ERROR  osc/shadowplayService- "ERROR, Coplay Enabled request failed: " {
  "data": null,
  "status": -1,
  "config": {
    "method": "GET",
    "transformRequest": [
      null
    ],
    "transformResponse": [
      null,
      null
    ],
    "headers": {
      "X_LOCAL_SECURITY_COOKIE": "",
      "Accept": "application/json, text/plain, */*"
    },
    "url": "http://localhost:59001/ShadowPlay/v.1.0/CoPlay/Enable",
    "params": {},
    "retriesRemaining": 0,
    "timeout": {}
  },
  "statusText": ""
}
2026-09-29 03:24:10 [page:Error] 2026-09-29 03:24:10.219  ERROR  osc/shadowplayService- "ERROR, Coplay Enabled request failed: " {
  "data": null,
  "status": -1,
  "config": {
    "method": "GET",
    "transformRequest": [
      null
    ],
    "transformResponse": [
      null,
      null
    ],
    "headers": {
      "X_LOCAL_SECURITY_COOKIE": "",
      "Accept": "application/json, text/plain, */*"
    },
    "url": "http://localhost:59001/ShadowPlay/v.1.0/CoPlay/Enable",
    "params": {},
    "retriesRemaining": 0,
    "timeout": {}
  },
  "statusText": ""
}
2026-09-29 03:24:10 [page:Error] 2026-09-29 03:24:10.219  ERROR  osc/shadowplayService- "ERROR, Coplay Enabled request failed: " {
  "data": null,
  "status": -1,
  "config": {
    "method": "GET",
    "transformRequest": [
      null
    ],
    "transformResponse": [
      null,
      null
    ],
    "headers": {
      "X_LOCAL_SECURITY_COOKIE": "",
      "Accept": "application/json, text/plain, */*"
    },
    "url": "http://localhost:59001/ShadowPlay/v.1.0/CoPlay/Enable",
    "params": {},
    "retriesRemaining": 0,
    "timeout": {}
  },
  "statusText": ""
}
2026-09-29 03:24:10 [page:Error] 2026-09-29 03:24:10.220  ERROR  osc/shadowplayService- "ERROR, Coplay Enabled request failed: " {
  "data": null,
  "status": -1,
  "config": {
    "method": "GET",
    "transformRequest": [
      null
    ],
    "transformResponse": [
      null,
      null
    ],
    "headers": {
      "X_LOCAL_SECURITY_COOKIE": "",
      "Accept": "application/json, text/plain, */*"
    },
    "url": "http://localhost:59001/ShadowPlay/v.1.0/CoPlay/Enable",
    "params": {},
    "retriesRemaining": 0,
    "timeout": {}
  },
  "statusText": ""
}
2026-09-29 03:24:10 [page:Error] 2026-09-29 03:24:10.221  ERROR  osc/shadowplayService- "ERROR, Coplay Enabled request failed: " {
  "data": null,
  "status": -1,
  "config": {
    "method": "GET",
    "transformRequest": [
      null
    ],
    "transformResponse": [
      null,
      null
    ],
    "headers": {
      "X_LOCAL_SECURITY_COOKIE": "",
      "Accept": "application/json, text/plain, */*"
    },
    "url": "http://localhost:59001/ShadowPlay/v.1.0/CoPlay/Enable",
    "params": {},
    "retriesRemaining": 0,
    "timeout": {}
  },
  "statusText": ""
}
2026-09-29 03:24:10 [page:Error] 2026-09-29 03:24:10.221  ERROR  osc/shadowplayService- "ERROR, Coplay Enabled request failed: " {
  "data": null,
  "status": -1,
  "config": {
    "method": "GET",
    "transformRequest": [
      null
    ],
    "transformResponse": [
      null,
      null
    ],
    "headers": {
      "X_LOCAL_SECURITY_COOKIE": "",
      "Accept": "application/json, text/plain, */*"
    },
    "url": "http://localhost:59001/ShadowPlay/v.1.0/CoPlay/Enable",
    "params": {},
    "retriesRemaining": 0,
    "timeout": {}
  },
  "statusText": ""
}
2026-09-29 03:24:10 [page:Error] 2026-09-29 03:24:10.221  ERROR  osc/shadowplayService- "ERROR, Coplay Enabled request failed: " {
  "data": null,
  "status": -1,
  "config": {
    "method": "GET",
    "transformRequest": [
      null
    ],
    "transformResponse": [
      null,
      null
    ],
    "headers": {
      "X_LOCAL_SECURITY_COOKIE": "",
      "Accept": "application/json, text/plain, */*"
    },
    "url": "http://localhost:59001/ShadowPlay/v.1.0/CoPlay/Enable",
    "params": {},
    "retriesRemaining": 0,
    "timeout": {}
  },
  "statusText": ""
}
2026-09-29 03:24:10 [page:Error] 2026-09-29 03:24:10.222  ERROR  osc/shadowplayService- "ERROR, Coplay Enabled request failed: " {
  "data": null,
  "status": -1,
  "config": {
    "method": "GET",
    "transformRequest": [
      null
    ],
    "transformResponse": [
      null,
      null
    ],
    "headers": {
      "X_LOCAL_SECURITY_COOKIE": "",
      "Accept": "application/json, text/plain, */*"
    },
    "url": "http://localhost:59001/ShadowPlay/v.1.0/CoPlay/Enable",
    "params": {},
    "retriesRemaining": 0,
    "timeout": {}
  },
  "statusText": ""
}
2026-09-29 03:24:10 [page:Error] 2026-09-29 03:24:10.222  ERROR  osc/shadowplayService- "ERROR, Coplay Enabled request failed: " {
  "data": null,
  "status": -1,
  "config": {
    "method": "GET",
    "transformRequest": [
      null
    ],
    "transformResponse": [
      null,
      null
    ],
    "headers": {
      "X_LOCAL_SECURITY_COOKIE": "",
      "Accept": "application/json, text/plain, */*"
    },
    "url": "http://localhost:59001/ShadowPlay/v.1.0/CoPlay/Enable",
    "params": {},
    "retriesRemaining": 0,
    "timeout": {}
  },
  "statusText": ""
}
2026-09-29 03:24:10 [window] SHOW
2026-09-29 03:24:10 [page:Error] 2026-09-29 03:24:10.224  ERROR  osc/shadowplayService- "ERROR, Coplay Enabled request failed: " {
  "data": null,
  "status": -1,
  "config": {
    "method": "GET",
    "transformRequest": [
      null
    ],
    "transformResponse": [
      null,
      null
    ],
    "headers": {
      "X_LOCAL_SECURITY_COOKIE": "",
      "Accept": "application/json, text/plain, */*"
    },
    "url": "http://localhost:59001/ShadowPlay/v.1.0/CoPlay/Enable",
    "params": {},
    "retriesRemaining": 0,
    "timeout": {}
  },
  "statusText": ""
}
2026-09-29 03:24:10 [page:Error] 2026-09-29 03:24:10.225  ERROR  osc/shadowplayService- "ERROR, Coplay Enabled request failed: " {
  "data": null,
  "status": -1,
  "config": {
    "method": "GET",
    "transformRequest": [
      null
    ],
    "transformResponse": [
      null,
      null
    ],
    "headers": {
      "X_LOCAL_SECURITY_COOKIE": "",
      "Accept": "application/json, text/plain, */*"
    },
    "url": "http://localhost:59001/ShadowPlay/v.1.0/CoPlay/Enable",
    "params": {},
    "retriesRemaining": 0,
    "timeout": {}
  },
  "statusText": ""
}
2026-09-29 03:24:10 [page:Error] 2026-09-29 03:24:10.226  ERROR  osc/shadowplayService- "ERROR, Coplay Enabled request failed: " {
  "data": null,
  "status": -1,
  "config": {
    "method": "GET",
    "transformRequest": [
      null
    ],
    "transformResponse": [
      null,
      null
    ],
    "headers": {
      "X_LOCAL_SECURITY_COOKIE": "",
      "Accept": "application/json, text/plain, */*"
    },
    "url": "http://localhost:59001/ShadowPlay/v.1.0/CoPlay/Enable",
    "params": {},
    "retriesRemaining": 0,
    "timeout": {}
  },
  "statusText": ""
}
2026-09-29 03:24:10 [page:Error] 2026-09-29 03:24:10.227  ERROR  osc/shadowplayService- "ERROR, Coplay Enabled request failed: " {
  "data": null,
  "status": -1,
  "config": {
    "method": "GET",
    "transformRequest": [
      null
    ],
    "transformResponse": [
      null,
      null
    ],
    "headers": {
      "X_LOCAL_SECURITY_COOKIE": "",
      "Accept": "application/json, text/plain, */*"
    },
    "url": "http://localhost:59001/ShadowPlay/v.1.0/CoPlay/Enable",
    "params": {},
    "retriesRemaining": 0,
    "timeout": {}
  },
  "statusText": ""
}
2026-09-29 03:24:10 [page:Error] 2026-09-29 03:24:10.227  ERROR  osc/shadowplayService- "ERROR, Coplay Enabled request failed: " {
  "data": null,
  "status": -1,
  "config": {
    "method": "GET",
    "transformRequest": [
      null
    ],
    "transformResponse": [
      null,
      null
    ],
    "headers": {
      "X_LOCAL_SECURITY_COOKIE": "",
      "Accept": "application/json, text/plain, */*"
    },
    "url": "http://localhost:59001/ShadowPlay/v.1.0/CoPlay/Enable",
    "params": {},
    "retriesRemaining": 0,
    "timeout": {}
  },
  "statusText": ""
}
2026-09-29 03:24:10 [page:Error] 2026-09-29 03:24:10.228  ERROR  osc/shadowplayService- "ERROR, Coplay Enabled request failed: " {
  "data": null,
  "status": -1,
  "config": {
    "method": "GET",
    "transformRequest": [
      null
    ],
    "transformResponse": [
      null,
      null
    ],
    "headers": {
      "X_LOCAL_SECURITY_COOKIE": "",
      "Accept": "application/json, text/plain, */*"
    },
    "url": "http://localhost:59001/ShadowPlay/v.1.0/CoPlay/Enable",
    "params": {},
    "retriesRemaining": 0,
    "timeout": {}
  },
  "statusText": ""
}
2026-09-29 03:24:10 [page:Error] 2026-09-29 03:24:10.230  ERROR  osc/shadowplayService- "ERROR, Coplay Enabled request failed: " {
  "data": null,
  "status": -1,
  "config": {
    "method": "GET",
    "transformRequest": [
      null
    ],
    "transformResponse": [
      null,
      null
    ],
    "headers": {
      "X_LOCAL_SECURITY_COOKIE": "",
      "Accept": "application/json, text/plain, */*"
    },
    "url": "http://localhost:59001/ShadowPlay/v.1.0/CoPlay/Enable",
    "params": {},
    "retriesRemaining": 0,
    "timeout": {}
  },
  "statusText": ""
}
2026-09-29 03:24:10 [page:Error] 2026-09-29 03:24:10.230  ERROR  osc/shadowplayService- "ERROR, Coplay Enabled request failed: " {
  "data": null,
  "status": -1,
  "config": {
    "method": "GET",
    "transformRequest": [
      null
    ],
    "transformResponse": [
      null,
      null
    ],
    "headers": {
      "X_LOCAL_SECURITY_COOKIE": "",
      "Accept": "application/json, text/plain, */*"
    },
    "url": "http://localhost:59001/ShadowPlay/v.1.0/CoPlay/Enable",
    "params": {},
    "retriesRemaining": 0,
    "timeout": {}
  },
  "statusText": ""
}
2026-09-29 03:24:10 [page:Error] 2026-09-29 03:24:10.233  ERROR  osc/shadowplayService- "ERROR, Coplay Enabled request failed: " {
  "data": null,
  "status": -1,
  "config": {
    "method": "GET",
    "transformRequest": [
      null
    ],
    "transformResponse": [
      null,
      null
    ],
    "headers": {
      "X_LOCAL_SECURITY_COOKIE": "",
      "Accept": "application/json, text/plain, */*"
    },
    "url": "http://localhost:59001/ShadowPlay/v.1.0/CoPlay/Enable",
    "params": {},
    "retriesRemaining": 0,
    "timeout": {}
  },
  "statusText": ""
}
2026-09-29 03:24:10 [page:Error] 2026-09-29 03:24:10.240  ERROR  osc/shadowplayService- "ERROR, Coplay Enabled request failed: " {
  "data": null,
  "status": -1,
  "config": {
    "method": "GET",
    "transformRequest": [
      null
    ],
    "transformResponse": [
      null,
      null
    ],
    "headers": {
      "X_LOCAL_SECURITY_COOKIE": "",
      "Accept": "application/json, text/plain, */*"
    },
    "url": "http://localhost:59001/ShadowPlay/v.1.0/CoPlay/Enable",
    "params": {},
    "retriesRemaining": 0,
    "timeout": {}
  },
  "statusText": ""
}
2026-09-29 03:24:10 [page:Error] 2026-09-29 03:24:10.240  ERROR  osc/shadowplayService- "ERROR, Coplay Enabled request failed: " {
  "data": null,
  "status": -1,
  "config": {
    "method": "GET",
    "transformRequest": [
      null
    ],
    "transformResponse": [
      null,
      null
    ],
    "headers": {
      "X_LOCAL_SECURITY_COOKIE": "",
      "Accept": "application/json, text/plain, */*"
    },
    "url": "http://localhost:59001/ShadowPlay/v.1.0/CoPlay/Enable",
    "params": {},
    "retriesRemaining": 0,
    "timeout": {}
  },
  "statusText": ""
}
2026-09-29 03:24:10 [page:Error] 2026-09-29 03:24:10.241  ERROR  osc/shadowplayService- "ERROR, Coplay Enabled request failed: " {
  "data": null,
  "status": -1,
  "config": {
    "method": "GET",
    "transformRequest": [
      null
    ],
    "transformResponse": [
      null,
      null
    ],
    "headers": {
      "X_LOCAL_SECURITY_COOKIE": "",
      "Accept": "application/json, text/plain, */*"
    },
    "url": "http://localhost:59001/ShadowPlay/v.1.0/CoPlay/Enable",
    "params": {},
    "retriesRemaining": 0,
    "timeout": {}
  },
  "statusText": ""
}
2026-09-29 03:24:10 [page:Error] 2026-09-29 03:24:10.243  ERROR  osc/shadowplayService- "ERROR, Coplay Enabled request failed: " {
  "data": null,
  "status": -1,
  "config": {
    "method": "GET",
    "transformRequest": [
      null
    ],
    "transformResponse": [
      null,
      null
    ],
    "headers": {
      "X_LOCAL_SECURITY_COOKIE": "",
      "Accept": "application/json, text/plain, */*"
    },
    "url": "http://localhost:59001/ShadowPlay/v.1.0/CoPlay/Enable",
    "params": {},
    "retriesRemaining": 0,
    "timeout": {}
  },
  "statusText": ""
}
2026-09-29 03:24:10 [page:Error] 2026-09-29 03:24:10.250  ERROR  osc/shadowplayService- "ERROR, Coplay Enabled request failed: " {
  "data": null,
  "status": -1,
  "config": {
    "method": "GET",
    "transformRequest": [
      null
    ],
    "transformResponse": [
      null,
      null
    ],
    "headers": {
      "X_LOCAL_SECURITY_COOKIE": "",
      "Accept": "application/json, text/plain, */*"
    },
    "url": "http://localhost:59001/ShadowPlay/v.1.0/CoPlay/Enable",
    "params": {},
    "retriesRemaining": 0,
    "timeout": {}
  },
  "statusText": ""
}
2026-09-29 03:24:10 [page:Error] 2026-09-29 03:24:10.252  ERROR  osc/shadowplayService- "ERROR, Coplay Enabled request failed: " {
  "data": null,
  "status": -1,
  "config": {
    "method": "GET",
    "transformRequest": [
      null
    ],
    "transformResponse": [
      null,
      null
    ],
    "headers": {
      "X_LOCAL_SECURITY_COOKIE": "",
      "Accept": "application/json, text/plain, */*"
    },
    "url": "http://localhost:59001/ShadowPlay/v.1.0/CoPlay/Enable",
    "params": {},
    "retriesRemaining": 0,
    "timeout": {}
  },
  "statusText": ""
}
2026-09-29 03:24:10 [page:Error] 2026-09-29 03:24:10.253  ERROR  osc/shadowplayService- "ERROR, Coplay Enabled request failed: " {
  "data": null,
  "status": -1,
  "config": {
    "method": "GET",
    "transformRequest": [
      null
    ],
    "transformResponse": [
      null,
      null
    ],
    "headers": {
      "X_LOCAL_SECURITY_COOKIE": "",
      "Accept": "application/json, text/plain, */*"
    },
    "url": "http://localhost:59001/ShadowPlay/v.1.0/CoPlay/Enable",
    "params": {},
    "retriesRemaining": 0,
    "timeout": {}
  },
  "statusText": ""
}
2026-09-29 03:24:10 [page:Error] 2026-09-29 03:24:10.254  ERROR  osc/shadowplayService- "ERROR, Coplay Enabled request failed: " {
  "data": null,
  "status": -1,
  "config": {
    "method": "GET",
    "transformRequest": [
      null
    ],
    "transformResponse": [
      null,
      null
    ],
    "headers": {
      "X_LOCAL_SECURITY_COOKIE": "",
      "Accept": "application/json, text/plain, */*"
    },
    "url": "http://localhost:59001/ShadowPlay/v.1.0/CoPlay/Enable",
    "params": {},
    "retriesRemaining": 0,
    "timeout": {}
  },
  "statusText": ""
}
2026-09-29 03:24:10 [window] HIDE (+close event fired)
2026-09-29 03:24:10 [page:Error] 2026-09-29 03:24:10.260  ERROR  osc/shadowplayService- "ERROR, Coplay Enabled request failed: " {
  "data": null,
  "status": -1,
  "config": {
    "method": "GET",
    "transformRequest": [
      null
    ],
    "transformResponse": [
      null,
      null
    ],
    "headers": {
      "X_LOCAL_SECURITY_COOKIE": "",
      "Accept": "application/json, text/plain, */*"
    },
    "url": "http://localhost:59001/ShadowPlay/v.1.0/CoPlay/Enable",
    "params": {},
    "retriesRemaining": 0,
    "timeout": {}
  },
  "statusText": ""
}
2026-09-29 03:24:10 [page:Error] 2026-09-29 03:24:10.267  ERROR  osc/shadowplayService- "ERROR, Coplay Enabled request failed: " {
  "data": null,
  "status": -1,
  "config": {
    "method": "GET",
    "transformRequest": [
      null
    ],
    "transformResponse": [
      null,
      null
    ],
    "headers": {
      "X_LOCAL_SECURITY_COOKIE": "",
      "Accept": "application/json, text/plain, */*"
    },
    "url": "http://localhost:59001/ShadowPlay/v.1.0/CoPlay/Enable",
    "params": {},
    "retriesRemaining": 0,
    "timeout": {}
  },
  "statusText": ""
}
2026-09-29 03:24:10 [page:Error] 2026-09-29 03:24:10.268  ERROR  osc/shadowplayService- "ERROR, Coplay Enabled request failed: " {
  "data": null,
  "status": -1,
  "config": {
    "method": "GET",
    "transformRequest": [
      null
    ],
    "transformResponse": [
      null,
      null
    ],
    "headers": {
      "X_LOCAL_SECURITY_COOKIE": "",
      "Accept": "application/json, text/plain, */*"
    },
    "url": "http://localhost:59001/ShadowPlay/v.1.0/CoPlay/Enable",
    "params": {},
    "retriesRemaining": 0,
    "timeout": {}
  },
  "statusText": ""
}
2026-09-29 03:24:10 [page:Error] 2026-09-29 03:24:10.268  ERROR  osc/shadowplayService- "ERROR, Coplay Enabled request failed: " {
  "data": null,
  "status": -1,
  "config": {
    "method": "GET",
    "transformRequest": [
      null
    ],
    "transformResponse": [
      null,
      null
    ],
    "headers": {
      "X_LOCAL_SECURITY_COOKIE": "",
      "Accept": "application/json, text/plain, */*"
    },
    "url": "http://localhost:59001/ShadowPlay/v.1.0/CoPlay/Enable",
    "params": {},
    "retriesRemaining": 0,
    "timeout": {}
  },
  "statusText": ""
}
2026-09-29 03:24:10 [page:Error] 2026-09-29 03:24:10.272  ERROR  osc/shadowplayService- "ERROR, Coplay Enabled request failed: " {
  "data": null,
  "status": -1,
  "config": {
    "method": "GET",
    "transformRequest": [
      null
    ],
    "transformResponse": [
      null,
      null
    ],
    "headers": {
      "X_LOCAL_SECURITY_COOKIE": "",
      "Accept": "application/json, text/plain, */*"
    },
    "url": "http://localhost:59001/ShadowPlay/v.1.0/CoPlay/Enable",
    "params": {},
    "retriesRemaining": 0,
    "timeout": {}
  },
  "statusText": ""
}
2026-09-29 03:24:10 [page:Error] 2026-09-29 03:24:10.273  ERROR  osc/shadowplayService- "ERROR, Coplay Enabled request failed: " {
  "data": null,
  "status": -1,
  "config": {
    "method": "GET",
    "transformRequest": [
      null
    ],
    "transformResponse": [
      null,
      null
    ],
    "headers": {
      "X_LOCAL_SECURITY_COOKIE": "",
      "Accept": "application/json, text/plain, */*"
    },
    "url": "http://localhost:59001/ShadowPlay/v.1.0/CoPlay/Enable",
    "params": {},
    "retriesRemaining": 0,
    "timeout": {}
  },
  "statusText": ""
}
2026-09-29 03:24:10 [page:Error] 2026-09-29 03:24:10.274  ERROR  osc/shadowplayService- "ERROR, Coplay Enabled request failed: " {
  "data": null,
  "status": -1,
  "config": {
    "method": "GET",
    "transformRequest": [
      null
    ],
    "transformResponse": [
      null,
      null
    ],
    "headers": {
      "X_LOCAL_SECURITY_COOKIE": "",
      "Accept": "application/json, text/plain, */*"
    },
    "url": "http://localhost:59001/ShadowPlay/v.1.0/CoPlay/Enable",
    "params": {},
    "retriesRemaining": 0,
    "timeout": {}
  },
  "statusText": ""
}
2026-09-29 03:24:10 [page:Error] 2026-09-29 03:24:10.274  ERROR  osc/shadowplayService- "ERROR, Coplay Enabled request failed: " {
  "data": null,
  "status": -1,
  "config": {
    "method": "GET",
    "transformRequest": [
      null
    ],
    "transformResponse": [
      null,
      null
    ],
    "headers": {
      "X_LOCAL_SECURITY_COOKIE": "",
      "Accept": "application/json, text/plain, */*"
    },
    "url": "http://localhost:59001/ShadowPlay/v.1.0/CoPlay/Enable",
    "params": {},
    "retriesRemaining": 0,
    "timeout": {}
  },
  "statusText": ""
}
2026-09-29 03:24:10 [page:Error] 2026-09-29 03:24:10.275  ERROR  osc/shadowplayService- "ERROR, Coplay Enabled request failed: " {
  "data": null,
  "status": -1,
  "config": {
    "method": "GET",
    "transformRequest": [
      null
    ],
    "transformResponse": [
      null,
      null
    ],
    "headers": {
      "X_LOCAL_SECURITY_COOKIE": "",
      "Accept": "application/json, text/plain, */*"
    },
    "url": "http://localhost:59001/ShadowPlay/v.1.0/CoPlay/Enable",
    "params": {},
    "retriesRemaining": 0,
    "timeout": {}
  },
  "statusText": ""
}
2026-09-29 03:24:10 [page:Error] 2026-09-29 03:24:10.275  ERROR  osc/shadowplayService- "ERROR, Coplay Enabled request failed: " {
  "data": null,
  "status": -1,
  "config": {
    "method": "GET",
    "transformRequest": [
      null
    ],
    "transformResponse": [
      null,
      null
    ],
    "headers": {
      "X_LOCAL_SECURITY_COOKIE": "",
      "Accept": "application/json, text/plain, */*"
    },
    "url": "http://localhost:59001/ShadowPlay/v.1.0/CoPlay/Enable",
    "params": {},
    "retriesRemaining": 0,
    "timeout": {}
  },
  "statusText": ""
}
2026-09-29 03:24:10 [page:Error] 2026-09-29 03:24:10.275  ERROR  osc/shadowplayService- "ERROR, Coplay Enabled request failed: " {
  "data": null,
  "status": -1,
  "config": {
    "method": "GET",
    "transformRequest": [
      null
    ],
    "transformResponse": [
      null,
      null
    ],
    "headers": {
      "X_LOCAL_SECURITY_COOKIE": "",
      "Accept": "application/json, text/plain, */*"
    },
    "url": "http://localhost:59001/ShadowPlay/v.1.0/CoPlay/Enable",
    "params": {},
    "retriesRemaining": 0,
    "timeout": {}
  },
  "statusText": ""
}
2026-09-29 03:24:10 [page:Error] 2026-09-29 03:24:10.276  ERROR  osc/shadowplayService- "ERROR, Coplay Enabled request failed: " {
  "data": null,
  "status": -1,
  "config": {
    "method": "GET",
    "transformRequest": [
      null
    ],
    "transformResponse": [
      null,
      null
    ],
    "headers": {
      "X_LOCAL_SECURITY_COOKIE": "",
      "Accept": "application/json, text/plain, */*"
    },
    "url": "http://localhost:59001/ShadowPlay/v.1.0/CoPlay/Enable",
    "params": {},
    "retriesRemaining": 0,
    "timeout": {}
  },
  "statusText": ""
}
2026-09-29 03:24:10 [page:Error] 2026-09-29 03:24:10.276  ERROR  osc/shadowplayService- "ERROR, Coplay Enabled request failed: " {
  "data": null,
  "status": -1,
  "config": {
    "method": "GET",
    "transformRequest": [
      null
    ],
    "transformResponse": [
      null,
      null
    ],
    "headers": {
      "X_LOCAL_SECURITY_COOKIE": "",
      "Accept": "application/json, text/plain, */*"
    },
    "url": "http://localhost:59001/ShadowPlay/v.1.0/CoPlay/Enable",
    "params": {},
    "retriesRemaining": 0,
    "timeout": {}
  },
  "statusText": ""
}
2026-09-29 03:24:10 [page:Error] 2026-09-29 03:24:10.276  ERROR  osc/shadowplayService- "ERROR, Coplay Enabled request failed: " {
  "data": null,
  "status": -1,
  "config": {
    "method": "GET",
    "transformRequest": [
      null
    ],
    "transformResponse": [
      null,
      null
    ],
    "headers": {
      "X_LOCAL_SECURITY_COOKIE": "",
      "Accept": "application/json, text/plain, */*"
    },
    "url": "http://localhost:59001/ShadowPlay/v.1.0/CoPlay/Enable",
    "params": {},
    "retriesRemaining": 0,
    "timeout": {}
  },
  "statusText": ""
}
2026-09-29 03:24:10 [page:Error] 2026-09-29 03:24:10.276  ERROR  osc/shadowplayService- "ERROR, Coplay Enabled request failed: " {
  "data": null,
  "status": -1,
  "config": {
    "method": "GET",
    "transformRequest": [
      null
    ],
    "transformResponse": [
      null,
      null
    ],
    "headers": {
      "X_LOCAL_SECURITY_COOKIE": "",
      "Accept": "application/json, text/plain, */*"
    },
    "url": "http://localhost:59001/ShadowPlay/v.1.0/CoPlay/Enable",
    "params": {},
    "retriesRemaining": 0,
    "timeout": {}
  },
  "statusText": ""
}
2026-09-29 03:24:10 [page:Error] 2026-09-29 03:24:10.276  ERROR  osc/shadowplayService- "ERROR, Coplay Enabled request failed: " {
  "data": null,
  "status": -1,
  "config": {
    "method": "GET",
    "transformRequest": [
      null
    ],
    "transformResponse": [
      null,
      null
    ],
    "headers": {
      "X_LOCAL_SECURITY_COOKIE": "",
      "Accept": "application/json, text/plain, */*"
    },
    "url": "http://localhost:59001/ShadowPlay/v.1.0/CoPlay/Enable",
    "params": {},
    "retriesRemaining": 0,
    "timeout": {}
  },
  "statusText": ""
}
2026-09-29 03:24:10 [page:Error] 2026-09-29 03:24:10.277  ERROR  osc/shadowplayService- "ERROR, Coplay Enabled request failed: " {
  "data": null,
  "status": -1,
  "config": {
    "method": "GET",
    "transformRequest": [
      null
    ],
    "transformResponse": [
      null,
      null
    ],
    "headers": {
      "X_LOCAL_SECURITY_COOKIE": "",
      "Accept": "application/json, text/plain, */*"
    },
    "url": "http://localhost:59001/ShadowPlay/v.1.0/CoPlay/Enable",
    "params": {},
    "retriesRemaining": 0,
    "timeout": {}
  },
  "statusText": ""
}
2026-09-29 03:24:10 [page:Error] 2026-09-29 03:24:10.277  ERROR  osc/shadowplayService- "ERROR, Coplay Enabled request failed: " {
  "data": null,
  "status": -1,
  "config": {
    "method": "GET",
    "transformRequest": [
      null
    ],
    "transformResponse": [
      null,
      null
    ],
    "headers": {
      "X_LOCAL_SECURITY_COOKIE": "",
      "Accept": "application/json, text/plain, */*"
    },
    "url": "http://localhost:59001/ShadowPlay/v.1.0/CoPlay/Enable",
    "params": {},
    "retriesRemaining": 0,
    "timeout": {}
  },
  "statusText": ""
}
2026-09-29 03:24:10 [page:Error] 2026-09-29 03:24:10.277  ERROR  osc/shadowplayService- "ERROR, Coplay Enabled request failed: " {
  "data": null,
  "status": -1,
  "config": {
    "method": "GET",
    "transformRequest": [
      null
    ],
    "transformResponse": [
      null,
      null
    ],
    "headers": {
      "X_LOCAL_SECURITY_COOKIE": "",
      "Accept": "application/json, text/plain, */*"
    },
    "url": "http://localhost:59001/ShadowPlay/v.1.0/CoPlay/Enable",
    "params": {},
    "retriesRemaining": 0,
    "timeout": {}
  },
  "statusText": ""
}
2026-09-29 03:24:10 [page:Error] 2026-09-29 03:24:10.278  ERROR  osc/shadowplayService- "ERROR, Coplay Enabled request failed: " {
  "data": null,
  "status": -1,
  "config": {
    "method": "GET",
    "transformRequest": [
      null
    ],
    "transformResponse": [
      null,
      null
    ],
    "headers": {
      "X_LOCAL_SECURITY_COOKIE": "",
      "Accept": "application/json, text/plain, */*"
    },
    "url": "http://localhost:59001/ShadowPlay/v.1.0/CoPlay/Enable",
    "params": {},
    "retriesRemaining": 0,
    "timeout": {}
  },
  "statusText": ""
}
2026-09-29 03:24:10 [page:Error] 2026-09-29 03:24:10.278  ERROR  osc/shadowplayService- "ERROR, Coplay Enabled request failed: " {
  "data": null,
  "status": -1,
  "config": {
    "method": "GET",
    "transformRequest": [
      null
    ],
    "transformResponse": [
      null,
      null
    ],
    "headers": {
      "X_LOCAL_SECURITY_COOKIE": "",
      "Accept": "application/json, text/plain, */*"
    },
    "url": "http://localhost:59001/ShadowPlay/v.1.0/CoPlay/Enable",
    "params": {},
    "retriesRemaining": 0,
    "timeout": {}
  },
  "statusText": ""
}
2026-09-29 03:24:10 [page:Error] 2026-09-29 03:24:10.279  ERROR  osc/shadowplayService- "ERROR, Coplay Enabled request failed: " {
  "data": null,
  "status": -1,
  "config": {
    "method": "GET",
    "transformRequest": [
      null
    ],
    "transformResponse": [
      null,
      null
    ],
    "headers": {
      "X_LOCAL_SECURITY_COOKIE": "",
      "Accept": "application/json, text/plain, */*"
    },
    "url": "http://localhost:59001/ShadowPlay/v.1.0/CoPlay/Enable",
    "params": {},
    "retriesRemaining": 0,
    "timeout": {}
  },
  "statusText": ""
}
2026-09-29 03:24:10 [page:Error] 2026-09-29 03:24:10.280  ERROR  osc/shadowplayService- "ERROR, Coplay Enabled request failed: " {
  "data": null,
  "status": -1,
  "config": {
    "method": "GET",
    "transformRequest": [
      null
    ],
    "transformResponse": [
      null,
      null
    ],
    "headers": {
      "X_LOCAL_SECURITY_COOKIE": "",
      "Accept": "application/json, text/plain, */*"
    },
    "url": "http://localhost:59001/ShadowPlay/v.1.0/CoPlay/Enable",
    "params": {},
    "retriesRemaining": 0,
    "timeout": {}
  },
  "statusText": ""
}
2026-09-29 03:24:10 [page:Error] 2026-09-29 03:24:10.280  ERROR  osc/shadowplayService- "ERROR, Coplay Enabled request failed: " {
  "data": null,
  "status": -1,
  "config": {
    "method": "GET",
    "transformRequest": [
      null
    ],
    "transformResponse": [
      null,
      null
    ],
    "headers": {
      "X_LOCAL_SECURITY_COOKIE": "",
      "Accept": "application/json, text/plain, */*"
    },
    "url": "http://localhost:59001/ShadowPlay/v.1.0/CoPlay/Enable",
    "params": {},
    "retriesRemaining": 0,
    "timeout": {}
  },
  "statusText": ""
}
2026-09-29 03:24:10 [page:Error] 2026-09-29 03:24:10.280  ERROR  osc/shadowplayService- "ERROR, Coplay Enabled request failed: " {
  "data": null,
  "status": -1,
  "config": {
    "method": "GET",
    "transformRequest": [
      null
    ],
    "transformResponse": [
      null,
      null
    ],
    "headers": {
      "X_LOCAL_SECURITY_COOKIE": "",
      "Accept": "application/json, text/plain, */*"
    },
    "url": "http://localhost:59001/ShadowPlay/v.1.0/CoPlay/Enable",
    "params": {},
    "retriesRemaining": 0,
    "timeout": {}
  },
  "statusText": ""
}
2026-09-29 03:24:10 [page:Error] 2026-09-29 03:24:10.285  ERROR  osc/shadowplayService- "ERROR, Coplay Enabled request failed: " {
  "data": null,
  "status": -1,
  "config": {
    "method": "GET",
    "transformRequest": [
      null
    ],
    "transformResponse": [
      null,
      null
    ],
    "headers": {
      "X_LOCAL_SECURITY_COOKIE": "",
      "Accept": "application/json, text/plain, */*"
    },
    "url": "http://localhost:59001/ShadowPlay/v.1.0/CoPlay/Enable",
    "params": {},
    "retriesRemaining": 0,
    "timeout": {}
  },
  "statusText": ""
}
2026-09-29 03:24:10 [page:Error] 2026-09-29 03:24:10.286  ERROR  osc/shadowplayService- "ERROR, Coplay Enabled request failed: " {
  "data": null,
  "status": -1,
  "config": {
    "method": "GET",
    "transformRequest": [
      null
    ],
    "transformResponse": [
      null,
      null
    ],
    "headers": {
      "X_LOCAL_SECURITY_COOKIE": "",
      "Accept": "application/json, text/plain, */*"
    },
    "url": "http://localhost:59001/ShadowPlay/v.1.0/CoPlay/Enable",
    "params": {},
    "retriesRemaining": 0,
    "timeout": {}
  },
  "statusText": ""
}
2026-09-29 03:24:10 [page:Error] 2026-09-29 03:24:10.286  ERROR  osc/shadowplayService- "ERROR, Coplay Enabled request failed: " {
  "data": null,
  "status": -1,
  "config": {
    "method": "GET",
    "transformRequest": [
      null
    ],
    "transformResponse": [
      null,
      null
    ],
    "headers": {
      "X_LOCAL_SECURITY_COOKIE": "",
      "Accept": "application/json, text/plain, */*"
    },
    "url": "http://localhost:59001/ShadowPlay/v.1.0/CoPlay/Enable",
    "params": {},
    "retriesRemaining": 0,
    "timeout": {}
  },
  "statusText": ""
}
2026-09-29 03:24:10 [page:Error] 2026-09-29 03:24:10.286  ERROR  osc/shadowplayService- "ERROR, Coplay Enabled request failed: " {
  "data": null,
  "status": -1,
  "config": {
    "method": "GET",
    "transformRequest": [
      null
    ],
    "transformResponse": [
      null,
      null
    ],
    "headers": {
      "X_LOCAL_SECURITY_COOKIE": "",
      "Accept": "application/json, text/plain, */*"
    },
    "url": "http://localhost:59001/ShadowPlay/v.1.0/CoPlay/Enable",
    "params": {},
    "retriesRemaining": 0,
    "timeout": {}
  },
  "statusText": ""
}
2026-09-29 03:24:10 [page:Error] 2026-09-29 03:24:10.287  ERROR  osc/shadowplayService- "ERROR, Coplay Enabled request failed: " {
  "data": null,
  "status": -1,
  "config": {
    "method": "GET",
    "transformRequest": [
      null
    ],
    "transformResponse": [
      null,
      null
    ],
    "headers": {
      "X_LOCAL_SECURITY_COOKIE": "",
      "Accept": "application/json, text/plain, */*"
    },
    "url": "http://localhost:59001/ShadowPlay/v.1.0/CoPlay/Enable",
    "params": {},
    "retriesRemaining": 0,
    "timeout": {}
  },
  "statusText": ""
}
2026-09-29 03:24:10 [page:Error] 2026-09-29 03:24:10.287  ERROR  osc/shadowplayService- "ERROR, Coplay Enabled request failed: " {
  "data": null,
  "status": -1,
  "config": {
    "method": "GET",
    "transformRequest": [
      null
    ],
    "transformResponse": [
      null,
      null
    ],
    "headers": {
      "X_LOCAL_SECURITY_COOKIE": "",
      "Accept": "application/json, text/plain, */*"
    },
    "url": "http://localhost:59001/ShadowPlay/v.1.0/CoPlay/Enable",
    "params": {},
    "retriesRemaining": 0,
    "timeout": {}
  },
  "statusText": ""
}
2026-09-29 03:24:10 [page:Error] 2026-09-29 03:24:10.288  ERROR  osc/shadowplayService- "ERROR, Coplay Enabled request failed: " {
  "data": null,
  "status": -1,
  "config": {
    "method": "GET",
    "transformRequest": [
      null
    ],
    "transformResponse": [
      null,
      null
    ],
    "headers": {
      "X_LOCAL_SECURITY_COOKIE": "",
      "Accept": "application/json, text/plain, */*"
    },
    "url": "http://localhost:59001/ShadowPlay/v.1.0/CoPlay/Enable",
    "params": {},
    "retriesRemaining": 0,
    "timeout": {}
  },
  "statusText": ""
}
2026-09-29 03:24:10 [page:Error] 2026-09-29 03:24:10.288  ERROR  osc/shadowplayService- "ERROR, Coplay Enabled request failed: " {
  "data": null,
  "status": -1,
  "config": {
    "method": "GET",
    "transformRequest": [
      null
    ],
    "transformResponse": [
      null,
      null
    ],
    "headers": {
      "X_LOCAL_SECURITY_COOKIE": "",
      "Accept": "application/json, text/plain, */*"
    },
    "url": "http://localhost:59001/ShadowPlay/v.1.0/CoPlay/Enable",
    "params": {},
    "retriesRemaining": 0,
    "timeout": {}
  },
  "statusText": ""
}
2026-09-29 03:24:10 [page:Error] 2026-09-29 03:24:10.288  ERROR  osc/shadowplayService- "ERROR, problem when getting keys for hotkey shortcut pmocoverlay"
2026-09-29 03:24:10 [page:Error] 2026-09-29 03:24:10.289  ERROR  osc/shadowplayService- "ERROR, problem when getting keys for hotkey shortcut pmocoverlay"
2026-09-29 03:24:10 [page:Error] 2026-09-29 03:24:10.289  ERROR  osc/displayService- "getAppInFocus: error" {
  "data": null,
  "status": -1,
  "config": {
    "method": "GET",
    "transformRequest": [
      null
    ],
    "transformResponse": [
      null,
      null
    ],
    "headers": {
      "X_LOCAL_SECURITY_COOKIE": "",
      "Accept": "application/json, text/plain, */*"
    },
    "url": "http://localhost:59001/ShadowPlay/v.1.0/Capture/ProcessInfo/4294967295",
    "params": {},
    "retriesRemaining": 0,
    "timeout": {}
  },
  "statusText": ""
}
2026-09-29 03:24:10 [cefQuery] QUERY_FULLSCREEN_STATE
2026-09-29 03:24:10 [cefQuery] QUERY_OSC_SET_PAINTING
2026-09-29 03:24:10 [cefQuery] QUERY_WIN_OPEN_OSC
2026-09-29 03:24:10 [cefQuery] QUERY_OSC_SET_PAINTING
2026-09-29 03:24:10 [cefQuery] QUERY_WRITE_SHARED_STORAGE
2026-09-29 03:24:10 [cefQuery] QUERY_OSC_SET_DISPLAY_RECTS
2026-09-29 03:24:10 [cefQuery] QUERY_WIN_CLOSE_OSC
2026-09-29 03:24:10 [window] SHOW
2026-09-29 03:24:10 [cefQuery] QUERY_OSC_SET_DISPLAY_RECTS
2026-09-29 03:24:10 [window] HIDE (+close event fired)
2026-09-29 03:24:10 [page:Error] 2026-09-29 03:24:10.367  ERROR  osc/shadowplayService- "ERROR, Coplay Enabled request failed: " {
  "data": null,
  "status": -1,
  "config": {
    "method": "GET",
    "transformRequest": [
      null
    ],
    "transformResponse": [
      null,
      null
    ],
    "headers": {
      "X_LOCAL_SECURITY_COOKIE": "",
      "Accept": "application/json, text/plain, */*"
    },
    "url": "http://localhost:59001/ShadowPlay/v.1.0/CoPlay/Enable",
    "params": {},
    "retriesRemaining": 0,
    "timeout": {}
  },
  "statusText": ""
}
2026-09-29 03:24:10 [page:Error] 2026-09-29 03:24:10.375  ERROR  osc/shadowplayService- "ERROR, Coplay Enabled request failed: " {
  "data": null,
  "status": -1,
  "config": {
    "method": "GET",
    "transformRequest": [
      null
    ],
    "transformResponse": [
      null,
      null
    ],
    "headers": {
      "X_LOCAL_SECURITY_COOKIE": "",
      "Accept": "application/json, text/plain, */*"
    },
    "url": "http://localhost:59001/ShadowPlay/v.1.0/CoPlay/Enable",
    "params": {},
    "retriesRemaining": 0,
    "timeout": {}
  },
  "statusText": ""
}
2026-09-29 03:24:10 [page:Error] 2026-09-29 03:24:10.376  ERROR  osc/shadowplayService- "ERROR, Coplay Enabled request failed: " {
  "data": null,
  "status": -1,
  "config": {
    "method": "GET",
    "transformRequest": [
      null
    ],
    "transformResponse": [
      null,
      null
    ],
    "headers": {
      "X_LOCAL_SECURITY_COOKIE": "",
      "Accept": "application/json, text/plain, */*"
    },
    "url": "http://localhost:59001/ShadowPlay/v.1.0/CoPlay/Enable",
    "params": {},
    "retriesRemaining": 0,
    "timeout": {}
  },
  "statusText": ""
}
2026-09-29 03:24:10 [page:Error] 2026-09-29 03:24:10.377  ERROR  osc/shadowplayService- "ERROR, Coplay Enabled request failed: " {
  "data": null,
  "status": -1,
  "config": {
    "method": "GET",
    "transformRequest": [
      null
    ],
    "transformResponse": [
      null,
      null
    ],
    "headers": {
      "X_LOCAL_SECURITY_COOKIE": "",
      "Accept": "application/json, text/plain, */*"
    },
    "url": "http://localhost:59001/ShadowPlay/v.1.0/CoPlay/Enable",
    "params": {},
    "retriesRemaining": 0,
    "timeout": {}
  },
  "statusText": ""
}
2026-09-29 03:24:10 [page:Error] 2026-09-29 03:24:10.377  ERROR  osc/shadowplayService- "ERROR, Coplay Enabled request failed: " {
  "data": null,
  "status": -1,
  "config": {
    "method": "GET",
    "transformRequest": [
      null
    ],
    "transformResponse": [
      null,
      null
    ],
    "headers": {
      "X_LOCAL_SECURITY_COOKIE": "",
      "Accept": "application/json, text/plain, */*"
    },
    "url": "http://localhost:59001/ShadowPlay/v.1.0/CoPlay/Enable",
    "params": {},
    "retriesRemaining": 0,
    "timeout": {}
  },
  "statusText": ""
}
2026-09-29 03:24:10 [page:Error] 2026-09-29 03:24:10.378  ERROR  osc/shadowplayService- "ERROR, Coplay Enabled request failed: " {
  "data": null,
  "status": -1,
  "config": {
    "method": "GET",
    "transformRequest": [
      null
    ],
    "transformResponse": [
      null,
      null
    ],
    "headers": {
      "X_LOCAL_SECURITY_COOKIE": "",
      "Accept": "application/json, text/plain, */*"
    },
    "url": "http://localhost:59001/ShadowPlay/v.1.0/CoPlay/Enable",
    "params": {},
    "retriesRemaining": 0,
    "timeout": {}
  },
  "statusText": ""
}
2026-09-29 03:24:10 [page:Error] 2026-09-29 03:24:10.378  ERROR  osc/shadowplayService- "ERROR, Coplay Enabled request failed: " {
  "data": null,
  "status": -1,
  "config": {
    "method": "GET",
    "transformRequest": [
      null
    ],
    "transformResponse": [
      null,
      null
    ],
    "headers": {
      "X_LOCAL_SECURITY_COOKIE": "",
      "Accept": "application/json, text/plain, */*"
    },
    "url": "http://localhost:59001/ShadowPlay/v.1.0/CoPlay/Enable",
    "params": {},
    "retriesRemaining": 0,
    "timeout": {}
  },
  "statusText": ""
}
2026-09-29 03:24:10 [page:Error] 2026-09-29 03:24:10.380  ERROR  osc/displayService- "notifyOverlayState endpoint error: " {
  "data": null,
  "status": -1,
  "config": {
    "method": "POST",
    "transformRequest": [
      null
    ],
    "transformResponse": [
      null,
      null
    ],
    "data": {
      "open": false,
      "state": "main"
    },
    "headers": {
      "X_LOCAL_SECURITY_COOKIE": "",
      "Accept": "application/json, text/plain, */*",
      "Content-Type": "application/json;charset=utf-8"
    },
    "url": "http://localhost:59001/SDK/v.1.0/NotifyOverlayState",
    "params": {},
    "retriesRemaining": 0,
    "timeout": {}
  },
  "statusText": ""
}
2026-09-29 03:24:10 [page:Error] 2026-09-29 03:24:10.381  ERROR  osc/shadowplayService- "ERROR, Coplay Enabled request failed: " {
  "data": null,
  "status": -1,
  "config": {
    "method": "GET",
    "transformRequest": [
      null
    ],
    "transformResponse": [
      null,
      null
    ],
    "headers": {
      "X_LOCAL_SECURITY_COOKIE": "",
      "Accept": "application/json, text/plain, */*"
    },
    "url": "http://localhost:59001/ShadowPlay/v.1.0/CoPlay/Enable",
    "params": {},
    "retriesRemaining": 0,
    "timeout": {}
  },
  "statusText": ""
}
2026-09-29 03:24:10 [page:Error] 2026-09-29 03:24:10.383  ERROR  osc/shadowplayService- "ERROR, Coplay Enabled request failed: " {
  "data": null,
  "status": -1,
  "config": {
    "method": "GET",
    "transformRequest": [
      null
    ],
    "transformResponse": [
      null,
      null
    ],
    "headers": {
      "X_LOCAL_SECURITY_COOKIE": "",
      "Accept": "application/json, text/plain, */*"
    },
    "url": "http://localhost:59001/ShadowPlay/v.1.0/CoPlay/Enable",
    "params": {},
    "retriesRemaining": 0,
    "timeout": {}
  },
  "statusText": ""
}
2026-09-29 03:24:10 [page:Error] 2026-09-29 03:24:10.384  ERROR  osc/shadowplayService- "ERROR, Coplay Enabled request failed: " {
  "data": null,
  "status": -1,
  "config": {
    "method": "GET",
    "transformRequest": [
      null
    ],
    "transformResponse": [
      null,
      null
    ],
    "headers": {
      "X_LOCAL_SECURITY_COOKIE": "",
      "Accept": "application/json, text/plain, */*"
    },
    "url": "http://localhost:59001/ShadowPlay/v.1.0/CoPlay/Enable",
    "params": {},
    "retriesRemaining": 0,
    "timeout": {}
  },
  "statusText": ""
}
2026-09-29 03:24:10 [page:Error] 2026-09-29 03:24:10.385  ERROR  osc/shadowplayService- "ERROR, Coplay Enabled request failed: " {
  "data": null,
  "status": -1,
  "config": {
    "method": "GET",
    "transformRequest": [
      null
    ],
    "transformResponse": [
      null,
      null
    ],
    "headers": {
      "X_LOCAL_SECURITY_COOKIE": "",
      "Accept": "application/json, text/plain, */*"
    },
    "url": "http://localhost:59001/ShadowPlay/v.1.0/CoPlay/Enable",
    "params": {},
    "retriesRemaining": 0,
    "timeout": {}
  },
  "statusText": ""
}
2026-09-29 03:24:10 [page:Error] 2026-09-29 03:24:10.389  ERROR  osc/shadowplayService- "ERROR, Coplay Enabled request failed: " {
  "data": null,
  "status": -1,
  "config": {
    "method": "GET",
    "transformRequest": [
      null
    ],
    "transformResponse": [
      null,
      null
    ],
    "headers": {
      "X_LOCAL_SECURITY_COOKIE": "",
      "Accept": "application/json, text/plain, */*"
    },
    "url": "http://localhost:59001/ShadowPlay/v.1.0/CoPlay/Enable",
    "params": {},
    "retriesRemaining": 0,
    "timeout": {}
  },
  "statusText": ""
}
2026-09-29 03:24:10 [page:Error] 2026-09-29 03:24:10.391  ERROR  osc/shadowplayService- "ERROR, Coplay Enabled request failed: " {
  "data": null,
  "status": -1,
  "config": {
    "method": "GET",
    "transformRequest": [
      null
    ],
    "transformResponse": [
      null,
      null
    ],
    "headers": {
      "X_LOCAL_SECURITY_COOKIE": "",
      "Accept": "application/json, text/plain, */*"
    },
    "url": "http://localhost:59001/ShadowPlay/v.1.0/CoPlay/Enable",
    "params": {},
    "retriesRemaining": 0,
    "timeout": {}
  },
  "statusText": ""
}
2026-09-29 03:24:10 [page:Error] 2026-09-29 03:24:10.392  ERROR  osc/shadowplayService- "ERROR, Coplay Enabled request failed: " {
  "data": null,
  "status": -1,
  "config": {
    "method": "GET",
    "transformRequest": [
      null
    ],
    "transformResponse": [
      null,
      null
    ],
    "headers": {
      "X_LOCAL_SECURITY_COOKIE": "",
      "Accept": "application/json, text/plain, */*"
    },
    "url": "http://localhost:59001/ShadowPlay/v.1.0/CoPlay/Enable",
    "params": {},
    "retriesRemaining": 0,
    "timeout": {}
  },
  "statusText": ""
}
2026-09-29 03:24:10 [window] HIDE (page requested)
2026-09-29 03:24:10 [page:Error] 2026-09-29 03:24:10.392  ERROR  osc/shadowplayService- "ERROR, Coplay Enabled request failed: " {
  "data": null,
  "status": -1,
  "config": {
    "method": "GET",
    "transformRequest": [
      null
    ],
    "transformResponse": [
      null,
      null
    ],
    "headers": {
      "X_LOCAL_SECURITY_COOKIE": "",
      "Accept": "application/json, text/plain, */*"
    },
    "url": "http://localhost:59001/ShadowPlay/v.1.0/CoPlay/Enable",
    "params": {},
    "retriesRemaining": 0,
    "timeout": {}
  },
  "statusText": ""
}
2026-09-29 03:24:10 [page:Error] 2026-09-29 03:24:10.393  ERROR  osc/shadowplayService- "ERROR, Coplay Enabled request failed: " {
  "data": null,
  "status": -1,
  "config": {
    "method": "GET",
    "transformRequest": [
      null
    ],
    "transformResponse": [
      null,
      null
    ],
    "headers": {
      "X_LOCAL_SECURITY_COOKIE": "",
      "Accept": "application/json, text/plain, */*"
    },
    "url": "http://localhost:59001/ShadowPlay/v.1.0/CoPlay/Enable",
    "params": {},
    "retriesRemaining": 0,
    "timeout": {}
  },
  "statusText": ""
}
2026-09-29 03:24:10 [page:Error] 2026-09-29 03:24:10.394  ERROR  osc/shadowplayService- "ERROR, Coplay Enabled request failed: " {
  "data": null,
  "status": -1,
  "config": {
    "method": "GET",
    "transformRequest": [
      null
    ],
    "transformResponse": [
      null,
      null
    ],
    "headers": {
      "X_LOCAL_SECURITY_COOKIE": "",
      "Accept": "application/json, text/plain, */*"
    },
    "url": "http://localhost:59001/ShadowPlay/v.1.0/CoPlay/Enable",
    "params": {},
    "retriesRemaining": 0,
    "timeout": {}
  },
  "statusText": ""
}
2026-09-29 03:24:10 [page:Error] 2026-09-29 03:24:10.394  ERROR  osc/shadowplayService- "ERROR, Coplay Enabled request failed: " {
  "data": null,
  "status": -1,
  "config": {
    "method": "GET",
    "transformRequest": [
      null
    ],
    "transformResponse": [
      null,
      null
    ],
    "headers": {
      "X_LOCAL_SECURITY_COOKIE": "",
      "Accept": "application/json, text/plain, */*"
    },
    "url": "http://localhost:59001/ShadowPlay/v.1.0/CoPlay/Enable",
    "params": {},
    "retriesRemaining": 0,
    "timeout": {}
  },
  "statusText": ""
}
2026-09-29 03:24:10 [page:Error] 2026-09-29 03:24:10.395  ERROR  osc/shadowplayService- "ERROR, Coplay Enabled request failed: " {
  "data": null,
  "status": -1,
  "config": {
    "method": "GET",
    "transformRequest": [
      null
    ],
    "transformResponse": [
      null,
      null
    ],
    "headers": {
      "X_LOCAL_SECURITY_COOKIE": "",
      "Accept": "application/json, text/plain, */*"
    },
    "url": "http://localhost:59001/ShadowPlay/v.1.0/CoPlay/Enable",
    "params": {},
    "retriesRemaining": 0,
    "timeout": {}
  },
  "statusText": ""
}
2026-09-29 03:24:10 [page:Error] 2026-09-29 03:24:10.395  ERROR  osc/shadowplayService- "ERROR, Coplay Enabled request failed: " {
  "data": null,
  "status": -1,
  "config": {
    "method": "GET",
    "transformRequest": [
      null
    ],
    "transformResponse": [
      null,
      null
    ],
    "headers": {
      "X_LOCAL_SECURITY_COOKIE": "",
      "Accept": "application/json, text/plain, */*"
    },
    "url": "http://localhost:59001/ShadowPlay/v.1.0/CoPlay/Enable",
    "params": {},
    "retriesRemaining": 0,
    "timeout": {}
  },
  "statusText": ""
}
2026-09-29 03:24:10 [page:Error] 2026-09-29 03:24:10.400  ERROR  osc/shadowplayService- "ERROR, Coplay Enabled request failed: " {
  "data": null,
  "status": -1,
  "config": {
    "method": "GET",
    "transformRequest": [
      null
    ],
    "transformResponse": [
      null,
      null
    ],
    "headers": {
      "X_LOCAL_SECURITY_COOKIE": "",
      "Accept": "application/json, text/plain, */*"
    },
    "url": "http://localhost:59001/ShadowPlay/v.1.0/CoPlay/Enable",
    "params": {},
    "retriesRemaining": 0,
    "timeout": {}
  },
  "statusText": ""
}
2026-09-29 03:24:10 [page:Error] 2026-09-29 03:24:10.402  ERROR  osc/shadowplayService- "ERROR, Coplay Enabled request failed: " {
  "data": null,
  "status": -1,
  "config": {
    "method": "GET",
    "transformRequest": [
      null
    ],
    "transformResponse": [
      null,
      null
    ],
    "headers": {
      "X_LOCAL_SECURITY_COOKIE": "",
      "Accept": "application/json, text/plain, */*"
    },
    "url": "http://localhost:59001/ShadowPlay/v.1.0/CoPlay/Enable",
    "params": {},
    "retriesRemaining": 0,
    "timeout": {}
  },
  "statusText": ""
}
2026-09-29 03:24:10 [page:Error] 2026-09-29 03:24:10.411  ERROR  osc/shadowplayService- "ERROR, Coplay Enabled request failed: " {
  "data": null,
  "status": -1,
  "config": {
    "method": "GET",
    "transformRequest": [
      null
    ],
    "transformResponse": [
      null,
      null
    ],
    "headers": {
      "X_LOCAL_SECURITY_COOKIE": "",
      "Accept": "application/json, text/plain, */*"
    },
    "url": "http://localhost:59001/ShadowPlay/v.1.0/CoPlay/Enable",
    "params": {},
    "retriesRemaining": 0,
    "timeout": {}
  },
  "statusText": ""
}
2026-09-29 03:24:10 [page:Error] 2026-09-29 03:24:10.412  ERROR  osc/shadowplayService- "ERROR, Coplay Enabled request failed: " {
  "data": null,
  "status": -1,
  "config": {
    "method": "GET",
    "transformRequest": [
      null
    ],
    "transformResponse": [
      null,
      null
    ],
    "headers": {
      "X_LOCAL_SECURITY_COOKIE": "",
      "Accept": "application/json, text/plain, */*"
    },
    "url": "http://localhost:59001/ShadowPlay/v.1.0/CoPlay/Enable",
    "params": {},
    "retriesRemaining": 0,
    "timeout": {}
  },
  "statusText": ""
}
2026-09-29 03:24:10 [page:Error] 2026-09-29 03:24:10.412  ERROR  osc/shadowplayService- "ERROR, Coplay Enabled request failed: " {
  "data": null,
  "status": -1,
  "config": {
    "method": "GET",
    "transformRequest": [
      null
    ],
    "transformResponse": [
      null,
      null
    ],
    "headers": {
      "X_LOCAL_SECURITY_COOKIE": "",
      "Accept": "application/json, text/plain, */*"
    },
    "url": "http://localhost:59001/ShadowPlay/v.1.0/CoPlay/Enable",
    "params": {},
    "retriesRemaining": 0,
    "timeout": {}
  },
  "statusText": ""
}
2026-09-29 03:24:10 [page:Error] 2026-09-29 03:24:10.413  ERROR  osc/shadowplayService- "ERROR, Coplay Enabled request failed: " {
  "data": null,
  "status": -1,
  "config": {
    "method": "GET",
    "transformRequest": [
      null
    ],
    "transformResponse": [
      null,
      null
    ],
    "headers": {
      "X_LOCAL_SECURITY_COOKIE": "",
      "Accept": "application/json, text/plain, */*"
    },
    "url": "http://localhost:59001/ShadowPlay/v.1.0/CoPlay/Enable",
    "params": {},
    "retriesRemaining": 0,
    "timeout": {}
  },
  "statusText": ""
}
2026-09-29 03:24:10 [page:Error] 2026-09-29 03:24:10.413  ERROR  osc/shadowplayService- "ERROR, Coplay Enabled request failed: " {
  "data": null,
  "status": -1,
  "config": {
    "method": "GET",
    "transformRequest": [
      null
    ],
    "transformResponse": [
      null,
      null
    ],
    "headers": {
      "X_LOCAL_SECURITY_COOKIE": "",
      "Accept": "application/json, text/plain, */*"
    },
    "url": "http://localhost:59001/ShadowPlay/v.1.0/CoPlay/Enable",
    "params": {},
    "retriesRemaining": 0,
    "timeout": {}
  },
  "statusText": ""
}
2026-09-29 03:24:10 [page:Error] 2026-09-29 03:24:10.413  ERROR  osc/shadowplayService- "ERROR, Coplay Enabled request failed: " {
  "data": null,
  "status": -1,
  "config": {
    "method": "GET",
    "transformRequest": [
      null
    ],
    "transformResponse": [
      null,
      null
    ],
    "headers": {
      "X_LOCAL_SECURITY_COOKIE": "",
      "Accept": "application/json, text/plain, */*"
    },
    "url": "http://localhost:59001/ShadowPlay/v.1.0/CoPlay/Enable",
    "params": {},
    "retriesRemaining": 0,
    "timeout": {}
  },
  "statusText": ""
}
2026-09-29 03:24:10 [page:Error] 2026-09-29 03:24:10.414  ERROR  osc/shadowplayService- "ERROR, Coplay Enabled request failed: " {
  "data": null,
  "status": -1,
  "config": {
    "method": "GET",
    "transformRequest": [
      null
    ],
    "transformResponse": [
      null,
      null
    ],
    "headers": {
      "X_LOCAL_SECURITY_COOKIE": "",
      "Accept": "application/json, text/plain, */*"
    },
    "url": "http://localhost:59001/ShadowPlay/v.1.0/CoPlay/Enable",
    "params": {},
    "retriesRemaining": 0,
    "timeout": {}
  },
  "statusText": ""
}
2026-09-29 03:24:10 [page:Error] 2026-09-29 03:24:10.415  ERROR  osc/shadowplayService- "ERROR, Coplay Enabled request failed: " {
  "data": null,
  "status": -1,
  "config": {
    "method": "GET",
    "transformRequest": [
      null
    ],
    "transformResponse": [
      null,
      null
    ],
    "headers": {
      "X_LOCAL_SECURITY_COOKIE": "",
      "Accept": "application/json, text/plain, */*"
    },
    "url": "http://localhost:59001/ShadowPlay/v.1.0/CoPlay/Enable",
    "params": {},
    "retriesRemaining": 0,
    "timeout": {}
  },
  "statusText": ""
}
2026-09-29 03:24:10 [page:Error] 2026-09-29 03:24:10.416  ERROR  osc/shadowplayService- "ERROR, Coplay Enabled request failed: " {
  "data": null,
  "status": -1,
  "config": {
    "method": "GET",
    "transformRequest": [
      null
    ],
    "transformResponse": [
      null,
      null
    ],
    "headers": {
      "X_LOCAL_SECURITY_COOKIE": "",
      "Accept": "application/json, text/plain, */*"
    },
    "url": "http://localhost:59001/ShadowPlay/v.1.0/CoPlay/Enable",
    "params": {},
    "retriesRemaining": 0,
    "timeout": {}
  },
  "statusText": ""
}
2026-09-29 03:24:10 [page:Error] 2026-09-29 03:24:10.416  ERROR  osc/shadowplayService- "ERROR, Coplay Enabled request failed: " {
  "data": null,
  "status": -1,
  "config": {
    "method": "GET",
    "transformRequest": [
      null
    ],
    "transformResponse": [
      null,
      null
    ],
    "headers": {
      "X_LOCAL_SECURITY_COOKIE": "",
      "Accept": "application/json, text/plain, */*"
    },
    "url": "http://localhost:59001/ShadowPlay/v.1.0/CoPlay/Enable",
    "params": {},
    "retriesRemaining": 0,
    "timeout": {}
  },
  "statusText": ""
}
2026-09-29 03:24:10 [page:Error] 2026-09-29 03:24:10.416  ERROR  osc/shadowplayService- "ERROR, Coplay Enabled request failed: " {
  "data": null,
  "status": -1,
  "config": {
    "method": "GET",
    "transformRequest": [
      null
    ],
    "transformResponse": [
      null,
      null
    ],
    "headers": {
      "X_LOCAL_SECURITY_COOKIE": "",
      "Accept": "application/json, text/plain, */*"
    },
    "url": "http://localhost:59001/ShadowPlay/v.1.0/CoPlay/Enable",
    "params": {},
    "retriesRemaining": 0,
    "timeout": {}
  },
  "statusText": ""
}
2026-09-29 03:24:10 [page:Error] 2026-09-29 03:24:10.417  ERROR  osc/shadowplayService- "ERROR, Coplay Enabled request failed: " {
  "data": null,
  "status": -1,
  "config": {
    "method": "GET",
    "transformRequest": [
      null
    ],
    "transformResponse": [
      null,
      null
    ],
    "headers": {
      "X_LOCAL_SECURITY_COOKIE": "",
      "Accept": "application/json, text/plain, */*"
    },
    "url": "http://localhost:59001/ShadowPlay/v.1.0/CoPlay/Enable",
    "params": {},
    "retriesRemaining": 0,
    "timeout": {}
  },
  "statusText": ""
}
2026-09-29 03:24:10 [page:Error] 2026-09-29 03:24:10.417  ERROR  osc/shadowplayService- "ERROR, Coplay Enabled request failed: " {
  "data": null,
  "status": -1,
  "config": {
    "method": "GET",
    "transformRequest": [
      null
    ],
    "transformResponse": [
      null,
      null
    ],
    "headers": {
      "X_LOCAL_SECURITY_COOKIE": "",
      "Accept": "application/json, text/plain, */*"
    },
    "url": "http://localhost:59001/ShadowPlay/v.1.0/CoPlay/Enable",
    "params": {},
    "retriesRemaining": 0,
    "timeout": {}
  },
  "statusText": ""
}
2026-09-29 03:24:10 [page:Error] 2026-09-29 03:24:10.417  ERROR  osc/shadowplayService- "ERROR, Coplay Enabled request failed: " {
  "data": null,
  "status": -1,
  "config": {
    "method": "GET",
    "transformRequest": [
      null
    ],
    "transformResponse": [
      null,
      null
    ],
    "headers": {
      "X_LOCAL_SECURITY_COOKIE": "",
      "Accept": "application/json, text/plain, */*"
    },
    "url": "http://localhost:59001/ShadowPlay/v.1.0/CoPlay/Enable",
    "params": {},
    "retriesRemaining": 0,
    "timeout": {}
  },
  "statusText": ""
}
2026-09-29 03:24:10 [page:Error] 2026-09-29 03:24:10.417  ERROR  osc/shadowplayService- "ERROR, Coplay Enabled request failed: " {
  "data": null,
  "status": -1,
  "config": {
    "method": "GET",
    "transformRequest": [
      null
    ],
    "transformResponse": [
      null,
      null
    ],
    "headers": {
      "X_LOCAL_SECURITY_COOKIE": "",
      "Accept": "application/json, text/plain, */*"
    },
    "url": "http://localhost:59001/ShadowPlay/v.1.0/CoPlay/Enable",
    "params": {},
    "retriesRemaining": 0,
    "timeout": {}
  },
  "statusText": ""
}
2026-09-29 03:24:10 [page:Error] 2026-09-29 03:24:10.418  ERROR  osc/shadowplayService- "ERROR, Coplay Enabled request failed: " {
  "data": null,
  "status": -1,
  "config": {
    "method": "GET",
    "transformRequest": [
      null
    ],
    "transformResponse": [
      null,
      null
    ],
    "headers": {
      "X_LOCAL_SECURITY_COOKIE": "",
      "Accept": "application/json, text/plain, */*"
    },
    "url": "http://localhost:59001/ShadowPlay/v.1.0/CoPlay/Enable",
    "params": {},
    "retriesRemaining": 0,
    "timeout": {}
  },
  "statusText": ""
}
2026-09-29 03:24:10 [page:Error] 2026-09-29 03:24:10.418  ERROR  osc/shadowplayService- "ERROR, Coplay Enabled request failed: " {
  "data": null,
  "status": -1,
  "config": {
    "method": "GET",
    "transformRequest": [
      null
    ],
    "transformResponse": [
      null,
      null
    ],
    "headers": {
      "X_LOCAL_SECURITY_COOKIE": "",
      "Accept": "application/json, text/plain, */*"
    },
    "url": "http://localhost:59001/ShadowPlay/v.1.0/CoPlay/Enable",
    "params": {},
    "retriesRemaining": 0,
    "timeout": {}
  },
  "statusText": ""
}
2026-09-29 03:24:10 [page:Error] 2026-09-29 03:24:10.420  ERROR  osc/shadowplayService- "ERROR, Coplay Enabled request failed: " {
  "data": null,
  "status": -1,
  "config": {
    "method": "GET",
    "transformRequest": [
      null
    ],
    "transformResponse": [
      null,
      null
    ],
    "headers": {
      "X_LOCAL_SECURITY_COOKIE": "",
      "Accept": "application/json, text/plain, */*"
    },
    "url": "http://localhost:59001/ShadowPlay/v.1.0/CoPlay/Enable",
    "params": {},
    "retriesRemaining": 0,
    "timeout": {}
  },
  "statusText": ""
}
2026-09-29 03:24:10 [page:Error] 2026-09-29 03:24:10.420  ERROR  osc/shadowplayService- "ERROR, Coplay Enabled request failed: " {
  "data": null,
  "status": -1,
  "config": {
    "method": "GET",
    "transformRequest": [
      null
    ],
    "transformResponse": [
      null,
      null
    ],
    "headers": {
      "X_LOCAL_SECURITY_COOKIE": "",
      "Accept": "application/json, text/plain, */*"
    },
    "url": "http://localhost:59001/ShadowPlay/v.1.0/CoPlay/Enable",
    "params": {},
    "retriesRemaining": 0,
    "timeout": {}
  },
  "statusText": ""
}
2026-09-29 03:24:10 [page:Error] 2026-09-29 03:24:10.420  ERROR  osc/shadowplayService- "ERROR, Coplay Enabled request failed: " {
  "data": null,
  "status": -1,
  "config": {
    "method": "GET",
    "transformRequest": [
      null
    ],
    "transformResponse": [
      null,
      null
    ],
    "headers": {
      "X_LOCAL_SECURITY_COOKIE": "",
      "Accept": "application/json, text/plain, */*"
    },
    "url": "http://localhost:59001/ShadowPlay/v.1.0/CoPlay/Enable",
    "params": {},
    "retriesRemaining": 0,
    "timeout": {}
  },
  "statusText": ""
}
2026-09-29 03:24:10 [page:Error] 2026-09-29 03:24:10.421  ERROR  osc/shadowplayService- "ERROR, Coplay Enabled request failed: " {
  "data": null,
  "status": -1,
  "config": {
    "method": "GET",
    "transformRequest": [
      null
    ],
    "transformResponse": [
      null,
      null
    ],
    "headers": {
      "X_LOCAL_SECURITY_COOKIE": "",
      "Accept": "application/json, text/plain, */*"
    },
    "url": "http://localhost:59001/ShadowPlay/v.1.0/CoPlay/Enable",
    "params": {},
    "retriesRemaining": 0,
    "timeout": {}
  },
  "statusText": ""
}
2026-09-29 03:24:10 [page:Error] 2026-09-29 03:24:10.421  ERROR  osc/shadowplayService- "ERROR, Coplay Enabled request failed: " {
  "data": null,
  "status": -1,
  "config": {
    "method": "GET",
    "transformRequest": [
      null
    ],
    "transformResponse": [
      null,
      null
    ],
    "headers": {
      "X_LOCAL_SECURITY_COOKIE": "",
      "Accept": "application/json, text/plain, */*"
    },
    "url": "http://localhost:59001/ShadowPlay/v.1.0/CoPlay/Enable",
    "params": {},
    "retriesRemaining": 0,
    "timeout": {}
  },
  "statusText": ""
}
2026-09-29 03:24:10 [page:Error] 2026-09-29 03:24:10.421  ERROR  osc/shadowplayService- "ERROR, Coplay Enabled request failed: " {
  "data": null,
  "status": -1,
  "config": {
    "method": "GET",
    "transformRequest": [
      null
    ],
    "transformResponse": [
      null,
      null
    ],
    "headers": {
      "X_LOCAL_SECURITY_COOKIE": "",
      "Accept": "application/json, text/plain, */*"
    },
    "url": "http://localhost:59001/ShadowPlay/v.1.0/CoPlay/Enable",
    "params": {},
    "retriesRemaining": 0,
    "timeout": {}
  },
  "statusText": ""
}
2026-09-29 03:24:10 [page:Error] 2026-09-29 03:24:10.421  ERROR  osc/shadowplayService- "ERROR, Coplay Enabled request failed: " {
  "data": null,
  "status": -1,
  "config": {
    "method": "GET",
    "transformRequest": [
      null
    ],
    "transformResponse": [
      null,
      null
    ],
    "headers": {
      "X_LOCAL_SECURITY_COOKIE": "",
      "Accept": "application/json, text/plain, */*"
    },
    "url": "http://localhost:59001/ShadowPlay/v.1.0/CoPlay/Enable",
    "params": {},
    "retriesRemaining": 0,
    "timeout": {}
  },
  "statusText": ""
}
2026-09-29 03:24:10 [page:Error] 2026-09-29 03:24:10.422  ERROR  osc/shadowplayService- "ERROR, Coplay Enabled request failed: " {
  "data": null,
  "status": -1,
  "config": {
    "method": "GET",
    "transformRequest": [
      null
    ],
    "transformResponse": [
      null,
      null
    ],
    "headers": {
      "X_LOCAL_SECURITY_COOKIE": "",
      "Accept": "application/json, text/plain, */*"
    },
    "url": "http://localhost:59001/ShadowPlay/v.1.0/CoPlay/Enable",
    "params": {},
    "retriesRemaining": 0,
    "timeout": {}
  },
  "statusText": ""
}
2026-09-29 03:24:10 [page:Error] 2026-09-29 03:24:10.422  ERROR  osc/shadowplayService- "ERROR, Coplay Enabled request failed: " {
  "data": null,
  "status": -1,
  "config": {
    "method": "GET",
    "transformRequest": [
      null
    ],
    "transformResponse": [
      null,
      null
    ],
    "headers": {
      "X_LOCAL_SECURITY_COOKIE": "",
      "Accept": "application/json, text/plain, */*"
    },
    "url": "http://localhost:59001/ShadowPlay/v.1.0/CoPlay/Enable",
    "params": {},
    "retriesRemaining": 0,
    "timeout": {}
  },
  "statusText": ""
}
2026-09-29 03:24:10 [page:Error] 2026-09-29 03:24:10.422  ERROR  osc/shadowplayService- "ERROR, Coplay Enabled request failed: " {
  "data": null,
  "status": -1,
  "config": {
    "method": "GET",
    "transformRequest": [
      null
    ],
    "transformResponse": [
      null,
      null
    ],
    "headers": {
      "X_LOCAL_SECURITY_COOKIE": "",
      "Accept": "application/json, text/plain, */*"
    },
    "url": "http://localhost:59001/ShadowPlay/v.1.0/CoPlay/Enable",
    "params": {},
    "retriesRemaining": 0,
    "timeout": {}
  },
  "statusText": ""
}
2026-09-29 03:24:10 [page:Error] 2026-09-29 03:24:10.423  ERROR  osc/shadowplayService- "ERROR, Coplay Enabled request failed: " {
  "data": null,
  "status": -1,
  "config": {
    "method": "GET",
    "transformRequest": [
      null
    ],
    "transformResponse": [
      null,
      null
    ],
    "headers": {
      "X_LOCAL_SECURITY_COOKIE": "",
      "Accept": "application/json, text/plain, */*"
    },
    "url": "http://localhost:59001/ShadowPlay/v.1.0/CoPlay/Enable",
    "params": {},
    "retriesRemaining": 0,
    "timeout": {}
  },
  "statusText": ""
}
2026-09-29 03:24:10 [page:Error] 2026-09-29 03:24:10.423  ERROR  osc/shadowplayService- "ERROR, Coplay Enabled request failed: " {
  "data": null,
  "status": -1,
  "config": {
    "method": "GET",
    "transformRequest": [
      null
    ],
    "transformResponse": [
      null,
      null
    ],
    "headers": {
      "X_LOCAL_SECURITY_COOKIE": "",
      "Accept": "application/json, text/plain, */*"
    },
    "url": "http://localhost:59001/ShadowPlay/v.1.0/CoPlay/Enable",
    "params": {},
    "retriesRemaining": 0,
    "timeout": {}
  },
  "statusText": ""
}
2026-09-29 03:24:10 [page:Error] 2026-09-29 03:24:10.423  ERROR  osc/shadowplayService- "ERROR, Coplay Enabled request failed: " {
  "data": null,
  "status": -1,
  "config": {
    "method": "GET",
    "transformRequest": [
      null
    ],
    "transformResponse": [
      null,
      null
    ],
    "headers": {
      "X_LOCAL_SECURITY_COOKIE": "",
      "Accept": "application/json, text/plain, */*"
    },
    "url": "http://localhost:59001/ShadowPlay/v.1.0/CoPlay/Enable",
    "params": {},
    "retriesRemaining": 0,
    "timeout": {}
  },
  "statusText": ""
}
2026-09-29 03:24:10 [page:Error] 2026-09-29 03:24:10.424  ERROR  osc/shadowplayService- "ERROR, Coplay Enabled request failed: " {
  "data": null,
  "status": -1,
  "config": {
    "method": "GET",
    "transformRequest": [
      null
    ],
    "transformResponse": [
      null,
      null
    ],
    "headers": {
      "X_LOCAL_SECURITY_COOKIE": "",
      "Accept": "application/json, text/plain, */*"
    },
    "url": "http://localhost:59001/ShadowPlay/v.1.0/CoPlay/Enable",
    "params": {},
    "retriesRemaining": 0,
    "timeout": {}
  },
  "statusText": ""
}
2026-09-29 03:24:10 [page:Error] 2026-09-29 03:24:10.424  ERROR  osc/shadowplayService- "ERROR, Coplay Enabled request failed: " {
  "data": null,
  "status": -1,
  "config": {
    "method": "GET",
    "transformRequest": [
      null
    ],
    "transformResponse": [
      null,
      null
    ],
    "headers": {
      "X_LOCAL_SECURITY_COOKIE": "",
      "Accept": "application/json, text/plain, */*"
    },
    "url": "http://localhost:59001/ShadowPlay/v.1.0/CoPlay/Enable",
    "params": {},
    "retriesRemaining": 0,
    "timeout": {}
  },
  "statusText": ""
}
2026-09-29 03:24:10 [page:Error] 2026-09-29 03:24:10.424  ERROR  osc/shadowplayService- "ERROR, Coplay Enabled request failed: " {
  "data": null,
  "status": -1,
  "config": {
    "method": "GET",
    "transformRequest": [
      null
    ],
    "transformResponse": [
      null,
      null
    ],
    "headers": {
      "X_LOCAL_SECURITY_COOKIE": "",
      "Accept": "application/json, text/plain, */*"
    },
    "url": "http://localhost:59001/ShadowPlay/v.1.0/CoPlay/Enable",
    "params": {},
    "retriesRemaining": 0,
    "timeout": {}
  },
  "statusText": ""
}
2026-09-29 03:24:10 [page:Error] 2026-09-29 03:24:10.425  ERROR  osc/shadowplayService- "ERROR, Coplay Enabled request failed: " {
  "data": null,
  "status": -1,
  "config": {
    "method": "GET",
    "transformRequest": [
      null
    ],
    "transformResponse": [
      null,
      null
    ],
    "headers": {
      "X_LOCAL_SECURITY_COOKIE": "",
      "Accept": "application/json, text/plain, */*"
    },
    "url": "http://localhost:59001/ShadowPlay/v.1.0/CoPlay/Enable",
    "params": {},
    "retriesRemaining": 0,
    "timeout": {}
  },
  "statusText": ""
}
2026-09-29 03:24:10 [page:Error] 2026-09-29 03:24:10.426  ERROR  osc/shadowplayService- "ERROR, Coplay Enabled request failed: " {
  "data": null,
  "status": -1,
  "config": {
    "method": "GET",
    "transformRequest": [
      null
    ],
    "transformResponse": [
      null,
      null
    ],
    "headers": {
      "X_LOCAL_SECURITY_COOKIE": "",
      "Accept": "application/json, text/plain, */*"
    },
    "url": "http://localhost:59001/ShadowPlay/v.1.0/CoPlay/Enable",
    "params": {},
    "retriesRemaining": 0,
    "timeout": {}
  },
  "statusText": ""
}
2026-09-29 03:24:10 [page:Error] 2026-09-29 03:24:10.426  ERROR  osc/shadowplayService- "ERROR, Coplay Enabled request failed: " {
  "data": null,
  "status": -1,
  "config": {
    "method": "GET",
    "transformRequest": [
      null
    ],
    "transformResponse": [
      null,
      null
    ],
    "headers": {
      "X_LOCAL_SECURITY_COOKIE": "",
      "Accept": "application/json, text/plain, */*"
    },
    "url": "http://localhost:59001/ShadowPlay/v.1.0/CoPlay/Enable",
    "params": {},
    "retriesRemaining": 0,
    "timeout": {}
  },
  "statusText": ""
}
2026-09-29 03:24:10 [page:Error] 2026-09-29 03:24:10.426  ERROR  osc/shadowplayService- "ERROR, Coplay Enabled request failed: " {
  "data": null,
  "status": -1,
  "config": {
    "method": "GET",
    "transformRequest": [
      null
    ],
    "transformResponse": [
      null,
      null
    ],
    "headers": {
      "X_LOCAL_SECURITY_COOKIE": "",
      "Accept": "application/json, text/plain, */*"
    },
    "url": "http://localhost:59001/ShadowPlay/v.1.0/CoPlay/Enable",
    "params": {},
    "retriesRemaining": 0,
    "timeout": {}
  },
  "statusText": ""
}
2026-09-29 03:24:10 [page:Error] 2026-09-29 03:24:10.427  ERROR  osc/shadowplayService- "ERROR, Coplay Enabled request failed: " {
  "data": null,
  "status": -1,
  "config": {
    "method": "GET",
    "transformRequest": [
      null
    ],
    "transformResponse": [
      null,
      null
    ],
    "headers": {
      "X_LOCAL_SECURITY_COOKIE": "",
      "Accept": "application/json, text/plain, */*"
    },
    "url": "http://localhost:59001/ShadowPlay/v.1.0/CoPlay/Enable",
    "params": {},
    "retriesRemaining": 0,
    "timeout": {}
  },
  "statusText": ""
}
2026-09-29 03:24:10 [page:Error] 2026-09-29 03:24:10.427  ERROR  osc/shadowplayService- "ERROR, Coplay Enabled request failed: " {
  "data": null,
  "status": -1,
  "config": {
    "method": "GET",
    "transformRequest": [
      null
    ],
    "transformResponse": [
      null,
      null
    ],
    "headers": {
      "X_LOCAL_SECURITY_COOKIE": "",
      "Accept": "application/json, text/plain, */*"
    },
    "url": "http://localhost:59001/ShadowPlay/v.1.0/CoPlay/Enable",
    "params": {},
    "retriesRemaining": 0,
    "timeout": {}
  },
  "statusText": ""
}
2026-09-29 03:24:10 [page:Error] 2026-09-29 03:24:10.427  ERROR  osc/shadowplayService- "ERROR, Coplay Enabled request failed: " {
  "data": null,
  "status": -1,
  "config": {
    "method": "GET",
    "transformRequest": [
      null
    ],
    "transformResponse": [
      null,
      null
    ],
    "headers": {
      "X_LOCAL_SECURITY_COOKIE": "",
      "Accept": "application/json, text/plain, */*"
    },
    "url": "http://localhost:59001/ShadowPlay/v.1.0/CoPlay/Enable",
    "params": {},
    "retriesRemaining": 0,
    "timeout": {}
  },
  "statusText": ""
}
2026-09-29 03:24:10 [page:Error] 2026-09-29 03:24:10.427  ERROR  osc/shadowplayService- "ERROR, Coplay Enabled request failed: " {
  "data": null,
  "status": -1,
  "config": {
    "method": "GET",
    "transformRequest": [
      null
    ],
    "transformResponse": [
      null,
      null
    ],
    "headers": {
      "X_LOCAL_SECURITY_COOKIE": "",
      "Accept": "application/json, text/plain, */*"
    },
    "url": "http://localhost:59001/ShadowPlay/v.1.0/CoPlay/Enable",
    "params": {},
    "retriesRemaining": 0,
    "timeout": {}
  },
  "statusText": ""
}
2026-09-29 03:24:10 [page:Error] 2026-09-29 03:24:10.428  ERROR  osc/shadowplayService- "ERROR, Coplay Enabled request failed: " {
  "data": null,
  "status": -1,
  "config": {
    "method": "GET",
    "transformRequest": [
      null
    ],
    "transformResponse": [
      null,
      null
    ],
    "headers": {
      "X_LOCAL_SECURITY_COOKIE": "",
      "Accept": "application/json, text/plain, */*"
    },
    "url": "http://localhost:59001/ShadowPlay/v.1.0/CoPlay/Enable",
    "params": {},
    "retriesRemaining": 0,
    "timeout": {}
  },
  "statusText": ""
}
2026-09-29 03:24:10 [page:Error] 2026-09-29 03:24:10.428  ERROR  osc/shadowplayService- "ERROR, Coplay Enabled request failed: " {
  "data": null,
  "status": -1,
  "config": {
    "method": "GET",
    "transformRequest": [
      null
    ],
    "transformResponse": [
      null,
      null
    ],
    "headers": {
      "X_LOCAL_SECURITY_COOKIE": "",
      "Accept": "application/json, text/plain, */*"
    },
    "url": "http://localhost:59001/ShadowPlay/v.1.0/CoPlay/Enable",
    "params": {},
    "retriesRemaining": 0,
    "timeout": {}
  },
  "statusText": ""
}
2026-09-29 03:24:10 [page:Error] 2026-09-29 03:24:10.428  ERROR  osc/shadowplayService- "ERROR, Coplay Enabled request failed: " {
  "data": null,
  "status": -1,
  "config": {
    "method": "GET",
    "transformRequest": [
      null
    ],
    "transformResponse": [
      null,
      null
    ],
    "headers": {
      "X_LOCAL_SECURITY_COOKIE": "",
      "Accept": "application/json, text/plain, */*"
    },
    "url": "http://localhost:59001/ShadowPlay/v.1.0/CoPlay/Enable",
    "params": {},
    "retriesRemaining": 0,
    "timeout": {}
  },
  "statusText": ""
}
2026-09-29 03:24:10 [page:Error] 2026-09-29 03:24:10.429  ERROR  osc/shadowplayService- "ERROR, Coplay Enabled request failed: " {
  "data": null,
  "status": -1,
  "config": {
    "method": "GET",
    "transformRequest": [
      null
    ],
    "transformResponse": [
      null,
      null
    ],
    "headers": {
      "X_LOCAL_SECURITY_COOKIE": "",
      "Accept": "application/json, text/plain, */*"
    },
    "url": "http://localhost:59001/ShadowPlay/v.1.0/CoPlay/Enable",
    "params": {},
    "retriesRemaining": 0,
    "timeout": {}
  },
  "statusText": ""
}
2026-09-29 03:24:10 [page:Error] 2026-09-29 03:24:10.429  ERROR  osc/shadowplayService- "ERROR, Coplay Enabled request failed: " {
  "data": null,
  "status": -1,
  "config": {
    "method": "GET",
    "transformRequest": [
      null
    ],
    "transformResponse": [
      null,
      null
    ],
    "headers": {
      "X_LOCAL_SECURITY_COOKIE": "",
      "Accept": "application/json, text/plain, */*"
    },
    "url": "http://localhost:59001/ShadowPlay/v.1.0/CoPlay/Enable",
    "params": {},
    "retriesRemaining": 0,
    "timeout": {}
  },
  "statusText": ""
}
2026-09-29 03:24:10 [page:Error] 2026-09-29 03:24:10.429  ERROR  osc/shadowplayService- "ERROR, Coplay Enabled request failed: " {
  "data": null,
  "status": -1,
  "config": {
    "method": "GET",
    "transformRequest": [
      null
    ],
    "transformResponse": [
      null,
      null
    ],
    "headers": {
      "X_LOCAL_SECURITY_COOKIE": "",
      "Accept": "application/json, text/plain, */*"
    },
    "url": "http://localhost:59001/ShadowPlay/v.1.0/CoPlay/Enable",
    "params": {},
    "retriesRemaining": 0,
    "timeout": {}
  },
  "statusText": ""
}
2026-09-29 03:24:10 [page:Error] 2026-09-29 03:24:10.430  ERROR  osc/shadowplayService- "ERROR, Coplay Enabled request failed: " {
  "data": null,
  "status": -1,
  "config": {
    "method": "GET",
    "transformRequest": [
      null
    ],
    "transformResponse": [
      null,
      null
    ],
    "headers": {
      "X_LOCAL_SECURITY_COOKIE": "",
      "Accept": "application/json, text/plain, */*"
    },
    "url": "http://localhost:59001/ShadowPlay/v.1.0/CoPlay/Enable",
    "params": {},
    "retriesRemaining": 0,
    "timeout": {}
  },
  "statusText": ""
}
2026-09-29 03:24:10 [page:Error] 2026-09-29 03:24:10.430  ERROR  osc/shadowplayService- "ERROR, Coplay Enabled request failed: " {
  "data": null,
  "status": -1,
  "config": {
    "method": "GET",
    "transformRequest": [
      null
    ],
    "transformResponse": [
      null,
      null
    ],
    "headers": {
      "X_LOCAL_SECURITY_COOKIE": "",
      "Accept": "application/json, text/plain, */*"
    },
    "url": "http://localhost:59001/ShadowPlay/v.1.0/CoPlay/Enable",
    "params": {},
    "retriesRemaining": 0,
    "timeout": {}
  },
  "statusText": ""
}
2026-09-29 03:24:10 [page:Error] 2026-09-29 03:24:10.430  ERROR  osc/shadowplayService- "ERROR, Coplay Enabled request failed: " {
  "data": null,
  "status": -1,
  "config": {
    "method": "GET",
    "transformRequest": [
      null
    ],
    "transformResponse": [
      null,
      null
    ],
    "headers": {
      "X_LOCAL_SECURITY_COOKIE": "",
      "Accept": "application/json, text/plain, */*"
    },
    "url": "http://localhost:59001/ShadowPlay/v.1.0/CoPlay/Enable",
    "params": {},
    "retriesRemaining": 0,
    "timeout": {}
  },
  "statusText": ""
}
2026-09-29 03:24:10 [page:Error] 2026-09-29 03:24:10.430  ERROR  osc/shadowplayService- "ERROR, Coplay Enabled request failed: " {
  "data": null,
  "status": -1,
  "config": {
    "method": "GET",
    "transformRequest": [
      null
    ],
    "transformResponse": [
      null,
      null
    ],
    "headers": {
      "X_LOCAL_SECURITY_COOKIE": "",
      "Accept": "application/json, text/plain, */*"
    },
    "url": "http://localhost:59001/ShadowPlay/v.1.0/CoPlay/Enable",
    "params": {},
    "retriesRemaining": 0,
    "timeout": {}
  },
  "statusText": ""
}
2026-09-29 03:24:10 [page:Error] 2026-09-29 03:24:10.431  ERROR  osc/shadowplayService- "ERROR, Coplay Enabled request failed: " {
  "data": null,
  "status": -1,
  "config": {
    "method": "GET",
    "transformRequest": [
      null
    ],
    "transformResponse": [
      null,
      null
    ],
    "headers": {
      "X_LOCAL_SECURITY_COOKIE": "",
      "Accept": "application/json, text/plain, */*"
    },
    "url": "http://localhost:59001/ShadowPlay/v.1.0/CoPlay/Enable",
    "params": {},
    "retriesRemaining": 0,
    "timeout": {}
  },
  "statusText": ""
}
2026-09-29 03:24:10 [cefQuery] QUERY_FULLSCREEN_STATE
2026-09-29 03:24:10 [cefQuery] QUERY_OSC_SET_PAINTING
2026-09-29 03:24:10 [cefQuery] QUERY_OSC_SET_PAINTING
2026-09-29 03:24:10 [page:Error] 2026-09-29 03:24:10.539  ERROR  osc/shadowplayService- "ERROR, Coplay Enabled request failed: " {
  "data": null,
  "status": -1,
  "config": {
    "method": "GET",
    "transformRequest": [
      null
    ],
    "transformResponse": [
      null,
      null
    ],
    "headers": {
      "X_LOCAL_SECURITY_COOKIE": "",
      "Accept": "application/json, text/plain, */*"
    },
    "url": "http://localhost:59001/ShadowPlay/v.1.0/CoPlay/Enable",
    "params": {},
    "retriesRemaining": 0,
    "timeout": {}
  },
  "statusText": ""
}
2026-09-29 03:24:10 [page:Error] 2026-09-29 03:24:10.539  ERROR  osc/shadowplayService- "ERROR, Coplay Enabled request failed: " {
  "data": null,
  "status": -1,
  "config": {
    "method": "GET",
    "transformRequest": [
      null
    ],
    "transformResponse": [
      null,
      null
    ],
    "headers": {
      "X_LOCAL_SECURITY_COOKIE": "",
      "Accept": "application/json, text/plain, */*"
    },
    "url": "http://localhost:59001/ShadowPlay/v.1.0/CoPlay/Enable",
    "params": {},
    "retriesRemaining": 0,
    "timeout": {}
  },
  "statusText": ""
}
2026-09-29 03:24:10 [page:Error] 2026-09-29 03:24:10.539  ERROR  osc/shadowplayService- "ERROR, Coplay Enabled request failed: " {
  "data": null,
  "status": -1,
  "config": {
    "method": "GET",
    "transformRequest": [
      null
    ],
    "transformResponse": [
      null,
      null
    ],
    "headers": {
      "X_LOCAL_SECURITY_COOKIE": "",
      "Accept": "application/json, text/plain, */*"
    },
    "url": "http://localhost:59001/ShadowPlay/v.1.0/CoPlay/Enable",
    "params": {},
    "retriesRemaining": 0,
    "timeout": {}
  },
  "statusText": ""
}
2026-09-29 03:24:10 [page:Error] 2026-09-29 03:24:10.539  ERROR  osc/shadowplayService- "ERROR, Coplay Enabled request failed: " {
  "data": null,
  "status": -1,
  "config": {
    "method": "GET",
    "transformRequest": [
      null
    ],
    "transformResponse": [
      null,
      null
    ],
    "headers": {
      "X_LOCAL_SECURITY_COOKIE": "",
      "Accept": "application/json, text/plain, */*"
    },
    "url": "http://localhost:59001/ShadowPlay/v.1.0/CoPlay/Enable",
    "params": {},
    "retriesRemaining": 0,
    "timeout": {}
  },
  "statusText": ""
}
2026-09-29 03:24:10 [page:Error] 2026-09-29 03:24:10.540  ERROR  osc/shadowplayService- "ERROR, Coplay Enabled request failed: " {
  "data": null,
  "status": -1,
  "config": {
    "method": "GET",
    "transformRequest": [
      null
    ],
    "transformResponse": [
      null,
      null
    ],
    "headers": {
      "X_LOCAL_SECURITY_COOKIE": "",
      "Accept": "application/json, text/plain, */*"
    },
    "url": "http://localhost:59001/ShadowPlay/v.1.0/CoPlay/Enable",
    "params": {},
    "retriesRemaining": 0,
    "timeout": {}
  },
  "statusText": ""
}
2026-09-29 03:24:10 [page:Error] 2026-09-29 03:24:10.541  ERROR  osc/shadowplayService- "ERROR, Coplay Enabled request failed: " {
  "data": null,
  "status": -1,
  "config": {
    "method": "GET",
    "transformRequest": [
      null
    ],
    "transformResponse": [
      null,
      null
    ],
    "headers": {
      "X_LOCAL_SECURITY_COOKIE": "",
      "Accept": "application/json, text/plain, */*"
    },
    "url": "http://localhost:59001/ShadowPlay/v.1.0/CoPlay/Enable",
    "params": {},
    "retriesRemaining": 0,
    "timeout": {}
  },
  "statusText": ""
}
2026-09-29 03:24:10 [page:Error] 2026-09-29 03:24:10.541  ERROR  osc/shadowplayService- "ERROR, Coplay Enabled request failed: " {
  "data": null,
  "status": -1,
  "config": {
    "method": "GET",
    "transformRequest": [
      null
    ],
    "transformResponse": [
      null,
      null
    ],
    "headers": {
      "X_LOCAL_SECURITY_COOKIE": "",
      "Accept": "application/json, text/plain, */*"
    },
    "url": "http://localhost:59001/ShadowPlay/v.1.0/CoPlay/Enable",
    "params": {},
    "retriesRemaining": 0,
    "timeout": {}
  },
  "statusText": ""
}
2026-09-29 03:24:10 [page:Error] 2026-09-29 03:24:10.541  ERROR  osc/shadowplayService- "ERROR, Coplay Enabled request failed: " {
  "data": null,
  "status": -1,
  "config": {
    "method": "GET",
    "transformRequest": [
      null
    ],
    "transformResponse": [
      null,
      null
    ],
    "headers": {
      "X_LOCAL_SECURITY_COOKIE": "",
      "Accept": "application/json, text/plain, */*"
    },
    "url": "http://localhost:59001/ShadowPlay/v.1.0/CoPlay/Enable",
    "params": {},
    "retriesRemaining": 0,
    "timeout": {}
  },
  "statusText": ""
}
2026-09-29 03:24:10 [page:Error] 2026-09-29 03:24:10.542  ERROR  osc/shadowplayService- "ERROR, Coplay Enabled request failed: " {
  "data": null,
  "status": -1,
  "config": {
    "method": "GET",
    "transformRequest": [
      null
    ],
    "transformResponse": [
      null,
      null
    ],
    "headers": {
      "X_LOCAL_SECURITY_COOKIE": "",
      "Accept": "application/json, text/plain, */*"
    },
    "url": "http://localhost:59001/ShadowPlay/v.1.0/CoPlay/Enable",
    "params": {},
    "retriesRemaining": 0,
    "timeout": {}
  },
  "statusText": ""
}
2026-09-29 03:24:10 [page:Error] 2026-09-29 03:24:10.542  ERROR  osc/shadowplayService- "ERROR, Coplay Enabled request failed: " {
  "data": null,
  "status": -1,
  "config": {
    "method": "GET",
    "transformRequest": [
      null
    ],
    "transformResponse": [
      null,
      null
    ],
    "headers": {
      "X_LOCAL_SECURITY_COOKIE": "",
      "Accept": "application/json, text/plain, */*"
    },
    "url": "http://localhost:59001/ShadowPlay/v.1.0/CoPlay/Enable",
    "params": {},
    "retriesRemaining": 0,
    "timeout": {}
  },
  "statusText": ""
}
2026-09-29 03:24:10 [page:Error] 2026-09-29 03:24:10.542  ERROR  osc/shadowplayService- "ERROR, Coplay Enabled request failed: " {
  "data": null,
  "status": -1,
  "config": {
    "method": "GET",
    "transformRequest": [
      null
    ],
    "transformResponse": [
      null,
      null
    ],
    "headers": {
      "X_LOCAL_SECURITY_COOKIE": "",
      "Accept": "application/json, text/plain, */*"
    },
    "url": "http://localhost:59001/ShadowPlay/v.1.0/CoPlay/Enable",
    "params": {},
    "retriesRemaining": 0,
    "timeout": {}
  },
  "statusText": ""
}
2026-09-29 03:24:10 [page:Error] 2026-09-29 03:24:10.545  ERROR  osc/shadowplayService- "ERROR, Coplay Enabled request failed: " {
  "data": null,
  "status": -1,
  "config": {
    "method": "GET",
    "transformRequest": [
      null
    ],
    "transformResponse": [
      null,
      null
    ],
    "headers": {
      "X_LOCAL_SECURITY_COOKIE": "",
      "Accept": "application/json, text/plain, */*"
    },
    "url": "http://localhost:59001/ShadowPlay/v.1.0/CoPlay/Enable",
    "params": {},
    "retriesRemaining": 0,
    "timeout": {}
  },
  "statusText": ""
}
2026-09-29 03:24:10 [page:Error] 2026-09-29 03:24:10.548  ERROR  osc/shadowplayService- "ERROR, Coplay Enabled request failed: " {
  "data": null,
  "status": -1,
  "config": {
    "method": "GET",
    "transformRequest": [
      null
    ],
    "transformResponse": [
      null,
      null
    ],
    "headers": {
      "X_LOCAL_SECURITY_COOKIE": "",
      "Accept": "application/json, text/plain, */*"
    },
    "url": "http://localhost:59001/ShadowPlay/v.1.0/CoPlay/Enable",
    "params": {},
    "retriesRemaining": 0,
    "timeout": {}
  },
  "statusText": ""
}
2026-09-29 03:24:10 [page:Error] 2026-09-29 03:24:10.548  ERROR  osc/shadowplayService- "ERROR, Coplay Enabled request failed: " {
  "data": null,
  "status": -1,
  "config": {
    "method": "GET",
    "transformRequest": [
      null
    ],
    "transformResponse": [
      null,
      null
    ],
    "headers": {
      "X_LOCAL_SECURITY_COOKIE": "",
      "Accept": "application/json, text/plain, */*"
    },
    "url": "http://localhost:59001/ShadowPlay/v.1.0/CoPlay/Enable",
    "params": {},
    "retriesRemaining": 0,
    "timeout": {}
  },
  "statusText": ""
}
2026-09-29 03:24:10 [page:Error] 2026-09-29 03:24:10.548  ERROR  osc/shadowplayService- "ERROR, Coplay Enabled request failed: " {
  "data": null,
  "status": -1,
  "config": {
    "method": "GET",
    "transformRequest": [
      null
    ],
    "transformResponse": [
      null,
      null
    ],
    "headers": {
      "X_LOCAL_SECURITY_COOKIE": "",
      "Accept": "application/json, text/plain, */*"
    },
    "url": "http://localhost:59001/ShadowPlay/v.1.0/CoPlay/Enable",
    "params": {},
    "retriesRemaining": 0,
    "timeout": {}
  },
  "statusText": ""
}
2026-09-29 03:24:10 [page:Error] 2026-09-29 03:24:10.549  ERROR  osc/shadowplayService- "ERROR, Coplay Enabled request failed: " {
  "data": null,
  "status": -1,
  "config": {
    "method": "GET",
    "transformRequest": [
      null
    ],
    "transformResponse": [
      null,
      null
    ],
    "headers": {
      "X_LOCAL_SECURITY_COOKIE": "",
      "Accept": "application/json, text/plain, */*"
    },
    "url": "http://localhost:59001/ShadowPlay/v.1.0/CoPlay/Enable",
    "params": {},
    "retriesRemaining": 0,
    "timeout": {}
  },
  "statusText": ""
}
2026-09-29 03:24:10 [page:Error] 2026-09-29 03:24:10.549  ERROR  osc/shadowplayService- "ERROR, Coplay Enabled request failed: " {
  "data": null,
  "status": -1,
  "config": {
    "method": "GET",
    "transformRequest": [
      null
    ],
    "transformResponse": [
      null,
      null
    ],
    "headers": {
      "X_LOCAL_SECURITY_COOKIE": "",
      "Accept": "application/json, text/plain, */*"
    },
    "url": "http://localhost:59001/ShadowPlay/v.1.0/CoPlay/Enable",
    "params": {},
    "retriesRemaining": 0,
    "timeout": {}
  },
  "statusText": ""
}
2026-09-29 03:24:10 [page:Error] 2026-09-29 03:24:10.549  ERROR  osc/shadowplayService- "ERROR, Coplay Enabled request failed: " {
  "data": null,
  "status": -1,
  "config": {
    "method": "GET",
    "transformRequest": [
      null
    ],
    "transformResponse": [
      null,
      null
    ],
    "headers": {
      "X_LOCAL_SECURITY_COOKIE": "",
      "Accept": "application/json, text/plain, */*"
    },
    "url": "http://localhost:59001/ShadowPlay/v.1.0/CoPlay/Enable",
    "params": {},
    "retriesRemaining": 0,
    "timeout": {}
  },
  "statusText": ""
}
2026-09-29 03:24:10 [page:Error] 2026-09-29 03:24:10.550  ERROR  osc/shadowplayService- "ERROR, Coplay Enabled request failed: " {
  "data": null,
  "status": -1,
  "config": {
    "method": "GET",
    "transformRequest": [
      null
    ],
    "transformResponse": [
      null,
      null
    ],
    "headers": {
      "X_LOCAL_SECURITY_COOKIE": "",
      "Accept": "application/json, text/plain, */*"
    },
    "url": "http://localhost:59001/ShadowPlay/v.1.0/CoPlay/Enable",
    "params": {},
    "retriesRemaining": 0,
    "timeout": {}
  },
  "statusText": ""
}
2026-09-29 03:24:10 [page:Error] 2026-09-29 03:24:10.550  ERROR  osc/shadowplayService- "ERROR, Coplay Enabled request failed: " {
  "data": null,
  "status": -1,
  "config": {
    "method": "GET",
    "transformRequest": [
      null
    ],
    "transformResponse": [
      null,
      null
    ],
    "headers": {
      "X_LOCAL_SECURITY_COOKIE": "",
      "Accept": "application/json, text/plain, */*"
    },
    "url": "http://localhost:59001/ShadowPlay/v.1.0/CoPlay/Enable",
    "params": {},
    "retriesRemaining": 0,
    "timeout": {}
  },
  "statusText": ""
}
2026-09-29 03:24:10 [page:Error] 2026-09-29 03:24:10.550  ERROR  osc/shadowplayService- "ERROR, Coplay Enabled request failed: " {
  "data": null,
  "status": -1,
  "config": {
    "method": "GET",
    "transformRequest": [
      null
    ],
    "transformResponse": [
      null,
      null
    ],
    "headers": {
      "X_LOCAL_SECURITY_COOKIE": "",
      "Accept": "application/json, text/plain, */*"
    },
    "url": "http://localhost:59001/ShadowPlay/v.1.0/CoPlay/Enable",
    "params": {},
    "retriesRemaining": 0,
    "timeout": {}
  },
  "statusText": ""
}
2026-09-29 03:24:10 [page:Error] 2026-09-29 03:24:10.550  ERROR  osc/shadowplayService- "ERROR, Coplay Enabled request failed: " {
  "data": null,
  "status": -1,
  "config": {
    "method": "GET",
    "transformRequest": [
      null
    ],
    "transformResponse": [
      null,
      null
    ],
    "headers": {
      "X_LOCAL_SECURITY_COOKIE": "",
      "Accept": "application/json, text/plain, */*"
    },
    "url": "http://localhost:59001/ShadowPlay/v.1.0/CoPlay/Enable",
    "params": {},
    "retriesRemaining": 0,
    "timeout": {}
  },
  "statusText": ""
}
2026-09-29 03:24:10 [page:Error] 2026-09-29 03:24:10.551  ERROR  osc/shadowplayService- "ERROR, Coplay Enabled request failed: " {
  "data": null,
  "status": -1,
  "config": {
    "method": "GET",
    "transformRequest": [
      null
    ],
    "transformResponse": [
      null,
      null
    ],
    "headers": {
      "X_LOCAL_SECURITY_COOKIE": "",
      "Accept": "application/json, text/plain, */*"
    },
    "url": "http://localhost:59001/ShadowPlay/v.1.0/CoPlay/Enable",
    "params": {},
    "retriesRemaining": 0,
    "timeout": {}
  },
  "statusText": ""
}
2026-09-29 03:24:10 [page:Error] 2026-09-29 03:24:10.551  ERROR  osc/shadowplayService- "ERROR, Coplay Enabled request failed: " {
  "data": null,
  "status": -1,
  "config": {
    "method": "GET",
    "transformRequest": [
      null
    ],
    "transformResponse": [
      null,
      null
    ],
    "headers": {
      "X_LOCAL_SECURITY_COOKIE": "",
      "Accept": "application/json, text/plain, */*"
    },
    "url": "http://localhost:59001/ShadowPlay/v.1.0/CoPlay/Enable",
    "params": {},
    "retriesRemaining": 0,
    "timeout": {}
  },
  "statusText": ""
}
2026-09-29 03:24:10 [page:Error] 2026-09-29 03:24:10.551  ERROR  osc/shadowplayService- "ERROR, Coplay Enabled request failed: " {
  "data": null,
  "status": -1,
  "config": {
    "method": "GET",
    "transformRequest": [
      null
    ],
    "transformResponse": [
      null,
      null
    ],
    "headers": {
      "X_LOCAL_SECURITY_COOKIE": "",
      "Accept": "application/json, text/plain, */*"
    },
    "url": "http://localhost:59001/ShadowPlay/v.1.0/CoPlay/Enable",
    "params": {},
    "retriesRemaining": 0,
    "timeout": {}
  },
  "statusText": ""
}
2026-09-29 03:24:10 [page:Error] 2026-09-29 03:24:10.552  ERROR  osc/shadowplayService- "ERROR, Coplay Enabled request failed: " {
  "data": null,
  "status": -1,
  "config": {
    "method": "GET",
    "transformRequest": [
      null
    ],
    "transformResponse": [
      null,
      null
    ],
    "headers": {
      "X_LOCAL_SECURITY_COOKIE": "",
      "Accept": "application/json, text/plain, */*"
    },
    "url": "http://localhost:59001/ShadowPlay/v.1.0/CoPlay/Enable",
    "params": {},
    "retriesRemaining": 0,
    "timeout": {}
  },
  "statusText": ""
}
2026-09-29 03:24:10 [page:Error] 2026-09-29 03:24:10.552  ERROR  osc/shadowplayService- "ERROR, Coplay Enabled request failed: " {
  "data": null,
  "status": -1,
  "config": {
    "method": "GET",
    "transformRequest": [
      null
    ],
    "transformResponse": [
      null,
      null
    ],
    "headers": {
      "X_LOCAL_SECURITY_COOKIE": "",
      "Accept": "application/json, text/plain, */*"
    },
    "url": "http://localhost:59001/ShadowPlay/v.1.0/CoPlay/Enable",
    "params": {},
    "retriesRemaining": 0,
    "timeout": {}
  },
  "statusText": ""
}
2026-09-29 03:24:10 [page:Error] 2026-09-29 03:24:10.552  ERROR  osc/shadowplayService- "ERROR, Coplay Enabled request failed: " {
  "data": null,
  "status": -1,
  "config": {
    "method": "GET",
    "transformRequest": [
      null
    ],
    "transformResponse": [
      null,
      null
    ],
    "headers": {
      "X_LOCAL_SECURITY_COOKIE": "",
      "Accept": "application/json, text/plain, */*"
    },
    "url": "http://localhost:59001/ShadowPlay/v.1.0/CoPlay/Enable",
    "params": {},
    "retriesRemaining": 0,
    "timeout": {}
  },
  "statusText": ""
}
2026-09-29 03:24:10 [page:Error] 2026-09-29 03:24:10.553  ERROR  osc/shadowplayService- "ERROR, Coplay Enabled request failed: " {
  "data": null,
  "status": -1,
  "config": {
    "method": "GET",
    "transformRequest": [
      null
    ],
    "transformResponse": [
      null,
      null
    ],
    "headers": {
      "X_LOCAL_SECURITY_COOKIE": "",
      "Accept": "application/json, text/plain, */*"
    },
    "url": "http://localhost:59001/ShadowPlay/v.1.0/CoPlay/Enable",
    "params": {},
    "retriesRemaining": 0,
    "timeout": {}
  },
  "statusText": ""
}
2026-09-29 03:24:10 [page:Error] 2026-09-29 03:24:10.553  ERROR  osc/shadowplayService- "ERROR, Coplay Enabled request failed: " {
  "data": null,
  "status": -1,
  "config": {
    "method": "GET",
    "transformRequest": [
      null
    ],
    "transformResponse": [
      null,
      null
    ],
    "headers": {
      "X_LOCAL_SECURITY_COOKIE": "",
      "Accept": "application/json, text/plain, */*"
    },
    "url": "http://localhost:59001/ShadowPlay/v.1.0/CoPlay/Enable",
    "params": {},
    "retriesRemaining": 0,
    "timeout": {}
  },
  "statusText": ""
}
2026-09-29 03:24:10 [page:Error] 2026-09-29 03:24:10.553  ERROR  osc/shadowplayService- "ERROR, Coplay Enabled request failed: " {
  "data": null,
  "status": -1,
  "config": {
    "method": "GET",
    "transformRequest": [
      null
    ],
    "transformResponse": [
      null,
      null
    ],
    "headers": {
      "X_LOCAL_SECURITY_COOKIE": "",
      "Accept": "application/json, text/plain, */*"
    },
    "url": "http://localhost:59001/ShadowPlay/v.1.0/CoPlay/Enable",
    "params": {},
    "retriesRemaining": 0,
    "timeout": {}
  },
  "statusText": ""
}
2026-09-29 03:24:10 [page:Error] 2026-09-29 03:24:10.557  ERROR  osc/shadowplayService- "ERROR, Coplay Enabled request failed: " {
  "data": null,
  "status": -1,
  "config": {
    "method": "GET",
    "transformRequest": [
      null
    ],
    "transformResponse": [
      null,
      null
    ],
    "headers": {
      "X_LOCAL_SECURITY_COOKIE": "",
      "Accept": "application/json, text/plain, */*"
    },
    "url": "http://localhost:59001/ShadowPlay/v.1.0/CoPlay/Enable",
    "params": {},
    "retriesRemaining": 0,
    "timeout": {}
  },
  "statusText": ""
}
2026-09-29 03:24:10 [page:Error] 2026-09-29 03:24:10.557  ERROR  osc/shadowplayService- "ERROR, Coplay Enabled request failed: " {
  "data": null,
  "status": -1,
  "config": {
    "method": "GET",
    "transformRequest": [
      null
    ],
    "transformResponse": [
      null,
      null
    ],
    "headers": {
      "X_LOCAL_SECURITY_COOKIE": "",
      "Accept": "application/json, text/plain, */*"
    },
    "url": "http://localhost:59001/ShadowPlay/v.1.0/CoPlay/Enable",
    "params": {},
    "retriesRemaining": 0,
    "timeout": {}
  },
  "statusText": ""
}
2026-09-29 03:24:10 [page:Error] 2026-09-29 03:24:10.557  ERROR  osc/shadowplayService- "ERROR, Coplay Enabled request failed: " {
  "data": null,
  "status": -1,
  "config": {
    "method": "GET",
    "transformRequest": [
      null
    ],
    "transformResponse": [
      null,
      null
    ],
    "headers": {
      "X_LOCAL_SECURITY_COOKIE": "",
      "Accept": "application/json, text/plain, */*"
    },
    "url": "http://localhost:59001/ShadowPlay/v.1.0/CoPlay/Enable",
    "params": {},
    "retriesRemaining": 0,
    "timeout": {}
  },
  "statusText": ""
}
2026-09-29 03:24:10 [window] SHOW
2026-09-29 03:24:10 [page:Error] 2026-09-29 03:24:10.558  ERROR  osc/shadowplayService- "ERROR, Coplay Enabled request failed: " {
  "data": null,
  "status": -1,
  "config": {
    "method": "GET",
    "transformRequest": [
      null
    ],
    "transformResponse": [
      null,
      null
    ],
    "headers": {
      "X_LOCAL_SECURITY_COOKIE": "",
      "Accept": "application/json, text/plain, */*"
    },
    "url": "http://localhost:59001/ShadowPlay/v.1.0/CoPlay/Enable",
    "params": {},
    "retriesRemaining": 0,
    "timeout": {}
  },
  "statusText": ""
}
2026-09-29 03:24:10 [page:Error] 2026-09-29 03:24:10.559  ERROR  osc/shadowplayService- "ERROR, Coplay Enabled request failed: " {
  "data": null,
  "status": -1,
  "config": {
    "method": "GET",
    "transformRequest": [
      null
    ],
    "transformResponse": [
      null,
      null
    ],
    "headers": {
      "X_LOCAL_SECURITY_COOKIE": "",
      "Accept": "application/json, text/plain, */*"
    },
    "url": "http://localhost:59001/ShadowPlay/v.1.0/CoPlay/Enable",
    "params": {},
    "retriesRemaining": 0,
    "timeout": {}
  },
  "statusText": ""
}
2026-09-29 03:24:10 [page:Error] 2026-09-29 03:24:10.559  ERROR  osc/shadowplayService- "ERROR, Coplay Enabled request failed: " {
  "data": null,
  "status": -1,
  "config": {
    "method": "GET",
    "transformRequest": [
      null
    ],
    "transformResponse": [
      null,
      null
    ],
    "headers": {
      "X_LOCAL_SECURITY_COOKIE": "",
      "Accept": "application/json, text/plain, */*"
    },
    "url": "http://localhost:59001/ShadowPlay/v.1.0/CoPlay/Enable",
    "params": {},
    "retriesRemaining": 0,
    "timeout": {}
  },
  "statusText": ""
}
2026-09-29 03:24:10 [page:Error] 2026-09-29 03:24:10.560  ERROR  osc/shadowplayService- "ERROR, Coplay Enabled request failed: " {
  "data": null,
  "status": -1,
  "config": {
    "method": "GET",
    "transformRequest": [
      null
    ],
    "transformResponse": [
      null,
      null
    ],
    "headers": {
      "X_LOCAL_SECURITY_COOKIE": "",
      "Accept": "application/json, text/plain, */*"
    },
    "url": "http://localhost:59001/ShadowPlay/v.1.0/CoPlay/Enable",
    "params": {},
    "retriesRemaining": 0,
    "timeout": {}
  },
  "statusText": ""
}
2026-09-29 03:24:10 [page:Error] 2026-09-29 03:24:10.561  ERROR  osc/shadowplayService- "ERROR, Coplay Enabled request failed: " {
  "data": null,
  "status": -1,
  "config": {
    "method": "GET",
    "transformRequest": [
      null
    ],
    "transformResponse": [
      null,
      null
    ],
    "headers": {
      "X_LOCAL_SECURITY_COOKIE": "",
      "Accept": "application/json, text/plain, */*"
    },
    "url": "http://localhost:59001/ShadowPlay/v.1.0/CoPlay/Enable",
    "params": {},
    "retriesRemaining": 0,
    "timeout": {}
  },
  "statusText": ""
}
2026-09-29 03:24:10 [page:Error] 2026-09-29 03:24:10.561  ERROR  osc/shadowplayService- "ERROR, Coplay Enabled request failed: " {
  "data": null,
  "status": -1,
  "config": {
    "method": "GET",
    "transformRequest": [
      null
    ],
    "transformResponse": [
      null,
      null
    ],
    "headers": {
      "X_LOCAL_SECURITY_COOKIE": "",
      "Accept": "application/json, text/plain, */*"
    },
    "url": "http://localhost:59001/ShadowPlay/v.1.0/CoPlay/Enable",
    "params": {},
    "retriesRemaining": 0,
    "timeout": {}
  },
  "statusText": ""
}
2026-09-29 03:24:10 [page:Error] 2026-09-29 03:24:10.561  ERROR  osc/shadowplayService- "ERROR, Coplay Enabled request failed: " {
  "data": null,
  "status": -1,
  "config": {
    "method": "GET",
    "transformRequest": [
      null
    ],
    "transformResponse": [
      null,
      null
    ],
    "headers": {
      "X_LOCAL_SECURITY_COOKIE": "",
      "Accept": "application/json, text/plain, */*"
    },
    "url": "http://localhost:59001/ShadowPlay/v.1.0/CoPlay/Enable",
    "params": {},
    "retriesRemaining": 0,
    "timeout": {}
  },
  "statusText": ""
}
2026-09-29 03:24:10 [page:Error] 2026-09-29 03:24:10.562  ERROR  osc/shadowplayService- "ERROR, Coplay Enabled request failed: " {
  "data": null,
  "status": -1,
  "config": {
    "method": "GET",
    "transformRequest": [
      null
    ],
    "transformResponse": [
      null,
      null
    ],
    "headers": {
      "X_LOCAL_SECURITY_COOKIE": "",
      "Accept": "application/json, text/plain, */*"
    },
    "url": "http://localhost:59001/ShadowPlay/v.1.0/CoPlay/Enable",
    "params": {},
    "retriesRemaining": 0,
    "timeout": {}
  },
  "statusText": ""
}
2026-09-29 03:24:10 [page:Error] 2026-09-29 03:24:10.562  ERROR  osc/shadowplayService- "ERROR, Coplay Enabled request failed: " {
  "data": null,
  "status": -1,
  "config": {
    "method": "GET",
    "transformRequest": [
      null
    ],
    "transformResponse": [
      null,
      null
    ],
    "headers": {
      "X_LOCAL_SECURITY_COOKIE": "",
      "Accept": "application/json, text/plain, */*"
    },
    "url": "http://localhost:59001/ShadowPlay/v.1.0/CoPlay/Enable",
    "params": {},
    "retriesRemaining": 0,
    "timeout": {}
  },
  "statusText": ""
}
2026-09-29 03:24:10 [page:Error] 2026-09-29 03:24:10.562  ERROR  osc/shadowplayService- "ERROR, Coplay Enabled request failed: " {
  "data": null,
  "status": -1,
  "config": {
    "method": "GET",
    "transformRequest": [
      null
    ],
    "transformResponse": [
      null,
      null
    ],
    "headers": {
      "X_LOCAL_SECURITY_COOKIE": "",
      "Accept": "application/json, text/plain, */*"
    },
    "url": "http://localhost:59001/ShadowPlay/v.1.0/CoPlay/Enable",
    "params": {},
    "retriesRemaining": 0,
    "timeout": {}
  },
  "statusText": ""
}
2026-09-29 03:24:10 [page:Error] 2026-09-29 03:24:10.563  ERROR  osc/shadowplayService- "ERROR, Coplay Enabled request failed: " {
  "data": null,
  "status": -1,
  "config": {
    "method": "GET",
    "transformRequest": [
      null
    ],
    "transformResponse": [
      null,
      null
    ],
    "headers": {
      "X_LOCAL_SECURITY_COOKIE": "",
      "Accept": "application/json, text/plain, */*"
    },
    "url": "http://localhost:59001/ShadowPlay/v.1.0/CoPlay/Enable",
    "params": {},
    "retriesRemaining": 0,
    "timeout": {}
  },
  "statusText": ""
}
2026-09-29 03:24:10 [page:Error] 2026-09-29 03:24:10.563  ERROR  osc/shadowplayService- "ERROR, Coplay Enabled request failed: " {
  "data": null,
  "status": -1,
  "config": {
    "method": "GET",
    "transformRequest": [
      null
    ],
    "transformResponse": [
      null,
      null
    ],
    "headers": {
      "X_LOCAL_SECURITY_COOKIE": "",
      "Accept": "application/json, text/plain, */*"
    },
    "url": "http://localhost:59001/ShadowPlay/v.1.0/CoPlay/Enable",
    "params": {},
    "retriesRemaining": 0,
    "timeout": {}
  },
  "statusText": ""
}
2026-09-29 03:24:10 [page:Error] 2026-09-29 03:24:10.563  ERROR  osc/shadowplayService- "ERROR, Coplay Enabled request failed: " {
  "data": null,
  "status": -1,
  "config": {
    "method": "GET",
    "transformRequest": [
      null
    ],
    "transformResponse": [
      null,
      null
    ],
    "headers": {
      "X_LOCAL_SECURITY_COOKIE": "",
      "Accept": "application/json, text/plain, */*"
    },
    "url": "http://localhost:59001/ShadowPlay/v.1.0/CoPlay/Enable",
    "params": {},
    "retriesRemaining": 0,
    "timeout": {}
  },
  "statusText": ""
}
2026-09-29 03:24:10 [page:Error] 2026-09-29 03:24:10.563  ERROR  osc/shadowplayService- "ERROR, Coplay Enabled request failed: " {
  "data": null,
  "status": -1,
  "config": {
    "method": "GET",
    "transformRequest": [
      null
    ],
    "transformResponse": [
      null,
      null
    ],
    "headers": {
      "X_LOCAL_SECURITY_COOKIE": "",
      "Accept": "application/json, text/plain, */*"
    },
    "url": "http://localhost:59001/ShadowPlay/v.1.0/CoPlay/Enable",
    "params": {},
    "retriesRemaining": 0,
    "timeout": {}
  },
  "statusText": ""
}
2026-09-29 03:24:10 [page:Error] 2026-09-29 03:24:10.563  ERROR  osc/shadowplayService- "ERROR, Coplay Enabled request failed: " {
  "data": null,
  "status": -1,
  "config": {
    "method": "GET",
    "transformRequest": [
      null
    ],
    "transformResponse": [
      null,
      null
    ],
    "headers": {
      "X_LOCAL_SECURITY_COOKIE": "",
      "Accept": "application/json, text/plain, */*"
    },
    "url": "http://localhost:59001/ShadowPlay/v.1.0/CoPlay/Enable",
    "params": {},
    "retriesRemaining": 0,
    "timeout": {}
  },
  "statusText": ""
}
2026-09-29 03:24:10 [page:Error] 2026-09-29 03:24:10.564  ERROR  osc/shadowplayService- "ERROR, Coplay Enabled request failed: " {
  "data": null,
  "status": -1,
  "config": {
    "method": "GET",
    "transformRequest": [
      null
    ],
    "transformResponse": [
      null,
      null
    ],
    "headers": {
      "X_LOCAL_SECURITY_COOKIE": "",
      "Accept": "application/json, text/plain, */*"
    },
    "url": "http://localhost:59001/ShadowPlay/v.1.0/CoPlay/Enable",
    "params": {},
    "retriesRemaining": 0,
    "timeout": {}
  },
  "statusText": ""
}
2026-09-29 03:24:10 [page:Error] 2026-09-29 03:24:10.565  ERROR  osc/shadowplayService- "ERROR, Coplay Enabled request failed: " {
  "data": null,
  "status": -1,
  "config": {
    "method": "GET",
    "transformRequest": [
      null
    ],
    "transformResponse": [
      null,
      null
    ],
    "headers": {
      "X_LOCAL_SECURITY_COOKIE": "",
      "Accept": "application/json, text/plain, */*"
    },
    "url": "http://localhost:59001/ShadowPlay/v.1.0/CoPlay/Enable",
    "params": {},
    "retriesRemaining": 0,
    "timeout": {}
  },
  "statusText": ""
}
2026-09-29 03:24:10 [page:Error] 2026-09-29 03:24:10.565  ERROR  osc/shadowplayService- "ERROR, Coplay Enabled request failed: " {
  "data": null,
  "status": -1,
  "config": {
    "method": "GET",
    "transformRequest": [
      null
    ],
    "transformResponse": [
      null,
      null
    ],
    "headers": {
      "X_LOCAL_SECURITY_COOKIE": "",
      "Accept": "application/json, text/plain, */*"
    },
    "url": "http://localhost:59001/ShadowPlay/v.1.0/CoPlay/Enable",
    "params": {},
    "retriesRemaining": 0,
    "timeout": {}
  },
  "statusText": ""
}
2026-09-29 03:24:10 [page:Error] 2026-09-29 03:24:10.566  ERROR  osc/shadowplayService- "ERROR, Coplay Enabled request failed: " {
  "data": null,
  "status": -1,
  "config": {
    "method": "GET",
    "transformRequest": [
      null
    ],
    "transformResponse": [
      null,
      null
    ],
    "headers": {
      "X_LOCAL_SECURITY_COOKIE": "",
      "Accept": "application/json, text/plain, */*"
    },
    "url": "http://localhost:59001/ShadowPlay/v.1.0/CoPlay/Enable",
    "params": {},
    "retriesRemaining": 0,
    "timeout": {}
  },
  "statusText": ""
}
2026-09-29 03:24:10 [page:Error] 2026-09-29 03:24:10.579  ERROR  osc/shadowplayService- "ERROR, Coplay Enabled request failed: " {
  "data": null,
  "status": -1,
  "config": {
    "method": "GET",
    "transformRequest": [
      null
    ],
    "transformResponse": [
      null,
      null
    ],
    "headers": {
      "X_LOCAL_SECURITY_COOKIE": "",
      "Accept": "application/json, text/plain, */*"
    },
    "url": "http://localhost:59001/ShadowPlay/v.1.0/CoPlay/Enable",
    "params": {},
    "retriesRemaining": 0,
    "timeout": {}
  },
  "statusText": ""
}
2026-09-29 03:24:10 [page:Error] 2026-09-29 03:24:10.580  ERROR  osc/shadowplayService- "ERROR, Coplay Enabled request failed: " {
  "data": null,
  "status": -1,
  "config": {
    "method": "GET",
    "transformRequest": [
      null
    ],
    "transformResponse": [
      null,
      null
    ],
    "headers": {
      "X_LOCAL_SECURITY_COOKIE": "",
      "Accept": "application/json, text/plain, */*"
    },
    "url": "http://localhost:59001/ShadowPlay/v.1.0/CoPlay/Enable",
    "params": {},
    "retriesRemaining": 0,
    "timeout": {}
  },
  "statusText": ""
}
2026-09-29 03:24:10 [page:Error] 2026-09-29 03:24:10.580  ERROR  osc/shadowplayService- "ERROR, Coplay Enabled request failed: " {
  "data": null,
  "status": -1,
  "config": {
    "method": "GET",
    "transformRequest": [
      null
    ],
    "transformResponse": [
      null,
      null
    ],
    "headers": {
      "X_LOCAL_SECURITY_COOKIE": "",
      "Accept": "application/json, text/plain, */*"
    },
    "url": "http://localhost:59001/ShadowPlay/v.1.0/CoPlay/Enable",
    "params": {},
    "retriesRemaining": 0,
    "timeout": {}
  },
  "statusText": ""
}
2026-09-29 03:24:10 [page:Error] 2026-09-29 03:24:10.581  ERROR  osc/shadowplayService- "ERROR, Coplay Enabled request failed: " {
  "data": null,
  "status": -1,
  "config": {
    "method": "GET",
    "transformRequest": [
      null
    ],
    "transformResponse": [
      null,
      null
    ],
    "headers": {
      "X_LOCAL_SECURITY_COOKIE": "",
      "Accept": "application/json, text/plain, */*"
    },
    "url": "http://localhost:59001/ShadowPlay/v.1.0/CoPlay/Enable",
    "params": {},
    "retriesRemaining": 0,
    "timeout": {}
  },
  "statusText": ""
}
2026-09-29 03:24:10 [page:Error] 2026-09-29 03:24:10.581  ERROR  osc/shadowplayService- "ERROR, Coplay Enabled request failed: " {
  "data": null,
  "status": -1,
  "config": {
    "method": "GET",
    "transformRequest": [
      null
    ],
    "transformResponse": [
      null,
      null
    ],
    "headers": {
      "X_LOCAL_SECURITY_COOKIE": "",
      "Accept": "application/json, text/plain, */*"
    },
    "url": "http://localhost:59001/ShadowPlay/v.1.0/CoPlay/Enable",
    "params": {},
    "retriesRemaining": 0,
    "timeout": {}
  },
  "statusText": ""
}
2026-09-29 03:24:10 [page:Error] 2026-09-29 03:24:10.582  ERROR  osc/shadowplayService- "ERROR, Coplay Enabled request failed: " {
  "data": null,
  "status": -1,
  "config": {
    "method": "GET",
    "transformRequest": [
      null
    ],
    "transformResponse": [
      null,
      null
    ],
    "headers": {
      "X_LOCAL_SECURITY_COOKIE": "",
      "Accept": "application/json, text/plain, */*"
    },
    "url": "http://localhost:59001/ShadowPlay/v.1.0/CoPlay/Enable",
    "params": {},
    "retriesRemaining": 0,
    "timeout": {}
  },
  "statusText": ""
}
2026-09-29 03:24:10 [page:Error] 2026-09-29 03:24:10.582  ERROR  osc/shadowplayService- "ERROR, Coplay Enabled request failed: " {
  "data": null,
  "status": -1,
  "config": {
    "method": "GET",
    "transformRequest": [
      null
    ],
    "transformResponse": [
      null,
      null
    ],
    "headers": {
      "X_LOCAL_SECURITY_COOKIE": "",
      "Accept": "application/json, text/plain, */*"
    },
    "url": "http://localhost:59001/ShadowPlay/v.1.0/CoPlay/Enable",
    "params": {},
    "retriesRemaining": 0,
    "timeout": {}
  },
  "statusText": ""
}
2026-09-29 03:24:10 [page:Error] 2026-09-29 03:24:10.582  ERROR  osc/shadowplayService- "ERROR, Coplay Enabled request failed: " {
  "data": null,
  "status": -1,
  "config": {
    "method": "GET",
    "transformRequest": [
      null
    ],
    "transformResponse": [
      null,
      null
    ],
    "headers": {
      "X_LOCAL_SECURITY_COOKIE": "",
      "Accept": "application/json, text/plain, */*"
    },
    "url": "http://localhost:59001/ShadowPlay/v.1.0/CoPlay/Enable",
    "params": {},
    "retriesRemaining": 0,
    "timeout": {}
  },
  "statusText": ""
}
2026-09-29 03:24:10 [page:Error] 2026-09-29 03:24:10.582  ERROR  osc/shadowplayService- "ERROR, Coplay Enabled request failed: " {
  "data": null,
  "status": -1,
  "config": {
    "method": "GET",
    "transformRequest": [
      null
    ],
    "transformResponse": [
      null,
      null
    ],
    "headers": {
      "X_LOCAL_SECURITY_COOKIE": "",
      "Accept": "application/json, text/plain, */*"
    },
    "url": "http://localhost:59001/ShadowPlay/v.1.0/CoPlay/Enable",
    "params": {},
    "retriesRemaining": 0,
    "timeout": {}
  },
  "statusText": ""
}
2026-09-29 03:24:10 [page:Error] 2026-09-29 03:24:10.583  ERROR  osc/shadowplayService- "ERROR, Coplay Enabled request failed: " {
  "data": null,
  "status": -1,
  "config": {
    "method": "GET",
    "transformRequest": [
      null
    ],
    "transformResponse": [
      null,
      null
    ],
    "headers": {
      "X_LOCAL_SECURITY_COOKIE": "",
      "Accept": "application/json, text/plain, */*"
    },
    "url": "http://localhost:59001/ShadowPlay/v.1.0/CoPlay/Enable",
    "params": {},
    "retriesRemaining": 0,
    "timeout": {}
  },
  "statusText": ""
}
2026-09-29 03:24:10 [cefQuery] QUERY_WRITE_SHARED_STORAGE
2026-09-29 03:24:10 [cefQuery] QUERY_OSC_SET_DISPLAY_RECTS
2026-09-29 03:24:10 [window] HIDE (+close event fired)
2026-09-29 03:24:10 [page:Error] 2026-09-29 03:24:10.617  ERROR  osc/shadowplayService- "ERROR, Screenshot support request failed: " {
  "data": null,
  "status": -1,
  "config": {
    "method": "GET",
    "transformRequest": [
      null
    ],
    "transformResponse": [
      null,
      null
    ],
    "headers": {
      "X_LOCAL_SECURITY_COOKIE": "",
      "Accept": "application/json, text/plain, */*"
    },
    "url": "http://localhost:59001/ShadowPlay/v.1.0/Screenshot/Support",
    "params": {},
    "retriesRemaining": 0,
    "timeout": {}
  },
  "statusText": ""
}
2026-09-29 03:24:10 [cefQuery] QUERY_OSC_SET_DISPLAY_RECTS
2026-09-29 03:24:10 [cefQuery] QUERY_OSC_SET_DISPLAY_RECTS
2026-09-29 03:24:10 [cefQuery] QUERY_OSC_SET_DISPLAY_RECTS
2026-09-29 03:24:10 [cefQuery] QUERY_OSC_SET_DISPLAY_RECTS
2026-09-29 03:24:10 [cefQuery] QUERY_OSC_SET_DISPLAY_RECTS
2026-09-29 03:24:10 [cefQuery] QUERY_OSC_SET_DISPLAY_RECTS
2026-09-29 03:24:10 [cefQuery] QUERY_FULLSCREEN_STATE
2026-09-29 03:24:10 [cefQuery] QUERY_OSC_SET_PAINTING
2026-09-29 03:24:10 [cefQuery] QUERY_WIN_OPEN_OSC
2026-09-29 03:24:10 [cefQuery] QUERY_OSC_SET_PAINTING
2026-09-29 03:24:10 [cefQuery] QUERY_WRITE_SHARED_STORAGE
2026-09-29 03:24:10 [cefQuery] QUERY_WIN_CLOSE_OSC
2026-09-29 03:24:10 [cefQuery] QUERY_OSC_SET_DISPLAY_RECTS
2026-09-29 03:24:10 [cefQuery] QUERY_OSC_SET_DISPLAY_RECTS
2026-09-29 03:24:10 [window] SHOW
2026-09-29 03:24:10 [cefQuery] QUERY_OSC_SET_DISPLAY_RECTS
2026-09-29 03:24:10 [window] HIDE (+close event fired)
2026-09-29 03:24:10 [cefQuery] QUERY_OSC_SET_DISPLAY_RECTS
2026-09-29 03:24:10 [page:Error] 2026-09-29 03:24:10.863  ERROR  osc/shadowplayService- "ERROR, Coplay Enabled request failed: " {
  "data": null,
  "status": -1,
  "config": {
    "method": "GET",
    "transformRequest": [
      null
    ],
    "transformResponse": [
      null,
      null
    ],
    "headers": {
      "X_LOCAL_SECURITY_COOKIE": "",
      "Accept": "application/json, text/plain, */*"
    },
    "url": "http://localhost:59001/ShadowPlay/v.1.0/CoPlay/Enable",
    "params": {},
    "retriesRemaining": 0,
    "timeout": {}
  },
  "statusText": ""
}
2026-09-29 03:24:10 [page:Error] 2026-09-29 03:24:10.863  ERROR  osc/shadowplayService- "ERROR, Coplay Enabled request failed: " {
  "data": null,
  "status": -1,
  "config": {
    "method": "GET",
    "transformRequest": [
      null
    ],
    "transformResponse": [
      null,
      null
    ],
    "headers": {
      "X_LOCAL_SECURITY_COOKIE": "",
      "Accept": "application/json, text/plain, */*"
    },
    "url": "http://localhost:59001/ShadowPlay/v.1.0/CoPlay/Enable",
    "params": {},
    "retriesRemaining": 0,
    "timeout": {}
  },
  "statusText": ""
}
2026-09-29 03:24:10 [page:Error] 2026-09-29 03:24:10.864  ERROR  osc/shadowplayService- "ERROR, Coplay Enabled request failed: " {
  "data": null,
  "status": -1,
  "config": {
    "method": "GET",
    "transformRequest": [
      null
    ],
    "transformResponse": [
      null,
      null
    ],
    "headers": {
      "X_LOCAL_SECURITY_COOKIE": "",
      "Accept": "application/json, text/plain, */*"
    },
    "url": "http://localhost:59001/ShadowPlay/v.1.0/CoPlay/Enable",
    "params": {},
    "retriesRemaining": 0,
    "timeout": {}
  },
  "statusText": ""
}
2026-09-29 03:24:10 [page:Error] 2026-09-29 03:24:10.864  ERROR  osc/shadowplayService- "ERROR, Coplay Enabled request failed: " {
  "data": null,
  "status": -1,
  "config": {
    "method": "GET",
    "transformRequest": [
      null
    ],
    "transformResponse": [
      null,
      null
    ],
    "headers": {
      "X_LOCAL_SECURITY_COOKIE": "",
      "Accept": "application/json, text/plain, */*"
    },
    "url": "http://localhost:59001/ShadowPlay/v.1.0/CoPlay/Enable",
    "params": {},
    "retriesRemaining": 0,
    "timeout": {}
  },
  "statusText": ""
}
2026-09-29 03:24:10 [page:Error] 2026-09-29 03:24:10.864  ERROR  osc/shadowplayService- "ERROR, Coplay Enabled request failed: " {
  "data": null,
  "status": -1,
  "config": {
    "method": "GET",
    "transformRequest": [
      null
    ],
    "transformResponse": [
      null,
      null
    ],
    "headers": {
      "X_LOCAL_SECURITY_COOKIE": "",
      "Accept": "application/json, text/plain, */*"
    },
    "url": "http://localhost:59001/ShadowPlay/v.1.0/CoPlay/Enable",
    "params": {},
    "retriesRemaining": 0,
    "timeout": {}
  },
  "statusText": ""
}
2026-09-29 03:24:10 [page:Error] 2026-09-29 03:24:10.864  ERROR  osc/shadowplayService- "ERROR, Coplay Enabled request failed: " {
  "data": null,
  "status": -1,
  "config": {
    "method": "GET",
    "transformRequest": [
      null
    ],
    "transformResponse": [
      null,
      null
    ],
    "headers": {
      "X_LOCAL_SECURITY_COOKIE": "",
      "Accept": "application/json, text/plain, */*"
    },
    "url": "http://localhost:59001/ShadowPlay/v.1.0/CoPlay/Enable",
    "params": {},
    "retriesRemaining": 0,
    "timeout": {}
  },
  "statusText": ""
}
2026-09-29 03:24:10 [page:Error] 2026-09-29 03:24:10.865  ERROR  osc/shadowplayService- "ERROR, Coplay Enabled request failed: " {
  "data": null,
  "status": -1,
  "config": {
    "method": "GET",
    "transformRequest": [
      null
    ],
    "transformResponse": [
      null,
      null
    ],
    "headers": {
      "X_LOCAL_SECURITY_COOKIE": "",
      "Accept": "application/json, text/plain, */*"
    },
    "url": "http://localhost:59001/ShadowPlay/v.1.0/CoPlay/Enable",
    "params": {},
    "retriesRemaining": 0,
    "timeout": {}
  },
  "statusText": ""
}
2026-09-29 03:24:10 [page:Error] 2026-09-29 03:24:10.865  ERROR  osc/shadowplayService- "ERROR, Coplay Enabled request failed: " {
  "data": null,
  "status": -1,
  "config": {
    "method": "GET",
    "transformRequest": [
      null
    ],
    "transformResponse": [
      null,
      null
    ],
    "headers": {
      "X_LOCAL_SECURITY_COOKIE": "",
      "Accept": "application/json, text/plain, */*"
    },
    "url": "http://localhost:59001/ShadowPlay/v.1.0/CoPlay/Enable",
    "params": {},
    "retriesRemaining": 0,
    "timeout": {}
  },
  "statusText": ""
}
2026-09-29 03:24:10 [page:Error] 2026-09-29 03:24:10.865  ERROR  osc/shadowplayService- "ERROR, Coplay Enabled request failed: " {
  "data": null,
  "status": -1,
  "config": {
    "method": "GET",
    "transformRequest": [
      null
    ],
    "transformResponse": [
      null,
      null
    ],
    "headers": {
      "X_LOCAL_SECURITY_COOKIE": "",
      "Accept": "application/json, text/plain, */*"
    },
    "url": "http://localhost:59001/ShadowPlay/v.1.0/CoPlay/Enable",
    "params": {},
    "retriesRemaining": 0,
    "timeout": {}
  },
  "statusText": ""
}
2026-09-29 03:24:10 [page:Error] 2026-09-29 03:24:10.866  ERROR  osc/shadowplayService- "ERROR, Coplay Enabled request failed: " {
  "data": null,
  "status": -1,
  "config": {
    "method": "GET",
    "transformRequest": [
      null
    ],
    "transformResponse": [
      null,
      null
    ],
    "headers": {
      "X_LOCAL_SECURITY_COOKIE": "",
      "Accept": "application/json, text/plain, */*"
    },
    "url": "http://localhost:59001/ShadowPlay/v.1.0/CoPlay/Enable",
    "params": {},
    "retriesRemaining": 0,
    "timeout": {}
  },
  "statusText": ""
}
2026-09-29 03:24:10 [page:Error] 2026-09-29 03:24:10.866  ERROR  osc/shadowplayService- "ERROR, Coplay Enabled request failed: " {
  "data": null,
  "status": -1,
  "config": {
    "method": "GET",
    "transformRequest": [
      null
    ],
    "transformResponse": [
      null,
      null
    ],
    "headers": {
      "X_LOCAL_SECURITY_COOKIE": "",
      "Accept": "application/json, text/plain, */*"
    },
    "url": "http://localhost:59001/ShadowPlay/v.1.0/CoPlay/Enable",
    "params": {},
    "retriesRemaining": 0,
    "timeout": {}
  },
  "statusText": ""
}
2026-09-29 03:24:10 [page:Error] 2026-09-29 03:24:10.866  ERROR  osc/shadowplayService- "ERROR, Coplay Enabled request failed: " {
  "data": null,
  "status": -1,
  "config": {
    "method": "GET",
    "transformRequest": [
      null
    ],
    "transformResponse": [
      null,
      null
    ],
    "headers": {
      "X_LOCAL_SECURITY_COOKIE": "",
      "Accept": "application/json, text/plain, */*"
    },
    "url": "http://localhost:59001/ShadowPlay/v.1.0/CoPlay/Enable",
    "params": {},
    "retriesRemaining": 0,
    "timeout": {}
  },
  "statusText": ""
}
2026-09-29 03:24:10 [page:Error] 2026-09-29 03:24:10.866  ERROR  osc/shadowplayService- "ERROR, Coplay Enabled request failed: " {
  "data": null,
  "status": -1,
  "config": {
    "method": "GET",
    "transformRequest": [
      null
    ],
    "transformResponse": [
      null,
      null
    ],
    "headers": {
      "X_LOCAL_SECURITY_COOKIE": "",
      "Accept": "application/json, text/plain, */*"
    },
    "url": "http://localhost:59001/ShadowPlay/v.1.0/CoPlay/Enable",
    "params": {},
    "retriesRemaining": 0,
    "timeout": {}
  },
  "statusText": ""
}
2026-09-29 03:24:10 [page:Error] 2026-09-29 03:24:10.867  ERROR  osc/shadowplayService- "ERROR, Coplay Enabled request failed: " {
  "data": null,
  "status": -1,
  "config": {
    "method": "GET",
    "transformRequest": [
      null
    ],
    "transformResponse": [
      null,
      null
    ],
    "headers": {
      "X_LOCAL_SECURITY_COOKIE": "",
      "Accept": "application/json, text/plain, */*"
    },
    "url": "http://localhost:59001/ShadowPlay/v.1.0/CoPlay/Enable",
    "params": {},
    "retriesRemaining": 0,
    "timeout": {}
  },
  "statusText": ""
}
2026-09-29 03:24:10 [page:Error] 2026-09-29 03:24:10.867  ERROR  osc/shadowplayService- "ERROR, Coplay Enabled request failed: " {
  "data": null,
  "status": -1,
  "config": {
    "method": "GET",
    "transformRequest": [
      null
    ],
    "transformResponse": [
      null,
      null
    ],
    "headers": {
      "X_LOCAL_SECURITY_COOKIE": "",
      "Accept": "application/json, text/plain, */*"
    },
    "url": "http://localhost:59001/ShadowPlay/v.1.0/CoPlay/Enable",
    "params": {},
    "retriesRemaining": 0,
    "timeout": {}
  },
  "statusText": ""
}
2026-09-29 03:24:10 [page:Error] 2026-09-29 03:24:10.867  ERROR  osc/shadowplayService- "ERROR, Coplay Enabled request failed: " {
  "data": null,
  "status": -1,
  "config": {
    "method": "GET",
    "transformRequest": [
      null
    ],
    "transformResponse": [
      null,
      null
    ],
    "headers": {
      "X_LOCAL_SECURITY_COOKIE": "",
      "Accept": "application/json, text/plain, */*"
    },
    "url": "http://localhost:59001/ShadowPlay/v.1.0/CoPlay/Enable",
    "params": {},
    "retriesRemaining": 0,
    "timeout": {}
  },
  "statusText": ""
}
2026-09-29 03:24:10 [page:Error] 2026-09-29 03:24:10.867  ERROR  osc/shadowplayService- "ERROR, Coplay Enabled request failed: " {
  "data": null,
  "status": -1,
  "config": {
    "method": "GET",
    "transformRequest": [
      null
    ],
    "transformResponse": [
      null,
      null
    ],
    "headers": {
      "X_LOCAL_SECURITY_COOKIE": "",
      "Accept": "application/json, text/plain, */*"
    },
    "url": "http://localhost:59001/ShadowPlay/v.1.0/CoPlay/Enable",
    "params": {},
    "retriesRemaining": 0,
    "timeout": {}
  },
  "statusText": ""
}
2026-09-29 03:24:10 [page:Error] 2026-09-29 03:24:10.868  ERROR  osc/shadowplayService- "ERROR, Coplay Enabled request failed: " {
  "data": null,
  "status": -1,
  "config": {
    "method": "GET",
    "transformRequest": [
      null
    ],
    "transformResponse": [
      null,
      null
    ],
    "headers": {
      "X_LOCAL_SECURITY_COOKIE": "",
      "Accept": "application/json, text/plain, */*"
    },
    "url": "http://localhost:59001/ShadowPlay/v.1.0/CoPlay/Enable",
    "params": {},
    "retriesRemaining": 0,
    "timeout": {}
  },
  "statusText": ""
}
2026-09-29 03:24:10 [page:Error] 2026-09-29 03:24:10.868  ERROR  osc/shadowplayService- "ERROR, Coplay Enabled request failed: " {
  "data": null,
  "status": -1,
  "config": {
    "method": "GET",
    "transformRequest": [
      null
    ],
    "transformResponse": [
      null,
      null
    ],
    "headers": {
      "X_LOCAL_SECURITY_COOKIE": "",
      "Accept": "application/json, text/plain, */*"
    },
    "url": "http://localhost:59001/ShadowPlay/v.1.0/CoPlay/Enable",
    "params": {},
    "retriesRemaining": 0,
    "timeout": {}
  },
  "statusText": ""
}
2026-09-29 03:24:10 [page:Error] 2026-09-29 03:24:10.868  ERROR  osc/shadowplayService- "ERROR, Coplay Enabled request failed: " {
  "data": null,
  "status": -1,
  "config": {
    "method": "GET",
    "transformRequest": [
      null
    ],
    "transformResponse": [
      null,
      null
    ],
    "headers": {
      "X_LOCAL_SECURITY_COOKIE": "",
      "Accept": "application/json, text/plain, */*"
    },
    "url": "http://localhost:59001/ShadowPlay/v.1.0/CoPlay/Enable",
    "params": {},
    "retriesRemaining": 0,
    "timeout": {}
  },
  "statusText": ""
}
2026-09-29 03:24:10 [page:Error] 2026-09-29 03:24:10.868  ERROR  osc/shadowplayService- "ERROR, Coplay Enabled request failed: " {
  "data": null,
  "status": -1,
  "config": {
    "method": "GET",
    "transformRequest": [
      null
    ],
    "transformResponse": [
      null,
      null
    ],
    "headers": {
      "X_LOCAL_SECURITY_COOKIE": "",
      "Accept": "application/json, text/plain, */*"
    },
    "url": "http://localhost:59001/ShadowPlay/v.1.0/CoPlay/Enable",
    "params": {},
    "retriesRemaining": 0,
    "timeout": {}
  },
  "statusText": ""
}
2026-09-29 03:24:10 [page:Error] 2026-09-29 03:24:10.869  ERROR  osc/shadowplayService- "ERROR, Coplay Enabled request failed: " {
  "data": null,
  "status": -1,
  "config": {
    "method": "GET",
    "transformRequest": [
      null
    ],
    "transformResponse": [
      null,
      null
    ],
    "headers": {
      "X_LOCAL_SECURITY_COOKIE": "",
      "Accept": "application/json, text/plain, */*"
    },
    "url": "http://localhost:59001/ShadowPlay/v.1.0/CoPlay/Enable",
    "params": {},
    "retriesRemaining": 0,
    "timeout": {}
  },
  "statusText": ""
}
2026-09-29 03:24:10 [page:Error] 2026-09-29 03:24:10.869  ERROR  osc/shadowplayService- "ERROR, Coplay Enabled request failed: " {
  "data": null,
  "status": -1,
  "config": {
    "method": "GET",
    "transformRequest": [
      null
    ],
    "transformResponse": [
      null,
      null
    ],
    "headers": {
      "X_LOCAL_SECURITY_COOKIE": "",
      "Accept": "application/json, text/plain, */*"
    },
    "url": "http://localhost:59001/ShadowPlay/v.1.0/CoPlay/Enable",
    "params": {},
    "retriesRemaining": 0,
    "timeout": {}
  },
  "statusText": ""
}
2026-09-29 03:24:10 [page:Error] 2026-09-29 03:24:10.869  ERROR  osc/shadowplayService- "ERROR, Coplay Enabled request failed: " {
  "data": null,
  "status": -1,
  "config": {
    "method": "GET",
    "transformRequest": [
      null
    ],
    "transformResponse": [
      null,
      null
    ],
    "headers": {
      "X_LOCAL_SECURITY_COOKIE": "",
      "Accept": "application/json, text/plain, */*"
    },
    "url": "http://localhost:59001/ShadowPlay/v.1.0/CoPlay/Enable",
    "params": {},
    "retriesRemaining": 0,
    "timeout": {}
  },
  "statusText": ""
}
2026-09-29 03:24:10 [page:Error] 2026-09-29 03:24:10.870  ERROR  osc/shadowplayService- "ERROR, Coplay Enabled request failed: " {
  "data": null,
  "status": -1,
  "config": {
    "method": "GET",
    "transformRequest": [
      null
    ],
    "transformResponse": [
      null,
      null
    ],
    "headers": {
      "X_LOCAL_SECURITY_COOKIE": "",
      "Accept": "application/json, text/plain, */*"
    },
    "url": "http://localhost:59001/ShadowPlay/v.1.0/CoPlay/Enable",
    "params": {},
    "retriesRemaining": 0,
    "timeout": {}
  },
  "statusText": ""
}
2026-09-29 03:24:10 [page:Error] 2026-09-29 03:24:10.870  ERROR  osc/shadowplayService- "ERROR, Coplay Enabled request failed: " {
  "data": null,
  "status": -1,
  "config": {
    "method": "GET",
    "transformRequest": [
      null
    ],
    "transformResponse": [
      null,
      null
    ],
    "headers": {
      "X_LOCAL_SECURITY_COOKIE": "",
      "Accept": "application/json, text/plain, */*"
    },
    "url": "http://localhost:59001/ShadowPlay/v.1.0/CoPlay/Enable",
    "params": {},
    "retriesRemaining": 0,
    "timeout": {}
  },
  "statusText": ""
}
2026-09-29 03:24:10 [page:Error] 2026-09-29 03:24:10.871  ERROR  osc/shadowplayService- "ERROR, Coplay Enabled request failed: " {
  "data": null,
  "status": -1,
  "config": {
    "method": "GET",
    "transformRequest": [
      null
    ],
    "transformResponse": [
      null,
      null
    ],
    "headers": {
      "X_LOCAL_SECURITY_COOKIE": "",
      "Accept": "application/json, text/plain, */*"
    },
    "url": "http://localhost:59001/ShadowPlay/v.1.0/CoPlay/Enable",
    "params": {},
    "retriesRemaining": 0,
    "timeout": {}
  },
  "statusText": ""
}
2026-09-29 03:24:10 [page:Error] 2026-09-29 03:24:10.871  ERROR  osc/shadowplayService- "ERROR, Coplay Enabled request failed: " {
  "data": null,
  "status": -1,
  "config": {
    "method": "GET",
    "transformRequest": [
      null
    ],
    "transformResponse": [
      null,
      null
    ],
    "headers": {
      "X_LOCAL_SECURITY_COOKIE": "",
      "Accept": "application/json, text/plain, */*"
    },
    "url": "http://localhost:59001/ShadowPlay/v.1.0/CoPlay/Enable",
    "params": {},
    "retriesRemaining": 0,
    "timeout": {}
  },
  "statusText": ""
}
2026-09-29 03:24:10 [page:Error] 2026-09-29 03:24:10.872  ERROR  osc/shadowplayService- "ERROR, Coplay Enabled request failed: " {
  "data": null,
  "status": -1,
  "config": {
    "method": "GET",
    "transformRequest": [
      null
    ],
    "transformResponse": [
      null,
      null
    ],
    "headers": {
      "X_LOCAL_SECURITY_COOKIE": "",
      "Accept": "application/json, text/plain, */*"
    },
    "url": "http://localhost:59001/ShadowPlay/v.1.0/CoPlay/Enable",
    "params": {},
    "retriesRemaining": 0,
    "timeout": {}
  },
  "statusText": ""
}
2026-09-29 03:24:10 [page:Error] 2026-09-29 03:24:10.873  ERROR  osc/shadowplayService- "ERROR, Coplay Enabled request failed: " {
  "data": null,
  "status": -1,
  "config": {
    "method": "GET",
    "transformRequest": [
      null
    ],
    "transformResponse": [
      null,
      null
    ],
    "headers": {
      "X_LOCAL_SECURITY_COOKIE": "",
      "Accept": "application/json, text/plain, */*"
    },
    "url": "http://localhost:59001/ShadowPlay/v.1.0/CoPlay/Enable",
    "params": {},
    "retriesRemaining": 0,
    "timeout": {}
  },
  "statusText": ""
}
2026-09-29 03:24:10 [page:Error] 2026-09-29 03:24:10.873  ERROR  osc/shadowplayService- "ERROR, Coplay Enabled request failed: " {
  "data": null,
  "status": -1,
  "config": {
    "method": "GET",
    "transformRequest": [
      null
    ],
    "transformResponse": [
      null,
      null
    ],
    "headers": {
      "X_LOCAL_SECURITY_COOKIE": "",
      "Accept": "application/json, text/plain, */*"
    },
    "url": "http://localhost:59001/ShadowPlay/v.1.0/CoPlay/Enable",
    "params": {},
    "retriesRemaining": 0,
    "timeout": {}
  },
  "statusText": ""
}
2026-09-29 03:24:10 [page:Error] 2026-09-29 03:24:10.874  ERROR  osc/shadowplayService- "ERROR, Coplay Enabled request failed: " {
  "data": null,
  "status": -1,
  "config": {
    "method": "GET",
    "transformRequest": [
      null
    ],
    "transformResponse": [
      null,
      null
    ],
    "headers": {
      "X_LOCAL_SECURITY_COOKIE": "",
      "Accept": "application/json, text/plain, */*"
    },
    "url": "http://localhost:59001/ShadowPlay/v.1.0/CoPlay/Enable",
    "params": {},
    "retriesRemaining": 0,
    "timeout": {}
  },
  "statusText": ""
}
2026-09-29 03:24:10 [page:Error] 2026-09-29 03:24:10.874  ERROR  osc/shadowplayService- "ERROR, Coplay Enabled request failed: " {
  "data": null,
  "status": -1,
  "config": {
    "method": "GET",
    "transformRequest": [
      null
    ],
    "transformResponse": [
      null,
      null
    ],
    "headers": {
      "X_LOCAL_SECURITY_COOKIE": "",
      "Accept": "application/json, text/plain, */*"
    },
    "url": "http://localhost:59001/ShadowPlay/v.1.0/CoPlay/Enable",
    "params": {},
    "retriesRemaining": 0,
    "timeout": {}
  },
  "statusText": ""
}
2026-09-29 03:24:10 [page:Error] 2026-09-29 03:24:10.874  ERROR  osc/shadowplayService- "ERROR, Coplay Enabled request failed: " {
  "data": null,
  "status": -1,
  "config": {
    "method": "GET",
    "transformRequest": [
      null
    ],
    "transformResponse": [
      null,
      null
    ],
    "headers": {
      "X_LOCAL_SECURITY_COOKIE": "",
      "Accept": "application/json, text/plain, */*"
    },
    "url": "http://localhost:59001/ShadowPlay/v.1.0/CoPlay/Enable",
    "params": {},
    "retriesRemaining": 0,
    "timeout": {}
  },
  "statusText": ""
}
2026-09-29 03:24:10 [page:Error] 2026-09-29 03:24:10.874  ERROR  osc/shadowplayService- "ERROR, Coplay Enabled request failed: " {
  "data": null,
  "status": -1,
  "config": {
    "method": "GET",
    "transformRequest": [
      null
    ],
    "transformResponse": [
      null,
      null
    ],
    "headers": {
      "X_LOCAL_SECURITY_COOKIE": "",
      "Accept": "application/json, text/plain, */*"
    },
    "url": "http://localhost:59001/ShadowPlay/v.1.0/CoPlay/Enable",
    "params": {},
    "retriesRemaining": 0,
    "timeout": {}
  },
  "statusText": ""
}
2026-09-29 03:24:10 [page:Error] 2026-09-29 03:24:10.876  ERROR  osc/shadowplayService- "ERROR, Coplay Enabled request failed: " {
  "data": null,
  "status": -1,
  "config": {
    "method": "GET",
    "transformRequest": [
      null
    ],
    "transformResponse": [
      null,
      null
    ],
    "headers": {
      "X_LOCAL_SECURITY_COOKIE": "",
      "Accept": "application/json, text/plain, */*"
    },
    "url": "http://localhost:59001/ShadowPlay/v.1.0/CoPlay/Enable",
    "params": {},
    "retriesRemaining": 0,
    "timeout": {}
  },
  "statusText": ""
}
2026-09-29 03:24:10 [page:Error] 2026-09-29 03:24:10.882  ERROR  osc/shadowplayService- "ERROR, Coplay Enabled request failed: " {
  "data": null,
  "status": -1,
  "config": {
    "method": "GET",
    "transformRequest": [
      null
    ],
    "transformResponse": [
      null,
      null
    ],
    "headers": {
      "X_LOCAL_SECURITY_COOKIE": "",
      "Accept": "application/json, text/plain, */*"
    },
    "url": "http://localhost:59001/ShadowPlay/v.1.0/CoPlay/Enable",
    "params": {},
    "retriesRemaining": 0,
    "timeout": {}
  },
  "statusText": ""
}
2026-09-29 03:24:10 [page:Error] 2026-09-29 03:24:10.883  ERROR  osc/shadowplayService- "ERROR, Coplay Enabled request failed: " {
  "data": null,
  "status": -1,
  "config": {
    "method": "GET",
    "transformRequest": [
      null
    ],
    "transformResponse": [
      null,
      null
    ],
    "headers": {
      "X_LOCAL_SECURITY_COOKIE": "",
      "Accept": "application/json, text/plain, */*"
    },
    "url": "http://localhost:59001/ShadowPlay/v.1.0/CoPlay/Enable",
    "params": {},
    "retriesRemaining": 0,
    "timeout": {}
  },
  "statusText": ""
}
2026-09-29 03:24:10 [page:Error] 2026-09-29 03:24:10.883  ERROR  osc/shadowplayService- "ERROR, Coplay Enabled request failed: " {
  "data": null,
  "status": -1,
  "config": {
    "method": "GET",
    "transformRequest": [
      null
    ],
    "transformResponse": [
      null,
      null
    ],
    "headers": {
      "X_LOCAL_SECURITY_COOKIE": "",
      "Accept": "application/json, text/plain, */*"
    },
    "url": "http://localhost:59001/ShadowPlay/v.1.0/CoPlay/Enable",
    "params": {},
    "retriesRemaining": 0,
    "timeout": {}
  },
  "statusText": ""
}
2026-09-29 03:24:10 [page:Error] 2026-09-29 03:24:10.884  ERROR  osc/shadowplayService- "ERROR, Coplay Enabled request failed: " {
  "data": null,
  "status": -1,
  "config": {
    "method": "GET",
    "transformRequest": [
      null
    ],
    "transformResponse": [
      null,
      null
    ],
    "headers": {
      "X_LOCAL_SECURITY_COOKIE": "",
      "Accept": "application/json, text/plain, */*"
    },
    "url": "http://localhost:59001/ShadowPlay/v.1.0/CoPlay/Enable",
    "params": {},
    "retriesRemaining": 0,
    "timeout": {}
  },
  "statusText": ""
}
2026-09-29 03:24:10 [page:Error] 2026-09-29 03:24:10.884  ERROR  osc/shadowplayService- "ERROR, Coplay Enabled request failed: " {
  "data": null,
  "status": -1,
  "config": {
    "method": "GET",
    "transformRequest": [
      null
    ],
    "transformResponse": [
      null,
      null
    ],
    "headers": {
      "X_LOCAL_SECURITY_COOKIE": "",
      "Accept": "application/json, text/plain, */*"
    },
    "url": "http://localhost:59001/ShadowPlay/v.1.0/CoPlay/Enable",
    "params": {},
    "retriesRemaining": 0,
    "timeout": {}
  },
  "statusText": ""
}
2026-09-29 03:24:10 [page:Error] 2026-09-29 03:24:10.884  ERROR  osc/shadowplayService- "ERROR, Coplay Enabled request failed: " {
  "data": null,
  "status": -1,
  "config": {
    "method": "GET",
    "transformRequest": [
      null
    ],
    "transformResponse": [
      null,
      null
    ],
    "headers": {
      "X_LOCAL_SECURITY_COOKIE": "",
      "Accept": "application/json, text/plain, */*"
    },
    "url": "http://localhost:59001/ShadowPlay/v.1.0/CoPlay/Enable",
    "params": {},
    "retriesRemaining": 0,
    "timeout": {}
  },
  "statusText": ""
}
2026-09-29 03:24:10 [page:Error] 2026-09-29 03:24:10.885  ERROR  osc/shadowplayService- "ERROR, Coplay Enabled request failed: " {
  "data": null,
  "status": -1,
  "config": {
    "method": "GET",
    "transformRequest": [
      null
    ],
    "transformResponse": [
      null,
      null
    ],
    "headers": {
      "X_LOCAL_SECURITY_COOKIE": "",
      "Accept": "application/json, text/plain, */*"
    },
    "url": "http://localhost:59001/ShadowPlay/v.1.0/CoPlay/Enable",
    "params": {},
    "retriesRemaining": 0,
    "timeout": {}
  },
  "statusText": ""
}
2026-09-29 03:24:10 [page:Error] 2026-09-29 03:24:10.885  ERROR  osc/shadowplayService- "ERROR, Coplay Enabled request failed: " {
  "data": null,
  "status": -1,
  "config": {
    "method": "GET",
    "transformRequest": [
      null
    ],
    "transformResponse": [
      null,
      null
    ],
    "headers": {
      "X_LOCAL_SECURITY_COOKIE": "",
      "Accept": "application/json, text/plain, */*"
    },
    "url": "http://localhost:59001/ShadowPlay/v.1.0/CoPlay/Enable",
    "params": {},
    "retriesRemaining": 0,
    "timeout": {}
  },
  "statusText": ""
}
2026-09-29 03:24:10 [page:Error] 2026-09-29 03:24:10.885  ERROR  osc/shadowplayService- "ERROR, Coplay Enabled request failed: " {
  "data": null,
  "status": -1,
  "config": {
    "method": "GET",
    "transformRequest": [
      null
    ],
    "transformResponse": [
      null,
      null
    ],
    "headers": {
      "X_LOCAL_SECURITY_COOKIE": "",
      "Accept": "application/json, text/plain, */*"
    },
    "url": "http://localhost:59001/ShadowPlay/v.1.0/CoPlay/Enable",
    "params": {},
    "retriesRemaining": 0,
    "timeout": {}
  },
  "statusText": ""
}
2026-09-29 03:24:10 [page:Error] 2026-09-29 03:24:10.886  ERROR  osc/shadowplayService- "ERROR, Coplay Enabled request failed: " {
  "data": null,
  "status": -1,
  "config": {
    "method": "GET",
    "transformRequest": [
      null
    ],
    "transformResponse": [
      null,
      null
    ],
    "headers": {
      "X_LOCAL_SECURITY_COOKIE": "",
      "Accept": "application/json, text/plain, */*"
    },
    "url": "http://localhost:59001/ShadowPlay/v.1.0/CoPlay/Enable",
    "params": {},
    "retriesRemaining": 0,
    "timeout": {}
  },
  "statusText": ""
}
2026-09-29 03:24:10 [page:Error] 2026-09-29 03:24:10.887  ERROR  osc/shadowplayService- "ERROR, Coplay Enabled request failed: " {
  "data": null,
  "status": -1,
  "config": {
    "method": "GET",
    "transformRequest": [
      null
    ],
    "transformResponse": [
      null,
      null
    ],
    "headers": {
      "X_LOCAL_SECURITY_COOKIE": "",
      "Accept": "application/json, text/plain, */*"
    },
    "url": "http://localhost:59001/ShadowPlay/v.1.0/CoPlay/Enable",
    "params": {},
    "retriesRemaining": 0,
    "timeout": {}
  },
  "statusText": ""
}
2026-09-29 03:24:10 [page:Error] 2026-09-29 03:24:10.887  ERROR  osc/shadowplayService- "ERROR, Coplay Enabled request failed: " {
  "data": null,
  "status": -1,
  "config": {
    "method": "GET",
    "transformRequest": [
      null
    ],
    "transformResponse": [
      null,
      null
    ],
    "headers": {
      "X_LOCAL_SECURITY_COOKIE": "",
      "Accept": "application/json, text/plain, */*"
    },
    "url": "http://localhost:59001/ShadowPlay/v.1.0/CoPlay/Enable",
    "params": {},
    "retriesRemaining": 0,
    "timeout": {}
  },
  "statusText": ""
}
2026-09-29 03:24:10 [page:Error] 2026-09-29 03:24:10.888  ERROR  osc/shadowplayService- "ERROR, Coplay Enabled request failed: " {
  "data": null,
  "status": -1,
  "config": {
    "method": "GET",
    "transformRequest": [
      null
    ],
    "transformResponse": [
      null,
      null
    ],
    "headers": {
      "X_LOCAL_SECURITY_COOKIE": "",
      "Accept": "application/json, text/plain, */*"
    },
    "url": "http://localhost:59001/ShadowPlay/v.1.0/CoPlay/Enable",
    "params": {},
    "retriesRemaining": 0,
    "timeout": {}
  },
  "statusText": ""
}
2026-09-29 03:24:10 [page:Error] 2026-09-29 03:24:10.888  ERROR  osc/shadowplayService- "ERROR, Coplay Enabled request failed: " {
  "data": null,
  "status": -1,
  "config": {
    "method": "GET",
    "transformRequest": [
      null
    ],
    "transformResponse": [
      null,
      null
    ],
    "headers": {
      "X_LOCAL_SECURITY_COOKIE": "",
      "Accept": "application/json, text/plain, */*"
    },
    "url": "http://localhost:59001/ShadowPlay/v.1.0/CoPlay/Enable",
    "params": {},
    "retriesRemaining": 0,
    "timeout": {}
  },
  "statusText": ""
}
2026-09-29 03:24:10 [page:Error] 2026-09-29 03:24:10.888  ERROR  osc/shadowplayService- "ERROR, Coplay Enabled request failed: " {
  "data": null,
  "status": -1,
  "config": {
    "method": "GET",
    "transformRequest": [
      null
    ],
    "transformResponse": [
      null,
      null
    ],
    "headers": {
      "X_LOCAL_SECURITY_COOKIE": "",
      "Accept": "application/json, text/plain, */*"
    },
    "url": "http://localhost:59001/ShadowPlay/v.1.0/CoPlay/Enable",
    "params": {},
    "retriesRemaining": 0,
    "timeout": {}
  },
  "statusText": ""
}
2026-09-29 03:24:10 [page:Error] 2026-09-29 03:24:10.890  ERROR  osc/shadowplayService- "ERROR, Coplay Enabled request failed: " {
  "data": null,
  "status": -1,
  "config": {
    "method": "GET",
    "transformRequest": [
      null
    ],
    "transformResponse": [
      null,
      null
    ],
    "headers": {
      "X_LOCAL_SECURITY_COOKIE": "",
      "Accept": "application/json, text/plain, */*"
    },
    "url": "http://localhost:59001/ShadowPlay/v.1.0/CoPlay/Enable",
    "params": {},
    "retriesRemaining": 0,
    "timeout": {}
  },
  "statusText": ""
}
2026-09-29 03:24:10 [page:Error] 2026-09-29 03:24:10.891  ERROR  osc/shadowplayService- "ERROR, Coplay Enabled request failed: " {
  "data": null,
  "status": -1,
  "config": {
    "method": "GET",
    "transformRequest": [
      null
    ],
    "transformResponse": [
      null,
      null
    ],
    "headers": {
      "X_LOCAL_SECURITY_COOKIE": "",
      "Accept": "application/json, text/plain, */*"
    },
    "url": "http://localhost:59001/ShadowPlay/v.1.0/CoPlay/Enable",
    "params": {},
    "retriesRemaining": 0,
    "timeout": {}
  },
  "statusText": ""
}
2026-09-29 03:24:10 [page:Error] 2026-09-29 03:24:10.893  ERROR  osc/shadowplayService- "ERROR, Coplay Enabled request failed: " {
  "data": null,
  "status": -1,
  "config": {
    "method": "GET",
    "transformRequest": [
      null
    ],
    "transformResponse": [
      null,
      null
    ],
    "headers": {
      "X_LOCAL_SECURITY_COOKIE": "",
      "Accept": "application/json, text/plain, */*"
    },
    "url": "http://localhost:59001/ShadowPlay/v.1.0/CoPlay/Enable",
    "params": {},
    "retriesRemaining": 0,
    "timeout": {}
  },
  "statusText": ""
}
2026-09-29 03:24:10 [page:Error] 2026-09-29 03:24:10.894  ERROR  osc/shadowplayService- "ERROR, Coplay Enabled request failed: " {
  "data": null,
  "status": -1,
  "config": {
    "method": "GET",
    "transformRequest": [
      null
    ],
    "transformResponse": [
      null,
      null
    ],
    "headers": {
      "X_LOCAL_SECURITY_COOKIE": "",
      "Accept": "application/json, text/plain, */*"
    },
    "url": "http://localhost:59001/ShadowPlay/v.1.0/CoPlay/Enable",
    "params": {},
    "retriesRemaining": 0,
    "timeout": {}
  },
  "statusText": ""
}
2026-09-29 03:24:10 [page:Error] 2026-09-29 03:24:10.895  ERROR  osc/shadowplayService- "ERROR, Coplay Enabled request failed: " {
  "data": null,
  "status": -1,
  "config": {
    "method": "GET",
    "transformRequest": [
      null
    ],
    "transformResponse": [
      null,
      null
    ],
    "headers": {
      "X_LOCAL_SECURITY_COOKIE": "",
      "Accept": "application/json, text/plain, */*"
    },
    "url": "http://localhost:59001/ShadowPlay/v.1.0/CoPlay/Enable",
    "params": {},
    "retriesRemaining": 0,
    "timeout": {}
  },
  "statusText": ""
}
2026-09-29 03:24:10 [page:Error] 2026-09-29 03:24:10.895  ERROR  osc/shadowplayService- "ERROR, Coplay Enabled request failed: " {
  "data": null,
  "status": -1,
  "config": {
    "method": "GET",
    "transformRequest": [
      null
    ],
    "transformResponse": [
      null,
      null
    ],
    "headers": {
      "X_LOCAL_SECURITY_COOKIE": "",
      "Accept": "application/json, text/plain, */*"
    },
    "url": "http://localhost:59001/ShadowPlay/v.1.0/CoPlay/Enable",
    "params": {},
    "retriesRemaining": 0,
    "timeout": {}
  },
  "statusText": ""
}
2026-09-29 03:24:10 [page:Error] 2026-09-29 03:24:10.895  ERROR  osc/shadowplayService- "ERROR, Coplay Enabled request failed: " {
  "data": null,
  "status": -1,
  "config": {
    "method": "GET",
    "transformRequest": [
      null
    ],
    "transformResponse": [
      null,
      null
    ],
    "headers": {
      "X_LOCAL_SECURITY_COOKIE": "",
      "Accept": "application/json, text/plain, */*"
    },
    "url": "http://localhost:59001/ShadowPlay/v.1.0/CoPlay/Enable",
    "params": {},
    "retriesRemaining": 0,
    "timeout": {}
  },
  "statusText": ""
}
2026-09-29 03:24:10 [page:Error] 2026-09-29 03:24:10.899  ERROR  osc/shadowplayService- "ERROR, Coplay Enabled request failed: " {
  "data": null,
  "status": -1,
  "config": {
    "method": "GET",
    "transformRequest": [
      null
    ],
    "transformResponse": [
      null,
      null
    ],
    "headers": {
      "X_LOCAL_SECURITY_COOKIE": "",
      "Accept": "application/json, text/plain, */*"
    },
    "url": "http://localhost:59001/ShadowPlay/v.1.0/CoPlay/Enable",
    "params": {},
    "retriesRemaining": 0,
    "timeout": {}
  },
  "statusText": ""
}
2026-09-29 03:24:10 [page:Error] 2026-09-29 03:24:10.900  ERROR  osc/shadowplayService- "ERROR, Coplay Enabled request failed: " {
  "data": null,
  "status": -1,
  "config": {
    "method": "GET",
    "transformRequest": [
      null
    ],
    "transformResponse": [
      null,
      null
    ],
    "headers": {
      "X_LOCAL_SECURITY_COOKIE": "",
      "Accept": "application/json, text/plain, */*"
    },
    "url": "http://localhost:59001/ShadowPlay/v.1.0/CoPlay/Enable",
    "params": {},
    "retriesRemaining": 0,
    "timeout": {}
  },
  "statusText": ""
}
2026-09-29 03:24:10 [page:Error] 2026-09-29 03:24:10.900  ERROR  osc/shadowplayService- "ERROR, Coplay Enabled request failed: " {
  "data": null,
  "status": -1,
  "config": {
    "method": "GET",
    "transformRequest": [
      null
    ],
    "transformResponse": [
      null,
      null
    ],
    "headers": {
      "X_LOCAL_SECURITY_COOKIE": "",
      "Accept": "application/json, text/plain, */*"
    },
    "url": "http://localhost:59001/ShadowPlay/v.1.0/CoPlay/Enable",
    "params": {},
    "retriesRemaining": 0,
    "timeout": {}
  },
  "statusText": ""
}
2026-09-29 03:24:10 [page:Error] 2026-09-29 03:24:10.900  ERROR  osc/shadowplayService- "ERROR, Coplay Enabled request failed: " {
  "data": null,
  "status": -1,
  "config": {
    "method": "GET",
    "transformRequest": [
      null
    ],
    "transformResponse": [
      null,
      null
    ],
    "headers": {
      "X_LOCAL_SECURITY_COOKIE": "",
      "Accept": "application/json, text/plain, */*"
    },
    "url": "http://localhost:59001/ShadowPlay/v.1.0/CoPlay/Enable",
    "params": {},
    "retriesRemaining": 0,
    "timeout": {}
  },
  "statusText": ""
}
2026-09-29 03:24:10 [page:Error] 2026-09-29 03:24:10.901  ERROR  osc/shadowplayService- "ERROR, Coplay Enabled request failed: " {
  "data": null,
  "status": -1,
  "config": {
    "method": "GET",
    "transformRequest": [
      null
    ],
    "transformResponse": [
      null,
      null
    ],
    "headers": {
      "X_LOCAL_SECURITY_COOKIE": "",
      "Accept": "application/json, text/plain, */*"
    },
    "url": "http://localhost:59001/ShadowPlay/v.1.0/CoPlay/Enable",
    "params": {},
    "retriesRemaining": 0,
    "timeout": {}
  },
  "statusText": ""
}
2026-09-29 03:24:10 [page:Error] 2026-09-29 03:24:10.901  ERROR  osc/shadowplayService- "ERROR, Coplay Enabled request failed: " {
  "data": null,
  "status": -1,
  "config": {
    "method": "GET",
    "transformRequest": [
      null
    ],
    "transformResponse": [
      null,
      null
    ],
    "headers": {
      "X_LOCAL_SECURITY_COOKIE": "",
      "Accept": "application/json, text/plain, */*"
    },
    "url": "http://localhost:59001/ShadowPlay/v.1.0/CoPlay/Enable",
    "params": {},
    "retriesRemaining": 0,
    "timeout": {}
  },
  "statusText": ""
}
2026-09-29 03:24:10 [page:Error] 2026-09-29 03:24:10.901  ERROR  osc/shadowplayService- "ERROR, Coplay Enabled request failed: " {
  "data": null,
  "status": -1,
  "config": {
    "method": "GET",
    "transformRequest": [
      null
    ],
    "transformResponse": [
      null,
      null
    ],
    "headers": {
      "X_LOCAL_SECURITY_COOKIE": "",
      "Accept": "application/json, text/plain, */*"
    },
    "url": "http://localhost:59001/ShadowPlay/v.1.0/CoPlay/Enable",
    "params": {},
    "retriesRemaining": 0,
    "timeout": {}
  },
  "statusText": ""
}
2026-09-29 03:24:10 [page:Error] 2026-09-29 03:24:10.901  ERROR  osc/shadowplayService- "ERROR, Coplay Enabled request failed: " {
  "data": null,
  "status": -1,
  "config": {
    "method": "GET",
    "transformRequest": [
      null
    ],
    "transformResponse": [
      null,
      null
    ],
    "headers": {
      "X_LOCAL_SECURITY_COOKIE": "",
      "Accept": "application/json, text/plain, */*"
    },
    "url": "http://localhost:59001/ShadowPlay/v.1.0/CoPlay/Enable",
    "params": {},
    "retriesRemaining": 0,
    "timeout": {}
  },
  "statusText": ""
}
2026-09-29 03:24:10 [page:Error] 2026-09-29 03:24:10.902  ERROR  osc/shadowplayService- "ERROR, Coplay Enabled request failed: " {
  "data": null,
  "status": -1,
  "config": {
    "method": "GET",
    "transformRequest": [
      null
    ],
    "transformResponse": [
      null,
      null
    ],
    "headers": {
      "X_LOCAL_SECURITY_COOKIE": "",
      "Accept": "application/json, text/plain, */*"
    },
    "url": "http://localhost:59001/ShadowPlay/v.1.0/CoPlay/Enable",
    "params": {},
    "retriesRemaining": 0,
    "timeout": {}
  },
  "statusText": ""
}
2026-09-29 03:24:10 [cefQuery] QUERY_OSC_SET_DISPLAY_RECTS
2026-09-29 03:24:10 [cefQuery] QUERY_OSC_SET_DISPLAY_RECTS
2026-09-29 03:24:10 [cefQuery] QUERY_OSC_SET_DISPLAY_RECTS
2026-09-29 03:24:10 [page:Error] 2026-09-29 03:24:10.963  ERROR  osc/shadowplayService- "ERROR, Screenshot support request failed: " {
  "data": null,
  "status": -1,
  "config": {
    "method": "GET",
    "transformRequest": [
      null
    ],
    "transformResponse": [
      null,
      null
    ],
    "headers": {
      "X_LOCAL_SECURITY_COOKIE": "",
      "Accept": "application/json, text/plain, */*"
    },
    "url": "http://localhost:59001/ShadowPlay/v.1.0/Screenshot/Support",
    "params": {},
    "retriesRemaining": 0,
    "timeout": {}
  },
  "statusText": ""
}
2026-09-29 03:24:10 [cefQuery] QUERY_OSC_SET_DISPLAY_RECTS
2026-09-29 03:24:10 [cefQuery] QUERY_OSC_SET_DISPLAY_RECTS
2026-09-29 03:24:10 [window] HIDE (+close event fired)
2026-09-29 03:24:10 [cefQuery] QUERY_OSC_SET_PAINTING
2026-09-29 03:24:10 [cefQuery] QUERY_FULLSCREEN_STATE
2026-09-29 03:24:10 [cefQuery] QUERY_WIN_OPEN_OSC
2026-09-29 03:24:10 [cefQuery] QUERY_OSC_SET_PAINTING
2026-09-29 03:24:11 [window] SHOW
2026-09-29 03:24:11 [page:Error] 2026-09-29 03:24:11.082  ERROR  main.common/telemetryService- "Attempted to end a performance measurement 'CLOSE_OSC' without starting it!"
2026-09-29 03:24:11 [window] HIDE (page requested)
2026-09-29 03:24:11 [cefQuery] QUERY_WRITE_SHARED_STORAGE
2026-09-29 03:24:11 [cefQuery] QUERY_OSC_SET_DISPLAY_RECTS
2026-09-29 03:24:11 [cefQuery] QUERY_OSC_SET_DISPLAY_RECTS
2026-09-29 03:24:11 [cefQuery] QUERY_WIN_CLOSE_OSC
2026-09-29 03:24:11 [page:Error] 2026-09-29 03:24:11.184  ERROR  osc/shadowplayService- "ERROR, Coplay Enabled request failed: " {
  "data": null,
  "status": -1,
  "config": {
    "method": "GET",
    "transformRequest": [
      null
    ],
    "transformResponse": [
      null,
      null
    ],
    "headers": {
      "X_LOCAL_SECURITY_COOKIE": "",
      "Accept": "application/json, text/plain, */*"
    },
    "url": "http://localhost:59001/ShadowPlay/v.1.0/CoPlay/Enable",
    "params": {},
    "retriesRemaining": 0,
    "timeout": {}
  },
  "statusText": ""
}
2026-09-29 03:24:11 [page:Error] 2026-09-29 03:24:11.185  ERROR  osc/shadowplayService- "ERROR, Coplay Enabled request failed: " {
  "data": null,
  "status": -1,
  "config": {
    "method": "GET",
    "transformRequest": [
      null
    ],
    "transformResponse": [
      null,
      null
    ],
    "headers": {
      "X_LOCAL_SECURITY_COOKIE": "",
      "Accept": "application/json, text/plain, */*"
    },
    "url": "http://localhost:59001/ShadowPlay/v.1.0/CoPlay/Enable",
    "params": {},
    "retriesRemaining": 0,
    "timeout": {}
  },
  "statusText": ""
}
2026-09-29 03:24:11 [page:Error] 2026-09-29 03:24:11.185  ERROR  osc/shadowplayService- "ERROR, Coplay Enabled request failed: " {
  "data": null,
  "status": -1,
  "config": {
    "method": "GET",
    "transformRequest": [
      null
    ],
    "transformResponse": [
      null,
      null
    ],
    "headers": {
      "X_LOCAL_SECURITY_COOKIE": "",
      "Accept": "application/json, text/plain, */*"
    },
    "url": "http://localhost:59001/ShadowPlay/v.1.0/CoPlay/Enable",
    "params": {},
    "retriesRemaining": 0,
    "timeout": {}
  },
  "statusText": ""
}
2026-09-29 03:24:11 [page:Error] 2026-09-29 03:24:11.186  ERROR  osc/shadowplayService- "ERROR, Coplay Enabled request failed: " {
  "data": null,
  "status": -1,
  "config": {
    "method": "GET",
    "transformRequest": [
      null
    ],
    "transformResponse": [
      null,
      null
    ],
    "headers": {
      "X_LOCAL_SECURITY_COOKIE": "",
      "Accept": "application/json, text/plain, */*"
    },
    "url": "http://localhost:59001/ShadowPlay/v.1.0/CoPlay/Enable",
    "params": {},
    "retriesRemaining": 0,
    "timeout": {}
  },
  "statusText": ""
}
2026-09-29 03:24:11 [page:Error] 2026-09-29 03:24:11.186  ERROR  osc/shadowplayService- "ERROR, Coplay Enabled request failed: " {
  "data": null,
  "status": -1,
  "config": {
    "method": "GET",
    "transformRequest": [
      null
    ],
    "transformResponse": [
      null,
      null
    ],
    "headers": {
      "X_LOCAL_SECURITY_COOKIE": "",
      "Accept": "application/json, text/plain, */*"
    },
    "url": "http://localhost:59001/ShadowPlay/v.1.0/CoPlay/Enable",
    "params": {},
    "retriesRemaining": 0,
    "timeout": {}
  },
  "statusText": ""
}
2026-09-29 03:24:11 [page:Error] 2026-09-29 03:24:11.186  ERROR  osc/shadowplayService- "ERROR, Coplay Enabled request failed: " {
  "data": null,
  "status": -1,
  "config": {
    "method": "GET",
    "transformRequest": [
      null
    ],
    "transformResponse": [
      null,
      null
    ],
    "headers": {
      "X_LOCAL_SECURITY_COOKIE": "",
      "Accept": "application/json, text/plain, */*"
    },
    "url": "http://localhost:59001/ShadowPlay/v.1.0/CoPlay/Enable",
    "params": {},
    "retriesRemaining": 0,
    "timeout": {}
  },
  "statusText": ""
}
2026-09-29 03:24:11 [page:Error] 2026-09-29 03:24:11.187  ERROR  osc/shadowplayService- "ERROR, Coplay Enabled request failed: " {
  "data": null,
  "status": -1,
  "config": {
    "method": "GET",
    "transformRequest": [
      null
    ],
    "transformResponse": [
      null,
      null
    ],
    "headers": {
      "X_LOCAL_SECURITY_COOKIE": "",
      "Accept": "application/json, text/plain, */*"
    },
    "url": "http://localhost:59001/ShadowPlay/v.1.0/CoPlay/Enable",
    "params": {},
    "retriesRemaining": 0,
    "timeout": {}
  },
  "statusText": ""
}
2026-09-29 03:24:11 [page:Error] 2026-09-29 03:24:11.187  ERROR  osc/shadowplayService- "ERROR, Coplay Enabled request failed: " {
  "data": null,
  "status": -1,
  "config": {
    "method": "GET",
    "transformRequest": [
      null
    ],
    "transformResponse": [
      null,
      null
    ],
    "headers": {
      "X_LOCAL_SECURITY_COOKIE": "",
      "Accept": "application/json, text/plain, */*"
    },
    "url": "http://localhost:59001/ShadowPlay/v.1.0/CoPlay/Enable",
    "params": {},
    "retriesRemaining": 0,
    "timeout": {}
  },
  "statusText": ""
}
2026-09-29 03:24:11 [page:Error] 2026-09-29 03:24:11.187  ERROR  osc/shadowplayService- "ERROR, Coplay Enabled request failed: " {
  "data": null,
  "status": -1,
  "config": {
    "method": "GET",
    "transformRequest": [
      null
    ],
    "transformResponse": [
      null,
      null
    ],
    "headers": {
      "X_LOCAL_SECURITY_COOKIE": "",
      "Accept": "application/json, text/plain, */*"
    },
    "url": "http://localhost:59001/ShadowPlay/v.1.0/CoPlay/Enable",
    "params": {},
    "retriesRemaining": 0,
    "timeout": {}
  },
  "statusText": ""
}
2026-09-29 03:24:11 [page:Error] 2026-09-29 03:24:11.187  ERROR  osc/shadowplayService- "ERROR, Coplay Enabled request failed: " {
  "data": null,
  "status": -1,
  "config": {
    "method": "GET",
    "transformRequest": [
      null
    ],
    "transformResponse": [
      null,
      null
    ],
    "headers": {
      "X_LOCAL_SECURITY_COOKIE": "",
      "Accept": "application/json, text/plain, */*"
    },
    "url": "http://localhost:59001/ShadowPlay/v.1.0/CoPlay/Enable",
    "params": {},
    "retriesRemaining": 0,
    "timeout": {}
  },
  "statusText": ""
}
2026-09-29 03:24:11 [page:Error] 2026-09-29 03:24:11.188  ERROR  osc/shadowplayService- "ERROR, Coplay Enabled request failed: " {
  "data": null,
  "status": -1,
  "config": {
    "method": "GET",
    "transformRequest": [
      null
    ],
    "transformResponse": [
      null,
      null
    ],
    "headers": {
      "X_LOCAL_SECURITY_COOKIE": "",
      "Accept": "application/json, text/plain, */*"
    },
    "url": "http://localhost:59001/ShadowPlay/v.1.0/CoPlay/Enable",
    "params": {},
    "retriesRemaining": 0,
    "timeout": {}
  },
  "statusText": ""
}
2026-09-29 03:24:11 [page:Error] 2026-09-29 03:24:11.188  ERROR  osc/shadowplayService- "ERROR, Coplay Enabled request failed: " {
  "data": null,
  "status": -1,
  "config": {
    "method": "GET",
    "transformRequest": [
      null
    ],
    "transformResponse": [
      null,
      null
    ],
    "headers": {
      "X_LOCAL_SECURITY_COOKIE": "",
      "Accept": "application/json, text/plain, */*"
    },
    "url": "http://localhost:59001/ShadowPlay/v.1.0/CoPlay/Enable",
    "params": {},
    "retriesRemaining": 0,
    "timeout": {}
  },
  "statusText": ""
}
2026-09-29 03:24:11 [page:Error] 2026-09-29 03:24:11.188  ERROR  osc/shadowplayService- "ERROR, Coplay Enabled request failed: " {
  "data": null,
  "status": -1,
  "config": {
    "method": "GET",
    "transformRequest": [
      null
    ],
    "transformResponse": [
      null,
      null
    ],
    "headers": {
      "X_LOCAL_SECURITY_COOKIE": "",
      "Accept": "application/json, text/plain, */*"
    },
    "url": "http://localhost:59001/ShadowPlay/v.1.0/CoPlay/Enable",
    "params": {},
    "retriesRemaining": 0,
    "timeout": {}
  },
  "statusText": ""
}
2026-09-29 03:24:11 [page:Error] 2026-09-29 03:24:11.188  ERROR  osc/shadowplayService- "ERROR, Coplay Enabled request failed: " {
  "data": null,
  "status": -1,
  "config": {
    "method": "GET",
    "transformRequest": [
      null
    ],
    "transformResponse": [
      null,
      null
    ],
    "headers": {
      "X_LOCAL_SECURITY_COOKIE": "",
      "Accept": "application/json, text/plain, */*"
    },
    "url": "http://localhost:59001/ShadowPlay/v.1.0/CoPlay/Enable",
    "params": {},
    "retriesRemaining": 0,
    "timeout": {}
  },
  "statusText": ""
}
2026-09-29 03:24:11 [window] SHOW
2026-09-29 03:24:11 [page:Error] 2026-09-29 03:24:11.188  ERROR  osc/shadowplayService- "ERROR, Coplay Enabled request failed: " {
  "data": null,
  "status": -1,
  "config": {
    "method": "GET",
    "transformRequest": [
      null
    ],
    "transformResponse": [
      null,
      null
    ],
    "headers": {
      "X_LOCAL_SECURITY_COOKIE": "",
      "Accept": "application/json, text/plain, */*"
    },
    "url": "http://localhost:59001/ShadowPlay/v.1.0/CoPlay/Enable",
    "params": {},
    "retriesRemaining": 0,
    "timeout": {}
  },
  "statusText": ""
}
2026-09-29 03:24:11 [page:Error] 2026-09-29 03:24:11.189  ERROR  osc/shadowplayService- "ERROR, Coplay Enabled request failed: " {
  "data": null,
  "status": -1,
  "config": {
    "method": "GET",
    "transformRequest": [
      null
    ],
    "transformResponse": [
      null,
      null
    ],
    "headers": {
      "X_LOCAL_SECURITY_COOKIE": "",
      "Accept": "application/json, text/plain, */*"
    },
    "url": "http://localhost:59001/ShadowPlay/v.1.0/CoPlay/Enable",
    "params": {},
    "retriesRemaining": 0,
    "timeout": {}
  },
  "statusText": ""
}
2026-09-29 03:24:11 [page:Error] 2026-09-29 03:24:11.189  ERROR  osc/shadowplayService- "ERROR, Coplay Enabled request failed: " {
  "data": null,
  "status": -1,
  "config": {
    "method": "GET",
    "transformRequest": [
      null
    ],
    "transformResponse": [
      null,
      null
    ],
    "headers": {
      "X_LOCAL_SECURITY_COOKIE": "",
      "Accept": "application/json, text/plain, */*"
    },
    "url": "http://localhost:59001/ShadowPlay/v.1.0/CoPlay/Enable",
    "params": {},
    "retriesRemaining": 0,
    "timeout": {}
  },
  "statusText": ""
}
2026-09-29 03:24:11 [page:Error] 2026-09-29 03:24:11.189  ERROR  osc/shadowplayService- "ERROR, Coplay Enabled request failed: " {
  "data": null,
  "status": -1,
  "config": {
    "method": "GET",
    "transformRequest": [
      null
    ],
    "transformResponse": [
      null,
      null
    ],
    "headers": {
      "X_LOCAL_SECURITY_COOKIE": "",
      "Accept": "application/json, text/plain, */*"
    },
    "url": "http://localhost:59001/ShadowPlay/v.1.0/CoPlay/Enable",
    "params": {},
    "retriesRemaining": 0,
    "timeout": {}
  },
  "statusText": ""
}
2026-09-29 03:24:11 [page:Error] 2026-09-29 03:24:11.190  ERROR  osc/shadowplayService- "ERROR, Coplay Enabled request failed: " {
  "data": null,
  "status": -1,
  "config": {
    "method": "GET",
    "transformRequest": [
      null
    ],
    "transformResponse": [
      null,
      null
    ],
    "headers": {
      "X_LOCAL_SECURITY_COOKIE": "",
      "Accept": "application/json, text/plain, */*"
    },
    "url": "http://localhost:59001/ShadowPlay/v.1.0/CoPlay/Enable",
    "params": {},
    "retriesRemaining": 0,
    "timeout": {}
  },
  "statusText": ""
}
2026-09-29 03:24:11 [page:Error] 2026-09-29 03:24:11.190  ERROR  osc/shadowplayService- "ERROR, Coplay Enabled request failed: " {
  "data": null,
  "status": -1,
  "config": {
    "method": "GET",
    "transformRequest": [
      null
    ],
    "transformResponse": [
      null,
      null
    ],
    "headers": {
      "X_LOCAL_SECURITY_COOKIE": "",
      "Accept": "application/json, text/plain, */*"
    },
    "url": "http://localhost:59001/ShadowPlay/v.1.0/CoPlay/Enable",
    "params": {},
    "retriesRemaining": 0,
    "timeout": {}
  },
  "statusText": ""
}
2026-09-29 03:24:11 [page:Error] 2026-09-29 03:24:11.190  ERROR  osc/shadowplayService- "ERROR, Coplay Enabled request failed: " {
  "data": null,
  "status": -1,
  "config": {
    "method": "GET",
    "transformRequest": [
      null
    ],
    "transformResponse": [
      null,
      null
    ],
    "headers": {
      "X_LOCAL_SECURITY_COOKIE": "",
      "Accept": "application/json, text/plain, */*"
    },
    "url": "http://localhost:59001/ShadowPlay/v.1.0/CoPlay/Enable",
    "params": {},
    "retriesRemaining": 0,
    "timeout": {}
  },
  "statusText": ""
}
2026-09-29 03:24:11 [page:Error] 2026-09-29 03:24:11.190  ERROR  osc/shadowplayService- "ERROR, Coplay Enabled request failed: " {
  "data": null,
  "status": -1,
  "config": {
    "method": "GET",
    "transformRequest": [
      null
    ],
    "transformResponse": [
      null,
      null
    ],
    "headers": {
      "X_LOCAL_SECURITY_COOKIE": "",
      "Accept": "application/json, text/plain, */*"
    },
    "url": "http://localhost:59001/ShadowPlay/v.1.0/CoPlay/Enable",
    "params": {},
    "retriesRemaining": 0,
    "timeout": {}
  },
  "statusText": ""
}
2026-09-29 03:24:11 [page:Error] 2026-09-29 03:24:11.191  ERROR  osc/shadowplayService- "ERROR, Coplay Enabled request failed: " {
  "data": null,
  "status": -1,
  "config": {
    "method": "GET",
    "transformRequest": [
      null
    ],
    "transformResponse": [
      null,
      null
    ],
    "headers": {
      "X_LOCAL_SECURITY_COOKIE": "",
      "Accept": "application/json, text/plain, */*"
    },
    "url": "http://localhost:59001/ShadowPlay/v.1.0/CoPlay/Enable",
    "params": {},
    "retriesRemaining": 0,
    "timeout": {}
  },
  "statusText": ""
}
2026-09-29 03:24:11 [page:Error] 2026-09-29 03:24:11.191  ERROR  osc/shadowplayService- "ERROR, Coplay Enabled request failed: " {
  "data": null,
  "status": -1,
  "config": {
    "method": "GET",
    "transformRequest": [
      null
    ],
    "transformResponse": [
      null,
      null
    ],
    "headers": {
      "X_LOCAL_SECURITY_COOKIE": "",
      "Accept": "application/json, text/plain, */*"
    },
    "url": "http://localhost:59001/ShadowPlay/v.1.0/CoPlay/Enable",
    "params": {},
    "retriesRemaining": 0,
    "timeout": {}
  },
  "statusText": ""
}
2026-09-29 03:24:11 [page:Error] 2026-09-29 03:24:11.191  ERROR  osc/shadowplayService- "ERROR, Coplay Enabled request failed: " {
  "data": null,
  "status": -1,
  "config": {
    "method": "GET",
    "transformRequest": [
      null
    ],
    "transformResponse": [
      null,
      null
    ],
    "headers": {
      "X_LOCAL_SECURITY_COOKIE": "",
      "Accept": "application/json, text/plain, */*"
    },
    "url": "http://localhost:59001/ShadowPlay/v.1.0/CoPlay/Enable",
    "params": {},
    "retriesRemaining": 0,
    "timeout": {}
  },
  "statusText": ""
}
2026-09-29 03:24:11 [page:Error] 2026-09-29 03:24:11.191  ERROR  osc/shadowplayService- "ERROR, Coplay Enabled request failed: " {
  "data": null,
  "status": -1,
  "config": {
    "method": "GET",
    "transformRequest": [
      null
    ],
    "transformResponse": [
      null,
      null
    ],
    "headers": {
      "X_LOCAL_SECURITY_COOKIE": "",
      "Accept": "application/json, text/plain, */*"
    },
    "url": "http://localhost:59001/ShadowPlay/v.1.0/CoPlay/Enable",
    "params": {},
    "retriesRemaining": 0,
    "timeout": {}
  },
  "statusText": ""
}
2026-09-29 03:24:11 [page:Error] 2026-09-29 03:24:11.192  ERROR  osc/shadowplayService- "ERROR, Coplay Enabled request failed: " {
  "data": null,
  "status": -1,
  "config": {
    "method": "GET",
    "transformRequest": [
      null
    ],
    "transformResponse": [
      null,
      null
    ],
    "headers": {
      "X_LOCAL_SECURITY_COOKIE": "",
      "Accept": "application/json, text/plain, */*"
    },
    "url": "http://localhost:59001/ShadowPlay/v.1.0/CoPlay/Enable",
    "params": {},
    "retriesRemaining": 0,
    "timeout": {}
  },
  "statusText": ""
}
2026-09-29 03:24:11 [page:Error] 2026-09-29 03:24:11.192  ERROR  osc/shadowplayService- "ERROR, Coplay Enabled request failed: " {
  "data": null,
  "status": -1,
  "config": {
    "method": "GET",
    "transformRequest": [
      null
    ],
    "transformResponse": [
      null,
      null
    ],
    "headers": {
      "X_LOCAL_SECURITY_COOKIE": "",
      "Accept": "application/json, text/plain, */*"
    },
    "url": "http://localhost:59001/ShadowPlay/v.1.0/CoPlay/Enable",
    "params": {},
    "retriesRemaining": 0,
    "timeout": {}
  },
  "statusText": ""
}
2026-09-29 03:24:11 [page:Error] 2026-09-29 03:24:11.192  ERROR  osc/shadowplayService- "ERROR, Coplay Enabled request failed: " {
  "data": null,
  "status": -1,
  "config": {
    "method": "GET",
    "transformRequest": [
      null
    ],
    "transformResponse": [
      null,
      null
    ],
    "headers": {
      "X_LOCAL_SECURITY_COOKIE": "",
      "Accept": "application/json, text/plain, */*"
    },
    "url": "http://localhost:59001/ShadowPlay/v.1.0/CoPlay/Enable",
    "params": {},
    "retriesRemaining": 0,
    "timeout": {}
  },
  "statusText": ""
}
2026-09-29 03:24:11 [page:Error] 2026-09-29 03:24:11.192  ERROR  osc/shadowplayService- "ERROR, Coplay Enabled request failed: " {
  "data": null,
  "status": -1,
  "config": {
    "method": "GET",
    "transformRequest": [
      null
    ],
    "transformResponse": [
      null,
      null
    ],
    "headers": {
      "X_LOCAL_SECURITY_COOKIE": "",
      "Accept": "application/json, text/plain, */*"
    },
    "url": "http://localhost:59001/ShadowPlay/v.1.0/CoPlay/Enable",
    "params": {},
    "retriesRemaining": 0,
    "timeout": {}
  },
  "statusText": ""
}
2026-09-29 03:24:11 [page:Error] 2026-09-29 03:24:11.193  ERROR  osc/shadowplayService- "ERROR, Coplay Enabled request failed: " {
  "data": null,
  "status": -1,
  "config": {
    "method": "GET",
    "transformRequest": [
      null
    ],
    "transformResponse": [
      null,
      null
    ],
    "headers": {
      "X_LOCAL_SECURITY_COOKIE": "",
      "Accept": "application/json, text/plain, */*"
    },
    "url": "http://localhost:59001/ShadowPlay/v.1.0/CoPlay/Enable",
    "params": {},
    "retriesRemaining": 0,
    "timeout": {}
  },
  "statusText": ""
}
2026-09-29 03:24:11 [page:Error] 2026-09-29 03:24:11.193  ERROR  osc/shadowplayService- "ERROR, Coplay Enabled request failed: " {
  "data": null,
  "status": -1,
  "config": {
    "method": "GET",
    "transformRequest": [
      null
    ],
    "transformResponse": [
      null,
      null
    ],
    "headers": {
      "X_LOCAL_SECURITY_COOKIE": "",
      "Accept": "application/json, text/plain, */*"
    },
    "url": "http://localhost:59001/ShadowPlay/v.1.0/CoPlay/Enable",
    "params": {},
    "retriesRemaining": 0,
    "timeout": {}
  },
  "statusText": ""
}
2026-09-29 03:24:11 [page:Error] 2026-09-29 03:24:11.193  ERROR  osc/shadowplayService- "ERROR, Coplay Enabled request failed: " {
  "data": null,
  "status": -1,
  "config": {
    "method": "GET",
    "transformRequest": [
      null
    ],
    "transformResponse": [
      null,
      null
    ],
    "headers": {
      "X_LOCAL_SECURITY_COOKIE": "",
      "Accept": "application/json, text/plain, */*"
    },
    "url": "http://localhost:59001/ShadowPlay/v.1.0/CoPlay/Enable",
    "params": {},
    "retriesRemaining": 0,
    "timeout": {}
  },
  "statusText": ""
}
2026-09-29 03:24:11 [page:Error] 2026-09-29 03:24:11.193  ERROR  osc/shadowplayService- "ERROR, Coplay Enabled request failed: " {
  "data": null,
  "status": -1,
  "config": {
    "method": "GET",
    "transformRequest": [
      null
    ],
    "transformResponse": [
      null,
      null
    ],
    "headers": {
      "X_LOCAL_SECURITY_COOKIE": "",
      "Accept": "application/json, text/plain, */*"
    },
    "url": "http://localhost:59001/ShadowPlay/v.1.0/CoPlay/Enable",
    "params": {},
    "retriesRemaining": 0,
    "timeout": {}
  },
  "statusText": ""
}
2026-09-29 03:24:11 [page:Error] 2026-09-29 03:24:11.194  ERROR  osc/shadowplayService- "ERROR, Coplay Enabled request failed: " {
  "data": null,
  "status": -1,
  "config": {
    "method": "GET",
    "transformRequest": [
      null
    ],
    "transformResponse": [
      null,
      null
    ],
    "headers": {
      "X_LOCAL_SECURITY_COOKIE": "",
      "Accept": "application/json, text/plain, */*"
    },
    "url": "http://localhost:59001/ShadowPlay/v.1.0/CoPlay/Enable",
    "params": {},
    "retriesRemaining": 0,
    "timeout": {}
  },
  "statusText": ""
}
2026-09-29 03:24:11 [page:Error] 2026-09-29 03:24:11.194  ERROR  osc/shadowplayService- "ERROR, Coplay Enabled request failed: " {
  "data": null,
  "status": -1,
  "config": {
    "method": "GET",
    "transformRequest": [
      null
    ],
    "transformResponse": [
      null,
      null
    ],
    "headers": {
      "X_LOCAL_SECURITY_COOKIE": "",
      "Accept": "application/json, text/plain, */*"
    },
    "url": "http://localhost:59001/ShadowPlay/v.1.0/CoPlay/Enable",
    "params": {},
    "retriesRemaining": 0,
    "timeout": {}
  },
  "statusText": ""
}
2026-09-29 03:24:11 [page:Error] 2026-09-29 03:24:11.194  ERROR  osc/shadowplayService- "ERROR, Coplay Enabled request failed: " {
  "data": null,
  "status": -1,
  "config": {
    "method": "GET",
    "transformRequest": [
      null
    ],
    "transformResponse": [
      null,
      null
    ],
    "headers": {
      "X_LOCAL_SECURITY_COOKIE": "",
      "Accept": "application/json, text/plain, */*"
    },
    "url": "http://localhost:59001/ShadowPlay/v.1.0/CoPlay/Enable",
    "params": {},
    "retriesRemaining": 0,
    "timeout": {}
  },
  "statusText": ""
}
2026-09-29 03:24:11 [page:Error] 2026-09-29 03:24:11.195  ERROR  osc/shadowplayService- "ERROR, Coplay Enabled request failed: " {
  "data": null,
  "status": -1,
  "config": {
    "method": "GET",
    "transformRequest": [
      null
    ],
    "transformResponse": [
      null,
      null
    ],
    "headers": {
      "X_LOCAL_SECURITY_COOKIE": "",
      "Accept": "application/json, text/plain, */*"
    },
    "url": "http://localhost:59001/ShadowPlay/v.1.0/CoPlay/Enable",
    "params": {},
    "retriesRemaining": 0,
    "timeout": {}
  },
  "statusText": ""
}
2026-09-29 03:24:11 [page:Error] 2026-09-29 03:24:11.195  ERROR  osc/shadowplayService- "ERROR, Coplay Enabled request failed: " {
  "data": null,
  "status": -1,
  "config": {
    "method": "GET",
    "transformRequest": [
      null
    ],
    "transformResponse": [
      null,
      null
    ],
    "headers": {
      "X_LOCAL_SECURITY_COOKIE": "",
      "Accept": "application/json, text/plain, */*"
    },
    "url": "http://localhost:59001/ShadowPlay/v.1.0/CoPlay/Enable",
    "params": {},
    "retriesRemaining": 0,
    "timeout": {}
  },
  "statusText": ""
}
2026-09-29 03:24:11 [page:Error] 2026-09-29 03:24:11.195  ERROR  osc/shadowplayService- "ERROR, Coplay Enabled request failed: " {
  "data": null,
  "status": -1,
  "config": {
    "method": "GET",
    "transformRequest": [
      null
    ],
    "transformResponse": [
      null,
      null
    ],
    "headers": {
      "X_LOCAL_SECURITY_COOKIE": "",
      "Accept": "application/json, text/plain, */*"
    },
    "url": "http://localhost:59001/ShadowPlay/v.1.0/CoPlay/Enable",
    "params": {},
    "retriesRemaining": 0,
    "timeout": {}
  },
  "statusText": ""
}
2026-09-29 03:24:11 [page:Error] 2026-09-29 03:24:11.196  ERROR  osc/shadowplayService- "ERROR, Coplay Enabled request failed: " {
  "data": null,
  "status": -1,
  "config": {
    "method": "GET",
    "transformRequest": [
      null
    ],
    "transformResponse": [
      null,
      null
    ],
    "headers": {
      "X_LOCAL_SECURITY_COOKIE": "",
      "Accept": "application/json, text/plain, */*"
    },
    "url": "http://localhost:59001/ShadowPlay/v.1.0/CoPlay/Enable",
    "params": {},
    "retriesRemaining": 0,
    "timeout": {}
  },
  "statusText": ""
}
2026-09-29 03:24:11 [page:Error] 2026-09-29 03:24:11.196  ERROR  osc/shadowplayService- "ERROR, Coplay Enabled request failed: " {
  "data": null,
  "status": -1,
  "config": {
    "method": "GET",
    "transformRequest": [
      null
    ],
    "transformResponse": [
      null,
      null
    ],
    "headers": {
      "X_LOCAL_SECURITY_COOKIE": "",
      "Accept": "application/json, text/plain, */*"
    },
    "url": "http://localhost:59001/ShadowPlay/v.1.0/CoPlay/Enable",
    "params": {},
    "retriesRemaining": 0,
    "timeout": {}
  },
  "statusText": ""
}
2026-09-29 03:24:11 [page:Error] 2026-09-29 03:24:11.197  ERROR  osc/shadowplayService- "ERROR, Coplay Enabled request failed: " {
  "data": null,
  "status": -1,
  "config": {
    "method": "GET",
    "transformRequest": [
      null
    ],
    "transformResponse": [
      null,
      null
    ],
    "headers": {
      "X_LOCAL_SECURITY_COOKIE": "",
      "Accept": "application/json, text/plain, */*"
    },
    "url": "http://localhost:59001/ShadowPlay/v.1.0/CoPlay/Enable",
    "params": {},
    "retriesRemaining": 0,
    "timeout": {}
  },
  "statusText": ""
}
2026-09-29 03:24:11 [page:Error] 2026-09-29 03:24:11.197  ERROR  osc/shadowplayService- "ERROR, Coplay Enabled request failed: " {
  "data": null,
  "status": -1,
  "config": {
    "method": "GET",
    "transformRequest": [
      null
    ],
    "transformResponse": [
      null,
      null
    ],
    "headers": {
      "X_LOCAL_SECURITY_COOKIE": "",
      "Accept": "application/json, text/plain, */*"
    },
    "url": "http://localhost:59001/ShadowPlay/v.1.0/CoPlay/Enable",
    "params": {},
    "retriesRemaining": 0,
    "timeout": {}
  },
  "statusText": ""
}
2026-09-29 03:24:11 [page:Error] 2026-09-29 03:24:11.197  ERROR  osc/shadowplayService- "ERROR, Coplay Enabled request failed: " {
  "data": null,
  "status": -1,
  "config": {
    "method": "GET",
    "transformRequest": [
      null
    ],
    "transformResponse": [
      null,
      null
    ],
    "headers": {
      "X_LOCAL_SECURITY_COOKIE": "",
      "Accept": "application/json, text/plain, */*"
    },
    "url": "http://localhost:59001/ShadowPlay/v.1.0/CoPlay/Enable",
    "params": {},
    "retriesRemaining": 0,
    "timeout": {}
  },
  "statusText": ""
}
2026-09-29 03:24:11 [page:Error] 2026-09-29 03:24:11.198  ERROR  osc/shadowplayService- "ERROR, Coplay Enabled request failed: " {
  "data": null,
  "status": -1,
  "config": {
    "method": "GET",
    "transformRequest": [
      null
    ],
    "transformResponse": [
      null,
      null
    ],
    "headers": {
      "X_LOCAL_SECURITY_COOKIE": "",
      "Accept": "application/json, text/plain, */*"
    },
    "url": "http://localhost:59001/ShadowPlay/v.1.0/CoPlay/Enable",
    "params": {},
    "retriesRemaining": 0,
    "timeout": {}
  },
  "statusText": ""
}
2026-09-29 03:24:11 [page:Error] 2026-09-29 03:24:11.198  ERROR  osc/shadowplayService- "ERROR, Coplay Enabled request failed: " {
  "data": null,
  "status": -1,
  "config": {
    "method": "GET",
    "transformRequest": [
      null
    ],
    "transformResponse": [
      null,
      null
    ],
    "headers": {
      "X_LOCAL_SECURITY_COOKIE": "",
      "Accept": "application/json, text/plain, */*"
    },
    "url": "http://localhost:59001/ShadowPlay/v.1.0/CoPlay/Enable",
    "params": {},
    "retriesRemaining": 0,
    "timeout": {}
  },
  "statusText": ""
}
2026-09-29 03:24:11 [page:Error] 2026-09-29 03:24:11.199  ERROR  osc/shadowplayService- "ERROR, Coplay Enabled request failed: " {
  "data": null,
  "status": -1,
  "config": {
    "method": "GET",
    "transformRequest": [
      null
    ],
    "transformResponse": [
      null,
      null
    ],
    "headers": {
      "X_LOCAL_SECURITY_COOKIE": "",
      "Accept": "application/json, text/plain, */*"
    },
    "url": "http://localhost:59001/ShadowPlay/v.1.0/CoPlay/Enable",
    "params": {},
    "retriesRemaining": 0,
    "timeout": {}
  },
  "statusText": ""
}
2026-09-29 03:24:11 [page:Error] 2026-09-29 03:24:11.200  ERROR  osc/shadowplayService- "ERROR, Coplay Enabled request failed: " {
  "data": null,
  "status": -1,
  "config": {
    "method": "GET",
    "transformRequest": [
      null
    ],
    "transformResponse": [
      null,
      null
    ],
    "headers": {
      "X_LOCAL_SECURITY_COOKIE": "",
      "Accept": "application/json, text/plain, */*"
    },
    "url": "http://localhost:59001/ShadowPlay/v.1.0/CoPlay/Enable",
    "params": {},
    "retriesRemaining": 0,
    "timeout": {}
  },
  "statusText": ""
}
2026-09-29 03:24:11 [page:Error] 2026-09-29 03:24:11.200  ERROR  osc/shadowplayService- "ERROR, Coplay Enabled request failed: " {
  "data": null,
  "status": -1,
  "config": {
    "method": "GET",
    "transformRequest": [
      null
    ],
    "transformResponse": [
      null,
      null
    ],
    "headers": {
      "X_LOCAL_SECURITY_COOKIE": "",
      "Accept": "application/json, text/plain, */*"
    },
    "url": "http://localhost:59001/ShadowPlay/v.1.0/CoPlay/Enable",
    "params": {},
    "retriesRemaining": 0,
    "timeout": {}
  },
  "statusText": ""
}
2026-09-29 03:24:11 [page:Error] 2026-09-29 03:24:11.201  ERROR  osc/shadowplayService- "ERROR, Coplay Enabled request failed: " {
  "data": null,
  "status": -1,
  "config": {
    "method": "GET",
    "transformRequest": [
      null
    ],
    "transformResponse": [
      null,
      null
    ],
    "headers": {
      "X_LOCAL_SECURITY_COOKIE": "",
      "Accept": "application/json, text/plain, */*"
    },
    "url": "http://localhost:59001/ShadowPlay/v.1.0/CoPlay/Enable",
    "params": {},
    "retriesRemaining": 0,
    "timeout": {}
  },
  "statusText": ""
}
2026-09-29 03:24:11 [page:Error] 2026-09-29 03:24:11.201  ERROR  osc/shadowplayService- "ERROR, Coplay Enabled request failed: " {
  "data": null,
  "status": -1,
  "config": {
    "method": "GET",
    "transformRequest": [
      null
    ],
    "transformResponse": [
      null,
      null
    ],
    "headers": {
      "X_LOCAL_SECURITY_COOKIE": "",
      "Accept": "application/json, text/plain, */*"
    },
    "url": "http://localhost:59001/ShadowPlay/v.1.0/CoPlay/Enable",
    "params": {},
    "retriesRemaining": 0,
    "timeout": {}
  },
  "statusText": ""
}
2026-09-29 03:24:11 [page:Error] 2026-09-29 03:24:11.201  ERROR  osc/shadowplayService- "ERROR, Coplay Enabled request failed: " {
  "data": null,
  "status": -1,
  "config": {
    "method": "GET",
    "transformRequest": [
      null
    ],
    "transformResponse": [
      null,
      null
    ],
    "headers": {
      "X_LOCAL_SECURITY_COOKIE": "",
      "Accept": "application/json, text/plain, */*"
    },
    "url": "http://localhost:59001/ShadowPlay/v.1.0/CoPlay/Enable",
    "params": {},
    "retriesRemaining": 0,
    "timeout": {}
  },
  "statusText": ""
}
2026-09-29 03:24:11 [page:Error] 2026-09-29 03:24:11.202  ERROR  osc/shadowplayService- "ERROR, Coplay Enabled request failed: " {
  "data": null,
  "status": -1,
  "config": {
    "method": "GET",
    "transformRequest": [
      null
    ],
    "transformResponse": [
      null,
      null
    ],
    "headers": {
      "X_LOCAL_SECURITY_COOKIE": "",
      "Accept": "application/json, text/plain, */*"
    },
    "url": "http://localhost:59001/ShadowPlay/v.1.0/CoPlay/Enable",
    "params": {},
    "retriesRemaining": 0,
    "timeout": {}
  },
  "statusText": ""
}
2026-09-29 03:24:11 [page:Error] 2026-09-29 03:24:11.209  ERROR  osc/shadowplayService- "ERROR, Screenshot support request failed: " {
  "data": null,
  "status": -1,
  "config": {
    "method": "GET",
    "transformRequest": [
      null
    ],
    "transformResponse": [
      null,
      null
    ],
    "headers": {
      "X_LOCAL_SECURITY_COOKIE": "",
      "Accept": "application/json, text/plain, */*"
    },
    "url": "http://localhost:59001/ShadowPlay/v.1.0/Screenshot/Support",
    "params": {},
    "retriesRemaining": 0,
    "timeout": {}
  },
  "statusText": ""
}
2026-09-29 03:24:11 [cefQuery] QUERY_FULLSCREEN_STATE
2026-09-29 03:24:11 [cefQuery] QUERY_WIN_OPEN_OSC
2026-09-29 03:24:11 [cefQuery] QUERY_OSC_SET_PAINTING
2026-09-29 03:24:11 [window] HIDE (+close event fired)
2026-09-29 03:24:11 [cefQuery] QUERY_FULLSCREEN_STATE
2026-09-29 03:24:11 [cefQuery] QUERY_OSC_SET_PAINTING
2026-09-29 03:24:11 [cefQuery] QUERY_OSC_SET_PAINTING
2026-09-29 03:24:11 [page:Error] 2026-09-29 03:24:11.357  ERROR  osc/shadowplayService- "ERROR, Coplay Enabled request failed: " {
  "data": null,
  "status": -1,
  "config": {
    "method": "GET",
    "transformRequest": [
      null
    ],
    "transformResponse": [
      null,
      null
    ],
    "headers": {
      "X_LOCAL_SECURITY_COOKIE": "",
      "Accept": "application/json, text/plain, */*"
    },
    "url": "http://localhost:59001/ShadowPlay/v.1.0/CoPlay/Enable",
    "params": {},
    "retriesRemaining": 0,
    "timeout": {}
  },
  "statusText": ""
}
2026-09-29 03:24:11 [page:Error] 2026-09-29 03:24:11.359  ERROR  osc/shadowplayService- "ERROR, Coplay Enabled request failed: " {
  "data": null,
  "status": -1,
  "config": {
    "method": "GET",
    "transformRequest": [
      null
    ],
    "transformResponse": [
      null,
      null
    ],
    "headers": {
      "X_LOCAL_SECURITY_COOKIE": "",
      "Accept": "application/json, text/plain, */*"
    },
    "url": "http://localhost:59001/ShadowPlay/v.1.0/CoPlay/Enable",
    "params": {},
    "retriesRemaining": 0,
    "timeout": {}
  },
  "statusText": ""
}
2026-09-29 03:24:11 [page:Error] 2026-09-29 03:24:11.360  ERROR  osc/shadowplayService- "ERROR, Coplay Enabled request failed: " {
  "data": null,
  "status": -1,
  "config": {
    "method": "GET",
    "transformRequest": [
      null
    ],
    "transformResponse": [
      null,
      null
    ],
    "headers": {
      "X_LOCAL_SECURITY_COOKIE": "",
      "Accept": "application/json, text/plain, */*"
    },
    "url": "http://localhost:59001/ShadowPlay/v.1.0/CoPlay/Enable",
    "params": {},
    "retriesRemaining": 0,
    "timeout": {}
  },
  "statusText": ""
}
2026-09-29 03:24:11 [page:Error] 2026-09-29 03:24:11.360  ERROR  osc/shadowplayService- "ERROR, Coplay Enabled request failed: " {
  "data": null,
  "status": -1,
  "config": {
    "method": "GET",
    "transformRequest": [
      null
    ],
    "transformResponse": [
      null,
      null
    ],
    "headers": {
      "X_LOCAL_SECURITY_COOKIE": "",
      "Accept": "application/json, text/plain, */*"
    },
    "url": "http://localhost:59001/ShadowPlay/v.1.0/CoPlay/Enable",
    "params": {},
    "retriesRemaining": 0,
    "timeout": {}
  },
  "statusText": ""
}
2026-09-29 03:24:11 [page:Error] 2026-09-29 03:24:11.360  ERROR  osc/shadowplayService- "ERROR, Coplay Enabled request failed: " {
  "data": null,
  "status": -1,
  "config": {
    "method": "GET",
    "transformRequest": [
      null
    ],
    "transformResponse": [
      null,
      null
    ],
    "headers": {
      "X_LOCAL_SECURITY_COOKIE": "",
      "Accept": "application/json, text/plain, */*"
    },
    "url": "http://localhost:59001/ShadowPlay/v.1.0/CoPlay/Enable",
    "params": {},
    "retriesRemaining": 0,
    "timeout": {}
  },
  "statusText": ""
}
2026-09-29 03:24:11 [page:Error] 2026-09-29 03:24:11.360  ERROR  osc/shadowplayService- "ERROR, Coplay Enabled request failed: " {
  "data": null,
  "status": -1,
  "config": {
    "method": "GET",
    "transformRequest": [
      null
    ],
    "transformResponse": [
      null,
      null
    ],
    "headers": {
      "X_LOCAL_SECURITY_COOKIE": "",
      "Accept": "application/json, text/plain, */*"
    },
    "url": "http://localhost:59001/ShadowPlay/v.1.0/CoPlay/Enable",
    "params": {},
    "retriesRemaining": 0,
    "timeout": {}
  },
  "statusText": ""
}
2026-09-29 03:24:11 [page:Error] 2026-09-29 03:24:11.361  ERROR  osc/shadowplayService- "ERROR, Coplay Enabled request failed: " {
  "data": null,
  "status": -1,
  "config": {
    "method": "GET",
    "transformRequest": [
      null
    ],
    "transformResponse": [
      null,
      null
    ],
    "headers": {
      "X_LOCAL_SECURITY_COOKIE": "",
      "Accept": "application/json, text/plain, */*"
    },
    "url": "http://localhost:59001/ShadowPlay/v.1.0/CoPlay/Enable",
    "params": {},
    "retriesRemaining": 0,
    "timeout": {}
  },
  "statusText": ""
}
2026-09-29 03:24:11 [page:Error] 2026-09-29 03:24:11.361  ERROR  osc/shadowplayService- "ERROR, Coplay Enabled request failed: " {
  "data": null,
  "status": -1,
  "config": {
    "method": "GET",
    "transformRequest": [
      null
    ],
    "transformResponse": [
      null,
      null
    ],
    "headers": {
      "X_LOCAL_SECURITY_COOKIE": "",
      "Accept": "application/json, text/plain, */*"
    },
    "url": "http://localhost:59001/ShadowPlay/v.1.0/CoPlay/Enable",
    "params": {},
    "retriesRemaining": 0,
    "timeout": {}
  },
  "statusText": ""
}
2026-09-29 03:24:11 [page:Error] 2026-09-29 03:24:11.362  ERROR  osc/shadowplayService- "ERROR, Coplay Enabled request failed: " {
  "data": null,
  "status": -1,
  "config": {
    "method": "GET",
    "transformRequest": [
      null
    ],
    "transformResponse": [
      null,
      null
    ],
    "headers": {
      "X_LOCAL_SECURITY_COOKIE": "",
      "Accept": "application/json, text/plain, */*"
    },
    "url": "http://localhost:59001/ShadowPlay/v.1.0/CoPlay/Enable",
    "params": {},
    "retriesRemaining": 0,
    "timeout": {}
  },
  "statusText": ""
}
2026-09-29 03:24:11 [page:Error] 2026-09-29 03:24:11.362  ERROR  osc/shadowplayService- "ERROR, Coplay Enabled request failed: " {
  "data": null,
  "status": -1,
  "config": {
    "method": "GET",
    "transformRequest": [
      null
    ],
    "transformResponse": [
      null,
      null
    ],
    "headers": {
      "X_LOCAL_SECURITY_COOKIE": "",
      "Accept": "application/json, text/plain, */*"
    },
    "url": "http://localhost:59001/ShadowPlay/v.1.0/CoPlay/Enable",
    "params": {},
    "retriesRemaining": 0,
    "timeout": {}
  },
  "statusText": ""
}
2026-09-29 03:24:11 [page:Error] 2026-09-29 03:24:11.362  ERROR  osc/shadowplayService- "ERROR, Coplay Enabled request failed: " {
  "data": null,
  "status": -1,
  "config": {
    "method": "GET",
    "transformRequest": [
      null
    ],
    "transformResponse": [
      null,
      null
    ],
    "headers": {
      "X_LOCAL_SECURITY_COOKIE": "",
      "Accept": "application/json, text/plain, */*"
    },
    "url": "http://localhost:59001/ShadowPlay/v.1.0/CoPlay/Enable",
    "params": {},
    "retriesRemaining": 0,
    "timeout": {}
  },
  "statusText": ""
}
2026-09-29 03:24:11 [page:Error] 2026-09-29 03:24:11.362  ERROR  osc/shadowplayService- "ERROR, Coplay Enabled request failed: " {
  "data": null,
  "status": -1,
  "config": {
    "method": "GET",
    "transformRequest": [
      null
    ],
    "transformResponse": [
      null,
      null
    ],
    "headers": {
      "X_LOCAL_SECURITY_COOKIE": "",
      "Accept": "application/json, text/plain, */*"
    },
    "url": "http://localhost:59001/ShadowPlay/v.1.0/CoPlay/Enable",
    "params": {},
    "retriesRemaining": 0,
    "timeout": {}
  },
  "statusText": ""
}
2026-09-29 03:24:11 [window] SHOW
2026-09-29 03:24:11 [page:Error] 2026-09-29 03:24:11.363  ERROR  osc/shadowplayService- "ERROR, Coplay Enabled request failed: " {
  "data": null,
  "status": -1,
  "config": {
    "method": "GET",
    "transformRequest": [
      null
    ],
    "transformResponse": [
      null,
      null
    ],
    "headers": {
      "X_LOCAL_SECURITY_COOKIE": "",
      "Accept": "application/json, text/plain, */*"
    },
    "url": "http://localhost:59001/ShadowPlay/v.1.0/CoPlay/Enable",
    "params": {},
    "retriesRemaining": 0,
    "timeout": {}
  },
  "statusText": ""
}
2026-09-29 03:24:11 [page:Error] 2026-09-29 03:24:11.364  ERROR  osc/shadowplayService- "ERROR, Coplay Enabled request failed: " {
  "data": null,
  "status": -1,
  "config": {
    "method": "GET",
    "transformRequest": [
      null
    ],
    "transformResponse": [
      null,
      null
    ],
    "headers": {
      "X_LOCAL_SECURITY_COOKIE": "",
      "Accept": "application/json, text/plain, */*"
    },
    "url": "http://localhost:59001/ShadowPlay/v.1.0/CoPlay/Enable",
    "params": {},
    "retriesRemaining": 0,
    "timeout": {}
  },
  "statusText": ""
}
2026-09-29 03:24:11 [page:Error] 2026-09-29 03:24:11.365  ERROR  osc/shadowplayService- "ERROR, Coplay Enabled request failed: " {
  "data": null,
  "status": -1,
  "config": {
    "method": "GET",
    "transformRequest": [
      null
    ],
    "transformResponse": [
      null,
      null
    ],
    "headers": {
      "X_LOCAL_SECURITY_COOKIE": "",
      "Accept": "application/json, text/plain, */*"
    },
    "url": "http://localhost:59001/ShadowPlay/v.1.0/CoPlay/Enable",
    "params": {},
    "retriesRemaining": 0,
    "timeout": {}
  },
  "statusText": ""
}
2026-09-29 03:24:11 [page:Error] 2026-09-29 03:24:11.366  ERROR  osc/shadowplayService- "ERROR, Coplay Enabled request failed: " {
  "data": null,
  "status": -1,
  "config": {
    "method": "GET",
    "transformRequest": [
      null
    ],
    "transformResponse": [
      null,
      null
    ],
    "headers": {
      "X_LOCAL_SECURITY_COOKIE": "",
      "Accept": "application/json, text/plain, */*"
    },
    "url": "http://localhost:59001/ShadowPlay/v.1.0/CoPlay/Enable",
    "params": {},
    "retriesRemaining": 0,
    "timeout": {}
  },
  "statusText": ""
}
2026-09-29 03:24:11 [page:Error] 2026-09-29 03:24:11.366  ERROR  osc/shadowplayService- "ERROR, Coplay Enabled request failed: " {
  "data": null,
  "status": -1,
  "config": {
    "method": "GET",
    "transformRequest": [
      null
    ],
    "transformResponse": [
      null,
      null
    ],
    "headers": {
      "X_LOCAL_SECURITY_COOKIE": "",
      "Accept": "application/json, text/plain, */*"
    },
    "url": "http://localhost:59001/ShadowPlay/v.1.0/CoPlay/Enable",
    "params": {},
    "retriesRemaining": 0,
    "timeout": {}
  },
  "statusText": ""
}
2026-09-29 03:24:11 [page:Error] 2026-09-29 03:24:11.367  ERROR  osc/shadowplayService- "ERROR, Coplay Enabled request failed: " {
  "data": null,
  "status": -1,
  "config": {
    "method": "GET",
    "transformRequest": [
      null
    ],
    "transformResponse": [
      null,
      null
    ],
    "headers": {
      "X_LOCAL_SECURITY_COOKIE": "",
      "Accept": "application/json, text/plain, */*"
    },
    "url": "http://localhost:59001/ShadowPlay/v.1.0/CoPlay/Enable",
    "params": {},
    "retriesRemaining": 0,
    "timeout": {}
  },
  "statusText": ""
}
2026-09-29 03:24:11 [page:Error] 2026-09-29 03:24:11.369  ERROR  osc/shadowplayService- "ERROR, Coplay Enabled request failed: " {
  "data": null,
  "status": -1,
  "config": {
    "method": "GET",
    "transformRequest": [
      null
    ],
    "transformResponse": [
      null,
      null
    ],
    "headers": {
      "X_LOCAL_SECURITY_COOKIE": "",
      "Accept": "application/json, text/plain, */*"
    },
    "url": "http://localhost:59001/ShadowPlay/v.1.0/CoPlay/Enable",
    "params": {},
    "retriesRemaining": 0,
    "timeout": {}
  },
  "statusText": ""
}
2026-09-29 03:24:11 [page:Error] 2026-09-29 03:24:11.370  ERROR  osc/shadowplayService- "ERROR, Coplay Enabled request failed: " {
  "data": null,
  "status": -1,
  "config": {
    "method": "GET",
    "transformRequest": [
      null
    ],
    "transformResponse": [
      null,
      null
    ],
    "headers": {
      "X_LOCAL_SECURITY_COOKIE": "",
      "Accept": "application/json, text/plain, */*"
    },
    "url": "http://localhost:59001/ShadowPlay/v.1.0/CoPlay/Enable",
    "params": {},
    "retriesRemaining": 0,
    "timeout": {}
  },
  "statusText": ""
}
2026-09-29 03:24:11 [page:Error] 2026-09-29 03:24:11.371  ERROR  osc/shadowplayService- "ERROR, Coplay Enabled request failed: " {
  "data": null,
  "status": -1,
  "config": {
    "method": "GET",
    "transformRequest": [
      null
    ],
    "transformResponse": [
      null,
      null
    ],
    "headers": {
      "X_LOCAL_SECURITY_COOKIE": "",
      "Accept": "application/json, text/plain, */*"
    },
    "url": "http://localhost:59001/ShadowPlay/v.1.0/CoPlay/Enable",
    "params": {},
    "retriesRemaining": 0,
    "timeout": {}
  },
  "statusText": ""
}
2026-09-29 03:24:11 [page:Error] 2026-09-29 03:24:11.371  ERROR  osc/shadowplayService- "ERROR, Coplay Enabled request failed: " {
  "data": null,
  "status": -1,
  "config": {
    "method": "GET",
    "transformRequest": [
      null
    ],
    "transformResponse": [
      null,
      null
    ],
    "headers": {
      "X_LOCAL_SECURITY_COOKIE": "",
      "Accept": "application/json, text/plain, */*"
    },
    "url": "http://localhost:59001/ShadowPlay/v.1.0/CoPlay/Enable",
    "params": {},
    "retriesRemaining": 0,
    "timeout": {}
  },
  "statusText": ""
}
2026-09-29 03:24:11 [page:Error] 2026-09-29 03:24:11.381  ERROR  osc/shadowplayService- "ERROR, Coplay Enabled request failed: " {
  "data": null,
  "status": -1,
  "config": {
    "method": "GET",
    "transformRequest": [
      null
    ],
    "transformResponse": [
      null,
      null
    ],
    "headers": {
      "X_LOCAL_SECURITY_COOKIE": "",
      "Accept": "application/json, text/plain, */*"
    },
    "url": "http://localhost:59001/ShadowPlay/v.1.0/CoPlay/Enable",
    "params": {},
    "retriesRemaining": 0,
    "timeout": {}
  },
  "statusText": ""
}
2026-09-29 03:24:11 [page:Error] 2026-09-29 03:24:11.382  ERROR  osc/shadowplayService- "ERROR, Coplay Enabled request failed: " {
  "data": null,
  "status": -1,
  "config": {
    "method": "GET",
    "transformRequest": [
      null
    ],
    "transformResponse": [
      null,
      null
    ],
    "headers": {
      "X_LOCAL_SECURITY_COOKIE": "",
      "Accept": "application/json, text/plain, */*"
    },
    "url": "http://localhost:59001/ShadowPlay/v.1.0/CoPlay/Enable",
    "params": {},
    "retriesRemaining": 0,
    "timeout": {}
  },
  "statusText": ""
}
2026-09-29 03:24:11 [page:Error] 2026-09-29 03:24:11.382  ERROR  osc/shadowplayService- "ERROR, Coplay Enabled request failed: " {
  "data": null,
  "status": -1,
  "config": {
    "method": "GET",
    "transformRequest": [
      null
    ],
    "transformResponse": [
      null,
      null
    ],
    "headers": {
      "X_LOCAL_SECURITY_COOKIE": "",
      "Accept": "application/json, text/plain, */*"
    },
    "url": "http://localhost:59001/ShadowPlay/v.1.0/CoPlay/Enable",
    "params": {},
    "retriesRemaining": 0,
    "timeout": {}
  },
  "statusText": ""
}
2026-09-29 03:24:11 [page:Error] 2026-09-29 03:24:11.382  ERROR  osc/shadowplayService- "ERROR, Coplay Enabled request failed: " {
  "data": null,
  "status": -1,
  "config": {
    "method": "GET",
    "transformRequest": [
      null
    ],
    "transformResponse": [
      null,
      null
    ],
    "headers": {
      "X_LOCAL_SECURITY_COOKIE": "",
      "Accept": "application/json, text/plain, */*"
    },
    "url": "http://localhost:59001/ShadowPlay/v.1.0/CoPlay/Enable",
    "params": {},
    "retriesRemaining": 0,
    "timeout": {}
  },
  "statusText": ""
}
2026-09-29 03:24:11 [page:Error] 2026-09-29 03:24:11.382  ERROR  osc/shadowplayService- "ERROR, Coplay Enabled request failed: " {
  "data": null,
  "status": -1,
  "config": {
    "method": "GET",
    "transformRequest": [
      null
    ],
    "transformResponse": [
      null,
      null
    ],
    "headers": {
      "X_LOCAL_SECURITY_COOKIE": "",
      "Accept": "application/json, text/plain, */*"
    },
    "url": "http://localhost:59001/ShadowPlay/v.1.0/CoPlay/Enable",
    "params": {},
    "retriesRemaining": 0,
    "timeout": {}
  },
  "statusText": ""
}
2026-09-29 03:24:11 [page:Error] 2026-09-29 03:24:11.386  ERROR  osc/shadowplayService- "ERROR, Coplay Enabled request failed: " {
  "data": null,
  "status": -1,
  "config": {
    "method": "GET",
    "transformRequest": [
      null
    ],
    "transformResponse": [
      null,
      null
    ],
    "headers": {
      "X_LOCAL_SECURITY_COOKIE": "",
      "Accept": "application/json, text/plain, */*"
    },
    "url": "http://localhost:59001/ShadowPlay/v.1.0/CoPlay/Enable",
    "params": {},
    "retriesRemaining": 0,
    "timeout": {}
  },
  "statusText": ""
}
2026-09-29 03:24:11 [page:Error] 2026-09-29 03:24:11.397  ERROR  osc/shadowplayService- "ERROR, Coplay Enabled request failed: " {
  "data": null,
  "status": -1,
  "config": {
    "method": "GET",
    "transformRequest": [
      null
    ],
    "transformResponse": [
      null,
      null
    ],
    "headers": {
      "X_LOCAL_SECURITY_COOKIE": "",
      "Accept": "application/json, text/plain, */*"
    },
    "url": "http://localhost:59001/ShadowPlay/v.1.0/CoPlay/Enable",
    "params": {},
    "retriesRemaining": 0,
    "timeout": {}
  },
  "statusText": ""
}
2026-09-29 03:24:11 [page:Error] 2026-09-29 03:24:11.402  ERROR  osc/shadowplayService- "ERROR, Coplay Enabled request failed: " {
  "data": null,
  "status": -1,
  "config": {
    "method": "GET",
    "transformRequest": [
      null
    ],
    "transformResponse": [
      null,
      null
    ],
    "headers": {
      "X_LOCAL_SECURITY_COOKIE": "",
      "Accept": "application/json, text/plain, */*"
    },
    "url": "http://localhost:59001/ShadowPlay/v.1.0/CoPlay/Enable",
    "params": {},
    "retriesRemaining": 0,
    "timeout": {}
  },
  "statusText": ""
}
2026-09-29 03:24:11 [page:Error] 2026-09-29 03:24:11.403  ERROR  osc/shadowplayService- "ERROR, Coplay Enabled request failed: " {
  "data": null,
  "status": -1,
  "config": {
    "method": "GET",
    "transformRequest": [
      null
    ],
    "transformResponse": [
      null,
      null
    ],
    "headers": {
      "X_LOCAL_SECURITY_COOKIE": "",
      "Accept": "application/json, text/plain, */*"
    },
    "url": "http://localhost:59001/ShadowPlay/v.1.0/CoPlay/Enable",
    "params": {},
    "retriesRemaining": 0,
    "timeout": {}
  },
  "statusText": ""
}
2026-09-29 03:24:11 [page:Error] 2026-09-29 03:24:11.404  ERROR  osc/shadowplayService- "ERROR, Coplay Enabled request failed: " {
  "data": null,
  "status": -1,
  "config": {
    "method": "GET",
    "transformRequest": [
      null
    ],
    "transformResponse": [
      null,
      null
    ],
    "headers": {
      "X_LOCAL_SECURITY_COOKIE": "",
      "Accept": "application/json, text/plain, */*"
    },
    "url": "http://localhost:59001/ShadowPlay/v.1.0/CoPlay/Enable",
    "params": {},
    "retriesRemaining": 0,
    "timeout": {}
  },
  "statusText": ""
}
2026-09-29 03:24:11 [page:Error] 2026-09-29 03:24:11.410  ERROR  osc/shadowplayService- "ERROR, Screenshot support request failed: " {
  "data": null,
  "status": -1,
  "config": {
    "method": "GET",
    "transformRequest": [
      null
    ],
    "transformResponse": [
      null,
      null
    ],
    "headers": {
      "X_LOCAL_SECURITY_COOKIE": "",
      "Accept": "application/json, text/plain, */*"
    },
    "url": "http://localhost:59001/ShadowPlay/v.1.0/Screenshot/Support",
    "params": {},
    "retriesRemaining": 0,
    "timeout": {}
  },
  "statusText": ""
}
2026-09-29 03:24:11 [window] HIDE (+close event fired)
2026-09-29 03:24:11 [page:Error] 2026-09-29 03:24:11.443  ERROR  main.common/telemetryService- "Attempted to end a performance measurement 'CLOSE_OSC' without starting it!"
2026-09-29 03:24:11 [cefQuery] QUERY_FULLSCREEN_STATE
2026-09-29 03:24:11 [cefQuery] QUERY_OSC_SET_PAINTING
2026-09-29 03:24:11 [cefQuery] QUERY_OSC_SET_PAINTING
2026-09-29 03:24:11 [window] SHOW
2026-09-29 03:24:11 [page:Error] 2026-09-29 03:24:11.547  ERROR  osc/shadowplayService- "ERROR, Coplay Enabled request failed: " {
  "data": null,
  "status": -1,
  "config": {
    "method": "GET",
    "transformRequest": [
      null
    ],
    "transformResponse": [
      null,
      null
    ],
    "headers": {
      "X_LOCAL_SECURITY_COOKIE": "",
      "Accept": "application/json, text/plain, */*"
    },
    "url": "http://localhost:59001/ShadowPlay/v.1.0/CoPlay/Enable",
    "params": {},
    "retriesRemaining": 0,
    "timeout": {}
  },
  "statusText": ""
}
2026-09-29 03:24:11 [page:Error] 2026-09-29 03:24:11.550  ERROR  osc/shadowplayService- "ERROR, Coplay Enabled request failed: " {
  "data": null,
  "status": -1,
  "config": {
    "method": "GET",
    "transformRequest": [
      null
    ],
    "transformResponse": [
      null,
      null
    ],
    "headers": {
      "X_LOCAL_SECURITY_COOKIE": "",
      "Accept": "application/json, text/plain, */*"
    },
    "url": "http://localhost:59001/ShadowPlay/v.1.0/CoPlay/Enable",
    "params": {},
    "retriesRemaining": 0,
    "timeout": {}
  },
  "statusText": ""
}
2026-09-29 03:24:11 [page:Error] 2026-09-29 03:24:11.551  ERROR  osc/shadowplayService- "ERROR, Coplay Enabled request failed: " {
  "data": null,
  "status": -1,
  "config": {
    "method": "GET",
    "transformRequest": [
      null
    ],
    "transformResponse": [
      null,
      null
    ],
    "headers": {
      "X_LOCAL_SECURITY_COOKIE": "",
      "Accept": "application/json, text/plain, */*"
    },
    "url": "http://localhost:59001/ShadowPlay/v.1.0/CoPlay/Enable",
    "params": {},
    "retriesRemaining": 0,
    "timeout": {}
  },
  "statusText": ""
}
2026-09-29 03:24:11 [page:Error] 2026-09-29 03:24:11.552  ERROR  osc/shadowplayService- "ERROR, Coplay Enabled request failed: " {
  "data": null,
  "status": -1,
  "config": {
    "method": "GET",
    "transformRequest": [
      null
    ],
    "transformResponse": [
      null,
      null
    ],
    "headers": {
      "X_LOCAL_SECURITY_COOKIE": "",
      "Accept": "application/json, text/plain, */*"
    },
    "url": "http://localhost:59001/ShadowPlay/v.1.0/CoPlay/Enable",
    "params": {},
    "retriesRemaining": 0,
    "timeout": {}
  },
  "statusText": ""
}
2026-09-29 03:24:11 [window] HIDE (page requested)
2026-09-29 03:24:11 [page:Error] 2026-09-29 03:24:11.557  ERROR  osc/shadowplayService- "ERROR, Coplay Enabled request failed: " {
  "data": null,
  "status": -1,
  "config": {
    "method": "GET",
    "transformRequest": [
      null
    ],
    "transformResponse": [
      null,
      null
    ],
    "headers": {
      "X_LOCAL_SECURITY_COOKIE": "",
      "Accept": "application/json, text/plain, */*"
    },
    "url": "http://localhost:59001/ShadowPlay/v.1.0/CoPlay/Enable",
    "params": {},
    "retriesRemaining": 0,
    "timeout": {}
  },
  "statusText": ""
}
2026-09-29 03:24:11 [page:Error] 2026-09-29 03:24:11.560  ERROR  osc/shadowplayService- "ERROR, Coplay Enabled request failed: " {
  "data": null,
  "status": -1,
  "config": {
    "method": "GET",
    "transformRequest": [
      null
    ],
    "transformResponse": [
      null,
      null
    ],
    "headers": {
      "X_LOCAL_SECURITY_COOKIE": "",
      "Accept": "application/json, text/plain, */*"
    },
    "url": "http://localhost:59001/ShadowPlay/v.1.0/CoPlay/Enable",
    "params": {},
    "retriesRemaining": 0,
    "timeout": {}
  },
  "statusText": ""
}
2026-09-29 03:24:11 [page:Error] 2026-09-29 03:24:11.561  ERROR  osc/shadowplayService- "ERROR, Coplay Enabled request failed: " {
  "data": null,
  "status": -1,
  "config": {
    "method": "GET",
    "transformRequest": [
      null
    ],
    "transformResponse": [
      null,
      null
    ],
    "headers": {
      "X_LOCAL_SECURITY_COOKIE": "",
      "Accept": "application/json, text/plain, */*"
    },
    "url": "http://localhost:59001/ShadowPlay/v.1.0/CoPlay/Enable",
    "params": {},
    "retriesRemaining": 0,
    "timeout": {}
  },
  "statusText": ""
}
2026-09-29 03:24:11 [page:Error] 2026-09-29 03:24:11.564  ERROR  osc/shadowplayService- "ERROR, Coplay Enabled request failed: " {
  "data": null,
  "status": -1,
  "config": {
    "method": "GET",
    "transformRequest": [
      null
    ],
    "transformResponse": [
      null,
      null
    ],
    "headers": {
      "X_LOCAL_SECURITY_COOKIE": "",
      "Accept": "application/json, text/plain, */*"
    },
    "url": "http://localhost:59001/ShadowPlay/v.1.0/CoPlay/Enable",
    "params": {},
    "retriesRemaining": 0,
    "timeout": {}
  },
  "statusText": ""
}
2026-09-29 03:24:11 [page:Error] 2026-09-29 03:24:11.566  ERROR  osc/shadowplayService- "ERROR, Coplay Enabled request failed: " {
  "data": null,
  "status": -1,
  "config": {
    "method": "GET",
    "transformRequest": [
      null
    ],
    "transformResponse": [
      null,
      null
    ],
    "headers": {
      "X_LOCAL_SECURITY_COOKIE": "",
      "Accept": "application/json, text/plain, */*"
    },
    "url": "http://localhost:59001/ShadowPlay/v.1.0/CoPlay/Enable",
    "params": {},
    "retriesRemaining": 0,
    "timeout": {}
  },
  "statusText": ""
}
2026-09-29 03:24:11 [page:Error] 2026-09-29 03:24:11.567  ERROR  osc/shadowplayService- "ERROR, Coplay Enabled request failed: " {
  "data": null,
  "status": -1,
  "config": {
    "method": "GET",
    "transformRequest": [
      null
    ],
    "transformResponse": [
      null,
      null
    ],
    "headers": {
      "X_LOCAL_SECURITY_COOKIE": "",
      "Accept": "application/json, text/plain, */*"
    },
    "url": "http://localhost:59001/ShadowPlay/v.1.0/CoPlay/Enable",
    "params": {},
    "retriesRemaining": 0,
    "timeout": {}
  },
  "statusText": ""
}
2026-09-29 03:24:11 [page:Error] 2026-09-29 03:24:11.579  ERROR  osc/shadowplayService- "ERROR, Coplay Enabled request failed: " {
  "data": null,
  "status": -1,
  "config": {
    "method": "GET",
    "transformRequest": [
      null
    ],
    "transformResponse": [
      null,
      null
    ],
    "headers": {
      "X_LOCAL_SECURITY_COOKIE": "",
      "Accept": "application/json, text/plain, */*"
    },
    "url": "http://localhost:59001/ShadowPlay/v.1.0/CoPlay/Enable",
    "params": {},
    "retriesRemaining": 0,
    "timeout": {}
  },
  "statusText": ""
}
2026-09-29 03:24:11 [page:Error] 2026-09-29 03:24:11.582  ERROR  osc/shadowplayService- "ERROR, Coplay Enabled request failed: " {
  "data": null,
  "status": -1,
  "config": {
    "method": "GET",
    "transformRequest": [
      null
    ],
    "transformResponse": [
      null,
      null
    ],
    "headers": {
      "X_LOCAL_SECURITY_COOKIE": "",
      "Accept": "application/json, text/plain, */*"
    },
    "url": "http://localhost:59001/ShadowPlay/v.1.0/CoPlay/Enable",
    "params": {},
    "retriesRemaining": 0,
    "timeout": {}
  },
  "statusText": ""
}
2026-09-29 03:24:11 [page:Error] 2026-09-29 03:24:11.582  ERROR  osc/shadowplayService- "ERROR, Coplay Enabled request failed: " {
  "data": null,
  "status": -1,
  "config": {
    "method": "GET",
    "transformRequest": [
      null
    ],
    "transformResponse": [
      null,
      null
    ],
    "headers": {
      "X_LOCAL_SECURITY_COOKIE": "",
      "Accept": "application/json, text/plain, */*"
    },
    "url": "http://localhost:59001/ShadowPlay/v.1.0/CoPlay/Enable",
    "params": {},
    "retriesRemaining": 0,
    "timeout": {}
  },
  "statusText": ""
}
2026-09-29 03:24:11 [page:Error] 2026-09-29 03:24:11.583  ERROR  osc/shadowplayService- "ERROR, Coplay Enabled request failed: " {
  "data": null,
  "status": -1,
  "config": {
    "method": "GET",
    "transformRequest": [
      null
    ],
    "transformResponse": [
      null,
      null
    ],
    "headers": {
      "X_LOCAL_SECURITY_COOKIE": "",
      "Accept": "application/json, text/plain, */*"
    },
    "url": "http://localhost:59001/ShadowPlay/v.1.0/CoPlay/Enable",
    "params": {},
    "retriesRemaining": 0,
    "timeout": {}
  },
  "statusText": ""
}
2026-09-29 03:24:11 [page:Error] 2026-09-29 03:24:11.585  ERROR  osc/shadowplayService- "ERROR, Coplay Enabled request failed: " {
  "data": null,
  "status": -1,
  "config": {
    "method": "GET",
    "transformRequest": [
      null
    ],
    "transformResponse": [
      null,
      null
    ],
    "headers": {
      "X_LOCAL_SECURITY_COOKIE": "",
      "Accept": "application/json, text/plain, */*"
    },
    "url": "http://localhost:59001/ShadowPlay/v.1.0/CoPlay/Enable",
    "params": {},
    "retriesRemaining": 0,
    "timeout": {}
  },
  "statusText": ""
}
2026-09-29 03:24:11 [page:Error] 2026-09-29 03:24:11.586  ERROR  osc/shadowplayService- "ERROR, Coplay Enabled request failed: " {
  "data": null,
  "status": -1,
  "config": {
    "method": "GET",
    "transformRequest": [
      null
    ],
    "transformResponse": [
      null,
      null
    ],
    "headers": {
      "X_LOCAL_SECURITY_COOKIE": "",
      "Accept": "application/json, text/plain, */*"
    },
    "url": "http://localhost:59001/ShadowPlay/v.1.0/CoPlay/Enable",
    "params": {},
    "retriesRemaining": 0,
    "timeout": {}
  },
  "statusText": ""
}
2026-09-29 03:24:11 [page:Error] 2026-09-29 03:24:11.586  ERROR  osc/shadowplayService- "ERROR, Coplay Enabled request failed: " {
  "data": null,
  "status": -1,
  "config": {
    "method": "GET",
    "transformRequest": [
      null
    ],
    "transformResponse": [
      null,
      null
    ],
    "headers": {
      "X_LOCAL_SECURITY_COOKIE": "",
      "Accept": "application/json, text/plain, */*"
    },
    "url": "http://localhost:59001/ShadowPlay/v.1.0/CoPlay/Enable",
    "params": {},
    "retriesRemaining": 0,
    "timeout": {}
  },
  "statusText": ""
}
2026-09-29 03:24:11 [page:Error] 2026-09-29 03:24:11.587  ERROR  osc/shadowplayService- "ERROR, Coplay Enabled request failed: " {
  "data": null,
  "status": -1,
  "config": {
    "method": "GET",
    "transformRequest": [
      null
    ],
    "transformResponse": [
      null,
      null
    ],
    "headers": {
      "X_LOCAL_SECURITY_COOKIE": "",
      "Accept": "application/json, text/plain, */*"
    },
    "url": "http://localhost:59001/ShadowPlay/v.1.0/CoPlay/Enable",
    "params": {},
    "retriesRemaining": 0,
    "timeout": {}
  },
  "statusText": ""
}
2026-09-29 03:24:11 [page:Error] 2026-09-29 03:24:11.587  ERROR  osc/shadowplayService- "ERROR, Coplay Enabled request failed: " {
  "data": null,
  "status": -1,
  "config": {
    "method": "GET",
    "transformRequest": [
      null
    ],
    "transformResponse": [
      null,
      null
    ],
    "headers": {
      "X_LOCAL_SECURITY_COOKIE": "",
      "Accept": "application/json, text/plain, */*"
    },
    "url": "http://localhost:59001/ShadowPlay/v.1.0/CoPlay/Enable",
    "params": {},
    "retriesRemaining": 0,
    "timeout": {}
  },
  "statusText": ""
}
2026-09-29 03:24:11 [page:Error] 2026-09-29 03:24:11.587  ERROR  osc/shadowplayService- "ERROR, Coplay Enabled request failed: " {
  "data": null,
  "status": -1,
  "config": {
    "method": "GET",
    "transformRequest": [
      null
    ],
    "transformResponse": [
      null,
      null
    ],
    "headers": {
      "X_LOCAL_SECURITY_COOKIE": "",
      "Accept": "application/json, text/plain, */*"
    },
    "url": "http://localhost:59001/ShadowPlay/v.1.0/CoPlay/Enable",
    "params": {},
    "retriesRemaining": 0,
    "timeout": {}
  },
  "statusText": ""
}
2026-09-29 03:24:11 [page:Error] 2026-09-29 03:24:11.588  ERROR  osc/shadowplayService- "ERROR, Coplay Enabled request failed: " {
  "data": null,
  "status": -1,
  "config": {
    "method": "GET",
    "transformRequest": [
      null
    ],
    "transformResponse": [
      null,
      null
    ],
    "headers": {
      "X_LOCAL_SECURITY_COOKIE": "",
      "Accept": "application/json, text/plain, */*"
    },
    "url": "http://localhost:59001/ShadowPlay/v.1.0/CoPlay/Enable",
    "params": {},
    "retriesRemaining": 0,
    "timeout": {}
  },
  "statusText": ""
}
2026-09-29 03:24:11 [page:Error] 2026-09-29 03:24:11.588  ERROR  osc/shadowplayService- "ERROR, Coplay Enabled request failed: " {
  "data": null,
  "status": -1,
  "config": {
    "method": "GET",
    "transformRequest": [
      null
    ],
    "transformResponse": [
      null,
      null
    ],
    "headers": {
      "X_LOCAL_SECURITY_COOKIE": "",
      "Accept": "application/json, text/plain, */*"
    },
    "url": "http://localhost:59001/ShadowPlay/v.1.0/CoPlay/Enable",
    "params": {},
    "retriesRemaining": 0,
    "timeout": {}
  },
  "statusText": ""
}
2026-09-29 03:24:11 [page:Error] 2026-09-29 03:24:11.588  ERROR  osc/shadowplayService- "ERROR, Coplay Enabled request failed: " {
  "data": null,
  "status": -1,
  "config": {
    "method": "GET",
    "transformRequest": [
      null
    ],
    "transformResponse": [
      null,
      null
    ],
    "headers": {
      "X_LOCAL_SECURITY_COOKIE": "",
      "Accept": "application/json, text/plain, */*"
    },
    "url": "http://localhost:59001/ShadowPlay/v.1.0/CoPlay/Enable",
    "params": {},
    "retriesRemaining": 0,
    "timeout": {}
  },
  "statusText": ""
}
2026-09-29 03:24:11 [page:Error] 2026-09-29 03:24:11.589  ERROR  osc/shadowplayService- "ERROR, Coplay Enabled request failed: " {
  "data": null,
  "status": -1,
  "config": {
    "method": "GET",
    "transformRequest": [
      null
    ],
    "transformResponse": [
      null,
      null
    ],
    "headers": {
      "X_LOCAL_SECURITY_COOKIE": "",
      "Accept": "application/json, text/plain, */*"
    },
    "url": "http://localhost:59001/ShadowPlay/v.1.0/CoPlay/Enable",
    "params": {},
    "retriesRemaining": 0,
    "timeout": {}
  },
  "statusText": ""
}
2026-09-29 03:24:11 [page:Error] 2026-09-29 03:24:11.608  ERROR  osc/shadowplayService- "ERROR, Coplay Enabled request failed: " {
  "data": null,
  "status": -1,
  "config": {
    "method": "GET",
    "transformRequest": [
      null
    ],
    "transformResponse": [
      null,
      null
    ],
    "headers": {
      "X_LOCAL_SECURITY_COOKIE": "",
      "Accept": "application/json, text/plain, */*"
    },
    "url": "http://localhost:59001/ShadowPlay/v.1.0/CoPlay/Enable",
    "params": {},
    "retriesRemaining": 0,
    "timeout": {}
  },
  "statusText": ""
}
2026-09-29 03:24:11 [page:Error] 2026-09-29 03:24:11.609  ERROR  osc/shadowplayService- "ERROR, Coplay Enabled request failed: " {
  "data": null,
  "status": -1,
  "config": {
    "method": "GET",
    "transformRequest": [
      null
    ],
    "transformResponse": [
      null,
      null
    ],
    "headers": {
      "X_LOCAL_SECURITY_COOKIE": "",
      "Accept": "application/json, text/plain, */*"
    },
    "url": "http://localhost:59001/ShadowPlay/v.1.0/CoPlay/Enable",
    "params": {},
    "retriesRemaining": 0,
    "timeout": {}
  },
  "statusText": ""
}
2026-09-29 03:24:11 [page:Error] 2026-09-29 03:24:11.615  ERROR  osc/shadowplayService- "ERROR, Coplay Enabled request failed: " {
  "data": null,
  "status": -1,
  "config": {
    "method": "GET",
    "transformRequest": [
      null
    ],
    "transformResponse": [
      null,
      null
    ],
    "headers": {
      "X_LOCAL_SECURITY_COOKIE": "",
      "Accept": "application/json, text/plain, */*"
    },
    "url": "http://localhost:59001/ShadowPlay/v.1.0/CoPlay/Enable",
    "params": {},
    "retriesRemaining": 0,
    "timeout": {}
  },
  "statusText": ""
}
2026-09-29 03:24:11 [page:Error] 2026-09-29 03:24:11.615  ERROR  osc/shadowplayService- "ERROR, Coplay Enabled request failed: " {
  "data": null,
  "status": -1,
  "config": {
    "method": "GET",
    "transformRequest": [
      null
    ],
    "transformResponse": [
      null,
      null
    ],
    "headers": {
      "X_LOCAL_SECURITY_COOKIE": "",
      "Accept": "application/json, text/plain, */*"
    },
    "url": "http://localhost:59001/ShadowPlay/v.1.0/CoPlay/Enable",
    "params": {},
    "retriesRemaining": 0,
    "timeout": {}
  },
  "statusText": ""
}
2026-09-29 03:24:11 [page:Error] 2026-09-29 03:24:11.616  ERROR  osc/shadowplayService- "ERROR, Coplay Enabled request failed: " {
  "data": null,
  "status": -1,
  "config": {
    "method": "GET",
    "transformRequest": [
      null
    ],
    "transformResponse": [
      null,
      null
    ],
    "headers": {
      "X_LOCAL_SECURITY_COOKIE": "",
      "Accept": "application/json, text/plain, */*"
    },
    "url": "http://localhost:59001/ShadowPlay/v.1.0/CoPlay/Enable",
    "params": {},
    "retriesRemaining": 0,
    "timeout": {}
  },
  "statusText": ""
}
2026-09-29 03:24:11 [page:Error] 2026-09-29 03:24:11.617  ERROR  osc/shadowplayService- "ERROR, Coplay Enabled request failed: " {
  "data": null,
  "status": -1,
  "config": {
    "method": "GET",
    "transformRequest": [
      null
    ],
    "transformResponse": [
      null,
      null
    ],
    "headers": {
      "X_LOCAL_SECURITY_COOKIE": "",
      "Accept": "application/json, text/plain, */*"
    },
    "url": "http://localhost:59001/ShadowPlay/v.1.0/CoPlay/Enable",
    "params": {},
    "retriesRemaining": 0,
    "timeout": {}
  },
  "statusText": ""
}
2026-09-29 03:24:11 [page:Error] 2026-09-29 03:24:11.618  ERROR  osc/shadowplayService- "ERROR, Coplay Enabled request failed: " {
  "data": null,
  "status": -1,
  "config": {
    "method": "GET",
    "transformRequest": [
      null
    ],
    "transformResponse": [
      null,
      null
    ],
    "headers": {
      "X_LOCAL_SECURITY_COOKIE": "",
      "Accept": "application/json, text/plain, */*"
    },
    "url": "http://localhost:59001/ShadowPlay/v.1.0/CoPlay/Enable",
    "params": {},
    "retriesRemaining": 0,
    "timeout": {}
  },
  "statusText": ""
}
2026-09-29 03:24:11 [page:Error] 2026-09-29 03:24:11.619  ERROR  osc/shadowplayService- "ERROR, Coplay Enabled request failed: " {
  "data": null,
  "status": -1,
  "config": {
    "method": "GET",
    "transformRequest": [
      null
    ],
    "transformResponse": [
      null,
      null
    ],
    "headers": {
      "X_LOCAL_SECURITY_COOKIE": "",
      "Accept": "application/json, text/plain, */*"
    },
    "url": "http://localhost:59001/ShadowPlay/v.1.0/CoPlay/Enable",
    "params": {},
    "retriesRemaining": 0,
    "timeout": {}
  },
  "statusText": ""
}
2026-09-29 03:24:11 [page:Error] 2026-09-29 03:24:11.621  ERROR  osc/shadowplayService- "ERROR, Coplay Enabled request failed: " {
  "data": null,
  "status": -1,
  "config": {
    "method": "GET",
    "transformRequest": [
      null
    ],
    "transformResponse": [
      null,
      null
    ],
    "headers": {
      "X_LOCAL_SECURITY_COOKIE": "",
      "Accept": "application/json, text/plain, */*"
    },
    "url": "http://localhost:59001/ShadowPlay/v.1.0/CoPlay/Enable",
    "params": {},
    "retriesRemaining": 0,
    "timeout": {}
  },
  "statusText": ""
}
2026-09-29 03:24:11 [page:Error] 2026-09-29 03:24:11.623  ERROR  osc/shadowplayService- "ERROR, Coplay Enabled request failed: " {
  "data": null,
  "status": -1,
  "config": {
    "method": "GET",
    "transformRequest": [
      null
    ],
    "transformResponse": [
      null,
      null
    ],
    "headers": {
      "X_LOCAL_SECURITY_COOKIE": "",
      "Accept": "application/json, text/plain, */*"
    },
    "url": "http://localhost:59001/ShadowPlay/v.1.0/CoPlay/Enable",
    "params": {},
    "retriesRemaining": 0,
    "timeout": {}
  },
  "statusText": ""
}
2026-09-29 03:24:11 [page:Error] 2026-09-29 03:24:11.623  ERROR  osc/shadowplayService- "ERROR, Coplay Enabled request failed: " {
  "data": null,
  "status": -1,
  "config": {
    "method": "GET",
    "transformRequest": [
      null
    ],
    "transformResponse": [
      null,
      null
    ],
    "headers": {
      "X_LOCAL_SECURITY_COOKIE": "",
      "Accept": "application/json, text/plain, */*"
    },
    "url": "http://localhost:59001/ShadowPlay/v.1.0/CoPlay/Enable",
    "params": {},
    "retriesRemaining": 0,
    "timeout": {}
  },
  "statusText": ""
}
2026-09-29 03:24:11 [page:Error] 2026-09-29 03:24:11.628  ERROR  osc/shadowplayService- "ERROR, Screenshot support request failed: " {
  "data": null,
  "status": -1,
  "config": {
    "method": "GET",
    "transformRequest": [
      null
    ],
    "transformResponse": [
      null,
      null
    ],
    "headers": {
      "X_LOCAL_SECURITY_COOKIE": "",
      "Accept": "application/json, text/plain, */*"
    },
    "url": "http://localhost:59001/ShadowPlay/v.1.0/Screenshot/Support",
    "params": {},
    "retriesRemaining": 0,
    "timeout": {}
  },
  "statusText": ""
}
2026-09-29 03:24:11 [page:Error] 2026-09-29 03:24:11.632  ERROR  osc/shadowplayService- "ERROR, Coplay Enabled request failed: " {
  "data": null,
  "status": -1,
  "config": {
    "method": "GET",
    "transformRequest": [
      null
    ],
    "transformResponse": [
      null,
      null
    ],
    "headers": {
      "X_LOCAL_SECURITY_COOKIE": "",
      "Accept": "application/json, text/plain, */*"
    },
    "url": "http://localhost:59001/ShadowPlay/v.1.0/CoPlay/Enable",
    "params": {},
    "retriesRemaining": 0,
    "timeout": {}
  },
  "statusText": ""
}
2026-09-29 03:24:11 [page:Error] 2026-09-29 03:24:11.634  ERROR  osc/shadowplayService- "ERROR, Coplay Enabled request failed: " {
  "data": null,
  "status": -1,
  "config": {
    "method": "GET",
    "transformRequest": [
      null
    ],
    "transformResponse": [
      null,
      null
    ],
    "headers": {
      "X_LOCAL_SECURITY_COOKIE": "",
      "Accept": "application/json, text/plain, */*"
    },
    "url": "http://localhost:59001/ShadowPlay/v.1.0/CoPlay/Enable",
    "params": {},
    "retriesRemaining": 0,
    "timeout": {}
  },
  "statusText": ""
}
2026-09-29 03:24:11 [window] SHOW
2026-09-29 03:24:11 [page:Error] 2026-09-29 03:24:11.635  ERROR  osc/shadowplayService- "ERROR, Coplay Enabled request failed: " {
  "data": null,
  "status": -1,
  "config": {
    "method": "GET",
    "transformRequest": [
      null
    ],
    "transformResponse": [
      null,
      null
    ],
    "headers": {
      "X_LOCAL_SECURITY_COOKIE": "",
      "Accept": "application/json, text/plain, */*"
    },
    "url": "http://localhost:59001/ShadowPlay/v.1.0/CoPlay/Enable",
    "params": {},
    "retriesRemaining": 0,
    "timeout": {}
  },
  "statusText": ""
}
2026-09-29 03:24:11 [page:Error] 2026-09-29 03:24:11.635  ERROR  osc/shadowplayService- "ERROR, Coplay Enabled request failed: " {
  "data": null,
  "status": -1,
  "config": {
    "method": "GET",
    "transformRequest": [
      null
    ],
    "transformResponse": [
      null,
      null
    ],
    "headers": {
      "X_LOCAL_SECURITY_COOKIE": "",
      "Accept": "application/json, text/plain, */*"
    },
    "url": "http://localhost:59001/ShadowPlay/v.1.0/CoPlay/Enable",
    "params": {},
    "retriesRemaining": 0,
    "timeout": {}
  },
  "statusText": ""
}
2026-09-29 03:24:11 [page:Error] 2026-09-29 03:24:11.636  ERROR  osc/shadowplayService- "ERROR, Coplay Enabled request failed: " {
  "data": null,
  "status": -1,
  "config": {
    "method": "GET",
    "transformRequest": [
      null
    ],
    "transformResponse": [
      null,
      null
    ],
    "headers": {
      "X_LOCAL_SECURITY_COOKIE": "",
      "Accept": "application/json, text/plain, */*"
    },
    "url": "http://localhost:59001/ShadowPlay/v.1.0/CoPlay/Enable",
    "params": {},
    "retriesRemaining": 0,
    "timeout": {}
  },
  "statusText": ""
}
2026-09-29 03:24:11 [page:Error] 2026-09-29 03:24:11.637  ERROR  osc/shadowplayService- "ERROR, Coplay Enabled request failed: " {
  "data": null,
  "status": -1,
  "config": {
    "method": "GET",
    "transformRequest": [
      null
    ],
    "transformResponse": [
      null,
      null
    ],
    "headers": {
      "X_LOCAL_SECURITY_COOKIE": "",
      "Accept": "application/json, text/plain, */*"
    },
    "url": "http://localhost:59001/ShadowPlay/v.1.0/CoPlay/Enable",
    "params": {},
    "retriesRemaining": 0,
    "timeout": {}
  },
  "statusText": ""
}
2026-09-29 03:24:11 [page:Error] 2026-09-29 03:24:11.637  ERROR  osc/shadowplayService- "ERROR, Coplay Enabled request failed: " {
  "data": null,
  "status": -1,
  "config": {
    "method": "GET",
    "transformRequest": [
      null
    ],
    "transformResponse": [
      null,
      null
    ],
    "headers": {
      "X_LOCAL_SECURITY_COOKIE": "",
      "Accept": "application/json, text/plain, */*"
    },
    "url": "http://localhost:59001/ShadowPlay/v.1.0/CoPlay/Enable",
    "params": {},
    "retriesRemaining": 0,
    "timeout": {}
  },
  "statusText": ""
}
2026-09-29 03:24:11 [page:Error] 2026-09-29 03:24:11.637  ERROR  osc/shadowplayService- "ERROR, Coplay Enabled request failed: " {
  "data": null,
  "status": -1,
  "config": {
    "method": "GET",
    "transformRequest": [
      null
    ],
    "transformResponse": [
      null,
      null
    ],
    "headers": {
      "X_LOCAL_SECURITY_COOKIE": "",
      "Accept": "application/json, text/plain, */*"
    },
    "url": "http://localhost:59001/ShadowPlay/v.1.0/CoPlay/Enable",
    "params": {},
    "retriesRemaining": 0,
    "timeout": {}
  },
  "statusText": ""
}
2026-09-29 03:24:11 [page:Error] 2026-09-29 03:24:11.637  ERROR  osc/shadowplayService- "ERROR, Coplay Enabled request failed: " {
  "data": null,
  "status": -1,
  "config": {
    "method": "GET",
    "transformRequest": [
      null
    ],
    "transformResponse": [
      null,
      null
    ],
    "headers": {
      "X_LOCAL_SECURITY_COOKIE": "",
      "Accept": "application/json, text/plain, */*"
    },
    "url": "http://localhost:59001/ShadowPlay/v.1.0/CoPlay/Enable",
    "params": {},
    "retriesRemaining": 0,
    "timeout": {}
  },
  "statusText": ""
}
2026-09-29 03:24:11 [page:Error] 2026-09-29 03:24:11.638  ERROR  osc/shadowplayService- "ERROR, Coplay Enabled request failed: " {
  "data": null,
  "status": -1,
  "config": {
    "method": "GET",
    "transformRequest": [
      null
    ],
    "transformResponse": [
      null,
      null
    ],
    "headers": {
      "X_LOCAL_SECURITY_COOKIE": "",
      "Accept": "application/json, text/plain, */*"
    },
    "url": "http://localhost:59001/ShadowPlay/v.1.0/CoPlay/Enable",
    "params": {},
    "retriesRemaining": 0,
    "timeout": {}
  },
  "statusText": ""
}
2026-09-29 03:24:11 [page:Error] 2026-09-29 03:24:11.638  ERROR  osc/shadowplayService- "ERROR, Coplay Enabled request failed: " {
  "data": null,
  "status": -1,
  "config": {
    "method": "GET",
    "transformRequest": [
      null
    ],
    "transformResponse": [
      null,
      null
    ],
    "headers": {
      "X_LOCAL_SECURITY_COOKIE": "",
      "Accept": "application/json, text/plain, */*"
    },
    "url": "http://localhost:59001/ShadowPlay/v.1.0/CoPlay/Enable",
    "params": {},
    "retriesRemaining": 0,
    "timeout": {}
  },
  "statusText": ""
}
2026-09-29 03:24:11 [page:Error] 2026-09-29 03:24:11.638  ERROR  osc/shadowplayService- "ERROR, Coplay Enabled request failed: " {
  "data": null,
  "status": -1,
  "config": {
    "method": "GET",
    "transformRequest": [
      null
    ],
    "transformResponse": [
      null,
      null
    ],
    "headers": {
      "X_LOCAL_SECURITY_COOKIE": "",
      "Accept": "application/json, text/plain, */*"
    },
    "url": "http://localhost:59001/ShadowPlay/v.1.0/CoPlay/Enable",
    "params": {},
    "retriesRemaining": 0,
    "timeout": {}
  },
  "statusText": ""
}
2026-09-29 03:24:11 [page:Error] 2026-09-29 03:24:11.638  ERROR  osc/shadowplayService- "ERROR, Coplay Enabled request failed: " {
  "data": null,
  "status": -1,
  "config": {
    "method": "GET",
    "transformRequest": [
      null
    ],
    "transformResponse": [
      null,
      null
    ],
    "headers": {
      "X_LOCAL_SECURITY_COOKIE": "",
      "Accept": "application/json, text/plain, */*"
    },
    "url": "http://localhost:59001/ShadowPlay/v.1.0/CoPlay/Enable",
    "params": {},
    "retriesRemaining": 0,
    "timeout": {}
  },
  "statusText": ""
}
2026-09-29 03:24:11 [page:Error] 2026-09-29 03:24:11.639  ERROR  osc/shadowplayService- "ERROR, Coplay Enabled request failed: " {
  "data": null,
  "status": -1,
  "config": {
    "method": "GET",
    "transformRequest": [
      null
    ],
    "transformResponse": [
      null,
      null
    ],
    "headers": {
      "X_LOCAL_SECURITY_COOKIE": "",
      "Accept": "application/json, text/plain, */*"
    },
    "url": "http://localhost:59001/ShadowPlay/v.1.0/CoPlay/Enable",
    "params": {},
    "retriesRemaining": 0,
    "timeout": {}
  },
  "statusText": ""
}
2026-09-29 03:24:11 [page:Error] 2026-09-29 03:24:11.639  ERROR  osc/shadowplayService- "ERROR, Coplay Enabled request failed: " {
  "data": null,
  "status": -1,
  "config": {
    "method": "GET",
    "transformRequest": [
      null
    ],
    "transformResponse": [
      null,
      null
    ],
    "headers": {
      "X_LOCAL_SECURITY_COOKIE": "",
      "Accept": "application/json, text/plain, */*"
    },
    "url": "http://localhost:59001/ShadowPlay/v.1.0/CoPlay/Enable",
    "params": {},
    "retriesRemaining": 0,
    "timeout": {}
  },
  "statusText": ""
}
2026-09-29 03:24:11 [page:Error] 2026-09-29 03:24:11.639  ERROR  osc/shadowplayService- "ERROR, Coplay Enabled request failed: " {
  "data": null,
  "status": -1,
  "config": {
    "method": "GET",
    "transformRequest": [
      null
    ],
    "transformResponse": [
      null,
      null
    ],
    "headers": {
      "X_LOCAL_SECURITY_COOKIE": "",
      "Accept": "application/json, text/plain, */*"
    },
    "url": "http://localhost:59001/ShadowPlay/v.1.0/CoPlay/Enable",
    "params": {},
    "retriesRemaining": 0,
    "timeout": {}
  },
  "statusText": ""
}
2026-09-29 03:24:11 [page:Error] 2026-09-29 03:24:11.639  ERROR  osc/shadowplayService- "ERROR, Coplay Enabled request failed: " {
  "data": null,
  "status": -1,
  "config": {
    "method": "GET",
    "transformRequest": [
      null
    ],
    "transformResponse": [
      null,
      null
    ],
    "headers": {
      "X_LOCAL_SECURITY_COOKIE": "",
      "Accept": "application/json, text/plain, */*"
    },
    "url": "http://localhost:59001/ShadowPlay/v.1.0/CoPlay/Enable",
    "params": {},
    "retriesRemaining": 0,
    "timeout": {}
  },
  "statusText": ""
}
2026-09-29 03:24:11 [page:Error] 2026-09-29 03:24:11.640  ERROR  osc/shadowplayService- "ERROR, Coplay Enabled request failed: " {
  "data": null,
  "status": -1,
  "config": {
    "method": "GET",
    "transformRequest": [
      null
    ],
    "transformResponse": [
      null,
      null
    ],
    "headers": {
      "X_LOCAL_SECURITY_COOKIE": "",
      "Accept": "application/json, text/plain, */*"
    },
    "url": "http://localhost:59001/ShadowPlay/v.1.0/CoPlay/Enable",
    "params": {},
    "retriesRemaining": 0,
    "timeout": {}
  },
  "statusText": ""
}
2026-09-29 03:24:11 [page:Error] 2026-09-29 03:24:11.640  ERROR  osc/shadowplayService- "ERROR, Coplay Enabled request failed: " {
  "data": null,
  "status": -1,
  "config": {
    "method": "GET",
    "transformRequest": [
      null
    ],
    "transformResponse": [
      null,
      null
    ],
    "headers": {
      "X_LOCAL_SECURITY_COOKIE": "",
      "Accept": "application/json, text/plain, */*"
    },
    "url": "http://localhost:59001/ShadowPlay/v.1.0/CoPlay/Enable",
    "params": {},
    "retriesRemaining": 0,
    "timeout": {}
  },
  "statusText": ""
}
2026-09-29 03:24:11 [page:Error] 2026-09-29 03:24:11.640  ERROR  osc/shadowplayService- "ERROR, Coplay Enabled request failed: " {
  "data": null,
  "status": -1,
  "config": {
    "method": "GET",
    "transformRequest": [
      null
    ],
    "transformResponse": [
      null,
      null
    ],
    "headers": {
      "X_LOCAL_SECURITY_COOKIE": "",
      "Accept": "application/json, text/plain, */*"
    },
    "url": "http://localhost:59001/ShadowPlay/v.1.0/CoPlay/Enable",
    "params": {},
    "retriesRemaining": 0,
    "timeout": {}
  },
  "statusText": ""
}
2026-09-29 03:24:11 [page:Error] 2026-09-29 03:24:11.641  ERROR  osc/shadowplayService- "ERROR, Coplay Enabled request failed: " {
  "data": null,
  "status": -1,
  "config": {
    "method": "GET",
    "transformRequest": [
      null
    ],
    "transformResponse": [
      null,
      null
    ],
    "headers": {
      "X_LOCAL_SECURITY_COOKIE": "",
      "Accept": "application/json, text/plain, */*"
    },
    "url": "http://localhost:59001/ShadowPlay/v.1.0/CoPlay/Enable",
    "params": {},
    "retriesRemaining": 0,
    "timeout": {}
  },
  "statusText": ""
}
2026-09-29 03:24:11 [page:Error] 2026-09-29 03:24:11.641  ERROR  osc/shadowplayService- "ERROR, Coplay Enabled request failed: " {
  "data": null,
  "status": -1,
  "config": {
    "method": "GET",
    "transformRequest": [
      null
    ],
    "transformResponse": [
      null,
      null
    ],
    "headers": {
      "X_LOCAL_SECURITY_COOKIE": "",
      "Accept": "application/json, text/plain, */*"
    },
    "url": "http://localhost:59001/ShadowPlay/v.1.0/CoPlay/Enable",
    "params": {},
    "retriesRemaining": 0,
    "timeout": {}
  },
  "statusText": ""
}
2026-09-29 03:24:11 [page:Error] 2026-09-29 03:24:11.641  ERROR  osc/shadowplayService- "ERROR, Coplay Enabled request failed: " {
  "data": null,
  "status": -1,
  "config": {
    "method": "GET",
    "transformRequest": [
      null
    ],
    "transformResponse": [
      null,
      null
    ],
    "headers": {
      "X_LOCAL_SECURITY_COOKIE": "",
      "Accept": "application/json, text/plain, */*"
    },
    "url": "http://localhost:59001/ShadowPlay/v.1.0/CoPlay/Enable",
    "params": {},
    "retriesRemaining": 0,
    "timeout": {}
  },
  "statusText": ""
}
2026-09-29 03:24:11 [page:Error] 2026-09-29 03:24:11.642  ERROR  osc/shadowplayService- "ERROR, Coplay Enabled request failed: " {
  "data": null,
  "status": -1,
  "config": {
    "method": "GET",
    "transformRequest": [
      null
    ],
    "transformResponse": [
      null,
      null
    ],
    "headers": {
      "X_LOCAL_SECURITY_COOKIE": "",
      "Accept": "application/json, text/plain, */*"
    },
    "url": "http://localhost:59001/ShadowPlay/v.1.0/CoPlay/Enable",
    "params": {},
    "retriesRemaining": 0,
    "timeout": {}
  },
  "statusText": ""
}
2026-09-29 03:24:11 [page:Error] 2026-09-29 03:24:11.643  ERROR  osc/shadowplayService- "ERROR, Coplay Enabled request failed: " {
  "data": null,
  "status": -1,
  "config": {
    "method": "GET",
    "transformRequest": [
      null
    ],
    "transformResponse": [
      null,
      null
    ],
    "headers": {
      "X_LOCAL_SECURITY_COOKIE": "",
      "Accept": "application/json, text/plain, */*"
    },
    "url": "http://localhost:59001/ShadowPlay/v.1.0/CoPlay/Enable",
    "params": {},
    "retriesRemaining": 0,
    "timeout": {}
  },
  "statusText": ""
}
2026-09-29 03:24:11 [page:Error] 2026-09-29 03:24:11.643  ERROR  osc/shadowplayService- "ERROR, Coplay Enabled request failed: " {
  "data": null,
  "status": -1,
  "config": {
    "method": "GET",
    "transformRequest": [
      null
    ],
    "transformResponse": [
      null,
      null
    ],
    "headers": {
      "X_LOCAL_SECURITY_COOKIE": "",
      "Accept": "application/json, text/plain, */*"
    },
    "url": "http://localhost:59001/ShadowPlay/v.1.0/CoPlay/Enable",
    "params": {},
    "retriesRemaining": 0,
    "timeout": {}
  },
  "statusText": ""
}
2026-09-29 03:24:11 [page:Error] 2026-09-29 03:24:11.643  ERROR  osc/shadowplayService- "ERROR, Coplay Enabled request failed: " {
  "data": null,
  "status": -1,
  "config": {
    "method": "GET",
    "transformRequest": [
      null
    ],
    "transformResponse": [
      null,
      null
    ],
    "headers": {
      "X_LOCAL_SECURITY_COOKIE": "",
      "Accept": "application/json, text/plain, */*"
    },
    "url": "http://localhost:59001/ShadowPlay/v.1.0/CoPlay/Enable",
    "params": {},
    "retriesRemaining": 0,
    "timeout": {}
  },
  "statusText": ""
}
2026-09-29 03:24:11 [page:Error] 2026-09-29 03:24:11.644  ERROR  osc/shadowplayService- "ERROR, Coplay Enabled request failed: " {
  "data": null,
  "status": -1,
  "config": {
    "method": "GET",
    "transformRequest": [
      null
    ],
    "transformResponse": [
      null,
      null
    ],
    "headers": {
      "X_LOCAL_SECURITY_COOKIE": "",
      "Accept": "application/json, text/plain, */*"
    },
    "url": "http://localhost:59001/ShadowPlay/v.1.0/CoPlay/Enable",
    "params": {},
    "retriesRemaining": 0,
    "timeout": {}
  },
  "statusText": ""
}
2026-09-29 03:24:11 [page:Error] 2026-09-29 03:24:11.644  ERROR  osc/shadowplayService- "ERROR, Coplay Enabled request failed: " {
  "data": null,
  "status": -1,
  "config": {
    "method": "GET",
    "transformRequest": [
      null
    ],
    "transformResponse": [
      null,
      null
    ],
    "headers": {
      "X_LOCAL_SECURITY_COOKIE": "",
      "Accept": "application/json, text/plain, */*"
    },
    "url": "http://localhost:59001/ShadowPlay/v.1.0/CoPlay/Enable",
    "params": {},
    "retriesRemaining": 0,
    "timeout": {}
  },
  "statusText": ""
}
2026-09-29 03:24:11 [page:Error] 2026-09-29 03:24:11.644  ERROR  osc/shadowplayService- "ERROR, Coplay Enabled request failed: " {
  "data": null,
  "status": -1,
  "config": {
    "method": "GET",
    "transformRequest": [
      null
    ],
    "transformResponse": [
      null,
      null
    ],
    "headers": {
      "X_LOCAL_SECURITY_COOKIE": "",
      "Accept": "application/json, text/plain, */*"
    },
    "url": "http://localhost:59001/ShadowPlay/v.1.0/CoPlay/Enable",
    "params": {},
    "retriesRemaining": 0,
    "timeout": {}
  },
  "statusText": ""
}
2026-09-29 03:24:11 [page:Error] 2026-09-29 03:24:11.644  ERROR  osc/shadowplayService- "ERROR, Coplay Enabled request failed: " {
  "data": null,
  "status": -1,
  "config": {
    "method": "GET",
    "transformRequest": [
      null
    ],
    "transformResponse": [
      null,
      null
    ],
    "headers": {
      "X_LOCAL_SECURITY_COOKIE": "",
      "Accept": "application/json, text/plain, */*"
    },
    "url": "http://localhost:59001/ShadowPlay/v.1.0/CoPlay/Enable",
    "params": {},
    "retriesRemaining": 0,
    "timeout": {}
  },
  "statusText": ""
}
2026-09-29 03:24:11 [page:Error] 2026-09-29 03:24:11.645  ERROR  osc/shadowplayService- "ERROR, Coplay Enabled request failed: " {
  "data": null,
  "status": -1,
  "config": {
    "method": "GET",
    "transformRequest": [
      null
    ],
    "transformResponse": [
      null,
      null
    ],
    "headers": {
      "X_LOCAL_SECURITY_COOKIE": "",
      "Accept": "application/json, text/plain, */*"
    },
    "url": "http://localhost:59001/ShadowPlay/v.1.0/CoPlay/Enable",
    "params": {},
    "retriesRemaining": 0,
    "timeout": {}
  },
  "statusText": ""
}
2026-09-29 03:24:11 [page:Error] 2026-09-29 03:24:11.645  ERROR  osc/shadowplayService- "ERROR, Coplay Enabled request failed: " {
  "data": null,
  "status": -1,
  "config": {
    "method": "GET",
    "transformRequest": [
      null
    ],
    "transformResponse": [
      null,
      null
    ],
    "headers": {
      "X_LOCAL_SECURITY_COOKIE": "",
      "Accept": "application/json, text/plain, */*"
    },
    "url": "http://localhost:59001/ShadowPlay/v.1.0/CoPlay/Enable",
    "params": {},
    "retriesRemaining": 0,
    "timeout": {}
  },
  "statusText": ""
}
2026-09-29 03:24:11 [page:Error] 2026-09-29 03:24:11.645  ERROR  osc/shadowplayService- "ERROR, Coplay Enabled request failed: " {
  "data": null,
  "status": -1,
  "config": {
    "method": "GET",
    "transformRequest": [
      null
    ],
    "transformResponse": [
      null,
      null
    ],
    "headers": {
      "X_LOCAL_SECURITY_COOKIE": "",
      "Accept": "application/json, text/plain, */*"
    },
    "url": "http://localhost:59001/ShadowPlay/v.1.0/CoPlay/Enable",
    "params": {},
    "retriesRemaining": 0,
    "timeout": {}
  },
  "statusText": ""
}
2026-09-29 03:24:11 [page:Error] 2026-09-29 03:24:11.645  ERROR  osc/shadowplayService- "ERROR, Coplay Enabled request failed: " {
  "data": null,
  "status": -1,
  "config": {
    "method": "GET",
    "transformRequest": [
      null
    ],
    "transformResponse": [
      null,
      null
    ],
    "headers": {
      "X_LOCAL_SECURITY_COOKIE": "",
      "Accept": "application/json, text/plain, */*"
    },
    "url": "http://localhost:59001/ShadowPlay/v.1.0/CoPlay/Enable",
    "params": {},
    "retriesRemaining": 0,
    "timeout": {}
  },
  "statusText": ""
}
2026-09-29 03:24:11 [page:Error] 2026-09-29 03:24:11.645  ERROR  osc/shadowplayService- "ERROR, Coplay Enabled request failed: " {
  "data": null,
  "status": -1,
  "config": {
    "method": "GET",
    "transformRequest": [
      null
    ],
    "transformResponse": [
      null,
      null
    ],
    "headers": {
      "X_LOCAL_SECURITY_COOKIE": "",
      "Accept": "application/json, text/plain, */*"
    },
    "url": "http://localhost:59001/ShadowPlay/v.1.0/CoPlay/Enable",
    "params": {},
    "retriesRemaining": 0,
    "timeout": {}
  },
  "statusText": ""
}
2026-09-29 03:24:11 [page:Error] 2026-09-29 03:24:11.646  ERROR  osc/shadowplayService- "ERROR, Coplay Enabled request failed: " {
  "data": null,
  "status": -1,
  "config": {
    "method": "GET",
    "transformRequest": [
      null
    ],
    "transformResponse": [
      null,
      null
    ],
    "headers": {
      "X_LOCAL_SECURITY_COOKIE": "",
      "Accept": "application/json, text/plain, */*"
    },
    "url": "http://localhost:59001/ShadowPlay/v.1.0/CoPlay/Enable",
    "params": {},
    "retriesRemaining": 0,
    "timeout": {}
  },
  "statusText": ""
}
2026-09-29 03:24:11 [page:Error] 2026-09-29 03:24:11.646  ERROR  osc/shadowplayService- "ERROR, Coplay Enabled request failed: " {
  "data": null,
  "status": -1,
  "config": {
    "method": "GET",
    "transformRequest": [
      null
    ],
    "transformResponse": [
      null,
      null
    ],
    "headers": {
      "X_LOCAL_SECURITY_COOKIE": "",
      "Accept": "application/json, text/plain, */*"
    },
    "url": "http://localhost:59001/ShadowPlay/v.1.0/CoPlay/Enable",
    "params": {},
    "retriesRemaining": 0,
    "timeout": {}
  },
  "statusText": ""
}
2026-09-29 03:24:11 [page:Error] 2026-09-29 03:24:11.646  ERROR  osc/shadowplayService- "ERROR, Coplay Enabled request failed: " {
  "data": null,
  "status": -1,
  "config": {
    "method": "GET",
    "transformRequest": [
      null
    ],
    "transformResponse": [
      null,
      null
    ],
    "headers": {
      "X_LOCAL_SECURITY_COOKIE": "",
      "Accept": "application/json, text/plain, */*"
    },
    "url": "http://localhost:59001/ShadowPlay/v.1.0/CoPlay/Enable",
    "params": {},
    "retriesRemaining": 0,
    "timeout": {}
  },
  "statusText": ""
}
2026-09-29 03:24:11 [page:Error] 2026-09-29 03:24:11.646  ERROR  osc/shadowplayService- "ERROR, Coplay Enabled request failed: " {
  "data": null,
  "status": -1,
  "config": {
    "method": "GET",
    "transformRequest": [
      null
    ],
    "transformResponse": [
      null,
      null
    ],
    "headers": {
      "X_LOCAL_SECURITY_COOKIE": "",
      "Accept": "application/json, text/plain, */*"
    },
    "url": "http://localhost:59001/ShadowPlay/v.1.0/CoPlay/Enable",
    "params": {},
    "retriesRemaining": 0,
    "timeout": {}
  },
  "statusText": ""
}
2026-09-29 03:24:11 [page:Error] 2026-09-29 03:24:11.647  ERROR  osc/shadowplayService- "ERROR, Coplay Enabled request failed: " {
  "data": null,
  "status": -1,
  "config": {
    "method": "GET",
    "transformRequest": [
      null
    ],
    "transformResponse": [
      null,
      null
    ],
    "headers": {
      "X_LOCAL_SECURITY_COOKIE": "",
      "Accept": "application/json, text/plain, */*"
    },
    "url": "http://localhost:59001/ShadowPlay/v.1.0/CoPlay/Enable",
    "params": {},
    "retriesRemaining": 0,
    "timeout": {}
  },
  "statusText": ""
}
2026-09-29 03:24:11 [page:Error] 2026-09-29 03:24:11.647  ERROR  osc/shadowplayService- "ERROR, Coplay Enabled request failed: " {
  "data": null,
  "status": -1,
  "config": {
    "method": "GET",
    "transformRequest": [
      null
    ],
    "transformResponse": [
      null,
      null
    ],
    "headers": {
      "X_LOCAL_SECURITY_COOKIE": "",
      "Accept": "application/json, text/plain, */*"
    },
    "url": "http://localhost:59001/ShadowPlay/v.1.0/CoPlay/Enable",
    "params": {},
    "retriesRemaining": 0,
    "timeout": {}
  },
  "statusText": ""
}
2026-09-29 03:24:11 [page:Error] 2026-09-29 03:24:11.647  ERROR  osc/shadowplayService- "ERROR, Coplay Enabled request failed: " {
  "data": null,
  "status": -1,
  "config": {
    "method": "GET",
    "transformRequest": [
      null
    ],
    "transformResponse": [
      null,
      null
    ],
    "headers": {
      "X_LOCAL_SECURITY_COOKIE": "",
      "Accept": "application/json, text/plain, */*"
    },
    "url": "http://localhost:59001/ShadowPlay/v.1.0/CoPlay/Enable",
    "params": {},
    "retriesRemaining": 0,
    "timeout": {}
  },
  "statusText": ""
}
2026-09-29 03:24:11 [page:Error] 2026-09-29 03:24:11.648  ERROR  osc/shadowplayService- "ERROR, Coplay Enabled request failed: " {
  "data": null,
  "status": -1,
  "config": {
    "method": "GET",
    "transformRequest": [
      null
    ],
    "transformResponse": [
      null,
      null
    ],
    "headers": {
      "X_LOCAL_SECURITY_COOKIE": "",
      "Accept": "application/json, text/plain, */*"
    },
    "url": "http://localhost:59001/ShadowPlay/v.1.0/CoPlay/Enable",
    "params": {},
    "retriesRemaining": 0,
    "timeout": {}
  },
  "statusText": ""
}
2026-09-29 03:24:11 [page:Error] 2026-09-29 03:24:11.648  ERROR  osc/shadowplayService- "ERROR, Coplay Enabled request failed: " {
  "data": null,
  "status": -1,
  "config": {
    "method": "GET",
    "transformRequest": [
      null
    ],
    "transformResponse": [
      null,
      null
    ],
    "headers": {
      "X_LOCAL_SECURITY_COOKIE": "",
      "Accept": "application/json, text/plain, */*"
    },
    "url": "http://localhost:59001/ShadowPlay/v.1.0/CoPlay/Enable",
    "params": {},
    "retriesRemaining": 0,
    "timeout": {}
  },
  "statusText": ""
}
2026-09-29 03:24:11 [page:Error] 2026-09-29 03:24:11.648  ERROR  osc/shadowplayService- "ERROR, Coplay Enabled request failed: " {
  "data": null,
  "status": -1,
  "config": {
    "method": "GET",
    "transformRequest": [
      null
    ],
    "transformResponse": [
      null,
      null
    ],
    "headers": {
      "X_LOCAL_SECURITY_COOKIE": "",
      "Accept": "application/json, text/plain, */*"
    },
    "url": "http://localhost:59001/ShadowPlay/v.1.0/CoPlay/Enable",
    "params": {},
    "retriesRemaining": 0,
    "timeout": {}
  },
  "statusText": ""
}
2026-09-29 03:24:11 [page:Error] 2026-09-29 03:24:11.649  ERROR  osc/shadowplayService- "ERROR, Coplay Enabled request failed: " {
  "data": null,
  "status": -1,
  "config": {
    "method": "GET",
    "transformRequest": [
      null
    ],
    "transformResponse": [
      null,
      null
    ],
    "headers": {
      "X_LOCAL_SECURITY_COOKIE": "",
      "Accept": "application/json, text/plain, */*"
    },
    "url": "http://localhost:59001/ShadowPlay/v.1.0/CoPlay/Enable",
    "params": {},
    "retriesRemaining": 0,
    "timeout": {}
  },
  "statusText": ""
}
2026-09-29 03:24:11 [page:Error] 2026-09-29 03:24:11.649  ERROR  osc/shadowplayService- "ERROR, Coplay Enabled request failed: " {
  "data": null,
  "status": -1,
  "config": {
    "method": "GET",
    "transformRequest": [
      null
    ],
    "transformResponse": [
      null,
      null
    ],
    "headers": {
      "X_LOCAL_SECURITY_COOKIE": "",
      "Accept": "application/json, text/plain, */*"
    },
    "url": "http://localhost:59001/ShadowPlay/v.1.0/CoPlay/Enable",
    "params": {},
    "retriesRemaining": 0,
    "timeout": {}
  },
  "statusText": ""
}
2026-09-29 03:24:11 [page:Error] 2026-09-29 03:24:11.649  ERROR  osc/shadowplayService- "ERROR, Coplay Enabled request failed: " {
  "data": null,
  "status": -1,
  "config": {
    "method": "GET",
    "transformRequest": [
      null
    ],
    "transformResponse": [
      null,
      null
    ],
    "headers": {
      "X_LOCAL_SECURITY_COOKIE": "",
      "Accept": "application/json, text/plain, */*"
    },
    "url": "http://localhost:59001/ShadowPlay/v.1.0/CoPlay/Enable",
    "params": {},
    "retriesRemaining": 0,
    "timeout": {}
  },
  "statusText": ""
}
2026-09-29 03:24:11 [page:Error] 2026-09-29 03:24:11.650  ERROR  osc/shadowplayService- "ERROR, Coplay Enabled request failed: " {
  "data": null,
  "status": -1,
  "config": {
    "method": "GET",
    "transformRequest": [
      null
    ],
    "transformResponse": [
      null,
      null
    ],
    "headers": {
      "X_LOCAL_SECURITY_COOKIE": "",
      "Accept": "application/json, text/plain, */*"
    },
    "url": "http://localhost:59001/ShadowPlay/v.1.0/CoPlay/Enable",
    "params": {},
    "retriesRemaining": 0,
    "timeout": {}
  },
  "statusText": ""
}
2026-09-29 03:24:11 [page:Error] 2026-09-29 03:24:11.650  ERROR  osc/shadowplayService- "ERROR, Coplay Enabled request failed: " {
  "data": null,
  "status": -1,
  "config": {
    "method": "GET",
    "transformRequest": [
      null
    ],
    "transformResponse": [
      null,
      null
    ],
    "headers": {
      "X_LOCAL_SECURITY_COOKIE": "",
      "Accept": "application/json, text/plain, */*"
    },
    "url": "http://localhost:59001/ShadowPlay/v.1.0/CoPlay/Enable",
    "params": {},
    "retriesRemaining": 0,
    "timeout": {}
  },
  "statusText": ""
}
2026-09-29 03:24:11 [page:Error] 2026-09-29 03:24:11.651  ERROR  osc/shadowplayService- "ERROR, Coplay Enabled request failed: " {
  "data": null,
  "status": -1,
  "config": {
    "method": "GET",
    "transformRequest": [
      null
    ],
    "transformResponse": [
      null,
      null
    ],
    "headers": {
      "X_LOCAL_SECURITY_COOKIE": "",
      "Accept": "application/json, text/plain, */*"
    },
    "url": "http://localhost:59001/ShadowPlay/v.1.0/CoPlay/Enable",
    "params": {},
    "retriesRemaining": 0,
    "timeout": {}
  },
  "statusText": ""
}
2026-09-29 03:24:11 [page:Error] 2026-09-29 03:24:11.651  ERROR  osc/shadowplayService- "ERROR, Coplay Enabled request failed: " {
  "data": null,
  "status": -1,
  "config": {
    "method": "GET",
    "transformRequest": [
      null
    ],
    "transformResponse": [
      null,
      null
    ],
    "headers": {
      "X_LOCAL_SECURITY_COOKIE": "",
      "Accept": "application/json, text/plain, */*"
    },
    "url": "http://localhost:59001/ShadowPlay/v.1.0/CoPlay/Enable",
    "params": {},
    "retriesRemaining": 0,
    "timeout": {}
  },
  "statusText": ""
}
2026-09-29 03:24:11 [page:Error] 2026-09-29 03:24:11.652  ERROR  osc/shadowplayService- "ERROR, Coplay Enabled request failed: " {
  "data": null,
  "status": -1,
  "config": {
    "method": "GET",
    "transformRequest": [
      null
    ],
    "transformResponse": [
      null,
      null
    ],
    "headers": {
      "X_LOCAL_SECURITY_COOKIE": "",
      "Accept": "application/json, text/plain, */*"
    },
    "url": "http://localhost:59001/ShadowPlay/v.1.0/CoPlay/Enable",
    "params": {},
    "retriesRemaining": 0,
    "timeout": {}
  },
  "statusText": ""
}
2026-09-29 03:24:11 [page:Error] 2026-09-29 03:24:11.652  ERROR  osc/shadowplayService- "ERROR, Coplay Enabled request failed: " {
  "data": null,
  "status": -1,
  "config": {
    "method": "GET",
    "transformRequest": [
      null
    ],
    "transformResponse": [
      null,
      null
    ],
    "headers": {
      "X_LOCAL_SECURITY_COOKIE": "",
      "Accept": "application/json, text/plain, */*"
    },
    "url": "http://localhost:59001/ShadowPlay/v.1.0/CoPlay/Enable",
    "params": {},
    "retriesRemaining": 0,
    "timeout": {}
  },
  "statusText": ""
}
2026-09-29 03:24:11 [page:Error] 2026-09-29 03:24:11.653  ERROR  osc/shadowplayService- "ERROR, Coplay Enabled request failed: " {
  "data": null,
  "status": -1,
  "config": {
    "method": "GET",
    "transformRequest": [
      null
    ],
    "transformResponse": [
      null,
      null
    ],
    "headers": {
      "X_LOCAL_SECURITY_COOKIE": "",
      "Accept": "application/json, text/plain, */*"
    },
    "url": "http://localhost:59001/ShadowPlay/v.1.0/CoPlay/Enable",
    "params": {},
    "retriesRemaining": 0,
    "timeout": {}
  },
  "statusText": ""
}
2026-09-29 03:24:11 [page:Error] 2026-09-29 03:24:11.654  ERROR  osc/shadowplayService- "ERROR, Coplay Enabled request failed: " {
  "data": null,
  "status": -1,
  "config": {
    "method": "GET",
    "transformRequest": [
      null
    ],
    "transformResponse": [
      null,
      null
    ],
    "headers": {
      "X_LOCAL_SECURITY_COOKIE": "",
      "Accept": "application/json, text/plain, */*"
    },
    "url": "http://localhost:59001/ShadowPlay/v.1.0/CoPlay/Enable",
    "params": {},
    "retriesRemaining": 0,
    "timeout": {}
  },
  "statusText": ""
}
2026-09-29 03:24:11 [page:Error] 2026-09-29 03:24:11.655  ERROR  osc/shadowplayService- "ERROR, Coplay Enabled request failed: " {
  "data": null,
  "status": -1,
  "config": {
    "method": "GET",
    "transformRequest": [
      null
    ],
    "transformResponse": [
      null,
      null
    ],
    "headers": {
      "X_LOCAL_SECURITY_COOKIE": "",
      "Accept": "application/json, text/plain, */*"
    },
    "url": "http://localhost:59001/ShadowPlay/v.1.0/CoPlay/Enable",
    "params": {},
    "retriesRemaining": 0,
    "timeout": {}
  },
  "statusText": ""
}
2026-09-29 03:24:11 [page:Error] 2026-09-29 03:24:11.655  ERROR  osc/shadowplayService- "ERROR, Coplay Enabled request failed: " {
  "data": null,
  "status": -1,
  "config": {
    "method": "GET",
    "transformRequest": [
      null
    ],
    "transformResponse": [
      null,
      null
    ],
    "headers": {
      "X_LOCAL_SECURITY_COOKIE": "",
      "Accept": "application/json, text/plain, */*"
    },
    "url": "http://localhost:59001/ShadowPlay/v.1.0/CoPlay/Enable",
    "params": {},
    "retriesRemaining": 0,
    "timeout": {}
  },
  "statusText": ""
}
2026-09-29 03:24:11 [page:Error] 2026-09-29 03:24:11.655  ERROR  osc/shadowplayService- "ERROR, Coplay Enabled request failed: " {
  "data": null,
  "status": -1,
  "config": {
    "method": "GET",
    "transformRequest": [
      null
    ],
    "transformResponse": [
      null,
      null
    ],
    "headers": {
      "X_LOCAL_SECURITY_COOKIE": "",
      "Accept": "application/json, text/plain, */*"
    },
    "url": "http://localhost:59001/ShadowPlay/v.1.0/CoPlay/Enable",
    "params": {},
    "retriesRemaining": 0,
    "timeout": {}
  },
  "statusText": ""
}
2026-09-29 03:24:11 [page:Error] 2026-09-29 03:24:11.656  ERROR  osc/shadowplayService- "ERROR, Coplay Enabled request failed: " {
  "data": null,
  "status": -1,
  "config": {
    "method": "GET",
    "transformRequest": [
      null
    ],
    "transformResponse": [
      null,
      null
    ],
    "headers": {
      "X_LOCAL_SECURITY_COOKIE": "",
      "Accept": "application/json, text/plain, */*"
    },
    "url": "http://localhost:59001/ShadowPlay/v.1.0/CoPlay/Enable",
    "params": {},
    "retriesRemaining": 0,
    "timeout": {}
  },
  "statusText": ""
}
2026-09-29 03:24:11 [page:Error] 2026-09-29 03:24:11.656  ERROR  osc/shadowplayService- "ERROR, Coplay Enabled request failed: " {
  "data": null,
  "status": -1,
  "config": {
    "method": "GET",
    "transformRequest": [
      null
    ],
    "transformResponse": [
      null,
      null
    ],
    "headers": {
      "X_LOCAL_SECURITY_COOKIE": "",
      "Accept": "application/json, text/plain, */*"
    },
    "url": "http://localhost:59001/ShadowPlay/v.1.0/CoPlay/Enable",
    "params": {},
    "retriesRemaining": 0,
    "timeout": {}
  },
  "statusText": ""
}
2026-09-29 03:24:11 [page:Error] 2026-09-29 03:24:11.656  ERROR  osc/shadowplayService- "ERROR, Coplay Enabled request failed: " {
  "data": null,
  "status": -1,
  "config": {
    "method": "GET",
    "transformRequest": [
      null
    ],
    "transformResponse": [
      null,
      null
    ],
    "headers": {
      "X_LOCAL_SECURITY_COOKIE": "",
      "Accept": "application/json, text/plain, */*"
    },
    "url": "http://localhost:59001/ShadowPlay/v.1.0/CoPlay/Enable",
    "params": {},
    "retriesRemaining": 0,
    "timeout": {}
  },
  "statusText": ""
}
2026-09-29 03:24:11 [page:Error] 2026-09-29 03:24:11.656  ERROR  osc/shadowplayService- "ERROR, Coplay Enabled request failed: " {
  "data": null,
  "status": -1,
  "config": {
    "method": "GET",
    "transformRequest": [
      null
    ],
    "transformResponse": [
      null,
      null
    ],
    "headers": {
      "X_LOCAL_SECURITY_COOKIE": "",
      "Accept": "application/json, text/plain, */*"
    },
    "url": "http://localhost:59001/ShadowPlay/v.1.0/CoPlay/Enable",
    "params": {},
    "retriesRemaining": 0,
    "timeout": {}
  },
  "statusText": ""
}
2026-09-29 03:24:11 [page:Error] 2026-09-29 03:24:11.658  ERROR  osc/shadowplayService- "ERROR, Coplay Enabled request failed: " {
  "data": null,
  "status": -1,
  "config": {
    "method": "GET",
    "transformRequest": [
      null
    ],
    "transformResponse": [
      null,
      null
    ],
    "headers": {
      "X_LOCAL_SECURITY_COOKIE": "",
      "Accept": "application/json, text/plain, */*"
    },
    "url": "http://localhost:59001/ShadowPlay/v.1.0/CoPlay/Enable",
    "params": {},
    "retriesRemaining": 0,
    "timeout": {}
  },
  "statusText": ""
}
2026-09-29 03:24:11 [page:Error] 2026-09-29 03:24:11.659  ERROR  osc/shadowplayService- "ERROR, Coplay Enabled request failed: " {
  "data": null,
  "status": -1,
  "config": {
    "method": "GET",
    "transformRequest": [
      null
    ],
    "transformResponse": [
      null,
      null
    ],
    "headers": {
      "X_LOCAL_SECURITY_COOKIE": "",
      "Accept": "application/json, text/plain, */*"
    },
    "url": "http://localhost:59001/ShadowPlay/v.1.0/CoPlay/Enable",
    "params": {},
    "retriesRemaining": 0,
    "timeout": {}
  },
  "statusText": ""
}
2026-09-29 03:24:11 [page:Error] 2026-09-29 03:24:11.662  ERROR  osc/shadowplayService- "ERROR, Coplay Enabled request failed: " {
  "data": null,
  "status": -1,
  "config": {
    "method": "GET",
    "transformRequest": [
      null
    ],
    "transformResponse": [
      null,
      null
    ],
    "headers": {
      "X_LOCAL_SECURITY_COOKIE": "",
      "Accept": "application/json, text/plain, */*"
    },
    "url": "http://localhost:59001/ShadowPlay/v.1.0/CoPlay/Enable",
    "params": {},
    "retriesRemaining": 0,
    "timeout": {}
  },
  "statusText": ""
}
2026-09-29 03:24:11 [window] HIDE (+close event fired)
2026-09-29 03:24:11 [page:Error] 2026-09-29 03:24:11.662  ERROR  osc/shadowplayService- "ERROR, Coplay Enabled request failed: " {
  "data": null,
  "status": -1,
  "config": {
    "method": "GET",
    "transformRequest": [
      null
    ],
    "transformResponse": [
      null,
      null
    ],
    "headers": {
      "X_LOCAL_SECURITY_COOKIE": "",
      "Accept": "application/json, text/plain, */*"
    },
    "url": "http://localhost:59001/ShadowPlay/v.1.0/CoPlay/Enable",
    "params": {},
    "retriesRemaining": 0,
    "timeout": {}
  },
  "statusText": ""
}
2026-09-29 03:24:11 [page:Error] 2026-09-29 03:24:11.665  ERROR  osc/shadowplayService- "ERROR, Coplay Enabled request failed: " {
  "data": null,
  "status": -1,
  "config": {
    "method": "GET",
    "transformRequest": [
      null
    ],
    "transformResponse": [
      null,
      null
    ],
    "headers": {
      "X_LOCAL_SECURITY_COOKIE": "",
      "Accept": "application/json, text/plain, */*"
    },
    "url": "http://localhost:59001/ShadowPlay/v.1.0/CoPlay/Enable",
    "params": {},
    "retriesRemaining": 0,
    "timeout": {}
  },
  "statusText": ""
}
2026-09-29 03:24:11 [page:Error] 2026-09-29 03:24:11.666  ERROR  osc/shadowplayService- "ERROR, Coplay Enabled request failed: " {
  "data": null,
  "status": -1,
  "config": {
    "method": "GET",
    "transformRequest": [
      null
    ],
    "transformResponse": [
      null,
      null
    ],
    "headers": {
      "X_LOCAL_SECURITY_COOKIE": "",
      "Accept": "application/json, text/plain, */*"
    },
    "url": "http://localhost:59001/ShadowPlay/v.1.0/CoPlay/Enable",
    "params": {},
    "retriesRemaining": 0,
    "timeout": {}
  },
  "statusText": ""
}
2026-09-29 03:24:11 [page:Error] 2026-09-29 03:24:11.706  ERROR  osc/shadowplayService- "ERROR, Coplay Enabled request failed: " {
  "data": null,
  "status": -1,
  "config": {
    "method": "GET",
    "transformRequest": [
      null
    ],
    "transformResponse": [
      null,
      null
    ],
    "headers": {
      "X_LOCAL_SECURITY_COOKIE": "",
      "Accept": "application/json, text/plain, */*"
    },
    "url": "http://localhost:59001/ShadowPlay/v.1.0/CoPlay/Enable",
    "params": {},
    "retriesRemaining": 0,
    "timeout": {}
  },
  "statusText": ""
}
2026-09-29 03:24:11 [page:Error] 2026-09-29 03:24:11.709  ERROR  osc/shadowplayService- "ERROR, Coplay Enabled request failed: " {
  "data": null,
  "status": -1,
  "config": {
    "method": "GET",
    "transformRequest": [
      null
    ],
    "transformResponse": [
      null,
      null
    ],
    "headers": {
      "X_LOCAL_SECURITY_COOKIE": "",
      "Accept": "application/json, text/plain, */*"
    },
    "url": "http://localhost:59001/ShadowPlay/v.1.0/CoPlay/Enable",
    "params": {},
    "retriesRemaining": 0,
    "timeout": {}
  },
  "statusText": ""
}
2026-09-29 03:24:11 [page:Error] 2026-09-29 03:24:11.710  ERROR  osc/shadowplayService- "ERROR, Coplay Enabled request failed: " {
  "data": null,
  "status": -1,
  "config": {
    "method": "GET",
    "transformRequest": [
      null
    ],
    "transformResponse": [
      null,
      null
    ],
    "headers": {
      "X_LOCAL_SECURITY_COOKIE": "",
      "Accept": "application/json, text/plain, */*"
    },
    "url": "http://localhost:59001/ShadowPlay/v.1.0/CoPlay/Enable",
    "params": {},
    "retriesRemaining": 0,
    "timeout": {}
  },
  "statusText": ""
}
2026-09-29 03:24:11 [page:Error] 2026-09-29 03:24:11.711  ERROR  osc/shadowplayService- "ERROR, Coplay Enabled request failed: " {
  "data": null,
  "status": -1,
  "config": {
    "method": "GET",
    "transformRequest": [
      null
    ],
    "transformResponse": [
      null,
      null
    ],
    "headers": {
      "X_LOCAL_SECURITY_COOKIE": "",
      "Accept": "application/json, text/plain, */*"
    },
    "url": "http://localhost:59001/ShadowPlay/v.1.0/CoPlay/Enable",
    "params": {},
    "retriesRemaining": 0,
    "timeout": {}
  },
  "statusText": ""
}
2026-09-29 03:24:11 [page:Error] 2026-09-29 03:24:11.712  ERROR  osc/shadowplayService- "ERROR, Coplay Enabled request failed: " {
  "data": null,
  "status": -1,
  "config": {
    "method": "GET",
    "transformRequest": [
      null
    ],
    "transformResponse": [
      null,
      null
    ],
    "headers": {
      "X_LOCAL_SECURITY_COOKIE": "",
      "Accept": "application/json, text/plain, */*"
    },
    "url": "http://localhost:59001/ShadowPlay/v.1.0/CoPlay/Enable",
    "params": {},
    "retriesRemaining": 0,
    "timeout": {}
  },
  "statusText": ""
}
2026-09-29 03:24:11 [page:Error] 2026-09-29 03:24:11.713  ERROR  osc/shadowplayService- "ERROR, Coplay Enabled request failed: " {
  "data": null,
  "status": -1,
  "config": {
    "method": "GET",
    "transformRequest": [
      null
    ],
    "transformResponse": [
      null,
      null
    ],
    "headers": {
      "X_LOCAL_SECURITY_COOKIE": "",
      "Accept": "application/json, text/plain, */*"
    },
    "url": "http://localhost:59001/ShadowPlay/v.1.0/CoPlay/Enable",
    "params": {},
    "retriesRemaining": 0,
    "timeout": {}
  },
  "statusText": ""
}
2026-09-29 03:24:11 [page:Error] 2026-09-29 03:24:11.713  ERROR  osc/shadowplayService- "ERROR, Coplay Enabled request failed: " {
  "data": null,
  "status": -1,
  "config": {
    "method": "GET",
    "transformRequest": [
      null
    ],
    "transformResponse": [
      null,
      null
    ],
    "headers": {
      "X_LOCAL_SECURITY_COOKIE": "",
      "Accept": "application/json, text/plain, */*"
    },
    "url": "http://localhost:59001/ShadowPlay/v.1.0/CoPlay/Enable",
    "params": {},
    "retriesRemaining": 0,
    "timeout": {}
  },
  "statusText": ""
}
2026-09-29 03:24:11 [page:Error] 2026-09-29 03:24:11.714  ERROR  osc/shadowplayService- "ERROR, Coplay Enabled request failed: " {
  "data": null,
  "status": -1,
  "config": {
    "method": "GET",
    "transformRequest": [
      null
    ],
    "transformResponse": [
      null,
      null
    ],
    "headers": {
      "X_LOCAL_SECURITY_COOKIE": "",
      "Accept": "application/json, text/plain, */*"
    },
    "url": "http://localhost:59001/ShadowPlay/v.1.0/CoPlay/Enable",
    "params": {},
    "retriesRemaining": 0,
    "timeout": {}
  },
  "statusText": ""
}
2026-09-29 03:24:11 [page:Error] 2026-09-29 03:24:11.714  ERROR  osc/shadowplayService- "ERROR, Coplay Enabled request failed: " {
  "data": null,
  "status": -1,
  "config": {
    "method": "GET",
    "transformRequest": [
      null
    ],
    "transformResponse": [
      null,
      null
    ],
    "headers": {
      "X_LOCAL_SECURITY_COOKIE": "",
      "Accept": "application/json, text/plain, */*"
    },
    "url": "http://localhost:59001/ShadowPlay/v.1.0/CoPlay/Enable",
    "params": {},
    "retriesRemaining": 0,
    "timeout": {}
  },
  "statusText": ""
}
2026-09-29 03:24:11 [page:Error] 2026-09-29 03:24:11.715  ERROR  osc/shadowplayService- "ERROR, Coplay Enabled request failed: " {
  "data": null,
  "status": -1,
  "config": {
    "method": "GET",
    "transformRequest": [
      null
    ],
    "transformResponse": [
      null,
      null
    ],
    "headers": {
      "X_LOCAL_SECURITY_COOKIE": "",
      "Accept": "application/json, text/plain, */*"
    },
    "url": "http://localhost:59001/ShadowPlay/v.1.0/CoPlay/Enable",
    "params": {},
    "retriesRemaining": 0,
    "timeout": {}
  },
  "statusText": ""
}
2026-09-29 03:24:11 [page:Error] 2026-09-29 03:24:11.715  ERROR  osc/shadowplayService- "ERROR, Coplay Enabled request failed: " {
  "data": null,
  "status": -1,
  "config": {
    "method": "GET",
    "transformRequest": [
      null
    ],
    "transformResponse": [
      null,
      null
    ],
    "headers": {
      "X_LOCAL_SECURITY_COOKIE": "",
      "Accept": "application/json, text/plain, */*"
    },
    "url": "http://localhost:59001/ShadowPlay/v.1.0/CoPlay/Enable",
    "params": {},
    "retriesRemaining": 0,
    "timeout": {}
  },
  "statusText": ""
}
2026-09-29 03:24:11 [page:Error] 2026-09-29 03:24:11.715  ERROR  osc/shadowplayService- "ERROR, Coplay Enabled request failed: " {
  "data": null,
  "status": -1,
  "config": {
    "method": "GET",
    "transformRequest": [
      null
    ],
    "transformResponse": [
      null,
      null
    ],
    "headers": {
      "X_LOCAL_SECURITY_COOKIE": "",
      "Accept": "application/json, text/plain, */*"
    },
    "url": "http://localhost:59001/ShadowPlay/v.1.0/CoPlay/Enable",
    "params": {},
    "retriesRemaining": 0,
    "timeout": {}
  },
  "statusText": ""
}
2026-09-29 03:24:11 [page:Error] 2026-09-29 03:24:11.716  ERROR  osc/shadowplayService- "ERROR, Coplay Enabled request failed: " {
  "data": null,
  "status": -1,
  "config": {
    "method": "GET",
    "transformRequest": [
      null
    ],
    "transformResponse": [
      null,
      null
    ],
    "headers": {
      "X_LOCAL_SECURITY_COOKIE": "",
      "Accept": "application/json, text/plain, */*"
    },
    "url": "http://localhost:59001/ShadowPlay/v.1.0/CoPlay/Enable",
    "params": {},
    "retriesRemaining": 0,
    "timeout": {}
  },
  "statusText": ""
}
2026-09-29 03:24:11 [page:Error] 2026-09-29 03:24:11.716  ERROR  osc/shadowplayService- "ERROR, Coplay Enabled request failed: " {
  "data": null,
  "status": -1,
  "config": {
    "method": "GET",
    "transformRequest": [
      null
    ],
    "transformResponse": [
      null,
      null
    ],
    "headers": {
      "X_LOCAL_SECURITY_COOKIE": "",
      "Accept": "application/json, text/plain, */*"
    },
    "url": "http://localhost:59001/ShadowPlay/v.1.0/CoPlay/Enable",
    "params": {},
    "retriesRemaining": 0,
    "timeout": {}
  },
  "statusText": ""
}
2026-09-29 03:24:11 [page:Error] 2026-09-29 03:24:11.717  ERROR  osc/shadowplayService- "ERROR, Coplay Enabled request failed: " {
  "data": null,
  "status": -1,
  "config": {
    "method": "GET",
    "transformRequest": [
      null
    ],
    "transformResponse": [
      null,
      null
    ],
    "headers": {
      "X_LOCAL_SECURITY_COOKIE": "",
      "Accept": "application/json, text/plain, */*"
    },
    "url": "http://localhost:59001/ShadowPlay/v.1.0/CoPlay/Enable",
    "params": {},
    "retriesRemaining": 0,
    "timeout": {}
  },
  "statusText": ""
}
2026-09-29 03:24:11 [page:Error] 2026-09-29 03:24:11.717  ERROR  osc/shadowplayService- "ERROR, Coplay Enabled request failed: " {
  "data": null,
  "status": -1,
  "config": {
    "method": "GET",
    "transformRequest": [
      null
    ],
    "transformResponse": [
      null,
      null
    ],
    "headers": {
      "X_LOCAL_SECURITY_COOKIE": "",
      "Accept": "application/json, text/plain, */*"
    },
    "url": "http://localhost:59001/ShadowPlay/v.1.0/CoPlay/Enable",
    "params": {},
    "retriesRemaining": 0,
    "timeout": {}
  },
  "statusText": ""
}
2026-09-29 03:24:11 [page:Error] 2026-09-29 03:24:11.719  ERROR  osc/shadowplayService- "ERROR, Coplay Enabled request failed: " {
  "data": null,
  "status": -1,
  "config": {
    "method": "GET",
    "transformRequest": [
      null
    ],
    "transformResponse": [
      null,
      null
    ],
    "headers": {
      "X_LOCAL_SECURITY_COOKIE": "",
      "Accept": "application/json, text/plain, */*"
    },
    "url": "http://localhost:59001/ShadowPlay/v.1.0/CoPlay/Enable",
    "params": {},
    "retriesRemaining": 0,
    "timeout": {}
  },
  "statusText": ""
}
2026-09-29 03:24:11 [page:Error] 2026-09-29 03:24:11.720  ERROR  osc/shadowplayService- "ERROR, Coplay Enabled request failed: " {
  "data": null,
  "status": -1,
  "config": {
    "method": "GET",
    "transformRequest": [
      null
    ],
    "transformResponse": [
      null,
      null
    ],
    "headers": {
      "X_LOCAL_SECURITY_COOKIE": "",
      "Accept": "application/json, text/plain, */*"
    },
    "url": "http://localhost:59001/ShadowPlay/v.1.0/CoPlay/Enable",
    "params": {},
    "retriesRemaining": 0,
    "timeout": {}
  },
  "statusText": ""
}
2026-09-29 03:24:11 [page:Error] 2026-09-29 03:24:11.720  ERROR  osc/shadowplayService- "ERROR, Coplay Enabled request failed: " {
  "data": null,
  "status": -1,
  "config": {
    "method": "GET",
    "transformRequest": [
      null
    ],
    "transformResponse": [
      null,
      null
    ],
    "headers": {
      "X_LOCAL_SECURITY_COOKIE": "",
      "Accept": "application/json, text/plain, */*"
    },
    "url": "http://localhost:59001/ShadowPlay/v.1.0/CoPlay/Enable",
    "params": {},
    "retriesRemaining": 0,
    "timeout": {}
  },
  "statusText": ""
}
2026-09-29 03:24:11 [cefQuery] QUERY_OSC_SET_PAINTING
2026-09-29 03:24:11 [cefQuery] QUERY_FULLSCREEN_STATE
2026-09-29 03:24:11 [cefQuery] QUERY_OSC_SET_PAINTING
2026-09-29 03:24:11 [window] SHOW
2026-09-29 03:24:11 [cefQuery] QUERY_FULLSCREEN_STATE
2026-09-29 03:24:11 [cefQuery] QUERY_OSC_SET_PAINTING
2026-09-29 03:24:11 [cefQuery] QUERY_OSC_SET_PAINTING
2026-09-29 03:24:11 [window] HIDE (+close event fired)
2026-09-29 03:24:11 [window] HIDE (page requested)
2026-09-29 03:24:11 [page:Error] 2026-09-29 03:24:11.921  ERROR  main.common/telemetryService- "Attempted to end a performance measurement 'CLOSE_OSC' without starting it!"
2026-09-29 03:24:11 [page:Error] 2026-09-29 03:24:11.933  ERROR  osc/shadowplayService- "ERROR, Coplay Enabled request failed: " {
  "data": null,
  "status": -1,
  "config": {
    "method": "POST",
    "transformRequest": [
      null
    ],
    "transformResponse": [
      null,
      null
    ],
    "data": {
      "enable": false
    },
    "headers": {
      "X_LOCAL_SECURITY_COOKIE": "",
      "Accept": "application/json, text/plain, */*",
      "Content-Type": "application/json;charset=utf-8"
    },
    "url": "http://localhost:59001/ShadowPlay/v.1.0/CoPlay/Enable",
    "params": {},
    "retriesRemaining": 0,
    "timeout": {}
  },
  "statusText": ""
}
2026-09-29 03:24:11 [page:Error] 2026-09-29 03:24:11.934  ERROR  osc/shadowplayService- "ERROR, problem getting partial MainView data: " {
  "data": null,
  "status": -1,
  "config": {
    "method": "POST",
    "transformRequest": [
      null
    ],
    "transformResponse": [
      null,
      null
    ],
    "data": {
      "fetchPartial": true
    },
    "headers": {
      "X_LOCAL_SECURITY_COOKIE": "",
      "Accept": "application/json, text/plain, */*",
      "Content-Type": "application/json;charset=utf-8"
    },
    "url": "http://localhost:59001/ShadowPlay/v.1.0/OSC/MainView",
    "params": {},
    "retriesRemaining": 0,
    "timeout": {}
  },
  "statusText": ""
}
2026-09-29 03:24:11 [cefQuery] QUERY_FULLSCREEN_STATE
2026-09-29 03:24:11 [cefQuery] QUERY_OSC_SET_PAINTING
2026-09-29 03:24:11 [cefQuery] QUERY_OSC_SET_PAINTING
2026-09-29 03:24:11 [page:Error] 2026-09-29 03:24:11.974  ERROR  osc/shadowplayService- "ERROR, Coplay Enabled request failed: " {
  "data": null,
  "status": -1,
  "config": {
    "method": "GET",
    "transformRequest": [
      null
    ],
    "transformResponse": [
      null,
      null
    ],
    "headers": {
      "X_LOCAL_SECURITY_COOKIE": "",
      "Accept": "application/json, text/plain, */*"
    },
    "url": "http://localhost:59001/ShadowPlay/v.1.0/CoPlay/Enable",
    "params": {},
    "retriesRemaining": 0,
    "timeout": {}
  },
  "statusText": ""
}
2026-09-29 03:24:11 [page:Error] 2026-09-29 03:24:11.974  ERROR  osc/shadowplayService- "ERROR, Coplay Enabled request failed: " {
  "data": null,
  "status": -1,
  "config": {
    "method": "GET",
    "transformRequest": [
      null
    ],
    "transformResponse": [
      null,
      null
    ],
    "headers": {
      "X_LOCAL_SECURITY_COOKIE": "",
      "Accept": "application/json, text/plain, */*"
    },
    "url": "http://localhost:59001/ShadowPlay/v.1.0/CoPlay/Enable",
    "params": {},
    "retriesRemaining": 0,
    "timeout": {}
  },
  "statusText": ""
}
2026-09-29 03:24:11 [page:Error] 2026-09-29 03:24:11.975  ERROR  osc/shadowplayService- "ERROR, Coplay Enabled request failed: " {
  "data": null,
  "status": -1,
  "config": {
    "method": "GET",
    "transformRequest": [
      null
    ],
    "transformResponse": [
      null,
      null
    ],
    "headers": {
      "X_LOCAL_SECURITY_COOKIE": "",
      "Accept": "application/json, text/plain, */*"
    },
    "url": "http://localhost:59001/ShadowPlay/v.1.0/CoPlay/Enable",
    "params": {},
    "retriesRemaining": 0,
    "timeout": {}
  },
  "statusText": ""
}
2026-09-29 03:24:11 [page:Error] 2026-09-29 03:24:11.976  ERROR  osc/shadowplayService- "ERROR, Coplay Enabled request failed: " {
  "data": null,
  "status": -1,
  "config": {
    "method": "GET",
    "transformRequest": [
      null
    ],
    "transformResponse": [
      null,
      null
    ],
    "headers": {
      "X_LOCAL_SECURITY_COOKIE": "",
      "Accept": "application/json, text/plain, */*"
    },
    "url": "http://localhost:59001/ShadowPlay/v.1.0/CoPlay/Enable",
    "params": {},
    "retriesRemaining": 0,
    "timeout": {}
  },
  "statusText": ""
}
2026-09-29 03:24:11 [page:Error] 2026-09-29 03:24:11.976  ERROR  osc/shadowplayService- "ERROR, Coplay Enabled request failed: " {
  "data": null,
  "status": -1,
  "config": {
    "method": "GET",
    "transformRequest": [
      null
    ],
    "transformResponse": [
      null,
      null
    ],
    "headers": {
      "X_LOCAL_SECURITY_COOKIE": "",
      "Accept": "application/json, text/plain, */*"
    },
    "url": "http://localhost:59001/ShadowPlay/v.1.0/CoPlay/Enable",
    "params": {},
    "retriesRemaining": 0,
    "timeout": {}
  },
  "statusText": ""
}
2026-09-29 03:24:11 [page:Error] 2026-09-29 03:24:11.977  ERROR  osc/shadowplayService- "ERROR, Coplay Enabled request failed: " {
  "data": null,
  "status": -1,
  "config": {
    "method": "GET",
    "transformRequest": [
      null
    ],
    "transformResponse": [
      null,
      null
    ],
    "headers": {
      "X_LOCAL_SECURITY_COOKIE": "",
      "Accept": "application/json, text/plain, */*"
    },
    "url": "http://localhost:59001/ShadowPlay/v.1.0/CoPlay/Enable",
    "params": {},
    "retriesRemaining": 0,
    "timeout": {}
  },
  "statusText": ""
}
2026-09-29 03:24:11 [window] SHOW
2026-09-29 03:24:12 [window] HIDE (+close event fired)
2026-09-29 03:24:12 [cefQuery] QUERY_FULLSCREEN_STATE
2026-09-29 03:24:12 [cefQuery] QUERY_OSC_SET_PAINTING
2026-09-29 03:24:12 [window] SHOW
2026-09-29 03:24:12 [cefQuery] QUERY_OSC_SET_PAINTING
2026-09-29 03:24:12 [window] HIDE (+close event fired)
2026-09-29 03:24:12 [cefQuery] QUERY_FULLSCREEN_STATE
2026-09-29 03:24:12 [cefQuery] QUERY_OSC_SET_PAINTING
2026-09-29 03:24:12 [cefQuery] QUERY_OSC_SET_PAINTING
2026-09-29 03:24:12 [window] SHOW
2026-09-29 03:24:12 [cefQuery] QUERY_FULLSCREEN_STATE
2026-09-29 03:24:12 [cefQuery] QUERY_OSC_SET_PAINTING
2026-09-29 03:24:12 [cefQuery] QUERY_OSC_SET_PAINTING
2026-09-29 03:24:12 [window] HIDE (+close event fired)
2026-09-29 03:24:12 [cefQuery] QUERY_FULLSCREEN_STATE
2026-09-29 03:24:12 [cefQuery] QUERY_OSC_SET_PAINTING
2026-09-29 03:24:12 [cefQuery] QUERY_OSC_SET_PAINTING
2026-09-29 03:24:12 [window] SHOW
2026-09-29 03:24:12 [window] HIDE (+close event fired)
2026-09-29 03:24:12 [window] HIDE (page requested)
2026-09-29 03:24:12 [cefQuery] QUERY_OSC_SET_PAINTING
2026-09-29 03:24:12 [cefQuery] QUERY_OSC_SET_PAINTING
2026-09-29 03:24:12 [cefQuery] QUERY_FULLSCREEN_STATE
2026-09-29 03:24:12 [cefQuery] QUERY_OSC_SET_PAINTING
2026-09-29 03:24:12 [window] SHOW
2026-09-29 03:24:12 [cefQuery] QUERY_OSC_SET_PAINTING
2026-09-29 03:24:12 [window] HIDE (+close event fired)
2026-09-29 03:24:12 [cefQuery] QUERY_FULLSCREEN_STATE
2026-09-29 03:24:12 [cefQuery] QUERY_OSC_SET_PAINTING
2026-09-29 03:24:12 [cefQuery] QUERY_OSC_SET_PAINTING
2026-09-29 03:24:12 [window] SHOW
2026-09-29 03:24:12 [cefQuery] QUERY_FULLSCREEN_STATE
2026-09-29 03:24:12 [cefQuery] QUERY_OSC_SET_PAINTING
2026-09-29 03:24:12 [cefQuery] QUERY_OSC_SET_PAINTING
2026-09-29 03:24:12 [window] HIDE (+close event fired)
2026-09-29 03:24:12 [cefQuery] QUERY_FULLSCREEN_STATE
2026-09-29 03:24:12 [cefQuery] QUERY_OSC_SET_PAINTING
2026-09-29 03:24:12 [window] SHOW
2026-09-29 03:24:12 [window] HIDE (+close event fired)
2026-09-29 03:24:12 [window] HIDE (page requested)
2026-09-29 03:24:12 [cefQuery] QUERY_FULLSCREEN_STATE
2026-09-29 03:24:12 [cefQuery] QUERY_OSC_SET_PAINTING
2026-09-29 03:24:12 [cefQuery] QUERY_OSC_SET_PAINTING
2026-09-29 03:24:12 [window] SHOW
2026-09-29 03:24:12 [cefQuery] QUERY_FULLSCREEN_STATE
2026-09-29 03:24:12 [cefQuery] QUERY_OSC_SET_PAINTING
2026-09-29 03:24:12 [cefQuery] QUERY_OSC_SET_PAINTING
2026-09-29 03:24:12 [window] HIDE (+close event fired)
2026-09-29 03:24:12 [cefQuery] QUERY_FULLSCREEN_STATE
2026-09-29 03:24:12 [cefQuery] QUERY_OSC_SET_PAINTING
2026-09-29 03:24:13 [cefQuery] QUERY_OSC_SET_PAINTING
2026-09-29 03:24:13 [window] SHOW
2026-09-29 03:24:13 [window] HIDE (+close event fired)
2026-09-29 03:24:13 [window] HIDE (page requested)
2026-09-29 03:24:13 [cefQuery] QUERY_FULLSCREEN_STATE
2026-09-29 03:24:13 [cefQuery] QUERY_OSC_SET_PAINTING
2026-09-29 03:24:13 [cefQuery] QUERY_OSC_SET_PAINTING
2026-09-29 03:24:13 [cefQuery] QUERY_FULLSCREEN_STATE
2026-09-29 03:24:13 [cefQuery] QUERY_OSC_SET_PAINTING
2026-09-29 03:24:13 [cefQuery] QUERY_OSC_SET_PAINTING
2026-09-29 03:24:13 [window] SHOW
2026-09-29 03:24:13 [window] HIDE (+close event fired)
2026-09-29 03:24:13 [cefQuery] QUERY_FULLSCREEN_STATE
2026-09-29 03:24:13 [cefQuery] QUERY_OSC_SET_PAINTING
2026-09-29 03:24:13 [cefQuery] QUERY_OSC_SET_PAINTING
2026-09-29 03:24:13 [cefQuery] QUERY_FULLSCREEN_STATE
2026-09-29 03:24:13 [cefQuery] QUERY_OSC_SET_PAINTING
2026-09-29 03:24:13 [window] SHOW
2026-09-29 03:24:13 [window] HIDE (+close event fired)
2026-09-29 03:24:13 [cefQuery] QUERY_FULLSCREEN_STATE
2026-09-29 03:24:13 [cefQuery] QUERY_OSC_SET_PAINTING
2026-09-29 03:24:13 [window] SHOW
2026-09-29 03:24:13 [cefQuery] QUERY_OSC_SET_PAINTING
2026-09-29 03:24:13 [cefQuery] QUERY_OSC_SET_PAINTING
2026-09-29 03:24:13 [window] HIDE (page requested)
2026-09-29 03:24:13 [cefQuery] QUERY_FULLSCREEN_STATE
2026-09-29 03:24:13 [cefQuery] QUERY_OSC_SET_PAINTING
2026-09-29 03:24:13 [window] SHOW
2026-09-29 03:24:13 [window] HIDE (+close event fired)
2026-09-29 03:24:13 [cefQuery] QUERY_FULLSCREEN_STATE
2026-09-29 03:24:13 [cefQuery] QUERY_OSC_SET_PAINTING
2026-09-29 03:24:13 [cefQuery] QUERY_OSC_SET_PAINTING
2026-09-29 03:24:13 [cefQuery] QUERY_FULLSCREEN_STATE
2026-09-29 03:24:13 [cefQuery] QUERY_OSC_SET_PAINTING
2026-09-29 03:24:13 [cefQuery] QUERY_OSC_SET_PAINTING
2026-09-29 03:24:13 [window] SHOW
2026-09-29 03:24:13 [window] HIDE (+close event fired)
2026-09-29 03:24:13 [cefQuery] QUERY_FULLSCREEN_STATE
2026-09-29 03:24:13 [cefQuery] QUERY_OSC_SET_PAINTING
2026-09-29 03:24:13 [cefQuery] QUERY_OSC_SET_PAINTING
2026-09-29 03:24:13 [window] SHOW
2026-09-29 03:24:13 [window] HIDE (+close event fired)
2026-09-29 03:24:14 [cefQuery] QUERY_FULLSCREEN_STATE
2026-09-29 03:24:14 [cefQuery] QUERY_OSC_SET_PAINTING
2026-09-29 03:24:14 [cefQuery] QUERY_OSC_SET_PAINTING
2026-09-29 03:24:14 [cefQuery] QUERY_OSC_SET_PAINTING
2026-09-29 03:24:14 [window] SHOW
2026-09-29 03:24:14 [cefQuery] QUERY_OSC_SET_PAINTING
2026-09-29 03:24:14 [window] HIDE (page requested)
2026-09-29 03:24:14 [cefQuery] QUERY_FULLSCREEN_STATE
2026-09-29 03:24:14 [cefQuery] QUERY_OSC_SET_PAINTING
2026-09-29 03:24:14 [cefQuery] QUERY_OSC_SET_PAINTING
2026-09-29 03:24:14 [window] SHOW
2026-09-29 03:24:14 [window] HIDE (+close event fired)
2026-09-29 03:24:14 [cefQuery] QUERY_FULLSCREEN_STATE
2026-09-29 03:24:14 [cefQuery] QUERY_OSC_SET_PAINTING
2026-09-29 03:24:14 [cefQuery] QUERY_OSC_SET_PAINTING
2026-09-29 03:24:14 [window] SHOW
2026-09-29 03:24:14 [window] HIDE (page requested)
2026-09-29 03:24:14 [cefQuery] QUERY_FULLSCREEN_STATE
2026-09-29 03:24:14 [cefQuery] QUERY_OSC_SET_PAINTING
2026-09-29 03:24:14 [window] SHOW
2026-09-29 03:24:14 [cefQuery] QUERY_OSC_SET_PAINTING
2026-09-29 03:24:14 [window] HIDE (+close event fired)
2026-09-29 03:24:14 [cefQuery] QUERY_FULLSCREEN_STATE
2026-09-29 03:24:14 [cefQuery] QUERY_OSC_SET_PAINTING
2026-09-29 03:24:14 [cefQuery] QUERY_OSC_SET_PAINTING
2026-09-29 03:24:14 [window] SHOW
2026-09-29 03:24:14 [cefQuery] QUERY_FULLSCREEN_STATE
2026-09-29 03:24:14 [cefQuery] QUERY_OSC_SET_PAINTING
2026-09-29 03:24:14 [cefQuery] QUERY_OSC_SET_PAINTING
2026-09-29 03:24:14 [window] HIDE (+close event fired)
2026-09-29 03:24:14 [cefQuery] QUERY_FULLSCREEN_STATE
2026-09-29 03:24:14 [cefQuery] QUERY_OSC_SET_PAINTING
2026-09-29 03:24:14 [cefQuery] QUERY_OSC_SET_PAINTING
2026-09-29 03:24:14 [window] SHOW
2026-09-29 03:24:14 [window] HIDE (+close event fired)
2026-09-29 03:24:14 [window] HIDE (page requested)
2026-09-29 03:24:14 [cefQuery] QUERY_FULLSCREEN_STATE
2026-09-29 03:24:14 [cefQuery] QUERY_OSC_SET_PAINTING
2026-09-29 03:24:14 [cefQuery] QUERY_OSC_SET_PAINTING
2026-09-29 03:24:14 [window] SHOW
2026-09-29 03:24:14 [cefQuery] QUERY_FULLSCREEN_STATE
2026-09-29 03:24:14 [cefQuery] QUERY_OSC_SET_PAINTING
2026-09-29 03:24:14 [window] HIDE (+close event fired)
2026-09-29 03:24:14 [cefQuery] QUERY_OSC_SET_PAINTING
2026-09-29 03:24:14 [cefQuery] QUERY_FULLSCREEN_STATE
2026-09-29 03:24:14 [cefQuery] QUERY_OSC_SET_PAINTING
2026-09-29 03:24:14 [cefQuery] QUERY_OSC_SET_PAINTING
2026-09-29 03:24:15 [window] HIDE (+close event fired)
2026-09-29 03:24:15 [cefQuery] QUERY_FULLSCREEN_STATE
2026-09-29 03:24:15 [cefQuery] QUERY_OSC_SET_PAINTING
2026-09-29 03:24:15 [window] SHOW
2026-09-29 03:24:15 [cefQuery] QUERY_FULLSCREEN_STATE
2026-09-29 03:24:15 [cefQuery] QUERY_OSC_SET_PAINTING
2026-09-29 03:24:15 [window] SHOW
2026-09-29 03:24:15 [window] HIDE (page requested)
2026-09-29 03:24:15 [cefQuery] QUERY_OSC_SET_PAINTING
2026-09-29 03:24:15 [cefQuery] QUERY_OSC_SET_PAINTING
2026-09-29 03:24:15 [cefQuery] QUERY_FULLSCREEN_STATE
2026-09-29 03:24:15 [window] SHOW
2026-09-29 03:24:15 [cefQuery] QUERY_FULLSCREEN_STATE
2026-09-29 03:24:15 [cefQuery] QUERY_OSC_SET_PAINTING
2026-09-29 03:24:15 [window] HIDE (+close event fired)
2026-09-29 03:24:15 [cefQuery] QUERY_FULLSCREEN_STATE
2026-09-29 03:24:15 [cefQuery] QUERY_OSC_SET_PAINTING
2026-09-29 03:24:15 [cefQuery] QUERY_OSC_SET_PAINTING
2026-09-29 03:24:15 [window] SHOW
2026-09-29 03:24:15 [cefQuery] QUERY_FULLSCREEN_STATE
2026-09-29 03:24:15 [cefQuery] QUERY_OSC_SET_PAINTING
2026-09-29 03:24:15 [cefQuery] QUERY_OSC_SET_PAINTING
2026-09-29 03:24:15 [window] HIDE (+close event fired)
2026-09-29 03:24:15 [cefQuery] QUERY_FULLSCREEN_STATE
2026-09-29 03:24:15 [cefQuery] QUERY_OSC_SET_PAINTING
2026-09-29 03:24:15 [cefQuery] QUERY_FULLSCREEN_STATE
2026-09-29 03:24:15 [window] SHOW
2026-09-29 03:24:15 [cefQuery] QUERY_OSC_SET_PAINTING
2026-09-29 03:24:15 [cefQuery] QUERY_OSC_SET_PAINTING
2026-09-29 03:24:15 [window] HIDE (+close event fired)
2026-09-29 03:24:15 [cefQuery] QUERY_FULLSCREEN_STATE
2026-09-29 03:24:15 [cefQuery] QUERY_OSC_SET_PAINTING
2026-09-29 03:24:15 [cefQuery] QUERY_OSC_SET_PAINTING
2026-09-29 03:24:15 [cefQuery] QUERY_FULLSCREEN_STATE
2026-09-29 03:24:15 [cefQuery] QUERY_OSC_SET_PAINTING
2026-09-29 03:24:15 [cefQuery] QUERY_OSC_SET_PAINTING
2026-09-29 03:24:15 [window] SHOW
2026-09-29 03:24:15 [cefQuery] QUERY_FULLSCREEN_STATE
2026-09-29 03:24:15 [cefQuery] QUERY_OSC_SET_PAINTING
2026-09-29 03:24:15 [cefQuery] QUERY_OSC_SET_PAINTING
2026-09-29 03:24:15 [window] HIDE (page requested)
2026-09-29 03:24:15 [window] HIDE (page requested)
2026-09-29 03:24:15 [cefQuery] QUERY_FULLSCREEN_STATE
2026-09-29 03:24:15 [cefQuery] QUERY_OSC_SET_PAINTING
2026-09-29 03:24:15 [cefQuery] QUERY_OSC_SET_PAINTING
2026-09-29 03:24:16 [cefQuery] QUERY_FULLSCREEN_STATE
2026-09-29 03:24:16 [cefQuery] QUERY_OSC_SET_PAINTING
2026-09-29 03:24:16 [cefQuery] QUERY_OSC_SET_PAINTING
2026-09-29 03:24:16 [window] SHOW
2026-09-29 03:24:16 [cefQuery] QUERY_FULLSCREEN_STATE
2026-09-29 03:24:16 [cefQuery] QUERY_OSC_SET_PAINTING
2026-09-29 03:24:16 [window] HIDE (+close event fired)
2026-09-29 03:24:16 [cefQuery] QUERY_FULLSCREEN_STATE
2026-09-29 03:24:16 [cefQuery] QUERY_OSC_SET_PAINTING
2026-09-29 03:24:16 [cefQuery] QUERY_OSC_SET_PAINTING
2026-09-29 03:24:16 [cefQuery] QUERY_FULLSCREEN_STATE
2026-09-29 03:24:16 [cefQuery] QUERY_OSC_SET_PAINTING
2026-09-29 03:24:16 [cefQuery] QUERY_OSC_SET_PAINTING
2026-09-29 03:24:16 [window] SHOW
2026-09-29 03:24:16 [window] HIDE (+close event fired)
2026-09-29 03:24:16 [cefQuery] QUERY_FULLSCREEN_STATE
2026-09-29 03:24:16 [cefQuery] QUERY_OSC_SET_PAINTING
2026-09-29 03:24:16 [cefQuery] QUERY_OSC_SET_PAINTING
2026-09-29 03:24:16 [cefQuery] QUERY_FULLSCREEN_STATE
2026-09-29 03:24:16 [cefQuery] QUERY_OSC_SET_PAINTING
2026-09-29 03:24:16 [cefQuery] QUERY_OSC_SET_PAINTING
2026-09-29 03:24:16 [window] SHOW
2026-09-29 03:24:16 [cefQuery] QUERY_OSC_SET_PAINTING
2026-09-29 03:24:16 [cefQuery] QUERY_OSC_SET_PAINTING
2026-09-29 03:24:16 [window] HIDE (+close event fired)
2026-09-29 03:24:16 [cefQuery] QUERY_FULLSCREEN_STATE
2026-09-29 03:24:16 [cefQuery] QUERY_OSC_SET_PAINTING
2026-09-29 03:24:16 [cefQuery] QUERY_OSC_SET_PAINTING
2026-09-29 03:24:16 [window] SHOW
2026-09-29 03:24:16 [cefQuery] QUERY_FULLSCREEN_STATE
2026-09-29 03:24:16 [cefQuery] QUERY_OSC_SET_PAINTING
2026-09-29 03:24:16 [cefQuery] QUERY_OSC_SET_PAINTING
2026-09-29 03:24:16 [window] HIDE (+close event fired)
2026-09-29 03:24:16 [window] HIDE (page requested)
2026-09-29 03:24:16 [cefQuery] QUERY_FULLSCREEN_STATE
2026-09-29 03:24:16 [cefQuery] QUERY_OSC_SET_PAINTING
2026-09-29 03:24:16 [cefQuery] QUERY_OSC_SET_PAINTING
2026-09-29 03:24:16 [cefQuery] QUERY_FULLSCREEN_STATE
2026-09-29 03:24:16 [cefQuery] QUERY_OSC_SET_PAINTING
2026-09-29 03:24:16 [cefQuery] QUERY_OSC_SET_PAINTING
2026-09-29 03:24:16 [window] SHOW
2026-09-29 03:24:16 [cefQuery] QUERY_FULLSCREEN_STATE
2026-09-29 03:24:16 [cefQuery] QUERY_OSC_SET_PAINTING
2026-09-29 03:24:16 [cefQuery] QUERY_OSC_SET_PAINTING
2026-09-29 03:24:16 [window] HIDE (+close event fired)
2026-09-29 03:24:16 [cefQuery] QUERY_FULLSCREEN_STATE
2026-09-29 03:24:16 [cefQuery] QUERY_OSC_SET_PAINTING
2026-09-29 03:24:16 [cefQuery] QUERY_OSC_SET_PAINTING
2026-09-29 03:24:16 [window] SHOW
2026-09-29 03:24:16 [cefQuery] QUERY_FULLSCREEN_STATE
2026-09-29 03:24:16 [cefQuery] QUERY_OSC_SET_PAINTING
2026-09-29 03:24:16 [cefQuery] QUERY_OSC_SET_PAINTING
2026-09-29 03:24:16 [window] HIDE (+close event fired)
2026-09-29 03:24:16 [window] HIDE (page requested)
2026-09-29 03:24:16 [cefQuery] QUERY_FULLSCREEN_STATE
2026-09-29 03:24:16 [cefQuery] QUERY_OSC_SET_PAINTING
2026-09-29 03:24:16 [cefQuery] QUERY_OSC_SET_PAINTING
2026-09-29 03:24:16 [cefQuery] QUERY_FULLSCREEN_STATE
2026-09-29 03:24:16 [cefQuery] QUERY_OSC_SET_PAINTING
2026-09-29 03:24:16 [cefQuery] QUERY_OSC_SET_PAINTING
2026-09-29 03:24:16 [cefQuery] QUERY_FULLSCREEN_STATE
2026-09-29 03:24:16 [window] SHOW
2026-09-29 03:24:16 [cefQuery] QUERY_OSC_SET_PAINTING
2026-09-29 03:24:16 [window] HIDE (+close event fired)
2026-09-29 03:24:16 [cefQuery] QUERY_FULLSCREEN_STATE
2026-09-29 03:24:16 [cefQuery] QUERY_OSC_SET_PAINTING
2026-09-29 03:24:16 [cefQuery] QUERY_OSC_SET_PAINTING
2026-09-29 03:24:17 [cefQuery] QUERY_OSC_SET_PAINTING
2026-09-29 03:24:17 [cefQuery] QUERY_OSC_SET_PAINTING
2026-09-29 03:24:17 [window] SHOW
2026-09-29 03:24:17 [window] HIDE (+close event fired)
2026-09-29 03:24:17 [cefQuery] QUERY_FULLSCREEN_STATE
2026-09-29 03:24:17 [cefQuery] QUERY_OSC_SET_PAINTING
2026-09-29 03:24:17 [cefQuery] QUERY_OSC_SET_PAINTING
2026-09-29 03:24:17 [cefQuery] QUERY_FULLSCREEN_STATE
2026-09-29 03:24:17 [cefQuery] QUERY_OSC_SET_PAINTING
2026-09-29 03:24:17 [cefQuery] QUERY_OSC_SET_PAINTING
2026-09-29 03:24:17 [cefQuery] QUERY_FULLSCREEN_STATE
2026-09-29 03:24:17 [cefQuery] QUERY_OSC_SET_PAINTING
2026-09-29 03:24:17 [cefQuery] QUERY_OSC_SET_PAINTING
2026-09-29 03:24:17 [window] SHOW
2026-09-29 03:24:17 [cefQuery] QUERY_FULLSCREEN_STATE
2026-09-29 03:24:17 [cefQuery] QUERY_OSC_SET_PAINTING
2026-09-29 03:24:17 [window] HIDE (+close event fired)
2026-09-29 03:24:17 [cefQuery] QUERY_OSC_SET_PAINTING
2026-09-29 03:24:17 [cefQuery] QUERY_FULLSCREEN_STATE
2026-09-29 03:24:17 [cefQuery] QUERY_OSC_SET_PAINTING
2026-09-29 03:24:17 [cefQuery] QUERY_OSC_SET_PAINTING
2026-09-29 03:24:17 [cefQuery] QUERY_FULLSCREEN_STATE
2026-09-29 03:24:17 [cefQuery] QUERY_OSC_SET_PAINTING
2026-09-29 03:24:17 [cefQuery] QUERY_FULLSCREEN_STATE
2026-09-29 03:24:17 [cefQuery] QUERY_OSC_SET_PAINTING
2026-09-29 03:24:17 [cefQuery] QUERY_FULLSCREEN_STATE
2026-09-29 03:24:17 [cefQuery] QUERY_OSC_SET_PAINTING
2026-09-29 03:24:17 [cefQuery] QUERY_FULLSCREEN_STATE
2026-09-29 03:24:17 [cefQuery] QUERY_OSC_SET_PAINTING
2026-09-29 03:24:17 [cefQuery] QUERY_OSC_SET_PAINTING
2026-09-29 03:24:17 [cefQuery] QUERY_FULLSCREEN_STATE
2026-09-29 03:24:17 [cefQuery] QUERY_OSC_SET_PAINTING
2026-09-29 03:24:17 [cefQuery] QUERY_OSC_SET_PAINTING
2026-09-29 03:24:17 [cefQuery] QUERY_FULLSCREEN_STATE
2026-09-29 03:24:17 [cefQuery] QUERY_OSC_SET_PAINTING
2026-09-29 03:24:17 [cefQuery] QUERY_OSC_SET_PAINTING
2026-09-29 03:24:17 [cefQuery] QUERY_FULLSCREEN_STATE
2026-09-29 03:24:17 [cefQuery] QUERY_OSC_SET_PAINTING
2026-09-29 03:24:17 [cefQuery] QUERY_OSC_SET_PAINTING
2026-09-29 03:24:17 [window] SHOW
2026-09-29 03:24:17 [cefQuery] QUERY_FULLSCREEN_STATE
2026-09-29 03:24:17 [cefQuery] QUERY_OSC_SET_PAINTING
2026-09-29 03:24:17 [cefQuery] QUERY_OSC_SET_PAINTING
2026-09-29 03:24:17 [window] HIDE (+close event fired)
2026-09-29 03:24:17 [cefQuery] QUERY_FULLSCREEN_STATE
2026-09-29 03:24:17 [cefQuery] QUERY_OSC_SET_PAINTING
2026-09-29 03:24:17 [cefQuery] QUERY_OSC_SET_PAINTING
2026-09-29 03:24:17 [cefQuery] QUERY_FULLSCREEN_STATE
2026-09-29 03:24:17 [cefQuery] QUERY_OSC_SET_PAINTING
2026-09-29 03:24:17 [cefQuery] QUERY_FULLSCREEN_STATE
2026-09-29 03:24:17 [cefQuery] QUERY_OSC_SET_PAINTING
2026-09-29 03:24:17 [cefQuery] QUERY_FULLSCREEN_STATE
2026-09-29 03:24:17 [cefQuery] QUERY_OSC_SET_PAINTING
2026-09-29 03:24:17 [cefQuery] QUERY_OSC_SET_PAINTING
2026-09-29 03:24:17 [window] SHOW
2026-09-29 03:24:17 [window] HIDE (page requested)
2026-09-29 03:24:17 [cefQuery] QUERY_FULLSCREEN_STATE
2026-09-29 03:24:17 [cefQuery] QUERY_OSC_SET_PAINTING
2026-09-29 03:24:17 [cefQuery] QUERY_OSC_SET_PAINTING
2026-09-29 03:24:17 [cefQuery] QUERY_FULLSCREEN_STATE
2026-09-29 03:24:17 [cefQuery] QUERY_OSC_SET_PAINTING
2026-09-29 03:24:17 [cefQuery] QUERY_OSC_SET_PAINTING
2026-09-29 03:24:17 [cefQuery] QUERY_FULLSCREEN_STATE
2026-09-29 03:24:17 [cefQuery] QUERY_OSC_SET_PAINTING
2026-09-29 03:24:17 [cefQuery] QUERY_OSC_SET_PAINTING
2026-09-29 03:24:17 [cefQuery] QUERY_FULLSCREEN_STATE
2026-09-29 03:24:17 [cefQuery] QUERY_OSC_SET_PAINTING
2026-09-29 03:24:17 [cefQuery] QUERY_OSC_SET_PAINTING
2026-09-29 03:24:17 [cefQuery] QUERY_FULLSCREEN_STATE
2026-09-29 03:24:17 [cefQuery] QUERY_OSC_SET_PAINTING
2026-09-29 03:24:17 [cefQuery] QUERY_OSC_SET_PAINTING
2026-09-29 03:24:17 [cefQuery] QUERY_FULLSCREEN_STATE
2026-09-29 03:24:17 [cefQuery] QUERY_OSC_SET_PAINTING
2026-09-29 03:24:17 [window] SHOW
2026-09-29 03:24:17 [cefQuery] QUERY_OSC_SET_PAINTING
2026-09-29 03:24:17 [cefQuery] QUERY_FULLSCREEN_STATE
2026-09-29 03:24:17 [cefQuery] QUERY_OSC_SET_PAINTING
2026-09-29 03:24:17 [window] HIDE (+close event fired)
2026-09-29 03:24:17 [cefQuery] QUERY_OSC_SET_PAINTING
2026-09-29 03:24:17 [cefQuery] QUERY_FULLSCREEN_STATE
2026-09-29 03:24:17 [cefQuery] QUERY_OSC_SET_PAINTING
2026-09-29 03:24:17 [cefQuery] QUERY_OSC_SET_PAINTING
2026-09-29 03:24:17 [cefQuery] QUERY_FULLSCREEN_STATE
2026-09-29 03:24:17 [cefQuery] QUERY_OSC_SET_PAINTING
2026-09-29 03:24:17 [cefQuery] QUERY_FULLSCREEN_STATE
2026-09-29 03:24:17 [cefQuery] QUERY_OSC_SET_PAINTING
2026-09-29 03:24:17 [cefQuery] QUERY_OSC_SET_PAINTING
2026-09-29 03:24:17 [cefQuery] QUERY_FULLSCREEN_STATE
2026-09-29 03:24:17 [cefQuery] QUERY_OSC_SET_PAINTING
2026-09-29 03:24:17 [cefQuery] QUERY_OSC_SET_PAINTING
2026-09-29 03:24:17 [window] SHOW
2026-09-29 03:24:17 [cefQuery] QUERY_FULLSCREEN_STATE
2026-09-29 03:24:17 [cefQuery] QUERY_OSC_SET_PAINTING
2026-09-29 03:24:17 [cefQuery] QUERY_OSC_SET_PAINTING
2026-09-29 03:24:17 [cefQuery] QUERY_FULLSCREEN_STATE
2026-09-29 03:24:17 [cefQuery] QUERY_OSC_SET_PAINTING
2026-09-29 03:24:17 [window] HIDE (+close event fired)
2026-09-29 03:24:17 [cefQuery] QUERY_OSC_SET_PAINTING
2026-09-29 03:24:17 [cefQuery] QUERY_FULLSCREEN_STATE
2026-09-29 03:24:17 [cefQuery] QUERY_OSC_SET_PAINTING
2026-09-29 03:24:17 [cefQuery] QUERY_OSC_SET_PAINTING
2026-09-29 03:24:17 [cefQuery] QUERY_FULLSCREEN_STATE
2026-09-29 03:24:17 [cefQuery] QUERY_OSC_SET_PAINTING
2026-09-29 03:24:17 [cefQuery] QUERY_OSC_SET_PAINTING
2026-09-29 03:24:17 [cefQuery] QUERY_FULLSCREEN_STATE
2026-09-29 03:24:17 [cefQuery] QUERY_OSC_SET_PAINTING
2026-09-29 03:24:17 [cefQuery] QUERY_OSC_SET_PAINTING
2026-09-29 03:24:17 [cefQuery] QUERY_FULLSCREEN_STATE
2026-09-29 03:24:17 [cefQuery] QUERY_OSC_SET_PAINTING
2026-09-29 03:24:17 [window] SHOW
2026-09-29 03:24:17 [cefQuery] QUERY_OSC_SET_PAINTING
2026-09-29 03:24:18 [cefQuery] QUERY_FULLSCREEN_STATE
2026-09-29 03:24:18 [cefQuery] QUERY_OSC_SET_PAINTING
2026-09-29 03:24:18 [window] HIDE (+close event fired)
2026-09-29 03:24:18 [cefQuery] QUERY_FULLSCREEN_STATE
2026-09-29 03:24:18 [cefQuery] QUERY_OSC_SET_PAINTING
2026-09-29 03:24:18 [cefQuery] QUERY_OSC_SET_PAINTING
2026-09-29 03:24:18 [cefQuery] QUERY_OSC_SET_PAINTING
2026-09-29 03:24:18 [cefQuery] QUERY_OSC_SET_PAINTING
2026-09-29 03:24:18 [cefQuery] QUERY_FULLSCREEN_STATE
2026-09-29 03:24:18 [cefQuery] QUERY_OSC_SET_PAINTING
2026-09-29 03:24:18 [cefQuery] QUERY_OSC_SET_PAINTING
2026-09-29 03:24:18 [cefQuery] QUERY_FULLSCREEN_STATE
2026-09-29 03:24:18 [cefQuery] QUERY_OSC_SET_PAINTING
2026-09-29 03:24:18 [cefQuery] QUERY_OSC_SET_PAINTING
2026-09-29 03:24:18 [cefQuery] QUERY_FULLSCREEN_STATE
2026-09-29 03:24:18 [cefQuery] QUERY_OSC_SET_PAINTING
2026-09-29 03:24:18 [cefQuery] QUERY_OSC_SET_PAINTING
2026-09-29 03:24:18 [window] SHOW
2026-09-29 03:24:18 [cefQuery] QUERY_FULLSCREEN_STATE
2026-09-29 03:24:18 [cefQuery] QUERY_OSC_SET_PAINTING
2026-09-29 03:24:18 [cefQuery] QUERY_OSC_SET_PAINTING
2026-09-29 03:24:18 [cefQuery] QUERY_FULLSCREEN_STATE
2026-09-29 03:24:18 [cefQuery] QUERY_OSC_SET_PAINTING
2026-09-29 03:24:18 [cefQuery] QUERY_OSC_SET_PAINTING
2026-09-29 03:24:18 [cefQuery] QUERY_FULLSCREEN_STATE
2026-09-29 03:24:18 [cefQuery] QUERY_OSC_SET_PAINTING
2026-09-29 03:24:18 [cefQuery] QUERY_OSC_SET_PAINTING
2026-09-29 03:24:18 [window] HIDE (+close event fired)
2026-09-29 03:24:18 [cefQuery] QUERY_FULLSCREEN_STATE
2026-09-29 03:24:18 [cefQuery] QUERY_OSC_SET_PAINTING
2026-09-29 03:24:18 [cefQuery] QUERY_OSC_SET_PAINTING
2026-09-29 03:24:18 [cefQuery] QUERY_FULLSCREEN_STATE
2026-09-29 03:24:18 [cefQuery] QUERY_OSC_SET_PAINTING
2026-09-29 03:24:18 [cefQuery] QUERY_OSC_SET_PAINTING
2026-09-29 03:24:18 [cefQuery] QUERY_OSC_SET_PAINTING
2026-09-29 03:24:18 [cefQuery] QUERY_FULLSCREEN_STATE
2026-09-29 03:24:18 [cefQuery] QUERY_OSC_SET_PAINTING
2026-09-29 03:24:18 [cefQuery] QUERY_FULLSCREEN_STATE
2026-09-29 03:24:18 [cefQuery] QUERY_OSC_SET_PAINTING
2026-09-29 03:24:18 [cefQuery] QUERY_OSC_SET_PAINTING
2026-09-29 03:24:18 [window] SHOW
2026-09-29 03:24:18 [window] HIDE (page requested)
2026-09-29 03:24:18 [cefQuery] QUERY_OSC_SET_PAINTING
2026-09-29 03:24:18 [cefQuery] QUERY_FULLSCREEN_STATE
2026-09-29 03:24:18 [cefQuery] QUERY_FULLSCREEN_STATE
2026-09-29 03:24:18 [cefQuery] QUERY_OSC_SET_PAINTING
2026-09-29 03:24:18 [cefQuery] QUERY_OSC_SET_PAINTING
2026-09-29 03:24:18 [cefQuery] QUERY_FULLSCREEN_STATE
2026-09-29 03:24:18 [cefQuery] QUERY_OSC_SET_PAINTING
2026-09-29 03:24:18 [window] SHOW
2026-09-29 03:24:18 [cefQuery] QUERY_OSC_SET_PAINTING
2026-09-29 03:24:18 [window] HIDE (+close event fired)
2026-09-29 03:24:18 [cefQuery] QUERY_FULLSCREEN_STATE
2026-09-29 03:24:18 [cefQuery] QUERY_OSC_SET_PAINTING
2026-09-29 03:24:18 [cefQuery] QUERY_OSC_SET_PAINTING
2026-09-29 03:24:18 [cefQuery] QUERY_OSC_SET_PAINTING
2026-09-29 03:24:18 [cefQuery] QUERY_OSC_SET_PAINTING
2026-09-29 03:24:18 [cefQuery] QUERY_FULLSCREEN_STATE
2026-09-29 03:24:18 [cefQuery] QUERY_FULLSCREEN_STATE
2026-09-29 03:24:18 [cefQuery] QUERY_OSC_SET_PAINTING
2026-09-29 03:24:18 [cefQuery] QUERY_OSC_SET_PAINTING
2026-09-29 03:24:18 [cefQuery] QUERY_FULLSCREEN_STATE
2026-09-29 03:24:18 [cefQuery] QUERY_OSC_SET_PAINTING
2026-09-29 03:24:18 [cefQuery] QUERY_OSC_SET_PAINTING
2026-09-29 03:24:18 [window] SHOW
2026-09-29 03:24:18 [cefQuery] QUERY_FULLSCREEN_STATE
2026-09-29 03:24:18 [cefQuery] QUERY_OSC_SET_PAINTING
2026-09-29 03:24:18 [cefQuery] QUERY_OSC_SET_PAINTING
2026-09-29 03:24:18 [window] HIDE (+close event fired)
2026-09-29 03:24:18 [cefQuery] QUERY_FULLSCREEN_STATE
2026-09-29 03:24:18 [cefQuery] QUERY_OSC_SET_PAINTING
2026-09-29 03:24:18 [cefQuery] QUERY_OSC_SET_PAINTING
2026-09-29 03:24:18 [cefQuery] QUERY_FULLSCREEN_STATE
2026-09-29 03:24:18 [cefQuery] QUERY_OSC_SET_PAINTING
2026-09-29 03:24:18 [cefQuery] QUERY_FULLSCREEN_STATE
2026-09-29 03:24:18 [cefQuery] QUERY_OSC_SET_PAINTING
2026-09-29 03:24:18 [cefQuery] QUERY_FULLSCREEN_STATE
2026-09-29 03:24:18 [cefQuery] QUERY_OSC_SET_PAINTING
2026-09-29 03:24:18 [cefQuery] QUERY_OSC_SET_PAINTING
2026-09-29 03:24:18 [cefQuery] QUERY_FULLSCREEN_STATE
2026-09-29 03:24:18 [cefQuery] QUERY_OSC_SET_PAINTING
2026-09-29 03:24:18 [cefQuery] QUERY_OSC_SET_PAINTING
2026-09-29 03:24:18 [window] SHOW
2026-09-29 03:24:18 [cefQuery] QUERY_FULLSCREEN_STATE
2026-09-29 03:24:18 [cefQuery] QUERY_OSC_SET_PAINTING
2026-09-29 03:24:18 [cefQuery] QUERY_OSC_SET_PAINTING
2026-09-29 03:24:18 [window] HIDE (+close event fired)
2026-09-29 03:24:18 [cefQuery] QUERY_FULLSCREEN_STATE
2026-09-29 03:24:18 [cefQuery] QUERY_OSC_SET_PAINTING
2026-09-29 03:24:18 [cefQuery] QUERY_OSC_SET_PAINTING
2026-09-29 03:24:18 [cefQuery] QUERY_FULLSCREEN_STATE
2026-09-29 03:24:18 [cefQuery] QUERY_OSC_SET_PAINTING
2026-09-29 03:24:18 [cefQuery] QUERY_OSC_SET_PAINTING
2026-09-29 03:24:18 [cefQuery] QUERY_FULLSCREEN_STATE
2026-09-29 03:24:18 [cefQuery] QUERY_OSC_SET_PAINTING
2026-09-29 03:24:18 [cefQuery] QUERY_OSC_SET_PAINTING
2026-09-29 03:24:18 [cefQuery] QUERY_OSC_SET_PAINTING
2026-09-29 03:24:18 [cefQuery] QUERY_OSC_SET_PAINTING
2026-09-29 03:24:18 [cefQuery] QUERY_FULLSCREEN_STATE
2026-09-29 03:24:18 [cefQuery] QUERY_OSC_SET_PAINTING
2026-09-29 03:24:18 [cefQuery] QUERY_OSC_SET_PAINTING
2026-09-29 03:24:18 [window] SHOW
2026-09-29 03:24:18 [cefQuery] QUERY_FULLSCREEN_STATE
2026-09-29 03:24:18 [cefQuery] QUERY_OSC_SET_PAINTING
2026-09-29 03:24:18 [cefQuery] QUERY_OSC_SET_PAINTING
2026-09-29 03:24:18 [window] HIDE (page requested)
2026-09-29 03:24:19 [window] SHOW
2026-09-29 03:24:19 [window] HIDE (+close event fired)
2026-09-29 03:24:19 [window] SHOW
2026-09-29 03:24:19 [window] HIDE (page requested)
2026-09-29 03:24:19 [window] SHOW
2026-09-29 03:24:19 [window] HIDE (+close event fired)
2026-09-29 03:24:19 [window] SHOW
2026-09-29 03:24:19 [window] HIDE (+close event fired)
2026-09-29 03:24:19 [window] SHOW
2026-09-29 03:24:19 [window] HIDE (+close event fired)
2026-09-29 03:24:19 [window] SHOW
2026-09-29 03:24:20 [window] HIDE (page requested)
2026-09-29 03:24:20 [window] SHOW
2026-09-29 03:24:20 [window] HIDE (+close event fired)
2026-09-29 03:24:20 [window] SHOW
2026-09-29 03:24:20 [window] HIDE (page requested)
2026-09-29 03:24:20 [window] SHOW
2026-09-29 03:24:20 [window] HIDE (+close event fired)
2026-09-29 03:24:20 [window] SHOW
2026-09-29 03:24:20 [window] HIDE (+close event fired)
2026-09-29 03:24:20 [window] HIDE (page requested)
2026-09-29 03:24:20 [window] SHOW
2026-09-29 03:24:20 [window] HIDE (+close event fired)
2026-09-29 03:24:20 [window] SHOW
2026-09-29 03:24:20 [window] HIDE (+close event fired)
2026-09-29 03:24:20 [window] SHOW
2026-09-29 03:24:20 [window] HIDE (+close event fired)
2026-09-29 03:24:20 [window] SHOW
2026-09-29 03:24:20 [window] HIDE (page requested)
2026-09-29 03:24:20 [window] SHOW
2026-09-29 03:24:20 [window] HIDE (+close event fired)
2026-09-29 03:24:20 [window] SHOW
2026-09-29 03:24:20 [window] HIDE (+close event fired)
2026-09-29 03:24:20 [window] SHOW
2026-09-29 03:24:20 [window] HIDE (+close event fired)
2026-09-29 03:24:20 [window] SHOW
2026-09-29 03:24:20 [window] HIDE (+close event fired)
2026-09-29 03:24:20 [window] HIDE (page requested)
2026-09-29 03:24:20 [window] SHOW
2026-09-29 03:24:21 [window] HIDE (+close event fired)
2026-09-29 03:24:21 [window] SHOW
2026-09-29 03:24:21 [window] HIDE (+close event fired)
2026-09-29 03:24:21 [window] SHOW
2026-09-29 03:24:21 [window] HIDE (+close event fired)
2026-09-29 03:24:21 [window] SHOW
2026-09-29 03:24:21 [window] HIDE (+close event fired)
2026-09-29 03:24:21 [window] SHOW
2026-09-29 03:24:21 [window] HIDE (page requested)
2026-09-29 03:24:21 [window] SHOW
2026-09-29 03:24:21 [window] HIDE (+close event fired)
2026-09-29 03:24:21 [window] SHOW
2026-09-29 03:24:21 [window] HIDE (+close event fired)
2026-09-29 03:24:21 [window] SHOW
2026-09-29 03:24:21 [window] HIDE (+close event fired)
2026-09-29 03:24:21 [window] SHOW
2026-09-29 03:24:21 [window] HIDE (page requested)
2026-09-29 03:24:21 [window] SHOW
2026-09-29 03:24:21 [window] HIDE (+close event fired)
2026-09-29 03:24:21 [window] HIDE (page requested)
2026-09-29 03:24:21 [window] SHOW
2026-09-29 03:24:21 [window] HIDE (page requested)
2026-09-29 03:25:10 [cefQuery] QUERY_OSC_SET_DISPLAY_RECTS
2026-09-29 03:25:10 [cefQuery] QUERY_WIN_CLOSE_OSC
2026-09-29 03:25:10 [cefQuery] QUERY_OSC_SET_DISPLAY_RECTS
2026-09-29 03:25:10 [window] SHOW
2026-09-29 03:25:10 [window] HIDE (page requested)
2026-09-29 03:25:17 [cefQuery] QUERY_OSC_SET_DISPLAY_RECTS
2026-09-29 03:25:17 [cefQuery] QUERY_OSC_SET_PAINTING
2026-09-29 03:25:17 [cefQuery] QUERY_FULLSCREEN_STATE
2026-09-29 03:25:17 [cefQuery] QUERY_WIN_OPEN_OSC
2026-09-29 03:25:17 [window] SHOW
2026-09-29 03:25:17 [cefQuery] QUERY_OSC_SET_PAINTING
2026-09-29 03:25:18 [page:Error] 2026-09-29 03:25:18.858  ERROR  osc/nvCameraService- "Mods toggle failed : " "NvCamera timed out"
2026-09-29 03:25:18 [cefQuery] QUERY_OSC_SET_DISPLAY_RECTS
2026-09-29 03:25:18 [cefQuery] QUERY_FULLSCREEN_STATE
2026-09-29 03:25:21 [cefQuery] QUERY_OSC_DISPLAY_IS_DESKTOP_MODE
2026-09-29 03:25:21 [cefQuery] QUERY_OSC_SET_DISPLAY_RECTS
2026-09-29 03:25:21 [cefQuery] QUERY_FULLSCREEN_STATE
2026-09-29 03:25:21 [cefQuery] QUERY_OSC_SET_PAINTING
2026-09-29 03:25:21 [cefQuery] QUERY_OSC_SET_PAINTING
2026-09-29 03:25:22 [cefQuery] QUERY_OSC_SET_DISPLAY_RECTS
2026-09-29 03:25:22 [cefQuery] QUERY_FULLSCREEN_STATE
2026-09-29 03:25:22 [cefQuery] QUERY_OSC_SET_PAINTING
2026-09-29 03:25:22 [cefQuery] QUERY_OSC_SET_PAINTING
2026-09-29 03:25:22 [page:Warning] ARIA: Attribute " aria-label ", required for accessibility, is missing on node: [object HTMLTextAreaElement]
2026-09-29 03:25:22 [page:Warning] ARIA: Attribute " aria-label ", required for accessibility, is missing on node: [object HTMLElement]
2026-09-29 03:25:22 [page:Warning] ARIA: Attribute " aria-label ", required for accessibility, is missing on node: [object HTMLElement]
2026-09-29 03:25:22 [cefQuery] QUERY_OSC_SET_PAINTING
2026-09-29 03:25:22 [cefQuery] QUERY_OSC_SET_PAINTING
2026-09-29 03:25:24 [window] HIDE (+close event fired)
2026-09-29 03:25:24 [cefQuery] QUERY_OSC_SET_DISPLAY_RECTS
2026-09-29 03:25:24 [cefQuery] QUERY_WRITE_SHARED_STORAGE
2026-09-29 03:25:24 [cefQuery] QUERY_OSC_SET_DISPLAY_RECTS
2026-09-29 03:25:24 [cefQuery] QUERY_OSC_SET_DISPLAY_RECTS
2026-09-29 03:25:24 [cefQuery] QUERY_FULLSCREEN_STATE
2026-09-29 03:25:24 [cefQuery] QUERY_WIN_OPEN_OSC
2026-09-29 03:25:24 [cefQuery] QUERY_OSC_SET_PAINTING
2026-09-29 03:25:24 [window] SHOW
2026-09-29 03:25:43 [pages] serving C:\My Project\NVIDIA-Shadowplay\Project\Overlay OSC\NVIDIA OSC\osc at http://localhost:3000/
2026-09-29 03:25:44 [toggle] listening on 127.0.0.1:59003
2026-09-29 03:25:44 === NVIDIA OSC (ของเรา, WPF OSR alpha) boot — C:\My Project\NVIDIA-Shadowplay\Project\Overlay OSC\NVIDIA OSC\osc\index.html ===
2026-09-29 03:25:44 [page:Error] 2026-09-29 03:25:44.962  ERROR  crimson.cef/cefService- "Cannot find cefQuery. cmd={\"command\":\"QUERY_LOAD_STRING_TABLE\",\"stringTable\":{\"userAgent\":\"NVIDIAOSCClient/3.28.0.412\"}}"
2026-09-29 03:25:44 [page:Error] 2026-09-29 03:25:44.978  ERROR  crimson.cef/cefService- "Cannot find cefQuery. cmd={\"command\":\"QUERY_WIN_NODE_INFO\"}"
2026-09-29 03:25:44 [page:Error] 2026-09-29 03:25:44.978  ERROR  osc/urlRouter/main/resolve- "failed"
2026-09-29 03:25:44 [cef] frame loaded — cefQuery shim injected
2026-09-29 03:25:45 [page:Error] 2026-09-29 03:25:45.343  ERROR  main.common/telemetryService- "No valid logged in user detected, falling back to client consent setting."
2026-09-29 03:25:45 [page:Error] 2026-09-29 03:25:45.347  ERROR  main/resolve/hardwareInfo- "Unable to get user session (rejection)"
2026-09-29 03:25:45 [page:Error] 2026-09-29 03:25:45.347  ERROR  main/resolve/hardwareInfo- "Unable to get user id" null
2026-09-29 03:25:45 [page:Warning] undefined used as a key, but it is not a string.
2026-09-29 03:25:45 [cefQuery] QUERY_LOAD_STRING_TABLE
2026-09-29 03:25:45 [page:Error] Access to XMLHttpRequest at 'https://gfwsl.geforce.com/nvidia_web_services/controller.gfeclientcontent.NG.php/com.nvidia.services.GFEClientContent_NG.getAnselReady/%7B%22gcV%22:%223.28.0.412%22,%22sM%22:%22NaNGB%22,%22dIDa%22:[%221b06_10de_120f_120f_1%22],%22is6%22:%220%22,%22IsB%22:%220%22,%22gIsB%22:%220%22,%22IsQ%22:%220%22,%22iLp%22:%220%22,%22glg%22:%22en-US%22,%22lg%22:%221033%22%7D' from origin 'http://localhost:3000' has been blocked by CORS policy: No 'Access-Control-Allow-Origin' header is present on the requested resource.
2026-09-29 03:25:45 [page:Error] 2026-09-29 03:25:45.646  ERROR  osc/gfwslService- "GFWSL request failed : " {
  "data": null,
  "status": -1,
  "config": {
    "method": "GET",
    "transformRequest": [
      null
    ],
    "transformResponse": [
      null,
      null
    ],
    "headers": {
      "Accept": "application/json, text/plain, */*"
    },
    "url": "https://gfwsl.geforce.com/nvidia_web_services/controller.gfeclientcontent.NG.php/com.nvidia.services.GFEClientContent_NG.getAnselReady/{\"gcV\":\"3.28.0.412\",\"sM\":\"NaNGB\",\"dIDa\":[\"1b06_10de_120f_120f_1\"],\"is6\":\"0\",\"IsB\":\"0\",\"gIsB\":\"0\",\"IsQ\":\"0\",\"iLp\":\"0\",\"glg\":\"en-US\",\"lg\":\"1033\"}",
    "params": {},
    "retriesRemaining": 0,
    "timeout": {}
  },
  "statusText": ""
}
2026-09-29 03:25:45 [page:Error] 2026-09-29 03:25:45.647  ERROR  osc/nvCameraService- "GFWSL endpoint failed, proceed with OSC initialization" {
  "data": null,
  "status": -1,
  "config": {
    "method": "GET",
    "transformRequest": [
      null
    ],
    "transformResponse": [
      null,
      null
    ],
    "headers": {
      "Accept": "application/json, text/plain, */*"
    },
    "url": "https://gfwsl.geforce.com/nvidia_web_services/controller.gfeclientcontent.NG.php/com.nvidia.services.GFEClientContent_NG.getAnselReady/{\"gcV\":\"3.28.0.412\",\"sM\":\"NaNGB\",\"dIDa\":[\"1b06_10de_120f_120f_1\"],\"is6\":\"0\",\"IsB\":\"0\",\"gIsB\":\"0\",\"IsQ\":\"0\",\"iLp\":\"0\",\"glg\":\"en-US\",\"lg\":\"1033\"}",
    "params": {},
    "retriesRemaining": 0,
    "timeout": {}
  },
  "statusText": ""
}
2026-09-29 03:25:45 [cefQuery] QUERY_WRITE_SHARED_STORAGE
2026-09-29 03:25:45 [cefQuery] QUERY_WRITE_SHARED_STORAGE
2026-09-29 03:25:45 [cefQuery] QUERY_OSC_REGISTER_CLOSE_EVENT
2026-09-29 03:27:31 [pages] serving C:\My Project\NVIDIA-Shadowplay\Project\Overlay OSC\NVIDIA OSC\osc at http://localhost:3000/
2026-09-29 03:27:32 [toggle] listening on 127.0.0.1:59003
2026-09-29 03:27:32 === NVIDIA OSC (ของเรา, WPF OSR alpha) boot — C:\My Project\NVIDIA-Shadowplay\Project\Overlay OSC\NVIDIA OSC\osc\index.html ===
2026-09-29 03:27:33 [page:Error] 2026-09-29 03:27:33.301  ERROR  crimson.cef/cefService- "Cannot find cefQuery. cmd={\"command\":\"QUERY_LOAD_STRING_TABLE\",\"stringTable\":{\"userAgent\":\"NVIDIAOSCClient/3.28.0.412\"}}"
2026-09-29 03:27:33 [page:Error] 2026-09-29 03:27:33.314  ERROR  crimson.cef/cefService- "Cannot find cefQuery. cmd={\"command\":\"QUERY_WIN_NODE_INFO\"}"
2026-09-29 03:27:33 [page:Error] 2026-09-29 03:27:33.314  ERROR  osc/urlRouter/main/resolve- "failed"
2026-09-29 03:27:33 [cef] frame loaded — cefQuery shim injected
2026-09-29 03:27:33 [page:Error] 2026-09-29 03:27:33.667  ERROR  main.common/telemetryService- "No valid logged in user detected, falling back to client consent setting."
2026-09-29 03:27:33 [page:Error] 2026-09-29 03:27:33.670  ERROR  main/resolve/hardwareInfo- "Unable to get user session (rejection)"
2026-09-29 03:27:33 [page:Error] 2026-09-29 03:27:33.670  ERROR  main/resolve/hardwareInfo- "Unable to get user id" null
2026-09-29 03:27:33 [cefQuery] QUERY_LOAD_STRING_TABLE
2026-09-29 03:27:33 [page:Warning] undefined used as a key, but it is not a string.
2026-09-29 03:27:33 [page:Error] Access to XMLHttpRequest at 'https://gfwsl.geforce.com/nvidia_web_services/controller.gfeclientcontent.NG.php/com.nvidia.services.GFEClientContent_NG.getAnselReady/%7B%22gcV%22:%223.28.0.412%22,%22sM%22:%22NaNGB%22,%22dIDa%22:[%221b06_10de_120f_120f_1%22],%22is6%22:%220%22,%22IsB%22:%220%22,%22gIsB%22:%220%22,%22IsQ%22:%220%22,%22iLp%22:%220%22,%22glg%22:%22en-US%22,%22lg%22:%221033%22%7D' from origin 'http://localhost:3000' has been blocked by CORS policy: No 'Access-Control-Allow-Origin' header is present on the requested resource.
2026-09-29 03:27:33 [page:Error] 2026-09-29 03:27:33.897  ERROR  osc/gfwslService- "GFWSL request failed : " {
  "data": null,
  "status": -1,
  "config": {
    "method": "GET",
    "transformRequest": [
      null
    ],
    "transformResponse": [
      null,
      null
    ],
    "headers": {
      "Accept": "application/json, text/plain, */*"
    },
    "url": "https://gfwsl.geforce.com/nvidia_web_services/controller.gfeclientcontent.NG.php/com.nvidia.services.GFEClientContent_NG.getAnselReady/{\"gcV\":\"3.28.0.412\",\"sM\":\"NaNGB\",\"dIDa\":[\"1b06_10de_120f_120f_1\"],\"is6\":\"0\",\"IsB\":\"0\",\"gIsB\":\"0\",\"IsQ\":\"0\",\"iLp\":\"0\",\"glg\":\"en-US\",\"lg\":\"1033\"}",
    "params": {},
    "retriesRemaining": 0,
    "timeout": {}
  },
  "statusText": ""
}
2026-09-29 03:27:33 [page:Error] 2026-09-29 03:27:33.897  ERROR  osc/nvCameraService- "GFWSL endpoint failed, proceed with OSC initialization" {
  "data": null,
  "status": -1,
  "config": {
    "method": "GET",
    "transformRequest": [
      null
    ],
    "transformResponse": [
      null,
      null
    ],
    "headers": {
      "Accept": "application/json, text/plain, */*"
    },
    "url": "https://gfwsl.geforce.com/nvidia_web_services/controller.gfeclientcontent.NG.php/com.nvidia.services.GFEClientContent_NG.getAnselReady/{\"gcV\":\"3.28.0.412\",\"sM\":\"NaNGB\",\"dIDa\":[\"1b06_10de_120f_120f_1\"],\"is6\":\"0\",\"IsB\":\"0\",\"gIsB\":\"0\",\"IsQ\":\"0\",\"iLp\":\"0\",\"glg\":\"en-US\",\"lg\":\"1033\"}",
    "params": {},
    "retriesRemaining": 0,
    "timeout": {}
  },
  "statusText": ""
}
2026-09-29 03:27:33 [cefQuery] QUERY_WRITE_SHARED_STORAGE
2026-09-29 03:27:33 [cefQuery] QUERY_OSC_SET_DISPLAY_RECTS
2026-09-29 03:27:33 [cefQuery] QUERY_OSC_SET_DISPLAY_RECTS
2026-09-29 03:27:33 [cefQuery] QUERY_OSC_SET_DISPLAY_RECTS
2026-09-29 03:27:33 [cefQuery] QUERY_WRITE_SHARED_STORAGE
2026-09-29 03:27:33 [cefQuery] QUERY_OSC_REGISTER_CLOSE_EVENT
2026-09-29 03:29:25 [pages] serving C:\My Project\NVIDIA-Shadowplay\Project\Overlay OSC\NVIDIA OSC\osc at http://localhost:3000/
2026-09-29 03:29:26 [toggle] listening on 127.0.0.1:59003
2026-09-29 03:29:26 === NVIDIA OSC (ของเรา, WPF OSR alpha) boot — C:\My Project\NVIDIA-Shadowplay\Project\Overlay OSC\NVIDIA OSC\osc\index.html ===
2026-09-29 03:29:27 [page:Error] 2026-09-29 03:29:27.212  ERROR  crimson.cef/cefService- "Cannot find cefQuery. cmd={\"command\":\"QUERY_LOAD_STRING_TABLE\",\"stringTable\":{\"userAgent\":\"NVIDIAOSCClient/3.28.0.412\"}}"
2026-09-29 03:29:27 [page:Error] 2026-09-29 03:29:27.234  ERROR  crimson.cef/cefService- "Cannot find cefQuery. cmd={\"command\":\"QUERY_WIN_NODE_INFO\"}"
2026-09-29 03:29:27 [page:Error] 2026-09-29 03:29:27.234  ERROR  osc/urlRouter/main/resolve- "failed"
2026-09-29 03:29:27 [cef] frame loaded — cefQuery shim injected
2026-09-29 03:29:27 [page:Error] 2026-09-29 03:29:27.616  ERROR  main.common/telemetryService- "No valid logged in user detected, falling back to client consent setting."
2026-09-29 03:29:27 [page:Error] 2026-09-29 03:29:27.617  ERROR  main/resolve/hardwareInfo- "Unable to get user session (rejection)"
2026-09-29 03:29:27 [page:Error] 2026-09-29 03:29:27.618  ERROR  main/resolve/hardwareInfo- "Unable to get user id" null
2026-09-29 03:29:27 [cefQuery] QUERY_LOAD_STRING_TABLE
2026-09-29 03:29:27 [page:Warning] undefined used as a key, but it is not a string.
2026-09-29 03:29:27 [page:Error] Access to XMLHttpRequest at 'https://gfwsl.geforce.com/nvidia_web_services/controller.gfeclientcontent.NG.php/com.nvidia.services.GFEClientContent_NG.getAnselReady/%7B%22gcV%22:%223.28.0.412%22,%22sM%22:%22NaNGB%22,%22dIDa%22:[%221b06_10de_120f_120f_1%22],%22is6%22:%220%22,%22IsB%22:%220%22,%22gIsB%22:%220%22,%22IsQ%22:%220%22,%22iLp%22:%220%22,%22glg%22:%22en-US%22,%22lg%22:%221033%22%7D' from origin 'http://localhost:3000' has been blocked by CORS policy: No 'Access-Control-Allow-Origin' header is present on the requested resource.
2026-09-29 03:29:27 [page:Error] 2026-09-29 03:29:27.855  ERROR  osc/gfwslService- "GFWSL request failed : " {
  "data": null,
  "status": -1,
  "config": {
    "method": "GET",
    "transformRequest": [
      null
    ],
    "transformResponse": [
      null,
      null
    ],
    "headers": {
      "Accept": "application/json, text/plain, */*"
    },
    "url": "https://gfwsl.geforce.com/nvidia_web_services/controller.gfeclientcontent.NG.php/com.nvidia.services.GFEClientContent_NG.getAnselReady/{\"gcV\":\"3.28.0.412\",\"sM\":\"NaNGB\",\"dIDa\":[\"1b06_10de_120f_120f_1\"],\"is6\":\"0\",\"IsB\":\"0\",\"gIsB\":\"0\",\"IsQ\":\"0\",\"iLp\":\"0\",\"glg\":\"en-US\",\"lg\":\"1033\"}",
    "params": {},
    "retriesRemaining": 0,
    "timeout": {}
  },
  "statusText": ""
}
2026-09-29 03:29:27 [page:Error] 2026-09-29 03:29:27.855  ERROR  osc/nvCameraService- "GFWSL endpoint failed, proceed with OSC initialization" {
  "data": null,
  "status": -1,
  "config": {
    "method": "GET",
    "transformRequest": [
      null
    ],
    "transformResponse": [
      null,
      null
    ],
    "headers": {
      "Accept": "application/json, text/plain, */*"
    },
    "url": "https://gfwsl.geforce.com/nvidia_web_services/controller.gfeclientcontent.NG.php/com.nvidia.services.GFEClientContent_NG.getAnselReady/{\"gcV\":\"3.28.0.412\",\"sM\":\"NaNGB\",\"dIDa\":[\"1b06_10de_120f_120f_1\"],\"is6\":\"0\",\"IsB\":\"0\",\"gIsB\":\"0\",\"IsQ\":\"0\",\"iLp\":\"0\",\"glg\":\"en-US\",\"lg\":\"1033\"}",
    "params": {},
    "retriesRemaining": 0,
    "timeout": {}
  },
  "statusText": ""
}
2026-09-29 03:29:27 [cefQuery] QUERY_WRITE_SHARED_STORAGE
2026-09-29 03:29:27 [cefQuery] QUERY_OSC_SET_DISPLAY_RECTS
2026-09-29 03:29:27 [cefQuery] QUERY_OSC_SET_DISPLAY_RECTS
2026-09-29 03:29:27 [cefQuery] QUERY_OSC_SET_DISPLAY_RECTS
2026-09-29 03:29:27 [cefQuery] QUERY_WRITE_SHARED_STORAGE
2026-09-29 03:29:27 [cefQuery] QUERY_OSC_REGISTER_CLOSE_EVENT
2026-09-29 03:30:09 [window] SHOW
2026-09-29 03:53:49 [cefQuery] QUERY_OSC_SET_DISPLAY_RECTS
2026-09-29 03:53:49 [window] HIDE (+close event fired)
2026-09-29 03:53:50 [cefQuery] QUERY_FULLSCREEN_STATE
2026-09-29 03:53:50 [cefQuery] QUERY_OSC_SET_PAINTING
2026-09-29 03:53:50 [cefQuery] QUERY_OSC_SET_PAINTING
2026-09-29 03:54:20 [cefQuery] QUERY_OSC_SET_DISPLAY_RECTS
2026-09-29 03:54:20 [cefQuery] QUERY_OSC_SET_DISPLAY_RECTS
2026-09-29 03:54:20 [cefQuery] QUERY_WRITE_SHARED_STORAGE
2026-09-29 03:54:20 [cefQuery] QUERY_WIN_CLOSE_OSC
2026-09-29 03:54:20 [window] SHOW
2026-09-29 03:54:20 [window] HIDE (page requested)
2026-09-29 03:54:20 [cefQuery] QUERY_OSC_DISPLAY_IS_DESKTOP_MODE
2026-09-29 03:54:21 [cefQuery] QUERY_OSC_SET_DISPLAY_RECTS
2026-09-29 03:54:21 [cefQuery] QUERY_FULLSCREEN_STATE
2026-09-29 03:54:21 [window] SHOW
2026-09-29 03:54:21 [cefQuery] QUERY_OSC_SET_PAINTING
2026-09-29 03:54:21 [cefQuery] QUERY_WIN_OPEN_OSC
2026-09-29 03:54:23 [cefQuery] QUERY_OSC_DISPLAY_IS_DESKTOP_MODE
2026-09-29 03:54:24 [window] HIDE (+close event fired)
2026-09-29 03:54:24 [cefQuery] QUERY_OSC_SET_DISPLAY_RECTS
2026-09-29 03:54:24 [cefQuery] QUERY_WRITE_SHARED_STORAGE
2026-09-29 03:54:24 [window] HIDE (page requested)
2026-09-29 03:54:24 [cefQuery] QUERY_OSC_SET_DISPLAY_RECTS
2026-09-29 03:54:24 [cefQuery] QUERY_FULLSCREEN_STATE
2026-09-29 03:54:24 [cefQuery] QUERY_OSC_SET_PAINTING
2026-09-29 03:54:24 [cefQuery] QUERY_WIN_OPEN_OSC
2026-09-29 03:54:24 [cefQuery] QUERY_OSC_SET_PAINTING
2026-09-29 03:54:24 [window] SHOW
2026-09-29 03:54:25 [cefQuery] QUERY_OSC_SET_DISPLAY_RECTS
2026-09-29 03:54:25 [cefQuery] QUERY_WRITE_SHARED_STORAGE
2026-09-29 03:54:25 [cefQuery] QUERY_OSC_SET_DISPLAY_RECTS
2026-09-29 03:54:25 [window] HIDE (+close event fired)
2026-09-29 03:54:25 [window] HIDE (page requested)
2026-09-29 03:54:25 [cefQuery] QUERY_OSC_SET_DISPLAY_RECTS
2026-09-29 03:54:25 [cefQuery] QUERY_OSC_SET_PAINTING
2026-09-29 03:54:25 [cefQuery] QUERY_WIN_OPEN_OSC
2026-09-29 03:54:25 [cefQuery] QUERY_OSC_SET_PAINTING
2026-09-29 03:54:25 [window] SHOW
2026-09-29 03:54:27 [cefQuery] QUERY_OSC_SET_DISPLAY_RECTS
2026-09-29 03:54:27 [cefQuery] QUERY_WRITE_SHARED_STORAGE
2026-09-29 03:54:27 [window] HIDE (+close event fired)
2026-09-29 03:54:27 [cefQuery] QUERY_OSC_SET_DISPLAY_RECTS
2026-09-29 03:54:27 [cefQuery] QUERY_WIN_CLOSE_OSC
2026-09-29 03:54:27 [window] HIDE (page requested)
2026-09-29 03:54:28 [cefQuery] QUERY_OSC_SET_DISPLAY_RECTS
2026-09-29 03:54:28 [cefQuery] QUERY_OSC_SET_PAINTING
2026-09-29 03:54:28 [cefQuery] QUERY_WIN_OPEN_OSC
2026-09-29 03:54:28 [cefQuery] QUERY_OSC_SET_PAINTING
2026-09-29 03:54:28 [window] SHOW
2026-09-29 03:54:29 [cefQuery] QUERY_OSC_SET_DISPLAY_RECTS
2026-09-29 03:54:29 [cefQuery] QUERY_WRITE_SHARED_STORAGE
2026-09-29 03:54:29 [cefQuery] QUERY_OSC_SET_DISPLAY_RECTS
2026-09-29 03:54:29 [cefQuery] QUERY_WIN_CLOSE_OSC
2026-09-29 03:54:29 [window] HIDE (+close event fired)
2026-09-29 03:54:29 [window] HIDE (page requested)
2026-09-29 03:54:29 [cefQuery] QUERY_OSC_SET_DISPLAY_RECTS
2026-09-29 03:54:29 [cefQuery] QUERY_FULLSCREEN_STATE
2026-09-29 03:54:29 [cefQuery] QUERY_OSC_SET_PAINTING
2026-09-29 03:54:29 [cefQuery] QUERY_WIN_OPEN_OSC
2026-09-29 03:54:29 [cefQuery] QUERY_OSC_SET_PAINTING
2026-09-29 03:54:29 [window] SHOW
2026-09-29 03:54:30 [cefQuery] QUERY_OSC_SET_DISPLAY_RECTS
2026-09-29 03:54:30 [cefQuery] QUERY_WRITE_SHARED_STORAGE
2026-09-29 03:54:30 [window] HIDE (+close event fired)
2026-09-29 03:54:30 [cefQuery] QUERY_OSC_SET_DISPLAY_RECTS
2026-09-29 03:54:30 [cefQuery] QUERY_WIN_CLOSE_OSC
2026-09-29 03:54:30 [window] HIDE (page requested)
2026-09-29 03:54:30 [cefQuery] QUERY_OSC_SET_DISPLAY_RECTS
2026-09-29 03:54:30 [cefQuery] QUERY_FULLSCREEN_STATE
2026-09-29 03:54:30 [cefQuery] QUERY_WIN_OPEN_OSC
2026-09-29 03:54:30 [cefQuery] QUERY_OSC_SET_PAINTING
2026-09-29 03:54:30 [window] SHOW
2026-09-29 03:54:30 [cefQuery] QUERY_OSC_SET_DISPLAY_RECTS
2026-09-29 03:54:30 [cefQuery] QUERY_WRITE_SHARED_STORAGE
2026-09-29 03:54:30 [window] HIDE (+close event fired)
2026-09-29 03:54:30 [cefQuery] QUERY_WIN_CLOSE_OSC
2026-09-29 03:54:30 [window] HIDE (page requested)
2026-09-29 03:54:30 [cefQuery] QUERY_OSC_SET_DISPLAY_RECTS
2026-09-29 03:54:30 [cefQuery] QUERY_FULLSCREEN_STATE
2026-09-29 03:54:30 [cefQuery] QUERY_OSC_SET_PAINTING
2026-09-29 03:54:30 [window] SHOW
2026-09-29 03:54:31 [window] HIDE (+close event fired)
2026-09-29 03:54:31 [cefQuery] QUERY_OSC_SET_DISPLAY_RECTS
2026-09-29 03:54:31 [cefQuery] QUERY_WRITE_SHARED_STORAGE
2026-09-29 03:54:31 [cefQuery] QUERY_OSC_SET_DISPLAY_RECTS
2026-09-29 03:54:31 [cefQuery] QUERY_WIN_CLOSE_OSC
2026-09-29 03:54:31 [window] HIDE (page requested)
2026-09-29 03:54:31 [cefQuery] QUERY_OSC_SET_DISPLAY_RECTS
2026-09-29 03:54:31 [cefQuery] QUERY_OSC_SET_PAINTING
2026-09-29 03:54:31 [cefQuery] QUERY_FULLSCREEN_STATE
2026-09-29 03:54:31 [cefQuery] QUERY_WIN_OPEN_OSC
2026-09-29 03:54:31 [cefQuery] QUERY_OSC_SET_PAINTING
2026-09-29 03:54:31 [window] SHOW
2026-09-29 03:54:32 [cefQuery] QUERY_OSC_SET_DISPLAY_RECTS
2026-09-29 03:54:32 [cefQuery] QUERY_WIN_CLOSE_OSC
2026-09-29 03:54:32 [window] HIDE (+close event fired)
2026-09-29 03:54:32 [window] HIDE (page requested)
2026-09-29 03:54:38 [cefQuery] QUERY_OSC_SET_DISPLAY_RECTS
2026-09-29 03:54:38 [window] SHOW
2026-09-29 03:54:39 [cefQuery] QUERY_FULLSCREEN_STATE
2026-09-29 03:54:39 [cefQuery] QUERY_WIN_OPEN_OSC
2026-09-29 03:54:39 [cefQuery] QUERY_OSC_SET_PAINTING
2026-09-29 03:54:39 [cefQuery] QUERY_OSC_SET_DISPLAY_RECTS
2026-09-29 03:54:39 [cefQuery] QUERY_WRITE_SHARED_STORAGE
2026-09-29 03:54:39 [cefQuery] QUERY_WIN_CLOSE_OSC
2026-09-29 03:54:39 [window] HIDE (+close event fired)
2026-09-29 03:54:39 [window] HIDE (page requested)
2026-09-29 03:54:40 [cefQuery] QUERY_OSC_SET_DISPLAY_RECTS
2026-09-29 03:54:40 [cefQuery] QUERY_FULLSCREEN_STATE
2026-09-29 03:54:40 [cefQuery] QUERY_WIN_OPEN_OSC
2026-09-29 03:54:40 [cefQuery] QUERY_OSC_SET_PAINTING
2026-09-29 03:54:40 [window] SHOW
2026-09-29 03:54:40 [cefQuery] QUERY_OSC_SET_DISPLAY_RECTS
2026-09-29 03:54:40 [cefQuery] QUERY_OSC_SET_DISPLAY_RECTS
2026-09-29 03:54:40 [cefQuery] QUERY_WIN_CLOSE_OSC
2026-09-29 03:54:40 [window] HIDE (+close event fired)
2026-09-29 03:54:40 [window] HIDE (page requested)
2026-09-29 03:54:40 [cefQuery] QUERY_OSC_SET_DISPLAY_RECTS
2026-09-29 03:54:40 [cefQuery] QUERY_FULLSCREEN_STATE
2026-09-29 03:54:40 [cefQuery] QUERY_OSC_SET_PAINTING
2026-09-29 03:54:41 [window] SHOW
2026-09-29 03:54:41 [window] HIDE (+close event fired)
2026-09-29 03:54:41 [cefQuery] QUERY_OSC_SET_DISPLAY_RECTS
2026-09-29 03:54:41 [cefQuery] QUERY_WRITE_SHARED_STORAGE
2026-09-29 03:54:41 [cefQuery] QUERY_WIN_CLOSE_OSC
2026-09-29 03:54:41 [cefQuery] QUERY_WIN_OPEN_OSC
2026-09-29 03:54:41 [cefQuery] QUERY_OSC_SET_PAINTING
2026-09-29 03:54:41 [cefQuery] QUERY_OSC_SET_PAINTING
2026-09-29 03:54:41 [window] SHOW
2026-09-29 03:54:41 [cefQuery] QUERY_OSC_SET_DISPLAY_RECTS
2026-09-29 03:54:41 [cefQuery] QUERY_WRITE_SHARED_STORAGE
2026-09-29 03:54:41 [cefQuery] QUERY_OSC_SET_DISPLAY_RECTS
2026-09-29 03:54:41 [cefQuery] QUERY_WIN_CLOSE_OSC
2026-09-29 03:54:41 [window] HIDE (page requested)
2026-09-29 03:54:41 [cefQuery] QUERY_OSC_SET_DISPLAY_RECTS
2026-09-29 03:54:41 [cefQuery] QUERY_OSC_SET_DISPLAY_RECTS
2026-09-29 03:54:41 [cefQuery] QUERY_OSC_SET_DISPLAY_RECTS
2026-09-29 03:54:41 [cefQuery] QUERY_FULLSCREEN_STATE
2026-09-29 03:54:41 [cefQuery] QUERY_OSC_SET_PAINTING
2026-09-29 03:54:41 [cefQuery] QUERY_OSC_SET_PAINTING
2026-09-29 03:54:41 [cefQuery] QUERY_FULLSCREEN_STATE
2026-09-29 03:54:41 [cefQuery] QUERY_OSC_SET_PAINTING
2026-09-29 03:54:41 [cefQuery] QUERY_OSC_SET_PAINTING
2026-09-29 03:54:41 [cefQuery] QUERY_FULLSCREEN_STATE
2026-09-29 03:54:41 [cefQuery] QUERY_OSC_SET_PAINTING
2026-09-29 03:54:41 [cefQuery] QUERY_OSC_SET_PAINTING
2026-09-29 03:54:41 [window] SHOW
2026-09-29 03:54:41 [window] HIDE (+close event fired)
2026-09-29 03:54:41 [cefQuery] QUERY_OSC_SET_DISPLAY_RECTS
2026-09-29 03:54:41 [cefQuery] QUERY_WRITE_SHARED_STORAGE
2026-09-29 03:54:41 [cefQuery] QUERY_WIN_CLOSE_OSC
2026-09-29 03:54:41 [window] SHOW
2026-09-29 03:54:41 [cefQuery] QUERY_OSC_SET_DISPLAY_RECTS
2026-09-29 03:54:41 [cefQuery] QUERY_OSC_SET_DISPLAY_RECTS
2026-09-29 03:54:41 [cefQuery] QUERY_OSC_SET_DISPLAY_RECTS
2026-09-29 03:54:41 [cefQuery] QUERY_OSC_SET_DISPLAY_RECTS
2026-09-29 03:54:41 [cefQuery] QUERY_OSC_SET_PAINTING
2026-09-29 03:54:41 [cefQuery] QUERY_OSC_SET_PAINTING
2026-09-29 03:54:41 [window] HIDE (page requested)
2026-09-29 03:54:41 [cefQuery] QUERY_OSC_SET_PAINTING
2026-09-29 03:54:41 [cefQuery] QUERY_FULLSCREEN_STATE
2026-09-29 03:54:41 [cefQuery] QUERY_OSC_SET_PAINTING
2026-09-29 03:54:41 [cefQuery] QUERY_OSC_SET_PAINTING
2026-09-29 03:54:41 [cefQuery] QUERY_FULLSCREEN_STATE
2026-09-29 03:54:41 [cefQuery] QUERY_OSC_SET_PAINTING
2026-09-29 03:54:41 [cefQuery] QUERY_OSC_SET_PAINTING
2026-09-29 03:54:41 [window] SHOW
2026-09-29 03:54:41 [window] HIDE (+close event fired)
2026-09-29 03:54:41 [window] SHOW
2026-09-29 03:54:41 [window] HIDE (+close event fired)
2026-09-29 03:54:41 [window] SHOW
2026-09-29 03:54:41 [window] HIDE (page requested)
2026-09-29 03:54:41 [window] SHOW
2026-09-29 03:54:42 [cefQuery] QUERY_OSC_SET_DISPLAY_RECTS
2026-09-29 03:54:42 [cefQuery] QUERY_WRITE_SHARED_STORAGE
2026-09-29 03:54:42 [cefQuery] QUERY_WIN_CLOSE_OSC
2026-09-29 03:54:42 [cefQuery] QUERY_OSC_SET_DISPLAY_RECTS
2026-09-29 03:54:42 [window] HIDE (+close event fired)
2026-09-29 03:54:42 [window] HIDE (page requested)
2026-09-29 03:54:42 [cefQuery] QUERY_OSC_SET_DISPLAY_RECTS
2026-09-29 03:54:42 [cefQuery] QUERY_FULLSCREEN_STATE
2026-09-29 03:54:42 [cefQuery] QUERY_OSC_SET_PAINTING
2026-09-29 03:54:42 [cefQuery] QUERY_WIN_OPEN_OSC
2026-09-29 03:54:42 [cefQuery] QUERY_OSC_SET_PAINTING
2026-09-29 03:54:42 [window] SHOW
2026-09-29 03:54:43 [page:Error] 2026-09-29 03:54:43.965  ERROR  osc/nvCameraService- "Mods toggle failed : " "NvCamera timed out"
2026-09-29 03:54:43 [cefQuery] QUERY_OSC_SET_DISPLAY_RECTS
2026-09-29 03:54:43 [cefQuery] QUERY_FULLSCREEN_STATE
2026-09-29 03:54:44 [page:Error] 2026-09-29 03:54:44.387  ERROR  osc/nvCameraService- "Mods toggle failed : " "NvCamera timed out"
2026-09-29 03:54:44 [cefQuery] QUERY_OSC_SET_DISPLAY_RECTS
2026-09-29 03:54:44 [cefQuery] QUERY_FULLSCREEN_STATE
2026-09-29 03:54:45 [cefQuery] QUERY_OSC_SET_DISPLAY_RECTS
2026-09-29 03:54:45 [cefQuery] QUERY_OSC_SET_DISPLAY_RECTS
2026-09-29 03:54:45 [cefQuery] QUERY_WIN_OPEN_OSC
2026-09-29 03:54:45 [window] HIDE (+close event fired)
2026-09-29 03:54:45 [cefQuery] QUERY_OSC_SET_DISPLAY_RECTS
2026-09-29 03:54:45 [cefQuery] QUERY_FULLSCREEN_STATE
2026-09-29 03:54:45 [cefQuery] QUERY_OSC_SET_PAINTING
2026-09-29 03:54:45 [cefQuery] QUERY_WIN_OPEN_OSC
2026-09-29 03:54:45 [cefQuery] QUERY_OSC_SET_PAINTING
2026-09-29 03:54:45 [window] SHOW
2026-09-29 03:54:46 [cefQuery] QUERY_OSC_SET_DISPLAY_RECTS
2026-09-29 03:54:46 [cefQuery] QUERY_WRITE_SHARED_STORAGE
2026-09-29 03:54:46 [cefQuery] QUERY_WIN_OPEN_OSC
2026-09-29 03:54:46 [cefQuery] QUERY_OSC_SET_DISPLAY_RECTS
2026-09-29 03:54:46 [window] HIDE (+close event fired)
2026-09-29 03:54:55 [cefQuery] QUERY_OSC_SET_DISPLAY_RECTS
2026-09-29 03:54:55 [cefQuery] QUERY_WRITE_SHARED_STORAGE
2026-09-29 03:54:55 [cefQuery] QUERY_WIN_CLOSE_OSC
2026-09-29 03:54:55 [window] HIDE (page requested)
2026-09-29 03:54:56 [cefQuery] QUERY_OSC_SET_DISPLAY_RECTS
2026-09-29 03:54:56 [cefQuery] QUERY_OSC_SET_DISPLAY_RECTS
2026-09-29 03:54:56 [cefQuery] QUERY_OSC_SET_DISPLAY_RECTS
2026-09-29 03:54:56 [cefQuery] QUERY_FULLSCREEN_STATE
2026-09-29 03:54:56 [cefQuery] QUERY_OSC_SET_PAINTING
2026-09-29 03:54:56 [cefQuery] QUERY_WIN_OPEN_OSC
2026-09-29 03:54:56 [cefQuery] QUERY_OSC_SET_PAINTING
2026-09-29 03:54:56 [window] SHOW
2026-09-29 03:54:56 [window] HIDE (page requested)
2026-09-29 03:54:57 [cefQuery] QUERY_OSC_SET_DISPLAY_RECTS
2026-09-29 03:54:57 [cefQuery] QUERY_OSC_SET_DISPLAY_RECTS
2026-09-29 03:54:57 [window] SHOW
2026-09-29 03:54:57 [window] HIDE (page requested)
2026-09-29 03:54:57 [cefQuery] QUERY_OSC_SET_DISPLAY_RECTS
2026-09-29 03:54:57 [cefQuery] QUERY_OSC_SET_PAINTING
2026-09-29 03:54:57 [cefQuery] QUERY_WIN_OPEN_OSC
2026-09-29 03:54:57 [cefQuery] QUERY_OSC_SET_PAINTING
2026-09-29 03:54:57 [cefQuery] QUERY_FULLSCREEN_STATE
2026-09-29 03:54:57 [window] SHOW
2026-09-29 03:54:57 [window] HIDE (+close event fired)
2026-09-29 03:54:57 [cefQuery] QUERY_WIN_CLOSE_OSC
2026-09-29 03:54:57 [cefQuery] QUERY_WRITE_SHARED_STORAGE
2026-09-29 03:54:57 [cefQuery] QUERY_OSC_SET_DISPLAY_RECTS
2026-09-29 03:54:57 [cefQuery] QUERY_OSC_SET_DISPLAY_RECTS
2026-09-29 03:54:57 [cefQuery] QUERY_FULLSCREEN_STATE
2026-09-29 03:54:57 [cefQuery] QUERY_OSC_SET_DISPLAY_RECTS
2026-09-29 03:54:57 [cefQuery] QUERY_OSC_SET_PAINTING
2026-09-29 03:54:57 [cefQuery] QUERY_FULLSCREEN_STATE
2026-09-29 03:54:57 [cefQuery] QUERY_OSC_SET_PAINTING
2026-09-29 03:54:57 [window] SHOW
2026-09-29 03:54:57 [cefQuery] QUERY_FULLSCREEN_STATE
2026-09-29 03:54:57 [cefQuery] QUERY_OSC_SET_PAINTING
2026-09-29 03:54:57 [cefQuery] QUERY_OSC_SET_PAINTING
2026-09-29 03:54:57 [window] HIDE (+close event fired)
2026-09-29 03:54:57 [window] HIDE (page requested)
2026-09-29 03:54:57 [cefQuery] QUERY_OSC_SET_DISPLAY_RECTS
2026-09-29 03:54:57 [cefQuery] QUERY_WIN_CLOSE_OSC
2026-09-29 03:54:57 [cefQuery] QUERY_OSC_SET_DISPLAY_RECTS
2026-09-29 03:54:57 [cefQuery] QUERY_OSC_SET_DISPLAY_RECTS
2026-09-29 03:54:57 [window] SHOW
2026-09-29 03:54:57 [cefQuery] QUERY_OSC_SET_DISPLAY_RECTS
2026-09-29 03:54:57 [window] HIDE (+close event fired)
2026-09-29 03:54:58 [cefQuery] QUERY_WIN_OPEN_OSC
2026-09-29 03:54:58 [cefQuery] QUERY_FULLSCREEN_STATE
2026-09-29 03:54:58 [cefQuery] QUERY_OSC_SET_PAINTING
2026-09-29 03:54:58 [cefQuery] QUERY_FULLSCREEN_STATE
2026-09-29 03:54:58 [cefQuery] QUERY_OSC_SET_PAINTING
2026-09-29 03:54:58 [cefQuery] QUERY_OSC_SET_DISPLAY_RECTS
2026-09-29 03:54:58 [cefQuery] QUERY_WRITE_SHARED_STORAGE
2026-09-29 03:54:58 [cefQuery] QUERY_OSC_SET_DISPLAY_RECTS
2026-09-29 03:54:58 [cefQuery] QUERY_OSC_SET_PAINTING
2026-09-29 03:54:58 [cefQuery] QUERY_FULLSCREEN_STATE
2026-09-29 03:54:58 [cefQuery] QUERY_OSC_SET_PAINTING
2026-09-29 03:54:58 [window] SHOW
2026-09-29 03:54:58 [window] HIDE (+close event fired)
2026-09-29 03:54:58 [cefQuery] QUERY_OSC_SET_DISPLAY_RECTS
2026-09-29 03:54:58 [cefQuery] QUERY_WRITE_SHARED_STORAGE
2026-09-29 03:54:58 [cefQuery] QUERY_WIN_CLOSE_OSC
2026-09-29 03:54:58 [cefQuery] QUERY_OSC_SET_DISPLAY_RECTS
2026-09-29 03:54:58 [cefQuery] QUERY_OSC_SET_DISPLAY_RECTS
2026-09-29 03:54:58 [cefQuery] QUERY_OSC_SET_DISPLAY_RECTS
2026-09-29 03:54:58 [cefQuery] QUERY_OSC_SET_DISPLAY_RECTS
2026-09-29 03:54:58 [cefQuery] QUERY_OSC_SET_DISPLAY_RECTS
2026-09-29 03:54:58 [window] SHOW
2026-09-29 03:54:58 [cefQuery] QUERY_FULLSCREEN_STATE
2026-09-29 03:54:58 [cefQuery] QUERY_WIN_OPEN_OSC
2026-09-29 03:54:58 [cefQuery] QUERY_OSC_SET_PAINTING
2026-09-29 03:54:58 [cefQuery] QUERY_OSC_SET_PAINTING
2026-09-29 03:54:58 [window] HIDE (page requested)
2026-09-29 03:54:58 [cefQuery] QUERY_OSC_SET_PAINTING
2026-09-29 03:54:58 [cefQuery] QUERY_OSC_SET_PAINTING
2026-09-29 03:54:58 [cefQuery] QUERY_OSC_SET_DISPLAY_RECTS
2026-09-29 03:54:58 [cefQuery] QUERY_WRITE_SHARED_STORAGE
2026-09-29 03:54:58 [cefQuery] QUERY_OSC_SET_DISPLAY_RECTS
2026-09-29 03:54:58 [window] SHOW
2026-09-29 03:54:58 [cefQuery] QUERY_OSC_SET_PAINTING
2026-09-29 03:54:58 [cefQuery] QUERY_WIN_OPEN_OSC
2026-09-29 03:54:58 [cefQuery] QUERY_OSC_SET_PAINTING
2026-09-29 03:54:58 [window] HIDE (+close event fired)
2026-09-29 03:54:58 [cefQuery] QUERY_FULLSCREEN_STATE
2026-09-29 03:54:58 [cefQuery] QUERY_OSC_SET_PAINTING
2026-09-29 03:54:58 [cefQuery] QUERY_OSC_SET_PAINTING
2026-09-29 03:54:58 [cefQuery] QUERY_OSC_SET_PAINTING
2026-09-29 03:54:58 [cefQuery] QUERY_FULLSCREEN_STATE
2026-09-29 03:54:58 [cefQuery] QUERY_OSC_SET_PAINTING
2026-09-29 03:54:58 [cefQuery] QUERY_OSC_SET_PAINTING
2026-09-29 03:54:58 [cefQuery] QUERY_OSC_SET_PAINTING
2026-09-29 03:54:58 [cefQuery] QUERY_OSC_SET_DISPLAY_RECTS
2026-09-29 03:54:58 [cefQuery] QUERY_WRITE_SHARED_STORAGE
2026-09-29 03:54:58 [window] SHOW
2026-09-29 03:54:58 [cefQuery] QUERY_WIN_CLOSE_OSC
2026-09-29 03:54:58 [cefQuery] QUERY_OSC_SET_DISPLAY_RECTS
2026-09-29 03:54:58 [cefQuery] QUERY_OSC_SET_DISPLAY_RECTS
2026-09-29 03:54:58 [cefQuery] QUERY_OSC_SET_DISPLAY_RECTS
2026-09-29 03:54:58 [window] HIDE (+close event fired)
2026-09-29 03:54:58 [cefQuery] QUERY_OSC_SET_DISPLAY_RECTS
2026-09-29 03:54:58 [window] HIDE (page requested)
2026-09-29 03:54:58 [cefQuery] QUERY_OSC_SET_DISPLAY_RECTS
2026-09-29 03:54:58 [cefQuery] QUERY_OSC_SET_DISPLAY_RECTS
2026-09-29 03:54:58 [cefQuery] QUERY_OSC_SET_DISPLAY_RECTS
2026-09-29 03:54:58 [cefQuery] QUERY_OSC_SET_DISPLAY_RECTS
2026-09-29 03:54:58 [cefQuery] QUERY_OSC_SET_DISPLAY_RECTS
2026-09-29 03:54:58 [cefQuery] QUERY_FULLSCREEN_STATE
2026-09-29 03:54:58 [cefQuery] QUERY_WIN_OPEN_OSC
2026-09-29 03:54:58 [cefQuery] QUERY_OSC_SET_PAINTING
2026-09-29 03:54:58 [cefQuery] QUERY_OSC_SET_PAINTING
2026-09-29 03:54:58 [cefQuery] QUERY_FULLSCREEN_STATE
2026-09-29 03:54:58 [cefQuery] QUERY_OSC_SET_PAINTING
2026-09-29 03:54:58 [cefQuery] QUERY_FULLSCREEN_STATE
2026-09-29 03:54:58 [window] SHOW
2026-09-29 03:54:58 [cefQuery] QUERY_OSC_SET_PAINTING
2026-09-29 03:54:58 [cefQuery] QUERY_OSC_SET_PAINTING
2026-09-29 03:54:58 [window] HIDE (+close event fired)
2026-09-29 03:54:58 [cefQuery] QUERY_WRITE_SHARED_STORAGE
2026-09-29 03:54:58 [cefQuery] QUERY_WIN_CLOSE_OSC
2026-09-29 03:54:58 [cefQuery] QUERY_OSC_SET_PAINTING
2026-09-29 03:54:58 [cefQuery] QUERY_FULLSCREEN_STATE
2026-09-29 03:54:58 [cefQuery] QUERY_WIN_OPEN_OSC
2026-09-29 03:54:58 [cefQuery] QUERY_OSC_SET_PAINTING
2026-09-29 03:54:58 [cefQuery] QUERY_OSC_SET_DISPLAY_RECTS
2026-09-29 03:54:58 [window] SHOW
2026-09-29 03:54:58 [cefQuery] QUERY_OSC_SET_DISPLAY_RECTS
2026-09-29 03:54:58 [cefQuery] QUERY_WIN_CLOSE_OSC
2026-09-29 03:54:58 [cefQuery] QUERY_WIN_OPEN_OSC
2026-09-29 03:54:58 [cefQuery] QUERY_FULLSCREEN_STATE
2026-09-29 03:54:58 [cefQuery] QUERY_OSC_SET_PAINTING
2026-09-29 03:54:58 [window] HIDE (+close event fired)
2026-09-29 03:54:58 [cefQuery] QUERY_OSC_SET_PAINTING
2026-09-29 03:54:58 [cefQuery] QUERY_OSC_SET_PAINTING
2026-09-29 03:54:58 [window] HIDE (page requested)
2026-09-29 03:54:58 [cefQuery] QUERY_FULLSCREEN_STATE
2026-09-29 03:54:58 [cefQuery] QUERY_OSC_SET_PAINTING
2026-09-29 03:54:58 [cefQuery] QUERY_OSC_SET_PAINTING
2026-09-29 03:54:59 [cefQuery] QUERY_FULLSCREEN_STATE
2026-09-29 03:54:59 [cefQuery] QUERY_OSC_SET_PAINTING
2026-09-29 03:54:59 [cefQuery] QUERY_OSC_SET_PAINTING
2026-09-29 03:54:59 [cefQuery] QUERY_FULLSCREEN_STATE
2026-09-29 03:54:59 [cefQuery] QUERY_OSC_SET_PAINTING
2026-09-29 03:54:59 [window] SHOW
2026-09-29 03:54:59 [cefQuery] QUERY_FULLSCREEN_STATE
2026-09-29 03:54:59 [cefQuery] QUERY_OSC_SET_PAINTING
2026-09-29 03:54:59 [cefQuery] QUERY_OSC_SET_PAINTING
2026-09-29 03:54:59 [window] HIDE (+close event fired)
2026-09-29 03:54:59 [page:Error] 2026-09-29 03:54:59.153  ERROR  main.common/telemetryService- "Attempted to end a performance measurement 'CLOSE_OSC' without starting it!"
2026-09-29 03:54:59 [page:Error] 2026-09-29 03:54:59.170  ERROR  main.common/telemetryService- "Attempted to end a performance measurement 'CLOSE_OSC' without starting it!"
2026-09-29 03:54:59 [window] SHOW
2026-09-29 03:54:59 [window] HIDE (+close event fired)
2026-09-29 03:54:59 [window] SHOW
2026-09-29 03:54:59 [window] HIDE (+close event fired)
2026-09-29 03:54:59 [window] HIDE (page requested)
2026-09-29 03:54:59 [window] SHOW
2026-09-29 03:54:59 [window] HIDE (+close event fired)
2026-09-29 03:54:59 [window] SHOW
2026-09-29 03:54:59 [window] HIDE (+close event fired)
2026-09-29 03:54:59 [window] SHOW
2026-09-29 03:54:59 [window] HIDE (+close event fired)
2026-09-29 03:54:59 [window] HIDE (page requested)
2026-09-29 03:54:59 [window] SHOW
2026-09-29 03:54:59 [window] HIDE (+close event fired)
2026-09-29 03:54:59 [window] HIDE (page requested)
2026-09-29 03:54:59 [window] HIDE (page requested)
2026-09-29 03:55:02 [cefQuery] QUERY_WRITE_SHARED_STORAGE
2026-09-29 03:55:02 [cefQuery] QUERY_OSC_SET_DISPLAY_RECTS
2026-09-29 03:55:02 [cefQuery] QUERY_WIN_CLOSE_OSC
2026-09-29 03:55:02 [window] SHOW
2026-09-29 03:55:02 [window] HIDE (page requested)
2026-09-29 03:55:02 [cefQuery] QUERY_OSC_SET_DISPLAY_RECTS
2026-09-29 03:55:02 [cefQuery] QUERY_FULLSCREEN_STATE
2026-09-29 03:55:02 [cefQuery] QUERY_WIN_OPEN_OSC
2026-09-29 03:55:02 [cefQuery] QUERY_OSC_SET_PAINTING
2026-09-29 03:55:02 [window] SHOW
2026-09-29 03:55:02 [cefQuery] QUERY_OSC_SET_DISPLAY_RECTS
2026-09-29 03:55:02 [cefQuery] QUERY_OSC_SET_DISPLAY_RECTS
2026-09-29 03:55:02 [cefQuery] QUERY_WIN_CLOSE_OSC
2026-09-29 03:55:03 [window] HIDE (+close event fired)
2026-09-29 03:55:03 [cefQuery] QUERY_OSC_SET_DISPLAY_RECTS
2026-09-29 03:55:03 [cefQuery] QUERY_FULLSCREEN_STATE
2026-09-29 03:55:03 [window] HIDE (page requested)
2026-09-29 03:55:03 [cefQuery] QUERY_OSC_SET_PAINTING
2026-09-29 03:55:03 [cefQuery] QUERY_OSC_SET_PAINTING
2026-09-29 03:55:03 [window] SHOW
2026-09-29 03:55:03 [window] HIDE (+close event fired)
2026-09-29 03:55:03 [cefQuery] QUERY_WRITE_SHARED_STORAGE
2026-09-29 03:55:03 [cefQuery] QUERY_OSC_SET_DISPLAY_RECTS
2026-09-29 03:55:03 [cefQuery] QUERY_OSC_SET_DISPLAY_RECTS
2026-09-29 03:55:03 [cefQuery] QUERY_WIN_CLOSE_OSC
2026-09-29 03:55:03 [cefQuery] QUERY_OSC_SET_DISPLAY_RECTS
2026-09-29 03:55:03 [cefQuery] QUERY_OSC_SET_DISPLAY_RECTS
2026-09-29 03:55:03 [cefQuery] QUERY_OSC_SET_DISPLAY_RECTS
2026-09-29 03:55:03 [cefQuery] QUERY_FULLSCREEN_STATE
2026-09-29 03:55:03 [cefQuery] QUERY_OSC_SET_PAINTING
2026-09-29 03:55:03 [cefQuery] QUERY_OSC_SET_PAINTING
2026-09-29 03:55:03 [cefQuery] QUERY_FULLSCREEN_STATE
2026-09-29 03:55:03 [cefQuery] QUERY_OSC_SET_PAINTING
2026-09-29 03:55:03 [window] SHOW
2026-09-29 03:55:03 [cefQuery] QUERY_OSC_SET_PAINTING
2026-09-29 03:55:03 [window] HIDE (+close event fired)
2026-09-29 03:55:03 [cefQuery] QUERY_FULLSCREEN_STATE
2026-09-29 03:55:03 [cefQuery] QUERY_OSC_SET_PAINTING
2026-09-29 03:55:03 [cefQuery] QUERY_OSC_SET_PAINTING
2026-09-29 03:55:03 [cefQuery] QUERY_OSC_SET_DISPLAY_RECTS
2026-09-29 03:55:03 [cefQuery] QUERY_WRITE_SHARED_STORAGE
2026-09-29 03:55:03 [cefQuery] QUERY_OSC_SET_DISPLAY_RECTS
2026-09-29 03:55:03 [cefQuery] QUERY_WIN_CLOSE_OSC
2026-09-29 03:55:03 [window] SHOW
2026-09-29 03:55:03 [window] HIDE (page requested)
2026-09-29 03:55:03 [cefQuery] QUERY_OSC_SET_DISPLAY_RECTS
2026-09-29 03:55:03 [cefQuery] QUERY_OSC_SET_DISPLAY_RECTS
2026-09-29 03:55:03 [cefQuery] QUERY_OSC_SET_DISPLAY_RECTS
2026-09-29 03:55:03 [cefQuery] QUERY_OSC_SET_DISPLAY_RECTS
2026-09-29 03:55:03 [cefQuery] QUERY_OSC_SET_PAINTING
2026-09-29 03:55:03 [cefQuery] QUERY_OSC_SET_PAINTING
2026-09-29 03:55:03 [cefQuery] QUERY_FULLSCREEN_STATE
2026-09-29 03:55:03 [window] SHOW
2026-09-29 03:55:03 [cefQuery] QUERY_OSC_SET_PAINTING
2026-09-29 03:55:03 [cefQuery] QUERY_OSC_SET_PAINTING
2026-09-29 03:55:03 [cefQuery] QUERY_OSC_SET_DISPLAY_RECTS
2026-09-29 03:55:03 [cefQuery] QUERY_WRITE_SHARED_STORAGE
2026-09-29 03:55:03 [cefQuery] QUERY_OSC_SET_DISPLAY_RECTS
2026-09-29 03:55:03 [cefQuery] QUERY_WIN_CLOSE_OSC
2026-09-29 03:55:03 [window] HIDE (+close event fired)
2026-09-29 03:55:03 [cefQuery] QUERY_OSC_SET_DISPLAY_RECTS
2026-09-29 03:55:03 [cefQuery] QUERY_WIN_OPEN_OSC
2026-09-29 03:55:03 [cefQuery] QUERY_FULLSCREEN_STATE
2026-09-29 03:55:03 [cefQuery] QUERY_OSC_SET_PAINTING
2026-09-29 03:55:03 [cefQuery] QUERY_OSC_SET_PAINTING
2026-09-29 03:55:03 [cefQuery] QUERY_FULLSCREEN_STATE
2026-09-29 03:55:03 [cefQuery] QUERY_OSC_SET_PAINTING
2026-09-29 03:55:03 [cefQuery] QUERY_OSC_SET_PAINTING
2026-09-29 03:55:03 [cefQuery] QUERY_OSC_SET_DISPLAY_RECTS
2026-09-29 03:55:03 [cefQuery] QUERY_OSC_SET_DISPLAY_RECTS
2026-09-29 03:55:03 [cefQuery] QUERY_WRITE_SHARED_STORAGE
2026-09-29 03:55:03 [cefQuery] QUERY_OSC_SET_DISPLAY_RECTS
2026-09-29 03:55:03 [cefQuery] QUERY_FULLSCREEN_STATE
2026-09-29 03:55:03 [cefQuery] QUERY_OSC_SET_PAINTING
2026-09-29 03:55:03 [window] SHOW
2026-09-29 03:55:03 [cefQuery] QUERY_WRITE_SHARED_STORAGE
2026-09-29 03:55:03 [cefQuery] QUERY_OSC_SET_DISPLAY_RECTS
2026-09-29 03:55:03 [cefQuery] QUERY_OSC_SET_DISPLAY_RECTS
2026-09-29 03:55:03 [window] HIDE (page requested)
2026-09-29 03:55:03 [cefQuery] QUERY_WIN_CLOSE_OSC
2026-09-29 03:55:03 [cefQuery] QUERY_OSC_SET_DISPLAY_RECTS
2026-09-29 03:55:03 [window] SHOW
2026-09-29 03:55:03 [cefQuery] QUERY_OSC_SET_DISPLAY_RECTS
2026-09-29 03:55:03 [window] HIDE (+close event fired)
2026-09-29 03:55:03 [cefQuery] QUERY_FULLSCREEN_STATE
2026-09-29 03:55:03 [cefQuery] QUERY_OSC_SET_PAINTING
2026-09-29 03:55:03 [cefQuery] QUERY_OSC_SET_PAINTING
2026-09-29 03:55:03 [cefQuery] QUERY_FULLSCREEN_STATE
2026-09-29 03:55:03 [cefQuery] QUERY_OSC_SET_PAINTING
2026-09-29 03:55:03 [window] SHOW
2026-09-29 03:55:03 [cefQuery] QUERY_OSC_SET_DISPLAY_RECTS
2026-09-29 03:55:03 [cefQuery] QUERY_OSC_SET_DISPLAY_RECTS
2026-09-29 03:55:03 [window] HIDE (+close event fired)
2026-09-29 03:55:03 [cefQuery] QUERY_WIN_CLOSE_OSC
2026-09-29 03:55:03 [cefQuery] QUERY_FULLSCREEN_STATE
2026-09-29 03:55:03 [cefQuery] QUERY_OSC_SET_PAINTING
2026-09-29 03:55:03 [page:Error] 2026-09-29 03:55:03.890  ERROR  main.common/telemetryService- "Attempted to end a performance measurement 'CLOSE_OSC' without starting it!"
2026-09-29 03:55:03 [cefQuery] QUERY_FULLSCREEN_STATE
2026-09-29 03:55:03 [cefQuery] QUERY_OSC_SET_PAINTING
2026-09-29 03:55:03 [cefQuery] QUERY_OSC_SET_PAINTING
2026-09-29 03:55:03 [window] SHOW
2026-09-29 03:55:03 [cefQuery] QUERY_OSC_SET_DISPLAY_RECTS
2026-09-29 03:55:03 [cefQuery] QUERY_WRITE_SHARED_STORAGE
2026-09-29 03:55:03 [cefQuery] QUERY_OSC_SET_DISPLAY_RECTS
2026-09-29 03:55:03 [cefQuery] QUERY_WIN_CLOSE_OSC
2026-09-29 03:55:03 [cefQuery] QUERY_OSC_SET_DISPLAY_RECTS
2026-09-29 03:55:03 [cefQuery] QUERY_OSC_SET_DISPLAY_RECTS
2026-09-29 03:55:03 [cefQuery] QUERY_OSC_SET_DISPLAY_RECTS
2026-09-29 03:55:03 [window] HIDE (+close event fired)
2026-09-29 03:55:03 [cefQuery] QUERY_OSC_SET_DISPLAY_RECTS
2026-09-29 03:55:03 [window] HIDE (page requested)
2026-09-29 03:55:04 [cefQuery] QUERY_OSC_SET_DISPLAY_RECTS
2026-09-29 03:55:04 [cefQuery] QUERY_OSC_SET_PAINTING
2026-09-29 03:55:04 [cefQuery] QUERY_FULLSCREEN_STATE
2026-09-29 03:55:04 [cefQuery] QUERY_OSC_SET_PAINTING
2026-09-29 03:55:04 [window] SHOW
2026-09-29 03:55:04 [cefQuery] QUERY_FULLSCREEN_STATE
2026-09-29 03:55:04 [cefQuery] QUERY_OSC_SET_PAINTING
2026-09-29 03:55:04 [cefQuery] QUERY_OSC_SET_PAINTING
2026-09-29 03:55:04 [cefQuery] QUERY_FULLSCREEN_STATE
2026-09-29 03:55:04 [cefQuery] QUERY_OSC_SET_PAINTING
2026-09-29 03:55:04 [cefQuery] QUERY_OSC_SET_PAINTING
2026-09-29 03:55:04 [window] HIDE (+close event fired)
2026-09-29 03:55:04 [cefQuery] QUERY_FULLSCREEN_STATE
2026-09-29 03:55:04 [cefQuery] QUERY_OSC_SET_PAINTING
2026-09-29 03:55:04 [cefQuery] QUERY_OSC_SET_PAINTING
2026-09-29 03:55:04 [page:Error] 2026-09-29 03:55:04.145  ERROR  main.common/telemetryService- "Attempted to end a performance measurement 'CLOSE_OSC' without starting it!"
2026-09-29 03:55:04 [cefQuery] QUERY_FULLSCREEN_STATE
2026-09-29 03:55:04 [cefQuery] QUERY_OSC_SET_PAINTING
2026-09-29 03:55:04 [cefQuery] QUERY_OSC_SET_PAINTING
2026-09-29 03:55:04 [window] SHOW
2026-09-29 03:55:04 [window] HIDE (page requested)
2026-09-29 03:55:04 [window] SHOW
2026-09-29 03:55:04 [window] HIDE (page requested)
2026-09-29 03:55:04 [window] SHOW
2026-09-29 03:55:04 [window] HIDE (+close event fired)
2026-09-29 03:55:04 [window] SHOW
2026-09-29 03:55:04 [window] HIDE (+close event fired)
2026-09-29 03:55:04 [window] SHOW
2026-09-29 03:55:04 [window] HIDE (+close event fired)
2026-09-29 03:55:04 [window] HIDE (page requested)
2026-09-29 03:55:04 [window] SHOW
2026-09-29 03:55:04 [window] HIDE (page requested)
2026-09-29 03:55:05 [cefQuery] QUERY_WRITE_SHARED_STORAGE
2026-09-29 03:55:05 [cefQuery] QUERY_WIN_CLOSE_OSC
2026-09-29 03:55:05 [window] SHOW
2026-09-29 03:55:05 [window] HIDE (page requested)
2026-09-29 03:55:05 [cefQuery] QUERY_OSC_SET_DISPLAY_RECTS
2026-09-29 03:55:05 [cefQuery] QUERY_FULLSCREEN_STATE
2026-09-29 03:55:05 [cefQuery] QUERY_WIN_OPEN_OSC
2026-09-29 03:55:05 [cefQuery] QUERY_OSC_SET_PAINTING
2026-09-29 03:55:05 [window] SHOW
2026-09-29 03:55:06 [cefQuery] QUERY_OSC_SET_DISPLAY_RECTS
2026-09-29 03:55:06 [cefQuery] QUERY_WRITE_SHARED_STORAGE
2026-09-29 03:55:06 [cefQuery] QUERY_WIN_CLOSE_OSC
2026-09-29 03:55:06 [window] HIDE (+close event fired)
2026-09-29 03:55:06 [window] HIDE (page requested)
2026-09-29 03:56:48 [cefQuery] QUERY_OSC_SET_DISPLAY_RECTS
2026-09-29 03:56:48 [window] SHOW
2026-09-29 03:56:49 [cefQuery] QUERY_FULLSCREEN_STATE
2026-09-29 03:56:49 [cefQuery] QUERY_WIN_OPEN_OSC
2026-09-29 03:56:49 [cefQuery] QUERY_OSC_SET_PAINTING
2026-09-29 03:56:49 [cefQuery] QUERY_OSC_SET_PAINTING
2026-09-29 03:56:49 [cefQuery] QUERY_OSC_SET_DISPLAY_RECTS
2026-09-29 03:56:49 [cefQuery] QUERY_WIN_CLOSE_OSC
2026-09-29 03:56:49 [window] HIDE (+close event fired)
2026-09-29 03:56:49 [cefQuery] QUERY_OSC_SET_DISPLAY_RECTS
2026-09-29 03:56:49 [window] HIDE (page requested)
2026-09-29 03:56:49 [cefQuery] QUERY_OSC_SET_DISPLAY_RECTS
2026-09-29 03:56:49 [cefQuery] QUERY_FULLSCREEN_STATE
2026-09-29 03:56:49 [cefQuery] QUERY_OSC_SET_PAINTING
2026-09-29 03:56:49 [cefQuery] QUERY_WIN_OPEN_OSC
2026-09-29 03:56:49 [cefQuery] QUERY_OSC_SET_PAINTING
2026-09-29 03:56:49 [window] SHOW
2026-09-29 03:56:51 [cefQuery] QUERY_OSC_SET_DISPLAY_RECTS
2026-09-29 03:56:51 [cefQuery] QUERY_OSC_SET_DISPLAY_RECTS
2026-09-29 03:56:51 [cefQuery] QUERY_WIN_CLOSE_OSC
2026-09-29 03:56:51 [window] HIDE (+close event fired)
2026-09-29 03:56:51 [window] HIDE (page requested)
2026-09-29 03:56:52 [cefQuery] QUERY_OSC_SET_DISPLAY_RECTS
2026-09-29 03:56:52 [cefQuery] QUERY_FULLSCREEN_STATE
2026-09-29 03:56:52 [cefQuery] QUERY_WIN_OPEN_OSC
2026-09-29 03:56:52 [cefQuery] QUERY_OSC_SET_PAINTING
2026-09-29 03:56:52 [window] SHOW
2026-09-29 03:56:53 [cefQuery] QUERY_OSC_DISPLAY_IS_DESKTOP_MODE
2026-09-29 03:56:53 [cefQuery] QUERY_OSC_SET_DISPLAY_RECTS
2026-09-29 03:56:53 [cefQuery] QUERY_FULLSCREEN_STATE
2026-09-29 03:56:53 [cefQuery] QUERY_OSC_SET_PAINTING
2026-09-29 03:56:53 [cefQuery] QUERY_OSC_SET_PAINTING
2026-09-29 03:56:53 [cefQuery] QUERY_OSC_SET_PAINTING
2026-09-29 03:56:53 [cefQuery] QUERY_OSC_SET_PAINTING
2026-09-29 03:56:55 [cefQuery] QUERY_OSC_SET_DISPLAY_RECTS
2026-09-29 03:56:55 [cefQuery] QUERY_FULLSCREEN_STATE
2026-09-29 03:56:56 [cefQuery] QUERY_OSC_SET_DISPLAY_RECTS
2026-09-29 03:56:56 [cefQuery] QUERY_OSC_SET_DISPLAY_RECTS
2026-09-29 03:56:56 [cefQuery] QUERY_WRITE_SHARED_STORAGE
2026-09-29 03:56:56 [cefQuery] QUERY_WIN_OPEN_OSC
2026-09-29 03:56:56 [window] HIDE (+close event fired)
2026-09-29 03:56:57 [cefQuery] QUERY_OSC_SET_DISPLAY_RECTS
2026-09-29 03:56:57 [cefQuery] QUERY_FULLSCREEN_STATE
2026-09-29 03:56:57 [cefQuery] QUERY_WIN_OPEN_OSC
2026-09-29 03:56:57 [cefQuery] QUERY_OSC_SET_PAINTING
2026-09-29 03:56:57 [cefQuery] QUERY_OSC_SET_PAINTING
2026-09-29 03:56:57 [window] SHOW
2026-09-29 03:56:57 [cefQuery] QUERY_OSC_SET_DISPLAY_RECTS
2026-09-29 03:56:57 [cefQuery] QUERY_WRITE_SHARED_STORAGE
2026-09-29 03:56:57 [window] HIDE (+close event fired)
2026-09-29 03:56:57 [cefQuery] QUERY_OSC_SET_DISPLAY_RECTS
2026-09-29 03:56:57 [cefQuery] QUERY_OSC_SET_DISPLAY_RECTS
2026-09-29 03:56:57 [cefQuery] QUERY_OSC_SET_DISPLAY_RECTS
2026-09-29 03:56:57 [cefQuery] QUERY_OSC_SET_PAINTING
2026-09-29 03:56:57 [cefQuery] QUERY_WIN_OPEN_OSC
2026-09-29 03:56:57 [cefQuery] QUERY_OSC_SET_PAINTING
2026-09-29 03:56:57 [cefQuery] QUERY_OSC_SET_DISPLAY_RECTS
2026-09-29 03:56:57 [cefQuery] QUERY_WRITE_SHARED_STORAGE
2026-09-29 03:56:57 [cefQuery] QUERY_OSC_SET_DISPLAY_RECTS
2026-09-29 03:56:57 [cefQuery] QUERY_WIN_OPEN_OSC
2026-09-29 03:56:57 [window] SHOW
2026-09-29 03:56:57 [window] HIDE (+close event fired)
2026-09-29 03:56:57 [cefQuery] QUERY_WIN_OPEN_OSC
2026-09-29 03:56:57 [cefQuery] QUERY_FULLSCREEN_STATE
2026-09-29 03:56:57 [window] SHOW
2026-09-29 03:56:57 [cefQuery] QUERY_OSC_SET_PAINTING
2026-09-29 03:56:57 [window] HIDE (+close event fired)
2026-09-29 03:56:57 [cefQuery] QUERY_FULLSCREEN_STATE
2026-09-29 03:56:57 [cefQuery] QUERY_OSC_SET_PAINTING
2026-09-29 03:56:57 [cefQuery] QUERY_OSC_SET_PAINTING
2026-09-29 03:56:57 [cefQuery] QUERY_WRITE_SHARED_STORAGE
2026-09-29 03:56:57 [cefQuery] QUERY_WIN_OPEN_OSC
2026-09-29 03:56:57 [cefQuery] QUERY_OSC_SET_DISPLAY_RECTS
2026-09-29 03:56:57 [cefQuery] QUERY_OSC_SET_DISPLAY_RECTS
2026-09-29 03:56:57 [cefQuery] QUERY_OSC_SET_DISPLAY_RECTS
2026-09-29 03:56:57 [window] SHOW
2026-09-29 03:56:57 [cefQuery] QUERY_OSC_SET_DISPLAY_RECTS
2026-09-29 03:56:57 [window] HIDE (+close event fired)
2026-09-29 03:56:57 [cefQuery] QUERY_OSC_SET_DISPLAY_RECTS
2026-09-29 03:56:57 [cefQuery] QUERY_OSC_SET_DISPLAY_RECTS
2026-09-29 03:56:57 [cefQuery] QUERY_FULLSCREEN_STATE
2026-09-29 03:56:57 [cefQuery] QUERY_OSC_SET_PAINTING
2026-09-29 03:56:57 [cefQuery] QUERY_WIN_OPEN_OSC
2026-09-29 03:56:57 [cefQuery] QUERY_OSC_SET_PAINTING
2026-09-29 03:56:57 [cefQuery] QUERY_OSC_SET_DISPLAY_RECTS
2026-09-29 03:56:57 [cefQuery] QUERY_WRITE_SHARED_STORAGE
2026-09-29 03:56:57 [cefQuery] QUERY_WIN_OPEN_OSC
2026-09-29 03:56:57 [cefQuery] QUERY_OSC_SET_DISPLAY_RECTS
2026-09-29 03:56:57 [window] SHOW
2026-09-29 03:56:57 [window] HIDE (+close event fired)
2026-09-29 03:56:57 [cefQuery] QUERY_OSC_SET_DISPLAY_RECTS
2026-09-29 03:56:57 [cefQuery] QUERY_OSC_SET_PAINTING
2026-09-29 03:56:57 [cefQuery] QUERY_WIN_OPEN_OSC
2026-09-29 03:56:57 [cefQuery] QUERY_FULLSCREEN_STATE
2026-09-29 03:56:57 [cefQuery] QUERY_OSC_SET_PAINTING
2026-09-29 03:56:57 [cefQuery] QUERY_WRITE_SHARED_STORAGE
2026-09-29 03:56:57 [cefQuery] QUERY_OSC_SET_DISPLAY_RECTS
2026-09-29 03:56:57 [cefQuery] QUERY_OSC_SET_DISPLAY_RECTS
2026-09-29 03:56:57 [cefQuery] QUERY_OSC_SET_DISPLAY_RECTS
2026-09-29 03:56:57 [cefQuery] QUERY_OSC_SET_DISPLAY_RECTS
2026-09-29 03:56:57 [window] SHOW
2026-09-29 03:56:57 [cefQuery] QUERY_OSC_SET_PAINTING
2026-09-29 03:56:57 [cefQuery] QUERY_FULLSCREEN_STATE
2026-09-29 03:56:57 [cefQuery] QUERY_OSC_SET_PAINTING
2026-09-29 03:56:57 [window] HIDE (+close event fired)
2026-09-29 03:56:57 [cefQuery] QUERY_WRITE_SHARED_STORAGE
2026-09-29 03:56:57 [cefQuery] QUERY_OSC_SET_DISPLAY_RECTS
2026-09-29 03:56:57 [cefQuery] QUERY_WIN_OPEN_OSC
2026-09-29 03:56:57 [cefQuery] QUERY_OSC_SET_DISPLAY_RECTS
2026-09-29 03:56:57 [cefQuery] QUERY_OSC_SET_DISPLAY_RECTS
2026-09-29 03:56:57 [cefQuery] QUERY_OSC_SET_DISPLAY_RECTS
2026-09-29 03:56:57 [cefQuery] QUERY_FULLSCREEN_STATE
2026-09-29 03:56:57 [cefQuery] QUERY_OSC_SET_PAINTING
2026-09-29 03:56:57 [cefQuery] QUERY_WIN_OPEN_OSC
2026-09-29 03:56:57 [cefQuery] QUERY_OSC_SET_PAINTING
2026-09-29 03:56:57 [cefQuery] QUERY_WRITE_SHARED_STORAGE
2026-09-29 03:56:57 [cefQuery] QUERY_OSC_SET_DISPLAY_RECTS
2026-09-29 03:56:57 [cefQuery] QUERY_OSC_SET_DISPLAY_RECTS
2026-09-29 03:56:57 [cefQuery] QUERY_OSC_SET_DISPLAY_RECTS
2026-09-29 03:56:58 [window] SHOW
2026-09-29 03:56:58 [cefQuery] QUERY_OSC_SET_DISPLAY_RECTS
2026-09-29 03:56:58 [window] HIDE (+close event fired)
2026-09-29 03:56:58 [cefQuery] QUERY_OSC_SET_DISPLAY_RECTS
2026-09-29 03:56:58 [cefQuery] QUERY_OSC_SET_DISPLAY_RECTS
2026-09-29 03:56:58 [cefQuery] QUERY_OSC_SET_DISPLAY_RECTS
2026-09-29 03:56:58 [cefQuery] QUERY_OSC_SET_DISPLAY_RECTS
2026-09-29 03:56:58 [cefQuery] QUERY_OSC_SET_DISPLAY_RECTS
2026-09-29 03:56:58 [cefQuery] QUERY_FULLSCREEN_STATE
2026-09-29 03:56:58 [cefQuery] QUERY_OSC_SET_PAINTING
2026-09-29 03:56:58 [window] SHOW
2026-09-29 03:56:58 [window] HIDE (+close event fired)
2026-09-29 03:56:58 [cefQuery] QUERY_OSC_SET_DISPLAY_RECTS
2026-09-29 03:56:58 [cefQuery] QUERY_WRITE_SHARED_STORAGE
2026-09-29 03:56:58 [cefQuery] QUERY_OSC_SET_DISPLAY_RECTS
2026-09-29 03:56:58 [cefQuery] QUERY_OSC_SET_DISPLAY_RECTS
2026-09-29 03:56:58 [window] SHOW
2026-09-29 03:56:58 [cefQuery] QUERY_OSC_SET_PAINTING
2026-09-29 03:56:58 [window] HIDE (+close event fired)
2026-09-29 03:56:58 [cefQuery] QUERY_WIN_OPEN_OSC
2026-09-29 03:56:58 [cefQuery] QUERY_FULLSCREEN_STATE
2026-09-29 03:56:58 [cefQuery] QUERY_OSC_SET_PAINTING
2026-09-29 03:56:58 [cefQuery] QUERY_OSC_SET_DISPLAY_RECTS
2026-09-29 03:56:58 [cefQuery] QUERY_WRITE_SHARED_STORAGE
2026-09-29 03:56:58 [cefQuery] QUERY_OSC_SET_DISPLAY_RECTS
2026-09-29 03:56:58 [cefQuery] QUERY_WIN_OPEN_OSC
2026-09-29 03:56:58 [cefQuery] QUERY_OSC_SET_DISPLAY_RECTS
2026-09-29 03:56:58 [cefQuery] QUERY_OSC_SET_DISPLAY_RECTS
2026-09-29 03:56:58 [window] SHOW
2026-09-29 03:56:58 [window] HIDE (+close event fired)
2026-09-29 03:56:58 [cefQuery] QUERY_OSC_SET_DISPLAY_RECTS
2026-09-29 03:56:58 [cefQuery] QUERY_OSC_SET_DISPLAY_RECTS
2026-09-29 03:56:58 [cefQuery] QUERY_OSC_SET_DISPLAY_RECTS
2026-09-29 03:56:58 [cefQuery] QUERY_OSC_SET_DISPLAY_RECTS
2026-09-29 03:56:58 [cefQuery] QUERY_OSC_SET_DISPLAY_RECTS
2026-09-29 03:56:58 [cefQuery] QUERY_FULLSCREEN_STATE
2026-09-29 03:56:58 [cefQuery] QUERY_OSC_SET_PAINTING
2026-09-29 03:56:58 [window] SHOW
2026-09-29 03:56:58 [cefQuery] QUERY_OSC_SET_PAINTING
2026-09-29 03:56:58 [window] HIDE (+close event fired)
2026-09-29 03:56:58 [cefQuery] QUERY_OSC_SET_DISPLAY_RECTS
2026-09-29 03:56:58 [cefQuery] QUERY_WRITE_SHARED_STORAGE
2026-09-29 03:56:58 [cefQuery] QUERY_WIN_OPEN_OSC
2026-09-29 03:56:58 [cefQuery] QUERY_OSC_SET_DISPLAY_RECTS
2026-09-29 03:56:58 [window] SHOW
2026-09-29 03:56:58 [cefQuery] QUERY_OSC_SET_DISPLAY_RECTS
2026-09-29 03:56:58 [window] HIDE (+close event fired)
2026-09-29 03:56:58 [window] SHOW
2026-09-29 03:56:58 [cefQuery] QUERY_OSC_SET_DISPLAY_RECTS
2026-09-29 03:56:58 [cefQuery] QUERY_OSC_SET_PAINTING
2026-09-29 03:56:58 [cefQuery] QUERY_FULLSCREEN_STATE
2026-09-29 03:56:58 [cefQuery] QUERY_OSC_SET_PAINTING
2026-09-29 03:56:58 [window] HIDE (+close event fired)
2026-09-29 03:56:58 [cefQuery] QUERY_OSC_SET_DISPLAY_RECTS
2026-09-29 03:56:58 [cefQuery] QUERY_WRITE_SHARED_STORAGE
2026-09-29 03:56:58 [cefQuery] QUERY_WIN_OPEN_OSC
2026-09-29 03:56:58 [cefQuery] QUERY_OSC_SET_DISPLAY_RECTS
2026-09-29 03:56:58 [cefQuery] QUERY_OSC_SET_DISPLAY_RECTS
2026-09-29 03:56:59 [cefQuery] QUERY_OSC_SET_DISPLAY_RECTS
2026-09-29 03:56:59 [cefQuery] QUERY_OSC_SET_DISPLAY_RECTS
2026-09-29 03:56:59 [cefQuery] QUERY_OSC_SET_DISPLAY_RECTS
2026-09-29 03:56:59 [window] SHOW
2026-09-29 03:56:59 [window] HIDE (+close event fired)
2026-09-29 03:56:59 [cefQuery] QUERY_OSC_SET_DISPLAY_RECTS
2026-09-29 03:56:59 [cefQuery] QUERY_OSC_SET_DISPLAY_RECTS
2026-09-29 03:56:59 [cefQuery] QUERY_OSC_SET_DISPLAY_RECTS
2026-09-29 03:56:59 [cefQuery] QUERY_OSC_SET_DISPLAY_RECTS
2026-09-29 03:56:59 [cefQuery] QUERY_FULLSCREEN_STATE
2026-09-29 03:56:59 [cefQuery] QUERY_WIN_OPEN_OSC
2026-09-29 03:56:59 [cefQuery] QUERY_OSC_SET_PAINTING
2026-09-29 03:56:59 [window] SHOW
2026-09-29 03:56:59 [window] HIDE (+close event fired)
2026-09-29 03:56:59 [cefQuery] QUERY_OSC_SET_DISPLAY_RECTS
2026-09-29 03:56:59 [cefQuery] QUERY_WRITE_SHARED_STORAGE
2026-09-29 03:56:59 [cefQuery] QUERY_OSC_SET_DISPLAY_RECTS
2026-09-29 03:56:59 [cefQuery] QUERY_WIN_OPEN_OSC
2026-09-29 03:56:59 [cefQuery] QUERY_OSC_SET_DISPLAY_RECTS
2026-09-29 03:56:59 [cefQuery] QUERY_OSC_SET_DISPLAY_RECTS
2026-09-29 03:56:59 [cefQuery] QUERY_OSC_SET_PAINTING
2026-09-29 03:56:59 [cefQuery] QUERY_FULLSCREEN_STATE
2026-09-29 03:56:59 [cefQuery] QUERY_OSC_SET_PAINTING
2026-09-29 03:56:59 [window] SHOW
2026-09-29 03:56:59 [cefQuery] QUERY_OSC_SET_DISPLAY_RECTS
2026-09-29 03:56:59 [cefQuery] QUERY_OSC_SET_DISPLAY_RECTS
2026-09-29 03:56:59 [cefQuery] QUERY_OSC_SET_DISPLAY_RECTS
2026-09-29 03:56:59 [window] HIDE (+close event fired)
2026-09-29 03:56:59 [cefQuery] QUERY_OSC_SET_DISPLAY_RECTS
2026-09-29 03:56:59 [cefQuery] QUERY_OSC_SET_DISPLAY_RECTS
2026-09-29 03:56:59 [cefQuery] QUERY_OSC_SET_DISPLAY_RECTS
2026-09-29 03:56:59 [cefQuery] QUERY_OSC_SET_DISPLAY_RECTS
2026-09-29 03:56:59 [window] SHOW
2026-09-29 03:56:59 [window] HIDE (+close event fired)
2026-09-29 03:56:59 [cefQuery] QUERY_FULLSCREEN_STATE
2026-09-29 03:56:59 [cefQuery] QUERY_OSC_SET_PAINTING
2026-09-29 03:56:59 [cefQuery] QUERY_OSC_SET_DISPLAY_RECTS
2026-09-29 03:56:59 [cefQuery] QUERY_WIN_OPEN_OSC
2026-09-29 03:56:59 [cefQuery] QUERY_OSC_SET_DISPLAY_RECTS
2026-09-29 03:56:59 [cefQuery] QUERY_OSC_SET_DISPLAY_RECTS
2026-09-29 03:56:59 [cefQuery] QUERY_WRITE_SHARED_STORAGE
2026-09-29 03:56:59 [cefQuery] QUERY_OSC_SET_DISPLAY_RECTS
2026-09-29 03:56:59 [cefQuery] QUERY_OSC_SET_DISPLAY_RECTS
2026-09-29 03:56:59 [cefQuery] QUERY_OSC_SET_DISPLAY_RECTS
2026-09-29 03:56:59 [window] SHOW
2026-09-29 03:56:59 [cefQuery] QUERY_OSC_SET_DISPLAY_RECTS
2026-09-29 03:56:59 [cefQuery] QUERY_OSC_SET_DISPLAY_RECTS
2026-09-29 03:56:59 [window] HIDE (+close event fired)
2026-09-29 03:56:59 [cefQuery] QUERY_OSC_SET_DISPLAY_RECTS
2026-09-29 03:56:59 [cefQuery] QUERY_FULLSCREEN_STATE
2026-09-29 03:56:59 [cefQuery] QUERY_WIN_OPEN_OSC
2026-09-29 03:56:59 [cefQuery] QUERY_OSC_SET_PAINTING
2026-09-29 03:56:59 [cefQuery] QUERY_OSC_SET_DISPLAY_RECTS
2026-09-29 03:56:59 [cefQuery] QUERY_WRITE_SHARED_STORAGE
2026-09-29 03:56:59 [cefQuery] QUERY_WIN_OPEN_OSC
2026-09-29 03:56:59 [cefQuery] QUERY_OSC_SET_DISPLAY_RECTS
2026-09-29 03:56:59 [window] SHOW
2026-09-29 03:56:59 [window] HIDE (+close event fired)
2026-09-29 03:56:59 [cefQuery] QUERY_OSC_SET_PAINTING
2026-09-29 03:56:59 [cefQuery] QUERY_FULLSCREEN_STATE
2026-09-29 03:56:59 [cefQuery] QUERY_OSC_SET_PAINTING
2026-09-29 03:57:00 [window] SHOW
2026-09-29 03:57:00 [window] HIDE (+close event fired)
2026-09-29 03:57:00 [cefQuery] QUERY_FULLSCREEN_STATE
2026-09-29 03:57:00 [cefQuery] QUERY_OSC_SET_PAINTING
2026-09-29 03:57:00 [window] SHOW
2026-09-29 03:57:00 [cefQuery] QUERY_OSC_SET_PAINTING
2026-09-29 03:57:00 [cefQuery] QUERY_FULLSCREEN_STATE
2026-09-29 03:57:00 [cefQuery] QUERY_OSC_SET_PAINTING
2026-09-29 03:57:00 [window] HIDE (+close event fired)
2026-09-29 03:57:00 [window] SHOW
2026-09-29 03:57:00 [cefQuery] QUERY_OSC_SET_PAINTING
2026-09-29 03:57:00 [cefQuery] QUERY_FULLSCREEN_STATE
2026-09-29 03:57:00 [window] HIDE (+close event fired)
2026-09-29 03:57:00 [cefQuery] QUERY_OSC_SET_PAINTING
2026-09-29 03:57:00 [window] SHOW
2026-09-29 03:57:00 [window] HIDE (+close event fired)
2026-09-29 03:57:00 [cefQuery] QUERY_OSC_SET_PAINTING
2026-09-29 03:57:00 [cefQuery] QUERY_FULLSCREEN_STATE
2026-09-29 03:57:00 [cefQuery] QUERY_OSC_SET_PAINTING
2026-09-29 03:57:00 [window] SHOW
2026-09-29 03:57:00 [window] HIDE (+close event fired)
2026-09-29 03:57:00 [cefQuery] QUERY_FULLSCREEN_STATE
2026-09-29 03:57:00 [cefQuery] QUERY_OSC_SET_PAINTING
2026-09-29 03:57:00 [cefQuery] QUERY_OSC_SET_PAINTING
2026-09-29 03:57:00 [window] SHOW
2026-09-29 03:57:00 [window] HIDE (+close event fired)
2026-09-29 03:57:00 [cefQuery] QUERY_FULLSCREEN_STATE
2026-09-29 03:57:00 [cefQuery] QUERY_OSC_SET_PAINTING
2026-09-29 03:57:01 [window] SHOW
2026-09-29 03:57:01 [window] HIDE (+close event fired)
2026-09-29 03:57:01 [cefQuery] QUERY_FULLSCREEN_STATE
2026-09-29 03:57:01 [cefQuery] QUERY_OSC_SET_PAINTING
2026-09-29 03:57:01 [cefQuery] QUERY_OSC_SET_PAINTING
2026-09-29 03:57:01 [window] SHOW
2026-09-29 03:57:01 [window] HIDE (+close event fired)
2026-09-29 03:57:01 [cefQuery] QUERY_FULLSCREEN_STATE
2026-09-29 03:57:01 [cefQuery] QUERY_OSC_SET_PAINTING
2026-09-29 03:57:01 [cefQuery] QUERY_OSC_SET_PAINTING
2026-09-29 03:57:01 [window] SHOW
2026-09-29 03:57:01 [window] HIDE (+close event fired)
2026-09-29 03:57:01 [cefQuery] QUERY_FULLSCREEN_STATE
2026-09-29 03:57:01 [cefQuery] QUERY_OSC_SET_PAINTING
2026-09-29 03:57:01 [cefQuery] QUERY_OSC_SET_PAINTING
2026-09-29 03:57:01 [window] SHOW
2026-09-29 03:57:01 [window] HIDE (+close event fired)
2026-09-29 03:57:01 [cefQuery] QUERY_OSC_SET_PAINTING
2026-09-29 03:57:01 [cefQuery] QUERY_FULLSCREEN_STATE
2026-09-29 03:57:01 [cefQuery] QUERY_OSC_SET_PAINTING
2026-09-29 03:57:01 [window] SHOW
2026-09-29 03:57:01 [window] HIDE (+close event fired)
2026-09-29 03:57:01 [cefQuery] QUERY_OSC_SET_PAINTING
2026-09-29 03:57:01 [window] SHOW
2026-09-29 03:57:01 [window] HIDE (+close event fired)
2026-09-29 03:57:01 [cefQuery] QUERY_FULLSCREEN_STATE
2026-09-29 03:57:01 [cefQuery] QUERY_OSC_SET_PAINTING
2026-09-29 03:57:01 [cefQuery] QUERY_OSC_SET_PAINTING
2026-09-29 03:57:01 [window] SHOW
2026-09-29 03:57:01 [window] HIDE (+close event fired)
2026-09-29 03:57:02 [cefQuery] QUERY_FULLSCREEN_STATE
2026-09-29 03:57:02 [cefQuery] QUERY_OSC_SET_PAINTING
2026-09-29 03:57:02 [window] SHOW
2026-09-29 03:57:02 [window] HIDE (+close event fired)
2026-09-29 03:57:02 [cefQuery] QUERY_FULLSCREEN_STATE
2026-09-29 03:57:02 [cefQuery] QUERY_OSC_SET_PAINTING
2026-09-29 03:57:02 [cefQuery] QUERY_OSC_SET_PAINTING
2026-09-29 03:57:02 [window] SHOW
2026-09-29 03:57:02 [window] HIDE (+close event fired)
2026-09-29 03:57:02 [cefQuery] QUERY_FULLSCREEN_STATE
2026-09-29 03:57:02 [cefQuery] QUERY_OSC_SET_PAINTING
2026-09-29 03:57:02 [cefQuery] QUERY_OSC_SET_PAINTING
2026-09-29 03:57:02 [window] SHOW
2026-09-29 03:57:02 [window] HIDE (+close event fired)
2026-09-29 03:57:02 [cefQuery] QUERY_FULLSCREEN_STATE
2026-09-29 03:57:02 [cefQuery] QUERY_OSC_SET_PAINTING
2026-09-29 03:57:02 [cefQuery] QUERY_OSC_SET_PAINTING
2026-09-29 03:57:02 [window] SHOW
2026-09-29 03:57:02 [window] HIDE (+close event fired)
2026-09-29 03:57:02 [cefQuery] QUERY_FULLSCREEN_STATE
2026-09-29 03:57:02 [cefQuery] QUERY_OSC_SET_PAINTING
2026-09-29 03:57:02 [cefQuery] QUERY_OSC_SET_PAINTING
2026-09-29 03:57:02 [window] SHOW
2026-09-29 03:57:02 [window] HIDE (+close event fired)
2026-09-29 03:57:02 [cefQuery] QUERY_FULLSCREEN_STATE
2026-09-29 03:57:02 [cefQuery] QUERY_OSC_SET_PAINTING
2026-09-29 03:57:02 [cefQuery] QUERY_OSC_SET_PAINTING
2026-09-29 03:57:02 [window] SHOW
2026-09-29 03:57:02 [window] HIDE (+close event fired)
2026-09-29 03:57:02 [cefQuery] QUERY_FULLSCREEN_STATE
2026-09-29 03:57:02 [cefQuery] QUERY_OSC_SET_PAINTING
2026-09-29 03:57:02 [cefQuery] QUERY_OSC_SET_PAINTING
2026-09-29 03:57:03 [cefQuery] QUERY_FULLSCREEN_STATE
2026-09-29 03:57:03 [cefQuery] QUERY_OSC_SET_PAINTING
2026-09-29 03:57:03 [cefQuery] QUERY_OSC_SET_PAINTING
2026-09-29 03:57:03 [cefQuery] QUERY_FULLSCREEN_STATE
2026-09-29 03:57:03 [cefQuery] QUERY_OSC_SET_PAINTING
2026-09-29 03:57:03 [cefQuery] QUERY_OSC_SET_PAINTING
2026-09-29 03:57:03 [cefQuery] QUERY_FULLSCREEN_STATE
2026-09-29 03:57:03 [cefQuery] QUERY_OSC_SET_PAINTING
2026-09-29 03:57:03 [cefQuery] QUERY_OSC_SET_PAINTING
2026-09-29 03:57:03 [cefQuery] QUERY_FULLSCREEN_STATE
2026-09-29 03:57:03 [cefQuery] QUERY_OSC_SET_PAINTING
2026-09-29 03:57:03 [cefQuery] QUERY_OSC_SET_PAINTING
2026-09-29 03:57:03 [cefQuery] QUERY_FULLSCREEN_STATE
2026-09-29 03:57:03 [cefQuery] QUERY_OSC_SET_PAINTING
2026-09-29 03:57:03 [cefQuery] QUERY_OSC_SET_PAINTING
2026-09-29 03:57:03 [cefQuery] QUERY_FULLSCREEN_STATE
2026-09-29 03:57:03 [cefQuery] QUERY_OSC_SET_PAINTING
2026-09-29 03:57:03 [cefQuery] QUERY_OSC_SET_PAINTING
2026-09-29 03:57:03 [cefQuery] QUERY_FULLSCREEN_STATE
2026-09-29 03:57:03 [cefQuery] QUERY_OSC_SET_PAINTING
2026-09-29 03:57:03 [cefQuery] QUERY_OSC_SET_PAINTING
2026-09-29 03:57:03 [cefQuery] QUERY_FULLSCREEN_STATE
2026-09-29 03:57:03 [cefQuery] QUERY_OSC_SET_PAINTING
2026-09-29 03:57:03 [cefQuery] QUERY_OSC_SET_PAINTING
2026-09-29 03:57:03 [cefQuery] QUERY_FULLSCREEN_STATE
2026-09-29 03:57:03 [cefQuery] QUERY_OSC_SET_PAINTING
2026-09-29 03:57:03 [cefQuery] QUERY_OSC_SET_PAINTING
2026-09-29 03:57:03 [cefQuery] QUERY_FULLSCREEN_STATE
2026-09-29 03:57:03 [cefQuery] QUERY_OSC_SET_PAINTING
2026-09-29 03:57:03 [cefQuery] QUERY_OSC_SET_PAINTING
2026-09-29 03:57:03 [cefQuery] QUERY_FULLSCREEN_STATE
2026-09-29 03:57:03 [cefQuery] QUERY_OSC_SET_PAINTING
2026-09-29 03:57:03 [cefQuery] QUERY_OSC_SET_PAINTING
2026-09-29 03:57:03 [cefQuery] QUERY_FULLSCREEN_STATE
2026-09-29 03:57:03 [cefQuery] QUERY_OSC_SET_PAINTING
2026-09-29 03:57:03 [cefQuery] QUERY_OSC_SET_PAINTING
2026-09-29 03:57:03 [cefQuery] QUERY_FULLSCREEN_STATE
2026-09-29 03:57:03 [cefQuery] QUERY_OSC_SET_PAINTING
2026-09-29 03:57:03 [cefQuery] QUERY_OSC_SET_PAINTING
2026-09-29 03:57:03 [cefQuery] QUERY_FULLSCREEN_STATE
2026-09-29 03:57:03 [cefQuery] QUERY_OSC_SET_PAINTING
2026-09-29 03:57:03 [cefQuery] QUERY_OSC_SET_PAINTING
2026-09-29 03:57:03 [cefQuery] QUERY_FULLSCREEN_STATE
2026-09-29 03:57:03 [cefQuery] QUERY_OSC_SET_PAINTING
2026-09-29 03:57:03 [cefQuery] QUERY_OSC_SET_PAINTING
2026-09-29 03:57:03 [cefQuery] QUERY_FULLSCREEN_STATE
2026-09-29 03:57:03 [cefQuery] QUERY_OSC_SET_PAINTING
2026-09-29 03:57:03 [cefQuery] QUERY_OSC_SET_PAINTING
2026-09-29 03:57:03 [cefQuery] QUERY_FULLSCREEN_STATE
2026-09-29 03:57:03 [cefQuery] QUERY_OSC_SET_PAINTING
2026-09-29 03:57:03 [cefQuery] QUERY_OSC_SET_PAINTING
2026-09-29 03:57:03 [cefQuery] QUERY_FULLSCREEN_STATE
2026-09-29 03:57:03 [cefQuery] QUERY_OSC_SET_PAINTING
2026-09-29 03:57:03 [cefQuery] QUERY_OSC_SET_PAINTING
2026-09-29 03:57:04 [cefQuery] QUERY_FULLSCREEN_STATE
2026-09-29 03:57:04 [cefQuery] QUERY_OSC_SET_PAINTING
2026-09-29 03:57:04 [cefQuery] QUERY_OSC_SET_PAINTING
2026-09-29 03:57:04 [cefQuery] QUERY_FULLSCREEN_STATE
2026-09-29 03:57:04 [cefQuery] QUERY_OSC_SET_PAINTING
2026-09-29 03:57:04 [cefQuery] QUERY_OSC_SET_PAINTING
2026-09-29 03:57:04 [cefQuery] QUERY_FULLSCREEN_STATE
2026-09-29 03:57:04 [cefQuery] QUERY_OSC_SET_PAINTING
2026-09-29 03:57:04 [cefQuery] QUERY_OSC_SET_PAINTING
2026-09-29 03:57:04 [cefQuery] QUERY_FULLSCREEN_STATE
2026-09-29 03:57:04 [cefQuery] QUERY_OSC_SET_PAINTING
2026-09-29 03:57:04 [cefQuery] QUERY_FULLSCREEN_STATE
2026-09-29 03:57:04 [cefQuery] QUERY_OSC_SET_PAINTING
2026-09-29 03:57:04 [cefQuery] QUERY_OSC_SET_PAINTING
2026-09-29 03:57:04 [cefQuery] QUERY_FULLSCREEN_STATE
2026-09-29 03:57:04 [cefQuery] QUERY_OSC_SET_PAINTING
2026-09-29 03:57:04 [cefQuery] QUERY_FULLSCREEN_STATE
2026-09-29 03:57:04 [cefQuery] QUERY_OSC_SET_PAINTING
2026-09-29 03:57:04 [cefQuery] QUERY_OSC_SET_PAINTING
2026-09-29 03:57:07 [cefQuery] QUERY_OSC_SET_DISPLAY_RECTS
2026-09-29 03:57:07 [cefQuery] QUERY_WRITE_SHARED_STORAGE
2026-09-29 03:57:07 [cefQuery] QUERY_OSC_SET_DISPLAY_RECTS
2026-09-29 03:57:25 [cefQuery] QUERY_OSC_SET_DISPLAY_RECTS
2026-09-29 03:57:25 [cefQuery] QUERY_WRITE_SHARED_STORAGE
2026-09-29 03:57:25 [cefQuery] QUERY_OSC_SET_DISPLAY_RECTS
2026-09-29 03:57:25 [cefQuery] QUERY_WIN_CLOSE_OSC
2026-09-29 03:57:25 [window] SHOW
2026-09-29 03:57:25 [window] HIDE (page requested)
2026-09-29 03:57:26 [cefQuery] QUERY_OSC_SET_DISPLAY_RECTS
2026-09-29 03:57:26 [cefQuery] QUERY_FULLSCREEN_STATE
2026-09-29 03:57:26 [cefQuery] QUERY_OSC_SET_PAINTING
2026-09-29 03:57:26 [cefQuery] QUERY_WIN_OPEN_OSC
2026-09-29 03:57:26 [cefQuery] QUERY_OSC_SET_PAINTING
2026-09-29 03:57:26 [window] SHOW
2026-09-29 03:57:28 [cefQuery] QUERY_OSC_SET_DISPLAY_RECTS
2026-09-29 03:57:28 [cefQuery] QUERY_FULLSCREEN_STATE
2026-09-29 03:57:30 [cefQuery] QUERY_OSC_SET_DISPLAY_RECTS
2026-09-29 03:57:30 [page:Error] SyntaxError: Expected property name or '}' in JSON at position 1 (line 1 column 2)
    at JSON.parse (<anonymous>)
    at http://localhost:3000/app.js:12:4964
    at a (http://localhost:3000/vendor.js:99:4175)
    at http://localhost:3000/vendor.js:99:4347
    at p.$eval (http://localhost:3000/vendor.js:99:11860)
    at p.$digest (http://localhost:3000/vendor.js:99:10368)
    at http://localhost:3000/vendor.js:99:11947
    at o (http://localhost:3000/vendor.js:97:22626)
    at http://localhost:3000/vendor.js:97:24083 undefined
2026-09-29 03:57:38 [cefQuery] QUERY_WRITE_SHARED_STORAGE
2026-09-29 03:57:39 [cefQuery] QUERY_OSC_SET_DISPLAY_RECTS
2026-09-29 03:57:39 [cefQuery] QUERY_WRITE_SHARED_STORAGE
2026-09-29 03:57:39 [cefQuery] QUERY_OSC_SET_DISPLAY_RECTS
2026-09-29 04:02:43 [pages] serving C:\My Project\NVIDIA-Shadowplay\Project\Overlay OSC\NVIDIA OSC\osc at http://localhost:3000/
2026-09-29 04:02:44 [toggle] listening on 127.0.0.1:59003
2026-09-29 04:02:44 === NVIDIA OSC (ของเรา, WPF OSR alpha) boot — C:\My Project\NVIDIA-Shadowplay\Project\Overlay OSC\NVIDIA OSC\osc\index.html ===
2026-09-29 04:02:44 [page:Error] 2026-09-29 04:02:44.952  ERROR  crimson.cef/cefService- "Cannot find cefQuery. cmd={\"command\":\"QUERY_LOAD_STRING_TABLE\",\"stringTable\":{\"userAgent\":\"NVIDIAOSCClient/3.28.0.412\"}}"
2026-09-29 04:02:44 [page:Error] 2026-09-29 04:02:44.965  ERROR  crimson.cef/cefService- "Cannot find cefQuery. cmd={\"command\":\"QUERY_WIN_NODE_INFO\"}"
2026-09-29 04:02:44 [page:Error] 2026-09-29 04:02:44.965  ERROR  osc/urlRouter/main/resolve- "failed"
2026-09-29 04:02:44 [cef] frame loaded — cefQuery shim injected
2026-09-29 04:02:45 [page:Error] 2026-09-29 04:02:45.325  ERROR  main.common/telemetryService- "No valid logged in user detected, falling back to client consent setting."
2026-09-29 04:02:45 [page:Error] 2026-09-29 04:02:45.347  ERROR  main/resolve/hardwareInfo- "Unable to get user session (rejection)"
2026-09-29 04:02:45 [page:Error] 2026-09-29 04:02:45.347  ERROR  main/resolve/hardwareInfo- "Unable to get user id" null
2026-09-29 04:02:45 [page:Warning] undefined used as a key, but it is not a string.
2026-09-29 04:02:45 [cefQuery] QUERY_LOAD_STRING_TABLE
2026-09-29 04:02:45 [page:Error] Access to XMLHttpRequest at 'https://gfwsl.geforce.com/nvidia_web_services/controller.gfeclientcontent.NG.php/com.nvidia.services.GFEClientContent_NG.getAnselReady/%7B%22gcV%22:%223.28.0.412%22,%22sM%22:%22NaNGB%22,%22dIDa%22:[%221b06_10de_120f_120f_1%22],%22is6%22:%220%22,%22IsB%22:%220%22,%22gIsB%22:%220%22,%22IsQ%22:%220%22,%22iLp%22:%220%22,%22glg%22:%22en-US%22,%22lg%22:%221033%22%7D' from origin 'http://localhost:3000' has been blocked by CORS policy: No 'Access-Control-Allow-Origin' header is present on the requested resource.
2026-09-29 04:02:45 [page:Error] 2026-09-29 04:02:45.589  ERROR  osc/gfwslService- "GFWSL request failed : " {
  "data": null,
  "status": -1,
  "config": {
    "method": "GET",
    "transformRequest": [
      null
    ],
    "transformResponse": [
      null,
      null
    ],
    "headers": {
      "Accept": "application/json, text/plain, */*"
    },
    "url": "https://gfwsl.geforce.com/nvidia_web_services/controller.gfeclientcontent.NG.php/com.nvidia.services.GFEClientContent_NG.getAnselReady/{\"gcV\":\"3.28.0.412\",\"sM\":\"NaNGB\",\"dIDa\":[\"1b06_10de_120f_120f_1\"],\"is6\":\"0\",\"IsB\":\"0\",\"gIsB\":\"0\",\"IsQ\":\"0\",\"iLp\":\"0\",\"glg\":\"en-US\",\"lg\":\"1033\"}",
    "params": {},
    "retriesRemaining": 0,
    "timeout": {}
  },
  "statusText": ""
}
2026-09-29 04:02:45 [page:Error] 2026-09-29 04:02:45.590  ERROR  osc/nvCameraService- "GFWSL endpoint failed, proceed with OSC initialization" {
  "data": null,
  "status": -1,
  "config": {
    "method": "GET",
    "transformRequest": [
      null
    ],
    "transformResponse": [
      null,
      null
    ],
    "headers": {
      "Accept": "application/json, text/plain, */*"
    },
    "url": "https://gfwsl.geforce.com/nvidia_web_services/controller.gfeclientcontent.NG.php/com.nvidia.services.GFEClientContent_NG.getAnselReady/{\"gcV\":\"3.28.0.412\",\"sM\":\"NaNGB\",\"dIDa\":[\"1b06_10de_120f_120f_1\"],\"is6\":\"0\",\"IsB\":\"0\",\"gIsB\":\"0\",\"IsQ\":\"0\",\"iLp\":\"0\",\"glg\":\"en-US\",\"lg\":\"1033\"}",
    "params": {},
    "retriesRemaining": 0,
    "timeout": {}
  },
  "statusText": ""
}
2026-09-29 04:02:45 [cefQuery] QUERY_WRITE_SHARED_STORAGE
2026-09-29 04:02:45 [cefQuery] QUERY_WRITE_SHARED_STORAGE
2026-09-29 04:02:45 [cefQuery] QUERY_OSC_REGISTER_CLOSE_EVENT
