[03:03:38:20:329][R][CNTNR:10672:12328] CCaptureControl::ProcessGameEvents: CaptureProcResolutionChanged, sending dummy notification!!
[03:03:38:20:330][R][OVERLAY:12552: 3832] CShadowPlayNotifications::EnqueueNotification: uMsg(0x90A), wParam(0x1), lParam(0x7BC) dwData(0x0)
[03:03:38:20:330][R][OVERLAY:12552:16024] CShadowPlayNotifications::HandleNotificationMessage: msg(2314) lparam(7bc) wparam(1)
[03:03:38:20:444][R][CNTNR:10672:12328] CCaptureControl::ProcessGameEvents: CaptureProcResolutionChanged, sending dummy notification!!
[03:03:38:20:444][R][OVERLAY:12552: 3832] CShadowPlayNotifications::EnqueueNotification: uMsg(0x90A), wParam(0x1), lParam(0x7BC) dwData(0x0)
[03:03:38:20:444][R][OVERLAY:12552:16024] CShadowPlayNotifications::HandleNotificationMessage: msg(2314) lparam(7bc) wparam(1)
[03:03:38:20:553][R][CNTNR:10672:12328] CCaptureControl::ProcessGameEvents: CaptureProcResolutionChanged, sending dummy notification!!
[03:03:38:20:553][R][OVERLAY:12552: 3832] CShadowPlayNotifications::EnqueueNotification: uMsg(0x90A), wParam(0x1), lParam(0x7BC) dwData(0x0)
[03:03:38:20:553][R][OVERLAY:12552:16024] CShadowPlayNotifications::HandleNotificationMessage: msg(2314) lparam(7bc) wparam(1)
[03:03:38:20:662][R][CNTNR:10672:12328] CCaptureControl::ProcessGameEvents: CaptureProcResolutionChanged, sending dummy notification!!
[03:03:38:20:662][R][OVERLAY:12552: 3832] CShadowPlayNotifications::EnqueueNotification: uMsg(0x90A), wParam(0x1), lParam(0x7BC) dwData(0x0)
[03:03:38:20:662][R][OVERLAY:12552:16024] CShadowPlayNotifications::HandleNotificationMessage: msg(2314) lparam(7bc) wparam(1)
[03:03:38:20:771][R][CNTNR:10672:12328] CCaptureControl::ProcessGameEvents: CaptureProcResolutionChanged, sending dummy notification!!
[03:03:38:20:771][R][OVERLAY:12552: 3832] CShadowPlayNotifications::EnqueueNotification: uMsg(0x90A), wParam(0x1), lParam(0x7BC) dwData(0x0)
[03:03:38:20:771][R][OVERLAY:12552:16024] CShadowPlayNotifications::HandleNotificationMessage: msg(2314) lparam(7bc) wparam(1)
[03:03:38:20:879][R][CNTNR:10672:12328] CCaptureControl::ProcessGameEvents: CaptureProcResolutionChanged, sending dummy notification!!
[03:03:38:20:879][R][OVERLAY:12552: 3832] CShadowPlayNotifications::EnqueueNotification: uMsg(0x90A), wParam(0x1), lParam(0x7BC) dwData(0x0)
[03:03:38:20:879][R][OVERLAY:12552:16024] CShadowPlayNotifications::HandleNotificationMessage: msg(2314) lparam(7bc) wparam(1)
[03:03:38:20:989][R][CNTNR:10672:12328] CCaptureControl::ProcessGameEvents: CaptureProcResolutionChanged, sending dummy notification!!
[03:03:38:20:989][R][OVERLAY:12552: 3832] CShadowPlayNotifications::EnqueueNotification: uMsg(0x90A), wParam(0x1), lParam(0x7BC) dwData(0x0)
[03:03:38:20:989][R][OVERLAY:12552:16024] CShadowPlayNotifications::HandleNotificationMessage: msg(2314) lparam(7bc) wparam(1)
[03:03:38:21:099][R][CNTNR:10672:12328] CCaptureControl::ProcessGameEvents: CaptureProcResolutionChanged, sending dummy notification!!
[03:03:38:21:099][R][OVERLAY:12552: 3832] CShadowPlayNotifications::EnqueueNotification: uMsg(0x90A), wParam(0x1), lParam(0x7BC) dwData(0x0)
[03:03:38:21:099][R][OVERLAY:12552:16024] CShadowPlayNotifications::HandleNotificationMessage: msg(2314) lparam(7bc) wparam(1)
[03:03:38:21:208][R][CNTNR:10672:12328] CCaptureControl::ProcessGameEvents: CaptureProcResolutionChanged, sending dummy notification!!
[03:03:38:21:208][R][OVERLAY:12552: 3832] CShadowPlayNotifications::EnqueueNotification: uMsg(0x90A), wParam(0x1), lParam(0x7BC) dwData(0x0)
[03:03:38:21:208][R][OVERLAY:12552:16024] CShadowPlayNotifications::HandleNotificationMessage: msg(2314) lparam(7bc) wparam(1)
[03:03:38:21:427][R][CNTNR:10672:12328] CCaptureControl::ProcessGameEvents: CaptureProcResolutionChanged, sending dummy notification!!
[03:03:38:21:427][R][OVERLAY:12552: 3832] CShadowPlayNotifications::EnqueueNotification: uMsg(0x90A), wParam(0x1), lParam(0x7BC) dwData(0x0)
[03:03:38:21:427][R][OVERLAY:12552:16024] CShadowPlayNotifications::HandleNotificationMessage: msg(2314) lparam(7bc) wparam(1)
[03:03:38:21:536][R][CNTNR:10672:12328] CCaptureControl::ProcessGameEvents: CaptureProcResolutionChanged, sending dummy notification!!
[03:03:38:21:536][R][OVERLAY:12552: 3832] CShadowPlayNotifications::EnqueueNotification: uMsg(0x90A), wParam(0x1), lParam(0x7BC) dwData(0x0)
[03:03:38:21:536][R][OVERLAY:12552:16024] CShadowPlayNotifications::HandleNotificationMessage: msg(2314) lparam(7bc) wparam(1)
[03:03:38:21:756][R][CNTNR:10672:12328] CCaptureControl::ProcessGameEvents: CaptureProcResolutionChanged, sending dummy notification!!
[03:03:38:21:756][R][OVERLAY:12552: 3832] CShadowPlayNotifications::EnqueueNotification: uMsg(0x90A), wParam(0x1), lParam(0x7BC) dwData(0x0)
[03:03:38:21:756][R][OVERLAY:12552:16024] CShadowPlayNotifications::HandleNotificationMessage: msg(2314) lparam(7bc) wparam(1)
[03:03:38:21:864][R][CNTNR:10672:12328] CCaptureControl::ProcessGameEvents: CaptureProcResolutionChanged, sending dummy notification!!
[03:03:38:21:865][R][OVERLAY:12552: 3832] CShadowPlayNotifications::EnqueueNotification: uMsg(0x90A), wParam(0x1), lParam(0x7BC) dwData(0x0)
[03:03:38:21:865][R][OVERLAY:12552:16024] CShadowPlayNotifications::HandleNotificationMessage: msg(2314) lparam(7bc) wparam(1)
[03:03:38:21:972][R][CNTNR:10672:12328] CCaptureControl::ProcessGameEvents: CaptureProcResolutionChanged, sending dummy notification!!
[03:03:38:21:972][R][OVERLAY:12552: 3832] CShadowPlayNotifications::EnqueueNotification: uMsg(0x90A), wParam(0x1), lParam(0x7BC) dwData(0x0)
[03:03:38:21:972][R][OVERLAY:12552:16024] CShadowPlayNotifications::HandleNotificationMessage: msg(2314) lparam(7bc) wparam(1)
[03:03:38:22:081][R][CNTNR:10672:12328] CCaptureControl::ProcessGameEvents: CaptureProcResolutionChanged, sending dummy notification!!
[03:03:38:22:081][R][OVERLAY:12552: 3832] CShadowPlayNotifications::EnqueueNotification: uMsg(0x90A), wParam(0x1), lParam(0x7BC) dwData(0x0)
[03:03:38:22:081][R][OVERLAY:12552:16024] CShadowPlayNotifications::HandleNotificationMessage: msg(2314) lparam(7bc) wparam(1)
[03:03:38:22:300][R][CNTNR:10672:12328] CCaptureControl::ProcessGameEvents: CaptureProcResolutionChanged, sending dummy notification!!
[03:03:38:22:300][R][OVERLAY:12552: 3832] CShadowPlayNotifications::EnqueueNotification: uMsg(0x90A), wParam(0x1), lParam(0x7BC) dwData(0x0)
[03:03:38:22:300][R][OVERLAY:12552:16024] CShadowPlayNotifications::HandleNotificationMessage: msg(2314) lparam(7bc) wparam(1)
[03:03:38:22:409][R][CNTNR:10672:12328] CCaptureControl::ProcessGameEvents: CaptureProcResolutionChanged, sending dummy notification!!
[03:03:38:22:409][R][OVERLAY:12552: 3832] CShadowPlayNotifications::EnqueueNotification: uMsg(0x90A), wParam(0x1), lParam(0x7BC) dwData(0x0)
[03:03:38:22:409][R][OVERLAY:12552:16024] CShadowPlayNotifications::HandleNotificationMessage: msg(2314) lparam(7bc) wparam(1)
[03:03:38:22:627][R][CNTNR:10672:12328] CCaptureControl::ProcessGameEvents: CaptureProcResolutionChanged, sending dummy notification!!
[03:03:38:22:627][R][OVERLAY:12552: 3832] CShadowPlayNotifications::EnqueueNotification: uMsg(0x90A), wParam(0x1), lParam(0x7BC) dwData(0x0)
[03:03:38:22:627][R][OVERLAY:12552:16024] CShadowPlayNotifications::HandleNotificationMessage: msg(2314) lparam(7bc) wparam(1)
[03:03:38:22:735][R][CNTNR:10672:12328] CCaptureControl::ProcessGameEvents: CaptureProcResolutionChanged, sending dummy notification!!
[03:03:38:22:735][R][OVERLAY:12552: 3832] CShadowPlayNotifications::EnqueueNotification: uMsg(0x90A), wParam(0x1), lParam(0x7BC) dwData(0x0)
[03:03:38:22:735][R][OVERLAY:12552:16024] CShadowPlayNotifications::HandleNotificationMessage: msg(2314) lparam(7bc) wparam(1)
[03:03:38:22:953][R][CNTNR:10672:12328] CCaptureControl::ProcessGameEvents: CaptureProcResolutionChanged, sending dummy notification!!
[03:03:38:22:953][R][OVERLAY:12552: 3832] CShadowPlayNotifications::EnqueueNotification: uMsg(0x90A), wParam(0x1), lParam(0x7BC) dwData(0x0)
[03:03:38:22:953][R][OVERLAY:12552:16024] CShadowPlayNotifications::HandleNotificationMessage: msg(2314) lparam(7bc) wparam(1)
[03:03:38:23:062][R][CNTNR:10672:12328] CCaptureControl::ProcessGameEvents: CaptureProcResolutionChanged, sending dummy notification!!
[03:03:38:23:062][R][OVERLAY:12552: 3832] CShadowPlayNotifications::EnqueueNotification: uMsg(0x90A), wParam(0x1), lParam(0x7BC) dwData(0x0)
[03:03:38:23:062][R][OVERLAY:12552:16024] CShadowPlayNotifications::HandleNotificationMessage: msg(2314) lparam(7bc) wparam(1)
[03:03:38:23:171][R][CNTNR:10672:12328] CCaptureControl::ProcessGameEvents: CaptureProcResolutionChanged, sending dummy notification!!
[03:03:38:23:171][R][OVERLAY:12552: 3832] CShadowPlayNotifications::EnqueueNotification: uMsg(0x90A), wParam(0x1), lParam(0x7BC) dwData(0x0)
[03:03:38:23:171][R][OVERLAY:12552:16024] CShadowPlayNotifications::HandleNotificationMessage: msg(2314) lparam(7bc) wparam(1)
[03:03:38:23:280][R][CNTNR:10672:12328] CCaptureControl::ProcessGameEvents: CaptureProcResolutionChanged, sending dummy notification!!
[03:03:38:23:280][R][OVERLAY:12552: 3832] CShadowPlayNotifications::EnqueueNotification: uMsg(0x90A), wParam(0x1), lParam(0x7BC) dwData(0x0)
[03:03:38:23:280][R][OVERLAY:12552:16024] CShadowPlayNotifications::HandleNotificationMessage: msg(2314) lparam(7bc) wparam(1)
[03:03:38:23:498][R][CNTNR:10672:12328] CCaptureControl::ProcessGameEvents: CaptureProcResolutionChanged, sending dummy notification!!
[03:03:38:23:498][R][OVERLAY:12552: 3832] CShadowPlayNotifications::EnqueueNotification: uMsg(0x90A), wParam(0x1), lParam(0x7BC) dwData(0x0)
[03:03:38:23:498][R][OVERLAY:12552:16024] CShadowPlayNotifications::HandleNotificationMessage: msg(2314) lparam(7bc) wparam(1)
[03:03:38:23:608][R][CNTNR:10672:12328] CCaptureControl::ProcessGameEvents: CaptureProcResolutionChanged, sending dummy notification!!
[03:03:38:23:608][R][OVERLAY:12552: 3832] CShadowPlayNotifications::EnqueueNotification: uMsg(0x90A), wParam(0x1), lParam(0x7BC) dwData(0x0)
[03:03:38:23:608][R][OVERLAY:12552:16024] CShadowPlayNotifications::HandleNotificationMessage: msg(2314) lparam(7bc) wparam(1)
[03:03:38:23:825][R][CNTNR:10672:12328] CCaptureControl::ProcessGameEvents: CaptureProcResolutionChanged, sending dummy notification!!
[03:03:38:23:825][R][OVERLAY:12552: 3832] CShadowPlayNotifications::EnqueueNotification: uMsg(0x90A), wParam(0x1), lParam(0x7BC) dwData(0x0)
[03:03:38:23:826][R][OVERLAY:12552:16024] CShadowPlayNotifications::HandleNotificationMessage: msg(2314) lparam(7bc) wparam(1)
[03:03:38:23:935][R][CNTNR:10672:12328] CCaptureControl::ProcessGameEvents: CaptureProcResolutionChanged, sending dummy notification!!
[03:03:38:23:937][R][OVERLAY:12552: 3832] CShadowPlayNotifications::EnqueueNotification: uMsg(0x90A), wParam(0x1), lParam(0x7BC) dwData(0x0)
[03:03:38:23:937][R][OVERLAY:12552:16024] CShadowPlayNotifications::HandleNotificationMessage: msg(2314) lparam(7bc) wparam(1)
[03:03:38:24:155][R][CNTNR:10672:12328] CCaptureControl::ProcessGameEvents: CaptureProcResolutionChanged, sending dummy notification!!
[03:03:38:24:155][R][OVERLAY:12552: 3832] CShadowPlayNotifications::EnqueueNotification: uMsg(0x90A), wParam(0x1), lParam(0x7BC) dwData(0x0)
[03:03:38:24:155][R][OVERLAY:12552:16024] CShadowPlayNotifications::HandleNotificationMessage: msg(2314) lparam(7bc) wparam(1)
[03:03:38:24:264][R][CNTNR:10672:12328] CCaptureControl::ProcessGameEvents: CaptureProcResolutionChanged, sending dummy notification!!
[03:03:38:24:265][R][OVERLAY:12552: 3832] CShadowPlayNotifications::EnqueueNotification: uMsg(0x90A), wParam(0x1), lParam(0x7BC) dwData(0x0)
[03:03:38:24:266][R][OVERLAY:12552:16024] CShadowPlayNotifications::HandleNotificationMessage: msg(2314) lparam(7bc) wparam(1)
[03:03:38:24:372][R][CNTNR:10672:12328] CCaptureControl::ProcessGameEvents: CaptureProcResolutionChanged, sending dummy notification!!
[03:03:38:24:372][R][OVERLAY:12552: 3832] CShadowPlayNotifications::EnqueueNotification: uMsg(0x90A), wParam(0x1), lParam(0x7BC) dwData(0x0)
[03:03:38:24:372][R][OVERLAY:12552:16024] CShadowPlayNotifications::HandleNotificationMessage: msg(2314) lparam(7bc) wparam(1)
[03:03:38:24:481][R][CNTNR:10672:12328] CCaptureControl::ProcessGameEvents: CaptureProcResolutionChanged, sending dummy notification!!
[03:03:38:24:481][R][OVERLAY:12552: 3832] CShadowPlayNotifications::EnqueueNotification: uMsg(0x90A), wParam(0x1), lParam(0x7BC) dwData(0x0)
[03:03:38:24:481][R][OVERLAY:12552:16024] CShadowPlayNotifications::HandleNotificationMessage: msg(2314) lparam(7bc) wparam(1)
[03:03:38:24:702][R][CNTNR:10672:12328] CCaptureControl::ProcessGameEvents: CaptureProcResolutionChanged, sending dummy notification!!
[03:03:38:24:702][R][OVERLAY:12552: 3832] CShadowPlayNotifications::EnqueueNotification: uMsg(0x90A), wParam(0x1), lParam(0x7BC) dwData(0x0)
[03:03:38:24:702][R][OVERLAY:12552:16024] CShadowPlayNotifications::HandleNotificationMessage: msg(2314) lparam(7bc) wparam(1)
[03:03:38:24:811][R][CNTNR:10672:12328] CCaptureControl::ProcessGameEvents: CaptureProcResolutionChanged, sending dummy notification!!
[03:03:38:24:811][R][OVERLAY:12552: 3832] CShadowPlayNotifications::EnqueueNotification: uMsg(0x90A), wParam(0x1), lParam(0x7BC) dwData(0x0)
[03:03:38:24:811][R][OVERLAY:12552:16024] CShadowPlayNotifications::HandleNotificationMessage: msg(2314) lparam(7bc) wparam(1)
[03:03:38:25:029][R][CNTNR:10672:12328] CCaptureControl::ProcessGameEvents: CaptureProcResolutionChanged, sending dummy notification!!
[03:03:38:25:029][R][OVERLAY:12552: 3832] CShadowPlayNotifications::EnqueueNotification: uMsg(0x90A), wParam(0x1), lParam(0x7BC) dwData(0x0)
[03:03:38:25:029][R][OVERLAY:12552:16024] CShadowPlayNotifications::HandleNotificationMessage: msg(2314) lparam(7bc) wparam(1)
[03:03:38:25:138][R][CNTNR:10672:12328] CCaptureControl::ProcessGameEvents: CaptureProcResolutionChanged, sending dummy notification!!
[03:03:38:25:138][R][OVERLAY:12552: 3832] CShadowPlayNotifications::EnqueueNotification: uMsg(0x90A), wParam(0x1), lParam(0x7BC) dwData(0x0)
[03:03:38:25:138][R][OVERLAY:12552:16024] CShadowPlayNotifications::HandleNotificationMessage: msg(2314) lparam(7bc) wparam(1)
[03:03:38:25:248][R][CNTNR:10672:12328] CCaptureControl::ProcessGameEvents: CaptureProcResolutionChanged, sending dummy notification!!
[03:03:38:25:248][R][OVERLAY:12552: 3832] CShadowPlayNotifications::EnqueueNotification: uMsg(0x90A), wParam(0x1), lParam(0x7BC) dwData(0x0)
[03:03:38:25:248][R][OVERLAY:12552:16024] CShadowPlayNotifications::HandleNotificationMessage: msg(2314) lparam(7bc) wparam(1)
[03:03:38:25:357][R][CNTNR:10672:12328] CCaptureControl::ProcessGameEvents: CaptureProcResolutionChanged, sending dummy notification!!
[03:03:38:25:357][R][OVERLAY:12552: 3832] CShadowPlayNotifications::EnqueueNotification: uMsg(0x90A), wParam(0x1), lParam(0x7BC) dwData(0x0)
[03:03:38:25:358][R][OVERLAY:12552:16024] CShadowPlayNotifications::HandleNotificationMessage: msg(2314) lparam(7bc) wparam(1)
[03:03:38:25:465][R][CNTNR:10672:12328] CCaptureControl::ProcessGameEvents: CaptureProcResolutionChanged, sending dummy notification!!
[03:03:38:25:467][R][OVERLAY:12552: 3832] CShadowPlayNotifications::EnqueueNotification: uMsg(0x90A), wParam(0x1), lParam(0x7BC) dwData(0x0)
[03:03:38:25:467][R][OVERLAY:12552:16024] CShadowPlayNotifications::HandleNotificationMessage: msg(2314) lparam(7bc) wparam(1)
[03:03:38:25:573][R][CNTNR:10672:12328] CCaptureControl::ProcessGameEvents: CaptureProcResolutionChanged, sending dummy notification!!
[03:03:38:25:573][R][OVERLAY:12552: 3832] CShadowPlayNotifications::EnqueueNotification: uMsg(0x90A), wParam(0x1), lParam(0x7BC) dwData(0x0)
[03:03:38:25:573][R][OVERLAY:12552:16024] CShadowPlayNotifications::HandleNotificationMessage: msg(2314) lparam(7bc) wparam(1)
[03:03:38:25:794][R][CNTNR:10672:12328] CCaptureControl::ProcessGameEvents: CaptureProcResolutionChanged, sending dummy notification!!
[03:03:38:25:794][R][OVERLAY:12552: 3832] CShadowPlayNotifications::EnqueueNotification: uMsg(0x90A), wParam(0x1), lParam(0x7BC) dwData(0x0)
[03:03:38:25:794][R][OVERLAY:12552:16024] CShadowPlayNotifications::HandleNotificationMessage: msg(2314) lparam(7bc) wparam(1)
[03:03:38:25:904][R][CNTNR:10672:12328] CCaptureControl::ProcessGameEvents: CaptureProcResolutionChanged, sending dummy notification!!
[03:03:38:25:904][R][OVERLAY:12552: 3832] CShadowPlayNotifications::EnqueueNotification: uMsg(0x90A), wParam(0x1), lParam(0x7BC) dwData(0x0)
[03:03:38:25:905][R][OVERLAY:12552:16024] CShadowPlayNotifications::HandleNotificationMessage: msg(2314) lparam(7bc) wparam(1)
[03:03:38:26:013][R][CNTNR:10672:12328] CCaptureControl::ProcessGameEvents: CaptureProcResolutionChanged, sending dummy notification!!
[03:03:38:26:013][R][OVERLAY:12552: 3832] CShadowPlayNotifications::EnqueueNotification: uMsg(0x90A), wParam(0x1), lParam(0x7BC) dwData(0x0)
[03:03:38:26:013][R][OVERLAY:12552:16024] CShadowPlayNotifications::HandleNotificationMessage: msg(2314) lparam(7bc) wparam(1)
[03:03:38:26:121][R][CNTNR:10672:12328] CCaptureControl::ProcessGameEvents: CaptureProcResolutionChanged, sending dummy notification!!
[03:03:38:26:121][R][OVERLAY:12552: 3832] CShadowPlayNotifications::EnqueueNotification: uMsg(0x90A), wParam(0x1), lParam(0x7BC) dwData(0x0)
[03:03:38:26:121][R][OVERLAY:12552:16024] CShadowPlayNotifications::HandleNotificationMessage: msg(2314) lparam(7bc) wparam(1)
[03:03:38:26:338][R][CNTNR:10672:12328] CCaptureControl::ProcessGameEvents: CaptureProcResolutionChanged, sending dummy notification!!
[03:03:38:26:338][R][OVERLAY:12552: 3832] CShadowPlayNotifications::EnqueueNotification: uMsg(0x90A), wParam(0x1), lParam(0x7BC) dwData(0x0)
[03:03:38:26:338][R][OVERLAY:12552:16024] CShadowPlayNotifications::HandleNotificationMessage: msg(2314) lparam(7bc) wparam(1)
[03:03:38:26:447][R][CNTNR:10672:12328] CCaptureControl::ProcessGameEvents: CaptureProcResolutionChanged, sending dummy notification!!
[03:03:38:26:447][R][OVERLAY:12552: 3832] CShadowPlayNotifications::EnqueueNotification: uMsg(0x90A), wParam(0x1), lParam(0x7BC) dwData(0x0)
[03:03:38:26:447][R][OVERLAY:12552:16024] CShadowPlayNotifications::HandleNotificationMessage: msg(2314) lparam(7bc) wparam(1)
[03:03:38:26:666][R][CNTNR:10672:12328] CCaptureControl::ProcessGameEvents: CaptureProcResolutionChanged, sending dummy notification!!
[03:03:38:26:666][R][OVERLAY:12552: 3832] CShadowPlayNotifications::EnqueueNotification: uMsg(0x90A), wParam(0x1), lParam(0x7BC) dwData(0x0)
[03:03:38:26:666][R][OVERLAY:12552:16024] CShadowPlayNotifications::HandleNotificationMessage: msg(2314) lparam(7bc) wparam(1)
[03:03:38:26:883][R][CNTNR:10672:12328] CCaptureControl::ProcessGameEvents: CaptureProcResolutionChanged, sending dummy notification!!
[03:03:38:26:883][R][OVERLAY:12552: 3832] CShadowPlayNotifications::EnqueueNotification: uMsg(0x90A), wParam(0x1), lParam(0x7BC) dwData(0x0)
[03:03:38:26:883][R][OVERLAY:12552:16024] CShadowPlayNotifications::HandleNotificationMessage: msg(2314) lparam(7bc) wparam(1)
[03:03:38:26:993][R][CNTNR:10672:12328] CCaptureControl::ProcessGameEvents: CaptureProcResolutionChanged, sending dummy notification!!
[03:03:38:26:993][R][OVERLAY:12552: 3832] CShadowPlayNotifications::EnqueueNotification: uMsg(0x90A), wParam(0x1), lParam(0x7BC) dwData(0x0)
[03:03:38:26:993][R][OVERLAY:12552:16024] CShadowPlayNotifications::HandleNotificationMessage: msg(2314) lparam(7bc) wparam(1)
[03:03:38:27:540][R][CNTNR:10672:12328] CCaptureControl::ProcessGameEvents: CaptureProcResolutionChanged, sending dummy notification!!
[03:03:38:27:540][R][OVERLAY:12552: 3832] CShadowPlayNotifications::EnqueueNotification: uMsg(0x90A), wParam(0x1), lParam(0x7BC) dwData(0x0)
[03:03:38:27:540][R][OVERLAY:12552:16024] CShadowPlayNotifications::HandleNotificationMessage: msg(2314) lparam(7bc) wparam(1)
[03:03:38:27:648][R][CNTNR:10672:12328] CCaptureControl::ProcessGameEvents: CaptureProcResolutionChanged, sending dummy notification!!
[03:03:38:27:648][R][OVERLAY:12552: 3832] CShadowPlayNotifications::EnqueueNotification: uMsg(0x90A), wParam(0x1), lParam(0x7BC) dwData(0x0)
[03:03:38:27:648][R][OVERLAY:12552:16024] CShadowPlayNotifications::HandleNotificationMessage: msg(2314) lparam(7bc) wparam(1)
[03:03:38:27:756][R][CNTNR:10672:12328] CCaptureControl::ProcessGameEvents: CaptureProcResolutionChanged, sending dummy notification!!
[03:03:38:27:756][R][OVERLAY:12552: 3832] CShadowPlayNotifications::EnqueueNotification: uMsg(0x90A), wParam(0x1), lParam(0x7BC) dwData(0x0)
[03:03:38:27:756][R][OVERLAY:12552:16024] CShadowPlayNotifications::HandleNotificationMessage: msg(2314) lparam(7bc) wparam(1)
[03:03:38:27:973][R][CNTNR:10672:12328] CCaptureControl::ProcessGameEvents: CaptureProcResolutionChanged, sending dummy notification!!
[03:03:38:27:973][R][OVERLAY:12552: 3832] CShadowPlayNotifications::EnqueueNotification: uMsg(0x90A), wParam(0x1), lParam(0x7BC) dwData(0x0)
[03:03:38:27:973][R][OVERLAY:12552:16024] CShadowPlayNotifications::HandleNotificationMessage: msg(2314) lparam(7bc) wparam(1)
[03:03:38:28:083][R][CNTNR:10672:12328] CCaptureControl::ProcessGameEvents: CaptureProcResolutionChanged, sending dummy notification!!
[03:03:38:28:083][R][OVERLAY:12552: 3832] CShadowPlayNotifications::EnqueueNotification: uMsg(0x90A), wParam(0x1), lParam(0x7BC) dwData(0x0)
[03:03:38:28:083][R][OVERLAY:12552:16024] CShadowPlayNotifications::HandleNotificationMessage: msg(2314) lparam(7bc) wparam(1)
[03:03:38:28:191][R][CNTNR:10672:12328] CCaptureControl::ProcessGameEvents: CaptureProcResolutionChanged, sending dummy notification!!
[03:03:38:28:191][R][OVERLAY:12552: 3832] CShadowPlayNotifications::EnqueueNotification: uMsg(0x90A), wParam(0x1), lParam(0x7BC) dwData(0x0)
[03:03:38:28:191][R][OVERLAY:12552:16024] CShadowPlayNotifications::HandleNotificationMessage: msg(2314) lparam(7bc) wparam(1)
[03:03:38:28:302][R][CNTNR:10672:12328] CCaptureControl::ProcessGameEvents: CaptureProcResolutionChanged, sending dummy notification!!
[03:03:38:28:302][R][OVERLAY:12552: 3832] CShadowPlayNotifications::EnqueueNotification: uMsg(0x90A), wParam(0x1), lParam(0x7BC) dwData(0x0)
[03:03:38:28:302][R][OVERLAY:12552:16024] CShadowPlayNotifications::HandleNotificationMessage: msg(2314) lparam(7bc) wparam(1)
[03:03:38:28:409][R][CNTNR:10672:12328] CCaptureControl::ProcessGameEvents: CaptureProcResolutionChanged, sending dummy notification!!
[03:03:38:28:409][R][OVERLAY:12552: 3832] CShadowPlayNotifications::EnqueueNotification: uMsg(0x90A), wParam(0x1), lParam(0x7BC) dwData(0x0)
[03:03:38:28:409][R][OVERLAY:12552:16024] CShadowPlayNotifications::HandleNotificationMessage: msg(2314) lparam(7bc) wparam(1)
[03:03:38:28:518][R][CNTNR:10672:12328] CCaptureControl::ProcessGameEvents: CaptureProcResolutionChanged, sending dummy notification!!
[03:03:38:28:518][R][OVERLAY:12552: 3832] CShadowPlayNotifications::EnqueueNotification: uMsg(0x90A), wParam(0x1), lParam(0x7BC) dwData(0x0)
[03:03:38:28:518][R][OVERLAY:12552:16024] CShadowPlayNotifications::HandleNotificationMessage: msg(2314) lparam(7bc) wparam(1)
[03:03:38:28:628][R][CNTNR:10672:12328] CCaptureControl::ProcessGameEvents: CaptureProcResolutionChanged, sending dummy notification!!
[03:03:38:28:628][R][OVERLAY:12552: 3832] CShadowPlayNotifications::EnqueueNotification: uMsg(0x90A), wParam(0x1), lParam(0x7BC) dwData(0x0)
[03:03:38:28:628][R][OVERLAY:12552:16024] CShadowPlayNotifications::HandleNotificationMessage: msg(2314) lparam(7bc) wparam(1)
[03:03:38:28:736][R][CNTNR:10672:12328] CCaptureControl::ProcessGameEvents: CaptureProcResolutionChanged, sending dummy notification!!
[03:03:38:28:736][R][OVERLAY:12552: 3832] CShadowPlayNotifications::EnqueueNotification: uMsg(0x90A), wParam(0x1), lParam(0x7BC) dwData(0x0)
[03:03:38:28:736][R][OVERLAY:12552:16024] CShadowPlayNotifications::HandleNotificationMessage: msg(2314) lparam(7bc) wparam(1)
[03:03:38:28:845][R][CNTNR:10672:12328] CCaptureControl::ProcessGameEvents: CaptureProcResolutionChanged, sending dummy notification!!
[03:03:38:28:845][R][OVERLAY:12552: 3832] CShadowPlayNotifications::EnqueueNotification: uMsg(0x90A), wParam(0x1), lParam(0x7BC) dwData(0x0)
[03:03:38:28:845][R][OVERLAY:12552:16024] CShadowPlayNotifications::HandleNotificationMessage: msg(2314) lparam(7bc) wparam(1)
[03:03:38:28:954][R][CNTNR:10672:12328] CCaptureControl::ProcessGameEvents: CaptureProcResolutionChanged, sending dummy notification!!
[03:03:38:28:954][R][OVERLAY:12552: 3832] CShadowPlayNotifications::EnqueueNotification: uMsg(0x90A), wParam(0x1), lParam(0x7BC) dwData(0x0)
[03:03:38:28:954][R][OVERLAY:12552:16024] CShadowPlayNotifications::HandleNotificationMessage: msg(2314) lparam(7bc) wparam(1)
[03:03:38:29:063][R][CNTNR:10672:12328] CCaptureControl::ProcessGameEvents: CaptureProcResolutionChanged, sending dummy notification!!
[03:03:38:29:063][R][OVERLAY:12552: 3832] CShadowPlayNotifications::EnqueueNotification: uMsg(0x90A), wParam(0x1), lParam(0x7BC) dwData(0x0)
[03:03:38:29:063][R][OVERLAY:12552:16024] CShadowPlayNotifications::HandleNotificationMessage: msg(2314) lparam(7bc) wparam(1)
[03:03:38:29:175][R][CNTNR:10672:12328] CCaptureControl::ProcessGameEvents: CaptureProcResolutionChanged, sending dummy notification!!
[03:03:38:29:175][R][OVERLAY:12552: 3832] CShadowPlayNotifications::EnqueueNotification: uMsg(0x90A), wParam(0x1), lParam(0x7BC) dwData(0x0)
[03:03:38:29:175][R][OVERLAY:12552:16024] CShadowPlayNotifications::HandleNotificationMessage: msg(2314) lparam(7bc) wparam(1)
[03:03:38:29:284][R][CNTNR:10672:12328] CCaptureControl::ProcessGameEvents: CaptureProcResolutionChanged, sending dummy notification!!
[03:03:38:29:284][R][OVERLAY:12552: 3832] CShadowPlayNotifications::EnqueueNotification: uMsg(0x90A), wParam(0x1), lParam(0x7BC) dwData(0x0)
[03:03:38:29:284][R][OVERLAY:12552:16024] CShadowPlayNotifications::HandleNotificationMessage: msg(2314) lparam(7bc) wparam(1)
[03:03:38:29:393][R][CNTNR:10672:12328] CCaptureControl::ProcessGameEvents: CaptureProcResolutionChanged, sending dummy notification!!
[03:03:38:29:395][R][OVERLAY:12552: 3832] CShadowPlayNotifications::EnqueueNotification: uMsg(0x90A), wParam(0x1), lParam(0x7BC) dwData(0x0)
[03:03:38:29:395][R][OVERLAY:12552:16024] CShadowPlayNotifications::HandleNotificationMessage: msg(2314) lparam(7bc) wparam(1)
[03:03:38:29:722][R][CNTNR:10672:12328] CCaptureControl::ProcessGameEvents: CaptureProcResolutionChanged, sending dummy notification!!
[03:03:38:29:722][R][OVERLAY:12552: 3832] CShadowPlayNotifications::EnqueueNotification: uMsg(0x90A), wParam(0x1), lParam(0x7BC) dwData(0x0)
[03:03:38:29:722][R][OVERLAY:12552:16024] CShadowPlayNotifications::HandleNotificationMessage: msg(2314) lparam(7bc) wparam(1)
[03:03:38:29:940][R][CNTNR:10672:12328] CCaptureControl::ProcessGameEvents: CaptureProcResolutionChanged, sending dummy notification!!
[03:03:38:29:940][R][OVERLAY:12552: 3832] CShadowPlayNotifications::EnqueueNotification: uMsg(0x90A), wParam(0x1), lParam(0x7BC) dwData(0x0)
[03:03:38:29:940][R][OVERLAY:12552:16024] CShadowPlayNotifications::HandleNotificationMessage: msg(2314) lparam(7bc) wparam(1)
[03:03:38:30:050][R][CNTNR:10672:12328] CCaptureControl::ProcessGameEvents: CaptureProcResolutionChanged, sending dummy notification!!
[03:03:38:30:050][R][OVERLAY:12552: 3832] CShadowPlayNotifications::EnqueueNotification: uMsg(0x90A), wParam(0x1), lParam(0x7BC) dwData(0x0)
[03:03:38:30:050][R][OVERLAY:12552:16024] CShadowPlayNotifications::HandleNotificationMessage: msg(2314) lparam(7bc) wparam(1)
[03:03:38:30:160][R][CNTNR:10672:12328] CCaptureControl::ProcessGameEvents: CaptureProcResolutionChanged, sending dummy notification!!
[03:03:38:30:160][R][OVERLAY:12552: 3832] CShadowPlayNotifications::EnqueueNotification: uMsg(0x90A), wParam(0x1), lParam(0x7BC) dwData(0x0)
[03:03:38:30:160][R][OVERLAY:12552:16024] CShadowPlayNotifications::HandleNotificationMessage: msg(2314) lparam(7bc) wparam(1)
[03:03:38:30:267][R][CNTNR:10672:12328] CCaptureControl::ProcessGameEvents: CaptureProcResolutionChanged, sending dummy notification!!
[03:03:38:30:267][R][OVERLAY:12552: 3832] CShadowPlayNotifications::EnqueueNotification: uMsg(0x90A), wParam(0x1), lParam(0x7BC) dwData(0x0)
[03:03:38:30:267][R][OVERLAY:12552:16024] CShadowPlayNotifications::HandleNotificationMessage: msg(2314) lparam(7bc) wparam(1)
[03:03:38:30:377][R][CNTNR:10672:12328] CCaptureControl::ProcessGameEvents: CaptureProcResolutionChanged, sending dummy notification!!
[03:03:38:30:377][R][OVERLAY:12552: 3832] CShadowPlayNotifications::EnqueueNotification: uMsg(0x90A), wParam(0x1), lParam(0x7BC) dwData(0x0)
[03:03:38:30:377][R][OVERLAY:12552:16024] CShadowPlayNotifications::HandleNotificationMessage: msg(2314) lparam(7bc) wparam(1)
[03:03:38:30:704][R][CNTNR:10672:12328] CCaptureControl::ProcessGameEvents: CaptureProcResolutionChanged, sending dummy notification!!
[03:03:38:30:704][R][OVERLAY:12552: 3832] CShadowPlayNotifications::EnqueueNotification: uMsg(0x90A), wParam(0x1), lParam(0x7BC) dwData(0x0)
[03:03:38:30:704][R][OVERLAY:12552:16024] CShadowPlayNotifications::HandleNotificationMessage: msg(2314) lparam(7bc) wparam(1)
[03:03:38:30:922][R][CNTNR:10672:12328] CCaptureControl::ProcessGameEvents: CaptureProcResolutionChanged, sending dummy notification!!
[03:03:38:30:922][R][OVERLAY:12552: 3832] CShadowPlayNotifications::EnqueueNotification: uMsg(0x90A), wParam(0x1), lParam(0x7BC) dwData(0x0)
[03:03:38:30:922][R][OVERLAY:12552:16024] CShadowPlayNotifications::HandleNotificationMessage: msg(2314) lparam(7bc) wparam(1)
[03:03:38:31:030][R][CNTNR:10672:12328] CCaptureControl::ProcessGameEvents: CaptureProcResolutionChanged, sending dummy notification!!
[03:03:38:31:030][R][OVERLAY:12552: 3832] CShadowPlayNotifications::EnqueueNotification: uMsg(0x90A), wParam(0x1), lParam(0x7BC) dwData(0x0)
[03:03:38:31:030][R][OVERLAY:12552:16024] CShadowPlayNotifications::HandleNotificationMessage: msg(2314) lparam(7bc) wparam(1)
[03:03:38:31:140][R][CNTNR:10672:12328] CCaptureControl::ProcessGameEvents: CaptureProcResolutionChanged, sending dummy notification!!
[03:03:38:31:140][R][OVERLAY:12552: 3832] CShadowPlayNotifications::EnqueueNotification: uMsg(0x90A), wParam(0x1), lParam(0x7BC) dwData(0x0)
[03:03:38:31:140][R][OVERLAY:12552:16024] CShadowPlayNotifications::HandleNotificationMessage: msg(2314) lparam(7bc) wparam(1)
[03:03:38:31:357][R][CNTNR:10672:12328] CCaptureControl::ProcessGameEvents: CaptureProcResolutionChanged, sending dummy notification!!
[03:03:38:31:357][R][OVERLAY:12552: 3832] CShadowPlayNotifications::EnqueueNotification: uMsg(0x90A), wParam(0x1), lParam(0x7BC) dwData(0x0)
[03:03:38:31:357][R][OVERLAY:12552:16024] CShadowPlayNotifications::HandleNotificationMessage: msg(2314) lparam(7bc) wparam(1)
[03:03:38:31:576][R][CNTNR:10672:12328] CCaptureControl::ProcessGameEvents: CaptureProcResolutionChanged, sending dummy notification!!
[03:03:38:31:576][R][OVERLAY:12552: 3832] CShadowPlayNotifications::EnqueueNotification: uMsg(0x90A), wParam(0x1), lParam(0x7BC) dwData(0x0)
[03:03:38:31:576][R][OVERLAY:12552:16024] CShadowPlayNotifications::HandleNotificationMessage: msg(2314) lparam(7bc) wparam(1)
[03:03:38:31:684][R][CNTNR:10672:12328] CCaptureControl::ProcessGameEvents: CaptureProcResolutionChanged, sending dummy notification!!
[03:03:38:31:684][R][OVERLAY:12552: 3832] CShadowPlayNotifications::EnqueueNotification: uMsg(0x90A), wParam(0x1), lParam(0x7BC) dwData(0x0)
[03:03:38:31:684][R][OVERLAY:12552:16024] CShadowPlayNotifications::HandleNotificationMessage: msg(2314) lparam(7bc) wparam(1)
[03:03:38:32:120][R][CNTNR:10672:12328] CCaptureControl::ProcessGameEvents: CaptureProcResolutionChanged, sending dummy notification!!
[03:03:38:32:120][R][OVERLAY:12552: 3832] CShadowPlayNotifications::EnqueueNotification: uMsg(0x90A), wParam(0x1), lParam(0x7BC) dwData(0x0)
[03:03:38:32:120][R][OVERLAY:12552:16024] CShadowPlayNotifications::HandleNotificationMessage: msg(2314) lparam(7bc) wparam(1)
[03:03:38:32:229][R][CNTNR:10672:12328] CCaptureControl::ProcessGameEvents: CaptureProcResolutionChanged, sending dummy notification!!
[03:03:38:32:229][R][OVERLAY:12552: 3832] CShadowPlayNotifications::EnqueueNotification: uMsg(0x90A), wParam(0x1), lParam(0x7BC) dwData(0x0)
[03:03:38:32:229][R][OVERLAY:12552:16024] CShadowPlayNotifications::HandleNotificationMessage: msg(2314) lparam(7bc) wparam(1)
[03:03:38:32:448][R][CNTNR:10672:12328] CCaptureControl::ProcessGameEvents: CaptureProcResolutionChanged, sending dummy notification!!
[03:03:38:32:448][R][OVERLAY:12552: 3832] CShadowPlayNotifications::EnqueueNotification: uMsg(0x90A), wParam(0x1), lParam(0x7BC) dwData(0x0)
[03:03:38:32:448][R][OVERLAY:12552:16024] CShadowPlayNotifications::HandleNotificationMessage: msg(2314) lparam(7bc) wparam(1)
[03:03:38:32:560][R][CNTNR:10672:12328] CCaptureControl::ProcessGameEvents: CaptureProcResolutionChanged, sending dummy notification!!
[03:03:38:32:560][R][OVERLAY:12552: 3832] CShadowPlayNotifications::EnqueueNotification: uMsg(0x90A), wParam(0x1), lParam(0x7BC) dwData(0x0)
[03:03:38:32:560][R][OVERLAY:12552:16024] CShadowPlayNotifications::HandleNotificationMessage: msg(2314) lparam(7bc) wparam(1)
[03:03:38:32:779][R][CNTNR:10672:12328] CCaptureControl::ProcessGameEvents: CaptureProcResolutionChanged, sending dummy notification!!
[03:03:38:32:779][R][OVERLAY:12552: 3832] CShadowPlayNotifications::EnqueueNotification: uMsg(0x90A), wParam(0x1), lParam(0x7BC) dwData(0x0)
[03:03:38:32:779][R][OVERLAY:12552:16024] CShadowPlayNotifications::HandleNotificationMessage: msg(2314) lparam(7bc) wparam(1)
[03:03:38:32:890][R][CNTNR:10672:12328] CCaptureControl::ProcessGameEvents: CaptureProcResolutionChanged, sending dummy notification!!
[03:03:38:32:891][R][OVERLAY:12552: 3832] CShadowPlayNotifications::EnqueueNotification: uMsg(0x90A), wParam(0x1), lParam(0x7BC) dwData(0x0)
[03:03:38:32:891][R][OVERLAY:12552:16024] CShadowPlayNotifications::HandleNotificationMessage: msg(2314) lparam(7bc) wparam(1)
[03:03:38:32:999][R][CNTNR:10672:12328] CCaptureControl::ProcessGameEvents: CaptureProcResolutionChanged, sending dummy notification!!
[03:03:38:32:999][R][OVERLAY:12552: 3832] CShadowPlayNotifications::EnqueueNotification: uMsg(0x90A), wParam(0x1), lParam(0x7BC) dwData(0x0)
[03:03:38:32:999][R][OVERLAY:12552:16024] CShadowPlayNotifications::HandleNotificationMessage: msg(2314) lparam(7bc) wparam(1)
[03:03:38:33:102][R][CNTNR:4396: 4400] ShadowPlayPluginStop: IN
[03:03:38:33:102][R][CNTNR:4396: 4400] ShadowPlayPluginStop: OUT
[03:03:38:33:103][R][CNTNR:4396: 7860] ShadowPlayServicePlugin::Stop: IN
[03:03:38:33:103][R][CNTNR:4396: 7860] OA:F15:S2003 
[03:03:38:33:103][R][CNTNR:4396: 7960] OA:F16:S2007 
[03:03:38:33:105][R][CNTNR:4396: 7860] OA:F15:S2004 
[03:03:38:33:105][R][CNTNR:4396: 7860] ShadowPlayServicePlugin::Stop: OUT
[03:03:38:33:108][R][CNTNR:10672:10676] ShadowPlayPluginStop: IN
[03:03:38:33:108][R][CNTNR:10672:10676] ShadowPlayPluginStop: OUT
[03:03:38:33:108][R][CNTNR:10672: 9368] ShadowPlayServerPlugin::Stop: IN
[03:03:38:33:108][R][CNTNR:10672: 9368] CServerImpl::DisableShadowPlay: IN pArgs[0X89EFFD18]
[03:03:38:33:108][R][CNTNR:10672: 9368] CSPEventListener::SetEnable: m_enabled(0)
[03:03:38:33:108][R][CNTNR:10672: 9368] CServerImpl::HandleSettingChange: IN msg(200) w(0x0) l(0x0)
[03:03:38:33:108][R][CNTNR:10672: 9368] CCaptureControl::HandleEvent: IN(200, 0, 0)
[03:03:38:33:110][R][CNTNR:10672:10676] ShadowPlayPluginUninitialize: IN
[03:03:38:33:110][R][CNTNR:10672:10676] ShadowPlayPluginTaskQueue::PerformUninitialize: IN
[03:03:38:33:110][R][CNTNR:10672:10676] ShadowPlayServerPlugin::Stop: IN
[03:03:38:33:111][R][CNTNR:10672: 9368] CCaptureControl::HandleEvent: primary display HDR [0][0]
[03:03:38:33:111][R][CNTNR:10672:12328] CCaptureControl::ProcessGameEvents: CaptureProcResolutionChanged, sending dummy notification!!
[03:03:38:33:114][R][OVERLAY:12552: 3832] CShadowPlayNotifications::EnqueueNotification: uMsg(0x90A), wParam(0x1), lParam(0x7BC) dwData(0x0)
[03:03:38:33:114][R][OVERLAY:12552:16024] CShadowPlayNotifications::HandleNotificationMessage: msg(2314) lparam(7bc) wparam(1)
[03:03:38:33:116][R][dwm:1980: 1036] CProxyOverlayManager::Destroy: Clearing redirOwner on proxy destroy
[03:03:38:33:116][R][dwm:1980: 1036] ProcessGFEOverlay::ClearRedirOwnerInMMF: Skipped (redirActive=0, force=0)
[03:03:38:33:116][R][dwm:1980: 1036] CSPShareStateManager::Destroy: Destroying slot [0]
[03:03:38:33:116][R][dwm:1980: 1036] CSPShareStateManager::Destroy: OUT
[03:03:38:33:116][R][dwm:1980: 1036] CShadowPlayProxyShim::ShimPrePresent: Entered Virtual Stop @[7788b361b6]
[03:03:38:33:220][R][CNTNR:10672:12328] CCaptureControl::ProcessGameEvents: CaptureProcResolutionChanged, sending dummy notification!!
[03:03:38:33:220][R][OVERLAY:12552: 3832] CShadowPlayNotifications::EnqueueNotification: uMsg(0x90A), wParam(0x1), lParam(0x7BC) dwData(0x0)
[03:03:38:33:220][R][OVERLAY:12552:16024] CShadowPlayNotifications::HandleNotificationMessage: msg(2314) lparam(7bc) wparam(1)
[03:03:38:33:274][E][dwm:1980: 1036] QueryShadowPlayDdiShimStatusIN
[03:03:38:33:274][R][dwm:1980: 1036] CShadowPlayProxyShim::DestroyNoDeviceModules: OUT
[03:03:38:33:274][R][dwm:1980: 1036] ReleaseInterface: OUT, res = 0x0
[03:03:38:33:274][R][dwm:1980: 1036] DdiDestroyDevice: OUT, res = 0x0
[03:03:38:33:274][R][dwm:1980: 1036] DestroySession: CShadowPlayProxyShim instance(0x644C4130), hDevice(0x3DC02E00)
[03:03:38:33:274][R][dwm:1980: 1036] CShadowPlayProxyShim::DestroyNoDeviceModules: OUT
[03:03:38:33:274][R][dwm:1980: 1036] CShadowPlayProxyShim::ShimDestroySession: OUT
[03:03:38:33:275][R][dwm:1980: 1036] CShadowPlayProxyShim::DestroyNoDeviceModules: OUT
[03:03:38:33:275][R][dwm:1980: 1036] ReleaseInterface: OUT, res = 0x0
[03:03:38:33:275][R][dwm:1980: 1036] DdiDestroyDevice: OUT, res = 0x0
[03:03:38:33:275][R][dwm:1980: 1036] DestroySession: CShadowPlayProxyShim instance(0x644C4130), hDevice(0x46654000)
[03:03:38:33:275][R][dwm:1980: 1036] CShadowPlayProxyShim::DestroyNoDeviceModules: OUT
[03:03:38:33:275][R][dwm:1980: 1036] CShadowPlayProxyShim::ShimDestroySession: OUT
[03:03:38:33:276][R][dwm:1980: 1036] CShadowPlayProxyShim::DestroyNoDeviceModules: OUT
[03:03:38:33:276][R][dwm:1980: 1036] ReleaseInterface: OUT, res = 0x0
[03:03:38:33:276][R][dwm:1980: 1036] DdiDestroyDevice: OUT, res = 0x0
[03:03:38:33:276][R][dwm:1980: 1036] DestroySession: CShadowPlayProxyShim instance(0x644C4130), hDevice(0x46154000)
[03:03:38:33:276][R][dwm:1980: 1036] CShadowPlayProxyShim::DestroyNoDeviceModules: OUT
[03:03:38:33:276][R][dwm:1980: 1036] CShadowPlayProxyShim::ShimDestroySession: OUT
[03:03:38:34:026][R][CNTNR:10672: 9368] Time taken for shutting down OSC 922 mSec
[03:03:38:34:035][R][CNTNR:10672: 9368] CServerIpc::ControlHeplerProcess : IN
[03:03:38:34:035][R][CNTNR:10672: 9368] CServerIpc::IsServicePluginAlive: service plugin NOT alive(2)
[03:03:38:34:035][E][CNTNR:10672: 9368] CHelperProcMgr::StopProcess: Failed to stop the helper hr = 0x80004005, error = 0x00000002
[03:03:38:34:035][E][CNTNR:10672: 9368] CServerImpl::DisableShadowPlay: failed to stop helper process ! 0x80004005
[03:03:38:34:035][R][CNTNR:10672:12320] CSPShareStateWorker<class CRemoteLoggerHost,&public: int __cdecl CRemoteLoggerHost::FlushRemoteLog(void)>::RunOnEvents: Exit signalled
[03:03:38:34:037][R][CNTNR:10672:12324] COscProcMgr::Run: Exiting Thread
[03:03:38:34:038][R][CNTNR:10672: 9368] CServerIpc::ControlHeplerProcess : IN
[03:03:38:34:038][R][CNTNR:10672: 9368] CServerIpc::IsServicePluginAlive: service plugin NOT alive(2)
[03:03:38:34:038][E][CNTNR:10672: 9368] CHelperProcMgr::StopProcess: Failed to stop the helper hr = 0x80004005, error = 0x00000002
[03:03:38:34:038][R][CNTNR:10672:12328] CCaptureControl::Run: Exiting thread
[03:03:38:34:046][E][CNTNR:10672: 9368] SendMessageToWindow: [{5AEA657D-F3F5-4BD8-BFE9-A4B537FA24C3}] window not available! (gle 0)
[03:03:38:34:047][R][CNTNR:10672: 9368] CServerImpl::DisableShadowPlay: out pArgs[0X89EFFD18] hr[0]
[03:03:38:34:047][R][CNTNR:10672: 9368] CServerImpl::ReleaseServerInterface: IN
[03:03:38:34:051][R][CNTNR:10672: 9368] CServerImpl::ReleaseServerInterface: OUT(0x00000000)
[03:03:38:34:053][R][CNTNR:10672: 4924] CMessageQueueThread::Run: Thread exiting... 
[03:03:38:34:055][R][CNTNR:10672: 9368] ShadowPlayServerPlugin::Stop: OUT
[03:03:38:34:055][R][CNTNR:10672:10676] ShadowPlayServerPlugin::Stop: OUT
[03:03:38:34:055][R][CNTNR:10672:10676] ShadowPlayPluginTaskQueue::UninitializeWorkerThread: IN
[03:03:38:34:055][R][CNTNR:10672: 9368] ShadowPlayPluginTaskQueue::HandleMessageQueue: Exited the Thread
[03:03:38:34:055][R][CNTNR:10672:10676] ShadowPlayPluginTaskQueue::UninitializeWorkerThread: thread Joined
[03:03:38:34:055][R][CNTNR:10672:10676] ShadowPlayPluginTaskQueue::UninitializeWorkerThread: OUT
[03:03:38:34:056][R][CNTNR:10672:10676] ShadowPlayPluginTaskQueue::PerformUninitialize: Stopping Plugin
[03:03:38:34:056][R][CNTNR:10672:10676] ShadowPlayPluginBase::UninitializeIpcInterface: IN
[03:03:38:34:058][R][CNTNR:10672:10676] ShadowPlayPluginBase::UninitializeIpcInterface: OUT
[03:03:38:34:058][R][CNTNR:10672:10676] ShadowPlayPluginTaskQueue::PerformUninitialize: Stopping workerthread
[03:03:38:34:058][R][CNTNR:10672:10676] ShadowPlayPluginTaskQueue::PerformUninitialize: OUT
[03:03:38:34:058][R][CNTNR:10672:10676] DeletePluginInstance: IN ShadowPlayServerPlugin
[03:03:38:34:058][R][CNTNR:10672:10676] ShadowPlayServerPlugin::~ShadowPlayServerPlugin: IN
[03:03:38:34:058][R][CNTNR:10672:10676] ShadowPlayServerPlugin::~ShadowPlayServerPlugin: OUT
[03:03:38:34:058][R][CNTNR:10672:10676] CSPNvAPIUtils::Finalize: IN
[03:03:38:34:058][R][CNTNR:10672:10676] CSPNvAPIUtils::UnloadNvApi: IN
[03:03:38:34:062][R][CNTNR:10672:10676] CSPNvAPIUtils::UnloadNvApi: NvAPI_Unload successful(0)
[03:03:38:34:062][R][CNTNR:10672:10676] DeletePluginInstance: OUT
[03:03:38:34:062][R][CNTNR:10672:10676] ShadowPlayPluginUninitialize: OUT
[03:03:38:34:129][R][CNTNR:4396: 4400] ShadowPlayPluginUninitialize: IN
[03:03:38:34:129][R][CNTNR:4396: 4400] ShadowPlayPluginTaskQueue::PerformUninitialize: IN
[03:03:38:34:129][R][CNTNR:4396: 4400] ShadowPlayPluginTaskQueue::UninitializeWorkerThread: IN
[03:03:38:34:129][R][CNTNR:4396: 7860] ShadowPlayPluginTaskQueue::HandleMessageQueue: Exited the Thread
[03:03:38:34:129][R][CNTNR:4396: 4400] ShadowPlayPluginTaskQueue::UninitializeWorkerThread: thread Joined
[03:03:38:34:130][R][CNTNR:4396: 4400] ShadowPlayPluginTaskQueue::UninitializeWorkerThread: OUT
[03:03:38:34:130][R][CNTNR:4396: 4400] ShadowPlayPluginTaskQueue::PerformUninitialize: Stopping Plugin
[03:03:38:34:130][R][CNTNR:4396: 4400] ShadowPlayPluginBase::UninitializeIpcInterface: IN
[03:03:38:34:131][R][CNTNR:4396: 4400] ShadowPlayPluginBase::UninitializeIpcInterface: OUT
[03:03:38:34:131][R][CNTNR:4396: 4400] ShadowPlayPluginTaskQueue::PerformUninitialize: Stopping workerthread
[03:03:38:34:131][R][CNTNR:4396: 4400] ShadowPlayPluginTaskQueue::PerformUninitialize: OUT
[03:03:38:34:131][R][CNTNR:4396: 4400] DeletePluginInstance: IN ShadowPlayServicePlugin
[03:03:38:34:132][R][CNTNR:4396: 4400] ShadowPlayServicePlugin::~ShadowPlayServicePlugin: IN. this[000002206FC15A00]
[03:03:38:34:132][R][CNTNR:4396: 7764] ShadowPlayController::Run: Exiting thread...
[03:03:38:34:142][R][CNTNR:4396: 4400] CNvFbcLogger::StopNvFbcLogging: ETW Controller does not Exist
[03:03:38:34:142][R][CNTNR:4396: 4400] ShadowPlayServicePlugin::~ShadowPlayServicePlugin: OUT
[03:03:38:34:142][R][CNTNR:4396: 4400] DeletePluginInstance: OUT ShadowPlayServicePlugin
[03:03:38:34:142][R][CNTNR:4396: 4400] ShadowPlayPluginUninitialize: OUT
[03:03:38:41:284][R][CNTNR:26176: 6920] ShadowPlayPluginInitialize: IN
[03:03:38:41:284][R][CNTNR:26176: 6920] CreatePluginInstance: IN ShadowPlayServicePlugin
[03:03:38:41:284][R][CNTNR:26176: 6920] ShadowPlayServicePlugin::ShadowPlayServicePlugin: IN
[03:03:38:41:284][R][CNTNR:26176: 6920] CSPWorkerThread::CSPWorkerThread : given thread name[A9B3A72F-88DB-4F0D-943C-37962A012340]
[03:03:38:41:284][R][CNTNR:26176: 6920] CSPWorkerThread::Start: started [A9B3A72F-88DB-4F0D-943C-37962A012340]
[03:03:38:41:284][E][CNTNR:26176: 6920] ShadowPlayServicePlugin::ShadowPlayServicePlugin: RegGetValue failed for[SOFTWARE\NVIDIA Corporation\Global\GFExperience][FullPath] error[2]

[03:03:38:41:284][E][CNTNR:26176: 6920] ShadowPlayServicePlugin::ShadowPlayServicePlugin: Failed to set OSC process path. installPathSet[0], errStrCpy[22]
[03:03:38:41:284][R][CNTNR:26176: 6920] ShadowPlayServicePlugin::ShadowPlayServicePlugin: OUT
[03:03:38:41:284][R][CNTNR:26176: 6920] CreatePluginInstance: OUT ShadowPlayServicePlugin
[03:03:38:41:284][R][CNTNR:26176:25692] CSPWorkerThread::ThreadFunc: executing [A9B3A72F-88DB-4F0D-943C-37962A012340]
[03:03:38:41:567][R][CNTNR:29012:26712] ShadowPlayPluginInitialize: IN
[03:03:38:41:568][R][CNTNR:29012:26712] CreatePluginInstance: ShadowPlayServerPlugin
[03:03:38:41:568][R][CNTNR:29012:26712] [CREATE] Logger v2.00 started 10.3.2026
[03:03:38:41:568][R][CNTNR:29012:26712] Windows 10.0 Build 26340  Platform=2
[03:03:38:41:576][R][CNTNR:29012:26712] Display Driver Version : 58266
[03:03:38:41:577][R][CNTNR:29012:26712] GPU0: Arch: 0x130 Implementation: 0x2 
[03:03:38:41:577][R][CNTNR:29012:26712] GFE Version : 3.28.0.412
[03:03:53:59:150][E][spacedeskService:4496:19428] QueryShadowPlayDdiShimStatusIN
[03:03:53:59:544][E][spacedeskService:4496:19428] QueryShadowPlayDdiShimStatusIN
[03:03:54:44:615][E][devicecensus:5220:22588] QueryShadowPlayDdiShimStatusIN
[03:03:54:44:761][E][devicecensus:5220:22588] QueryShadowPlayDdiShimStatusIN
[03:03:54:44:889][E][devicecensus:5220:22588] QueryShadowPlayDdiShimStatusIN
[03:03:54:45:034][E][devicecensus:5220:22588] QueryShadowPlayDdiShimStatusIN
[03:03:54:45:274][E][devicecensus:5220:22588] QueryShadowPlayDdiShimStatusIN
[03:03:54:45:475][E][devicecensus:5220:22588] QueryShadowPlayDdiShimStatusIN
[03:13:25:33:104][E][taskhostw:4964: 3412] QueryShadowPlayDdiShimStatusIN
[03:13:25:33:224][E][taskhostw:4964: 3412] QueryShadowPlayDdiShimStatusIN
[03:13:25:33:350][E][taskhostw:4964: 3412] QueryShadowPlayDdiShimStatusIN
[03:13:25:33:481][E][taskhostw:4964: 3412] QueryShadowPlayDdiShimStatusIN
[03:13:25:33:695][E][taskhostw:4964: 3412] QueryShadowPlayDdiShimStatusIN
[03:13:25:33:874][E][taskhostw:4964: 3412] QueryShadowPlayDdiShimStatusIN
[03:13:25:37:241][E][taskhostw:4964:12796] QueryShadowPlayDdiShimStatusIN
[03:13:25:37:421][E][taskhostw:4964:12796] QueryShadowPlayDdiShimStatusIN
[03:13:25:37:597][E][taskhostw:4964:12796] QueryShadowPlayDdiShimStatusIN
[03:13:25:37:774][E][taskhostw:4964:12796] QueryShadowPlayDdiShimStatusIN
[03:13:25:37:954][E][taskhostw:4964:12796] QueryShadowPlayDdiShimStatusIN
[03:13:25:38:134][E][taskhostw:4964:12796] QueryShadowPlayDdiShimStatusIN
[03:13:25:38:313][E][taskhostw:4964:12796] QueryShadowPlayDdiShimStatusIN
[03:13:25:38:483][E][taskhostw:4964:12796] QueryShadowPlayDdiShimStatusIN
[03:13:25:38:637][E][taskhostw:4964:12796] QueryShadowPlayDdiShimStatusIN
[03:13:25:38:786][E][taskhostw:4964:12796] QueryShadowPlayDdiShimStatusIN
[03:13:25:38:934][E][taskhostw:4964:12796] QueryShadowPlayDdiShimStatusIN
[03:13:25:39:084][E][taskhostw:4964:12796] QueryShadowPlayDdiShimStatusIN
[03:13:25:39:232][E][taskhostw:4964:12796] QueryShadowPlayDdiShimStatusIN
[03:13:25:39:406][E][taskhostw:4964:12796] QueryShadowPlayDdiShimStatusIN
[03:13:25:39:582][E][taskhostw:4964:12796] QueryShadowPlayDdiShimStatusIN
[03:13:25:39:754][E][taskhostw:4964:12796] QueryShadowPlayDdiShimStatusIN
[03:13:25:39:927][E][taskhostw:4964:12796] QueryShadowPlayDdiShimStatusIN
[03:13:25:40:107][E][taskhostw:4964:12796] QueryShadowPlayDdiShimStatusIN
[03:13:25:40:274][E][taskhostw:4964:12796] QueryShadowPlayDdiShimStatusIN
[03:13:25:40:447][E][taskhostw:4964:12796] QueryShadowPlayDdiShimStatusIN
[03:13:25:40:624][E][taskhostw:4964:12796] QueryShadowPlayDdiShimStatusIN
[03:13:25:40:770][E][taskhostw:4964:12796] QueryShadowPlayDdiShimStatusIN
[03:13:25:40:916][E][taskhostw:4964:12796] QueryShadowPlayDdiShimStatusIN
[03:13:25:41:065][E][taskhostw:4964:12796] QueryShadowPlayDdiShimStatusIN
[03:13:25:41:211][E][taskhostw:4964:12796] QueryShadowPlayDdiShimStatusIN
[03:13:25:41:362][E][taskhostw:4964:12796] QueryShadowPlayDdiShimStatusIN
[03:13:25:41:536][E][taskhostw:4964:12796] QueryShadowPlayDdiShimStatusIN
[03:13:25:41:708][E][taskhostw:4964:12796] QueryShadowPlayDdiShimStatusIN
[03:13:25:41:881][E][taskhostw:4964:12796] QueryShadowPlayDdiShimStatusIN
[03:13:25:42:054][E][taskhostw:4964:12796] QueryShadowPlayDdiShimStatusIN
[03:13:25:42:225][E][taskhostw:4964:12796] QueryShadowPlayDdiShimStatusIN
[03:13:25:42:395][E][taskhostw:4964:12796] QueryShadowPlayDdiShimStatusIN
[03:13:25:42:570][E][taskhostw:4964:12796] QueryShadowPlayDdiShimStatusIN
[03:13:25:42:741][E][taskhostw:4964:12796] QueryShadowPlayDdiShimStatusIN
[03:13:25:42:888][E][taskhostw:4964:12796] QueryShadowPlayDdiShimStatusIN
[03:13:25:43:038][E][taskhostw:4964:12796] QueryShadowPlayDdiShimStatusIN
[03:13:25:43:185][E][taskhostw:4964:12796] QueryShadowPlayDdiShimStatusIN
[03:13:25:43:329][E][taskhostw:4964:12796] QueryShadowPlayDdiShimStatusIN
[03:13:25:43:473][E][taskhostw:4964:12796] QueryShadowPlayDdiShimStatusIN
[03:13:25:43:656][E][taskhostw:4964:12796] QueryShadowPlayDdiShimStatusIN
[03:13:25:43:770][E][taskhostw:4964:12796] QueryShadowPlayDdiShimStatusIN
[03:13:25:43:887][E][taskhostw:4964:12796] QueryShadowPlayDdiShimStatusIN
[03:14:00:30:595][E][taskhostw:26704:15708] QueryShadowPlayDdiShimStatusIN
[03:14:00:30:709][E][taskhostw:26704:15708] QueryShadowPlayDdiShimStatusIN
[03:14:00:30:821][E][taskhostw:26704:15708] QueryShadowPlayDdiShimStatusIN
[03:14:00:30:946][E][taskhostw:26704:15708] QueryShadowPlayDdiShimStatusIN
[03:14:00:31:147][E][taskhostw:26704:15708] QueryShadowPlayDdiShimStatusIN
[03:14:00:31:316][E][taskhostw:26704:15708] QueryShadowPlayDdiShimStatusIN
[03:14:00:34:724][E][taskhostw:26704:22080] QueryShadowPlayDdiShimStatusIN
[03:14:00:34:903][E][taskhostw:26704:22080] QueryShadowPlayDdiShimStatusIN
[03:14:00:35:073][E][taskhostw:26704:22080] QueryShadowPlayDdiShimStatusIN
[03:14:00:35:244][E][taskhostw:26704:22080] QueryShadowPlayDdiShimStatusIN
[03:14:00:35:418][E][taskhostw:26704:22080] QueryShadowPlayDdiShimStatusIN
[03:14:00:35:589][E][taskhostw:26704:22080] QueryShadowPlayDdiShimStatusIN
[03:14:00:35:763][E][taskhostw:26704:22080] QueryShadowPlayDdiShimStatusIN
[03:14:00:35:935][E][taskhostw:26704:22080] QueryShadowPlayDdiShimStatusIN
[03:14:00:36:084][E][taskhostw:26704:22080] QueryShadowPlayDdiShimStatusIN
[03:14:00:36:232][E][taskhostw:26704:22080] QueryShadowPlayDdiShimStatusIN
[03:14:00:36:377][E][taskhostw:26704:22080] QueryShadowPlayDdiShimStatusIN
[03:14:00:36:529][E][taskhostw:26704:22080] QueryShadowPlayDdiShimStatusIN
[03:14:00:36:677][E][taskhostw:26704:22080] QueryShadowPlayDdiShimStatusIN
[03:14:00:36:848][E][taskhostw:26704:22080] QueryShadowPlayDdiShimStatusIN
[03:14:00:37:023][E][taskhostw:26704:22080] QueryShadowPlayDdiShimStatusIN
[03:14:00:37:197][E][taskhostw:26704:22080] QueryShadowPlayDdiShimStatusIN
[03:14:00:37:366][E][taskhostw:26704:22080] QueryShadowPlayDdiShimStatusIN
[03:14:00:37:547][E][taskhostw:26704:22080] QueryShadowPlayDdiShimStatusIN
[03:14:00:37:717][E][taskhostw:26704:22080] QueryShadowPlayDdiShimStatusIN
[03:14:00:37:888][E][taskhostw:26704:22080] QueryShadowPlayDdiShimStatusIN
[03:14:00:38:062][E][taskhostw:26704:22080] QueryShadowPlayDdiShimStatusIN
[03:14:00:38:208][E][taskhostw:26704:22080] QueryShadowPlayDdiShimStatusIN
[03:14:00:38:356][E][taskhostw:26704:22080] QueryShadowPlayDdiShimStatusIN
[03:14:00:38:502][E][taskhostw:26704:22080] QueryShadowPlayDdiShimStatusIN
[03:14:00:38:661][E][taskhostw:26704:22080] QueryShadowPlayDdiShimStatusIN
[03:14:00:38:806][E][taskhostw:26704:22080] QueryShadowPlayDdiShimStatusIN
[03:14:00:38:975][E][taskhostw:26704:22080] QueryShadowPlayDdiShimStatusIN
[03:14:00:39:151][E][taskhostw:26704:22080] QueryShadowPlayDdiShimStatusIN
[03:14:00:39:321][E][taskhostw:26704:22080] QueryShadowPlayDdiShimStatusIN
[03:14:00:39:489][E][taskhostw:26704:22080] QueryShadowPlayDdiShimStatusIN
[03:14:00:39:661][E][taskhostw:26704:22080] QueryShadowPlayDdiShimStatusIN
[03:14:00:39:830][E][taskhostw:26704:22080] QueryShadowPlayDdiShimStatusIN
[03:14:00:40:001][E][taskhostw:26704:22080] QueryShadowPlayDdiShimStatusIN
[03:14:00:40:171][E][taskhostw:26704:22080] QueryShadowPlayDdiShimStatusIN
[03:14:00:40:317][E][taskhostw:26704:22080] QueryShadowPlayDdiShimStatusIN
[03:14:00:40:464][E][taskhostw:26704:22080] QueryShadowPlayDdiShimStatusIN
[03:14:00:40:614][E][taskhostw:26704:22080] QueryShadowPlayDdiShimStatusIN
[03:14:00:40:757][E][taskhostw:26704:22080] QueryShadowPlayDdiShimStatusIN
[03:14:00:40:904][E][taskhostw:26704:22080] QueryShadowPlayDdiShimStatusIN
[03:14:00:41:075][E][taskhostw:26704:22080] QueryShadowPlayDdiShimStatusIN
[03:14:00:41:189][E][taskhostw:26704:22080] QueryShadowPlayDdiShimStatusIN
[03:14:00:41:299][E][taskhostw:26704:22080] QueryShadowPlayDdiShimStatusIN
[03:15:08:50:392][E][gpu_encoder_helper:29004:25668] QueryShadowPlayDdiShimStatusIN
[03:15:08:50:661][E][gpu_encoder_helper:15848:14472] QueryShadowPlayDdiShimStatusIN
[03:15:18:12:070][R][CNTNR:11752:20872] ShadowPlayPluginInitialize: IN
[03:15:18:12:071][R][CNTNR:11752:20872] CreatePluginInstance: IN ShadowPlayServicePlugin
[03:15:18:12:071][R][CNTNR:11752:20872] ShadowPlayServicePlugin::ShadowPlayServicePlugin: IN
[03:15:18:12:071][R][CNTNR:11752:20872] CSPWorkerThread::CSPWorkerThread : given thread name[A9B3A72F-88DB-4F0D-943C-37962A012340]
[03:15:18:12:071][R][CNTNR:11752:20872] CSPWorkerThread::Start: started [A9B3A72F-88DB-4F0D-943C-37962A012340]
[03:15:18:12:071][R][CNTNR:11752:20872] ShadowPlayServicePlugin::ShadowPlayServicePlugin: OUT
[03:15:18:12:071][R][CNTNR:11752:21776] CSPWorkerThread::ThreadFunc: executing [A9B3A72F-88DB-4F0D-943C-37962A012340]
[03:15:18:12:071][R][CNTNR:11752:20872] CreatePluginInstance: OUT ShadowPlayServicePlugin
[03:15:18:12:394][R][CNTNR:27188:11092] ShadowPlayPluginInitialize: IN
[03:15:18:12:394][R][CNTNR:27188:11092] CreatePluginInstance: ShadowPlayServerPlugin
[03:15:18:12:394][R][CNTNR:27188:11092] [CREATE] Logger v2.00 started 10.3.2026
[03:15:18:12:395][R][CNTNR:27188:11092] Windows 10.0 Build 26340  Platform=2
[03:15:18:12:401][R][CNTNR:27188:11092] Display Driver Version : 58266
[03:15:18:12:402][R][CNTNR:27188:11092] GPU0: Arch: 0x130 Implementation: 0x2 
[03:15:18:12:402][R][CNTNR:27188:11092] GFE Version : 3.28.0.412
[03:15:59:03:246][R][NODJS:8476:12280] CreateShadowPlayApiInterface: IN ver(10004) client(0)
[03:15:59:03:246][R][NODJS:8476:12280] CShadowPlayApi::CShadowPlayApi: IN this(0XAFCA2A0)
[03:15:59:03:325][R][NODJS:8476:12280] CShadowPlayApi::CShadowPlayApi: OUT
[03:15:59:03:325][R][NODJS:8476:12280] CreateShadowPlayApiInterface: OUT ppvInterface(0XAFCA2A0)
[03:15:59:03:326][R][NODJS:8476:12280] COverlayApi::InitObject: hr[0]
[03:15:59:03:326][R][NODJS:8476:12280] NVSP2::CreateOverlayApiInterface: overlay interface[0XAE7DA20]
[03:15:59:03:326][R][NODJS:8476:12280] CShadowPlayApi::RegisterCallback: IN type(2) cb(0X5D964360)
[03:15:59:03:326][R][NODJS:8476:12280] CShadowPlayNotifications::CreateInstance: IN
[03:15:59:03:326][R][NODJS:8476:12280] CSPWorkerThread::CSPWorkerThread : given thread name[CMessageQueueThread]
[03:15:59:03:326][R][NODJS:8476:12280] CSPWorkerThread::Start: started [CMessageQueueThread]
[03:15:59:03:326][R][NODJS:8476:12280] CShadowPlayNotifications::CreateInstance: OUT(0x00000000)
[03:15:59:03:326][R][NODJS:8476:12280] CShadowPlayApi::GetStatus: server not running
[03:15:59:03:326][R][NODJS:8476: 6208] CSPWorkerThread::ThreadFunc: executing [CMessageQueueThread]
[03:15:59:03:326][R][NODJS:8476: 6208] CMessageQueueThread::Run: Thread started... 
[03:15:59:03:327][R][NODJS:8476:12280] CShadowPlayApi::GetStatus: server not running
[03:15:59:03:327][R][NODJS:8476:12280] CShadowPlayApi::EnableShadowPlay: IN flags(0) origin(4)
[03:15:59:03:357][R][NODJS:8476:10296] IpcCommonInterface::HandleJoinMessage: MessageBus joined - System: Shadowplay, Module: ShadowplayApi8476
[03:15:59:03:871][E][NODJS:8476:12280] CShadowPlayApi::SendMessageToSession0Plugin: failed [0x800705b4]
[03:15:59:03:871][E][NODJS:8476:12280] CShadowPlayApi::EnableShadowPlay: ServiceMsgSubTypeStartServer failed [0x800705b4]
[03:15:59:04:377][R][NODJS:8476:27216] CShadowPlayApi::GetHotkeyProperty: reg read failed, falling back to default value
[03:15:59:04:377][R][NODJS:8476:27216] CShadowPlayApi::GetHotkeyProperty: invalid key index[2]
[03:15:59:04:627][E][HELPR:28476:27560] WinMain: Could not locate n (error 126)
[03:15:59:09:829][R][SHARE:25336:18132] COverlayApi::InitObject: hr[0]
[03:15:59:09:829][R][SHARE:25336:18132] NVSP2::CreateOverlayApiInterface: overlay interface[0X71515750]
[03:15:59:09:832][R][SHARE:25336:18132] CreateShadowPlayApiInterface: IN ver(10008) client(0)
[03:15:59:09:832][R][SHARE:25336:18132] CShadowPlayApi::CShadowPlayApi: IN this(0X7153F110)
[03:15:59:09:923][R][SHARE:25336:18132] CShadowPlayApi::CShadowPlayApi: OUT
[03:15:59:09:923][R][SHARE:25336:18132] CreateShadowPlayApiInterface: OUT ppvInterface(0X7153F110)
[03:15:59:09:959][R][SHARE:25336:10312] IpcCommonInterface::HandleJoinMessage: MessageBus joined - System: Shadowplay, Module: ShadowplayApi25336
[03:15:59:10:471][E][SHARE:25336:18132] CShadowPlayApi::GetCaptureSessionParam: IpcSyncCall failed [0x800705b4] uiCmd(19)
[03:15:59:10:471][E][SHARE:25336:18132] CApiDllWrapper::GetGPUOverlaySupported Couldn't get the GPUOverlayInfo(0x800705B4)
[03:15:59:10:471][E][SHARE:25336:18132] COverlayApi::GetGPUOverlayInfo: GetGPUOverlaySupported failed = 0x800705B4
[03:15:59:10:874][R][SHARE:25336:18132] CSPWorkerThread::CSPWorkerThread : given thread name[NVSPOMThread]
[03:15:59:10:880][R][SHARE:25336:18132] COverlayApi::CreateOverlay: hr[0] usingGPUOverlay[0] uiSlot[0], eFormat[21], uiWidth[1680], uiHeight[1050], uiNumBuffers[1], hOverlay[0X71B62C20]
[03:15:59:13:461][R][NODJS:8476: 4900] CShadowPlayApi::SetCaptureSessionParam: IN hSession(0XFFFFFFFF) uiCmd(13)
[03:15:59:13:964][E][NODJS:8476: 4900] CShadowPlayApi::SetCaptureSessionParam: IpcSyncCall failed [0x800705b4]
[03:15:59:13:964][R][NODJS:8476:14148] CShadowPlayApi::GetStatus: server not running
[03:15:59:13:975][R][NODJS:8476:21268] CShadowPlayApi::GetStatus: server not running
[03:15:59:13:975][R][NODJS:8476:21268] CShadowPlayApi::EnableShadowPlay: IN flags(0) origin(1)
[03:15:59:14:482][E][NODJS:8476:21268] CShadowPlayApi::SendMessageToSession0Plugin: failed [0x800705b4]
[03:15:59:14:482][E][NODJS:8476:21268] CShadowPlayApi::EnableShadowPlay: ServiceMsgSubTypeStartServer failed [0x800705b4]
[03:15:59:39:699][R][NODJS:8476:14908] CShadowPlayApi::GetStatus: server not running
[03:15:59:39:699][R][NODJS:8476:14908] CShadowPlayApi::EnableShadowPlay: IN flags(0) origin(1)
[03:15:59:40:200][E][NODJS:8476:14908] CShadowPlayApi::SendMessageToSession0Plugin: failed [0x800705b4]
[03:15:59:40:200][E][NODJS:8476:14908] CShadowPlayApi::EnableShadowPlay: ServiceMsgSubTypeStartServer failed [0x800705b4]
[03:15:59:48:340][R][NODJS:8476:12052] CShadowPlayApi::GetHotkeyProperty: reg read failed, falling back to default value
[03:15:59:48:340][R][NODJS:8476:12052] CShadowPlayApi::GetHotkeyProperty: invalid key index[2]
[03:16:01:23:316][E][GamingServicesUI:23836:26720] QueryShadowPlayDdiShimStatusIN
[03:16:01:28:434][E][DXGIAdapterCache:22172:18468] QueryShadowPlayDdiShimStatusIN
[03:16:01:28:563][E][DXGIAdapterCache:22172:18468] QueryShadowPlayDdiShimStatusIN
[03:16:01:28:788][E][DXGIAdapterCache:22172:18468] QueryShadowPlayDdiShimStatusIN
[03:16:01:28:913][E][DXGIAdapterCache:22172:18468] QueryShadowPlayDdiShimStatusIN
[03:16:01:29:125][E][DXGIAdapterCache:22172:18468] QueryShadowPlayDdiShimStatusIN
[03:16:01:29:251][E][DXGIAdapterCache:22172:18468] QueryShadowPlayDdiShimStatusIN
[03:16:01:54:038][E][Dungeons-WinGDK-Shipping:17884: 3168] QueryShadowPlayDdiShimStatusIN
[03:16:01:54:944][E][Dungeons-WinGDK-Shipping:17884: 3168] QueryShadowPlayDdiShimStatusIN
[03:16:01:55:329][E][Dungeons-WinGDK-Shipping:17884: 3168] QueryShadowPlayDdiShimStatusIN
[03:16:01:55:902][E][Dungeons-WinGDK-Shipping:17884: 3168] QueryShadowPlayDdiShimStatusIN
[03:16:14:40:609][R][NODJS:8476:27848] CShadowPlayApi::GetHotkeyProperty: reg read failed, falling back to default value
[03:16:14:40:609][R][NODJS:8476:27848] CShadowPlayApi::GetHotkeyProperty: invalid key index[2]
[03:16:18:27:868][E][HELPR:8448:20184] WinMain: Could not locate n (error 126)
[03:16:19:34:457][E][HELPR:28292:17336] WinMain: Could not locate n (error 126)
[03:16:30:22:277][R][NODJS:8476:29548] CShadowPlayApi::GetHotkeyProperty: reg read failed, falling back to default value
[03:16:30:22:277][R][NODJS:8476:29548] CShadowPlayApi::GetHotkeyProperty: invalid key index[2]
[03:16:30:23:278][R][HELPR:15844:24236] CShadowPlayHelper::UWPSetOSCDismissHotKeys: [2] eSPHKID_OSC Hotkeys set for UWP
[03:16:30:23:551][R][HELPR:15844:24236] CSPRedirectionHelperUWP::CSPRedirectionHelperUWP: OUT
[03:16:30:23:551][R][HELPR:15844:24236] CShadowPlayHelper::UWPSetOSCDismissHotKeys: [2] eSPHKID_OSC Hotkeys set for UWP
[03:16:30:23:597][R][HELPR:15844:26912] IpcCommonInterface::HandleJoinMessage: MessageBus joined - System: Hotkey, Module: HotkeyPlugin
[03:16:30:48:281][R][NODJS:8476:21268] CShadowPlayApi::GetStatus: server not running
[03:16:30:48:282][R][NODJS:8476:21268] CShadowPlayApi::EnableShadowPlay: IN flags(0) origin(1)
[03:16:30:48:795][E][NODJS:8476:21268] CShadowPlayApi::SendMessageToSession0Plugin: failed [0x800705b4]
[03:16:30:48:796][E][NODJS:8476:21268] CShadowPlayApi::EnableShadowPlay: ServiceMsgSubTypeStartServer failed [0x800705b4]
[03:16:30:57:085][R][NODJS:8476: 5756] CShadowPlayApi::GetHotkeyProperty: reg read failed, falling back to default value
[03:16:30:57:085][R][NODJS:8476: 5756] CShadowPlayApi::GetHotkeyProperty: invalid key index[2]
[03:16:41:48:849][E][ZCode:2480: 9996] QueryShadowPlayDdiShimStatusIN
[03:16:41:49:153][E][ZCode:2480: 9996] QueryShadowPlayDdiShimStatusIN
[03:16:41:49:441][E][ZCode:2480: 9996] QueryShadowPlayDdiShimStatusIN
[03:16:41:49:744][E][ZCode:2480: 9996] QueryShadowPlayDdiShimStatusIN
[03:16:41:49:940][E][ZCode:2480: 9996] QueryShadowPlayDdiShimStatusIN
[03:16:54:46:501][E][ZCode:21444:24220] QueryShadowPlayDdiShimStatusIN
[03:17:09:03:012][E][vgtray:28240:11040] QueryShadowPlayDdiShimStatusIN
[03:17:09:17:550][E][VALORANT-Win64-Shipping:15500:14024] QueryShadowPlayDdiShimStatusIN
[03:17:09:17:550][R][VALORANT-Win64-Shipping:15500:14024] CAppSettings::ComputeAppSettings: m_uiIndex: 170 isGame: 1 isLauncher: 0 isAppBlackListed: 0 isEnableHook: 0  isFSDEnabled: 1 isMouseClipEnabled: 0 isDx9FOEnabled: 0 isCAEnabled: 0 m_bDX12ScreenshotWAR: 0 m_bShowHotkeyMessageDisabled: 0
[03:17:09:18:935][E][VALORANT-Win64-Shipping:15500:14024] QueryShadowPlayDdiShimStatusIN
[03:17:09:20:302][E][VALORANT-Win64-Shipping:15500:14024] QueryShadowPlayDdiShimStatusIN
[03:17:09:22:429][E][VALORANT-Win64-Shipping:15500:14024] QueryShadowPlayDdiShimStatusIN
[03:17:09:54:059][E][VALORANT-Win64-Shipping:15500:14024] QueryShadowPlayDdiShimStatusIN
[03:17:09:54:300][E][VALORANT-Win64-Shipping:15500:14024] QueryShadowPlayDdiShimStatusIN
[03:17:09:54:407][E][VALORANT-Win64-Shipping:15500:14024] QueryShadowPlayDdiShimStatusIN
[03:17:09:56:546][E][VALORANT-Win64-Shipping:15500:10460] QueryShadowPlayDdiShimStatusIN
[03:17:09:57:249][E][VALORANT-Win64-Shipping:15500:26780] QueryShadowPlayDdiShimStatusIN
[03:17:10:01:129][E][Riot Client:17368:21380] QueryShadowPlayDdiShimStatusIN
[03:17:10:01:407][E][Riot Client:17368:21380] QueryShadowPlayDdiShimStatusIN
[03:17:10:01:694][E][Riot Client:17368:21380] QueryShadowPlayDdiShimStatusIN
[03:17:10:01:996][E][Riot Client:17368:21380] QueryShadowPlayDdiShimStatusIN
[03:17:10:02:199][E][Riot Client:17368:21380] QueryShadowPlayDdiShimStatusIN
[03:17:10:25:891][E][VALORANT-Win64-Shipping:15500:10160] QueryShadowPlayDdiShimStatusIN
[03:17:10:36:218][E][DiscordHookHelper64:3056:27916] QueryShadowPlayDdiShimStatusIN
[03:17:10:36:374][E][DiscordHookHelper:29208:29284] QueryShadowPlayDdiShimStatusIN
[03:17:10:36:573][E][DiscordHookHelper64:3056:27916] QueryShadowPlayDdiShimStatusIN
[03:17:10:36:593][E][DiscordHookHelper:29208:29284] QueryShadowPlayDdiShimStatusIN
[03:17:10:36:682][E][DiscordHookHelper:29208:29284] QueryShadowPlayDdiShimStatusIN
[03:17:10:36:684][E][DiscordHookHelper64:3056:27916] QueryShadowPlayDdiShimStatusIN
[03:17:10:36:867][E][DiscordHookHelper64:3056:27916] QueryShadowPlayDdiShimStatusIN
[03:17:10:36:923][E][DiscordHookHelper:29208:29284] QueryShadowPlayDdiShimStatusIN
[03:17:10:57:194][E][VALORANT-Win64-Shipping:15500:  948] QueryShadowPlayDdiShimStatusIN
[03:17:11:27:309][E][VALORANT-Win64-Shipping:15500:29284] QueryShadowPlayDdiShimStatusIN
[03:17:17:27:287][E][vgm:17204: 7740] QueryShadowPlayDdiShimStatusIN
[03:17:39:25:785][R][NODJS:8476:24052] CShadowPlayApi::GetStatus: server not running
[03:17:39:25:787][R][NODJS:8476:24052] CShadowPlayApi::EnableShadowPlay: IN flags(0) origin(1)
[03:17:39:26:291][E][NODJS:8476:24052] CShadowPlayApi::SendMessageToSession0Plugin: failed [0x800705b4]
[03:17:39:26:291][E][NODJS:8476:24052] CShadowPlayApi::EnableShadowPlay: ServiceMsgSubTypeStartServer failed [0x800705b4]
[03:17:46:43:732][R][CNTNR:28228:26560] ShadowPlayPluginInitialize: IN
[03:17:46:43:735][R][CNTNR:28228:26560] CreatePluginInstance: ShadowPlayServerPlugin
[03:17:46:43:736][R][CNTNR:28228:26560] [CREATE] Logger v2.00 started 10.3.2026
[03:17:46:43:736][R][CNTNR:28228:26560] Windows 10.0 Build 26340  Platform=2
[03:17:46:43:753][R][CNTNR:28228:26560] Display Driver Version : 58266
[03:17:46:43:755][R][CNTNR:28228:26560] GPU0: Arch: 0x130 Implementation: 0x2 
[03:17:46:43:755][R][CNTNR:28228:26560] GFE Version : 3.28.0.412
[03:17:46:43:943][R][CNTNR:28228:26560] ShadowPlayPluginInitialize: OUT
[03:17:46:43:943][R][CNTNR:28228:26560] ShadowPlayPluginStart: IN
[03:17:46:43:943][R][CNTNR:28228:26560] ShadowPlayPluginStart: OUT
[03:17:46:43:943][R][CNTNR:28228:21648] ShadowPlayServerPlugin::Start: IN
[03:17:46:43:944][R][CNTNR:28228:21648] UserID=`undefined`
[03:17:46:43:944][R][CNTNR:28228:21648] externalUserId=``
[03:17:46:43:944][R][CNTNR:28228:21648] providerId=``
[03:17:46:43:944][R][CNTNR:28228:21648] CSPWorkerThread::CSPWorkerThread : given thread name[CMessageQueueThread]
[03:17:46:43:944][R][CNTNR:28228:21648] CSPWorkerThread::Start: started [CMessageQueueThread]
[03:17:46:43:944][R][CNTNR:28228:21648] ShadowPlayServerPlugin::Start: OUT
[03:17:46:43:945][R][CNTNR:28228:28336] CSPWorkerThread::ThreadFunc: executing [CMessageQueueThread]
[03:17:46:43:945][R][CNTNR:28228:28336] CMessageQueueThread::Run: Thread started... 
[03:17:46:43:986][R][CNTNR:28228:29004] IpcCommonInterface::HandleJoinMessage: MessageBus joined - System: Shadowplay, Module: ShadowplayServer
[03:17:48:30:579][R][NODJS:17132:26032] CreateShadowPlayApiInterface: IN ver(10004) client(0)
[03:17:48:30:579][R][NODJS:17132:26032] CShadowPlayApi::CShadowPlayApi: IN this(0X57B60A0)
[03:17:48:30:799][R][NODJS:17132:26032] CShadowPlayApi::CShadowPlayApi: OUT
[03:17:48:30:799][R][NODJS:17132:26032] CreateShadowPlayApiInterface: OUT ppvInterface(0X57B60A0)
[03:17:48:30:805][R][NODJS:17132:26032] COverlayApi::InitObject: hr[0]
[03:17:48:30:805][R][NODJS:17132:26032] NVSP2::CreateOverlayApiInterface: overlay interface[0X5039B90]
[03:17:48:30:805][R][NODJS:17132:26032] CShadowPlayApi::RegisterCallback: IN type(2) cb(0X5D964360)
[03:17:48:30:805][R][NODJS:17132:26032] CShadowPlayNotifications::CreateInstance: IN
[03:17:48:30:805][R][NODJS:17132:26032] CSPWorkerThread::CSPWorkerThread : given thread name[CMessageQueueThread]
[03:17:48:30:806][R][NODJS:17132:26032] CSPWorkerThread::Start: started [CMessageQueueThread]
[03:17:48:30:806][R][NODJS:17132:26032] CShadowPlayNotifications::CreateInstance: OUT(0x00000000)
[03:17:48:30:806][R][NODJS:17132:28204] CSPWorkerThread::ThreadFunc: executing [CMessageQueueThread]
[03:17:48:30:806][R][NODJS:17132:28204] CMessageQueueThread::Run: Thread started... 
[03:17:48:30:835][R][NODJS:17132:10044] IpcCommonInterface::HandleJoinMessage: MessageBus joined - System: Shadowplay, Module: ShadowplayApi17132
[03:17:48:30:841][R][NODJS:17132:26032] CShadowPlayApi::EnableShadowPlay: IN flags(0) origin(4)
[03:17:48:31:349][E][NODJS:17132:26032] CShadowPlayApi::SendMessageToSession0Plugin: failed [0x800705b4]
[03:17:48:31:349][E][NODJS:17132:26032] CShadowPlayApi::EnableShadowPlay: ServiceMsgSubTypeStartServer failed [0x800705b4]
[03:17:48:31:883][R][NODJS:17132:18632] CShadowPlayApi::GetHotkeyProperty: reg read failed, falling back to default value
[03:17:48:31:883][R][NODJS:17132:18632] CShadowPlayApi::GetHotkeyProperty: invalid key index[2]
[03:17:48:34:996][R][NODJS:17132:13016] CShadowPlayApi::EnableShadowPlay: IN flags(0) origin(1)
[03:17:48:35:505][E][NODJS:17132:13016] CShadowPlayApi::SendMessageToSession0Plugin: failed [0x800705b4]
[03:17:48:35:505][E][NODJS:17132:13016] CShadowPlayApi::EnableShadowPlay: ServiceMsgSubTypeStartServer failed [0x800705b4]
[03:17:56:45:626][R][NODJS:17132:10044] IpcCommonInterface::HandleJoinMessage: MessageBus left - System: Shadowplay, Module: ShadowplayApi17132
[03:17:56:45:626][R][SHARE:25336:10312] IpcCommonInterface::HandleJoinMessage: MessageBus left - System: Shadowplay, Module: ShadowplayApi25336
[03:17:56:45:626][R][HELPR:15844:26912] IpcCommonInterface::HandleJoinMessage: MessageBus left - System: Hotkey, Module: HotkeyPlugin
[03:17:56:53:760][R][NODJS:17132:10044] IpcCommonInterface::HandleJoinMessage: MessageBus joined - System: Shadowplay, Module: ShadowplayApi17132
[03:17:56:53:760][R][SHARE:25336:10312] IpcCommonInterface::HandleJoinMessage: MessageBus joined - System: Shadowplay, Module: ShadowplayApi25336
[03:17:56:53:782][R][HELPR:15844:26912] IpcCommonInterface::HandleJoinMessage: MessageBus joined - System: Hotkey, Module: HotkeyPlugin
[03:17:56:54:670][R][CNTNR:22488:28372] ShadowPlayPluginInitialize: IN
[03:17:56:54:671][R][CNTNR:22488:28372] CreatePluginInstance: IN ShadowPlayServicePlugin
[03:17:56:54:671][R][CNTNR:22488:28372] ShadowPlayServicePlugin::ShadowPlayServicePlugin: IN
[03:17:56:54:671][R][CNTNR:22488:28372] CSPWorkerThread::CSPWorkerThread : given thread name[A9B3A72F-88DB-4F0D-943C-37962A012340]
[03:17:56:54:671][R][CNTNR:22488:28372] CSPWorkerThread::Start: started [A9B3A72F-88DB-4F0D-943C-37962A012340]
[03:17:56:54:671][R][CNTNR:22488:28372] ShadowPlayServicePlugin::ShadowPlayServicePlugin: OUT
[03:17:56:54:671][R][CNTNR:22488:28372] CreatePluginInstance: OUT ShadowPlayServicePlugin
[03:17:56:54:672][R][CNTNR:22488: 8008] CSPWorkerThread::ThreadFunc: executing [A9B3A72F-88DB-4F0D-943C-37962A012340]
[03:17:56:54:831][R][CNTNR:22488:28372] ShadowPlayPluginInitialize: OUT
[03:17:56:54:849][R][CNTNR:22488:28372] ShadowPlayPluginStart: IN
[03:17:56:54:849][R][CNTNR:22488:28372] ShadowPlayPluginStart: OUT
[03:17:56:54:849][R][CNTNR:22488:11408] ShadowPlayServicePlugin::Start: IN
[03:17:56:54:849][R][CNTNR:22488:11408] UserID=`undefined`
[03:17:56:54:849][R][CNTNR:22488:11408] externalUserId=``
[03:17:56:54:849][R][CNTNR:22488:11408] providerId=``
[03:17:56:54:850][R][CNTNR:22488:11408] ShadowPlayServicePlugin::Start: console session id[0X1]. relaunch for != 0xFFFFFFFF HWND(0X171F00D6)
[03:17:56:54:850][R][CNTNR:22488:11408] ShadowPlayServicePlugin::Start: OUT
[03:17:56:54:869][R][CNTNR:22488:23044] IpcCommonInterface::HandleJoinMessage: MessageBus joined - System: Shadowplay, Module: ServicePlugin
[03:17:56:55:379][R][CNTNR:16272:19296] ShadowPlayPluginInitialize: IN
[03:17:56:55:380][R][CNTNR:16272:19296] CreatePluginInstance: ShadowPlayServerPlugin
[03:17:56:55:381][R][CNTNR:16272:19296] [CREATE] Logger v2.00 started 10.3.2026
[03:17:56:55:381][R][CNTNR:16272:19296] Windows 10.0 Build 26340  Platform=2
[03:17:56:55:394][R][CNTNR:16272:19296] Display Driver Version : 58266
[03:17:56:55:400][R][CNTNR:16272:19296] GPU0: Arch: 0x130 Implementation: 0x2 
[03:17:56:55:400][R][CNTNR:16272:19296] GFE Version : 3.28.0.412
[03:17:56:55:606][R][CNTNR:16272:19296] ShadowPlayPluginInitialize: OUT
[03:17:56:55:606][R][CNTNR:16272:19296] ShadowPlayPluginStart: IN
[03:17:56:55:606][R][CNTNR:16272:19296] ShadowPlayPluginStart: OUT
[03:17:56:55:606][R][CNTNR:16272:15208] ShadowPlayServerPlugin::Start: IN
[03:17:56:55:606][R][CNTNR:16272:15208] UserID=`undefined`
[03:17:56:55:606][R][CNTNR:16272:15208] externalUserId=``
[03:17:56:55:606][R][CNTNR:16272:15208] providerId=``
[03:17:56:55:606][R][CNTNR:16272:15208] CSPWorkerThread::CSPWorkerThread : given thread name[CMessageQueueThread]
[03:17:56:55:606][R][CNTNR:16272:15208] CSPWorkerThread::Start: started [CMessageQueueThread]
[03:17:56:55:606][R][CNTNR:16272:15208] ShadowPlayServerPlugin::Start: OUT
[03:17:56:55:606][R][CNTNR:16272:28228] CSPWorkerThread::ThreadFunc: executing [CMessageQueueThread]
[03:17:56:55:606][R][CNTNR:16272:28228] CMessageQueueThread::Run: Thread started... 
[03:17:56:55:654][R][CNTNR:16272:29004] IpcCommonInterface::HandleJoinMessage: MessageBus joined - System: Shadowplay, Module: ShadowplayServer
[03:17:57:02:944][R][rundll32:6420: 6752] ShadowPlayOnServiceRestart (org=7)
[03:17:57:02:957][R][rundll32:6420: 6752] CreateShadowPlayApiInterface: IN ver(10008) client(0)
[03:17:57:02:957][R][rundll32:6420: 6752] CShadowPlayApi::CShadowPlayApi: IN this(0XC041FA80)
[03:17:57:03:168][R][rundll32:6420: 6752] CShadowPlayApi::CShadowPlayApi: OUT
[03:17:57:03:168][R][rundll32:6420: 6752] CreateShadowPlayApiInterface: OUT ppvInterface(0XC041FA80)
[03:17:57:03:204][R][rundll32:6420:22772] IpcCommonInterface::HandleJoinMessage: MessageBus joined - System: Shadowplay, Module: ShadowplayApi6420
[03:17:57:03:206][R][rundll32:6420: 6752] CShadowPlayApi::EnableShadowPlay: IN flags(0) origin(7)
[03:17:57:03:207][R][CNTNR:22488:11408] ShadowPlayServicePlugin::ProcessReceivedIpcMessage: ServiceMsgTypeControlShadowplay
[03:17:57:03:208][E][CNTNR:22488:11408] ShadowPlayServicePlugin::ProcessReceivedIpcMessage: CreateSymbolicLink failed = 3
[03:17:57:03:213][R][CNTNR:16272:15208] CreateServerImplInterface: IN
[03:17:57:03:273][R][CNTNR:16272:15208] CSPNvAPIUtils::GetExternalGpus: Logical GPU:0's info -> physicalGpuCount:1 adapterluid's LowPart:0xc018 HighPart:0x0
[03:17:57:03:276][R][CNTNR:16272:15208] GetSrcColorSpaceInfoSupportedReason: driverVersion(58266) dwRetCode(0x00000001)
[03:17:57:03:288][R][CNTNR:16272:15208] GetMsHybridByDefaultSupportedReason: dwRetCode(0X1)
[03:17:57:03:292][R][CNTNR:16272:15208] GetMPOSupportedReason: dwRetCode(0x00000040)
[03:17:57:03:292][R][CNTNR:16272:15208] GetHDRScreenshotSupportedReason: dwRetCode(0x00000001)
[03:17:57:03:293][R][CNTNR:16272:15208] GetSocScreenshotSupportedReason: dwRetCode(0X1)
[03:17:57:04:216][R][CNTNR:16272:15208] GetSocVideoSupportedReason: NvFbc SocVideoCapture is not supported for all Apis(Dxs, OGL&Vulkan)
[03:17:57:04:216][R][CNTNR:16272:15208] GetSocVideoSupportedReason: dwRetCode(0X8) SocVideoCaptureSupport:0 
[03:17:57:04:217][R][CNTNR:16272:15208] GetHLTempPathRemovalSupportedReason: dwRetCode(0X1)
[03:17:57:04:217][R][CNTNR:16272:15208] GetGalleryLimitSupportedReason: dwRetCode(0X1)
[03:17:57:04:217][R][CNTNR:16272:15208] GetGPUCameraOverlaySupportedReason: driverVersion(58266)dwRetCode(0x00000006)
[03:17:57:04:221][R][CNTNR:16272:15208] GetHEVCRecSupportedReason: dwRetCode(0X1)
[03:17:57:04:221][R][CNTNR:16272:15208] CSettings::SaveNVEncHWCaps [10571]: 
[03:17:57:04:520][R][CNTNR:16272:15208] DevIn(0X1D1F93A0), DevOut(0X1D1F93A0) bDGInstalled(0)
[03:17:57:04:524][R][CNTNR:16272:15208] CSettings::SaveNVEncHWCaps [10678]: dwEncodeGUIDCount[2]
[03:17:57:04:524][R][CNTNR:16272:15208] CSettings::SaveNVEncHWCaps [10689]: encode uArraysize[2]
[03:17:57:04:524][R][CNTNR:16272:15208] CSettings::SaveNVEncHWCaps : H264 encoder available
[03:17:57:04:524][R][CNTNR:16272:15208] CSettings::SaveNVEncHWCaps : H265 encoder available
[03:17:57:04:524][R][CNTNR:16272:15208] CSettings::SaveNVEncHWCaps : H265 10-bit encoder available
[03:17:57:04:546][R][CNTNR:16272:15208] CSettings::IsNVEncoderSupported: requested caps: codec[2] 10-bit-encode[0]
[03:17:57:04:546][R][CNTNR:16272:15208] CSettings::IsNVEncoderSupported: HW NVEnc caps: codec[1] 10-bit-encode[0]
[03:17:57:04:546][R][CNTNR:16272:15208] CSettings::IsNVEncoderSupported: HW NVEnc caps: codec[2] 10-bit-encode[1]
[03:17:57:04:546][R][CNTNR:16272:15208] CSettings::IsHEVCRecSupported: HEVC HW support[1]
[03:17:57:04:546][R][CNTNR:16272:15208] GetVideoCaptureRefactorSupportedReason: dwRetCode(0X1)
[03:17:57:04:546][R][CNTNR:16272:15208] GetGPUOverlaySupportedReason: driverVersion(58266)dwRetCode(0x00000001)
[03:17:57:04:546][R][CNTNR:16272:15208] GetOverlayRectListSupportedReason: dwRetCode(0X1)
[03:17:57:05:067][R][CNTNR:16272:15208] GetFTSFeatureValue: FTS regkey [{8CAF4AFB-539D-47F0-881B-B586886A65C1}] not found. Value not modified. Caller SHALL assign and use appropriate value
[03:17:57:05:067][R][CNTNR:16272:15208] Get8KSupportedReason: dwRetCode(0x00000040)
[03:17:57:05:068][R][CNTNR:16272:15208] Get8K60FpsSupportedReason: dwRetCode(0x00000040)
[03:17:57:05:069][R][CNTNR:16272:15208] getGpuManufactureInfo: Logical GPU:0's Info -> physicalGpuCount:1 adapterluid's LowPart:0xc018 HighPart:0x0
[03:17:57:05:770][R][CNTNR:16272:15208] isConcurrentCaptureEnabled NvFBC concurrency support 0
[03:17:57:05:771][R][CNTNR:16272:15208] GetSPGSConcurrencySupportedReason: dwRetCode(0x0000000A)
[03:17:57:06:498][R][CNTNR:16272:15208] isConcurrentCaptureEnabled NvFBC concurrency support 0
[03:17:57:06:498][R][CNTNR:16272:15208] GetSPBCConcurrencySupportedReason: dwRetCode(0x00000004)
[03:17:57:06:499][R][CNTNR:16272:15208] GPU0: Arch: 0x130 Implementation: 0x2 
[03:17:57:06:543][R][CNTNR:16272:15208] GetHLSupportedReason: dwRetCode(0x00000001)
[03:17:57:06:544][R][CNTNR:16272:15208] IOSCS: Not supported[0x00000060]
[03:17:57:06:546][R][CNTNR:16272:15208] SPGameStreamPortal = 2
[03:17:57:06:546][R][CNTNR:16272:15208] SPGameStreamPortal = 1
[03:17:57:06:546][R][CNTNR:16272:15208] SPGameStreamPortal = 3
[03:17:57:06:546][R][CNTNR:16272:15208] SPGameStreamPortal = 1
[03:17:57:06:560][R][CNTNR:16272:15208] Assigning Default Mic.
[03:17:57:06:566][R][CNTNR:16272:15208] Default Mic is #0
[03:17:57:06:566][R][CNTNR:16272:15208] Physical display count changed from 0 to 3
[03:17:57:06:566][R][CNTNR:16272:15208] GSRPSR: dwRetCode(0x00000001)
[03:17:57:06:566][R][CNTNR:16272:15208] m_bOsWin8orLater =1 m_bOsWin10orLater =1 m_bOsRS6orLater = 1 IsIcafeEnvironment = False
[03:17:57:06:566][R][CNTNR:16272:15208] CustomRes = 0, VidWidth = 480, VidHeight = 360, RecFPS = 60.000000, DVRBufLength = 30
[03:17:57:06:567][R][CNTNR:16272:15208] AudioMode = 3, MicMode = 0, MicPhnEnableState = True
[03:17:57:06:567][R][CNTNR:16272:15208] DispRecIndicator = True, RecIndicatorPos = RightBottom, FPSOverlayState = 0, FPSOverlayPos = RightBottom
[03:17:57:06:567][R][CNTNR:16272:15208] DisplayWebcam = False, WebcamPos = RightBottom, WebcamSize = Small
[03:17:57:06:567][R][CNTNR:16272:15208] TempFilePath = N:\NVIDIA Temp, HLTempFilePath = C:\Users\SCOTCS~1\AppData\Local\Temp\Highlights
[03:17:57:06:567][R][CNTNR:16272:15208] DispGCIndicator = True, GCIndicatorPos = RightBottom, GCRes = 3, GCFPS = 30.000000, GCFPSYTL = 30.000000
[03:17:57:06:567][R][CNTNR:16272:15208] CoProc = False, DdsSystem = False, NBSystem = False, DTCapEnableState = True, AeroEnabled = True, MonitorHotKeysState = True, MS&A = True, DFSDE = True
[03:17:57:06:569][R][CNTNR:16272:15208] Audio Capture Endpoint 0 Properties: [Volume:1.000000(0.000000dB)] [channels:1] [mute:NO] [HWsupport:0x3]
[03:17:57:06:569][R][CNTNR:16272:15208] 		Channel 0 Volume : 1.000000 (0.000000dB)
[03:17:57:06:570][R][CNTNR:16272:15208] Audio Capture Endpoint 1 Properties: [Volume:0.520000(-0.484725dB)] [channels:1] [mute:NO] [HWsupport:0x0]
[03:17:57:06:570][R][CNTNR:16272:15208] 		Channel 0 Volume : 0.520000 (-0.484725dB)
[03:17:57:06:571][R][CNTNR:16272:15208] Audio Capture Endpoint 2 Properties: [Volume:1.000000(31.996094dB)] [channels:1] [mute:NO] [HWsupport:0x3]
[03:17:57:06:572][R][CNTNR:16272:15208] 		Channel 0 Volume : 1.000000 (31.996094dB)
[03:17:57:06:572][R][CNTNR:16272:15208] CSPWorkerThread::CSPWorkerThread : given thread name[CSPEventListener]
[03:17:57:06:572][R][CNTNR:16272:15208] CSPWorkerThread::Start: started [CSPEventListener]
[03:17:57:06:572][R][CNTNR:16272:15208] CreateServerImplInterface: OUT
[03:17:57:06:572][R][CNTNR:16272:15208] CServerImpl::EnableShadowPlay: IN
[03:17:57:06:572][R][CNTNR:16272:15208] CSPWorkerThread::CSPWorkerThread : given thread name[CSPShareStateWorker]
[03:17:57:06:572][R][CNTNR:16272:26780] CSPWorkerThread::ThreadFunc: executing [CSPEventListener]
[03:17:57:06:575][R][CNTNR:16272:15208] CSPWorkerThread::Start: started [CSPShareStateWorker]
[03:17:57:06:575][R][CNTNR:16272:15208] CRemoteLoggerHost::CRemoteLoggerHost: Remote Logger created, worker start returned [0x0]
[03:17:57:06:575][R][CNTNR:16272:15208] CSPWorkerThread::CSPWorkerThread : given thread name[COscProcMgrThread]
[03:17:57:06:575][R][CNTNR:16272:11092] CSPWorkerThread::ThreadFunc: executing [CSPShareStateWorker]
[03:17:57:06:576][R][CNTNR:16272:15208] CSPWorkerThread::Start: started [COscProcMgrThread]
[03:17:57:06:576][R][CNTNR:16272:15208] CSPWorkerThread::CSPWorkerThread : given thread name[CHelperProcMgr]
[03:17:57:06:576][R][CNTNR:16272:29252] CSPWorkerThread::ThreadFunc: executing [COscProcMgrThread]
[03:17:57:06:576][R][CNTNR:16272:15208] CSPWorkerThread::CSPWorkerThread : given thread name[CCaptureControlThread]
[03:17:57:06:576][R][CNTNR:16272:15208] GetHEVCRecSupportedReason: dwRetCode(0X1)
[03:17:57:06:576][R][CNTNR:16272:15208] CSettings::SaveNVEncHWCaps m_bNVEncCapsChecked[1]: 
[03:17:57:06:576][R][CNTNR:16272:15208] CSettings::IsNVEncoderSupported: requested caps: codec[2] 10-bit-encode[0]
[03:17:57:06:576][R][CNTNR:16272:15208] CSettings::IsNVEncoderSupported: HW NVEnc caps: codec[1] 10-bit-encode[0]
[03:17:57:06:576][R][CNTNR:16272:15208] CSettings::IsNVEncoderSupported: HW NVEnc caps: codec[2] 10-bit-encode[1]
[03:17:57:06:576][R][CNTNR:16272:15208] CSettings::IsHEVCRecSupported: HEVC HW support[1]
[03:17:57:06:576][R][CNTNR:16272:15208] GetHEVCRecSupportedReason: dwRetCode(0X1)
[03:17:57:06:576][R][CNTNR:16272:15208] CSettings::SaveNVEncHWCaps m_bNVEncCapsChecked[1]: 
[03:17:57:06:576][R][CNTNR:16272:15208] CSettings::IsNVEncoderSupported: requested caps: codec[2] 10-bit-encode[1]
[03:17:57:06:576][R][CNTNR:16272:15208] CSettings::IsNVEncoderSupported: HW NVEnc caps: codec[1] 10-bit-encode[0]
[03:17:57:06:576][R][CNTNR:16272:15208] CSettings::IsNVEncoderSupported: HW NVEnc caps: codec[2] 10-bit-encode[1]
[03:17:57:06:576][R][CNTNR:16272:15208] CSettings::IsHEVCRecSupported: HEVC HW support[1]
[03:17:57:06:576][R][CNTNR:16272:15208] CSharedDataManager::CreateNextOrderMMF: Shared MMF recreation started [0] ended [0]
[03:17:57:06:576][R][CNTNR:16272:15208] CSPWorkerThread::Start: started [CCaptureControlThread]
[03:17:57:06:576][R][CNTNR:16272: 3764] CSPWorkerThread::ThreadFunc: executing [CCaptureControlThread]
[03:17:57:06:576][R][CNTNR:16272: 3764] CCaptureControl::Run: Thread started
[03:17:57:06:576][E][CNTNR:16272: 3764] CSettings::DeleteDVRTmpFiles: No temporary DVR files deleted, FindFirstFileW failed with error:0x3
[03:17:57:06:580][R][CNTNR:16272:15208] CServerIpc::EnableNvFBC : IN
[03:17:57:06:580][E][CNTNR:22488:11408] ShadowPlayController::GetRequestOrigin: Invalid request 0
[03:17:57:06:589][E][dwm:1980: 1036] QueryShadowPlayDdiShimStatusIN
[03:17:57:06:711][R][CNTNR:16272:15208] CServerIpc::EnableNvFBC: OUT ret code = 0x00000000
[03:17:57:07:549][R][CNTNR:16272:15208] CServerIpc::ControlHeplerProcess : IN
[03:17:57:07:612][E][CNTNR:16272:15208] KillProcess: failed to kill 25336 (error 6)
[03:17:57:07:612][E][CNTNR:16272:15208] KillProcess: failed to kill 13384 (error 6)
[03:17:57:07:613][R][CNTNR:16272:15208] Starting nvosc. 
[03:17:57:07:614][E][CNTNR:16272:15208] COscProcMgr::GetOSCPath: OSC exe not found in Program Files
[03:17:57:07:614][E][CNTNR:16272:15208] COscProcMgr::StartProcess OSC exe image not found
[03:17:57:07:614][E][CNTNR:16272:15208] CServerImpl::EnableShadowPlay failed to start Share Process!
[03:17:57:07:614][R][CNTNR:16272:11092] CSPShareStateWorker<class CRemoteLoggerHost,&public: int __cdecl CRemoteLoggerHost::FlushRemoteLog(void)>::RunOnEvents: Exit signalled
[03:17:57:07:615][R][CNTNR:16272:29252] COscProcMgr::Run: Exiting Thread
[03:17:57:07:615][R][CNTNR:16272:15208] CServerIpc::ControlHeplerProcess : IN
[03:17:57:07:636][R][CNTNR:16272: 3764] CCaptureControl::Run: Exiting thread
[03:17:57:07:686][R][CNTNR:16272:15208] CServerImpl::EnableShadowPlay: out pArgs[0X1C572A30] hr[0]
[03:17:57:07:686][E][CNTNR:16272:15208] ShadowPlayServerPlugin::ProcessReceivedIpcMessage: m_pSPServer->EnableShadowPlay [0x80040233]
[03:17:57:07:686][E][rundll32:6420: 6752] CShadowPlayApi::EnableShadowPlay: fail hr[0x80040233]
[03:17:57:07:686][R][rundll32:6420: 6752] CShadowPlayApi::EnableShadowPlay: OUT
[03:17:57:07:686][E][rundll32:6420: 6752] Could not enable SP server. error = 0X80040233
[03:17:57:07:688][R][rundll32:6420: 6752] CShadowPlayApi::EnableShadowPlay: IN flags(0) origin(7)
[03:17:57:07:689][R][CNTNR:22488:11408] ShadowPlayServicePlugin::ProcessReceivedIpcMessage: ServiceMsgTypeControlShadowplay
[03:17:57:07:690][E][CNTNR:22488:11408] ShadowPlayServicePlugin::ProcessReceivedIpcMessage: CreateSymbolicLink failed = 3
[03:17:57:07:692][R][CNTNR:16272:15208] CServerImpl::EnableShadowPlay: IN
[03:17:57:07:692][R][CNTNR:16272:15208] CSPWorkerThread::CSPWorkerThread : given thread name[CSPShareStateWorker]
[03:17:57:07:695][R][CNTNR:16272:15208] CSPWorkerThread::Start: started [CSPShareStateWorker]
[03:17:57:07:695][R][CNTNR:16272:15208] CRemoteLoggerHost::CRemoteLoggerHost: Remote Logger created, worker start returned [0x0]
[03:17:57:07:695][R][CNTNR:16272:28964] CSPWorkerThread::ThreadFunc: executing [CSPShareStateWorker]
[03:17:57:07:706][R][CNTNR:16272:15208] CSPNvAPIUtils::GetExternalGpus: Logical GPU:0's info -> physicalGpuCount:1 adapterluid's LowPart:0xc018 HighPart:0x0
[03:17:57:07:712][R][CNTNR:16272:15208] GetSrcColorSpaceInfoSupportedReason: driverVersion(58266) dwRetCode(0x00000001)
[03:17:57:07:712][R][CNTNR:16272:15208] GetMsHybridByDefaultSupportedReason: dwRetCode(0X1)
[03:17:57:07:713][R][CNTNR:16272:15208] GetMPOSupportedReason: dwRetCode(0x00000040)
[03:17:57:07:713][R][CNTNR:16272:15208] GetHDRScreenshotSupportedReason: dwRetCode(0x00000001)
[03:17:57:07:713][R][CNTNR:16272:15208] GetSocScreenshotSupportedReason: dwRetCode(0X1)
[03:17:57:08:465][R][CNTNR:16272:15208] GetSocVideoSupportedReason: NvFbc SocVideoCapture is not supported for all Apis(Dxs, OGL&Vulkan)
[03:17:57:08:465][R][CNTNR:16272:15208] GetSocVideoSupportedReason: dwRetCode(0X8) SocVideoCaptureSupport:0 
[03:17:57:08:465][R][CNTNR:16272:15208] GetHLTempPathRemovalSupportedReason: dwRetCode(0X1)
[03:17:57:08:465][R][CNTNR:16272:15208] GetGalleryLimitSupportedReason: dwRetCode(0X1)
[03:17:57:08:465][R][CNTNR:16272:15208] GetGPUCameraOverlaySupportedReason: driverVersion(58266)dwRetCode(0x00000006)
[03:17:57:08:466][R][CNTNR:16272:15208] GetHEVCRecSupportedReason: dwRetCode(0X1)
[03:17:57:08:466][R][CNTNR:16272:15208] CSettings::SaveNVEncHWCaps m_bNVEncCapsChecked[1]: 
[03:17:57:08:466][R][CNTNR:16272:15208] CSettings::IsNVEncoderSupported: requested caps: codec[2] 10-bit-encode[0]
[03:17:57:08:466][R][CNTNR:16272:15208] CSettings::IsNVEncoderSupported: HW NVEnc caps: codec[1] 10-bit-encode[0]
[03:17:57:08:466][R][CNTNR:16272:15208] CSettings::IsNVEncoderSupported: HW NVEnc caps: codec[2] 10-bit-encode[1]
[03:17:57:08:466][R][CNTNR:16272:15208] CSettings::IsHEVCRecSupported: HEVC HW support[1]
[03:17:57:08:466][R][CNTNR:16272:15208] GetVideoCaptureRefactorSupportedReason: dwRetCode(0X1)
[03:17:57:08:466][R][CNTNR:16272:15208] GetGPUOverlaySupportedReason: driverVersion(58266)dwRetCode(0x00000001)
[03:17:57:08:468][R][CNTNR:16272:15208] GetOverlayRectListSupportedReason: dwRetCode(0X1)
[03:17:57:09:118][R][CNTNR:16272:15208] GetFTSFeatureValue: FTS regkey [{8CAF4AFB-539D-47F0-881B-B586886A65C1}] not found. Value not modified. Caller SHALL assign and use appropriate value
[03:17:57:09:118][R][CNTNR:16272:15208] Get8KSupportedReason: dwRetCode(0x00000040)
[03:17:57:09:120][R][CNTNR:16272:15208] Get8K60FpsSupportedReason: dwRetCode(0x00000040)
[03:17:57:09:124][R][CNTNR:16272:15208] getGpuManufactureInfo: Logical GPU:0's Info -> physicalGpuCount:1 adapterluid's LowPart:0xc018 HighPart:0x0
[03:17:57:10:008][R][CNTNR:16272:15208] isConcurrentCaptureEnabled NvFBC concurrency support 0
[03:17:57:10:008][R][CNTNR:16272:15208] GetSPGSConcurrencySupportedReason: dwRetCode(0x0000000A)
[03:17:57:10:745][R][CNTNR:16272:15208] isConcurrentCaptureEnabled NvFBC concurrency support 0
[03:17:57:10:746][R][CNTNR:16272:15208] GetSPBCConcurrencySupportedReason: dwRetCode(0x00000004)
[03:17:57:10:746][R][CNTNR:16272:15208] GPU0: Arch: 0x130 Implementation: 0x2 
[03:17:57:10:753][R][CNTNR:16272:15208] GetHLSupportedReason: dwRetCode(0x00000001)
[03:17:57:10:754][R][CNTNR:16272:15208] SPGameStreamPortal = 2
[03:17:57:10:755][R][CNTNR:16272:15208] SPGameStreamPortal = 1
[03:17:57:10:755][R][CNTNR:16272:15208] SPGameStreamPortal = 3
[03:17:57:10:755][R][CNTNR:16272:15208] SPGameStreamPortal = 1
[03:17:57:10:759][R][CNTNR:16272:15208] Physical display count changed from 0 to 3
[03:17:57:10:759][R][CNTNR:16272:15208] GSRPSR: dwRetCode(0x00000001)
[03:17:57:10:759][R][CNTNR:16272:15208] m_bOsWin8orLater =1 m_bOsWin10orLater =1 m_bOsRS6orLater = 1 IsIcafeEnvironment = False
[03:17:57:10:759][R][CNTNR:16272:15208] CustomRes = 0, VidWidth = 480, VidHeight = 360, RecFPS = 60.000000, DVRBufLength = 30
[03:17:57:10:759][R][CNTNR:16272:15208] AudioMode = 3, MicMode = 0, MicPhnEnableState = True
[03:17:57:10:759][R][CNTNR:16272:15208] DispRecIndicator = True, RecIndicatorPos = RightBottom, FPSOverlayState = 0, FPSOverlayPos = RightBottom
[03:17:57:10:759][R][CNTNR:16272:15208] DisplayWebcam = False, WebcamPos = RightBottom, WebcamSize = Small
[03:17:57:10:759][R][CNTNR:16272:15208] TempFilePath = N:\NVIDIA Temp, HLTempFilePath = C:\Users\SCOTCS~1\AppData\Local\Temp\Highlights
[03:17:57:10:759][R][CNTNR:16272:15208] DispGCIndicator = True, GCIndicatorPos = RightBottom, GCRes = 3, GCFPS = 30.000000, GCFPSYTL = 30.000000
[03:17:57:10:759][R][CNTNR:16272:15208] CoProc = False, DdsSystem = False, NBSystem = False, DTCapEnableState = True, AeroEnabled = True, MonitorHotKeysState = False, MS&A = False, DFSDE = True
[03:17:57:10:763][R][CNTNR:16272:15208] Audio Capture Endpoint 0 Properties: [Volume:1.000000(0.000000dB)] [channels:1] [mute:NO] [HWsupport:0x3]
[03:17:57:10:763][R][CNTNR:16272:15208] 		Channel 0 Volume : 1.000000 (0.000000dB)
[03:17:57:10:765][R][CNTNR:16272:15208] Audio Capture Endpoint 1 Properties: [Volume:0.520000(-0.484725dB)] [channels:1] [mute:NO] [HWsupport:0x0]
[03:17:57:10:765][R][CNTNR:16272:15208] 		Channel 0 Volume : 0.520000 (-0.484725dB)
[03:17:57:10:766][R][CNTNR:16272:15208] Audio Capture Endpoint 2 Properties: [Volume:1.000000(31.996094dB)] [channels:1] [mute:NO] [HWsupport:0x3]
[03:17:57:10:766][R][CNTNR:16272:15208] 		Channel 0 Volume : 1.000000 (31.996094dB)
[03:17:57:10:767][R][CNTNR:16272:15208] CSPWorkerThread::CSPWorkerThread : given thread name[COscProcMgrThread]
[03:17:57:10:767][R][CNTNR:16272:15208] CSPWorkerThread::Start: started [COscProcMgrThread]
[03:17:57:10:767][R][CNTNR:16272:15208] CSPWorkerThread::CSPWorkerThread : given thread name[CHelperProcMgr]
[03:17:57:10:767][R][CNTNR:16272:15208] CSPWorkerThread::CSPWorkerThread : given thread name[CCaptureControlThread]
[03:17:57:10:767][R][CNTNR:16272: 2608] CSPWorkerThread::ThreadFunc: executing [COscProcMgrThread]
[03:17:57:10:767][R][CNTNR:16272:15208] GetHEVCRecSupportedReason: dwRetCode(0X1)
[03:17:57:10:767][R][CNTNR:16272:15208] CSettings::SaveNVEncHWCaps m_bNVEncCapsChecked[1]: 
[03:17:57:10:767][R][CNTNR:16272:15208] CSettings::IsNVEncoderSupported: requested caps: codec[2] 10-bit-encode[0]
[03:17:57:10:767][R][CNTNR:16272:15208] CSettings::IsNVEncoderSupported: HW NVEnc caps: codec[1] 10-bit-encode[0]
[03:17:57:10:767][R][CNTNR:16272:15208] CSettings::IsNVEncoderSupported: HW NVEnc caps: codec[2] 10-bit-encode[1]
[03:17:57:10:767][R][CNTNR:16272:15208] CSettings::IsHEVCRecSupported: HEVC HW support[1]
[03:17:57:10:767][R][CNTNR:16272:15208] GetHEVCRecSupportedReason: dwRetCode(0X1)
[03:17:57:10:767][R][CNTNR:16272:15208] CSettings::SaveNVEncHWCaps m_bNVEncCapsChecked[1]: 
[03:17:57:10:767][R][CNTNR:16272:15208] CSettings::IsNVEncoderSupported: requested caps: codec[2] 10-bit-encode[1]
[03:17:57:10:767][R][CNTNR:16272:15208] CSettings::IsNVEncoderSupported: HW NVEnc caps: codec[1] 10-bit-encode[0]
[03:17:57:10:767][R][CNTNR:16272:15208] CSettings::IsNVEncoderSupported: HW NVEnc caps: codec[2] 10-bit-encode[1]
[03:17:57:10:767][R][CNTNR:16272:15208] CSettings::IsHEVCRecSupported: HEVC HW support[1]
[03:17:57:10:767][R][CNTNR:16272:15208] CSharedDataManager::CreateNextOrderMMF: Shared MMF recreation started [0] ended [0]
[03:17:57:10:767][R][CNTNR:16272:15208] CSPWorkerThread::Start: started [CCaptureControlThread]
[03:17:57:10:768][R][CNTNR:16272:14900] CSPWorkerThread::ThreadFunc: executing [CCaptureControlThread]
[03:17:57:10:768][R][CNTNR:16272:14900] CCaptureControl::Run: Thread started
[03:17:57:10:769][E][CNTNR:16272:14900] CSettings::DeleteDVRTmpFiles: No temporary DVR files deleted, FindFirstFileW failed with error:0x3
[03:17:57:10:770][R][CNTNR:16272:15208] CServerIpc::EnableNvFBC : IN
[03:17:57:10:772][E][CNTNR:22488:11408] ShadowPlayController::GetRequestOrigin: Invalid request 0
[03:17:57:10:775][E][dwm:1980: 1036] QueryShadowPlayDdiShimStatusIN
[03:17:57:10:951][R][CNTNR:16272:15208] CServerIpc::EnableNvFBC: OUT ret code = 0x00000000
[03:17:57:11:899][R][CNTNR:16272:15208] CServerIpc::ControlHeplerProcess : IN
[03:17:57:11:951][E][CNTNR:16272:15208] KillProcess: failed to kill 25336 (error 6)
[03:17:57:11:951][E][CNTNR:16272:15208] KillProcess: failed to kill 13384 (error 6)
[03:17:57:11:952][R][CNTNR:16272:15208] Starting nvosc. 
[03:17:57:11:952][E][CNTNR:16272:15208] COscProcMgr::GetOSCPath: OSC exe not found in Program Files
[03:17:57:11:952][E][CNTNR:16272:15208] COscProcMgr::StartProcess OSC exe image not found
[03:17:57:11:952][E][CNTNR:16272:15208] CServerImpl::EnableShadowPlay failed to start Share Process!
[03:17:57:11:952][R][CNTNR:16272:28964] CSPShareStateWorker<class CRemoteLoggerHost,&public: int __cdecl CRemoteLoggerHost::FlushRemoteLog(void)>::RunOnEvents: Exit signalled
[03:17:57:11:954][R][CNTNR:16272: 2608] COscProcMgr::Run: Exiting Thread
[03:17:57:11:954][R][CNTNR:16272:15208] CServerIpc::ControlHeplerProcess : IN
[03:17:57:11:976][R][CNTNR:16272:14900] CCaptureControl::Run: Exiting thread
[03:17:57:11:976][R][CNTNR:16272:15208] CServerImpl::EnableShadowPlay: out pArgs[0X1D010F60] hr[0]
[03:17:57:11:976][E][CNTNR:16272:15208] ShadowPlayServerPlugin::ProcessReceivedIpcMessage: m_pSPServer->EnableShadowPlay [0x80040233]
[03:17:57:11:977][E][rundll32:6420: 6752] CShadowPlayApi::EnableShadowPlay: fail hr[0x80040233]
[03:17:57:11:977][R][rundll32:6420: 6752] CShadowPlayApi::EnableShadowPlay: OUT
[03:17:57:11:977][E][rundll32:6420: 6752] Could not enable SP server. error = 0X80040233
[03:17:57:11:978][R][rundll32:6420: 6752] CShadowPlayApi::EnableShadowPlay: IN flags(0) origin(7)
[03:17:57:11:978][R][CNTNR:22488:11408] ShadowPlayServicePlugin::ProcessReceivedIpcMessage: ServiceMsgTypeControlShadowplay
[03:17:57:11:978][E][CNTNR:22488:11408] ShadowPlayServicePlugin::ProcessReceivedIpcMessage: CreateSymbolicLink failed = 3
[03:17:57:11:986][R][CNTNR:16272:15208] CServerImpl::EnableShadowPlay: IN
[03:17:57:11:986][R][CNTNR:16272:15208] CSPWorkerThread::CSPWorkerThread : given thread name[CSPShareStateWorker]
[03:17:57:11:989][R][CNTNR:16272:15208] CSPWorkerThread::Start: started [CSPShareStateWorker]
[03:17:57:11:989][R][CNTNR:16272:15208] CRemoteLoggerHost::CRemoteLoggerHost: Remote Logger created, worker start returned [0x0]
[03:17:57:11:989][R][CNTNR:16272:26692] CSPWorkerThread::ThreadFunc: executing [CSPShareStateWorker]
[03:17:57:12:001][R][CNTNR:16272:15208] CSPNvAPIUtils::GetExternalGpus: Logical GPU:0's info -> physicalGpuCount:1 adapterluid's LowPart:0xc018 HighPart:0x0
[03:17:57:12:004][R][CNTNR:16272:15208] GetSrcColorSpaceInfoSupportedReason: driverVersion(58266) dwRetCode(0x00000001)
[03:17:57:12:004][R][CNTNR:16272:15208] GetMsHybridByDefaultSupportedReason: dwRetCode(0X1)
[03:17:57:12:005][R][CNTNR:16272:15208] GetMPOSupportedReason: dwRetCode(0x00000040)
[03:17:57:12:005][R][CNTNR:16272:15208] GetHDRScreenshotSupportedReason: dwRetCode(0x00000001)
[03:17:57:12:005][R][CNTNR:16272:15208] GetSocScreenshotSupportedReason: dwRetCode(0X1)
[03:17:57:12:965][R][CNTNR:16272:15208] GetSocVideoSupportedReason: NvFbc SocVideoCapture is not supported for all Apis(Dxs, OGL&Vulkan)
[03:17:57:12:965][R][CNTNR:16272:15208] GetSocVideoSupportedReason: dwRetCode(0X8) SocVideoCaptureSupport:0 
[03:17:57:12:965][R][CNTNR:16272:15208] GetHLTempPathRemovalSupportedReason: dwRetCode(0X1)
[03:17:57:12:965][R][CNTNR:16272:15208] GetGalleryLimitSupportedReason: dwRetCode(0X1)
[03:17:57:12:965][R][CNTNR:16272:15208] GetGPUCameraOverlaySupportedReason: driverVersion(58266)dwRetCode(0x00000006)
[03:17:57:12:967][R][CNTNR:16272:15208] GetHEVCRecSupportedReason: dwRetCode(0X1)
[03:17:57:12:967][R][CNTNR:16272:15208] CSettings::SaveNVEncHWCaps m_bNVEncCapsChecked[1]: 
[03:17:57:12:967][R][CNTNR:16272:15208] CSettings::IsNVEncoderSupported: requested caps: codec[2] 10-bit-encode[0]
[03:17:57:12:967][R][CNTNR:16272:15208] CSettings::IsNVEncoderSupported: HW NVEnc caps: codec[1] 10-bit-encode[0]
[03:17:57:12:967][R][CNTNR:16272:15208] CSettings::IsNVEncoderSupported: HW NVEnc caps: codec[2] 10-bit-encode[1]
[03:17:57:12:967][R][CNTNR:16272:15208] CSettings::IsHEVCRecSupported: HEVC HW support[1]
[03:17:57:12:967][R][CNTNR:16272:15208] GetVideoCaptureRefactorSupportedReason: dwRetCode(0X1)
[03:17:57:12:967][R][CNTNR:16272:15208] GetGPUOverlaySupportedReason: driverVersion(58266)dwRetCode(0x00000001)
[03:17:57:12:967][R][CNTNR:16272:15208] GetOverlayRectListSupportedReason: dwRetCode(0X1)
[03:17:57:13:520][R][CNTNR:16272:15208] GetFTSFeatureValue: FTS regkey [{8CAF4AFB-539D-47F0-881B-B586886A65C1}] not found. Value not modified. Caller SHALL assign and use appropriate value
[03:17:57:13:520][R][CNTNR:16272:15208] Get8KSupportedReason: dwRetCode(0x00000040)
[03:17:57:13:522][R][CNTNR:16272:15208] Get8K60FpsSupportedReason: dwRetCode(0x00000040)
[03:17:57:13:523][R][CNTNR:16272:15208] getGpuManufactureInfo: Logical GPU:0's Info -> physicalGpuCount:1 adapterluid's LowPart:0xc018 HighPart:0x0
[03:17:57:14:236][R][CNTNR:16272:15208] isConcurrentCaptureEnabled NvFBC concurrency support 0
[03:17:57:14:236][R][CNTNR:16272:15208] GetSPGSConcurrencySupportedReason: dwRetCode(0x0000000A)
[03:17:57:14:985][R][CNTNR:16272:15208] isConcurrentCaptureEnabled NvFBC concurrency support 0
[03:17:57:14:985][R][CNTNR:16272:15208] GetSPBCConcurrencySupportedReason: dwRetCode(0x00000004)
[03:17:57:14:986][R][CNTNR:16272:15208] GPU0: Arch: 0x130 Implementation: 0x2 
[03:17:57:14:993][R][CNTNR:16272:15208] GetHLSupportedReason: dwRetCode(0x00000001)
[03:17:57:14:994][R][CNTNR:16272:15208] SPGameStreamPortal = 2
[03:17:57:14:994][R][CNTNR:16272:15208] SPGameStreamPortal = 1
[03:17:57:14:994][R][CNTNR:16272:15208] SPGameStreamPortal = 3
[03:17:57:14:995][R][CNTNR:16272:15208] SPGameStreamPortal = 1
[03:17:57:14:996][R][CNTNR:16272:15208] Physical display count changed from 0 to 3
[03:17:57:14:996][R][CNTNR:16272:15208] GSRPSR: dwRetCode(0x00000001)
[03:17:57:14:996][R][CNTNR:16272:15208] m_bOsWin8orLater =1 m_bOsWin10orLater =1 m_bOsRS6orLater = 1 IsIcafeEnvironment = False
[03:17:57:14:996][R][CNTNR:16272:15208] CustomRes = 0, VidWidth = 480, VidHeight = 360, RecFPS = 60.000000, DVRBufLength = 30
[03:17:57:14:996][R][CNTNR:16272:15208] AudioMode = 3, MicMode = 0, MicPhnEnableState = True
[03:17:57:14:996][R][CNTNR:16272:15208] DispRecIndicator = True, RecIndicatorPos = RightBottom, FPSOverlayState = 0, FPSOverlayPos = RightBottom
[03:17:57:14:996][R][CNTNR:16272:15208] DisplayWebcam = False, WebcamPos = RightBottom, WebcamSize = Small
[03:17:57:14:997][R][CNTNR:16272:15208] TempFilePath = N:\NVIDIA Temp, HLTempFilePath = C:\Users\SCOTCS~1\AppData\Local\Temp\Highlights
[03:17:57:14:997][R][CNTNR:16272:15208] DispGCIndicator = True, GCIndicatorPos = RightBottom, GCRes = 3, GCFPS = 30.000000, GCFPSYTL = 30.000000
[03:17:57:14:997][R][CNTNR:16272:15208] CoProc = False, DdsSystem = False, NBSystem = False, DTCapEnableState = True, AeroEnabled = True, MonitorHotKeysState = False, MS&A = False, DFSDE = True
[03:17:57:15:000][R][CNTNR:16272:15208] Audio Capture Endpoint 0 Properties: [Volume:1.000000(0.000000dB)] [channels:1] [mute:NO] [HWsupport:0x3]
[03:17:57:15:000][R][CNTNR:16272:15208] 		Channel 0 Volume : 1.000000 (0.000000dB)
[03:17:57:15:002][R][CNTNR:16272:15208] Audio Capture Endpoint 1 Properties: [Volume:0.520000(-0.484725dB)] [channels:1] [mute:NO] [HWsupport:0x0]
[03:17:57:15:002][R][CNTNR:16272:15208] 		Channel 0 Volume : 0.520000 (-0.484725dB)
[03:17:57:15:003][R][CNTNR:16272:15208] Audio Capture Endpoint 2 Properties: [Volume:1.000000(31.996094dB)] [channels:1] [mute:NO] [HWsupport:0x3]
[03:17:57:15:003][R][CNTNR:16272:15208] 		Channel 0 Volume : 1.000000 (31.996094dB)
[03:17:57:15:003][R][CNTNR:16272:15208] CSPWorkerThread::CSPWorkerThread : given thread name[COscProcMgrThread]
[03:17:57:15:003][R][CNTNR:16272:15208] CSPWorkerThread::Start: started [COscProcMgrThread]
[03:17:57:15:003][R][CNTNR:16272:15208] CSPWorkerThread::CSPWorkerThread : given thread name[CHelperProcMgr]
[03:17:57:15:004][R][CNTNR:16272:16016] CSPWorkerThread::ThreadFunc: executing [COscProcMgrThread]
[03:17:57:15:004][R][CNTNR:16272:15208] CSPWorkerThread::CSPWorkerThread : given thread name[CCaptureControlThread]
[03:17:57:15:004][R][CNTNR:16272:15208] GetHEVCRecSupportedReason: dwRetCode(0X1)
[03:17:57:15:004][R][CNTNR:16272:15208] CSettings::SaveNVEncHWCaps m_bNVEncCapsChecked[1]: 
[03:17:57:15:004][R][CNTNR:16272:15208] CSettings::IsNVEncoderSupported: requested caps: codec[2] 10-bit-encode[0]
[03:17:57:15:004][R][CNTNR:16272:15208] CSettings::IsNVEncoderSupported: HW NVEnc caps: codec[1] 10-bit-encode[0]
[03:17:57:15:004][R][CNTNR:16272:15208] CSettings::IsNVEncoderSupported: HW NVEnc caps: codec[2] 10-bit-encode[1]
[03:17:57:15:004][R][CNTNR:16272:15208] CSettings::IsHEVCRecSupported: HEVC HW support[1]
[03:17:57:15:004][R][CNTNR:16272:15208] GetHEVCRecSupportedReason: dwRetCode(0X1)
[03:17:57:15:004][R][CNTNR:16272:15208] CSettings::SaveNVEncHWCaps m_bNVEncCapsChecked[1]: 
[03:17:57:15:004][R][CNTNR:16272:15208] CSettings::IsNVEncoderSupported: requested caps: codec[2] 10-bit-encode[1]
[03:17:57:15:004][R][CNTNR:16272:15208] CSettings::IsNVEncoderSupported: HW NVEnc caps: codec[1] 10-bit-encode[0]
[03:17:57:15:004][R][CNTNR:16272:15208] CSettings::IsNVEncoderSupported: HW NVEnc caps: codec[2] 10-bit-encode[1]
[03:17:57:15:004][R][CNTNR:16272:15208] CSettings::IsHEVCRecSupported: HEVC HW support[1]
[03:17:57:15:004][R][CNTNR:16272:15208] CSharedDataManager::CreateNextOrderMMF: Shared MMF recreation started [0] ended [0]
[03:17:57:15:004][R][CNTNR:16272:15208] CSPWorkerThread::Start: started [CCaptureControlThread]
[03:17:57:15:004][R][CNTNR:16272:24896] CSPWorkerThread::ThreadFunc: executing [CCaptureControlThread]
[03:17:57:15:004][R][CNTNR:16272:24896] CCaptureControl::Run: Thread started
[03:17:57:15:004][E][CNTNR:16272:24896] CSettings::DeleteDVRTmpFiles: No temporary DVR files deleted, FindFirstFileW failed with error:0x3
[03:17:57:15:005][R][CNTNR:16272:15208] CServerIpc::EnableNvFBC : IN
[03:17:57:15:005][E][CNTNR:22488:11408] ShadowPlayController::GetRequestOrigin: Invalid request 0
[03:17:57:15:013][E][dwm:1980: 1036] QueryShadowPlayDdiShimStatusIN
[03:17:57:15:152][R][CNTNR:16272:15208] CServerIpc::EnableNvFBC: OUT ret code = 0x00000000
[03:17:57:16:010][R][CNTNR:16272:15208] CServerIpc::ControlHeplerProcess : IN
[03:17:57:16:056][E][CNTNR:16272:15208] KillProcess: failed to kill 25336 (error 6)
[03:17:57:16:056][E][CNTNR:16272:15208] KillProcess: failed to kill 13384 (error 6)
[03:17:57:16:058][R][CNTNR:16272:15208] Starting nvosc. 
[03:17:57:16:058][E][CNTNR:16272:15208] COscProcMgr::GetOSCPath: OSC exe not found in Program Files
[03:17:57:16:058][E][CNTNR:16272:15208] COscProcMgr::StartProcess OSC exe image not found
[03:17:57:16:058][E][CNTNR:16272:15208] CServerImpl::EnableShadowPlay failed to start Share Process!
[03:17:57:16:058][R][CNTNR:16272:26692] CSPShareStateWorker<class CRemoteLoggerHost,&public: int __cdecl CRemoteLoggerHost::FlushRemoteLog(void)>::RunOnEvents: Exit signalled
[03:17:57:16:060][R][CNTNR:16272:16016] COscProcMgr::Run: Exiting Thread
[03:17:57:16:060][R][CNTNR:16272:15208] CServerIpc::ControlHeplerProcess : IN
[03:17:57:16:083][R][CNTNR:16272:24896] CCaptureControl::Run: Exiting thread
[03:17:57:16:086][R][CNTNR:16272:15208] CServerImpl::EnableShadowPlay: out pArgs[0X1D628020] hr[0]
[03:17:57:16:086][E][CNTNR:16272:15208] ShadowPlayServerPlugin::ProcessReceivedIpcMessage: m_pSPServer->EnableShadowPlay [0x80040233]
[03:17:57:16:086][E][rundll32:6420: 6752] CShadowPlayApi::EnableShadowPlay: fail hr[0x80040233]
[03:17:57:16:088][R][rundll32:6420: 6752] CShadowPlayApi::EnableShadowPlay: OUT
[03:17:57:16:088][E][rundll32:6420: 6752] Could not enable SP server. error = 0X80040233
[03:17:57:16:089][R][rundll32:6420: 6752] CShadowPlayApi::EnableShadowPlay: IN flags(0) origin(7)
[03:17:57:16:089][R][CNTNR:22488:11408] ShadowPlayServicePlugin::ProcessReceivedIpcMessage: ServiceMsgTypeControlShadowplay
[03:17:57:16:090][E][CNTNR:22488:11408] ShadowPlayServicePlugin::ProcessReceivedIpcMessage: CreateSymbolicLink failed = 3
[03:17:57:16:092][R][CNTNR:16272:15208] CServerImpl::EnableShadowPlay: IN
[03:17:57:16:092][R][CNTNR:16272:15208] CSPWorkerThread::CSPWorkerThread : given thread name[CSPShareStateWorker]
[03:17:57:16:096][R][CNTNR:16272:15208] CSPWorkerThread::Start: started [CSPShareStateWorker]
[03:17:57:16:096][R][CNTNR:16272:15208] CRemoteLoggerHost::CRemoteLoggerHost: Remote Logger created, worker start returned [0x0]
[03:17:57:16:096][R][CNTNR:16272:24644] CSPWorkerThread::ThreadFunc: executing [CSPShareStateWorker]
[03:17:57:16:106][R][CNTNR:16272:15208] CSPNvAPIUtils::GetExternalGpus: Logical GPU:0's info -> physicalGpuCount:1 adapterluid's LowPart:0xc018 HighPart:0x0
[03:17:57:16:109][R][CNTNR:16272:15208] GetSrcColorSpaceInfoSupportedReason: driverVersion(58266) dwRetCode(0x00000001)
[03:17:57:16:109][R][CNTNR:16272:15208] GetMsHybridByDefaultSupportedReason: dwRetCode(0X1)
[03:17:57:16:112][R][CNTNR:16272:15208] GetMPOSupportedReason: dwRetCode(0x00000040)
[03:17:57:16:112][R][CNTNR:16272:15208] GetHDRScreenshotSupportedReason: dwRetCode(0x00000001)
[03:17:57:16:112][R][CNTNR:16272:15208] GetSocScreenshotSupportedReason: dwRetCode(0X1)
[03:17:57:16:852][R][CNTNR:16272:15208] GetSocVideoSupportedReason: NvFbc SocVideoCapture is not supported for all Apis(Dxs, OGL&Vulkan)
[03:17:57:16:852][R][CNTNR:16272:15208] GetSocVideoSupportedReason: dwRetCode(0X8) SocVideoCaptureSupport:0 
[03:17:57:16:852][R][CNTNR:16272:15208] GetHLTempPathRemovalSupportedReason: dwRetCode(0X1)
[03:17:57:16:852][R][CNTNR:16272:15208] GetGalleryLimitSupportedReason: dwRetCode(0X1)
[03:17:57:16:852][R][CNTNR:16272:15208] GetGPUCameraOverlaySupportedReason: driverVersion(58266)dwRetCode(0x00000006)
[03:17:57:16:854][R][CNTNR:16272:15208] GetHEVCRecSupportedReason: dwRetCode(0X1)
[03:17:57:16:854][R][CNTNR:16272:15208] CSettings::SaveNVEncHWCaps m_bNVEncCapsChecked[1]: 
[03:17:57:16:854][R][CNTNR:16272:15208] CSettings::IsNVEncoderSupported: requested caps: codec[2] 10-bit-encode[0]
[03:17:57:16:854][R][CNTNR:16272:15208] CSettings::IsNVEncoderSupported: HW NVEnc caps: codec[1] 10-bit-encode[0]
[03:17:57:16:854][R][CNTNR:16272:15208] CSettings::IsNVEncoderSupported: HW NVEnc caps: codec[2] 10-bit-encode[1]
[03:17:57:16:854][R][CNTNR:16272:15208] CSettings::IsHEVCRecSupported: HEVC HW support[1]
[03:17:57:16:854][R][CNTNR:16272:15208] GetVideoCaptureRefactorSupportedReason: dwRetCode(0X1)
[03:17:57:16:854][R][CNTNR:16272:15208] GetGPUOverlaySupportedReason: driverVersion(58266)dwRetCode(0x00000001)
[03:17:57:16:854][R][CNTNR:16272:15208] GetOverlayRectListSupportedReason: dwRetCode(0X1)
[03:17:57:17:430][R][CNTNR:16272:15208] GetFTSFeatureValue: FTS regkey [{8CAF4AFB-539D-47F0-881B-B586886A65C1}] not found. Value not modified. Caller SHALL assign and use appropriate value
[03:17:57:17:430][R][CNTNR:16272:15208] Get8KSupportedReason: dwRetCode(0x00000040)
[03:17:57:17:432][R][CNTNR:16272:15208] Get8K60FpsSupportedReason: dwRetCode(0x00000040)
[03:17:57:17:434][R][CNTNR:16272:15208] getGpuManufactureInfo: Logical GPU:0's Info -> physicalGpuCount:1 adapterluid's LowPart:0xc018 HighPart:0x0
[03:17:57:17:653][R][NODJS:17132:14284] CShadowPlayApi::GetHotkeyProperty: reg read failed, falling back to default value
[03:17:57:17:653][R][NODJS:17132:14284] CShadowPlayApi::GetHotkeyProperty: invalid key index[2]
[03:17:57:18:230][R][CNTNR:16272:15208] isConcurrentCaptureEnabled NvFBC concurrency support 0
[03:17:57:18:234][R][CNTNR:16272:15208] GetSPGSConcurrencySupportedReason: dwRetCode(0x0000000A)
[03:17:57:18:480][R][HELPR:13644: 1372] CShadowPlayHelper::UWPSetOSCDismissHotKeys: [2] eSPHKID_OSC Hotkeys set for UWP
[03:17:57:18:628][R][HELPR:13644: 1372] CSPRedirectionHelperUWP::CSPRedirectionHelperUWP: OUT
[03:17:57:18:628][R][HELPR:13644: 1372] CShadowPlayHelper::UWPSetOSCDismissHotKeys: [2] eSPHKID_OSC Hotkeys set for UWP
[03:17:57:18:657][R][HELPR:13644:24368] IpcCommonInterface::HandleJoinMessage: MessageBus joined - System: Hotkey, Module: HotkeyPlugin
[03:17:57:19:132][R][CNTNR:16272:15208] isConcurrentCaptureEnabled NvFBC concurrency support 0
[03:17:57:19:132][R][CNTNR:16272:15208] GetSPBCConcurrencySupportedReason: dwRetCode(0x00000004)
[03:17:57:19:133][R][CNTNR:16272:15208] GPU0: Arch: 0x130 Implementation: 0x2 
[03:17:57:19:138][R][CNTNR:16272:15208] GetHLSupportedReason: dwRetCode(0x00000001)
[03:17:57:19:139][R][CNTNR:16272:15208] SPGameStreamPortal = 2
[03:17:57:19:139][R][CNTNR:16272:15208] SPGameStreamPortal = 1
[03:17:57:19:139][R][CNTNR:16272:15208] SPGameStreamPortal = 3
[03:17:57:19:139][R][CNTNR:16272:15208] SPGameStreamPortal = 1
[03:17:57:19:142][R][CNTNR:16272:15208] Physical display count changed from 0 to 3
[03:17:57:19:142][R][CNTNR:16272:15208] GSRPSR: dwRetCode(0x00000001)
[03:17:57:19:142][R][CNTNR:16272:15208] m_bOsWin8orLater =1 m_bOsWin10orLater =1 m_bOsRS6orLater = 1 IsIcafeEnvironment = False
[03:17:57:19:142][R][CNTNR:16272:15208] CustomRes = 0, VidWidth = 480, VidHeight = 360, RecFPS = 60.000000, DVRBufLength = 30
[03:17:57:19:142][R][CNTNR:16272:15208] AudioMode = 3, MicMode = 0, MicPhnEnableState = True
[03:17:57:19:142][R][CNTNR:16272:15208] DispRecIndicator = True, RecIndicatorPos = RightBottom, FPSOverlayState = 0, FPSOverlayPos = RightBottom
[03:17:57:19:142][R][CNTNR:16272:15208] DisplayWebcam = False, WebcamPos = RightBottom, WebcamSize = Small
[03:17:57:19:142][R][CNTNR:16272:15208] TempFilePath = N:\NVIDIA Temp, HLTempFilePath = C:\Users\SCOTCS~1\AppData\Local\Temp\Highlights
[03:17:57:19:142][R][CNTNR:16272:15208] DispGCIndicator = True, GCIndicatorPos = RightBottom, GCRes = 3, GCFPS = 30.000000, GCFPSYTL = 30.000000
[03:17:57:19:142][R][CNTNR:16272:15208] CoProc = False, DdsSystem = False, NBSystem = False, DTCapEnableState = True, AeroEnabled = True, MonitorHotKeysState = False, MS&A = False, DFSDE = True
[03:17:57:19:146][R][CNTNR:16272:15208] Audio Capture Endpoint 0 Properties: [Volume:1.000000(0.000000dB)] [channels:1] [mute:NO] [HWsupport:0x3]
[03:17:57:19:146][R][CNTNR:16272:15208] 		Channel 0 Volume : 1.000000 (0.000000dB)
[03:17:57:19:146][R][CNTNR:16272:15208] Audio Capture Endpoint 1 Properties: [Volume:0.520000(-0.484725dB)] [channels:1] [mute:NO] [HWsupport:0x0]
[03:17:57:19:146][R][CNTNR:16272:15208] 		Channel 0 Volume : 0.520000 (-0.484725dB)
[03:17:57:19:146][R][CNTNR:16272:15208] Audio Capture Endpoint 2 Properties: [Volume:1.000000(31.996094dB)] [channels:1] [mute:NO] [HWsupport:0x3]
[03:17:57:19:146][R][CNTNR:16272:15208] 		Channel 0 Volume : 1.000000 (31.996094dB)
[03:17:57:19:148][R][CNTNR:16272:15208] CSPWorkerThread::CSPWorkerThread : given thread name[COscProcMgrThread]
[03:17:57:19:148][R][CNTNR:16272:15208] CSPWorkerThread::Start: started [COscProcMgrThread]
[03:17:57:19:148][R][CNTNR:16272:15208] CSPWorkerThread::CSPWorkerThread : given thread name[CHelperProcMgr]
[03:17:57:19:148][R][CNTNR:16272:15208] CSPWorkerThread::CSPWorkerThread : given thread name[CCaptureControlThread]
[03:17:57:19:148][R][CNTNR:16272:24604] CSPWorkerThread::ThreadFunc: executing [COscProcMgrThread]
[03:17:57:19:148][R][CNTNR:16272:15208] GetHEVCRecSupportedReason: dwRetCode(0X1)
[03:17:57:19:148][R][CNTNR:16272:15208] CSettings::SaveNVEncHWCaps m_bNVEncCapsChecked[1]: 
[03:17:57:19:148][R][CNTNR:16272:15208] CSettings::IsNVEncoderSupported: requested caps: codec[2] 10-bit-encode[0]
[03:17:57:19:148][R][CNTNR:16272:15208] CSettings::IsNVEncoderSupported: HW NVEnc caps: codec[1] 10-bit-encode[0]
[03:17:57:19:148][R][CNTNR:16272:15208] CSettings::IsNVEncoderSupported: HW NVEnc caps: codec[2] 10-bit-encode[1]
[03:17:57:19:148][R][CNTNR:16272:15208] CSettings::IsHEVCRecSupported: HEVC HW support[1]
[03:17:57:19:148][R][CNTNR:16272:15208] GetHEVCRecSupportedReason: dwRetCode(0X1)
[03:17:57:19:148][R][CNTNR:16272:15208] CSettings::SaveNVEncHWCaps m_bNVEncCapsChecked[1]: 
[03:17:57:19:148][R][CNTNR:16272:15208] CSettings::IsNVEncoderSupported: requested caps: codec[2] 10-bit-encode[1]
[03:17:57:19:148][R][CNTNR:16272:15208] CSettings::IsNVEncoderSupported: HW NVEnc caps: codec[1] 10-bit-encode[0]
[03:17:57:19:148][R][CNTNR:16272:15208] CSettings::IsNVEncoderSupported: HW NVEnc caps: codec[2] 10-bit-encode[1]
[03:17:57:19:148][R][CNTNR:16272:15208] CSettings::IsHEVCRecSupported: HEVC HW support[1]
[03:17:57:19:148][R][CNTNR:16272:15208] CSharedDataManager::CreateNextOrderMMF: Shared MMF recreation started [0] ended [0]
[03:17:57:19:148][R][CNTNR:16272:15208] CSPWorkerThread::Start: started [CCaptureControlThread]
[03:17:57:19:148][R][CNTNR:16272: 4900] CSPWorkerThread::ThreadFunc: executing [CCaptureControlThread]
[03:17:57:19:148][R][CNTNR:16272: 4900] CCaptureControl::Run: Thread started
[03:17:57:19:149][E][CNTNR:16272: 4900] CSettings::DeleteDVRTmpFiles: No temporary DVR files deleted, FindFirstFileW failed with error:0x3
[03:17:57:19:149][R][CNTNR:16272:15208] CServerIpc::EnableNvFBC : IN
[03:17:57:19:149][E][CNTNR:22488:11408] ShadowPlayController::GetRequestOrigin: Invalid request 0
[03:17:57:19:159][E][dwm:1980: 1036] QueryShadowPlayDdiShimStatusIN
[03:17:57:19:299][R][CNTNR:16272:15208] CServerIpc::EnableNvFBC: OUT ret code = 0x00000000
[03:17:57:20:214][R][CNTNR:16272:15208] CServerIpc::ControlHeplerProcess : IN
[03:17:57:20:298][E][CNTNR:16272:15208] KillProcess: failed to kill 25336 (error 6)
[03:17:57:20:298][E][CNTNR:16272:15208] KillProcess: failed to kill 13384 (error 6)
[03:17:57:20:299][R][CNTNR:16272:15208] Starting nvosc. 
[03:17:57:20:299][E][CNTNR:16272:15208] COscProcMgr::GetOSCPath: OSC exe not found in Program Files
[03:17:57:20:299][E][CNTNR:16272:15208] COscProcMgr::StartProcess OSC exe image not found
[03:17:57:20:299][E][CNTNR:16272:15208] CServerImpl::EnableShadowPlay failed to start Share Process!
[03:17:57:20:299][R][CNTNR:16272:24644] CSPShareStateWorker<class CRemoteLoggerHost,&public: int __cdecl CRemoteLoggerHost::FlushRemoteLog(void)>::RunOnEvents: Exit signalled
[03:17:57:20:304][R][CNTNR:16272:24604] COscProcMgr::Run: Exiting Thread
[03:17:57:20:305][R][CNTNR:16272:15208] CServerIpc::ControlHeplerProcess : IN
[03:17:57:20:332][R][CNTNR:16272: 4900] CCaptureControl::Run: Exiting thread
[03:17:57:20:333][R][CNTNR:16272:15208] CServerImpl::EnableShadowPlay: out pArgs[0X1D281CA0] hr[0]
[03:17:57:20:333][E][CNTNR:16272:15208] ShadowPlayServerPlugin::ProcessReceivedIpcMessage: m_pSPServer->EnableShadowPlay [0x80040233]
[03:17:57:20:334][E][rundll32:6420: 6752] CShadowPlayApi::EnableShadowPlay: fail hr[0x80040233]
[03:17:57:20:334][R][rundll32:6420: 6752] CShadowPlayApi::EnableShadowPlay: OUT
[03:17:57:20:334][E][rundll32:6420: 6752] Could not enable SP server. error = 0X80040233
[03:17:57:20:335][R][rundll32:6420: 6752] CShadowPlayApi::EnableShadowPlay: IN flags(0) origin(7)
[03:17:57:20:336][R][CNTNR:22488:11408] ShadowPlayServicePlugin::ProcessReceivedIpcMessage: ServiceMsgTypeControlShadowplay
[03:17:57:20:336][E][CNTNR:22488:11408] ShadowPlayServicePlugin::ProcessReceivedIpcMessage: CreateSymbolicLink failed = 3
[03:17:57:20:340][R][CNTNR:16272:15208] CServerImpl::EnableShadowPlay: IN
[03:17:57:20:340][R][CNTNR:16272:15208] CSPWorkerThread::CSPWorkerThread : given thread name[CSPShareStateWorker]
[03:17:57:20:344][R][CNTNR:16272:15208] CSPWorkerThread::Start: started [CSPShareStateWorker]
[03:17:57:20:344][R][CNTNR:16272:15208] CRemoteLoggerHost::CRemoteLoggerHost: Remote Logger created, worker start returned [0x0]
[03:17:57:20:345][R][CNTNR:16272:10584] CSPWorkerThread::ThreadFunc: executing [CSPShareStateWorker]
[03:17:57:20:353][R][CNTNR:16272:15208] CSPNvAPIUtils::GetExternalGpus: Logical GPU:0's info -> physicalGpuCount:1 adapterluid's LowPart:0xc018 HighPart:0x0
[03:17:57:20:357][R][CNTNR:16272:15208] GetSrcColorSpaceInfoSupportedReason: driverVersion(58266) dwRetCode(0x00000001)
[03:17:57:20:357][R][CNTNR:16272:15208] GetMsHybridByDefaultSupportedReason: dwRetCode(0X1)
[03:17:57:20:358][R][CNTNR:16272:15208] GetMPOSupportedReason: dwRetCode(0x00000040)
[03:17:57:20:358][R][CNTNR:16272:15208] GetHDRScreenshotSupportedReason: dwRetCode(0x00000001)
[03:17:57:20:358][R][CNTNR:16272:15208] GetSocScreenshotSupportedReason: dwRetCode(0X1)
[03:17:57:21:121][R][CNTNR:16272:15208] GetSocVideoSupportedReason: NvFbc SocVideoCapture is not supported for all Apis(Dxs, OGL&Vulkan)
[03:17:57:21:121][R][CNTNR:16272:15208] GetSocVideoSupportedReason: dwRetCode(0X8) SocVideoCaptureSupport:0 
[03:17:57:21:121][R][CNTNR:16272:15208] GetHLTempPathRemovalSupportedReason: dwRetCode(0X1)
[03:17:57:21:121][R][CNTNR:16272:15208] GetGalleryLimitSupportedReason: dwRetCode(0X1)
[03:17:57:21:121][R][CNTNR:16272:15208] GetGPUCameraOverlaySupportedReason: driverVersion(58266)dwRetCode(0x00000006)
[03:17:57:21:128][R][CNTNR:16272:15208] GetHEVCRecSupportedReason: dwRetCode(0X1)
[03:17:57:21:128][R][CNTNR:16272:15208] CSettings::SaveNVEncHWCaps m_bNVEncCapsChecked[1]: 
[03:17:57:21:128][R][CNTNR:16272:15208] CSettings::IsNVEncoderSupported: requested caps: codec[2] 10-bit-encode[0]
[03:17:57:21:128][R][CNTNR:16272:15208] CSettings::IsNVEncoderSupported: HW NVEnc caps: codec[1] 10-bit-encode[0]
[03:17:57:21:128][R][CNTNR:16272:15208] CSettings::IsNVEncoderSupported: HW NVEnc caps: codec[2] 10-bit-encode[1]
[03:17:57:21:128][R][CNTNR:16272:15208] CSettings::IsHEVCRecSupported: HEVC HW support[1]
[03:17:57:21:128][R][CNTNR:16272:15208] GetVideoCaptureRefactorSupportedReason: dwRetCode(0X1)
[03:17:57:21:128][R][CNTNR:16272:15208] GetGPUOverlaySupportedReason: driverVersion(58266)dwRetCode(0x00000001)
[03:17:57:21:128][R][CNTNR:16272:15208] GetOverlayRectListSupportedReason: dwRetCode(0X1)
[03:17:57:21:666][R][CNTNR:16272:15208] GetFTSFeatureValue: FTS regkey [{8CAF4AFB-539D-47F0-881B-B586886A65C1}] not found. Value not modified. Caller SHALL assign and use appropriate value
[03:17:57:21:666][R][CNTNR:16272:15208] Get8KSupportedReason: dwRetCode(0x00000040)
[03:17:57:21:666][R][CNTNR:16272:15208] Get8K60FpsSupportedReason: dwRetCode(0x00000040)
[03:17:57:21:671][R][CNTNR:16272:15208] getGpuManufactureInfo: Logical GPU:0's Info -> physicalGpuCount:1 adapterluid's LowPart:0xc018 HighPart:0x0
[03:17:57:22:422][R][CNTNR:16272:15208] isConcurrentCaptureEnabled NvFBC concurrency support 0
[03:17:57:22:422][R][CNTNR:16272:15208] GetSPGSConcurrencySupportedReason: dwRetCode(0x0000000A)
[03:17:57:23:145][R][CNTNR:16272:15208] isConcurrentCaptureEnabled NvFBC concurrency support 0
[03:17:57:23:145][R][CNTNR:16272:15208] GetSPBCConcurrencySupportedReason: dwRetCode(0x00000004)
[03:17:57:23:145][R][CNTNR:16272:15208] GPU0: Arch: 0x130 Implementation: 0x2 
[03:17:57:23:149][R][CNTNR:16272:15208] GetHLSupportedReason: dwRetCode(0x00000001)
[03:17:57:23:150][R][CNTNR:16272:15208] SPGameStreamPortal = 2
[03:17:57:23:150][R][CNTNR:16272:15208] SPGameStreamPortal = 1
[03:17:57:23:150][R][CNTNR:16272:15208] SPGameStreamPortal = 3
[03:17:57:23:150][R][CNTNR:16272:15208] SPGameStreamPortal = 1
[03:17:57:23:151][R][CNTNR:16272:15208] Physical display count changed from 0 to 3
[03:17:57:23:151][R][CNTNR:16272:15208] GSRPSR: dwRetCode(0x00000001)
[03:17:57:23:151][R][CNTNR:16272:15208] m_bOsWin8orLater =1 m_bOsWin10orLater =1 m_bOsRS6orLater = 1 IsIcafeEnvironment = False
[03:17:57:23:151][R][CNTNR:16272:15208] CustomRes = 0, VidWidth = 480, VidHeight = 360, RecFPS = 60.000000, DVRBufLength = 30
[03:17:57:23:151][R][CNTNR:16272:15208] AudioMode = 3, MicMode = 0, MicPhnEnableState = True
[03:17:57:23:151][R][CNTNR:16272:15208] DispRecIndicator = True, RecIndicatorPos = RightBottom, FPSOverlayState = 0, FPSOverlayPos = RightBottom
[03:17:57:23:151][R][CNTNR:16272:15208] DisplayWebcam = False, WebcamPos = RightBottom, WebcamSize = Small
[03:17:57:23:151][R][CNTNR:16272:15208] TempFilePath = N:\NVIDIA Temp, HLTempFilePath = C:\Users\SCOTCS~1\AppData\Local\Temp\Highlights
[03:17:57:23:151][R][CNTNR:16272:15208] DispGCIndicator = True, GCIndicatorPos = RightBottom, GCRes = 3, GCFPS = 30.000000, GCFPSYTL = 30.000000
[03:17:57:23:151][R][CNTNR:16272:15208] CoProc = False, DdsSystem = False, NBSystem = False, DTCapEnableState = True, AeroEnabled = True, MonitorHotKeysState = False, MS&A = False, DFSDE = True
[03:17:57:23:157][R][CNTNR:16272:15208] Audio Capture Endpoint 0 Properties: [Volume:1.000000(0.000000dB)] [channels:1] [mute:NO] [HWsupport:0x3]
[03:17:57:23:157][R][CNTNR:16272:15208] 		Channel 0 Volume : 1.000000 (0.000000dB)
[03:17:57:23:157][R][CNTNR:16272:15208] Audio Capture Endpoint 1 Properties: [Volume:0.520000(-0.484725dB)] [channels:1] [mute:NO] [HWsupport:0x0]
[03:17:57:23:157][R][CNTNR:16272:15208] 		Channel 0 Volume : 0.520000 (-0.484725dB)
[03:17:57:23:158][R][CNTNR:16272:15208] Audio Capture Endpoint 2 Properties: [Volume:1.000000(31.996094dB)] [channels:1] [mute:NO] [HWsupport:0x3]
[03:17:57:23:158][R][CNTNR:16272:15208] 		Channel 0 Volume : 1.000000 (31.996094dB)
[03:17:57:23:158][R][CNTNR:16272:15208] CSPWorkerThread::CSPWorkerThread : given thread name[COscProcMgrThread]
[03:17:57:23:158][R][CNTNR:16272:15208] CSPWorkerThread::Start: started [COscProcMgrThread]
[03:17:57:23:158][R][CNTNR:16272:15208] CSPWorkerThread::CSPWorkerThread : given thread name[CHelperProcMgr]
[03:17:57:23:159][R][CNTNR:16272:15208] CSPWorkerThread::CSPWorkerThread : given thread name[CCaptureControlThread]
[03:17:57:23:159][R][CNTNR:16272:15208] GetHEVCRecSupportedReason: dwRetCode(0X1)
[03:17:57:23:159][R][CNTNR:16272:15208] CSettings::SaveNVEncHWCaps m_bNVEncCapsChecked[1]: 
[03:17:57:23:159][R][CNTNR:16272:15208] CSettings::IsNVEncoderSupported: requested caps: codec[2] 10-bit-encode[0]
[03:17:57:23:159][R][CNTNR:16272:15208] CSettings::IsNVEncoderSupported: HW NVEnc caps: codec[1] 10-bit-encode[0]
[03:17:57:23:159][R][CNTNR:16272:15208] CSettings::IsNVEncoderSupported: HW NVEnc caps: codec[2] 10-bit-encode[1]
[03:17:57:23:159][R][CNTNR:16272:15208] CSettings::IsHEVCRecSupported: HEVC HW support[1]
[03:17:57:23:159][R][CNTNR:16272:15208] GetHEVCRecSupportedReason: dwRetCode(0X1)
[03:17:57:23:159][R][CNTNR:16272:28984] CSPWorkerThread::ThreadFunc: executing [COscProcMgrThread]
[03:17:57:23:159][R][CNTNR:16272:15208] CSettings::SaveNVEncHWCaps m_bNVEncCapsChecked[1]: 
[03:17:57:23:159][R][CNTNR:16272:15208] CSettings::IsNVEncoderSupported: requested caps: codec[2] 10-bit-encode[1]
[03:17:57:23:159][R][CNTNR:16272:15208] CSettings::IsNVEncoderSupported: HW NVEnc caps: codec[1] 10-bit-encode[0]
[03:17:57:23:159][R][CNTNR:16272:15208] CSettings::IsNVEncoderSupported: HW NVEnc caps: codec[2] 10-bit-encode[1]
[03:17:57:23:159][R][CNTNR:16272:15208] CSettings::IsHEVCRecSupported: HEVC HW support[1]
[03:17:57:23:159][R][CNTNR:16272:15208] CSharedDataManager::CreateNextOrderMMF: Shared MMF recreation started [0] ended [0]
[03:17:57:23:159][R][CNTNR:16272:15208] CSPWorkerThread::Start: started [CCaptureControlThread]
[03:17:57:23:159][R][CNTNR:16272:19588] CSPWorkerThread::ThreadFunc: executing [CCaptureControlThread]
[03:17:57:23:159][R][CNTNR:16272:19588] CCaptureControl::Run: Thread started
[03:17:57:23:159][E][CNTNR:16272:19588] CSettings::DeleteDVRTmpFiles: No temporary DVR files deleted, FindFirstFileW failed with error:0x3
[03:17:57:23:159][R][CNTNR:16272:15208] CServerIpc::EnableNvFBC : IN
[03:17:57:23:160][E][CNTNR:22488:11408] ShadowPlayController::GetRequestOrigin: Invalid request 0
[03:17:57:23:171][E][dwm:1980: 1036] QueryShadowPlayDdiShimStatusIN
[03:17:57:23:284][R][CNTNR:16272:15208] CServerIpc::EnableNvFBC: OUT ret code = 0x00000000
[03:17:57:24:036][R][CNTNR:16272:15208] CServerIpc::ControlHeplerProcess : IN
[03:17:57:24:094][E][CNTNR:16272:15208] KillProcess: failed to kill 25336 (error 6)
[03:17:57:24:094][E][CNTNR:16272:15208] KillProcess: failed to kill 13384 (error 6)
[03:17:57:24:095][R][CNTNR:16272:15208] Starting nvosc. 
[03:17:57:24:095][E][CNTNR:16272:15208] COscProcMgr::GetOSCPath: OSC exe not found in Program Files
[03:17:57:24:095][E][CNTNR:16272:15208] COscProcMgr::StartProcess OSC exe image not found
[03:17:57:24:095][E][CNTNR:16272:15208] CServerImpl::EnableShadowPlay failed to start Share Process!
[03:17:57:24:095][R][CNTNR:16272:10584] CSPShareStateWorker<class CRemoteLoggerHost,&public: int __cdecl CRemoteLoggerHost::FlushRemoteLog(void)>::RunOnEvents: Exit signalled
[03:17:57:24:097][R][CNTNR:16272:28984] COscProcMgr::Run: Exiting Thread
[03:17:57:24:098][R][CNTNR:16272:15208] CServerIpc::ControlHeplerProcess : IN
[03:17:57:24:119][R][CNTNR:16272:19588] CCaptureControl::Run: Exiting thread
[03:17:57:24:120][R][CNTNR:16272:15208] CServerImpl::EnableShadowPlay: out pArgs[0X1D07E100] hr[0]
[03:17:57:24:120][E][CNTNR:16272:15208] ShadowPlayServerPlugin::ProcessReceivedIpcMessage: m_pSPServer->EnableShadowPlay [0x80040233]
[03:17:57:24:120][E][rundll32:6420: 6752] CShadowPlayApi::EnableShadowPlay: fail hr[0x80040233]
[03:17:57:24:120][R][rundll32:6420: 6752] CShadowPlayApi::EnableShadowPlay: OUT
[03:17:57:24:121][E][rundll32:6420: 6752] Could not enable SP server. error = 0X80040233
[03:17:57:24:121][R][rundll32:6420: 6752] CShadowPlayApi::ReleaseInterface: IN timeout(1000)
[03:17:57:24:121][R][rundll32:6420: 6752] CShadowPlayApi::ReleaseInterface: Last ref count. cleaning up.
[03:17:57:24:121][R][rundll32:6420: 6752] CShadowPlayApi::~CShadowPlayApi: IN
[03:17:57:24:136][R][rundll32:6420: 6752] CShadowPlayApi::~CShadowPlayApi: OUT
[03:17:57:24:136][R][rundll32:6420: 6752] CShadowPlayApi::ReleaseInterface: OUT
[03:17:57:43:487][R][NODJS:17132:29440] CShadowPlayApi::EnableShadowPlay: IN flags(0) origin(1)
[03:17:57:43:487][R][CNTNR:22488:11408] ShadowPlayServicePlugin::ProcessReceivedIpcMessage: ServiceMsgTypeControlShadowplay
[03:17:57:43:488][E][CNTNR:22488:11408] ShadowPlayServicePlugin::ProcessReceivedIpcMessage: CreateSymbolicLink failed = 3
[03:17:57:43:490][R][CNTNR:16272:15208] CServerImpl::EnableShadowPlay: IN
[03:17:57:43:490][R][CNTNR:16272:15208] CSPWorkerThread::CSPWorkerThread : given thread name[CSPShareStateWorker]
[03:17:57:43:494][R][CNTNR:16272:15208] CSPWorkerThread::Start: started [CSPShareStateWorker]
[03:17:57:43:494][R][CNTNR:16272:15208] CRemoteLoggerHost::CRemoteLoggerHost: Remote Logger created, worker start returned [0x0]
[03:17:57:43:494][R][CNTNR:16272:24236] CSPWorkerThread::ThreadFunc: executing [CSPShareStateWorker]
[03:17:57:43:500][R][CNTNR:16272:15208] CSPNvAPIUtils::GetExternalGpus: Logical GPU:0's info -> physicalGpuCount:1 adapterluid's LowPart:0xc018 HighPart:0x0
[03:17:57:43:502][R][CNTNR:16272:15208] GetSrcColorSpaceInfoSupportedReason: driverVersion(58266) dwRetCode(0x00000001)
[03:17:57:43:502][R][CNTNR:16272:15208] GetMsHybridByDefaultSupportedReason: dwRetCode(0X1)
[03:17:57:43:503][R][CNTNR:16272:15208] GetMPOSupportedReason: dwRetCode(0x00000040)
[03:17:57:43:503][R][CNTNR:16272:15208] GetHDRScreenshotSupportedReason: dwRetCode(0x00000001)
[03:17:57:43:503][R][CNTNR:16272:15208] GetSocScreenshotSupportedReason: dwRetCode(0X1)
[03:17:57:44:189][R][CNTNR:16272:15208] GetSocVideoSupportedReason: NvFbc SocVideoCapture is not supported for all Apis(Dxs, OGL&Vulkan)
[03:17:57:44:190][R][CNTNR:16272:15208] GetSocVideoSupportedReason: dwRetCode(0X8) SocVideoCaptureSupport:0 
[03:17:57:44:190][R][CNTNR:16272:15208] GetHLTempPathRemovalSupportedReason: dwRetCode(0X1)
[03:17:57:44:190][R][CNTNR:16272:15208] GetGalleryLimitSupportedReason: dwRetCode(0X1)
[03:17:57:44:190][R][CNTNR:16272:15208] GetGPUCameraOverlaySupportedReason: driverVersion(58266)dwRetCode(0x00000006)
[03:17:57:44:192][R][CNTNR:16272:15208] GetHEVCRecSupportedReason: dwRetCode(0X1)
[03:17:57:44:192][R][CNTNR:16272:15208] CSettings::SaveNVEncHWCaps m_bNVEncCapsChecked[1]: 
[03:17:57:44:192][R][CNTNR:16272:15208] CSettings::IsNVEncoderSupported: requested caps: codec[2] 10-bit-encode[0]
[03:17:57:44:192][R][CNTNR:16272:15208] CSettings::IsNVEncoderSupported: HW NVEnc caps: codec[1] 10-bit-encode[0]
[03:17:57:44:192][R][CNTNR:16272:15208] CSettings::IsNVEncoderSupported: HW NVEnc caps: codec[2] 10-bit-encode[1]
[03:17:57:44:192][R][CNTNR:16272:15208] CSettings::IsHEVCRecSupported: HEVC HW support[1]
[03:17:57:44:192][R][CNTNR:16272:15208] GetVideoCaptureRefactorSupportedReason: dwRetCode(0X1)
[03:17:57:44:192][R][CNTNR:16272:15208] GetGPUOverlaySupportedReason: driverVersion(58266)dwRetCode(0x00000001)
[03:17:57:44:192][R][CNTNR:16272:15208] GetOverlayRectListSupportedReason: dwRetCode(0X1)
[03:17:57:44:661][R][CNTNR:16272:15208] GetFTSFeatureValue: FTS regkey [{8CAF4AFB-539D-47F0-881B-B586886A65C1}] not found. Value not modified. Caller SHALL assign and use appropriate value
[03:17:57:44:661][R][CNTNR:16272:15208] Get8KSupportedReason: dwRetCode(0x00000040)
[03:17:57:44:662][R][CNTNR:16272:15208] Get8K60FpsSupportedReason: dwRetCode(0x00000040)
[03:17:57:44:663][R][CNTNR:16272:15208] getGpuManufactureInfo: Logical GPU:0's Info -> physicalGpuCount:1 adapterluid's LowPart:0xc018 HighPart:0x0
[03:17:57:45:274][R][CNTNR:16272:15208] isConcurrentCaptureEnabled NvFBC concurrency support 0
[03:17:57:45:275][R][CNTNR:16272:15208] GetSPGSConcurrencySupportedReason: dwRetCode(0x0000000A)
[03:17:57:45:954][R][CNTNR:16272:15208] isConcurrentCaptureEnabled NvFBC concurrency support 0
[03:17:57:45:956][R][CNTNR:16272:15208] GetSPBCConcurrencySupportedReason: dwRetCode(0x00000004)
[03:17:57:45:956][R][CNTNR:16272:15208] GPU0: Arch: 0x130 Implementation: 0x2 
[03:17:57:45:963][R][CNTNR:16272:15208] GetHLSupportedReason: dwRetCode(0x00000001)
[03:17:57:45:963][R][CNTNR:16272:15208] SPGameStreamPortal = 2
[03:17:57:45:964][R][CNTNR:16272:15208] SPGameStreamPortal = 1
[03:17:57:45:964][R][CNTNR:16272:15208] SPGameStreamPortal = 3
[03:17:57:45:965][R][CNTNR:16272:15208] SPGameStreamPortal = 1
[03:17:57:45:967][R][CNTNR:16272:15208] Physical display count changed from 0 to 3
[03:17:57:45:967][R][CNTNR:16272:15208] GSRPSR: dwRetCode(0x00000001)
[03:17:57:45:967][R][CNTNR:16272:15208] m_bOsWin8orLater =1 m_bOsWin10orLater =1 m_bOsRS6orLater = 1 IsIcafeEnvironment = False
[03:17:57:45:967][R][CNTNR:16272:15208] CustomRes = 0, VidWidth = 480, VidHeight = 360, RecFPS = 60.000000, DVRBufLength = 30
[03:17:57:45:967][R][CNTNR:16272:15208] AudioMode = 3, MicMode = 0, MicPhnEnableState = True
[03:17:57:45:967][R][CNTNR:16272:15208] DispRecIndicator = True, RecIndicatorPos = RightBottom, FPSOverlayState = 0, FPSOverlayPos = RightBottom
[03:17:57:45:967][R][CNTNR:16272:15208] DisplayWebcam = False, WebcamPos = RightBottom, WebcamSize = Small
[03:17:57:45:968][R][CNTNR:16272:15208] TempFilePath = N:\NVIDIA Temp, HLTempFilePath = C:\Users\SCOTCS~1\AppData\Local\Temp\Highlights
[03:17:57:45:968][R][CNTNR:16272:15208] DispGCIndicator = True, GCIndicatorPos = RightBottom, GCRes = 3, GCFPS = 30.000000, GCFPSYTL = 30.000000
[03:17:57:45:968][R][CNTNR:16272:15208] CoProc = False, DdsSystem = False, NBSystem = False, DTCapEnableState = True, AeroEnabled = True, MonitorHotKeysState = False, MS&A = False, DFSDE = True
[03:17:57:45:970][R][CNTNR:16272:15208] Audio Capture Endpoint 0 Properties: [Volume:1.000000(0.000000dB)] [channels:1] [mute:NO] [HWsupport:0x3]
[03:17:57:45:970][R][CNTNR:16272:15208] 		Channel 0 Volume : 1.000000 (0.000000dB)
[03:17:57:45:971][R][CNTNR:16272:15208] Audio Capture Endpoint 1 Properties: [Volume:0.520000(-0.484725dB)] [channels:1] [mute:NO] [HWsupport:0x0]
[03:17:57:45:971][R][CNTNR:16272:15208] 		Channel 0 Volume : 0.520000 (-0.484725dB)
[03:17:57:45:972][R][CNTNR:16272:15208] Audio Capture Endpoint 2 Properties: [Volume:1.000000(31.996094dB)] [channels:1] [mute:NO] [HWsupport:0x3]
[03:17:57:45:972][R][CNTNR:16272:15208] 		Channel 0 Volume : 1.000000 (31.996094dB)
[03:17:57:45:972][R][CNTNR:16272:15208] CSPWorkerThread::CSPWorkerThread : given thread name[COscProcMgrThread]
[03:17:57:45:973][R][CNTNR:16272:15208] CSPWorkerThread::Start: started [COscProcMgrThread]
[03:17:57:45:973][R][CNTNR:16272:15208] CSPWorkerThread::CSPWorkerThread : given thread name[CHelperProcMgr]
[03:17:57:45:973][R][CNTNR:16272:15208] CSPWorkerThread::CSPWorkerThread : given thread name[CCaptureControlThread]
[03:17:57:45:973][R][CNTNR:16272:27400] CSPWorkerThread::ThreadFunc: executing [COscProcMgrThread]
[03:17:57:45:973][R][CNTNR:16272:15208] GetHEVCRecSupportedReason: dwRetCode(0X1)
[03:17:57:45:973][R][CNTNR:16272:15208] CSettings::SaveNVEncHWCaps m_bNVEncCapsChecked[1]: 
[03:17:57:45:973][R][CNTNR:16272:15208] CSettings::IsNVEncoderSupported: requested caps: codec[2] 10-bit-encode[0]
[03:17:57:45:973][R][CNTNR:16272:15208] CSettings::IsNVEncoderSupported: HW NVEnc caps: codec[1] 10-bit-encode[0]
[03:17:57:45:973][R][CNTNR:16272:15208] CSettings::IsNVEncoderSupported: HW NVEnc caps: codec[2] 10-bit-encode[1]
[03:17:57:45:973][R][CNTNR:16272:15208] CSettings::IsHEVCRecSupported: HEVC HW support[1]
[03:17:57:45:973][R][CNTNR:16272:15208] GetHEVCRecSupportedReason: dwRetCode(0X1)
[03:17:57:45:973][R][CNTNR:16272:15208] CSettings::SaveNVEncHWCaps m_bNVEncCapsChecked[1]: 
[03:17:57:45:973][R][CNTNR:16272:15208] CSettings::IsNVEncoderSupported: requested caps: codec[2] 10-bit-encode[1]
[03:17:57:45:973][R][CNTNR:16272:15208] CSettings::IsNVEncoderSupported: HW NVEnc caps: codec[1] 10-bit-encode[0]
[03:17:57:45:973][R][CNTNR:16272:15208] CSettings::IsNVEncoderSupported: HW NVEnc caps: codec[2] 10-bit-encode[1]
[03:17:57:45:973][R][CNTNR:16272:15208] CSettings::IsHEVCRecSupported: HEVC HW support[1]
[03:17:57:45:973][R][CNTNR:16272:15208] CSharedDataManager::CreateNextOrderMMF: Shared MMF recreation started [0] ended [0]
[03:17:57:45:974][R][CNTNR:16272:15208] CSPWorkerThread::Start: started [CCaptureControlThread]
[03:17:57:45:974][R][CNTNR:16272:15208] CServerImpl::SendSystemConfigurationEvent: SystemType: 1 GpuCount: 3 PowerGpu:1 PerfGpu:1 PrimaryDisplayGpu:3 SceondaryDisplayGpu:0
[03:17:57:45:974][R][CNTNR:16272:20984] CSPWorkerThread::ThreadFunc: executing [CCaptureControlThread]
[03:17:57:45:974][R][CNTNR:16272:20984] CCaptureControl::Run: Thread started
[03:17:57:45:975][E][CNTNR:16272:20984] CSettings::DeleteDVRTmpFiles: No temporary DVR files deleted, FindFirstFileW failed with error:0x3
[03:17:57:45:975][R][CNTNR:16272:15208] CServerIpc::EnableNvFBC : IN
[03:17:57:45:975][E][CNTNR:22488:11408] ShadowPlayController::GetRequestOrigin: Invalid request 0
[03:17:57:45:978][E][dwm:1980: 1036] QueryShadowPlayDdiShimStatusIN
[03:17:57:46:095][R][CNTNR:16272:15208] CServerIpc::EnableNvFBC: OUT ret code = 0x00000000
[03:17:57:46:943][R][CNTNR:16272:15208] CServerIpc::ControlHeplerProcess : IN
[03:17:57:46:996][E][CNTNR:16272:15208] KillProcess: failed to kill 25336 (error 6)
[03:17:57:46:996][E][CNTNR:16272:15208] KillProcess: failed to kill 13384 (error 6)
[03:17:57:46:998][R][CNTNR:16272:15208] Starting nvosc. 
[03:17:57:46:998][E][CNTNR:16272:15208] COscProcMgr::GetOSCPath: OSC exe not found in Program Files
[03:17:57:46:998][E][CNTNR:16272:15208] COscProcMgr::StartProcess OSC exe image not found
[03:17:57:46:998][E][CNTNR:16272:15208] CServerImpl::EnableShadowPlay failed to start Share Process!
[03:17:57:46:998][R][CNTNR:16272:24236] CSPShareStateWorker<class CRemoteLoggerHost,&public: int __cdecl CRemoteLoggerHost::FlushRemoteLog(void)>::RunOnEvents: Exit signalled
[03:17:57:47:003][R][CNTNR:16272:27400] COscProcMgr::Run: Exiting Thread
[03:17:57:47:003][R][CNTNR:16272:15208] CServerIpc::ControlHeplerProcess : IN
[03:17:57:47:028][R][CNTNR:16272:20984] CCaptureControl::Run: Exiting thread
[03:17:57:47:029][R][CNTNR:16272:15208] CServerImpl::EnableShadowPlay: out pArgs[0X1D14CE30] hr[0]
[03:17:57:47:029][E][CNTNR:16272:15208] ShadowPlayServerPlugin::ProcessReceivedIpcMessage: m_pSPServer->EnableShadowPlay [0x80040233]
[03:17:57:47:030][E][NODJS:17132:29440] CShadowPlayApi::EnableShadowPlay: fail hr[0x80040233]
[03:17:57:47:030][R][NODJS:17132:29440] CShadowPlayApi::EnableShadowPlay: OUT
[03:17:57:55:280][R][NODJS:17132:24212] CShadowPlayApi::GetHotkeyProperty: reg read failed, falling back to default value
[03:17:57:55:282][R][NODJS:17132:24212] CShadowPlayApi::GetHotkeyProperty: invalid key index[2]
[03:18:00:29:452][E][VALORANT-Win64-Shipping:15500:14572] QueryShadowPlayDdiShimStatusIN
[03:18:00:59:316][E][VALORANT-Win64-Shipping:15500: 8808] QueryShadowPlayDdiShimStatusIN
[03:18:01:31:366][E][VALORANT-Win64-Shipping:15500:22344] QueryShadowPlayDdiShimStatusIN
[03:18:02:00:353][E][VALORANT-Win64-Shipping:15500:25856] QueryShadowPlayDdiShimStatusIN
[03:18:02:29:946][E][VALORANT-Win64-Shipping:15500:15076] QueryShadowPlayDdiShimStatusIN
[03:18:02:55:063][E][VALORANT-Win64-Shipping:15500: 5300] QueryShadowPlayDdiShimStatusIN
[03:18:03:01:628][R][CNTNR:16272:26780] CServerImpl::ProcessEvents: IN msg(126)
[03:18:05:06:525][R][NODJS:17132: 6528] CShadowPlayApi::GetHotkeyProperty: reg read failed, falling back to default value
[03:18:05:06:525][R][NODJS:17132: 6528] CShadowPlayApi::GetHotkeyProperty: invalid key index[2]
[03:18:05:06:862][R][HELPR:22216:21412] CShadowPlayHelper::UWPSetOSCDismissHotKeys: [2] eSPHKID_OSC Hotkeys set for UWP
[03:18:05:06:939][R][HELPR:22216:21412] CSPRedirectionHelperUWP::CSPRedirectionHelperUWP: OUT
[03:18:05:06:939][R][HELPR:22216:21412] CShadowPlayHelper::UWPSetOSCDismissHotKeys: [2] eSPHKID_OSC Hotkeys set for UWP
[03:18:05:06:973][R][HELPR:22216:20928] IpcCommonInterface::HandleJoinMessage: MessageBus joined - System: Hotkey, Module: HotkeyPlugin
[03:18:05:31:865][R][NODJS:17132:11096] CShadowPlayApi::EnableShadowPlay: IN flags(0) origin(1)
[03:18:05:31:866][R][CNTNR:22488:11408] ShadowPlayServicePlugin::ProcessReceivedIpcMessage: ServiceMsgTypeControlShadowplay
[03:18:05:31:866][E][CNTNR:22488:11408] ShadowPlayServicePlugin::ProcessReceivedIpcMessage: CreateSymbolicLink failed = 3
[03:18:05:31:868][R][CNTNR:16272:15208] CServerImpl::EnableShadowPlay: IN
[03:18:05:31:868][R][CNTNR:16272:15208] CSPWorkerThread::CSPWorkerThread : given thread name[CSPShareStateWorker]
[03:18:05:31:869][R][CNTNR:16272:15208] CSPWorkerThread::Start: started [CSPShareStateWorker]
[03:18:05:31:869][R][CNTNR:16272:15208] CRemoteLoggerHost::CRemoteLoggerHost: Remote Logger created, worker start returned [0x0]
[03:18:05:31:869][R][CNTNR:16272:27508] CSPWorkerThread::ThreadFunc: executing [CSPShareStateWorker]
[03:18:05:31:874][R][CNTNR:16272:15208] CSPNvAPIUtils::GetExternalGpus: Logical GPU:0's info -> physicalGpuCount:1 adapterluid's LowPart:0xc018 HighPart:0x0
[03:18:05:31:876][R][CNTNR:16272:15208] GetSrcColorSpaceInfoSupportedReason: driverVersion(58266) dwRetCode(0x00000001)
[03:18:05:31:876][R][CNTNR:16272:15208] GetMsHybridByDefaultSupportedReason: dwRetCode(0X1)
[03:18:05:31:878][R][CNTNR:16272:15208] GetMPOSupportedReason: dwRetCode(0x00000040)
[03:18:05:31:878][R][CNTNR:16272:15208] GetHDRScreenshotSupportedReason: dwRetCode(0x00000001)
[03:18:05:31:878][R][CNTNR:16272:15208] GetSocScreenshotSupportedReason: dwRetCode(0X1)
[03:18:05:32:277][R][CNTNR:16272:15208] GetSocVideoSupportedReason: NvFbc SocVideoCapture is not supported for all Apis(Dxs, OGL&Vulkan)
[03:18:05:32:277][R][CNTNR:16272:15208] GetSocVideoSupportedReason: dwRetCode(0X8) SocVideoCaptureSupport:0 
[03:18:05:32:277][R][CNTNR:16272:15208] GetHLTempPathRemovalSupportedReason: dwRetCode(0X1)
[03:18:05:32:277][R][CNTNR:16272:15208] GetGalleryLimitSupportedReason: dwRetCode(0X1)
[03:18:05:32:277][R][CNTNR:16272:15208] GetGPUCameraOverlaySupportedReason: driverVersion(58266)dwRetCode(0x00000006)
[03:18:05:32:279][R][CNTNR:16272:15208] GetHEVCRecSupportedReason: dwRetCode(0X1)
[03:18:05:32:279][R][CNTNR:16272:15208] CSettings::SaveNVEncHWCaps m_bNVEncCapsChecked[1]: 
[03:18:05:32:279][R][CNTNR:16272:15208] CSettings::IsNVEncoderSupported: requested caps: codec[2] 10-bit-encode[0]
[03:18:05:32:279][R][CNTNR:16272:15208] CSettings::IsNVEncoderSupported: HW NVEnc caps: codec[1] 10-bit-encode[0]
[03:18:05:32:279][R][CNTNR:16272:15208] CSettings::IsNVEncoderSupported: HW NVEnc caps: codec[2] 10-bit-encode[1]
[03:18:05:32:279][R][CNTNR:16272:15208] CSettings::IsHEVCRecSupported: HEVC HW support[1]
[03:18:05:32:279][R][CNTNR:16272:15208] GetVideoCaptureRefactorSupportedReason: dwRetCode(0X1)
[03:18:05:32:279][R][CNTNR:16272:15208] GetGPUOverlaySupportedReason: driverVersion(58266)dwRetCode(0x00000001)
[03:18:05:32:279][R][CNTNR:16272:15208] GetOverlayRectListSupportedReason: dwRetCode(0X1)
[03:18:05:32:644][R][CNTNR:16272:15208] GetFTSFeatureValue: FTS regkey [{8CAF4AFB-539D-47F0-881B-B586886A65C1}] not found. Value not modified. Caller SHALL assign and use appropriate value
[03:18:05:32:644][R][CNTNR:16272:15208] Get8KSupportedReason: dwRetCode(0x00000040)
[03:18:05:32:644][R][CNTNR:16272:15208] Get8K60FpsSupportedReason: dwRetCode(0x00000040)
[03:18:05:32:645][R][CNTNR:16272:15208] getGpuManufactureInfo: Logical GPU:0's Info -> physicalGpuCount:1 adapterluid's LowPart:0xc018 HighPart:0x0
[03:18:05:33:034][R][CNTNR:16272:15208] isConcurrentCaptureEnabled NvFBC concurrency support 0
[03:18:05:33:034][R][CNTNR:16272:15208] GetSPGSConcurrencySupportedReason: dwRetCode(0x0000000A)
[03:18:05:33:428][R][CNTNR:16272:15208] isConcurrentCaptureEnabled NvFBC concurrency support 0
[03:18:05:33:428][R][CNTNR:16272:15208] GetSPBCConcurrencySupportedReason: dwRetCode(0x00000004)
[03:18:05:33:428][R][CNTNR:16272:15208] GPU0: Arch: 0x130 Implementation: 0x2 
[03:18:05:33:431][R][CNTNR:16272:15208] GetHLSupportedReason: dwRetCode(0x00000001)
[03:18:05:33:431][R][CNTNR:16272:15208] SPGameStreamPortal = 2
[03:18:05:33:431][R][CNTNR:16272:15208] SPGameStreamPortal = 1
[03:18:05:33:431][R][CNTNR:16272:15208] SPGameStreamPortal = 3
[03:18:05:33:431][R][CNTNR:16272:15208] SPGameStreamPortal = 1
[03:18:05:33:432][R][CNTNR:16272:15208] Physical display count changed from 0 to 3
[03:18:05:33:432][R][CNTNR:16272:15208] GSRPSR: dwRetCode(0x00000001)
[03:18:05:33:432][R][CNTNR:16272:15208] m_bOsWin8orLater =1 m_bOsWin10orLater =1 m_bOsRS6orLater = 1 IsIcafeEnvironment = False
[03:18:05:33:432][R][CNTNR:16272:15208] CustomRes = 0, VidWidth = 480, VidHeight = 360, RecFPS = 60.000000, DVRBufLength = 30
[03:18:05:33:432][R][CNTNR:16272:15208] AudioMode = 3, MicMode = 0, MicPhnEnableState = True
[03:18:05:33:432][R][CNTNR:16272:15208] DispRecIndicator = True, RecIndicatorPos = RightBottom, FPSOverlayState = 0, FPSOverlayPos = RightBottom
[03:18:05:33:432][R][CNTNR:16272:15208] DisplayWebcam = False, WebcamPos = RightBottom, WebcamSize = Small
[03:18:05:33:432][R][CNTNR:16272:15208] TempFilePath = N:\NVIDIA Temp, HLTempFilePath = C:\Users\SCOTCS~1\AppData\Local\Temp\Highlights
[03:18:05:33:432][R][CNTNR:16272:15208] DispGCIndicator = True, GCIndicatorPos = RightBottom, GCRes = 3, GCFPS = 30.000000, GCFPSYTL = 30.000000
[03:18:05:33:432][R][CNTNR:16272:15208] CoProc = False, DdsSystem = False, NBSystem = False, DTCapEnableState = True, AeroEnabled = True, MonitorHotKeysState = False, MS&A = False, DFSDE = True
[03:18:05:33:434][R][CNTNR:16272:15208] Audio Capture Endpoint 0 Properties: [Volume:1.000000(0.000000dB)] [channels:1] [mute:NO] [HWsupport:0x3]
[03:18:05:33:434][R][CNTNR:16272:15208] 		Channel 0 Volume : 1.000000 (0.000000dB)
[03:18:05:33:435][R][CNTNR:16272:15208] Audio Capture Endpoint 1 Properties: [Volume:0.520000(-0.484725dB)] [channels:1] [mute:NO] [HWsupport:0x0]
[03:18:05:33:435][R][CNTNR:16272:15208] 		Channel 0 Volume : 0.520000 (-0.484725dB)
[03:18:05:33:435][R][CNTNR:16272:15208] Audio Capture Endpoint 2 Properties: [Volume:1.000000(31.996094dB)] [channels:1] [mute:NO] [HWsupport:0x3]
[03:18:05:33:435][R][CNTNR:16272:15208] 		Channel 0 Volume : 1.000000 (31.996094dB)
[03:18:05:33:436][R][CNTNR:16272:15208] CSPWorkerThread::CSPWorkerThread : given thread name[COscProcMgrThread]
[03:18:05:33:436][R][CNTNR:16272:15208] CSPWorkerThread::Start: started [COscProcMgrThread]
[03:18:05:33:436][R][CNTNR:16272:15208] CSPWorkerThread::CSPWorkerThread : given thread name[CHelperProcMgr]
[03:18:05:33:436][R][CNTNR:16272:15208] CSPWorkerThread::CSPWorkerThread : given thread name[CCaptureControlThread]
[03:18:05:33:436][R][CNTNR:16272: 3348] CSPWorkerThread::ThreadFunc: executing [COscProcMgrThread]
[03:18:05:33:436][R][CNTNR:16272:15208] GetHEVCRecSupportedReason: dwRetCode(0X1)
[03:18:05:33:436][R][CNTNR:16272:15208] CSettings::SaveNVEncHWCaps m_bNVEncCapsChecked[1]: 
[03:18:05:33:436][R][CNTNR:16272:15208] CSettings::IsNVEncoderSupported: requested caps: codec[2] 10-bit-encode[0]
[03:18:05:33:436][R][CNTNR:16272:15208] CSettings::IsNVEncoderSupported: HW NVEnc caps: codec[1] 10-bit-encode[0]
[03:18:05:33:436][R][CNTNR:16272:15208] CSettings::IsNVEncoderSupported: HW NVEnc caps: codec[2] 10-bit-encode[1]
[03:18:05:33:436][R][CNTNR:16272:15208] CSettings::IsHEVCRecSupported: HEVC HW support[1]
[03:18:05:33:436][R][CNTNR:16272:15208] GetHEVCRecSupportedReason: dwRetCode(0X1)
[03:18:05:33:436][R][CNTNR:16272:15208] CSettings::SaveNVEncHWCaps m_bNVEncCapsChecked[1]: 
[03:18:05:33:436][R][CNTNR:16272:15208] CSettings::IsNVEncoderSupported: requested caps: codec[2] 10-bit-encode[1]
[03:18:05:33:436][R][CNTNR:16272:15208] CSettings::IsNVEncoderSupported: HW NVEnc caps: codec[1] 10-bit-encode[0]
[03:18:05:33:436][R][CNTNR:16272:15208] CSettings::IsNVEncoderSupported: HW NVEnc caps: codec[2] 10-bit-encode[1]
[03:18:05:33:436][R][CNTNR:16272:15208] CSettings::IsHEVCRecSupported: HEVC HW support[1]
[03:18:05:33:436][R][CNTNR:16272:15208] CSharedDataManager::CreateNextOrderMMF: Shared MMF recreation started [0] ended [0]
[03:18:05:33:436][R][CNTNR:16272:15208] CSPWorkerThread::Start: started [CCaptureControlThread]
[03:18:05:33:436][R][CNTNR:16272:15208] CServerImpl::SendSystemConfigurationEvent: SystemType: 1 GpuCount: 3 PowerGpu:1 PerfGpu:1 PrimaryDisplayGpu:3 SceondaryDisplayGpu:0
[03:18:05:33:436][R][CNTNR:16272: 3516] CSPWorkerThread::ThreadFunc: executing [CCaptureControlThread]
[03:18:05:33:436][R][CNTNR:16272: 3516] CCaptureControl::Run: Thread started
[03:18:05:33:436][E][CNTNR:16272: 3516] CSettings::DeleteDVRTmpFiles: No temporary DVR files deleted, FindFirstFileW failed with error:0x3
[03:18:05:33:438][R][CNTNR:16272:15208] CServerIpc::EnableNvFBC : IN
[03:18:05:33:438][E][CNTNR:22488:11408] ShadowPlayController::GetRequestOrigin: Invalid request 0
[03:18:05:33:443][E][dwm:1980: 1036] QueryShadowPlayDdiShimStatusIN
[03:18:05:33:538][R][CNTNR:16272:15208] CServerIpc::EnableNvFBC: OUT ret code = 0x00000000
[03:18:05:33:991][R][CNTNR:16272:15208] CServerIpc::ControlHeplerProcess : IN
[03:18:05:34:019][E][CNTNR:16272:15208] KillProcess: failed to kill 25336 (error 6)
[03:18:05:34:019][E][CNTNR:16272:15208] KillProcess: failed to kill 13384 (error 6)
[03:18:05:34:020][R][CNTNR:16272:15208] Starting nvosc. 
[03:18:05:34:063][R][HELPR:8124:18640] CShadowPlayHelper::UWPSetOSCDismissHotKeys: [2] eSPHKID_OSC Hotkeys set for UWP
[03:18:05:34:100][E][CNTNR:16272:15208] COscProcMgr::StartProcess: OSC not started 0
[03:18:05:34:100][R][CNTNR:16272:15208] Time taken to launch OSC 94 msec
[03:18:05:34:100][E][CNTNR:16272:15208] CServerImpl::EnableShadowPlay failed to start Share Process!
[03:18:05:34:100][R][CNTNR:16272:27508] CSPShareStateWorker<class CRemoteLoggerHost,&public: int __cdecl CRemoteLoggerHost::FlushRemoteLog(void)>::RunOnEvents: Exit signalled
[03:18:05:34:110][R][CNTNR:16272:15208] Time taken for shutting down OSC 0 mSec
[03:18:05:34:110][R][CNTNR:16272: 3348] COscProcMgr::Run: Exiting Thread
[03:18:05:34:110][R][CNTNR:16272:15208] CServerIpc::ControlHeplerProcess : IN
[03:18:05:34:129][R][CNTNR:16272: 3516] CCaptureControl::Run: Exiting thread
[03:18:05:34:130][R][CNTNR:16272:15208] CServerImpl::EnableShadowPlay: out pArgs[0X1AAEC7C0] hr[0]
[03:18:05:34:130][E][CNTNR:16272:15208] ShadowPlayServerPlugin::ProcessReceivedIpcMessage: m_pSPServer->EnableShadowPlay [0x80040233]
[03:18:05:34:130][E][NODJS:17132:11096] CShadowPlayApi::EnableShadowPlay: fail hr[0x80040233]
[03:18:05:34:130][R][NODJS:17132:11096] CShadowPlayApi::EnableShadowPlay: OUT
[03:18:05:42:243][R][NODJS:17132: 1176] CShadowPlayApi::GetHotkeyProperty: reg read failed, falling back to default value
[03:18:05:42:243][R][NODJS:17132: 1176] CShadowPlayApi::GetHotkeyProperty: invalid key index[2]
[03:18:07:57:457][R][SHARE:25224:14476] COverlayApi::InitObject: hr[0]
[03:18:07:57:457][R][SHARE:25224:14476] NVSP2::CreateOverlayApiInterface: overlay interface[0XB006F2C0]
[03:18:07:57:458][R][SHARE:25224:14476] CreateShadowPlayApiInterface: IN ver(10008) client(0)
[03:18:07:57:458][R][SHARE:25224:14476] CShadowPlayApi::CShadowPlayApi: IN this(0XAE0DC2F0)
[03:18:07:57:542][R][SHARE:25224:14476] CShadowPlayApi::CShadowPlayApi: OUT
[03:18:07:57:542][R][SHARE:25224:14476] CreateShadowPlayApiInterface: OUT ppvInterface(0XAE0DC2F0)
[03:18:07:57:577][R][SHARE:25224:29680] IpcCommonInterface::HandleJoinMessage: MessageBus joined - System: Shadowplay, Module: ShadowplayApi25224
[03:18:07:57:577][E][CNTNR:16272:15208] CServerImpl::GetCaptureSessionParam: E_INVALIDARG m_pSettings
[03:18:07:57:577][E][CNTNR:16272:15208] ShadowPlayServerPlugin::ProcessReceivedIpcMessage: m_pSPServer->GetCaptureSessionParam [0x80070057]
[03:18:07:57:577][E][SHARE:25224:14476] CShadowPlayApi::GetCaptureSessionParam: fail hr[0x80070057]
[03:18:07:57:577][E][SHARE:25224:14476] CApiDllWrapper::GetGPUOverlaySupported Couldn't get the GPUOverlayInfo(0x80070057)
[03:18:07:57:577][E][SHARE:25224:14476] COverlayApi::GetGPUOverlayInfo: GetGPUOverlaySupported failed = 0x80070057
[03:18:07:57:726][R][SHARE:25224:14476] CSPWorkerThread::CSPWorkerThread : given thread name[NVSPOMThread]
[03:18:07:57:728][R][SHARE:25224:14476] COverlayApi::CreateOverlay: hr[0] usingGPUOverlay[0] uiSlot[0], eFormat[21], uiWidth[1680], uiHeight[1050], uiNumBuffers[1], hOverlay[0XAE05C020]
[03:18:07:59:218][R][NODJS:17132:23860] CShadowPlayApi::SetCaptureSessionParam: IN hSession(0XFFFFFFFF) uiCmd(13)
[03:18:07:59:219][R][CNTNR:16272:15208] CServerImpl::SetCaptureSessionParam: IN cmd(13) hSession(0XFFFFFFFF)
[03:18:07:59:219][E][CNTNR:16272:15208] CServerImpl::SetCaptureSessionParam: E_INVALIDARG m_pSettings
[03:18:07:59:219][E][CNTNR:16272:15208] ShadowPlayServerPlugin::ProcessReceivedIpcMessage: m_pSPServer->SetCaptureSessionParam [0x80070057]
[03:18:07:59:219][E][NODJS:17132:23860] CShadowPlayApi::SetCaptureSessionParam: fail hr[0x80070057]
[03:18:07:59:526][R][NODJS:17132: 9048] CShadowPlayApi::EnableShadowPlay: IN flags(0) origin(1)
[03:18:07:59:526][R][CNTNR:22488:11408] ShadowPlayServicePlugin::ProcessReceivedIpcMessage: ServiceMsgTypeControlShadowplay
[03:18:07:59:527][E][CNTNR:22488:11408] ShadowPlayServicePlugin::ProcessReceivedIpcMessage: CreateSymbolicLink failed = 3
[03:18:07:59:527][R][CNTNR:16272:15208] CServerImpl::EnableShadowPlay: IN
[03:18:07:59:527][R][CNTNR:16272:15208] CSPWorkerThread::CSPWorkerThread : given thread name[CSPShareStateWorker]
[03:18:07:59:529][R][CNTNR:16272:15208] CSPWorkerThread::Start: started [CSPShareStateWorker]
[03:18:07:59:529][R][CNTNR:16272:15208] CRemoteLoggerHost::CRemoteLoggerHost: Remote Logger created, worker start returned [0x0]
[03:18:07:59:529][R][CNTNR:16272:24472] CSPWorkerThread::ThreadFunc: executing [CSPShareStateWorker]
[03:18:07:59:534][R][CNTNR:16272:15208] CSPNvAPIUtils::GetExternalGpus: Logical GPU:0's info -> physicalGpuCount:1 adapterluid's LowPart:0xc018 HighPart:0x0
[03:18:07:59:537][R][CNTNR:16272:15208] GetSrcColorSpaceInfoSupportedReason: driverVersion(58266) dwRetCode(0x00000001)
[03:18:07:59:537][R][CNTNR:16272:15208] GetMsHybridByDefaultSupportedReason: dwRetCode(0X1)
[03:18:07:59:538][R][CNTNR:16272:15208] GetMPOSupportedReason: dwRetCode(0x00000040)
[03:18:07:59:538][R][CNTNR:16272:15208] GetHDRScreenshotSupportedReason: dwRetCode(0x00000001)
[03:18:07:59:538][R][CNTNR:16272:15208] GetSocScreenshotSupportedReason: dwRetCode(0X1)
[03:18:07:59:979][R][CNTNR:16272:15208] GetSocVideoSupportedReason: NvFbc SocVideoCapture is not supported for all Apis(Dxs, OGL&Vulkan)
[03:18:07:59:979][R][CNTNR:16272:15208] GetSocVideoSupportedReason: dwRetCode(0X8) SocVideoCaptureSupport:0 
[03:18:07:59:979][R][CNTNR:16272:15208] GetHLTempPathRemovalSupportedReason: dwRetCode(0X1)
[03:18:07:59:979][R][CNTNR:16272:15208] GetGalleryLimitSupportedReason: dwRetCode(0X1)
[03:18:07:59:979][R][CNTNR:16272:15208] GetGPUCameraOverlaySupportedReason: driverVersion(58266)dwRetCode(0x00000006)
[03:18:07:59:980][R][CNTNR:16272:15208] GetHEVCRecSupportedReason: dwRetCode(0X1)
[03:18:07:59:980][R][CNTNR:16272:15208] CSettings::SaveNVEncHWCaps m_bNVEncCapsChecked[1]: 
[03:18:07:59:980][R][CNTNR:16272:15208] CSettings::IsNVEncoderSupported: requested caps: codec[2] 10-bit-encode[0]
[03:18:07:59:980][R][CNTNR:16272:15208] CSettings::IsNVEncoderSupported: HW NVEnc caps: codec[1] 10-bit-encode[0]
[03:18:07:59:980][R][CNTNR:16272:15208] CSettings::IsNVEncoderSupported: HW NVEnc caps: codec[2] 10-bit-encode[1]
[03:18:07:59:980][R][CNTNR:16272:15208] CSettings::IsHEVCRecSupported: HEVC HW support[1]
[03:18:07:59:980][R][CNTNR:16272:15208] GetVideoCaptureRefactorSupportedReason: dwRetCode(0X1)
[03:18:07:59:980][R][CNTNR:16272:15208] GetGPUOverlaySupportedReason: driverVersion(58266)dwRetCode(0x00000001)
[03:18:07:59:980][R][CNTNR:16272:15208] GetOverlayRectListSupportedReason: dwRetCode(0X1)
[03:18:08:00:309][R][CNTNR:16272:15208] GetFTSFeatureValue: FTS regkey [{8CAF4AFB-539D-47F0-881B-B586886A65C1}] not found. Value not modified. Caller SHALL assign and use appropriate value
[03:18:08:00:309][R][CNTNR:16272:15208] Get8KSupportedReason: dwRetCode(0x00000040)
[03:18:08:00:309][R][CNTNR:16272:15208] Get8K60FpsSupportedReason: dwRetCode(0x00000040)
[03:18:08:00:311][R][CNTNR:16272:15208] getGpuManufactureInfo: Logical GPU:0's Info -> physicalGpuCount:1 adapterluid's LowPart:0xc018 HighPart:0x0
[03:18:08:00:708][R][CNTNR:16272:15208] isConcurrentCaptureEnabled NvFBC concurrency support 0
[03:18:08:00:708][R][CNTNR:16272:15208] GetSPGSConcurrencySupportedReason: dwRetCode(0x0000000A)
[03:18:08:01:098][R][CNTNR:16272:15208] isConcurrentCaptureEnabled NvFBC concurrency support 0
[03:18:08:01:098][R][CNTNR:16272:15208] GetSPBCConcurrencySupportedReason: dwRetCode(0x00000004)
[03:18:08:01:099][R][CNTNR:16272:15208] GPU0: Arch: 0x130 Implementation: 0x2 
[03:18:08:01:103][R][CNTNR:16272:15208] GetHLSupportedReason: dwRetCode(0x00000001)
[03:18:08:01:104][R][CNTNR:16272:15208] SPGameStreamPortal = 2
[03:18:08:01:104][R][CNTNR:16272:15208] SPGameStreamPortal = 1
[03:18:08:01:104][R][CNTNR:16272:15208] SPGameStreamPortal = 3
[03:18:08:01:104][R][CNTNR:16272:15208] SPGameStreamPortal = 1
[03:18:08:01:105][R][CNTNR:16272:15208] Physical display count changed from 0 to 3
[03:18:08:01:105][R][CNTNR:16272:15208] GSRPSR: dwRetCode(0x00000001)
[03:18:08:01:105][R][CNTNR:16272:15208] m_bOsWin8orLater =1 m_bOsWin10orLater =1 m_bOsRS6orLater = 1 IsIcafeEnvironment = False
[03:18:08:01:105][R][CNTNR:16272:15208] CustomRes = 0, VidWidth = 480, VidHeight = 360, RecFPS = 60.000000, DVRBufLength = 30
[03:18:08:01:105][R][CNTNR:16272:15208] AudioMode = 3, MicMode = 0, MicPhnEnableState = True
[03:18:08:01:105][R][CNTNR:16272:15208] DispRecIndicator = True, RecIndicatorPos = RightBottom, FPSOverlayState = 0, FPSOverlayPos = RightBottom
[03:18:08:01:105][R][CNTNR:16272:15208] DisplayWebcam = False, WebcamPos = RightBottom, WebcamSize = Small
[03:18:08:01:105][R][CNTNR:16272:15208] TempFilePath = N:\NVIDIA Temp, HLTempFilePath = C:\Users\SCOTCS~1\AppData\Local\Temp\Highlights
[03:18:08:01:105][R][CNTNR:16272:15208] DispGCIndicator = True, GCIndicatorPos = RightBottom, GCRes = 3, GCFPS = 30.000000, GCFPSYTL = 30.000000
[03:18:08:01:105][R][CNTNR:16272:15208] CoProc = False, DdsSystem = False, NBSystem = False, DTCapEnableState = True, AeroEnabled = True, MonitorHotKeysState = False, MS&A = False, DFSDE = True
[03:18:08:01:109][R][CNTNR:16272:15208] Audio Capture Endpoint 0 Properties: [Volume:1.000000(0.000000dB)] [channels:1] [mute:NO] [HWsupport:0x3]
[03:18:08:01:109][R][CNTNR:16272:15208] 		Channel 0 Volume : 1.000000 (0.000000dB)
[03:18:08:01:110][R][CNTNR:16272:15208] Audio Capture Endpoint 1 Properties: [Volume:0.520000(-0.484725dB)] [channels:1] [mute:NO] [HWsupport:0x0]
[03:18:08:01:110][R][CNTNR:16272:15208] 		Channel 0 Volume : 0.520000 (-0.484725dB)
[03:18:08:01:110][R][CNTNR:16272:15208] Audio Capture Endpoint 2 Properties: [Volume:1.000000(31.996094dB)] [channels:1] [mute:NO] [HWsupport:0x3]
[03:18:08:01:110][R][CNTNR:16272:15208] 		Channel 0 Volume : 1.000000 (31.996094dB)
[03:18:08:01:110][R][CNTNR:16272:15208] CSPWorkerThread::CSPWorkerThread : given thread name[COscProcMgrThread]
[03:18:08:01:110][R][CNTNR:16272:15208] CSPWorkerThread::Start: started [COscProcMgrThread]
[03:18:08:01:110][R][CNTNR:16272:15208] CSPWorkerThread::CSPWorkerThread : given thread name[CHelperProcMgr]
[03:18:08:01:110][R][CNTNR:16272:15208] CSPWorkerThread::CSPWorkerThread : given thread name[CCaptureControlThread]
[03:18:08:01:111][R][CNTNR:16272:15208] GetHEVCRecSupportedReason: dwRetCode(0X1)
[03:18:08:01:111][R][CNTNR:16272:21916] CSPWorkerThread::ThreadFunc: executing [COscProcMgrThread]
[03:18:08:01:111][R][CNTNR:16272:15208] CSettings::SaveNVEncHWCaps m_bNVEncCapsChecked[1]: 
[03:18:08:01:111][R][CNTNR:16272:15208] CSettings::IsNVEncoderSupported: requested caps: codec[2] 10-bit-encode[0]
[03:18:08:01:111][R][CNTNR:16272:15208] CSettings::IsNVEncoderSupported: HW NVEnc caps: codec[1] 10-bit-encode[0]
[03:18:08:01:111][R][CNTNR:16272:15208] CSettings::IsNVEncoderSupported: HW NVEnc caps: codec[2] 10-bit-encode[1]
[03:18:08:01:111][R][CNTNR:16272:15208] CSettings::IsHEVCRecSupported: HEVC HW support[1]
[03:18:08:01:111][R][CNTNR:16272:15208] GetHEVCRecSupportedReason: dwRetCode(0X1)
[03:18:08:01:111][R][CNTNR:16272:15208] CSettings::SaveNVEncHWCaps m_bNVEncCapsChecked[1]: 
[03:18:08:01:111][R][CNTNR:16272:15208] CSettings::IsNVEncoderSupported: requested caps: codec[2] 10-bit-encode[1]
[03:18:08:01:111][R][CNTNR:16272:15208] CSettings::IsNVEncoderSupported: HW NVEnc caps: codec[1] 10-bit-encode[0]
[03:18:08:01:111][R][CNTNR:16272:15208] CSettings::IsNVEncoderSupported: HW NVEnc caps: codec[2] 10-bit-encode[1]
[03:18:08:01:111][R][CNTNR:16272:15208] CSettings::IsHEVCRecSupported: HEVC HW support[1]
[03:18:08:01:111][R][CNTNR:16272:15208] CSharedDataManager::CreateNextOrderMMF: Shared MMF recreation started [0] ended [0]
[03:18:08:01:111][R][CNTNR:16272:15208] CSPWorkerThread::Start: started [CCaptureControlThread]
[03:18:08:01:111][R][CNTNR:16272:15208] CServerImpl::SendSystemConfigurationEvent: SystemType: 1 GpuCount: 3 PowerGpu:1 PerfGpu:1 PrimaryDisplayGpu:3 SceondaryDisplayGpu:0
[03:18:08:01:111][R][CNTNR:16272:25308] CSPWorkerThread::ThreadFunc: executing [CCaptureControlThread]
[03:18:08:01:111][R][CNTNR:16272:25308] CCaptureControl::Run: Thread started
[03:18:08:01:111][E][CNTNR:16272:25308] CSettings::DeleteDVRTmpFiles: No temporary DVR files deleted, FindFirstFileW failed with error:0x3
[03:18:08:01:111][R][CNTNR:16272:15208] CServerIpc::EnableNvFBC : IN
[03:18:08:01:111][E][CNTNR:22488:11408] ShadowPlayController::GetRequestOrigin: Invalid request 0
[03:18:08:01:126][E][dwm:1980: 1036] QueryShadowPlayDdiShimStatusIN
[03:18:08:01:203][R][CNTNR:16272:15208] CServerIpc::EnableNvFBC: OUT ret code = 0x00000000
[03:18:08:01:690][R][CNTNR:16272:15208] CServerIpc::ControlHeplerProcess : IN
[03:18:08:01:732][E][CNTNR:16272:15208] KillProcess: failed to kill 25224 (error 6)
[03:18:08:01:732][E][CNTNR:16272:15208] KillProcess: failed to kill 26052 (error 6)
[03:18:08:01:732][R][CNTNR:16272:15208] Starting nvosc. 
[03:18:08:01:780][R][HELPR:12484:17076] CShadowPlayHelper::UWPSetOSCDismissHotKeys: [2] eSPHKID_OSC Hotkeys set for UWP
[03:18:08:01:800][E][CNTNR:16272:15208] COscProcMgr::StartProcess: OSC not started 0
[03:18:08:01:800][R][CNTNR:16272:15208] Time taken to launch OSC 62 msec
[03:18:08:01:800][E][CNTNR:16272:15208] CServerImpl::EnableShadowPlay failed to start Share Process!
[03:18:08:01:801][R][CNTNR:16272:24472] CSPShareStateWorker<class CRemoteLoggerHost,&public: int __cdecl CRemoteLoggerHost::FlushRemoteLog(void)>::RunOnEvents: Exit signalled
[03:18:08:01:813][R][CNTNR:16272:15208] Time taken for shutting down OSC 0 mSec
[03:18:08:01:813][R][CNTNR:16272:21916] COscProcMgr::Run: Exiting Thread
[03:18:08:01:814][R][CNTNR:16272:15208] CServerIpc::ControlHeplerProcess : IN
[03:18:08:01:834][R][CNTNR:16272:25308] CCaptureControl::Run: Exiting thread
[03:18:08:01:835][R][CNTNR:16272:15208] CServerImpl::EnableShadowPlay: out pArgs[0X1AAEC7C0] hr[0]
[03:18:08:01:835][E][CNTNR:16272:15208] ShadowPlayServerPlugin::ProcessReceivedIpcMessage: m_pSPServer->EnableShadowPlay [0x80040233]
[03:18:08:01:837][E][NODJS:17132: 9048] CShadowPlayApi::EnableShadowPlay: fail hr[0x80040233]
[03:18:08:01:837][R][NODJS:17132: 9048] CShadowPlayApi::EnableShadowPlay: OUT
[03:18:08:32:491][E][CNTNR:16272:15208] CServerImpl::GetProperty: E_INVALIDARG m_pSettings
[03:18:08:32:492][E][CNTNR:16272:15208] ShadowPlayServerPlugin::ProcessReceivedIpcMessage: m_pSPServer->GetProperty [0x80070057]
[03:18:08:32:492][E][NODJS:17132:28636] CShadowPlayApi::GetProperty: FAIL[0x80070057] name MonitorHotKeys
[03:18:09:13:010][R][SHARE:29432:21072] COverlayApi::InitObject: hr[0]
[03:18:09:13:011][R][SHARE:29432:21072] NVSP2::CreateOverlayApiInterface: overlay interface[0X4AFC6BE0]
[03:18:09:13:012][R][SHARE:29432:21072] CreateShadowPlayApiInterface: IN ver(10008) client(0)
[03:18:09:13:012][R][SHARE:29432:21072] CShadowPlayApi::CShadowPlayApi: IN this(0X48EF3270)
[03:18:09:13:083][R][SHARE:29432:21072] CShadowPlayApi::CShadowPlayApi: OUT
[03:18:09:13:083][R][SHARE:29432:21072] CreateShadowPlayApiInterface: OUT ppvInterface(0X48EF3270)
[03:18:09:13:123][R][SHARE:29432:16556] IpcCommonInterface::HandleJoinMessage: MessageBus joined - System: Shadowplay, Module: ShadowplayApi29432
[03:18:09:13:123][E][CNTNR:16272:15208] CServerImpl::GetCaptureSessionParam: E_INVALIDARG m_pSettings
[03:18:09:13:123][E][CNTNR:16272:15208] ShadowPlayServerPlugin::ProcessReceivedIpcMessage: m_pSPServer->GetCaptureSessionParam [0x80070057]
[03:18:09:13:123][E][SHARE:29432:21072] CShadowPlayApi::GetCaptureSessionParam: fail hr[0x80070057]
[03:18:09:13:123][E][SHARE:29432:21072] CApiDllWrapper::GetGPUOverlaySupported Couldn't get the GPUOverlayInfo(0x80070057)
[03:18:09:13:123][E][SHARE:29432:21072] COverlayApi::GetGPUOverlayInfo: GetGPUOverlaySupported failed = 0x80070057
[03:18:09:13:269][R][SHARE:29432:21072] CSPWorkerThread::CSPWorkerThread : given thread name[NVSPOMThread]
[03:18:09:13:273][R][SHARE:29432:21072] COverlayApi::CreateOverlay: hr[0] usingGPUOverlay[0] uiSlot[0], eFormat[21], uiWidth[1680], uiHeight[1050], uiNumBuffers[1], hOverlay[0X48E96B80]
[03:18:09:14:788][R][NODJS:17132: 3000] CShadowPlayApi::SetCaptureSessionParam: IN hSession(0XFFFFFFFF) uiCmd(13)
[03:18:09:14:789][R][CNTNR:16272:15208] CServerImpl::SetCaptureSessionParam: IN cmd(13) hSession(0XFFFFFFFF)
[03:18:09:14:789][E][CNTNR:16272:15208] CServerImpl::SetCaptureSessionParam: E_INVALIDARG m_pSettings
[03:18:09:14:789][E][CNTNR:16272:15208] ShadowPlayServerPlugin::ProcessReceivedIpcMessage: m_pSPServer->SetCaptureSessionParam [0x80070057]
[03:18:09:14:790][E][NODJS:17132: 3000] CShadowPlayApi::SetCaptureSessionParam: fail hr[0x80070057]
[03:18:11:17:440][R][NODJS:24788:17740] CreateShadowPlayApiInterface: IN ver(10004) client(0)
[03:18:11:17:440][R][NODJS:24788:17740] CShadowPlayApi::CShadowPlayApi: IN this(0XB31F7A0)
[03:18:11:17:542][R][NODJS:24788:17740] CShadowPlayApi::CShadowPlayApi: OUT
[03:18:11:17:542][R][NODJS:24788:17740] CreateShadowPlayApiInterface: OUT ppvInterface(0XB31F7A0)
[03:18:11:17:544][R][NODJS:24788:17740] COverlayApi::InitObject: hr[0]
[03:18:11:17:545][R][NODJS:24788:17740] NVSP2::CreateOverlayApiInterface: overlay interface[0XB5AAD88]
[03:18:11:17:546][R][NODJS:24788:17740] CShadowPlayApi::RegisterCallback: IN type(2) cb(0X5D964360)
[03:18:11:17:546][R][NODJS:24788:17740] CShadowPlayNotifications::CreateInstance: IN
[03:18:11:17:546][R][NODJS:24788:17740] CSPWorkerThread::CSPWorkerThread : given thread name[CMessageQueueThread]
[03:18:11:17:546][R][NODJS:24788:17740] CSPWorkerThread::Start: started [CMessageQueueThread]
[03:18:11:17:547][R][NODJS:24788:17740] CShadowPlayNotifications::CreateInstance: OUT(0x00000000)
[03:18:11:17:547][R][NODJS:24788:27704] CSPWorkerThread::ThreadFunc: executing [CMessageQueueThread]
[03:18:11:17:547][R][NODJS:24788:27704] CMessageQueueThread::Run: Thread started... 
[03:18:11:17:579][R][NODJS:24788:12248] IpcCommonInterface::HandleJoinMessage: MessageBus joined - System: Shadowplay, Module: ShadowplayApi24788
[03:18:11:17:582][R][NODJS:24788:17740] CShadowPlayApi::EnableShadowPlay: IN flags(0) origin(4)
[03:18:11:17:582][R][CNTNR:22488:11408] ShadowPlayServicePlugin::ProcessReceivedIpcMessage: ServiceMsgTypeControlShadowplay
[03:18:11:17:583][E][CNTNR:22488:11408] ShadowPlayServicePlugin::ProcessReceivedIpcMessage: CreateSymbolicLink failed = 3
[03:18:11:17:584][R][CNTNR:16272:15208] CServerImpl::EnableShadowPlay: IN
[03:18:11:17:584][R][CNTNR:16272:15208] CSPWorkerThread::CSPWorkerThread : given thread name[CSPShareStateWorker]
[03:18:11:17:587][R][CNTNR:16272:15208] CSPWorkerThread::Start: started [CSPShareStateWorker]
[03:18:11:17:587][R][CNTNR:16272:15208] CRemoteLoggerHost::CRemoteLoggerHost: Remote Logger created, worker start returned [0x0]
[03:18:11:17:587][R][CNTNR:16272:17016] CSPWorkerThread::ThreadFunc: executing [CSPShareStateWorker]
[03:18:11:17:598][R][CNTNR:16272:15208] CSPNvAPIUtils::GetExternalGpus: Logical GPU:0's info -> physicalGpuCount:1 adapterluid's LowPart:0xc018 HighPart:0x0
[03:18:11:17:600][R][CNTNR:16272:15208] GetSrcColorSpaceInfoSupportedReason: driverVersion(58266) dwRetCode(0x00000001)
[03:18:11:17:601][R][CNTNR:16272:15208] GetMsHybridByDefaultSupportedReason: dwRetCode(0X1)
[03:18:11:17:655][R][CNTNR:16272:15208] GetMPOSupportedReason: dwRetCode(0x00000040)
[03:18:11:17:656][R][CNTNR:16272:15208] GetHDRScreenshotSupportedReason: dwRetCode(0x00000001)
[03:18:11:17:656][R][CNTNR:16272:15208] GetSocScreenshotSupportedReason: dwRetCode(0X1)
[03:18:11:18:263][R][CNTNR:16272:15208] GetSocVideoSupportedReason: NvFbc SocVideoCapture is not supported for all Apis(Dxs, OGL&Vulkan)
[03:18:11:18:263][R][CNTNR:16272:15208] GetSocVideoSupportedReason: dwRetCode(0X8) SocVideoCaptureSupport:0 
[03:18:11:18:263][R][CNTNR:16272:15208] GetHLTempPathRemovalSupportedReason: dwRetCode(0X1)
[03:18:11:18:263][R][CNTNR:16272:15208] GetGalleryLimitSupportedReason: dwRetCode(0X1)
[03:18:11:18:263][R][CNTNR:16272:15208] GetGPUCameraOverlaySupportedReason: driverVersion(58266)dwRetCode(0x00000006)
[03:18:11:18:264][R][CNTNR:16272:15208] GetHEVCRecSupportedReason: dwRetCode(0X1)
[03:18:11:18:264][R][CNTNR:16272:15208] CSettings::SaveNVEncHWCaps m_bNVEncCapsChecked[1]: 
[03:18:11:18:264][R][CNTNR:16272:15208] CSettings::IsNVEncoderSupported: requested caps: codec[2] 10-bit-encode[0]
[03:18:11:18:264][R][CNTNR:16272:15208] CSettings::IsNVEncoderSupported: HW NVEnc caps: codec[1] 10-bit-encode[0]
[03:18:11:18:264][R][CNTNR:16272:15208] CSettings::IsNVEncoderSupported: HW NVEnc caps: codec[2] 10-bit-encode[1]
[03:18:11:18:264][R][CNTNR:16272:15208] CSettings::IsHEVCRecSupported: HEVC HW support[1]
[03:18:11:18:264][R][CNTNR:16272:15208] GetVideoCaptureRefactorSupportedReason: dwRetCode(0X1)
[03:18:11:18:264][R][CNTNR:16272:15208] GetGPUOverlaySupportedReason: driverVersion(58266)dwRetCode(0x00000001)
[03:18:11:18:264][R][CNTNR:16272:15208] GetOverlayRectListSupportedReason: dwRetCode(0X1)
[03:18:11:18:731][R][CNTNR:16272:15208] GetFTSFeatureValue: FTS regkey [{8CAF4AFB-539D-47F0-881B-B586886A65C1}] not found. Value not modified. Caller SHALL assign and use appropriate value
[03:18:11:18:731][R][CNTNR:16272:15208] Get8KSupportedReason: dwRetCode(0x00000040)
[03:18:11:18:731][R][CNTNR:16272:15208] Get8K60FpsSupportedReason: dwRetCode(0x00000040)
[03:18:11:18:733][R][CNTNR:16272:15208] getGpuManufactureInfo: Logical GPU:0's Info -> physicalGpuCount:1 adapterluid's LowPart:0xc018 HighPart:0x0
[03:18:11:19:247][R][CNTNR:16272:15208] isConcurrentCaptureEnabled NvFBC concurrency support 0
[03:18:11:19:247][R][CNTNR:16272:15208] GetSPGSConcurrencySupportedReason: dwRetCode(0x0000000A)
[03:18:11:19:680][R][CNTNR:16272:15208] isConcurrentCaptureEnabled NvFBC concurrency support 0
[03:18:11:19:682][R][CNTNR:16272:15208] GetSPBCConcurrencySupportedReason: dwRetCode(0x00000004)
[03:18:11:19:682][R][CNTNR:16272:15208] GPU0: Arch: 0x130 Implementation: 0x2 
[03:18:11:19:685][R][CNTNR:16272:15208] GetHLSupportedReason: dwRetCode(0x00000001)
[03:18:11:19:685][R][CNTNR:16272:15208] SPGameStreamPortal = 2
[03:18:11:19:685][R][CNTNR:16272:15208] SPGameStreamPortal = 1
[03:18:11:19:685][R][CNTNR:16272:15208] SPGameStreamPortal = 3
[03:18:11:19:685][R][CNTNR:16272:15208] SPGameStreamPortal = 1
[03:18:11:19:686][R][CNTNR:16272:15208] Physical display count changed from 0 to 3
[03:18:11:19:686][R][CNTNR:16272:15208] GSRPSR: dwRetCode(0x00000001)
[03:18:11:19:686][R][CNTNR:16272:15208] m_bOsWin8orLater =1 m_bOsWin10orLater =1 m_bOsRS6orLater = 1 IsIcafeEnvironment = False
[03:18:11:19:686][R][CNTNR:16272:15208] CustomRes = 0, VidWidth = 480, VidHeight = 360, RecFPS = 60.000000, DVRBufLength = 30
[03:18:11:19:686][R][CNTNR:16272:15208] AudioMode = 3, MicMode = 0, MicPhnEnableState = True
[03:18:11:19:686][R][CNTNR:16272:15208] DispRecIndicator = True, RecIndicatorPos = RightBottom, FPSOverlayState = 0, FPSOverlayPos = RightBottom
[03:18:11:19:686][R][CNTNR:16272:15208] DisplayWebcam = False, WebcamPos = RightBottom, WebcamSize = Small
[03:18:11:19:686][R][CNTNR:16272:15208] TempFilePath = N:\NVIDIA Temp, HLTempFilePath = C:\Users\SCOTCS~1\AppData\Local\Temp\Highlights
[03:18:11:19:686][R][CNTNR:16272:15208] DispGCIndicator = True, GCIndicatorPos = RightBottom, GCRes = 3, GCFPS = 30.000000, GCFPSYTL = 30.000000
[03:18:11:19:686][R][CNTNR:16272:15208] CoProc = False, DdsSystem = False, NBSystem = False, DTCapEnableState = True, AeroEnabled = True, MonitorHotKeysState = False, MS&A = False, DFSDE = True
[03:18:11:19:688][R][CNTNR:16272:15208] Audio Capture Endpoint 0 Properties: [Volume:1.000000(0.000000dB)] [channels:1] [mute:NO] [HWsupport:0x3]
[03:18:11:19:688][R][CNTNR:16272:15208] 		Channel 0 Volume : 1.000000 (0.000000dB)
[03:18:11:19:689][R][CNTNR:16272:15208] Audio Capture Endpoint 1 Properties: [Volume:0.520000(-0.484725dB)] [channels:1] [mute:NO] [HWsupport:0x0]
[03:18:11:19:689][R][CNTNR:16272:15208] 		Channel 0 Volume : 0.520000 (-0.484725dB)
[03:18:11:19:689][R][CNTNR:16272:15208] Audio Capture Endpoint 2 Properties: [Volume:1.000000(31.996094dB)] [channels:1] [mute:NO] [HWsupport:0x3]
[03:18:11:19:690][R][CNTNR:16272:15208] 		Channel 0 Volume : 1.000000 (31.996094dB)
[03:18:11:19:690][R][CNTNR:16272:15208] CSPWorkerThread::CSPWorkerThread : given thread name[COscProcMgrThread]
[03:18:11:19:690][R][CNTNR:16272:15208] CSPWorkerThread::Start: started [COscProcMgrThread]
[03:18:11:19:690][R][CNTNR:16272:15208] CSPWorkerThread::CSPWorkerThread : given thread name[CHelperProcMgr]
[03:18:11:19:690][R][CNTNR:16272:15208] CSPWorkerThread::CSPWorkerThread : given thread name[CCaptureControlThread]
[03:18:11:19:690][R][CNTNR:16272:15208] GetHEVCRecSupportedReason: dwRetCode(0X1)
[03:18:11:19:690][R][CNTNR:16272:12764] CSPWorkerThread::ThreadFunc: executing [COscProcMgrThread]
[03:18:11:19:690][R][CNTNR:16272:15208] CSettings::SaveNVEncHWCaps m_bNVEncCapsChecked[1]: 
[03:18:11:19:690][R][CNTNR:16272:15208] CSettings::IsNVEncoderSupported: requested caps: codec[2] 10-bit-encode[0]
[03:18:11:19:690][R][CNTNR:16272:15208] CSettings::IsNVEncoderSupported: HW NVEnc caps: codec[1] 10-bit-encode[0]
[03:18:11:19:690][R][CNTNR:16272:15208] CSettings::IsNVEncoderSupported: HW NVEnc caps: codec[2] 10-bit-encode[1]
[03:18:11:19:690][R][CNTNR:16272:15208] CSettings::IsHEVCRecSupported: HEVC HW support[1]
[03:18:11:19:690][R][CNTNR:16272:15208] GetHEVCRecSupportedReason: dwRetCode(0X1)
[03:18:11:19:690][R][CNTNR:16272:15208] CSettings::SaveNVEncHWCaps m_bNVEncCapsChecked[1]: 
[03:18:11:19:690][R][CNTNR:16272:15208] CSettings::IsNVEncoderSupported: requested caps: codec[2] 10-bit-encode[1]
[03:18:11:19:690][R][CNTNR:16272:15208] CSettings::IsNVEncoderSupported: HW NVEnc caps: codec[1] 10-bit-encode[0]
[03:18:11:19:690][R][CNTNR:16272:15208] CSettings::IsNVEncoderSupported: HW NVEnc caps: codec[2] 10-bit-encode[1]
[03:18:11:19:690][R][CNTNR:16272:15208] CSettings::IsHEVCRecSupported: HEVC HW support[1]
[03:18:11:19:690][R][CNTNR:16272:15208] CSharedDataManager::CreateNextOrderMMF: Shared MMF recreation started [0] ended [0]
[03:18:11:19:690][R][CNTNR:16272:15208] CSPWorkerThread::Start: started [CCaptureControlThread]
[03:18:11:19:690][R][CNTNR:16272:28512] CSPWorkerThread::ThreadFunc: executing [CCaptureControlThread]
[03:18:11:19:690][R][CNTNR:16272:28512] CCaptureControl::Run: Thread started
[03:18:11:19:690][E][CNTNR:16272:28512] CSettings::DeleteDVRTmpFiles: No temporary DVR files deleted, FindFirstFileW failed with error:0x3
[03:18:11:19:691][R][CNTNR:16272:15208] CServerIpc::EnableNvFBC : IN
[03:18:11:19:691][E][CNTNR:22488:11408] ShadowPlayController::GetRequestOrigin: Invalid request 0
[03:18:11:19:697][E][dwm:1980: 1036] QueryShadowPlayDdiShimStatusIN
[03:18:11:19:773][R][CNTNR:16272:15208] CServerIpc::EnableNvFBC: OUT ret code = 0x00000000
[03:18:11:20:287][R][CNTNR:16272:15208] CServerIpc::ControlHeplerProcess : IN
[03:18:11:20:315][E][CNTNR:16272:15208] KillProcess: failed to kill 29432 (error 6)
[03:18:11:20:315][E][CNTNR:16272:15208] KillProcess: failed to kill 26172 (error 6)
[03:18:11:20:316][R][CNTNR:16272:15208] Starting nvosc. 
[03:18:11:20:372][R][HELPR:15636: 6360] CShadowPlayHelper::UWPSetOSCDismissHotKeys: [2] eSPHKID_OSC Hotkeys set for UWP
[03:18:11:20:395][E][CNTNR:16272:15208] COscProcMgr::StartProcess: OSC not started 0
[03:18:11:20:395][R][CNTNR:16272:15208] Time taken to launch OSC 78 msec
[03:18:11:20:395][E][CNTNR:16272:15208] CServerImpl::EnableShadowPlay failed to start Share Process!
[03:18:11:20:395][R][CNTNR:16272:17016] CSPShareStateWorker<class CRemoteLoggerHost,&public: int __cdecl CRemoteLoggerHost::FlushRemoteLog(void)>::RunOnEvents: Exit signalled
[03:18:11:20:407][R][CNTNR:16272:15208] Time taken for shutting down OSC 0 mSec
[03:18:11:20:407][R][CNTNR:16272:12764] COscProcMgr::Run: Exiting Thread
[03:18:11:20:407][R][CNTNR:16272:15208] CServerIpc::ControlHeplerProcess : IN
[03:18:11:20:430][R][CNTNR:16272:28512] CCaptureControl::Run: Exiting thread
[03:18:11:20:431][R][CNTNR:16272:15208] CServerImpl::EnableShadowPlay: out pArgs[0X1AAEC7C0] hr[0]
[03:18:11:20:431][E][CNTNR:16272:15208] ShadowPlayServerPlugin::ProcessReceivedIpcMessage: m_pSPServer->EnableShadowPlay [0x80040233]
[03:18:11:20:431][E][NODJS:24788:17740] CShadowPlayApi::EnableShadowPlay: fail hr[0x80040233]
[03:18:11:20:431][R][NODJS:24788:17740] CShadowPlayApi::EnableShadowPlay: OUT
[03:18:11:21:145][R][NODJS:24788:12620] CShadowPlayApi::GetHotkeyProperty: reg read failed, falling back to default value
[03:18:11:21:145][R][NODJS:24788:12620] CShadowPlayApi::GetHotkeyProperty: invalid key index[2]
[03:18:11:24:245][R][NODJS:24788:18932] CShadowPlayApi::EnableShadowPlay: IN flags(0) origin(1)
[03:18:11:24:245][R][CNTNR:22488:11408] ShadowPlayServicePlugin::ProcessReceivedIpcMessage: ServiceMsgTypeControlShadowplay
[03:18:11:24:245][E][CNTNR:22488:11408] ShadowPlayServicePlugin::ProcessReceivedIpcMessage: CreateSymbolicLink failed = 3
[03:18:11:24:246][R][CNTNR:16272:15208] CServerImpl::EnableShadowPlay: IN
[03:18:11:24:246][R][CNTNR:16272:15208] CSPWorkerThread::CSPWorkerThread : given thread name[CSPShareStateWorker]
[03:18:11:24:248][R][CNTNR:16272:15208] CSPWorkerThread::Start: started [CSPShareStateWorker]
[03:18:11:24:248][R][CNTNR:16272:15208] CRemoteLoggerHost::CRemoteLoggerHost: Remote Logger created, worker start returned [0x0]
[03:18:11:24:248][R][CNTNR:16272:27392] CSPWorkerThread::ThreadFunc: executing [CSPShareStateWorker]
[03:18:11:24:252][R][CNTNR:16272:15208] CSPNvAPIUtils::GetExternalGpus: Logical GPU:0's info -> physicalGpuCount:1 adapterluid's LowPart:0xc018 HighPart:0x0
[03:18:11:24:254][R][CNTNR:16272:15208] GetSrcColorSpaceInfoSupportedReason: driverVersion(58266) dwRetCode(0x00000001)
[03:18:11:24:254][R][CNTNR:16272:15208] GetMsHybridByDefaultSupportedReason: dwRetCode(0X1)
[03:18:11:24:255][R][CNTNR:16272:15208] GetMPOSupportedReason: dwRetCode(0x00000040)
[03:18:11:24:255][R][CNTNR:16272:15208] GetHDRScreenshotSupportedReason: dwRetCode(0x00000001)
[03:18:11:24:255][R][CNTNR:16272:15208] GetSocScreenshotSupportedReason: dwRetCode(0X1)
[03:18:11:24:672][R][CNTNR:16272:15208] GetSocVideoSupportedReason: NvFbc SocVideoCapture is not supported for all Apis(Dxs, OGL&Vulkan)
[03:18:11:24:672][R][CNTNR:16272:15208] GetSocVideoSupportedReason: dwRetCode(0X8) SocVideoCaptureSupport:0 
[03:18:11:24:672][R][CNTNR:16272:15208] GetHLTempPathRemovalSupportedReason: dwRetCode(0X1)
[03:18:11:24:672][R][CNTNR:16272:15208] GetGalleryLimitSupportedReason: dwRetCode(0X1)
[03:18:11:24:672][R][CNTNR:16272:15208] GetGPUCameraOverlaySupportedReason: driverVersion(58266)dwRetCode(0x00000006)
[03:18:11:24:673][R][CNTNR:16272:15208] GetHEVCRecSupportedReason: dwRetCode(0X1)
[03:18:11:24:673][R][CNTNR:16272:15208] CSettings::SaveNVEncHWCaps m_bNVEncCapsChecked[1]: 
[03:18:11:24:673][R][CNTNR:16272:15208] CSettings::IsNVEncoderSupported: requested caps: codec[2] 10-bit-encode[0]
[03:18:11:24:673][R][CNTNR:16272:15208] CSettings::IsNVEncoderSupported: HW NVEnc caps: codec[1] 10-bit-encode[0]
[03:18:11:24:673][R][CNTNR:16272:15208] CSettings::IsNVEncoderSupported: HW NVEnc caps: codec[2] 10-bit-encode[1]
[03:18:11:24:673][R][CNTNR:16272:15208] CSettings::IsHEVCRecSupported: HEVC HW support[1]
[03:18:11:24:673][R][CNTNR:16272:15208] GetVideoCaptureRefactorSupportedReason: dwRetCode(0X1)
[03:18:11:24:673][R][CNTNR:16272:15208] GetGPUOverlaySupportedReason: driverVersion(58266)dwRetCode(0x00000001)
[03:18:11:24:673][R][CNTNR:16272:15208] GetOverlayRectListSupportedReason: dwRetCode(0X1)
[03:18:11:25:044][R][CNTNR:16272:15208] GetFTSFeatureValue: FTS regkey [{8CAF4AFB-539D-47F0-881B-B586886A65C1}] not found. Value not modified. Caller SHALL assign and use appropriate value
[03:18:11:25:044][R][CNTNR:16272:15208] Get8KSupportedReason: dwRetCode(0x00000040)
[03:18:11:25:044][R][CNTNR:16272:15208] Get8K60FpsSupportedReason: dwRetCode(0x00000040)
[03:18:11:25:045][R][CNTNR:16272:15208] getGpuManufactureInfo: Logical GPU:0's Info -> physicalGpuCount:1 adapterluid's LowPart:0xc018 HighPart:0x0
[03:18:11:25:452][R][CNTNR:16272:15208] isConcurrentCaptureEnabled NvFBC concurrency support 0
[03:18:11:25:452][R][CNTNR:16272:15208] GetSPGSConcurrencySupportedReason: dwRetCode(0x0000000A)
[03:18:11:25:894][R][CNTNR:16272:15208] isConcurrentCaptureEnabled NvFBC concurrency support 0
[03:18:11:25:894][R][CNTNR:16272:15208] GetSPBCConcurrencySupportedReason: dwRetCode(0x00000004)
[03:18:11:25:895][R][CNTNR:16272:15208] GPU0: Arch: 0x130 Implementation: 0x2 
[03:18:11:25:898][R][CNTNR:16272:15208] GetHLSupportedReason: dwRetCode(0x00000001)
[03:18:11:25:899][R][CNTNR:16272:15208] SPGameStreamPortal = 2
[03:18:11:25:899][R][CNTNR:16272:15208] SPGameStreamPortal = 1
[03:18:11:25:899][R][CNTNR:16272:15208] SPGameStreamPortal = 3
[03:18:11:25:899][R][CNTNR:16272:15208] SPGameStreamPortal = 1
[03:18:11:25:899][R][CNTNR:16272:15208] Physical display count changed from 0 to 3
[03:18:11:25:899][R][CNTNR:16272:15208] GSRPSR: dwRetCode(0x00000001)
[03:18:11:25:899][R][CNTNR:16272:15208] m_bOsWin8orLater =1 m_bOsWin10orLater =1 m_bOsRS6orLater = 1 IsIcafeEnvironment = False
[03:18:11:25:899][R][CNTNR:16272:15208] CustomRes = 0, VidWidth = 480, VidHeight = 360, RecFPS = 60.000000, DVRBufLength = 30
[03:18:11:25:899][R][CNTNR:16272:15208] AudioMode = 3, MicMode = 0, MicPhnEnableState = True
[03:18:11:25:899][R][CNTNR:16272:15208] DispRecIndicator = True, RecIndicatorPos = RightBottom, FPSOverlayState = 0, FPSOverlayPos = RightBottom
[03:18:11:25:899][R][CNTNR:16272:15208] DisplayWebcam = False, WebcamPos = RightBottom, WebcamSize = Small
[03:18:11:25:899][R][CNTNR:16272:15208] TempFilePath = N:\NVIDIA Temp, HLTempFilePath = C:\Users\SCOTCS~1\AppData\Local\Temp\Highlights
[03:18:11:25:899][R][CNTNR:16272:15208] DispGCIndicator = True, GCIndicatorPos = RightBottom, GCRes = 3, GCFPS = 30.000000, GCFPSYTL = 30.000000
[03:18:11:25:899][R][CNTNR:16272:15208] CoProc = False, DdsSystem = False, NBSystem = False, DTCapEnableState = True, AeroEnabled = True, MonitorHotKeysState = False, MS&A = False, DFSDE = True
[03:18:11:25:901][R][CNTNR:16272:15208] Audio Capture Endpoint 0 Properties: [Volume:1.000000(0.000000dB)] [channels:1] [mute:NO] [HWsupport:0x3]
[03:18:11:25:901][R][CNTNR:16272:15208] 		Channel 0 Volume : 1.000000 (0.000000dB)
[03:18:11:25:902][R][CNTNR:16272:15208] Audio Capture Endpoint 1 Properties: [Volume:0.520000(-0.484725dB)] [channels:1] [mute:NO] [HWsupport:0x0]
[03:18:11:25:902][R][CNTNR:16272:15208] 		Channel 0 Volume : 0.520000 (-0.484725dB)
[03:18:11:25:902][R][CNTNR:16272:15208] Audio Capture Endpoint 2 Properties: [Volume:1.000000(31.996094dB)] [channels:1] [mute:NO] [HWsupport:0x3]
[03:18:11:25:902][R][CNTNR:16272:15208] 		Channel 0 Volume : 1.000000 (31.996094dB)
[03:18:11:25:902][R][CNTNR:16272:15208] CSPWorkerThread::CSPWorkerThread : given thread name[COscProcMgrThread]
[03:18:11:25:903][R][CNTNR:16272:15208] CSPWorkerThread::Start: started [COscProcMgrThread]
[03:18:11:25:903][R][CNTNR:16272:15208] CSPWorkerThread::CSPWorkerThread : given thread name[CHelperProcMgr]
[03:18:11:25:903][R][CNTNR:16272:15208] CSPWorkerThread::CSPWorkerThread : given thread name[CCaptureControlThread]
[03:18:11:25:903][R][CNTNR:16272:27652] CSPWorkerThread::ThreadFunc: executing [COscProcMgrThread]
[03:18:11:25:903][R][CNTNR:16272:15208] GetHEVCRecSupportedReason: dwRetCode(0X1)
[03:18:11:25:903][R][CNTNR:16272:15208] CSettings::SaveNVEncHWCaps m_bNVEncCapsChecked[1]: 
[03:18:11:25:903][R][CNTNR:16272:15208] CSettings::IsNVEncoderSupported: requested caps: codec[2] 10-bit-encode[0]
[03:18:11:25:903][R][CNTNR:16272:15208] CSettings::IsNVEncoderSupported: HW NVEnc caps: codec[1] 10-bit-encode[0]
[03:18:11:25:903][R][CNTNR:16272:15208] CSettings::IsNVEncoderSupported: HW NVEnc caps: codec[2] 10-bit-encode[1]
[03:18:11:25:903][R][CNTNR:16272:15208] CSettings::IsHEVCRecSupported: HEVC HW support[1]
[03:18:11:25:903][R][CNTNR:16272:15208] GetHEVCRecSupportedReason: dwRetCode(0X1)
[03:18:11:25:903][R][CNTNR:16272:15208] CSettings::SaveNVEncHWCaps m_bNVEncCapsChecked[1]: 
[03:18:11:25:903][R][CNTNR:16272:15208] CSettings::IsNVEncoderSupported: requested caps: codec[2] 10-bit-encode[1]
[03:18:11:25:903][R][CNTNR:16272:15208] CSettings::IsNVEncoderSupported: HW NVEnc caps: codec[1] 10-bit-encode[0]
[03:18:11:25:903][R][CNTNR:16272:15208] CSettings::IsNVEncoderSupported: HW NVEnc caps: codec[2] 10-bit-encode[1]
[03:18:11:25:903][R][CNTNR:16272:15208] CSettings::IsHEVCRecSupported: HEVC HW support[1]
[03:18:11:25:903][R][CNTNR:16272:15208] CSharedDataManager::CreateNextOrderMMF: Shared MMF recreation started [0] ended [0]
[03:18:11:25:903][R][CNTNR:16272:15208] CSPWorkerThread::Start: started [CCaptureControlThread]
[03:18:11:25:903][R][CNTNR:16272:15208] CServerImpl::SendSystemConfigurationEvent: SystemType: 1 GpuCount: 3 PowerGpu:1 PerfGpu:1 PrimaryDisplayGpu:3 SceondaryDisplayGpu:0
[03:18:11:25:903][R][CNTNR:16272:19068] CSPWorkerThread::ThreadFunc: executing [CCaptureControlThread]
[03:18:11:25:903][R][CNTNR:16272:19068] CCaptureControl::Run: Thread started
[03:18:11:25:904][E][CNTNR:16272:19068] CSettings::DeleteDVRTmpFiles: No temporary DVR files deleted, FindFirstFileW failed with error:0x3
[03:18:11:25:904][R][CNTNR:16272:15208] CServerIpc::EnableNvFBC : IN
[03:18:11:25:905][E][CNTNR:22488:11408] ShadowPlayController::GetRequestOrigin: Invalid request 0
[03:18:11:25:909][E][dwm:1980: 1036] QueryShadowPlayDdiShimStatusIN
[03:18:11:26:105][R][CNTNR:16272:15208] CServerIpc::EnableNvFBC: OUT ret code = 0x00000000
[03:18:11:26:550][R][CNTNR:16272:15208] CServerIpc::ControlHeplerProcess : IN
[03:18:11:26:574][R][CNTNR:16272:15208] Starting nvosc. 
[03:18:11:26:634][R][HELPR:8216:27684] CShadowPlayHelper::UWPSetOSCDismissHotKeys: [2] eSPHKID_OSC Hotkeys set for UWP
[03:18:11:26:693][R][CNTNR:16272:15208] Time taken to launch OSC 125 msec
[03:18:11:26:693][R][CNTNR:16272:15208] CSPWorkerThread::CSPWorkerThread : given thread name[OSCListener]
[03:18:11:26:694][R][CNTNR:16272:15208] CSPWorkerThread::Start: started [OSCListener]
[03:18:11:26:694][R][CNTNR:16272:14924] CSPWorkerThread::ThreadFunc: executing [OSCListener]
[03:18:11:26:694][R][CNTNR:16272:15208] CServerImpl::HandleSettingChange: IN msg(200) w(0x1) l(0x0)
[03:18:11:26:694][R][CNTNR:16272:15208] CCaptureControl::HandleEvent: IN(200, 1, 0)
[03:18:11:26:695][R][CNTNR:16272:15208] CCaptureControl::HandleEvent: primary display HDR [0]
[03:18:11:26:695][R][CNTNR:16272:15208] CServerIpc::SetSP : IN(16272, 5)
[03:18:11:26:695][E][CNTNR:22488:11408] ShadowPlayController::ValidatePIDUnknown executable path C:\My Project\NVIDIA-Shadowplay\build\NVIDIA ShadowPlay\NvContainer\genuine\nvcontainer.exe
[03:18:11:26:695][E][CNTNR:22488:11408] ShadowPlayController::SetSP: ValidatePID failed with error 0x000003F0 
[03:18:11:26:695][E][CNTNR:22488:11408] ShadowPlayServicePlugin::ProcessReceivedIpcMessage: ConfigureSP failed 0x000003F0
[03:18:11:26:695][R][CNTNR:22488:11408] ShadowPlayServicePlugin::ProcessReceivedIpcMessage: ServiceMsgTypeSP PID(16272), P(5) hRes = 0x80004005
[03:18:11:26:696][E][CNTNR:16272:15208] CServerImpl::EnableShadowPlay: SetSP failed! 0x80004005
[03:18:11:26:697][R][CNTNR:16272:27392] CSPShareStateWorker<class CRemoteLoggerHost,&public: int __cdecl CRemoteLoggerHost::FlushRemoteLog(void)>::RunOnEvents: Exit signalled
[03:18:11:26:697][R][NODJS:24788:10564] CShadowPlayNotifications::EnqueueNotification: uMsg(0x913), wParam(0x0), lParam(0x0) dwData(0x0)
[03:18:11:26:697][R][NODJS:24788:27704] CShadowPlayNotifications::HandleNotificationMessage: msg(2323) lparam(0) wparam(0)
[03:18:11:26:712][E][dwm:1980: 1036] QueryShadowPlayDdiShimStatusIN
[03:18:11:26:772][R][HELPR:8216:27684] CSPRedirectionHelperUWP::CSPRedirectionHelperUWP: OUT
[03:18:11:26:772][R][HELPR:8216:27684] CShadowPlayHelper::UWPSetOSCDismissHotKeys: [2] eSPHKID_OSC Hotkeys set for UWP
[03:18:11:26:772][R][SHARE:3404:11132] COverlayApi::InitObject: hr[0]
[03:18:11:26:772][R][SHARE:3404:11132] NVSP2::CreateOverlayApiInterface: overlay interface[0XA2F664D0]
[03:18:11:26:776][R][SHARE:3404:11132] CreateShadowPlayApiInterface: IN ver(10008) client(0)
[03:18:11:26:776][R][SHARE:3404:11132] CShadowPlayApi::CShadowPlayApi: IN this(0XA2F214A0)
[03:18:11:26:807][R][HELPR:8216: 2924] IpcCommonInterface::HandleJoinMessage: MessageBus joined - System: Hotkey, Module: HotkeyPlugin
[03:18:11:26:913][R][SHARE:3404:11132] CShadowPlayApi::CShadowPlayApi: OUT
[03:18:11:26:913][R][SHARE:3404:11132] CreateShadowPlayApiInterface: OUT ppvInterface(0XA2F214A0)
[03:18:11:26:945][R][SHARE:3404:28308] IpcCommonInterface::HandleJoinMessage: MessageBus joined - System: Shadowplay, Module: ShadowplayApi3404
[03:18:11:27:455][E][SHARE:3404:11132] CShadowPlayApi::GetCaptureSessionParam: IpcSyncCall failed [0x800705b4] uiCmd(19)
[03:18:11:27:455][E][SHARE:3404:11132] CApiDllWrapper::GetGPUOverlaySupported Couldn't get the GPUOverlayInfo(0x800705B4)
[03:18:11:27:455][E][SHARE:3404:11132] COverlayApi::GetGPUOverlayInfo: GetGPUOverlaySupported failed = 0x800705B4
[03:18:11:27:762][R][SHARE:3404:11132] CSPWorkerThread::CSPWorkerThread : given thread name[NVSPOMThread]
[03:18:11:27:766][R][SHARE:3404:11132] COverlayApi::CreateOverlay: hr[0] usingGPUOverlay[0] uiSlot[0], eFormat[21], uiWidth[1680], uiHeight[1050], uiNumBuffers[1], hOverlay[0XA3171E40]
[03:18:11:29:773][R][CNTNR:16272:15208] Time taken for shutting down OSC 3078 mSec
[03:18:11:29:773][R][CNTNR:16272:27652] COscProcMgr::Run: Exiting Thread
[03:18:11:29:773][R][CNTNR:16272:15208] CServerIpc::ControlHeplerProcess : IN
[03:18:11:29:792][R][CNTNR:16272:19068] CCaptureControl::Run: Exiting thread
[03:18:11:29:792][R][CNTNR:16272:15208] CServerImpl::EnableShadowPlay: out pArgs[0X1AAEC7C0] hr[0]
[03:18:11:29:792][E][CNTNR:16272:15208] ShadowPlayServerPlugin::ProcessReceivedIpcMessage: m_pSPServer->EnableShadowPlay [0x80004005]
[03:18:11:29:793][E][CNTNR:16272:15208] CServerImpl::GetCaptureSessionParam: E_INVALIDARG m_pSettings
[03:18:11:29:793][E][CNTNR:16272:15208] ShadowPlayServerPlugin::ProcessReceivedIpcMessage: m_pSPServer->GetCaptureSessionParam [0x80070057]
[03:18:11:29:793][E][NODJS:24788:18932] CShadowPlayApi::EnableShadowPlay: fail hr[0x80004005]
[03:18:11:29:793][R][NODJS:24788:18932] CShadowPlayApi::EnableShadowPlay: OUT
[03:18:11:39:842][E][CNTNR:16272:15208] CServerImpl::GetProperty: E_INVALIDARG m_pSettings
[03:18:11:39:842][E][CNTNR:16272:15208] ShadowPlayServerPlugin::ProcessReceivedIpcMessage: m_pSPServer->GetProperty [0x80070057]
[03:18:11:39:843][E][NODJS:24788:10584] CShadowPlayApi::GetProperty: FAIL[0x80070057] name MonitorHotKeys
[03:18:12:50:389][R][NODJS:24788:22152] CShadowPlayApi::GetHotkeyProperty: reg read failed, falling back to default value
[03:18:12:50:389][R][NODJS:24788:22152] CShadowPlayApi::GetHotkeyProperty: invalid key index[2]
[03:18:12:50:771][R][SHARE:24432:14824] COverlayApi::InitObject: hr[0]
[03:18:12:50:772][R][SHARE:24432:14824] NVSP2::CreateOverlayApiInterface: overlay interface[0X83EB6B10]
[03:18:12:50:774][R][SHARE:24432:14824] CreateShadowPlayApiInterface: IN ver(10008) client(0)
[03:18:12:50:774][R][SHARE:24432:14824] CShadowPlayApi::CShadowPlayApi: IN this(0X81E01A30)
[03:18:12:50:862][R][SHARE:24432:14824] CShadowPlayApi::CShadowPlayApi: OUT
[03:18:12:50:862][R][SHARE:24432:14824] CreateShadowPlayApiInterface: OUT ppvInterface(0X81E01A30)
[03:18:12:50:894][R][SHARE:24432: 1420] IpcCommonInterface::HandleJoinMessage: MessageBus joined - System: Shadowplay, Module: ShadowplayApi24432
[03:18:12:50:895][E][CNTNR:16272:15208] CServerImpl::GetCaptureSessionParam: E_INVALIDARG m_pSettings
[03:18:12:50:895][E][CNTNR:16272:15208] ShadowPlayServerPlugin::ProcessReceivedIpcMessage: m_pSPServer->GetCaptureSessionParam [0x80070057]
[03:18:12:50:895][E][SHARE:24432:14824] CShadowPlayApi::GetCaptureSessionParam: fail hr[0x80070057]
[03:18:12:50:895][E][SHARE:24432:14824] CApiDllWrapper::GetGPUOverlaySupported Couldn't get the GPUOverlayInfo(0x80070057)
[03:18:12:50:895][E][SHARE:24432:14824] COverlayApi::GetGPUOverlayInfo: GetGPUOverlaySupported failed = 0x80070057
[03:18:12:51:064][R][SHARE:24432:14824] CSPWorkerThread::CSPWorkerThread : given thread name[NVSPOMThread]
[03:18:12:51:068][R][SHARE:24432:14824] COverlayApi::CreateOverlay: hr[0] usingGPUOverlay[0] uiSlot[0], eFormat[21], uiWidth[1680], uiHeight[1050], uiNumBuffers[1], hOverlay[0X83F155E0]
[03:18:12:53:006][R][NODJS:24788: 8188] CShadowPlayApi::SetCaptureSessionParam: IN hSession(0XFFFFFFFF) uiCmd(13)
[03:18:12:53:007][R][CNTNR:16272:15208] CServerImpl::SetCaptureSessionParam: IN cmd(13) hSession(0XFFFFFFFF)
[03:18:12:53:007][E][CNTNR:16272:15208] CServerImpl::SetCaptureSessionParam: E_INVALIDARG m_pSettings
[03:18:12:53:007][E][CNTNR:16272:15208] ShadowPlayServerPlugin::ProcessReceivedIpcMessage: m_pSPServer->SetCaptureSessionParam [0x80070057]
[03:18:12:53:007][E][NODJS:24788: 8188] CShadowPlayApi::SetCaptureSessionParam: fail hr[0x80070057]
[03:18:12:53:311][E][CNTNR:16272:15208] CServerImpl::GetProperty: E_INVALIDARG m_pSettings
[03:18:12:53:311][E][CNTNR:16272:15208] ShadowPlayServerPlugin::ProcessReceivedIpcMessage: m_pSPServer->GetProperty [0x80070057]
[03:18:12:53:312][E][NODJS:24788: 8164] CShadowPlayApi::GetProperty: FAIL[0x80070057] name DwmEnabled
[03:18:13:05:609][R][NODJS:24788:27268] CShadowPlayApi::RegisterCallback: IN type(1) cb(0X5D964E90)
[03:18:13:05:653][R][NODJS:24788:22512] IpcCommonInterface::HandleJoinMessage: MessageBus joined - System: Hotkey, Module: Node
[03:18:13:05:763][R][NODJS:24788:27268] CShadowPlayApi::RegisterHotkeyCallback: OUT
[03:18:13:05:763][R][NODJS:24788:27268] CShadowPlayApi::RegisterCallback: IN type(3) cb(0X5D965130)
[03:18:13:05:763][E][CNTNR:16272:15208] CServerImpl::GetCaptureSessionParam: E_INVALIDARG m_pSettings
[03:18:13:05:763][E][CNTNR:16272:15208] ShadowPlayServerPlugin::ProcessReceivedIpcMessage: m_pSPServer->GetCaptureSessionParam [0x80070057]
[03:18:13:05:763][R][NODJS:24788: 2712] Client monitor thread has started
[03:18:13:05:765][E][NODJS:24788:27268] CShadowPlayApi::GetCaptureSessionParam: fail hr[0x80070057]
[03:18:13:31:563][R][HELPR:5396:20432] CShadowPlayHelper::UWPSetOSCDismissHotKeys: [2] eSPHKID_OSC Hotkeys set for UWP
[03:18:13:31:669][R][HELPR:5396:20432] CSPRedirectionHelperUWP::CSPRedirectionHelperUWP: OUT
[03:18:13:31:669][R][HELPR:5396:20432] CShadowPlayHelper::UWPSetOSCDismissHotKeys: [2] eSPHKID_OSC Hotkeys set for UWP
[03:18:13:31:709][R][HELPR:5396:26308] IpcCommonInterface::HandleJoinMessage: MessageBus joined - System: Hotkey, Module: HotkeyPlugin
[03:18:13:32:112][R][NODJS:24788: 2712] Client connected sucessfully. Terminating the monitor thread
[03:18:20:52:109][R][HELPR:27444:26048] CShadowPlayHelper::UWPSetOSCDismissHotKeys: [2] eSPHKID_OSC Hotkeys set for UWP
[03:18:20:52:179][R][HELPR:27444:26048] CSPRedirectionHelperUWP::CSPRedirectionHelperUWP: OUT
[03:18:20:52:179][R][HELPR:27444:26048] CShadowPlayHelper::UWPSetOSCDismissHotKeys: [2] eSPHKID_OSC Hotkeys set for UWP
[03:18:20:52:213][R][HELPR:27444:14412] IpcCommonInterface::HandleJoinMessage: MessageBus joined - System: Hotkey, Module: HotkeyPlugin
[03:18:20:57:508][E][Smash_Legends:7344:17808] QueryShadowPlayDdiShimStatusIN
[03:18:20:58:544][E][Smash_Legends:7344:17808] QueryShadowPlayDdiShimStatusIN
[03:18:23:54:359][E][CrossDeviceService:9872:21788] QueryShadowPlayDdiShimStatusIN
[03:18:23:57:099][E][CrossDeviceService:9872:14376] QueryShadowPlayDdiShimStatusIN
[03:18:25:53:286][E][CNTNR:16272:15208] CServerImpl::GetProperty: E_INVALIDARG m_pSettings
[03:18:25:53:286][E][CNTNR:16272:15208] ShadowPlayServerPlugin::ProcessReceivedIpcMessage: m_pSPServer->GetProperty [0x80070057]
[03:18:25:53:286][E][NODJS:24788:15220] CShadowPlayApi::GetProperty: FAIL[0x80070057] name MonitorHotKeys
[03:18:25:53:354][R][NODJS:24788: 9416] CShadowPlayApi::SetProperty: IN(ToggleHotKeyDetection)
[03:18:25:53:355][R][CNTNR:16272:15208] CServerImpl::SetProperty: IN pArgs[0X1AAEC7C0] property(ToggleHotKeyDetection)
[03:18:25:53:355][E][CNTNR:16272:15208] CServerImpl::SetProperty: E_INVALIDARG
[03:18:25:53:355][E][CNTNR:16272:15208] ShadowPlayServerPlugin::ProcessReceivedIpcMessage: m_pSPServer->SetProperty [0x80070057]
[03:18:25:53:355][E][NODJS:24788: 9416] CShadowPlayApi::SetProperty: FAIL[0x80070057] name ToggleHotKeyDetection
[03:18:25:53:374][R][NODJS:24788:28916] CShadowPlayApi::GetHotkeyProperty: reg read failed, falling back to default value
[03:18:25:53:374][R][NODJS:24788:28916] CShadowPlayApi::GetHotkeyProperty: invalid key index[2]
[03:18:25:53:375][E][CNTNR:16272:15208] CServerImpl::GetProperty: E_INVALIDARG m_pSettings
[03:18:25:53:375][E][NODJS:24788:28916] CShadowPlayApi::GetProperty: FAIL[0x80070057] name MicPTTHKey0
[03:18:25:53:375][E][CNTNR:16272:15208] CServerImpl::GetProperty: E_INVALIDARG m_pSettings
[03:18:25:53:376][E][NODJS:24788:28916] CShadowPlayApi::GetProperty: FAIL[0x80070057] name FPSOverlayHKey0
[03:18:25:53:376][E][CNTNR:16272:15208] CServerImpl::GetProperty: E_INVALIDARG m_pSettings
[03:18:25:53:377][E][NODJS:24788:28916] CShadowPlayApi::GetProperty: FAIL[0x80070057] name ScreenshotHKey0
[03:18:25:53:377][E][CNTNR:16272:15208] CServerImpl::GetProperty: E_INVALIDARG m_pSettings
[03:18:25:53:377][E][NODJS:24788:28916] CShadowPlayApi::GetProperty: FAIL[0x80070057] name DVRHKey0
[03:18:25:53:378][E][CNTNR:16272:15208] CServerImpl::GetProperty: E_INVALIDARG m_pSettings
[03:18:25:53:378][E][NODJS:24788:28916] CShadowPlayApi::GetProperty: FAIL[0x80070057] name ManualHKey0
[03:18:25:53:378][E][CNTNR:16272:15208] CServerImpl::GetProperty: E_INVALIDARG m_pSettings
[03:18:25:53:379][E][NODJS:24788:28916] CShadowPlayApi::GetProperty: FAIL[0x80070057] name GameCastHKey0
[03:18:25:53:379][E][CNTNR:16272:15208] CServerImpl::GetProperty: E_INVALIDARG m_pSettings
[03:18:25:53:380][E][NODJS:24788:28916] CShadowPlayApi::GetProperty: FAIL[0x80070057] name PauseResumeHKey0
[03:18:25:53:380][E][CNTNR:16272:15208] CServerImpl::GetProperty: E_INVALIDARG m_pSettings
[03:18:25:53:381][E][NODJS:24788:28916] CShadowPlayApi::GetProperty: FAIL[0x80070057] name CameraHKey0
[03:18:25:53:381][E][CNTNR:16272:15208] CServerImpl::GetProperty: E_INVALIDARG m_pSettings
[03:18:25:53:382][E][NODJS:24788:28916] CShadowPlayApi::GetProperty: FAIL[0x80070057] name CustomOverlayHKey0
[03:18:25:53:382][E][CNTNR:16272:15208] CServerImpl::GetProperty: E_INVALIDARG m_pSettings
[03:18:25:53:383][E][NODJS:24788:28916] CShadowPlayApi::GetProperty: FAIL[0x80070057] name CustomOverlayAHKey0
[03:18:25:53:384][E][CNTNR:16272:15208] CServerImpl::GetProperty: E_INVALIDARG m_pSettings
[03:18:25:53:384][E][NODJS:24788:28916] CShadowPlayApi::GetProperty: FAIL[0x80070057] name CustomOverlayBHKey0
[03:18:25:53:385][E][CNTNR:16272:15208] CServerImpl::GetProperty: E_INVALIDARG m_pSettings
[03:18:25:53:386][E][NODJS:24788:28916] CShadowPlayApi::GetProperty: FAIL[0x80070057] name CustomOverlayCHKey0
[03:18:25:53:386][E][CNTNR:16272:15208] CServerImpl::GetProperty: E_INVALIDARG m_pSettings
[03:18:25:53:387][E][NODJS:24788:28916] CShadowPlayApi::GetProperty: FAIL[0x80070057] name AnselUIHKey0
[03:18:25:53:388][E][CNTNR:16272:15208] CServerImpl::GetProperty: E_INVALIDARG m_pSettings
[03:18:25:53:388][E][NODJS:24788:28916] CShadowPlayApi::GetProperty: FAIL[0x80070057] name FBChatToggleHKey0
[03:18:25:53:388][E][CNTNR:16272:15208] CServerImpl::GetProperty: E_INVALIDARG m_pSettings
[03:18:25:53:389][E][NODJS:24788:28916] CShadowPlayApi::GetProperty: FAIL[0x80070057] name IRToggleHKey0
[03:18:25:53:389][E][CNTNR:16272:15208] CServerImpl::GetProperty: E_INVALIDARG m_pSettings
[03:18:25:53:390][E][NODJS:24788:28916] CShadowPlayApi::GetProperty: FAIL[0x80070057] name MicToggleHKey0
[03:18:25:53:390][E][CNTNR:16272:15208] CServerImpl::GetProperty: E_INVALIDARG m_pSettings
[03:18:25:53:390][E][NODJS:24788:28916] CShadowPlayApi::GetProperty: FAIL[0x80070057] name FSToggleHKey0
[03:18:25:53:390][E][CNTNR:16272:15208] CServerImpl::GetProperty: E_INVALIDARG m_pSettings
[03:18:25:53:391][E][NODJS:24788:28916] CShadowPlayApi::GetProperty: FAIL[0x80070057] name FSPresetHKey0
[03:18:25:53:391][E][CNTNR:16272:15208] CServerImpl::GetProperty: E_INVALIDARG m_pSettings
[03:18:25:53:391][E][NODJS:24788:28916] CShadowPlayApi::GetProperty: FAIL[0x80070057] name FSUIHKeyV10
[03:18:25:53:391][E][CNTNR:16272:15208] CServerImpl::GetProperty: E_INVALIDARG m_pSettings
[03:18:25:53:392][E][NODJS:24788:28916] CShadowPlayApi::GetProperty: FAIL[0x80070057] name FSPresetStyle1HKey0
[03:18:25:53:392][E][CNTNR:16272:15208] CServerImpl::GetProperty: E_INVALIDARG m_pSettings
[03:18:25:53:392][E][NODJS:24788:28916] CShadowPlayApi::GetProperty: FAIL[0x80070057] name FSPresetStyle2HKey0
[03:18:25:53:393][E][CNTNR:16272:15208] CServerImpl::GetProperty: E_INVALIDARG m_pSettings
[03:18:25:53:393][E][NODJS:24788:28916] CShadowPlayApi::GetProperty: FAIL[0x80070057] name FSPresetStyle3HKey0
[03:18:25:53:393][E][CNTNR:16272:15208] CServerImpl::GetProperty: E_INVALIDARG m_pSettings
[03:18:25:53:394][E][NODJS:24788:28916] CShadowPlayApi::GetProperty: FAIL[0x80070057] name NativeKeyboardInputDialogHKey0
[03:18:25:53:394][E][CNTNR:16272:15208] CServerImpl::GetProperty: E_INVALIDARG m_pSettings
[03:18:25:53:395][E][NODJS:24788:28916] CShadowPlayApi::GetProperty: FAIL[0x80070057] name PMOCSidebarHKey0
[03:18:25:53:395][E][CNTNR:16272:15208] CServerImpl::GetProperty: E_INVALIDARG m_pSettings
[03:18:25:53:397][E][NODJS:24788:28916] CShadowPlayApi::GetProperty: FAIL[0x80070057] name PMOCOverlayHKey0
[03:18:25:53:397][E][CNTNR:16272:15208] CServerImpl::GetProperty: E_INVALIDARG m_pSettings
[03:18:25:53:399][E][NODJS:24788:28916] CShadowPlayApi::GetProperty: FAIL[0x80070057] name PMOCOverlayCycleHKey0
[03:18:25:53:400][E][CNTNR:16272:15208] CServerImpl::GetProperty: E_INVALIDARG m_pSettings
[03:18:25:53:400][E][NODJS:24788:28916] CShadowPlayApi::GetProperty: FAIL[0x80070057] name PMOCResetAverageMetricsHKey0
[03:18:25:53:401][E][CNTNR:16272:15208] CServerImpl::GetProperty: E_INVALIDARG m_pSettings
[03:18:25:53:401][E][NODJS:24788:28916] CShadowPlayApi::GetProperty: FAIL[0x80070057] name PMOCLoggingToggleHKey0
[03:18:25:53:403][R][NODJS:24788:14552] CShadowPlayApi::SetProperty: IN(CustomOverlayHKey0)
[03:18:25:53:403][R][CNTNR:16272:15208] CServerImpl::SetProperty: IN pArgs[0X1AAEC7C0] property(CustomOverlayHKey0)
[03:18:25:53:404][E][CNTNR:16272:15208] CServerImpl::SetProperty: E_INVALIDARG
[03:18:25:53:404][E][CNTNR:16272:15208] ShadowPlayServerPlugin::ProcessReceivedIpcMessage: m_pSPServer->SetProperty [0x80070057]
[03:18:25:53:404][E][NODJS:24788:14552] CShadowPlayApi::SetProperty: FAIL[0x80070057] name CustomOverlayHKey0
[03:18:25:53:414][E][CNTNR:16272:15208] CServerImpl::GetProperty: E_INVALIDARG m_pSettings
[03:18:25:53:415][E][NODJS:24788: 4308] CShadowPlayApi::GetProperty: FAIL[0x80070057] name CustomOverlayHKey0
[03:18:25:53:456][E][CNTNR:16272:15208] CServerImpl::GetProperty: E_INVALIDARG m_pSettings
[03:18:25:53:456][E][CNTNR:16272:15208] ShadowPlayServerPlugin::ProcessReceivedIpcMessage: m_pSPServer->GetProperty [0x80070057]
[03:18:25:53:457][E][NODJS:24788:25280] CShadowPlayApi::GetProperty: FAIL[0x80070057] name MonitorHotKeys
[03:18:26:55:138][R][CNTNR:21636:27240] ShadowPlayPluginInitialize: IN
[03:18:26:55:139][R][CNTNR:21636:27240] CreatePluginInstance: ShadowPlayServerPlugin
[03:18:26:55:139][R][CNTNR:21636:27240] [CREATE] Logger v2.00 started 10.3.2026
[03:18:26:55:139][R][CNTNR:21636:27240] Windows 10.0 Build 26340  Platform=2
[03:18:26:55:148][R][CNTNR:21636:27240] Display Driver Version : 58266
[03:18:26:55:151][R][CNTNR:21636:27240] GPU0: Arch: 0x130 Implementation: 0x2 
[03:18:26:55:151][R][CNTNR:21636:27240] GFE Version : 3.28.0.412
[03:18:26:55:335][R][CNTNR:21636:27240] ShadowPlayPluginInitialize: OUT
[03:18:26:55:336][R][CNTNR:21636:27240] ShadowPlayPluginStart: IN
[03:18:26:55:336][R][CNTNR:21636:27240] ShadowPlayPluginStart: OUT
[03:18:26:55:336][R][CNTNR:21636:10640] ShadowPlayServerPlugin::Start: IN
[03:18:26:55:337][R][CNTNR:21636:10640] UserID=`undefined`
[03:18:26:55:337][R][CNTNR:21636:10640] externalUserId=``
[03:18:26:55:337][R][CNTNR:21636:10640] providerId=``
[03:18:26:55:337][R][CNTNR:21636:10640] CSPWorkerThread::CSPWorkerThread : given thread name[CMessageQueueThread]
[03:18:26:55:337][R][CNTNR:21636:10640] CSPWorkerThread::Start: started [CMessageQueueThread]
[03:18:26:55:337][R][CNTNR:21636:10640] ShadowPlayServerPlugin::Start: OUT
[03:18:26:55:337][R][CNTNR:21636:27780] CSPWorkerThread::ThreadFunc: executing [CMessageQueueThread]
[03:18:26:55:337][R][CNTNR:21636:27780] CMessageQueueThread::Run: Thread started... 
[03:18:26:55:372][R][CNTNR:21636:12740] IpcCommonInterface::HandleJoinMessage: MessageBus joined - System: Shadowplay, Module: ShadowplayServer
[03:18:27:14:997][R][NODJS:24788: 2104] CShadowPlayApi::UnregisterCallback: IN type(2)
[03:18:27:14:997][R][NODJS:24788: 2104] CShadowPlayApi::UnregisterCallback: IN type(1)
[03:18:27:14:998][R][NODJS:24788: 2104] HelperClientInterfaceImpl::ReleaseInterface: IN
[03:18:27:14:998][R][NODJS:24788: 2104] HelperClientInterfaceImpl::ReleaseInterface: UninitializeClient done
[03:18:27:15:010][R][NODJS:24788: 2104] HelperClientInterfaceImpl::ReleaseInterface: ReleaseInterface done
[03:18:27:15:010][R][NODJS:24788: 2104] HelperClientInterfaceImpl::ReleaseInterface: FreeLibrary(m_hMessageBusDll start
[03:18:27:15:010][R][NODJS:24788: 2104] HelperClientInterfaceImpl::ReleaseInterface: FreeLibrary(m_hMessageBusDll end
[03:18:27:15:010][R][NODJS:24788: 2104] CShadowPlayApi::UnregisterHotkeyCallback OUT
[03:18:27:15:010][R][NODJS:24788: 2104] CShadowPlayApi::UnregisterCallback: IN type(3)
[03:18:27:15:010][R][NODJS:24788: 2104] CShadowPlayApi::EnableShadowPlay: IN flags(0) origin(1)
[03:18:27:15:011][R][CNTNR:22488:11408] ShadowPlayServicePlugin::ProcessReceivedIpcMessage: ServiceMsgTypeControlShadowplay
[03:18:27:15:011][E][CNTNR:22488:11408] ShadowPlayServicePlugin::ProcessReceivedIpcMessage: CreateSymbolicLink failed = 3
[03:18:27:15:012][R][CNTNR:21636:10640] CreateServerImplInterface: IN
[03:18:27:15:034][R][CNTNR:21636:10640] CSPNvAPIUtils::GetExternalGpus: Logical GPU:0's info -> physicalGpuCount:1 adapterluid's LowPart:0xc018 HighPart:0x0
[03:18:27:15:037][R][CNTNR:21636:10640] GetSrcColorSpaceInfoSupportedReason: driverVersion(58266) dwRetCode(0x00000001)
[03:18:27:15:043][R][CNTNR:21636:10640] GetMsHybridByDefaultSupportedReason: dwRetCode(0X1)
[03:18:27:15:045][R][CNTNR:21636:10640] GetMPOSupportedReason: dwRetCode(0x00000040)
[03:18:27:15:045][R][CNTNR:21636:10640] GetHDRScreenshotSupportedReason: dwRetCode(0x00000001)
[03:18:27:15:045][R][CNTNR:21636:10640] GetSocScreenshotSupportedReason: dwRetCode(0X1)
[03:18:27:15:499][R][CNTNR:21636:10640] GetSocVideoSupportedReason: NvFbc SocVideoCapture is not supported for all Apis(Dxs, OGL&Vulkan)
[03:18:27:15:499][R][CNTNR:21636:10640] GetSocVideoSupportedReason: dwRetCode(0X8) SocVideoCaptureSupport:0 
[03:18:27:15:499][R][CNTNR:21636:10640] GetHLTempPathRemovalSupportedReason: dwRetCode(0X1)
[03:18:27:15:499][R][CNTNR:21636:10640] GetGalleryLimitSupportedReason: dwRetCode(0X1)
[03:18:27:15:499][R][CNTNR:21636:10640] GetGPUCameraOverlaySupportedReason: driverVersion(58266)dwRetCode(0x00000006)
[03:18:27:15:500][R][CNTNR:21636:10640] GetHEVCRecSupportedReason: dwRetCode(0X1)
[03:18:27:15:500][R][CNTNR:21636:10640] CSettings::SaveNVEncHWCaps [10571]: 
[03:18:27:15:692][R][CNTNR:21636:10640] DevIn(0XC2C6E900), DevOut(0XC2C6E900) bDGInstalled(0)
[03:18:27:15:697][R][CNTNR:21636:10640] CSettings::SaveNVEncHWCaps [10678]: dwEncodeGUIDCount[2]
[03:18:27:15:697][R][CNTNR:21636:10640] CSettings::SaveNVEncHWCaps [10689]: encode uArraysize[2]
[03:18:27:15:697][R][CNTNR:21636:10640] CSettings::SaveNVEncHWCaps : H264 encoder available
[03:18:27:15:697][R][CNTNR:21636:10640] CSettings::SaveNVEncHWCaps : H265 encoder available
[03:18:27:15:697][R][CNTNR:21636:10640] CSettings::SaveNVEncHWCaps : H265 10-bit encoder available
[03:18:27:15:712][R][CNTNR:21636:10640] CSettings::IsNVEncoderSupported: requested caps: codec[2] 10-bit-encode[0]
[03:18:27:15:712][R][CNTNR:21636:10640] CSettings::IsNVEncoderSupported: HW NVEnc caps: codec[1] 10-bit-encode[0]
[03:18:27:15:712][R][CNTNR:21636:10640] CSettings::IsNVEncoderSupported: HW NVEnc caps: codec[2] 10-bit-encode[1]
[03:18:27:15:712][R][CNTNR:21636:10640] CSettings::IsHEVCRecSupported: HEVC HW support[1]
[03:18:27:15:712][R][CNTNR:21636:10640] GetVideoCaptureRefactorSupportedReason: dwRetCode(0X1)
[03:18:27:15:712][R][CNTNR:21636:10640] GetGPUOverlaySupportedReason: driverVersion(58266)dwRetCode(0x00000001)
[03:18:27:15:712][R][CNTNR:21636:10640] GetOverlayRectListSupportedReason: dwRetCode(0X1)
[03:18:27:16:182][R][CNTNR:21636:10640] GetFTSFeatureValue: FTS regkey [{8CAF4AFB-539D-47F0-881B-B586886A65C1}] not found. Value not modified. Caller SHALL assign and use appropriate value
[03:18:27:16:182][R][CNTNR:21636:10640] Get8KSupportedReason: dwRetCode(0x00000040)
[03:18:27:16:182][R][CNTNR:21636:10640] Get8K60FpsSupportedReason: dwRetCode(0x00000040)
[03:18:27:16:183][R][CNTNR:21636:10640] getGpuManufactureInfo: Logical GPU:0's Info -> physicalGpuCount:1 adapterluid's LowPart:0xc018 HighPart:0x0
[03:18:27:16:578][R][CNTNR:21636:10640] isConcurrentCaptureEnabled NvFBC concurrency support 0
[03:18:27:16:579][R][CNTNR:21636:10640] GetSPGSConcurrencySupportedReason: dwRetCode(0x0000000A)
[03:18:27:16:958][R][CNTNR:21636:10640] isConcurrentCaptureEnabled NvFBC concurrency support 0
[03:18:27:16:959][R][CNTNR:21636:10640] GetSPBCConcurrencySupportedReason: dwRetCode(0x00000004)
[03:18:27:16:959][R][CNTNR:21636:10640] GPU0: Arch: 0x130 Implementation: 0x2 
[03:18:27:16:963][R][CNTNR:21636:10640] GetHLSupportedReason: dwRetCode(0x00000001)
[03:18:27:16:964][R][CNTNR:21636:10640] SPGameStreamPortal = 2
[03:18:27:16:964][R][CNTNR:21636:10640] SPGameStreamPortal = 1
[03:18:27:16:964][R][CNTNR:21636:10640] SPGameStreamPortal = 3
[03:18:27:16:964][R][CNTNR:21636:10640] SPGameStreamPortal = 1
[03:18:27:16:970][R][CNTNR:21636:10640] Physical display count changed from 0 to 3
[03:18:27:16:970][R][CNTNR:21636:10640] GSRPSR: dwRetCode(0x00000001)
[03:18:27:16:970][R][CNTNR:21636:10640] m_bOsWin8orLater =1 m_bOsWin10orLater =1 m_bOsRS6orLater = 1 IsIcafeEnvironment = False
[03:18:27:16:970][R][CNTNR:21636:10640] CustomRes = 0, VidWidth = 480, VidHeight = 360, RecFPS = 60.000000, DVRBufLength = 30
[03:18:27:16:970][R][CNTNR:21636:10640] AudioMode = 3, MicMode = 0, MicPhnEnableState = True
[03:18:27:16:970][R][CNTNR:21636:10640] DispRecIndicator = True, RecIndicatorPos = RightBottom, FPSOverlayState = 0, FPSOverlayPos = RightBottom
[03:18:27:16:970][R][CNTNR:21636:10640] DisplayWebcam = False, WebcamPos = RightBottom, WebcamSize = Small
[03:18:27:16:970][R][CNTNR:21636:10640] TempFilePath = N:\NVIDIA Temp, HLTempFilePath = C:\Users\SCOTCS~1\AppData\Local\Temp\Highlights
[03:18:27:16:970][R][CNTNR:21636:10640] DispGCIndicator = True, GCIndicatorPos = RightBottom, GCRes = 3, GCFPS = 30.000000, GCFPSYTL = 30.000000
[03:18:27:16:970][R][CNTNR:21636:10640] CoProc = False, DdsSystem = False, NBSystem = False, DTCapEnableState = True, AeroEnabled = True, MonitorHotKeysState = True, MS&A = True, DFSDE = True
[03:18:27:16:971][R][CNTNR:21636:10640] Audio Capture Endpoint 0 Properties: [Volume:1.000000(0.000000dB)] [channels:1] [mute:NO] [HWsupport:0x3]
[03:18:27:16:971][R][CNTNR:21636:10640] 		Channel 0 Volume : 1.000000 (0.000000dB)
[03:18:27:16:973][R][CNTNR:21636:10640] Audio Capture Endpoint 1 Properties: [Volume:0.520000(-0.484725dB)] [channels:1] [mute:NO] [HWsupport:0x0]
[03:18:27:16:973][R][CNTNR:21636:10640] 		Channel 0 Volume : 0.520000 (-0.484725dB)
[03:18:27:16:974][R][CNTNR:21636:10640] Audio Capture Endpoint 2 Properties: [Volume:1.000000(31.996094dB)] [channels:1] [mute:NO] [HWsupport:0x3]
[03:18:27:16:974][R][CNTNR:21636:10640] 		Channel 0 Volume : 1.000000 (31.996094dB)
[03:18:27:16:974][R][CNTNR:21636:10640] CSPWorkerThread::CSPWorkerThread : given thread name[CSPEventListener]
[03:18:27:16:974][R][CNTNR:21636:10640] CSPWorkerThread::Start: started [CSPEventListener]
[03:18:27:16:974][R][CNTNR:21636:10640] CreateServerImplInterface: OUT
[03:18:27:16:974][R][CNTNR:21636:10640] CServerImpl::EnableShadowPlay: IN
[03:18:27:16:974][R][CNTNR:21636:10640] CSPWorkerThread::CSPWorkerThread : given thread name[CSPShareStateWorker]
[03:18:27:16:975][R][CNTNR:21636:12500] CSPWorkerThread::ThreadFunc: executing [CSPEventListener]
[03:18:27:16:976][R][CNTNR:21636:10640] CSPWorkerThread::Start: started [CSPShareStateWorker]
[03:18:27:16:976][R][CNTNR:21636:10640] CRemoteLoggerHost::CRemoteLoggerHost: Remote Logger created, worker start returned [0x0]
[03:18:27:16:976][R][CNTNR:21636:10640] CSPWorkerThread::CSPWorkerThread : given thread name[COscProcMgrThread]
[03:18:27:16:978][R][CNTNR:21636:10640] CSPWorkerThread::Start: started [COscProcMgrThread]
[03:18:27:16:978][R][CNTNR:21636:10640] CSPWorkerThread::CSPWorkerThread : given thread name[CHelperProcMgr]
[03:18:27:16:978][R][CNTNR:21636: 9496] CSPWorkerThread::ThreadFunc: executing [CSPShareStateWorker]
[03:18:27:16:978][R][CNTNR:21636:26080] CSPWorkerThread::ThreadFunc: executing [COscProcMgrThread]
[03:18:27:16:978][R][CNTNR:21636:10640] CSPWorkerThread::CSPWorkerThread : given thread name[CCaptureControlThread]
[03:18:27:16:978][R][CNTNR:21636:10640] GetHEVCRecSupportedReason: dwRetCode(0X1)
[03:18:27:16:978][R][CNTNR:21636:10640] CSettings::SaveNVEncHWCaps m_bNVEncCapsChecked[1]: 
[03:18:27:16:978][R][CNTNR:21636:10640] CSettings::IsNVEncoderSupported: requested caps: codec[2] 10-bit-encode[0]
[03:18:27:16:978][R][CNTNR:21636:10640] CSettings::IsNVEncoderSupported: HW NVEnc caps: codec[1] 10-bit-encode[0]
[03:18:27:16:978][R][CNTNR:21636:10640] CSettings::IsNVEncoderSupported: HW NVEnc caps: codec[2] 10-bit-encode[1]
[03:18:27:16:978][R][CNTNR:21636:10640] CSettings::IsHEVCRecSupported: HEVC HW support[1]
[03:18:27:16:978][R][CNTNR:21636:10640] GetHEVCRecSupportedReason: dwRetCode(0X1)
[03:18:27:16:978][R][CNTNR:21636:10640] CSettings::SaveNVEncHWCaps m_bNVEncCapsChecked[1]: 
[03:18:27:16:978][R][CNTNR:21636:10640] CSettings::IsNVEncoderSupported: requested caps: codec[2] 10-bit-encode[1]
[03:18:27:16:978][R][CNTNR:21636:10640] CSettings::IsNVEncoderSupported: HW NVEnc caps: codec[1] 10-bit-encode[0]
[03:18:27:16:978][R][CNTNR:21636:10640] CSettings::IsNVEncoderSupported: HW NVEnc caps: codec[2] 10-bit-encode[1]
[03:18:27:16:978][R][CNTNR:21636:10640] CSettings::IsHEVCRecSupported: HEVC HW support[1]
[03:18:27:16:978][R][CNTNR:21636:10640] CSharedDataManager::CreateNextOrderMMF: Shared MMF recreation started [0] ended [0]
[03:18:27:16:978][R][CNTNR:21636:10640] CSPWorkerThread::Start: started [CCaptureControlThread]
[03:18:27:16:978][R][CNTNR:21636:10640] CServerImpl::SendSystemConfigurationEvent: SystemType: 1 GpuCount: 3 PowerGpu:1 PerfGpu:1 PrimaryDisplayGpu:3 SceondaryDisplayGpu:0
[03:18:27:16:978][R][CNTNR:21636:19208] CSPWorkerThread::ThreadFunc: executing [CCaptureControlThread]
[03:18:27:16:978][R][CNTNR:21636:19208] CCaptureControl::Run: Thread started
[03:18:27:16:978][E][CNTNR:21636:19208] CSettings::DeleteDVRTmpFiles: No temporary DVR files deleted, FindFirstFileW failed with error:0x3
[03:18:27:17:012][R][CNTNR:21636:10640] CServerIpc::EnableNvFBC : IN
[03:18:27:17:012][E][CNTNR:22488:11408] ShadowPlayController::GetRequestOrigin: Invalid request 0
[03:18:27:17:019][E][dwm:1980: 1036] QueryShadowPlayDdiShimStatusIN
[03:18:27:17:102][R][CNTNR:21636:10640] CServerIpc::EnableNvFBC: OUT ret code = 0x00000000
[03:18:27:17:554][R][CNTNR:21636:10640] CServerIpc::ControlHeplerProcess : IN
[03:18:27:17:587][E][CNTNR:21636:10640] KillProcess: failed to kill 24432 (error 6)
[03:18:27:17:587][E][CNTNR:21636:10640] KillProcess: failed to kill 10008 (error 6)
[03:18:27:17:587][R][CNTNR:21636:10640] Starting nvosc. 
[03:18:27:17:658][R][HELPR:13492: 3032] CShadowPlayHelper::UWPSetOSCDismissHotKeys: [2] eSPHKID_OSC Hotkeys set for UWP
[03:18:27:17:691][E][CNTNR:21636:10640] COscProcMgr::StartProcess: OSC not started 0
[03:18:27:17:691][R][CNTNR:21636:10640] Time taken to launch OSC 94 msec
[03:18:27:17:691][E][CNTNR:21636:10640] CServerImpl::EnableShadowPlay failed to start Share Process!
[03:18:27:17:692][R][CNTNR:21636: 9496] CSPShareStateWorker<class CRemoteLoggerHost,&public: int __cdecl CRemoteLoggerHost::FlushRemoteLog(void)>::RunOnEvents: Exit signalled
[03:18:27:17:710][R][CNTNR:21636:10640] Time taken for shutting down OSC 15 mSec
[03:18:27:17:710][R][CNTNR:21636:26080] COscProcMgr::Run: Exiting Thread
[03:18:27:17:710][R][CNTNR:21636:10640] CServerIpc::ControlHeplerProcess : IN
[03:18:27:17:738][R][CNTNR:21636:19208] CCaptureControl::Run: Exiting thread
[03:18:27:17:739][R][CNTNR:21636:10640] CServerImpl::EnableShadowPlay: out pArgs[0XC2A89CA0] hr[0]
[03:18:27:17:739][E][CNTNR:21636:10640] ShadowPlayServerPlugin::ProcessReceivedIpcMessage: m_pSPServer->EnableShadowPlay [0x80040233]
[03:18:27:17:740][E][NODJS:24788: 2104] CShadowPlayApi::EnableShadowPlay: fail hr[0x80040233]
[03:18:27:17:740][R][NODJS:24788: 2104] CShadowPlayApi::EnableShadowPlay: OUT
[03:18:27:22:775][E][CNTNR:21636:10640] CServerImpl::GetProperty: E_INVALIDARG m_pSettings
[03:18:27:22:775][E][CNTNR:21636:10640] ShadowPlayServerPlugin::ProcessReceivedIpcMessage: m_pSPServer->GetProperty [0x80070057]
[03:18:27:22:775][E][NODJS:24788:12620] CShadowPlayApi::GetProperty: FAIL[0x80070057] name MonitorHotKeys
[03:18:27:22:805][R][NODJS:24788:18932] CShadowPlayApi::SetProperty: IN(ToggleHotKeyDetection)
[03:18:27:22:806][R][CNTNR:21636:10640] CServerImpl::SetProperty: IN pArgs[0XC2C98A90] property(ToggleHotKeyDetection)
[03:18:27:22:806][E][CNTNR:21636:10640] CServerImpl::SetProperty: E_INVALIDARG
[03:18:27:22:806][E][CNTNR:21636:10640] ShadowPlayServerPlugin::ProcessReceivedIpcMessage: m_pSPServer->SetProperty [0x80070057]
[03:18:27:22:807][E][NODJS:24788:18932] CShadowPlayApi::SetProperty: FAIL[0x80070057] name ToggleHotKeyDetection
[03:18:27:22:810][R][NODJS:24788:28916] CShadowPlayApi::GetHotkeyProperty: reg read failed, falling back to default value
[03:18:27:22:810][R][NODJS:24788:28916] CShadowPlayApi::GetHotkeyProperty: invalid key index[2]
[03:18:27:22:811][E][CNTNR:21636:10640] CServerImpl::GetProperty: E_INVALIDARG m_pSettings
[03:18:27:22:811][E][NODJS:24788:28916] CShadowPlayApi::GetProperty: FAIL[0x80070057] name MicPTTHKey0
[03:18:27:22:811][E][CNTNR:21636:10640] CServerImpl::GetProperty: E_INVALIDARG m_pSettings
[03:18:27:22:812][E][NODJS:24788:28916] CShadowPlayApi::GetProperty: FAIL[0x80070057] name FPSOverlayHKey0
[03:18:27:22:812][E][CNTNR:21636:10640] CServerImpl::GetProperty: E_INVALIDARG m_pSettings
[03:18:27:22:812][E][NODJS:24788:28916] CShadowPlayApi::GetProperty: FAIL[0x80070057] name ScreenshotHKey0
[03:18:27:22:812][E][CNTNR:21636:10640] CServerImpl::GetProperty: E_INVALIDARG m_pSettings
[03:18:27:22:813][E][NODJS:24788:28916] CShadowPlayApi::GetProperty: FAIL[0x80070057] name DVRHKey0
[03:18:27:22:813][E][CNTNR:21636:10640] CServerImpl::GetProperty: E_INVALIDARG m_pSettings
[03:18:27:22:814][E][NODJS:24788:28916] CShadowPlayApi::GetProperty: FAIL[0x80070057] name ManualHKey0
[03:18:27:22:814][E][CNTNR:21636:10640] CServerImpl::GetProperty: E_INVALIDARG m_pSettings
[03:18:27:22:814][E][NODJS:24788:28916] CShadowPlayApi::GetProperty: FAIL[0x80070057] name GameCastHKey0
[03:18:27:22:814][E][CNTNR:21636:10640] CServerImpl::GetProperty: E_INVALIDARG m_pSettings
[03:18:27:22:814][E][NODJS:24788:28916] CShadowPlayApi::GetProperty: FAIL[0x80070057] name PauseResumeHKey0
[03:18:27:22:814][E][CNTNR:21636:10640] CServerImpl::GetProperty: E_INVALIDARG m_pSettings
[03:18:27:22:815][E][NODJS:24788:28916] CShadowPlayApi::GetProperty: FAIL[0x80070057] name CameraHKey0
[03:18:27:22:815][E][CNTNR:21636:10640] CServerImpl::GetProperty: E_INVALIDARG m_pSettings
[03:18:27:22:815][E][NODJS:24788:28916] CShadowPlayApi::GetProperty: FAIL[0x80070057] name CustomOverlayHKey0
[03:18:27:22:815][E][CNTNR:21636:10640] CServerImpl::GetProperty: E_INVALIDARG m_pSettings
[03:18:27:22:816][E][NODJS:24788:28916] CShadowPlayApi::GetProperty: FAIL[0x80070057] name CustomOverlayAHKey0
[03:18:27:22:816][E][CNTNR:21636:10640] CServerImpl::GetProperty: E_INVALIDARG m_pSettings
[03:18:27:22:817][E][NODJS:24788:28916] CShadowPlayApi::GetProperty: FAIL[0x80070057] name CustomOverlayBHKey0
[03:18:27:22:817][E][CNTNR:21636:10640] CServerImpl::GetProperty: E_INVALIDARG m_pSettings
[03:18:27:22:817][E][NODJS:24788:28916] CShadowPlayApi::GetProperty: FAIL[0x80070057] name CustomOverlayCHKey0
[03:18:27:22:818][E][CNTNR:21636:10640] CServerImpl::GetProperty: E_INVALIDARG m_pSettings
[03:18:27:22:818][E][NODJS:24788:28916] CShadowPlayApi::GetProperty: FAIL[0x80070057] name AnselUIHKey0
[03:18:27:22:818][E][CNTNR:21636:10640] CServerImpl::GetProperty: E_INVALIDARG m_pSettings
[03:18:27:22:818][E][NODJS:24788:28916] CShadowPlayApi::GetProperty: FAIL[0x80070057] name FBChatToggleHKey0
[03:18:27:22:818][E][CNTNR:21636:10640] CServerImpl::GetProperty: E_INVALIDARG m_pSettings
[03:18:27:22:819][E][NODJS:24788:28916] CShadowPlayApi::GetProperty: FAIL[0x80070057] name IRToggleHKey0
[03:18:27:22:819][E][CNTNR:21636:10640] CServerImpl::GetProperty: E_INVALIDARG m_pSettings
[03:18:27:22:819][E][NODJS:24788:28916] CShadowPlayApi::GetProperty: FAIL[0x80070057] name MicToggleHKey0
[03:18:27:22:820][E][CNTNR:21636:10640] CServerImpl::GetProperty: E_INVALIDARG m_pSettings
[03:18:27:22:820][E][NODJS:24788:28916] CShadowPlayApi::GetProperty: FAIL[0x80070057] name FSToggleHKey0
[03:18:27:22:820][E][CNTNR:21636:10640] CServerImpl::GetProperty: E_INVALIDARG m_pSettings
[03:18:27:22:820][E][NODJS:24788:28916] CShadowPlayApi::GetProperty: FAIL[0x80070057] name FSPresetHKey0
[03:18:27:22:820][E][CNTNR:21636:10640] CServerImpl::GetProperty: E_INVALIDARG m_pSettings
[03:18:27:22:820][E][NODJS:24788:28916] CShadowPlayApi::GetProperty: FAIL[0x80070057] name FSUIHKeyV10
[03:18:27:22:820][E][CNTNR:21636:10640] CServerImpl::GetProperty: E_INVALIDARG m_pSettings
[03:18:27:22:821][E][NODJS:24788:28916] CShadowPlayApi::GetProperty: FAIL[0x80070057] name FSPresetStyle1HKey0
[03:18:27:22:821][E][CNTNR:21636:10640] CServerImpl::GetProperty: E_INVALIDARG m_pSettings
[03:18:27:22:821][E][NODJS:24788:28916] CShadowPlayApi::GetProperty: FAIL[0x80070057] name FSPresetStyle2HKey0
[03:18:27:22:822][E][CNTNR:21636:10640] CServerImpl::GetProperty: E_INVALIDARG m_pSettings
[03:18:27:22:822][E][NODJS:24788:28916] CShadowPlayApi::GetProperty: FAIL[0x80070057] name FSPresetStyle3HKey0
[03:18:27:22:822][E][CNTNR:21636:10640] CServerImpl::GetProperty: E_INVALIDARG m_pSettings
[03:18:27:22:822][E][NODJS:24788:28916] CShadowPlayApi::GetProperty: FAIL[0x80070057] name NativeKeyboardInputDialogHKey0
[03:18:27:22:823][E][CNTNR:21636:10640] CServerImpl::GetProperty: E_INVALIDARG m_pSettings
[03:18:27:22:823][E][NODJS:24788:28916] CShadowPlayApi::GetProperty: FAIL[0x80070057] name PMOCSidebarHKey0
[03:18:27:22:824][E][CNTNR:21636:10640] CServerImpl::GetProperty: E_INVALIDARG m_pSettings
[03:18:27:22:824][E][NODJS:24788:28916] CShadowPlayApi::GetProperty: FAIL[0x80070057] name PMOCOverlayHKey0
[03:18:27:22:824][E][CNTNR:21636:10640] CServerImpl::GetProperty: E_INVALIDARG m_pSettings
[03:18:27:22:824][E][NODJS:24788:28916] CShadowPlayApi::GetProperty: FAIL[0x80070057] name PMOCOverlayCycleHKey0
[03:18:27:22:825][E][CNTNR:21636:10640] CServerImpl::GetProperty: E_INVALIDARG m_pSettings
[03:18:27:22:825][E][NODJS:24788:28916] CShadowPlayApi::GetProperty: FAIL[0x80070057] name PMOCResetAverageMetricsHKey0
[03:18:27:22:825][E][CNTNR:21636:10640] CServerImpl::GetProperty: E_INVALIDARG m_pSettings
[03:18:27:22:825][E][NODJS:24788:28916] CShadowPlayApi::GetProperty: FAIL[0x80070057] name PMOCLoggingToggleHKey0
[03:18:27:22:826][R][NODJS:24788:10584] CShadowPlayApi::SetProperty: IN(CustomOverlayHKey0)
[03:18:27:22:826][R][CNTNR:21636:10640] CServerImpl::SetProperty: IN pArgs[0XC2C98A90] property(CustomOverlayHKey0)
[03:18:27:22:826][E][CNTNR:21636:10640] CServerImpl::SetProperty: E_INVALIDARG
[03:18:27:22:826][E][CNTNR:21636:10640] ShadowPlayServerPlugin::ProcessReceivedIpcMessage: m_pSPServer->SetProperty [0x80070057]
[03:18:27:22:826][E][NODJS:24788:10584] CShadowPlayApi::SetProperty: FAIL[0x80070057] name CustomOverlayHKey0
[03:18:28:53:234][R][SHARE:25384:20864] COverlayApi::InitObject: hr[0]
[03:18:28:53:234][R][SHARE:25384:20864] NVSP2::CreateOverlayApiInterface: overlay interface[0XBECE81E0]
[03:18:28:53:235][R][SHARE:25384:20864] CreateShadowPlayApiInterface: IN ver(10008) client(0)
[03:18:28:53:235][R][SHARE:25384:20864] CShadowPlayApi::CShadowPlayApi: IN this(0XBCF9B710)
[03:18:28:53:308][R][SHARE:25384:20864] CShadowPlayApi::CShadowPlayApi: OUT
[03:18:28:53:308][R][SHARE:25384:20864] CreateShadowPlayApiInterface: OUT ppvInterface(0XBCF9B710)
[03:18:28:53:342][R][SHARE:25384:24552] IpcCommonInterface::HandleJoinMessage: MessageBus joined - System: Shadowplay, Module: ShadowplayApi25384
[03:18:28:53:342][E][CNTNR:21636:10640] CServerImpl::GetCaptureSessionParam: E_INVALIDARG m_pSettings
[03:18:28:53:342][E][CNTNR:21636:10640] ShadowPlayServerPlugin::ProcessReceivedIpcMessage: m_pSPServer->GetCaptureSessionParam [0x80070057]
[03:18:28:53:342][E][SHARE:25384:20864] CShadowPlayApi::GetCaptureSessionParam: fail hr[0x80070057]
[03:18:28:53:342][E][SHARE:25384:20864] CApiDllWrapper::GetGPUOverlaySupported Couldn't get the GPUOverlayInfo(0x80070057)
[03:18:28:53:342][E][SHARE:25384:20864] COverlayApi::GetGPUOverlayInfo: GetGPUOverlaySupported failed = 0x80070057
[03:18:28:53:480][R][SHARE:25384:20864] CSPWorkerThread::CSPWorkerThread : given thread name[NVSPOMThread]
[03:18:28:53:486][R][SHARE:25384:20864] COverlayApi::CreateOverlay: hr[0] usingGPUOverlay[0] uiSlot[0], eFormat[21], uiWidth[1680], uiHeight[1050], uiNumBuffers[1], hOverlay[0XBCF06420]
[03:18:28:55:178][R][NODJS:24788:25432] CShadowPlayApi::SetCaptureSessionParam: IN hSession(0XFFFFFFFF) uiCmd(13)
[03:18:28:55:178][R][CNTNR:21636:10640] CServerImpl::SetCaptureSessionParam: IN cmd(13) hSession(0XFFFFFFFF)
[03:18:28:55:179][E][CNTNR:21636:10640] CServerImpl::SetCaptureSessionParam: E_INVALIDARG m_pSettings
[03:18:28:55:179][E][CNTNR:21636:10640] ShadowPlayServerPlugin::ProcessReceivedIpcMessage: m_pSPServer->SetCaptureSessionParam [0x80070057]
[03:18:28:55:179][E][NODJS:24788:25432] CShadowPlayApi::SetCaptureSessionParam: fail hr[0x80070057]
[03:18:28:55:488][R][NODJS:24788:18504] CShadowPlayApi::EnableShadowPlay: IN flags(0) origin(1)
[03:18:28:55:489][R][CNTNR:22488:11408] ShadowPlayServicePlugin::ProcessReceivedIpcMessage: ServiceMsgTypeControlShadowplay
[03:18:28:55:489][E][CNTNR:22488:11408] ShadowPlayServicePlugin::ProcessReceivedIpcMessage: CreateSymbolicLink failed = 3
[03:18:28:55:491][R][CNTNR:21636:10640] CServerImpl::EnableShadowPlay: IN
[03:18:28:55:491][R][CNTNR:21636:10640] CSPWorkerThread::CSPWorkerThread : given thread name[CSPShareStateWorker]
[03:18:28:55:492][R][CNTNR:21636:10640] CSPWorkerThread::Start: started [CSPShareStateWorker]
[03:18:28:55:492][R][CNTNR:21636:10640] CRemoteLoggerHost::CRemoteLoggerHost: Remote Logger created, worker start returned [0x0]
[03:18:28:55:493][R][CNTNR:21636: 8024] CSPWorkerThread::ThreadFunc: executing [CSPShareStateWorker]
[03:18:28:55:498][R][CNTNR:21636:10640] CSPNvAPIUtils::GetExternalGpus: Logical GPU:0's info -> physicalGpuCount:1 adapterluid's LowPart:0xc018 HighPart:0x0
[03:18:28:55:502][R][CNTNR:21636:10640] GetSrcColorSpaceInfoSupportedReason: driverVersion(58266) dwRetCode(0x00000001)
[03:18:28:55:502][R][CNTNR:21636:10640] GetMsHybridByDefaultSupportedReason: dwRetCode(0X1)
[03:18:28:55:504][R][CNTNR:21636:10640] GetMPOSupportedReason: dwRetCode(0x00000040)
[03:18:28:55:504][R][CNTNR:21636:10640] GetHDRScreenshotSupportedReason: dwRetCode(0x00000001)
[03:18:28:55:504][R][CNTNR:21636:10640] GetSocScreenshotSupportedReason: dwRetCode(0X1)
[03:18:28:55:946][R][CNTNR:21636:10640] GetSocVideoSupportedReason: NvFbc SocVideoCapture is not supported for all Apis(Dxs, OGL&Vulkan)
[03:18:28:55:947][R][CNTNR:21636:10640] GetSocVideoSupportedReason: dwRetCode(0X8) SocVideoCaptureSupport:0 
[03:18:28:55:947][R][CNTNR:21636:10640] GetHLTempPathRemovalSupportedReason: dwRetCode(0X1)
[03:18:28:55:947][R][CNTNR:21636:10640] GetGalleryLimitSupportedReason: dwRetCode(0X1)
[03:18:28:55:947][R][CNTNR:21636:10640] GetGPUCameraOverlaySupportedReason: driverVersion(58266)dwRetCode(0x00000006)
[03:18:28:55:947][R][CNTNR:21636:10640] GetHEVCRecSupportedReason: dwRetCode(0X1)
[03:18:28:55:947][R][CNTNR:21636:10640] CSettings::SaveNVEncHWCaps m_bNVEncCapsChecked[1]: 
[03:18:28:55:947][R][CNTNR:21636:10640] CSettings::IsNVEncoderSupported: requested caps: codec[2] 10-bit-encode[0]
[03:18:28:55:947][R][CNTNR:21636:10640] CSettings::IsNVEncoderSupported: HW NVEnc caps: codec[1] 10-bit-encode[0]
[03:18:28:55:947][R][CNTNR:21636:10640] CSettings::IsNVEncoderSupported: HW NVEnc caps: codec[2] 10-bit-encode[1]
[03:18:28:55:947][R][CNTNR:21636:10640] CSettings::IsHEVCRecSupported: HEVC HW support[1]
[03:18:28:55:947][R][CNTNR:21636:10640] GetVideoCaptureRefactorSupportedReason: dwRetCode(0X1)
[03:18:28:55:947][R][CNTNR:21636:10640] GetGPUOverlaySupportedReason: driverVersion(58266)dwRetCode(0x00000001)
[03:18:28:55:947][R][CNTNR:21636:10640] GetOverlayRectListSupportedReason: dwRetCode(0X1)
[03:18:28:56:317][R][CNTNR:21636:10640] GetFTSFeatureValue: FTS regkey [{8CAF4AFB-539D-47F0-881B-B586886A65C1}] not found. Value not modified. Caller SHALL assign and use appropriate value
[03:18:28:56:317][R][CNTNR:21636:10640] Get8KSupportedReason: dwRetCode(0x00000040)
[03:18:28:56:317][R][CNTNR:21636:10640] Get8K60FpsSupportedReason: dwRetCode(0x00000040)
[03:18:28:56:321][R][CNTNR:21636:10640] getGpuManufactureInfo: Logical GPU:0's Info -> physicalGpuCount:1 adapterluid's LowPart:0xc018 HighPart:0x0
[03:18:28:56:806][R][CNTNR:21636:10640] isConcurrentCaptureEnabled NvFBC concurrency support 0
[03:18:28:56:807][R][CNTNR:21636:10640] GetSPGSConcurrencySupportedReason: dwRetCode(0x0000000A)
[03:18:28:57:195][R][CNTNR:21636:10640] isConcurrentCaptureEnabled NvFBC concurrency support 0
[03:18:28:57:195][R][CNTNR:21636:10640] GetSPBCConcurrencySupportedReason: dwRetCode(0x00000004)
[03:18:28:57:195][R][CNTNR:21636:10640] GPU0: Arch: 0x130 Implementation: 0x2 
[03:18:28:57:199][R][CNTNR:21636:10640] GetHLSupportedReason: dwRetCode(0x00000001)
[03:18:28:57:199][R][CNTNR:21636:10640] SPGameStreamPortal = 2
[03:18:28:57:199][R][CNTNR:21636:10640] SPGameStreamPortal = 1
[03:18:28:57:199][R][CNTNR:21636:10640] SPGameStreamPortal = 3
[03:18:28:57:200][R][CNTNR:21636:10640] SPGameStreamPortal = 1
[03:18:28:57:200][R][CNTNR:21636:10640] Physical display count changed from 0 to 3
[03:18:28:57:200][R][CNTNR:21636:10640] GSRPSR: dwRetCode(0x00000001)
[03:18:28:57:200][R][CNTNR:21636:10640] m_bOsWin8orLater =1 m_bOsWin10orLater =1 m_bOsRS6orLater = 1 IsIcafeEnvironment = False
[03:18:28:57:200][R][CNTNR:21636:10640] CustomRes = 0, VidWidth = 480, VidHeight = 360, RecFPS = 60.000000, DVRBufLength = 30
[03:18:28:57:200][R][CNTNR:21636:10640] AudioMode = 3, MicMode = 0, MicPhnEnableState = True
[03:18:28:57:200][R][CNTNR:21636:10640] DispRecIndicator = True, RecIndicatorPos = RightBottom, FPSOverlayState = 0, FPSOverlayPos = RightBottom
[03:18:28:57:200][R][CNTNR:21636:10640] DisplayWebcam = False, WebcamPos = RightBottom, WebcamSize = Small
[03:18:28:57:200][R][CNTNR:21636:10640] TempFilePath = N:\NVIDIA Temp, HLTempFilePath = C:\Users\SCOTCS~1\AppData\Local\Temp\Highlights
[03:18:28:57:200][R][CNTNR:21636:10640] DispGCIndicator = True, GCIndicatorPos = RightBottom, GCRes = 3, GCFPS = 30.000000, GCFPSYTL = 30.000000
[03:18:28:57:200][R][CNTNR:21636:10640] CoProc = False, DdsSystem = False, NBSystem = False, DTCapEnableState = True, AeroEnabled = True, MonitorHotKeysState = False, MS&A = False, DFSDE = True
[03:18:28:57:203][R][CNTNR:21636:10640] Audio Capture Endpoint 0 Properties: [Volume:1.000000(0.000000dB)] [channels:1] [mute:NO] [HWsupport:0x3]
[03:18:28:57:203][R][CNTNR:21636:10640] 		Channel 0 Volume : 1.000000 (0.000000dB)
[03:18:28:57:204][R][CNTNR:21636:10640] Audio Capture Endpoint 1 Properties: [Volume:0.520000(-0.484725dB)] [channels:1] [mute:NO] [HWsupport:0x0]
[03:18:28:57:204][R][CNTNR:21636:10640] 		Channel 0 Volume : 0.520000 (-0.484725dB)
[03:18:28:57:205][R][CNTNR:21636:10640] Audio Capture Endpoint 2 Properties: [Volume:1.000000(31.996094dB)] [channels:1] [mute:NO] [HWsupport:0x3]
[03:18:28:57:205][R][CNTNR:21636:10640] 		Channel 0 Volume : 1.000000 (31.996094dB)
[03:18:28:57:205][R][CNTNR:21636:10640] CSPWorkerThread::CSPWorkerThread : given thread name[COscProcMgrThread]
[03:18:28:57:205][R][CNTNR:21636:10640] CSPWorkerThread::Start: started [COscProcMgrThread]
[03:18:28:57:205][R][CNTNR:21636:10640] CSPWorkerThread::CSPWorkerThread : given thread name[CHelperProcMgr]
[03:18:28:57:205][R][CNTNR:21636:10640] CSPWorkerThread::CSPWorkerThread : given thread name[CCaptureControlThread]
[03:18:28:57:205][R][CNTNR:21636:10640] GetHEVCRecSupportedReason: dwRetCode(0X1)
[03:18:28:57:205][R][CNTNR:21636:10640] CSettings::SaveNVEncHWCaps m_bNVEncCapsChecked[1]: 
[03:18:28:57:205][R][CNTNR:21636:10640] CSettings::IsNVEncoderSupported: requested caps: codec[2] 10-bit-encode[0]
[03:18:28:57:205][R][CNTNR:21636:10640] CSettings::IsNVEncoderSupported: HW NVEnc caps: codec[1] 10-bit-encode[0]
[03:18:28:57:205][R][CNTNR:21636:10640] CSettings::IsNVEncoderSupported: HW NVEnc caps: codec[2] 10-bit-encode[1]
[03:18:28:57:205][R][CNTNR:21636:10640] CSettings::IsHEVCRecSupported: HEVC HW support[1]
[03:18:28:57:205][R][CNTNR:21636:10640] GetHEVCRecSupportedReason: dwRetCode(0X1)
[03:18:28:57:205][R][CNTNR:21636:10008] CSPWorkerThread::ThreadFunc: executing [COscProcMgrThread]
[03:18:28:57:205][R][CNTNR:21636:10640] CSettings::SaveNVEncHWCaps m_bNVEncCapsChecked[1]: 
[03:18:28:57:205][R][CNTNR:21636:10640] CSettings::IsNVEncoderSupported: requested caps: codec[2] 10-bit-encode[1]
[03:18:28:57:205][R][CNTNR:21636:10640] CSettings::IsNVEncoderSupported: HW NVEnc caps: codec[1] 10-bit-encode[0]
[03:18:28:57:205][R][CNTNR:21636:10640] CSettings::IsNVEncoderSupported: HW NVEnc caps: codec[2] 10-bit-encode[1]
[03:18:28:57:205][R][CNTNR:21636:10640] CSettings::IsHEVCRecSupported: HEVC HW support[1]
[03:18:28:57:205][R][CNTNR:21636:10640] CSharedDataManager::CreateNextOrderMMF: Shared MMF recreation started [0] ended [0]
[03:18:28:57:206][R][CNTNR:21636:10640] CSPWorkerThread::Start: started [CCaptureControlThread]
[03:18:28:57:206][R][CNTNR:21636:10640] CServerImpl::SendSystemConfigurationEvent: SystemType: 1 GpuCount: 3 PowerGpu:1 PerfGpu:1 PrimaryDisplayGpu:3 SceondaryDisplayGpu:0
[03:18:28:57:206][R][CNTNR:21636:10032] CSPWorkerThread::ThreadFunc: executing [CCaptureControlThread]
[03:18:28:57:206][R][CNTNR:21636:10032] CCaptureControl::Run: Thread started
[03:18:28:57:206][E][CNTNR:21636:10032] CSettings::DeleteDVRTmpFiles: No temporary DVR files deleted, FindFirstFileW failed with error:0x3
[03:18:28:57:206][R][CNTNR:21636:10640] CServerIpc::EnableNvFBC : IN
[03:18:28:57:207][E][CNTNR:22488:11408] ShadowPlayController::GetRequestOrigin: Invalid request 0
[03:18:28:57:220][E][dwm:1980: 1036] QueryShadowPlayDdiShimStatusIN
[03:18:28:57:301][R][CNTNR:21636:10640] CServerIpc::EnableNvFBC: OUT ret code = 0x00000000
[03:18:28:57:733][R][CNTNR:21636:10640] CServerIpc::ControlHeplerProcess : IN
[03:18:28:57:768][E][CNTNR:21636:10640] KillProcess: failed to kill 25384 (error 6)
[03:18:28:57:768][E][CNTNR:21636:10640] KillProcess: failed to kill 18772 (error 6)
[03:18:28:57:768][R][CNTNR:21636:10640] Starting nvosc. 
[03:18:28:57:809][R][HELPR:29312:17180] CShadowPlayHelper::UWPSetOSCDismissHotKeys: [2] eSPHKID_OSC Hotkeys set for UWP
[03:18:28:57:827][E][CNTNR:21636:10640] COscProcMgr::StartProcess: OSC not started 0
[03:18:28:57:827][R][CNTNR:21636:10640] Time taken to launch OSC 63 msec
[03:18:28:57:827][E][CNTNR:21636:10640] CServerImpl::EnableShadowPlay failed to start Share Process!
[03:18:28:57:827][R][CNTNR:21636: 8024] CSPShareStateWorker<class CRemoteLoggerHost,&public: int __cdecl CRemoteLoggerHost::FlushRemoteLog(void)>::RunOnEvents: Exit signalled
[03:18:28:57:834][R][CNTNR:21636:10640] Time taken for shutting down OSC 15 mSec
[03:18:28:57:834][R][CNTNR:21636:10008] COscProcMgr::Run: Exiting Thread
[03:18:28:57:835][R][CNTNR:21636:10640] CServerIpc::ControlHeplerProcess : IN
[03:18:28:57:851][R][CNTNR:21636:10032] CCaptureControl::Run: Exiting thread
[03:18:28:57:851][R][CNTNR:21636:10640] CServerImpl::EnableShadowPlay: out pArgs[0XC2C99210] hr[0]
[03:18:28:57:851][E][CNTNR:21636:10640] ShadowPlayServerPlugin::ProcessReceivedIpcMessage: m_pSPServer->EnableShadowPlay [0x80040233]
[03:18:28:57:853][E][NODJS:24788:18504] CShadowPlayApi::EnableShadowPlay: fail hr[0x80040233]
[03:18:28:57:853][R][NODJS:24788:18504] CShadowPlayApi::EnableShadowPlay: OUT
[03:18:29:08:729][R][CNTNR:3704:29000] ShadowPlayPluginInitialize: IN
[03:18:29:08:730][R][CNTNR:3704:29000] CreatePluginInstance: ShadowPlayServerPlugin
[03:18:29:08:730][R][CNTNR:3704:29000] [CREATE] Logger v2.00 started 10.3.2026
[03:18:29:08:730][R][CNTNR:3704:29000] Windows 10.0 Build 26340  Platform=2
[03:18:29:08:740][R][CNTNR:3704:29000] Display Driver Version : 58266
[03:18:29:08:749][R][CNTNR:3704:29000] GPU0: Arch: 0x130 Implementation: 0x2 
[03:18:29:08:749][R][CNTNR:3704:29000] GFE Version : 3.28.0.412
[03:18:29:08:842][R][CNTNR:3704:29000] ShadowPlayPluginInitialize: OUT
[03:18:29:08:842][R][CNTNR:3704:29000] ShadowPlayPluginStart: IN
[03:18:29:08:842][R][CNTNR:3704:29000] ShadowPlayPluginStart: OUT
[03:18:29:08:842][R][CNTNR:3704:25428] ShadowPlayServerPlugin::Start: IN
[03:18:29:08:842][R][CNTNR:3704:25428] UserID=`undefined`
[03:18:29:08:842][R][CNTNR:3704:25428] externalUserId=``
[03:18:29:08:842][R][CNTNR:3704:25428] providerId=``
[03:18:29:08:843][R][CNTNR:3704:25428] CSPWorkerThread::CSPWorkerThread : given thread name[CMessageQueueThread]
[03:18:29:08:843][R][CNTNR:3704:25428] CSPWorkerThread::Start: started [CMessageQueueThread]
[03:18:29:08:843][R][CNTNR:3704:25428] ShadowPlayServerPlugin::Start: OUT
[03:18:29:08:843][R][CNTNR:3704:18428] CSPWorkerThread::ThreadFunc: executing [CMessageQueueThread]
[03:18:29:08:843][R][CNTNR:3704:18428] CMessageQueueThread::Run: Thread started... 
[03:18:29:08:878][R][CNTNR:3704: 9288] IpcCommonInterface::HandleJoinMessage: MessageBus joined - System: Shadowplay, Module: ShadowplayServer
[03:18:29:28:462][R][NODJS:24788: 4244] CShadowPlayApi::EnableShadowPlay: IN flags(0) origin(1)
[03:18:29:28:462][R][CNTNR:22488:11408] ShadowPlayServicePlugin::ProcessReceivedIpcMessage: ServiceMsgTypeControlShadowplay
[03:18:29:28:462][E][CNTNR:22488:11408] ShadowPlayServicePlugin::ProcessReceivedIpcMessage: CreateSymbolicLink failed = 3
[03:18:29:28:463][R][CNTNR:3704:25428] CreateServerImplInterface: IN
[03:18:29:28:492][R][CNTNR:3704:25428] CSPNvAPIUtils::GetExternalGpus: Logical GPU:0's info -> physicalGpuCount:1 adapterluid's LowPart:0xc018 HighPart:0x0
[03:18:29:28:493][R][CNTNR:3704:25428] GetSrcColorSpaceInfoSupportedReason: driverVersion(58266) dwRetCode(0x00000001)
[03:18:29:28:498][R][CNTNR:3704:25428] GetMsHybridByDefaultSupportedReason: dwRetCode(0X1)
[03:18:29:28:499][R][CNTNR:3704:25428] GetMPOSupportedReason: dwRetCode(0x00000040)
[03:18:29:28:499][R][CNTNR:3704:25428] GetHDRScreenshotSupportedReason: dwRetCode(0x00000001)
[03:18:29:28:499][R][CNTNR:3704:25428] GetSocScreenshotSupportedReason: dwRetCode(0X1)
[03:18:29:28:929][R][CNTNR:3704:25428] GetSocVideoSupportedReason: NvFbc SocVideoCapture is not supported for all Apis(Dxs, OGL&Vulkan)
[03:18:29:28:929][R][CNTNR:3704:25428] GetSocVideoSupportedReason: dwRetCode(0X8) SocVideoCaptureSupport:0 
[03:18:29:28:929][R][CNTNR:3704:25428] GetHLTempPathRemovalSupportedReason: dwRetCode(0X1)
[03:18:29:28:929][R][CNTNR:3704:25428] GetGalleryLimitSupportedReason: dwRetCode(0X1)
[03:18:29:28:929][R][CNTNR:3704:25428] GetGPUCameraOverlaySupportedReason: driverVersion(58266)dwRetCode(0x00000006)
[03:18:29:28:930][R][CNTNR:3704:25428] GetHEVCRecSupportedReason: dwRetCode(0X1)
[03:18:29:28:930][R][CNTNR:3704:25428] CSettings::SaveNVEncHWCaps [10571]: 
[03:18:29:29:091][R][CNTNR:3704:25428] DevIn(0X5E910C0), DevOut(0X5E910C0) bDGInstalled(0)
[03:18:29:29:092][R][CNTNR:3704:25428] CSettings::SaveNVEncHWCaps [10678]: dwEncodeGUIDCount[2]
[03:18:29:29:092][R][CNTNR:3704:25428] CSettings::SaveNVEncHWCaps [10689]: encode uArraysize[2]
[03:18:29:29:092][R][CNTNR:3704:25428] CSettings::SaveNVEncHWCaps : H264 encoder available
[03:18:29:29:092][R][CNTNR:3704:25428] CSettings::SaveNVEncHWCaps : H265 encoder available
[03:18:29:29:092][R][CNTNR:3704:25428] CSettings::SaveNVEncHWCaps : H265 10-bit encoder available
[03:18:29:29:105][R][CNTNR:3704:25428] CSettings::IsNVEncoderSupported: requested caps: codec[2] 10-bit-encode[0]
[03:18:29:29:105][R][CNTNR:3704:25428] CSettings::IsNVEncoderSupported: HW NVEnc caps: codec[1] 10-bit-encode[0]
[03:18:29:29:105][R][CNTNR:3704:25428] CSettings::IsNVEncoderSupported: HW NVEnc caps: codec[2] 10-bit-encode[1]
[03:18:29:29:105][R][CNTNR:3704:25428] CSettings::IsHEVCRecSupported: HEVC HW support[1]
[03:18:29:29:106][R][CNTNR:3704:25428] GetVideoCaptureRefactorSupportedReason: dwRetCode(0X1)
[03:18:29:29:106][R][CNTNR:3704:25428] GetGPUOverlaySupportedReason: driverVersion(58266)dwRetCode(0x00000001)
[03:18:29:29:106][R][CNTNR:3704:25428] GetOverlayRectListSupportedReason: dwRetCode(0X1)
[03:18:29:29:401][R][CNTNR:3704:25428] GetFTSFeatureValue: FTS regkey [{8CAF4AFB-539D-47F0-881B-B586886A65C1}] not found. Value not modified. Caller SHALL assign and use appropriate value
[03:18:29:29:401][R][CNTNR:3704:25428] Get8KSupportedReason: dwRetCode(0x00000040)
[03:18:29:29:402][R][CNTNR:3704:25428] Get8K60FpsSupportedReason: dwRetCode(0x00000040)
[03:18:29:29:402][R][CNTNR:3704:25428] getGpuManufactureInfo: Logical GPU:0's Info -> physicalGpuCount:1 adapterluid's LowPart:0xc018 HighPart:0x0
[03:18:29:29:789][R][CNTNR:3704:25428] isConcurrentCaptureEnabled NvFBC concurrency support 0
[03:18:29:29:790][R][CNTNR:3704:25428] GetSPGSConcurrencySupportedReason: dwRetCode(0x0000000A)
[03:18:29:30:189][R][CNTNR:3704:25428] isConcurrentCaptureEnabled NvFBC concurrency support 0
[03:18:29:30:189][R][CNTNR:3704:25428] GetSPBCConcurrencySupportedReason: dwRetCode(0x00000004)
[03:18:29:30:189][R][CNTNR:3704:25428] GPU0: Arch: 0x130 Implementation: 0x2 
[03:18:29:30:192][R][CNTNR:3704:25428] GetHLSupportedReason: dwRetCode(0x00000001)
[03:18:29:30:193][R][CNTNR:3704:25428] SPGameStreamPortal = 2
[03:18:29:30:193][R][CNTNR:3704:25428] SPGameStreamPortal = 1
[03:18:29:30:193][R][CNTNR:3704:25428] SPGameStreamPortal = 3
[03:18:29:30:193][R][CNTNR:3704:25428] SPGameStreamPortal = 1
[03:18:29:30:200][R][CNTNR:3704:25428] Physical display count changed from 0 to 3
[03:18:29:30:200][R][CNTNR:3704:25428] GSRPSR: dwRetCode(0x00000001)
[03:18:29:30:200][R][CNTNR:3704:25428] m_bOsWin8orLater =1 m_bOsWin10orLater =1 m_bOsRS6orLater = 1 IsIcafeEnvironment = False
[03:18:29:30:200][R][CNTNR:3704:25428] CustomRes = 0, VidWidth = 480, VidHeight = 360, RecFPS = 60.000000, DVRBufLength = 30
[03:18:29:30:200][R][CNTNR:3704:25428] AudioMode = 3, MicMode = 0, MicPhnEnableState = True
[03:18:29:30:200][R][CNTNR:3704:25428] DispRecIndicator = True, RecIndicatorPos = RightBottom, FPSOverlayState = 0, FPSOverlayPos = RightBottom
[03:18:29:30:200][R][CNTNR:3704:25428] DisplayWebcam = False, WebcamPos = RightBottom, WebcamSize = Small
[03:18:29:30:200][R][CNTNR:3704:25428] TempFilePath = N:\NVIDIA Temp, HLTempFilePath = C:\Users\SCOTCS~1\AppData\Local\Temp\Highlights
[03:18:29:30:200][R][CNTNR:3704:25428] DispGCIndicator = True, GCIndicatorPos = RightBottom, GCRes = 3, GCFPS = 30.000000, GCFPSYTL = 30.000000
[03:18:29:30:200][R][CNTNR:3704:25428] CoProc = False, DdsSystem = False, NBSystem = False, DTCapEnableState = True, AeroEnabled = True, MonitorHotKeysState = False, MS&A = True, DFSDE = True
[03:18:29:30:201][R][CNTNR:3704:25428] Audio Capture Endpoint 0 Properties: [Volume:1.000000(0.000000dB)] [channels:1] [mute:NO] [HWsupport:0x3]
[03:18:29:30:201][R][CNTNR:3704:25428] 		Channel 0 Volume : 1.000000 (0.000000dB)
[03:18:29:30:201][R][CNTNR:3704:25428] Audio Capture Endpoint 1 Properties: [Volume:0.520000(-0.484725dB)] [channels:1] [mute:NO] [HWsupport:0x0]
[03:18:29:30:201][R][CNTNR:3704:25428] 		Channel 0 Volume : 0.520000 (-0.484725dB)
[03:18:29:30:202][R][CNTNR:3704:25428] Audio Capture Endpoint 2 Properties: [Volume:1.000000(31.996094dB)] [channels:1] [mute:NO] [HWsupport:0x3]
[03:18:29:30:202][R][CNTNR:3704:25428] 		Channel 0 Volume : 1.000000 (31.996094dB)
[03:18:29:30:202][R][CNTNR:3704:25428] CSPWorkerThread::CSPWorkerThread : given thread name[CSPEventListener]
[03:18:29:30:202][R][CNTNR:3704:25428] CSPWorkerThread::Start: started [CSPEventListener]
[03:18:29:30:202][R][CNTNR:3704:25428] CreateServerImplInterface: OUT
[03:18:29:30:202][R][CNTNR:3704:25428] CServerImpl::EnableShadowPlay: IN
[03:18:29:30:202][R][CNTNR:3704:25428] CSPWorkerThread::CSPWorkerThread : given thread name[CSPShareStateWorker]
[03:18:29:30:202][R][CNTNR:3704:24276] CSPWorkerThread::ThreadFunc: executing [CSPEventListener]
[03:18:29:30:203][R][CNTNR:3704:25428] CSPWorkerThread::Start: started [CSPShareStateWorker]
[03:18:29:30:203][R][CNTNR:3704:25428] CRemoteLoggerHost::CRemoteLoggerHost: Remote Logger created, worker start returned [0x0]
[03:18:29:30:203][R][CNTNR:3704:25428] CSPWorkerThread::CSPWorkerThread : given thread name[COscProcMgrThread]
[03:18:29:30:203][R][CNTNR:3704:18864] CSPWorkerThread::ThreadFunc: executing [CSPShareStateWorker]
[03:18:29:30:203][R][CNTNR:3704:25428] CSPWorkerThread::Start: started [COscProcMgrThread]
[03:18:29:30:203][R][CNTNR:3704:25428] CSPWorkerThread::CSPWorkerThread : given thread name[CHelperProcMgr]
[03:18:29:30:203][R][CNTNR:3704:27496] CSPWorkerThread::ThreadFunc: executing [COscProcMgrThread]
[03:18:29:30:203][R][CNTNR:3704:25428] CSPWorkerThread::CSPWorkerThread : given thread name[CCaptureControlThread]
[03:18:29:30:203][R][CNTNR:3704:25428] GetHEVCRecSupportedReason: dwRetCode(0X1)
[03:18:29:30:203][R][CNTNR:3704:25428] CSettings::SaveNVEncHWCaps m_bNVEncCapsChecked[1]: 
[03:18:29:30:203][R][CNTNR:3704:25428] CSettings::IsNVEncoderSupported: requested caps: codec[2] 10-bit-encode[0]
[03:18:29:30:203][R][CNTNR:3704:25428] CSettings::IsNVEncoderSupported: HW NVEnc caps: codec[1] 10-bit-encode[0]
[03:18:29:30:203][R][CNTNR:3704:25428] CSettings::IsNVEncoderSupported: HW NVEnc caps: codec[2] 10-bit-encode[1]
[03:18:29:30:203][R][CNTNR:3704:25428] CSettings::IsHEVCRecSupported: HEVC HW support[1]
[03:18:29:30:203][R][CNTNR:3704:25428] GetHEVCRecSupportedReason: dwRetCode(0X1)
[03:18:29:30:203][R][CNTNR:3704:25428] CSettings::SaveNVEncHWCaps m_bNVEncCapsChecked[1]: 
[03:18:29:30:203][R][CNTNR:3704:25428] CSettings::IsNVEncoderSupported: requested caps: codec[2] 10-bit-encode[1]
[03:18:29:30:203][R][CNTNR:3704:25428] CSettings::IsNVEncoderSupported: HW NVEnc caps: codec[1] 10-bit-encode[0]
[03:18:29:30:203][R][CNTNR:3704:25428] CSettings::IsNVEncoderSupported: HW NVEnc caps: codec[2] 10-bit-encode[1]
[03:18:29:30:203][R][CNTNR:3704:25428] CSettings::IsHEVCRecSupported: HEVC HW support[1]
[03:18:29:30:203][R][CNTNR:3704:25428] CSharedDataManager::CreateNextOrderMMF: Shared MMF recreation started [0] ended [0]
[03:18:29:30:204][R][CNTNR:3704:25428] CSPWorkerThread::Start: started [CCaptureControlThread]
[03:18:29:30:204][R][CNTNR:3704:25428] CServerImpl::SendSystemConfigurationEvent: SystemType: 1 GpuCount: 3 PowerGpu:1 PerfGpu:1 PrimaryDisplayGpu:3 SceondaryDisplayGpu:0
[03:18:29:30:204][R][CNTNR:3704:27464] CSPWorkerThread::ThreadFunc: executing [CCaptureControlThread]
[03:18:29:30:204][R][CNTNR:3704:27464] CCaptureControl::Run: Thread started
[03:18:29:30:204][E][CNTNR:3704:27464] CSettings::DeleteDVRTmpFiles: No temporary DVR files deleted, FindFirstFileW failed with error:0x3
[03:18:29:30:237][R][CNTNR:3704:25428] CServerIpc::EnableNvFBC : IN
[03:18:29:30:237][E][CNTNR:22488:11408] ShadowPlayController::GetRequestOrigin: Invalid request 0
[03:18:29:30:241][E][dwm:1980: 1036] QueryShadowPlayDdiShimStatusIN
[03:18:29:30:316][R][CNTNR:3704:25428] CServerIpc::EnableNvFBC: OUT ret code = 0x00000000
[03:18:29:30:782][R][CNTNR:3704:25428] CServerIpc::ControlHeplerProcess : IN
[03:18:29:30:807][R][CNTNR:3704:25428] Starting nvosc. 
[03:18:29:30:844][R][HELPR:28608:13872] CShadowPlayHelper::UWPSetOSCDismissHotKeys: [2] eSPHKID_OSC Hotkeys set for UWP
[03:18:29:30:920][R][SHARE:25816: 1148] COverlayApi::InitObject: hr[0]
[03:18:29:30:920][R][SHARE:25816: 1148] NVSP2::CreateOverlayApiInterface: overlay interface[0XC629EBC0]
[03:18:29:30:921][R][SHARE:25816: 1148] CreateShadowPlayApiInterface: IN ver(10008) client(0)
[03:18:29:30:921][R][SHARE:25816: 1148] CShadowPlayApi::CShadowPlayApi: IN this(0XC6251050)
[03:18:29:30:928][R][CNTNR:3704:25428] Time taken to launch OSC 125 msec
[03:18:29:30:928][R][CNTNR:3704:25428] CSPWorkerThread::CSPWorkerThread : given thread name[OSCListener]
[03:18:29:30:928][R][HELPR:28608:13872] CSPRedirectionHelperUWP::CSPRedirectionHelperUWP: OUT
[03:18:29:30:928][R][HELPR:28608:13872] CShadowPlayHelper::UWPSetOSCDismissHotKeys: [2] eSPHKID_OSC Hotkeys set for UWP
[03:18:29:30:928][R][CNTNR:3704:25428] CSPWorkerThread::Start: started [OSCListener]
[03:18:29:30:928][R][CNTNR:3704:25428] CServerImpl::HandleSettingChange: IN msg(200) w(0x1) l(0x0)
[03:18:29:30:928][R][CNTNR:3704:29424] CSPWorkerThread::ThreadFunc: executing [OSCListener]
[03:18:29:30:928][R][CNTNR:3704:25428] CCaptureControl::HandleEvent: IN(200, 1, 0)
[03:18:29:30:929][R][CNTNR:3704:25428] CCaptureControl::HandleEvent: primary display HDR [0]
[03:18:29:30:929][R][CNTNR:3704:25428] CServerIpc::SetSP : IN(3704, 5)
[03:18:29:30:931][E][CNTNR:22488:11408] ShadowPlayController::ValidatePIDUnknown executable path C:\My Project\NVIDIA-Shadowplay\build\NVIDIA ShadowPlay\NvContainer\genuine\nvcontainer.exe
[03:18:29:30:931][E][CNTNR:22488:11408] ShadowPlayController::SetSP: ValidatePID failed with error 0x000003F0 
[03:18:29:30:931][E][CNTNR:22488:11408] ShadowPlayServicePlugin::ProcessReceivedIpcMessage: ConfigureSP failed 0x000003F0
[03:18:29:30:931][R][CNTNR:22488:11408] ShadowPlayServicePlugin::ProcessReceivedIpcMessage: ServiceMsgTypeSP PID(3704), P(5) hRes = 0x80004005
[03:18:29:30:931][E][CNTNR:3704:25428] CServerImpl::EnableShadowPlay: SetSP failed! 0x80004005
[03:18:29:30:932][R][CNTNR:3704:18864] CSPShareStateWorker<class CRemoteLoggerHost,&public: int __cdecl CRemoteLoggerHost::FlushRemoteLog(void)>::RunOnEvents: Exit signalled
[03:18:29:30:933][E][NODJS:24788:10564] CShadowPlayNotifications::EnqueueNotification: m_pfnNotificationsCb(00000000) m_pMessageQueue(057BA470)
[03:18:29:30:933][E][NODJS:24788:10564] CShadowPlayNotifications::ProcessWindowMessages: EnqueueNotification failed(0x80004005)
[03:18:29:30:945][E][dwm:1980: 1036] QueryShadowPlayDdiShimStatusIN
[03:18:29:30:965][R][HELPR:28608:27020] IpcCommonInterface::HandleJoinMessage: MessageBus joined - System: Hotkey, Module: HotkeyPlugin
[03:18:29:31:020][R][SHARE:25816: 1148] CShadowPlayApi::CShadowPlayApi: OUT
[03:18:29:31:020][R][SHARE:25816: 1148] CreateShadowPlayApiInterface: OUT ppvInterface(0XC6251050)
[03:18:29:31:054][R][SHARE:25816:22492] IpcCommonInterface::HandleJoinMessage: MessageBus joined - System: Shadowplay, Module: ShadowplayApi25816
[03:18:29:31:565][E][SHARE:25816: 1148] CShadowPlayApi::GetCaptureSessionParam: IpcSyncCall failed [0x800705b4] uiCmd(19)
[03:18:29:31:565][E][SHARE:25816: 1148] CApiDllWrapper::GetGPUOverlaySupported Couldn't get the GPUOverlayInfo(0x800705B4)
[03:18:29:31:565][E][SHARE:25816: 1148] COverlayApi::GetGPUOverlayInfo: GetGPUOverlaySupported failed = 0x800705B4
[03:18:29:31:693][R][SHARE:25816: 1148] CSPWorkerThread::CSPWorkerThread : given thread name[NVSPOMThread]
[03:18:29:31:697][R][SHARE:25816: 1148] COverlayApi::CreateOverlay: hr[0] usingGPUOverlay[0] uiSlot[0], eFormat[21], uiWidth[1680], uiHeight[1050], uiNumBuffers[1], hOverlay[0XC413C2A0]
[03:18:29:31:868][R][CNTNR:3704:25428] Time taken for shutting down OSC 937 mSec
[03:18:29:31:868][R][CNTNR:3704:27496] COscProcMgr::Run: Exiting Thread
[03:18:29:31:868][R][CNTNR:3704:25428] CServerIpc::ControlHeplerProcess : IN
[03:18:29:31:880][R][CNTNR:3704:27464] CCaptureControl::Run: Exiting thread
[03:18:29:31:882][R][CNTNR:3704:25428] CServerImpl::EnableShadowPlay: out pArgs[0X5C6D790] hr[0]
[03:18:29:31:882][E][CNTNR:3704:25428] ShadowPlayServerPlugin::ProcessReceivedIpcMessage: m_pSPServer->EnableShadowPlay [0x80004005]
[03:18:29:31:882][E][CNTNR:3704:25428] CServerImpl::GetCaptureSessionParam: E_INVALIDARG m_pSettings
[03:18:29:31:882][E][CNTNR:3704:25428] ShadowPlayServerPlugin::ProcessReceivedIpcMessage: m_pSPServer->GetCaptureSessionParam [0x80070057]
[03:18:29:31:882][E][NODJS:24788: 4244] CShadowPlayApi::EnableShadowPlay: fail hr[0x80004005]
[03:18:29:31:882][R][NODJS:24788: 4244] CShadowPlayApi::EnableShadowPlay: OUT
[03:18:29:36:917][E][CNTNR:3704:25428] CServerImpl::GetProperty: E_INVALIDARG m_pSettings
[03:18:29:36:917][E][CNTNR:3704:25428] ShadowPlayServerPlugin::ProcessReceivedIpcMessage: m_pSPServer->GetProperty [0x80070057]
[03:18:29:36:918][E][NODJS:24788:19768] CShadowPlayApi::GetProperty: FAIL[0x80070057] name MonitorHotKeys
[03:18:29:36:946][R][NODJS:24788:27268] CShadowPlayApi::SetProperty: IN(ToggleHotKeyDetection)
[03:18:29:36:946][R][CNTNR:3704:25428] CServerImpl::SetProperty: IN pArgs[0X5C6D790] property(ToggleHotKeyDetection)
[03:18:29:36:946][E][CNTNR:3704:25428] CServerImpl::SetProperty: E_INVALIDARG
[03:18:29:36:946][E][CNTNR:3704:25428] ShadowPlayServerPlugin::ProcessReceivedIpcMessage: m_pSPServer->SetProperty [0x80070057]
[03:18:29:36:947][E][NODJS:24788:27268] CShadowPlayApi::SetProperty: FAIL[0x80070057] name ToggleHotKeyDetection
[03:18:29:36:949][R][NODJS:24788:28916] CShadowPlayApi::GetHotkeyProperty: reg read failed, falling back to default value
[03:18:29:36:949][R][NODJS:24788:28916] CShadowPlayApi::GetHotkeyProperty: invalid key index[2]
[03:18:29:36:950][E][CNTNR:3704:25428] CServerImpl::GetProperty: E_INVALIDARG m_pSettings
[03:18:29:36:950][E][NODJS:24788:28916] CShadowPlayApi::GetProperty: FAIL[0x80070057] name MicPTTHKey0
[03:18:29:36:950][E][CNTNR:3704:25428] CServerImpl::GetProperty: E_INVALIDARG m_pSettings
[03:18:29:36:951][E][NODJS:24788:28916] CShadowPlayApi::GetProperty: FAIL[0x80070057] name FPSOverlayHKey0
[03:18:29:36:951][E][CNTNR:3704:25428] CServerImpl::GetProperty: E_INVALIDARG m_pSettings
[03:18:29:36:951][E][NODJS:24788:28916] CShadowPlayApi::GetProperty: FAIL[0x80070057] name ScreenshotHKey0
[03:18:29:36:952][E][CNTNR:3704:25428] CServerImpl::GetProperty: E_INVALIDARG m_pSettings
[03:18:29:36:952][E][NODJS:24788:28916] CShadowPlayApi::GetProperty: FAIL[0x80070057] name DVRHKey0
[03:18:29:36:952][E][CNTNR:3704:25428] CServerImpl::GetProperty: E_INVALIDARG m_pSettings
[03:18:29:36:953][E][NODJS:24788:28916] CShadowPlayApi::GetProperty: FAIL[0x80070057] name ManualHKey0
[03:18:29:36:953][E][CNTNR:3704:25428] CServerImpl::GetProperty: E_INVALIDARG m_pSettings
[03:18:29:36:953][E][NODJS:24788:28916] CShadowPlayApi::GetProperty: FAIL[0x80070057] name GameCastHKey0
[03:18:29:36:954][E][CNTNR:3704:25428] CServerImpl::GetProperty: E_INVALIDARG m_pSettings
[03:18:29:36:954][E][NODJS:24788:28916] CShadowPlayApi::GetProperty: FAIL[0x80070057] name PauseResumeHKey0
[03:18:29:36:954][E][CNTNR:3704:25428] CServerImpl::GetProperty: E_INVALIDARG m_pSettings
[03:18:29:36:955][E][NODJS:24788:28916] CShadowPlayApi::GetProperty: FAIL[0x80070057] name CameraHKey0
[03:18:29:36:955][E][CNTNR:3704:25428] CServerImpl::GetProperty: E_INVALIDARG m_pSettings
[03:18:29:36:955][E][NODJS:24788:28916] CShadowPlayApi::GetProperty: FAIL[0x80070057] name CustomOverlayHKey0
[03:18:29:36:955][E][CNTNR:3704:25428] CServerImpl::GetProperty: E_INVALIDARG m_pSettings
[03:18:29:36:955][E][NODJS:24788:28916] CShadowPlayApi::GetProperty: FAIL[0x80070057] name CustomOverlayAHKey0
[03:18:29:36:956][E][CNTNR:3704:25428] CServerImpl::GetProperty: E_INVALIDARG m_pSettings
[03:18:29:36:956][E][NODJS:24788:28916] CShadowPlayApi::GetProperty: FAIL[0x80070057] name CustomOverlayBHKey0
[03:18:29:36:956][E][CNTNR:3704:25428] CServerImpl::GetProperty: E_INVALIDARG m_pSettings
[03:18:29:36:956][E][NODJS:24788:28916] CShadowPlayApi::GetProperty: FAIL[0x80070057] name CustomOverlayCHKey0
[03:18:29:36:956][E][CNTNR:3704:25428] CServerImpl::GetProperty: E_INVALIDARG m_pSettings
[03:18:29:36:957][E][NODJS:24788:28916] CShadowPlayApi::GetProperty: FAIL[0x80070057] name AnselUIHKey0
[03:18:29:36:957][E][CNTNR:3704:25428] CServerImpl::GetProperty: E_INVALIDARG m_pSettings
[03:18:29:36:957][E][NODJS:24788:28916] CShadowPlayApi::GetProperty: FAIL[0x80070057] name FBChatToggleHKey0
[03:18:29:36:957][E][CNTNR:3704:25428] CServerImpl::GetProperty: E_INVALIDARG m_pSettings
[03:18:29:36:958][E][NODJS:24788:28916] CShadowPlayApi::GetProperty: FAIL[0x80070057] name IRToggleHKey0
[03:18:29:36:958][E][CNTNR:3704:25428] CServerImpl::GetProperty: E_INVALIDARG m_pSettings
[03:18:29:36:958][E][NODJS:24788:28916] CShadowPlayApi::GetProperty: FAIL[0x80070057] name MicToggleHKey0
[03:18:29:36:959][E][CNTNR:3704:25428] CServerImpl::GetProperty: E_INVALIDARG m_pSettings
[03:18:29:36:959][E][NODJS:24788:28916] CShadowPlayApi::GetProperty: FAIL[0x80070057] name FSToggleHKey0
[03:18:29:36:959][E][CNTNR:3704:25428] CServerImpl::GetProperty: E_INVALIDARG m_pSettings
[03:18:29:36:959][E][NODJS:24788:28916] CShadowPlayApi::GetProperty: FAIL[0x80070057] name FSPresetHKey0
[03:18:29:36:960][E][CNTNR:3704:25428] CServerImpl::GetProperty: E_INVALIDARG m_pSettings
[03:18:29:36:960][E][NODJS:24788:28916] CShadowPlayApi::GetProperty: FAIL[0x80070057] name FSUIHKeyV10
[03:18:29:36:960][E][CNTNR:3704:25428] CServerImpl::GetProperty: E_INVALIDARG m_pSettings
[03:18:29:36:960][E][NODJS:24788:28916] CShadowPlayApi::GetProperty: FAIL[0x80070057] name FSPresetStyle1HKey0
[03:18:29:36:960][E][CNTNR:3704:25428] CServerImpl::GetProperty: E_INVALIDARG m_pSettings
[03:18:29:36:961][E][NODJS:24788:28916] CShadowPlayApi::GetProperty: FAIL[0x80070057] name FSPresetStyle2HKey0
[03:18:29:36:961][E][CNTNR:3704:25428] CServerImpl::GetProperty: E_INVALIDARG m_pSettings
[03:18:29:36:961][E][NODJS:24788:28916] CShadowPlayApi::GetProperty: FAIL[0x80070057] name FSPresetStyle3HKey0
[03:18:29:36:961][E][CNTNR:3704:25428] CServerImpl::GetProperty: E_INVALIDARG m_pSettings
[03:18:29:36:961][E][NODJS:24788:28916] CShadowPlayApi::GetProperty: FAIL[0x80070057] name NativeKeyboardInputDialogHKey0
[03:18:29:36:962][E][CNTNR:3704:25428] CServerImpl::GetProperty: E_INVALIDARG m_pSettings
[03:18:29:36:962][E][NODJS:24788:28916] CShadowPlayApi::GetProperty: FAIL[0x80070057] name PMOCSidebarHKey0
[03:18:29:36:962][E][CNTNR:3704:25428] CServerImpl::GetProperty: E_INVALIDARG m_pSettings
[03:18:29:36:962][E][NODJS:24788:28916] CShadowPlayApi::GetProperty: FAIL[0x80070057] name PMOCOverlayHKey0
[03:18:29:36:963][E][CNTNR:3704:25428] CServerImpl::GetProperty: E_INVALIDARG m_pSettings
[03:18:29:36:963][E][NODJS:24788:28916] CShadowPlayApi::GetProperty: FAIL[0x80070057] name PMOCOverlayCycleHKey0
[03:18:29:36:964][E][CNTNR:3704:25428] CServerImpl::GetProperty: E_INVALIDARG m_pSettings
[03:18:29:36:964][E][NODJS:24788:28916] CShadowPlayApi::GetProperty: FAIL[0x80070057] name PMOCResetAverageMetricsHKey0
[03:18:29:36:964][E][CNTNR:3704:25428] CServerImpl::GetProperty: E_INVALIDARG m_pSettings
[03:18:29:36:964][E][NODJS:24788:28916] CShadowPlayApi::GetProperty: FAIL[0x80070057] name PMOCLoggingToggleHKey0
[03:18:29:36:965][R][NODJS:24788:20956] CShadowPlayApi::SetProperty: IN(CustomOverlayHKey0)
[03:18:29:36:965][R][CNTNR:3704:25428] CServerImpl::SetProperty: IN pArgs[0X5C6D790] property(CustomOverlayHKey0)
[03:18:29:36:965][E][CNTNR:3704:25428] CServerImpl::SetProperty: E_INVALIDARG
[03:18:29:36:965][E][CNTNR:3704:25428] ShadowPlayServerPlugin::ProcessReceivedIpcMessage: m_pSPServer->SetProperty [0x80070057]
[03:18:29:36:966][E][NODJS:24788:20956] CShadowPlayApi::SetProperty: FAIL[0x80070057] name CustomOverlayHKey0
[03:18:31:12:288][R][SHARE:25656:22860] COverlayApi::InitObject: hr[0]
[03:18:31:12:288][R][SHARE:25656:22860] NVSP2::CreateOverlayApiInterface: overlay interface[0X945DA080]
[03:18:31:12:289][R][SHARE:25656:22860] CreateShadowPlayApiInterface: IN ver(10008) client(0)
[03:18:31:12:289][R][SHARE:25656:22860] CShadowPlayApi::CShadowPlayApi: IN this(0X92510850)
[03:18:31:12:364][R][SHARE:25656:22860] CShadowPlayApi::CShadowPlayApi: OUT
[03:18:31:12:364][R][SHARE:25656:22860] CreateShadowPlayApiInterface: OUT ppvInterface(0X92510850)
[03:18:31:12:402][R][SHARE:25656: 4400] IpcCommonInterface::HandleJoinMessage: MessageBus joined - System: Shadowplay, Module: ShadowplayApi25656
[03:18:31:12:402][E][CNTNR:3704:25428] CServerImpl::GetCaptureSessionParam: E_INVALIDARG m_pSettings
[03:18:31:12:402][E][CNTNR:3704:25428] ShadowPlayServerPlugin::ProcessReceivedIpcMessage: m_pSPServer->GetCaptureSessionParam [0x80070057]
[03:18:31:12:402][E][SHARE:25656:22860] CShadowPlayApi::GetCaptureSessionParam: fail hr[0x80070057]
[03:18:31:12:402][E][SHARE:25656:22860] CApiDllWrapper::GetGPUOverlaySupported Couldn't get the GPUOverlayInfo(0x80070057)
[03:18:31:12:402][E][SHARE:25656:22860] COverlayApi::GetGPUOverlayInfo: GetGPUOverlaySupported failed = 0x80070057
[03:18:31:12:559][R][SHARE:25656:22860] CSPWorkerThread::CSPWorkerThread : given thread name[NVSPOMThread]
[03:18:31:12:563][R][SHARE:25656:22860] COverlayApi::CreateOverlay: hr[0] usingGPUOverlay[0] uiSlot[0], eFormat[21], uiWidth[1680], uiHeight[1050], uiNumBuffers[1], hOverlay[0X945A36B0]
[03:18:31:13:984][R][NODJS:24788:16224] CShadowPlayApi::SetCaptureSessionParam: IN hSession(0XFFFFFFFF) uiCmd(13)
[03:18:31:13:984][R][CNTNR:3704:25428] CServerImpl::SetCaptureSessionParam: IN cmd(13) hSession(0XFFFFFFFF)
[03:18:31:13:984][E][CNTNR:3704:25428] CServerImpl::SetCaptureSessionParam: E_INVALIDARG m_pSettings
[03:18:31:13:984][E][CNTNR:3704:25428] ShadowPlayServerPlugin::ProcessReceivedIpcMessage: m_pSPServer->SetCaptureSessionParam [0x80070057]
[03:18:31:13:985][E][NODJS:24788:16224] CShadowPlayApi::SetCaptureSessionParam: fail hr[0x80070057]
[03:18:31:14:292][E][CNTNR:3704:25428] CServerImpl::GetProperty: E_INVALIDARG m_pSettings
[03:18:31:14:292][E][CNTNR:3704:25428] ShadowPlayServerPlugin::ProcessReceivedIpcMessage: m_pSPServer->GetProperty [0x80070057]
[03:18:31:14:293][E][NODJS:24788: 9440] CShadowPlayApi::GetProperty: FAIL[0x80070057] name DwmEnabled
[03:18:32:00:597][R][CNTNR:29376:29288] ShadowPlayPluginInitialize: IN
[03:18:32:00:598][R][CNTNR:29376:29288] CreatePluginInstance: ShadowPlayServerPlugin
[03:18:32:00:598][R][CNTNR:29376:29288] [CREATE] Logger v2.00 started 10.3.2026
[03:18:32:00:598][R][CNTNR:29376:29288] Windows 10.0 Build 26340  Platform=2
[03:18:32:00:604][R][CNTNR:29376:29288] Display Driver Version : 58266
[03:18:32:00:605][R][CNTNR:29376:29288] GPU0: Arch: 0x130 Implementation: 0x2 
[03:18:32:00:605][R][CNTNR:29376:29288] GFE Version : 3.28.0.412
[03:18:32:00:711][R][CNTNR:29376:29288] ShadowPlayPluginInitialize: OUT
[03:18:32:00:712][R][CNTNR:29376:29288] ShadowPlayPluginStart: IN
[03:18:32:00:712][R][CNTNR:29376:29288] ShadowPlayPluginStart: OUT
[03:18:32:00:712][R][CNTNR:29376: 4280] ShadowPlayServerPlugin::Start: IN
[03:18:32:00:712][R][CNTNR:29376: 4280] UserID=`undefined`
[03:18:32:00:712][R][CNTNR:29376: 4280] externalUserId=``
[03:18:32:00:712][R][CNTNR:29376: 4280] providerId=``
[03:18:32:00:712][R][CNTNR:29376: 4280] CSPWorkerThread::CSPWorkerThread : given thread name[CMessageQueueThread]
[03:18:32:00:712][R][CNTNR:29376: 4280] CSPWorkerThread::Start: started [CMessageQueueThread]
[03:18:32:00:712][R][CNTNR:29376: 4280] ShadowPlayServerPlugin::Start: OUT
[03:18:32:00:712][R][CNTNR:29376: 7556] CSPWorkerThread::ThreadFunc: executing [CMessageQueueThread]
[03:18:32:00:712][R][CNTNR:29376: 7556] CMessageQueueThread::Run: Thread started... 
[03:18:32:00:749][R][CNTNR:29376:19716] IpcCommonInterface::HandleJoinMessage: MessageBus joined - System: Shadowplay, Module: ShadowplayServer
[03:18:32:20:611][R][NODJS:24788:15924] CShadowPlayApi::EnableShadowPlay: IN flags(0) origin(1)
[03:18:32:20:612][R][CNTNR:22488:11408] ShadowPlayServicePlugin::ProcessReceivedIpcMessage: ServiceMsgTypeControlShadowplay
[03:18:32:20:613][E][CNTNR:22488:11408] ShadowPlayServicePlugin::ProcessReceivedIpcMessage: CreateSymbolicLink failed = 3
[03:18:32:20:614][R][CNTNR:29376: 4280] CreateServerImplInterface: IN
[03:18:32:20:637][R][CNTNR:29376: 4280] CSPNvAPIUtils::GetExternalGpus: Logical GPU:0's info -> physicalGpuCount:1 adapterluid's LowPart:0xc018 HighPart:0x0
[03:18:32:20:637][R][CNTNR:29376: 4280] GetSrcColorSpaceInfoSupportedReason: driverVersion(58266) dwRetCode(0x00000001)
[03:18:32:20:640][R][CNTNR:29376: 4280] GetMsHybridByDefaultSupportedReason: dwRetCode(0X1)
[03:18:32:20:642][R][CNTNR:29376: 4280] GetMPOSupportedReason: dwRetCode(0x00000040)
[03:18:32:20:642][R][CNTNR:29376: 4280] GetHDRScreenshotSupportedReason: dwRetCode(0x00000001)
[03:18:32:20:642][R][CNTNR:29376: 4280] GetSocScreenshotSupportedReason: dwRetCode(0X1)
[03:18:32:21:087][R][CNTNR:29376: 4280] GetSocVideoSupportedReason: NvFbc SocVideoCapture is not supported for all Apis(Dxs, OGL&Vulkan)
[03:18:32:21:087][R][CNTNR:29376: 4280] GetSocVideoSupportedReason: dwRetCode(0X8) SocVideoCaptureSupport:0 
[03:18:32:21:087][R][CNTNR:29376: 4280] GetHLTempPathRemovalSupportedReason: dwRetCode(0X1)
[03:18:32:21:087][R][CNTNR:29376: 4280] GetGalleryLimitSupportedReason: dwRetCode(0X1)
[03:18:32:21:087][R][CNTNR:29376: 4280] GetGPUCameraOverlaySupportedReason: driverVersion(58266)dwRetCode(0x00000006)
[03:18:32:21:089][R][CNTNR:29376: 4280] GetHEVCRecSupportedReason: dwRetCode(0X1)
[03:18:32:21:089][R][CNTNR:29376: 4280] CSettings::SaveNVEncHWCaps [10571]: 
[03:18:32:21:251][R][CNTNR:29376: 4280] DevIn(0X23D42F00), DevOut(0X23D42F00) bDGInstalled(0)
[03:18:32:21:252][R][CNTNR:29376: 4280] CSettings::SaveNVEncHWCaps [10678]: dwEncodeGUIDCount[2]
[03:18:32:21:252][R][CNTNR:29376: 4280] CSettings::SaveNVEncHWCaps [10689]: encode uArraysize[2]
[03:18:32:21:252][R][CNTNR:29376: 4280] CSettings::SaveNVEncHWCaps : H264 encoder available
[03:18:32:21:252][R][CNTNR:29376: 4280] CSettings::SaveNVEncHWCaps : H265 encoder available
[03:18:32:21:252][R][CNTNR:29376: 4280] CSettings::SaveNVEncHWCaps : H265 10-bit encoder available
[03:18:32:21:265][R][CNTNR:29376: 4280] CSettings::IsNVEncoderSupported: requested caps: codec[2] 10-bit-encode[0]
[03:18:32:21:265][R][CNTNR:29376: 4280] CSettings::IsNVEncoderSupported: HW NVEnc caps: codec[1] 10-bit-encode[0]
[03:18:32:21:265][R][CNTNR:29376: 4280] CSettings::IsNVEncoderSupported: HW NVEnc caps: codec[2] 10-bit-encode[1]
[03:18:32:21:265][R][CNTNR:29376: 4280] CSettings::IsHEVCRecSupported: HEVC HW support[1]
[03:18:32:21:265][R][CNTNR:29376: 4280] GetVideoCaptureRefactorSupportedReason: dwRetCode(0X1)
[03:18:32:21:265][R][CNTNR:29376: 4280] GetGPUOverlaySupportedReason: driverVersion(58266)dwRetCode(0x00000001)
[03:18:32:21:265][R][CNTNR:29376: 4280] GetOverlayRectListSupportedReason: dwRetCode(0X1)
[03:18:32:21:638][R][CNTNR:29376: 4280] GetFTSFeatureValue: FTS regkey [{8CAF4AFB-539D-47F0-881B-B586886A65C1}] not found. Value not modified. Caller SHALL assign and use appropriate value
[03:18:32:21:638][R][CNTNR:29376: 4280] Get8KSupportedReason: dwRetCode(0x00000040)
[03:18:32:21:639][R][CNTNR:29376: 4280] Get8K60FpsSupportedReason: dwRetCode(0x00000040)
[03:18:32:21:641][R][CNTNR:29376: 4280] getGpuManufactureInfo: Logical GPU:0's Info -> physicalGpuCount:1 adapterluid's LowPart:0xc018 HighPart:0x0
[03:18:32:22:103][R][CNTNR:29376: 4280] isConcurrentCaptureEnabled NvFBC concurrency support 0
[03:18:32:22:103][R][CNTNR:29376: 4280] GetSPGSConcurrencySupportedReason: dwRetCode(0x0000000A)
[03:18:32:22:497][R][CNTNR:29376: 4280] isConcurrentCaptureEnabled NvFBC concurrency support 0
[03:18:32:22:497][R][CNTNR:29376: 4280] GetSPBCConcurrencySupportedReason: dwRetCode(0x00000004)
[03:18:32:22:498][R][CNTNR:29376: 4280] GPU0: Arch: 0x130 Implementation: 0x2 
[03:18:32:22:500][R][CNTNR:29376: 4280] GetHLSupportedReason: dwRetCode(0x00000001)
[03:18:32:22:501][R][CNTNR:29376: 4280] SPGameStreamPortal = 2
[03:18:32:22:501][R][CNTNR:29376: 4280] SPGameStreamPortal = 1
[03:18:32:22:501][R][CNTNR:29376: 4280] SPGameStreamPortal = 3
[03:18:32:22:501][R][CNTNR:29376: 4280] SPGameStreamPortal = 1
[03:18:32:22:506][R][CNTNR:29376: 4280] Physical display count changed from 0 to 3
[03:18:32:22:506][R][CNTNR:29376: 4280] GSRPSR: dwRetCode(0x00000001)
[03:18:32:22:506][R][CNTNR:29376: 4280] m_bOsWin8orLater =1 m_bOsWin10orLater =1 m_bOsRS6orLater = 1 IsIcafeEnvironment = False
[03:18:32:22:506][R][CNTNR:29376: 4280] CustomRes = 0, VidWidth = 480, VidHeight = 360, RecFPS = 60.000000, DVRBufLength = 30
[03:18:32:22:506][R][CNTNR:29376: 4280] AudioMode = 3, MicMode = 0, MicPhnEnableState = True
[03:18:32:22:506][R][CNTNR:29376: 4280] DispRecIndicator = True, RecIndicatorPos = RightBottom, FPSOverlayState = 0, FPSOverlayPos = RightBottom
[03:18:32:22:506][R][CNTNR:29376: 4280] DisplayWebcam = False, WebcamPos = RightBottom, WebcamSize = Small
[03:18:32:22:506][R][CNTNR:29376: 4280] TempFilePath = N:\NVIDIA Temp, HLTempFilePath = C:\Users\SCOTCS~1\AppData\Local\Temp\Highlights
[03:18:32:22:506][R][CNTNR:29376: 4280] DispGCIndicator = True, GCIndicatorPos = RightBottom, GCRes = 3, GCFPS = 30.000000, GCFPSYTL = 30.000000
[03:18:32:22:506][R][CNTNR:29376: 4280] CoProc = False, DdsSystem = False, NBSystem = False, DTCapEnableState = True, AeroEnabled = True, MonitorHotKeysState = False, MS&A = True, DFSDE = True
[03:18:32:22:508][R][CNTNR:29376: 4280] Audio Capture Endpoint 0 Properties: [Volume:1.000000(0.000000dB)] [channels:1] [mute:NO] [HWsupport:0x3]
[03:18:32:22:508][R][CNTNR:29376: 4280] 		Channel 0 Volume : 1.000000 (0.000000dB)
[03:18:32:22:510][R][CNTNR:29376: 4280] Audio Capture Endpoint 1 Properties: [Volume:0.520000(-0.484725dB)] [channels:1] [mute:NO] [HWsupport:0x0]
[03:18:32:22:510][R][CNTNR:29376: 4280] 		Channel 0 Volume : 0.520000 (-0.484725dB)
[03:18:32:22:510][R][CNTNR:29376: 4280] Audio Capture Endpoint 2 Properties: [Volume:1.000000(31.996094dB)] [channels:1] [mute:NO] [HWsupport:0x3]
[03:18:32:22:510][R][CNTNR:29376: 4280] 		Channel 0 Volume : 1.000000 (31.996094dB)
[03:18:32:22:510][R][CNTNR:29376: 4280] CSPWorkerThread::CSPWorkerThread : given thread name[CSPEventListener]
[03:18:32:22:510][R][CNTNR:29376: 4280] CSPWorkerThread::Start: started [CSPEventListener]
[03:18:32:22:510][R][CNTNR:29376: 4280] CreateServerImplInterface: OUT
[03:18:32:22:510][R][CNTNR:29376: 4280] CServerImpl::EnableShadowPlay: IN
[03:18:32:22:510][R][CNTNR:29376: 4280] CSPWorkerThread::CSPWorkerThread : given thread name[CSPShareStateWorker]
[03:18:32:22:511][R][CNTNR:29376:15352] CSPWorkerThread::ThreadFunc: executing [CSPEventListener]
[03:18:32:22:513][R][CNTNR:29376: 4280] CSPWorkerThread::Start: started [CSPShareStateWorker]
[03:18:32:22:513][R][CNTNR:29376: 4280] CRemoteLoggerHost::CRemoteLoggerHost: Remote Logger created, worker start returned [0x0]
[03:18:32:22:513][R][CNTNR:29376: 4280] CSPWorkerThread::CSPWorkerThread : given thread name[COscProcMgrThread]
[03:18:32:22:513][R][CNTNR:29376: 4280] CSPWorkerThread::Start: started [COscProcMgrThread]
[03:18:32:22:513][R][CNTNR:29376: 4280] CSPWorkerThread::CSPWorkerThread : given thread name[CHelperProcMgr]
[03:18:32:22:513][R][CNTNR:29376:14612] CSPWorkerThread::ThreadFunc: executing [CSPShareStateWorker]
[03:18:32:22:513][R][CNTNR:29376:21924] CSPWorkerThread::ThreadFunc: executing [COscProcMgrThread]
[03:18:32:22:513][R][CNTNR:29376: 4280] CSPWorkerThread::CSPWorkerThread : given thread name[CCaptureControlThread]
[03:18:32:22:513][R][CNTNR:29376: 4280] GetHEVCRecSupportedReason: dwRetCode(0X1)
[03:18:32:22:513][R][CNTNR:29376: 4280] CSettings::SaveNVEncHWCaps m_bNVEncCapsChecked[1]: 
[03:18:32:22:513][R][CNTNR:29376: 4280] CSettings::IsNVEncoderSupported: requested caps: codec[2] 10-bit-encode[0]
[03:18:32:22:513][R][CNTNR:29376: 4280] CSettings::IsNVEncoderSupported: HW NVEnc caps: codec[1] 10-bit-encode[0]
[03:18:32:22:513][R][CNTNR:29376: 4280] CSettings::IsNVEncoderSupported: HW NVEnc caps: codec[2] 10-bit-encode[1]
[03:18:32:22:513][R][CNTNR:29376: 4280] CSettings::IsHEVCRecSupported: HEVC HW support[1]
[03:18:32:22:513][R][CNTNR:29376: 4280] GetHEVCRecSupportedReason: dwRetCode(0X1)
[03:18:32:22:513][R][CNTNR:29376: 4280] CSettings::SaveNVEncHWCaps m_bNVEncCapsChecked[1]: 
[03:18:32:22:513][R][CNTNR:29376: 4280] CSettings::IsNVEncoderSupported: requested caps: codec[2] 10-bit-encode[1]
[03:18:32:22:513][R][CNTNR:29376: 4280] CSettings::IsNVEncoderSupported: HW NVEnc caps: codec[1] 10-bit-encode[0]
[03:18:32:22:513][R][CNTNR:29376: 4280] CSettings::IsNVEncoderSupported: HW NVEnc caps: codec[2] 10-bit-encode[1]
[03:18:32:22:513][R][CNTNR:29376: 4280] CSettings::IsHEVCRecSupported: HEVC HW support[1]
[03:18:32:22:513][R][CNTNR:29376: 4280] CSharedDataManager::CreateNextOrderMMF: Shared MMF recreation started [0] ended [0]
[03:18:32:22:513][R][CNTNR:29376: 4280] CSPWorkerThread::Start: started [CCaptureControlThread]
[03:18:32:22:513][R][CNTNR:29376: 4280] CServerImpl::SendSystemConfigurationEvent: SystemType: 1 GpuCount: 3 PowerGpu:1 PerfGpu:1 PrimaryDisplayGpu:3 SceondaryDisplayGpu:0
[03:18:32:22:513][R][CNTNR:29376:20212] CSPWorkerThread::ThreadFunc: executing [CCaptureControlThread]
[03:18:32:22:513][R][CNTNR:29376:20212] CCaptureControl::Run: Thread started
[03:18:32:22:513][E][CNTNR:29376:20212] CSettings::DeleteDVRTmpFiles: No temporary DVR files deleted, FindFirstFileW failed with error:0x3
[03:18:32:22:554][R][CNTNR:29376: 4280] CServerIpc::EnableNvFBC : IN
[03:18:32:22:554][E][CNTNR:22488:11408] ShadowPlayController::GetRequestOrigin: Invalid request 0
[03:18:32:22:565][E][dwm:1980: 1036] QueryShadowPlayDdiShimStatusIN
[03:18:32:22:647][R][CNTNR:29376: 4280] CServerIpc::EnableNvFBC: OUT ret code = 0x00000000
[03:18:32:23:140][R][CNTNR:29376: 4280] CServerIpc::ControlHeplerProcess : IN
[03:18:32:23:168][E][CNTNR:29376: 4280] KillProcess: failed to kill 25656 (error 6)
[03:18:32:23:168][E][CNTNR:29376: 4280] KillProcess: failed to kill 15456 (error 6)
[03:18:32:23:168][R][CNTNR:29376: 4280] Starting nvosc. 
[03:18:32:23:215][R][HELPR:27004:24100] CShadowPlayHelper::UWPSetOSCDismissHotKeys: [2] eSPHKID_OSC Hotkeys set for UWP
[03:18:32:23:233][E][CNTNR:29376: 4280] COscProcMgr::StartProcess: OSC not started 0
[03:18:32:23:233][R][CNTNR:29376: 4280] Time taken to launch OSC 63 msec
[03:18:32:23:233][E][CNTNR:29376: 4280] CServerImpl::EnableShadowPlay failed to start Share Process!
[03:18:32:23:233][R][CNTNR:29376:14612] CSPShareStateWorker<class CRemoteLoggerHost,&public: int __cdecl CRemoteLoggerHost::FlushRemoteLog(void)>::RunOnEvents: Exit signalled
[03:18:32:23:240][R][CNTNR:29376: 4280] Time taken for shutting down OSC 0 mSec
[03:18:32:23:240][R][CNTNR:29376:21924] COscProcMgr::Run: Exiting Thread
[03:18:32:23:240][R][CNTNR:29376: 4280] CServerIpc::ControlHeplerProcess : IN
[03:18:32:23:255][R][CNTNR:29376:20212] CCaptureControl::Run: Exiting thread
[03:18:32:23:257][R][CNTNR:29376: 4280] CServerImpl::EnableShadowPlay: out pArgs[0X236E74D0] hr[0]
[03:18:32:23:257][E][CNTNR:29376: 4280] ShadowPlayServerPlugin::ProcessReceivedIpcMessage: m_pSPServer->EnableShadowPlay [0x80040233]
[03:18:32:23:258][E][NODJS:24788:15924] CShadowPlayApi::EnableShadowPlay: fail hr[0x80040233]
[03:18:32:23:258][R][NODJS:24788:15924] CShadowPlayApi::EnableShadowPlay: OUT
[03:18:32:28:297][E][CNTNR:29376: 4280] CServerImpl::GetProperty: E_INVALIDARG m_pSettings
[03:18:32:28:297][E][CNTNR:29376: 4280] ShadowPlayServerPlugin::ProcessReceivedIpcMessage: m_pSPServer->GetProperty [0x80070057]
[03:18:32:28:297][E][NODJS:24788: 2280] CShadowPlayApi::GetProperty: FAIL[0x80070057] name MonitorHotKeys
[03:18:32:28:325][R][NODJS:24788: 2460] CShadowPlayApi::SetProperty: IN(ToggleHotKeyDetection)
[03:18:32:28:325][R][CNTNR:29376: 4280] CServerImpl::SetProperty: IN pArgs[0X236E74D0] property(ToggleHotKeyDetection)
[03:18:32:28:325][E][CNTNR:29376: 4280] CServerImpl::SetProperty: E_INVALIDARG
[03:18:32:28:325][E][CNTNR:29376: 4280] ShadowPlayServerPlugin::ProcessReceivedIpcMessage: m_pSPServer->SetProperty [0x80070057]
[03:18:32:28:327][E][NODJS:24788: 2460] CShadowPlayApi::SetProperty: FAIL[0x80070057] name ToggleHotKeyDetection
[03:18:32:28:332][R][NODJS:24788:28916] CShadowPlayApi::GetHotkeyProperty: reg read failed, falling back to default value
[03:18:32:28:333][R][NODJS:24788:28916] CShadowPlayApi::GetHotkeyProperty: invalid key index[2]
[03:18:32:28:333][E][CNTNR:29376: 4280] CServerImpl::GetProperty: E_INVALIDARG m_pSettings
[03:18:32:28:333][E][NODJS:24788:28916] CShadowPlayApi::GetProperty: FAIL[0x80070057] name MicPTTHKey0
[03:18:32:28:334][E][CNTNR:29376: 4280] CServerImpl::GetProperty: E_INVALIDARG m_pSettings
[03:18:32:28:334][E][NODJS:24788:28916] CShadowPlayApi::GetProperty: FAIL[0x80070057] name FPSOverlayHKey0
[03:18:32:28:334][E][CNTNR:29376: 4280] CServerImpl::GetProperty: E_INVALIDARG m_pSettings
[03:18:32:28:335][E][NODJS:24788:28916] CShadowPlayApi::GetProperty: FAIL[0x80070057] name ScreenshotHKey0
[03:18:32:28:335][E][CNTNR:29376: 4280] CServerImpl::GetProperty: E_INVALIDARG m_pSettings
[03:18:32:28:336][E][NODJS:24788:28916] CShadowPlayApi::GetProperty: FAIL[0x80070057] name DVRHKey0
[03:18:32:28:336][E][CNTNR:29376: 4280] CServerImpl::GetProperty: E_INVALIDARG m_pSettings
[03:18:32:28:336][E][NODJS:24788:28916] CShadowPlayApi::GetProperty: FAIL[0x80070057] name ManualHKey0
[03:18:32:28:336][E][CNTNR:29376: 4280] CServerImpl::GetProperty: E_INVALIDARG m_pSettings
[03:18:32:28:337][E][NODJS:24788:28916] CShadowPlayApi::GetProperty: FAIL[0x80070057] name GameCastHKey0
[03:18:32:28:337][E][CNTNR:29376: 4280] CServerImpl::GetProperty: E_INVALIDARG m_pSettings
[03:18:32:28:337][E][NODJS:24788:28916] CShadowPlayApi::GetProperty: FAIL[0x80070057] name PauseResumeHKey0
[03:18:32:28:337][E][CNTNR:29376: 4280] CServerImpl::GetProperty: E_INVALIDARG m_pSettings
[03:18:32:28:338][E][NODJS:24788:28916] CShadowPlayApi::GetProperty: FAIL[0x80070057] name CameraHKey0
[03:18:32:28:338][E][CNTNR:29376: 4280] CServerImpl::GetProperty: E_INVALIDARG m_pSettings
[03:18:32:28:338][E][NODJS:24788:28916] CShadowPlayApi::GetProperty: FAIL[0x80070057] name CustomOverlayHKey0
[03:18:32:28:339][E][CNTNR:29376: 4280] CServerImpl::GetProperty: E_INVALIDARG m_pSettings
[03:18:32:28:339][E][NODJS:24788:28916] CShadowPlayApi::GetProperty: FAIL[0x80070057] name CustomOverlayAHKey0
[03:18:32:28:339][E][CNTNR:29376: 4280] CServerImpl::GetProperty: E_INVALIDARG m_pSettings
[03:18:32:28:340][E][NODJS:24788:28916] CShadowPlayApi::GetProperty: FAIL[0x80070057] name CustomOverlayBHKey0
[03:18:32:28:340][E][CNTNR:29376: 4280] CServerImpl::GetProperty: E_INVALIDARG m_pSettings
[03:18:32:28:340][E][NODJS:24788:28916] CShadowPlayApi::GetProperty: FAIL[0x80070057] name CustomOverlayCHKey0
[03:18:32:28:340][E][CNTNR:29376: 4280] CServerImpl::GetProperty: E_INVALIDARG m_pSettings
[03:18:32:28:341][E][NODJS:24788:28916] CShadowPlayApi::GetProperty: FAIL[0x80070057] name AnselUIHKey0
[03:18:32:28:341][E][CNTNR:29376: 4280] CServerImpl::GetProperty: E_INVALIDARG m_pSettings
[03:18:32:28:342][E][NODJS:24788:28916] CShadowPlayApi::GetProperty: FAIL[0x80070057] name FBChatToggleHKey0
[03:18:32:28:342][E][CNTNR:29376: 4280] CServerImpl::GetProperty: E_INVALIDARG m_pSettings
[03:18:32:28:342][E][NODJS:24788:28916] CShadowPlayApi::GetProperty: FAIL[0x80070057] name IRToggleHKey0
[03:18:32:28:342][E][CNTNR:29376: 4280] CServerImpl::GetProperty: E_INVALIDARG m_pSettings
[03:18:32:28:343][E][NODJS:24788:28916] CShadowPlayApi::GetProperty: FAIL[0x80070057] name MicToggleHKey0
[03:18:32:28:343][E][CNTNR:29376: 4280] CServerImpl::GetProperty: E_INVALIDARG m_pSettings
[03:18:32:28:343][E][NODJS:24788:28916] CShadowPlayApi::GetProperty: FAIL[0x80070057] name FSToggleHKey0
[03:18:32:28:343][E][CNTNR:29376: 4280] CServerImpl::GetProperty: E_INVALIDARG m_pSettings
[03:18:32:28:343][E][NODJS:24788:28916] CShadowPlayApi::GetProperty: FAIL[0x80070057] name FSPresetHKey0
[03:18:32:28:344][E][CNTNR:29376: 4280] CServerImpl::GetProperty: E_INVALIDARG m_pSettings
[03:18:32:28:344][E][NODJS:24788:28916] CShadowPlayApi::GetProperty: FAIL[0x80070057] name FSUIHKeyV10
[03:18:32:28:344][E][CNTNR:29376: 4280] CServerImpl::GetProperty: E_INVALIDARG m_pSettings
[03:18:32:28:344][E][NODJS:24788:28916] CShadowPlayApi::GetProperty: FAIL[0x80070057] name FSPresetStyle1HKey0
[03:18:32:28:344][E][CNTNR:29376: 4280] CServerImpl::GetProperty: E_INVALIDARG m_pSettings
[03:18:32:28:345][E][NODJS:24788:28916] CShadowPlayApi::GetProperty: FAIL[0x80070057] name FSPresetStyle2HKey0
[03:18:32:28:345][E][CNTNR:29376: 4280] CServerImpl::GetProperty: E_INVALIDARG m_pSettings
[03:18:32:28:345][E][NODJS:24788:28916] CShadowPlayApi::GetProperty: FAIL[0x80070057] name FSPresetStyle3HKey0
[03:18:32:28:345][E][CNTNR:29376: 4280] CServerImpl::GetProperty: E_INVALIDARG m_pSettings
[03:18:32:28:345][E][NODJS:24788:28916] CShadowPlayApi::GetProperty: FAIL[0x80070057] name NativeKeyboardInputDialogHKey0
[03:18:32:28:345][E][CNTNR:29376: 4280] CServerImpl::GetProperty: E_INVALIDARG m_pSettings
[03:18:32:28:346][E][NODJS:24788:28916] CShadowPlayApi::GetProperty: FAIL[0x80070057] name PMOCSidebarHKey0
[03:18:32:28:346][E][CNTNR:29376: 4280] CServerImpl::GetProperty: E_INVALIDARG m_pSettings
[03:18:32:28:346][E][NODJS:24788:28916] CShadowPlayApi::GetProperty: FAIL[0x80070057] name PMOCOverlayHKey0
[03:18:32:28:346][E][CNTNR:29376: 4280] CServerImpl::GetProperty: E_INVALIDARG m_pSettings
[03:18:32:28:347][E][NODJS:24788:28916] CShadowPlayApi::GetProperty: FAIL[0x80070057] name PMOCOverlayCycleHKey0
[03:18:32:28:347][E][CNTNR:29376: 4280] CServerImpl::GetProperty: E_INVALIDARG m_pSettings
[03:18:32:28:347][E][NODJS:24788:28916] CShadowPlayApi::GetProperty: FAIL[0x80070057] name PMOCResetAverageMetricsHKey0
[03:18:32:28:347][E][CNTNR:29376: 4280] CServerImpl::GetProperty: E_INVALIDARG m_pSettings
[03:18:32:28:348][E][NODJS:24788:28916] CShadowPlayApi::GetProperty: FAIL[0x80070057] name PMOCLoggingToggleHKey0
[03:18:32:28:349][R][NODJS:24788:14008] CShadowPlayApi::SetProperty: IN(CustomOverlayHKey0)
[03:18:32:28:349][R][CNTNR:29376: 4280] CServerImpl::SetProperty: IN pArgs[0X236E74D0] property(CustomOverlayHKey0)
[03:18:32:28:349][E][CNTNR:29376: 4280] CServerImpl::SetProperty: E_INVALIDARG
[03:18:32:28:349][E][CNTNR:29376: 4280] ShadowPlayServerPlugin::ProcessReceivedIpcMessage: m_pSPServer->SetProperty [0x80070057]
[03:18:32:28:349][E][NODJS:24788:14008] CShadowPlayApi::SetProperty: FAIL[0x80070057] name CustomOverlayHKey0
[03:18:33:22:375][R][NODJS:24788:24604] CShadowPlayApi::GetHotkeyProperty: reg read failed, falling back to default value
[03:18:33:22:375][R][NODJS:24788:24604] CShadowPlayApi::GetHotkeyProperty: invalid key index[2]
[03:18:33:22:662][R][SHARE:27044:15652] COverlayApi::InitObject: hr[0]
[03:18:33:22:662][R][SHARE:27044:15652] NVSP2::CreateOverlayApiInterface: overlay interface[0X7555950]
[03:18:33:22:663][R][SHARE:27044:15652] CreateShadowPlayApiInterface: IN ver(10008) client(0)
[03:18:33:22:663][R][SHARE:27044:15652] CShadowPlayApi::CShadowPlayApi: IN this(0X52E53D0)
[03:18:33:22:743][R][SHARE:27044:15652] CShadowPlayApi::CShadowPlayApi: OUT
[03:18:33:22:743][R][SHARE:27044:15652] CreateShadowPlayApiInterface: OUT ppvInterface(0X52E53D0)
[03:18:33:22:785][R][SHARE:27044:12440] IpcCommonInterface::HandleJoinMessage: MessageBus joined - System: Shadowplay, Module: ShadowplayApi27044
[03:18:33:22:785][E][CNTNR:29376: 4280] CServerImpl::GetCaptureSessionParam: E_INVALIDARG m_pSettings
[03:18:33:22:785][E][CNTNR:29376: 4280] ShadowPlayServerPlugin::ProcessReceivedIpcMessage: m_pSPServer->GetCaptureSessionParam [0x80070057]
[03:18:33:22:785][E][SHARE:27044:15652] CShadowPlayApi::GetCaptureSessionParam: fail hr[0x80070057]
[03:18:33:22:785][E][SHARE:27044:15652] CApiDllWrapper::GetGPUOverlaySupported Couldn't get the GPUOverlayInfo(0x80070057)
[03:18:33:22:785][E][SHARE:27044:15652] COverlayApi::GetGPUOverlayInfo: GetGPUOverlaySupported failed = 0x80070057
[03:18:33:22:926][R][SHARE:27044:15652] CSPWorkerThread::CSPWorkerThread : given thread name[NVSPOMThread]
[03:18:33:22:930][R][SHARE:27044:15652] COverlayApi::CreateOverlay: hr[0] usingGPUOverlay[0] uiSlot[0], eFormat[21], uiWidth[1680], uiHeight[1050], uiNumBuffers[1], hOverlay[0X52CFCB0]
[03:18:33:24:745][R][NODJS:24788: 9416] CShadowPlayApi::SetCaptureSessionParam: IN hSession(0XFFFFFFFF) uiCmd(13)
[03:18:33:24:750][R][CNTNR:29376: 4280] CServerImpl::SetCaptureSessionParam: IN cmd(13) hSession(0XFFFFFFFF)
[03:18:33:24:750][E][CNTNR:29376: 4280] CServerImpl::SetCaptureSessionParam: E_INVALIDARG m_pSettings
[03:18:33:24:750][E][CNTNR:29376: 4280] ShadowPlayServerPlugin::ProcessReceivedIpcMessage: m_pSPServer->SetCaptureSessionParam [0x80070057]
[03:18:33:24:750][E][NODJS:24788: 9416] CShadowPlayApi::SetCaptureSessionParam: fail hr[0x80070057]
[03:18:33:25:055][R][NODJS:24788:11384] CShadowPlayApi::EnableShadowPlay: IN flags(0) origin(1)
[03:18:33:25:056][R][CNTNR:22488:11408] ShadowPlayServicePlugin::ProcessReceivedIpcMessage: ServiceMsgTypeControlShadowplay
[03:18:33:25:057][E][CNTNR:22488:11408] ShadowPlayServicePlugin::ProcessReceivedIpcMessage: CreateSymbolicLink failed = 3
[03:18:33:25:059][R][CNTNR:29376: 4280] CServerImpl::EnableShadowPlay: IN
[03:18:33:25:059][R][CNTNR:29376: 4280] CSPWorkerThread::CSPWorkerThread : given thread name[CSPShareStateWorker]
[03:18:33:25:065][R][CNTNR:29376: 4280] CSPWorkerThread::Start: started [CSPShareStateWorker]
[03:18:33:25:065][R][CNTNR:29376: 4280] CRemoteLoggerHost::CRemoteLoggerHost: Remote Logger created, worker start returned [0x0]
[03:18:33:25:069][R][CNTNR:29376:28676] CSPWorkerThread::ThreadFunc: executing [CSPShareStateWorker]
[03:18:33:25:102][R][CNTNR:29376: 4280] CSPNvAPIUtils::GetExternalGpus: Logical GPU:0's info -> physicalGpuCount:1 adapterluid's LowPart:0xc018 HighPart:0x0
[03:18:33:25:107][R][CNTNR:29376: 4280] GetSrcColorSpaceInfoSupportedReason: driverVersion(58266) dwRetCode(0x00000001)
[03:18:33:25:107][R][CNTNR:29376: 4280] GetMsHybridByDefaultSupportedReason: dwRetCode(0X1)
[03:18:33:25:107][R][CNTNR:29376: 4280] GetMPOSupportedReason: dwRetCode(0x00000040)
[03:18:33:25:107][R][CNTNR:29376: 4280] GetHDRScreenshotSupportedReason: dwRetCode(0x00000001)
[03:18:33:25:107][R][CNTNR:29376: 4280] GetSocScreenshotSupportedReason: dwRetCode(0X1)
[03:18:33:25:962][R][CNTNR:29376: 4280] GetSocVideoSupportedReason: NvFbc SocVideoCapture is not supported for all Apis(Dxs, OGL&Vulkan)
[03:18:33:25:962][R][CNTNR:29376: 4280] GetSocVideoSupportedReason: dwRetCode(0X8) SocVideoCaptureSupport:0 
[03:18:33:25:963][R][CNTNR:29376: 4280] GetHLTempPathRemovalSupportedReason: dwRetCode(0X1)
[03:18:33:25:963][R][CNTNR:29376: 4280] GetGalleryLimitSupportedReason: dwRetCode(0X1)
[03:18:33:25:963][R][CNTNR:29376: 4280] GetGPUCameraOverlaySupportedReason: driverVersion(58266)dwRetCode(0x00000006)
[03:18:33:25:964][R][CNTNR:29376: 4280] GetHEVCRecSupportedReason: dwRetCode(0X1)
[03:18:33:25:964][R][CNTNR:29376: 4280] CSettings::SaveNVEncHWCaps m_bNVEncCapsChecked[1]: 
[03:18:33:25:964][R][CNTNR:29376: 4280] CSettings::IsNVEncoderSupported: requested caps: codec[2] 10-bit-encode[0]
[03:18:33:25:965][R][CNTNR:29376: 4280] CSettings::IsNVEncoderSupported: HW NVEnc caps: codec[1] 10-bit-encode[0]
[03:18:33:25:965][R][CNTNR:29376: 4280] CSettings::IsNVEncoderSupported: HW NVEnc caps: codec[2] 10-bit-encode[1]
[03:18:33:25:965][R][CNTNR:29376: 4280] CSettings::IsHEVCRecSupported: HEVC HW support[1]
[03:18:33:25:965][R][CNTNR:29376: 4280] GetVideoCaptureRefactorSupportedReason: dwRetCode(0X1)
[03:18:33:25:965][R][CNTNR:29376: 4280] GetGPUOverlaySupportedReason: driverVersion(58266)dwRetCode(0x00000001)
[03:18:33:25:965][R][CNTNR:29376: 4280] GetOverlayRectListSupportedReason: dwRetCode(0X1)
[03:18:33:26:367][R][CNTNR:29376: 4280] GetFTSFeatureValue: FTS regkey [{8CAF4AFB-539D-47F0-881B-B586886A65C1}] not found. Value not modified. Caller SHALL assign and use appropriate value
[03:18:33:26:367][R][CNTNR:29376: 4280] Get8KSupportedReason: dwRetCode(0x00000040)
[03:18:33:26:368][R][CNTNR:29376: 4280] Get8K60FpsSupportedReason: dwRetCode(0x00000040)
[03:18:33:26:370][R][CNTNR:29376: 4280] getGpuManufactureInfo: Logical GPU:0's Info -> physicalGpuCount:1 adapterluid's LowPart:0xc018 HighPart:0x0
[03:18:33:26:949][R][CNTNR:29376: 4280] isConcurrentCaptureEnabled NvFBC concurrency support 0
[03:18:33:26:949][R][CNTNR:29376: 4280] GetSPGSConcurrencySupportedReason: dwRetCode(0x0000000A)
[03:18:33:27:730][R][CNTNR:29376: 4280] isConcurrentCaptureEnabled NvFBC concurrency support 0
[03:18:33:27:730][R][CNTNR:29376: 4280] GetSPBCConcurrencySupportedReason: dwRetCode(0x00000004)
[03:18:33:27:731][R][CNTNR:29376: 4280] GPU0: Arch: 0x130 Implementation: 0x2 
[03:18:33:27:735][R][CNTNR:29376: 4280] GetHLSupportedReason: dwRetCode(0x00000001)
[03:18:33:27:735][R][CNTNR:29376: 4280] SPGameStreamPortal = 2
[03:18:33:27:735][R][CNTNR:29376: 4280] SPGameStreamPortal = 1
[03:18:33:27:735][R][CNTNR:29376: 4280] SPGameStreamPortal = 3
[03:18:33:27:735][R][CNTNR:29376: 4280] SPGameStreamPortal = 1
[03:18:33:27:738][R][CNTNR:29376: 4280] Physical display count changed from 0 to 3
[03:18:33:27:738][R][CNTNR:29376: 4280] GSRPSR: dwRetCode(0x00000001)
[03:18:33:27:738][R][CNTNR:29376: 4280] m_bOsWin8orLater =1 m_bOsWin10orLater =1 m_bOsRS6orLater = 1 IsIcafeEnvironment = False
[03:18:33:27:738][R][CNTNR:29376: 4280] CustomRes = 0, VidWidth = 480, VidHeight = 360, RecFPS = 60.000000, DVRBufLength = 30
[03:18:33:27:738][R][CNTNR:29376: 4280] AudioMode = 3, MicMode = 0, MicPhnEnableState = True
[03:18:33:27:738][R][CNTNR:29376: 4280] DispRecIndicator = True, RecIndicatorPos = RightBottom, FPSOverlayState = 0, FPSOverlayPos = RightBottom
[03:18:33:27:738][R][CNTNR:29376: 4280] DisplayWebcam = False, WebcamPos = RightBottom, WebcamSize = Small
[03:18:33:27:739][R][CNTNR:29376: 4280] TempFilePath = N:\NVIDIA Temp, HLTempFilePath = C:\Users\SCOTCS~1\AppData\Local\Temp\Highlights
[03:18:33:27:739][R][CNTNR:29376: 4280] DispGCIndicator = True, GCIndicatorPos = RightBottom, GCRes = 3, GCFPS = 30.000000, GCFPSYTL = 30.000000
[03:18:33:27:739][R][CNTNR:29376: 4280] CoProc = False, DdsSystem = False, NBSystem = False, DTCapEnableState = True, AeroEnabled = True, MonitorHotKeysState = False, MS&A = True, DFSDE = True
[03:18:33:27:740][R][CNTNR:29376: 4280] Audio Capture Endpoint 0 Properties: [Volume:1.000000(0.000000dB)] [channels:1] [mute:NO] [HWsupport:0x3]
[03:18:33:27:740][R][CNTNR:29376: 4280] 		Channel 0 Volume : 1.000000 (0.000000dB)
[03:18:33:27:740][R][CNTNR:29376: 4280] Audio Capture Endpoint 1 Properties: [Volume:0.520000(-0.484725dB)] [channels:1] [mute:NO] [HWsupport:0x0]
[03:18:33:27:740][R][CNTNR:29376: 4280] 		Channel 0 Volume : 0.520000 (-0.484725dB)
[03:18:33:27:740][R][CNTNR:29376: 4280] Audio Capture Endpoint 2 Properties: [Volume:1.000000(31.996094dB)] [channels:1] [mute:NO] [HWsupport:0x3]
[03:18:33:27:740][R][CNTNR:29376: 4280] 		Channel 0 Volume : 1.000000 (31.996094dB)
[03:18:33:27:740][R][CNTNR:29376: 4280] CSPWorkerThread::CSPWorkerThread : given thread name[COscProcMgrThread]
[03:18:33:27:740][R][CNTNR:29376: 4280] CSPWorkerThread::Start: started [COscProcMgrThread]
[03:18:33:27:740][R][CNTNR:29376: 4280] CSPWorkerThread::CSPWorkerThread : given thread name[CHelperProcMgr]
[03:18:33:27:740][R][CNTNR:29376:23624] CSPWorkerThread::ThreadFunc: executing [COscProcMgrThread]
[03:18:33:27:741][R][CNTNR:29376: 4280] CSPWorkerThread::CSPWorkerThread : given thread name[CCaptureControlThread]
[03:18:33:27:741][R][CNTNR:29376: 4280] GetHEVCRecSupportedReason: dwRetCode(0X1)
[03:18:33:27:741][R][CNTNR:29376: 4280] CSettings::SaveNVEncHWCaps m_bNVEncCapsChecked[1]: 
[03:18:33:27:741][R][CNTNR:29376: 4280] CSettings::IsNVEncoderSupported: requested caps: codec[2] 10-bit-encode[0]
[03:18:33:27:741][R][CNTNR:29376: 4280] CSettings::IsNVEncoderSupported: HW NVEnc caps: codec[1] 10-bit-encode[0]
[03:18:33:27:741][R][CNTNR:29376: 4280] CSettings::IsNVEncoderSupported: HW NVEnc caps: codec[2] 10-bit-encode[1]
[03:18:33:27:741][R][CNTNR:29376: 4280] CSettings::IsHEVCRecSupported: HEVC HW support[1]
[03:18:33:27:741][R][CNTNR:29376: 4280] GetHEVCRecSupportedReason: dwRetCode(0X1)
[03:18:33:27:741][R][CNTNR:29376: 4280] CSettings::SaveNVEncHWCaps m_bNVEncCapsChecked[1]: 
[03:18:33:27:741][R][CNTNR:29376: 4280] CSettings::IsNVEncoderSupported: requested caps: codec[2] 10-bit-encode[1]
[03:18:33:27:741][R][CNTNR:29376: 4280] CSettings::IsNVEncoderSupported: HW NVEnc caps: codec[1] 10-bit-encode[0]
[03:18:33:27:741][R][CNTNR:29376: 4280] CSettings::IsNVEncoderSupported: HW NVEnc caps: codec[2] 10-bit-encode[1]
[03:18:33:27:741][R][CNTNR:29376: 4280] CSettings::IsHEVCRecSupported: HEVC HW support[1]
[03:18:33:27:741][R][CNTNR:29376: 4280] CSharedDataManager::CreateNextOrderMMF: Shared MMF recreation started [0] ended [0]
[03:18:33:27:741][R][CNTNR:29376: 4280] CSPWorkerThread::Start: started [CCaptureControlThread]
[03:18:33:27:741][R][CNTNR:29376: 4280] CServerImpl::SendSystemConfigurationEvent: SystemType: 1 GpuCount: 3 PowerGpu:1 PerfGpu:1 PrimaryDisplayGpu:3 SceondaryDisplayGpu:0
[03:18:33:27:741][R][CNTNR:29376:25688] CSPWorkerThread::ThreadFunc: executing [CCaptureControlThread]
[03:18:33:27:741][R][CNTNR:29376:25688] CCaptureControl::Run: Thread started
[03:18:33:27:741][E][CNTNR:29376:25688] CSettings::DeleteDVRTmpFiles: No temporary DVR files deleted, FindFirstFileW failed with error:0x3
[03:18:33:27:741][R][CNTNR:29376: 4280] CServerIpc::EnableNvFBC : IN
[03:18:33:27:741][E][CNTNR:22488:11408] ShadowPlayController::GetRequestOrigin: Invalid request 0
[03:18:33:27:767][E][dwm:1980: 1036] QueryShadowPlayDdiShimStatusIN
[03:18:33:27:844][R][CNTNR:29376: 4280] CServerIpc::EnableNvFBC: OUT ret code = 0x00000000
[03:18:33:28:403][R][CNTNR:29376: 4280] CServerIpc::ControlHeplerProcess : IN
[03:18:33:28:486][E][CNTNR:29376: 4280] KillProcess: failed to kill 27044 (error 6)
[03:18:33:28:487][E][CNTNR:29376: 4280] KillProcess: failed to kill 2992 (error 6)
[03:18:33:28:487][R][CNTNR:29376: 4280] Starting nvosc. 
[03:18:33:28:599][R][HELPR:21084: 3000] CShadowPlayHelper::UWPSetOSCDismissHotKeys: [2] eSPHKID_OSC Hotkeys set for UWP
[03:18:33:28:618][R][CNTNR:29376: 4280] Time taken to launch OSC 140 msec
[03:18:33:28:618][R][CNTNR:29376: 4280] CSPWorkerThread::CSPWorkerThread : given thread name[OSCListener]
[03:18:33:28:618][R][CNTNR:29376: 4280] CSPWorkerThread::Start: started [OSCListener]
[03:18:33:28:618][R][CNTNR:29376: 4280] CServerImpl::HandleSettingChange: IN msg(200) w(0x1) l(0x0)
[03:18:33:28:618][R][CNTNR:29376: 4280] CCaptureControl::HandleEvent: IN(200, 1, 0)
[03:18:33:28:619][R][CNTNR:29376:11976] CSPWorkerThread::ThreadFunc: executing [OSCListener]
[03:18:33:28:621][R][CNTNR:29376: 4280] CCaptureControl::HandleEvent: primary display HDR [0]
[03:18:33:28:635][E][dwm:1980: 1036] QueryShadowPlayDdiShimStatusIN
[03:18:33:28:658][R][CNTNR:29376: 4280] CServerIpc::SetSP : IN(29376, 5)
[03:18:33:28:660][E][CNTNR:22488:11408] ShadowPlayController::ValidatePIDUnknown executable path C:\My Project\NVIDIA-Shadowplay\build\NVIDIA ShadowPlay\NvContainer\genuine\nvcontainer.exe
[03:18:33:28:660][E][CNTNR:22488:11408] ShadowPlayController::SetSP: ValidatePID failed with error 0x000003F0 
[03:18:33:28:660][E][CNTNR:22488:11408] ShadowPlayServicePlugin::ProcessReceivedIpcMessage: ConfigureSP failed 0x000003F0
[03:18:33:28:660][R][CNTNR:22488:11408] ShadowPlayServicePlugin::ProcessReceivedIpcMessage: ServiceMsgTypeSP PID(29376), P(5) hRes = 0x80004005
[03:18:33:28:660][E][CNTNR:29376: 4280] CServerImpl::EnableShadowPlay: SetSP failed! 0x80004005
[03:18:33:28:662][E][NODJS:24788:10564] CShadowPlayNotifications::EnqueueNotification: m_pfnNotificationsCb(00000000) m_pMessageQueue(057BA470)
[03:18:33:28:662][E][NODJS:24788:10564] CShadowPlayNotifications::ProcessWindowMessages: EnqueueNotification failed(0x80004005)
[03:18:33:28:665][R][CNTNR:29376:28676] CSPShareStateWorker<class CRemoteLoggerHost,&public: int __cdecl CRemoteLoggerHost::FlushRemoteLog(void)>::RunOnEvents: Exit signalled
[03:18:33:28:697][R][CNTNR:29376: 4280] Time taken for shutting down OSC 32 mSec
[03:18:33:28:697][R][CNTNR:29376:23624] COscProcMgr::Run: Exiting Thread
[03:18:33:28:711][R][CNTNR:29376: 4280] CServerIpc::ControlHeplerProcess : IN
[03:18:33:28:735][R][CNTNR:29376:25688] CCaptureControl::Run: Exiting thread
[03:18:33:28:736][R][CNTNR:29376: 4280] CServerImpl::EnableShadowPlay: out pArgs[0X236E74D0] hr[0]
[03:18:33:28:736][E][CNTNR:29376: 4280] ShadowPlayServerPlugin::ProcessReceivedIpcMessage: m_pSPServer->EnableShadowPlay [0x80004005]
[03:18:33:28:737][E][NODJS:24788:11384] CShadowPlayApi::EnableShadowPlay: fail hr[0x80004005]
[03:18:33:28:737][R][NODJS:24788:11384] CShadowPlayApi::EnableShadowPlay: OUT
[03:18:33:56:699][R][SHARE:1496:16256] COverlayApi::InitObject: hr[0]
[03:18:33:56:699][R][SHARE:1496:16256] NVSP2::CreateOverlayApiInterface: overlay interface[0XEAE97370]
[03:18:33:56:700][R][SHARE:1496:16256] CreateShadowPlayApiInterface: IN ver(10008) client(0)
[03:18:33:56:700][R][SHARE:1496:16256] CShadowPlayApi::CShadowPlayApi: IN this(0XE8DA44C0)
[03:18:33:56:781][R][SHARE:1496:16256] CShadowPlayApi::CShadowPlayApi: OUT
[03:18:33:56:781][R][SHARE:1496:16256] CreateShadowPlayApiInterface: OUT ppvInterface(0XE8DA44C0)
[03:18:33:56:823][R][SHARE:1496: 7036] IpcCommonInterface::HandleJoinMessage: MessageBus joined - System: Shadowplay, Module: ShadowplayApi1496
[03:18:33:56:824][E][CNTNR:29376: 4280] CServerImpl::GetCaptureSessionParam: E_INVALIDARG m_pSettings
[03:18:33:56:824][E][CNTNR:29376: 4280] ShadowPlayServerPlugin::ProcessReceivedIpcMessage: m_pSPServer->GetCaptureSessionParam [0x80070057]
[03:18:33:56:824][E][SHARE:1496:16256] CShadowPlayApi::GetCaptureSessionParam: fail hr[0x80070057]
[03:18:33:56:824][E][SHARE:1496:16256] CApiDllWrapper::GetGPUOverlaySupported Couldn't get the GPUOverlayInfo(0x80070057)
[03:18:33:56:824][E][SHARE:1496:16256] COverlayApi::GetGPUOverlayInfo: GetGPUOverlaySupported failed = 0x80070057
[03:18:33:56:966][R][SHARE:1496:16256] CSPWorkerThread::CSPWorkerThread : given thread name[NVSPOMThread]
[03:18:33:56:969][R][SHARE:1496:16256] COverlayApi::CreateOverlay: hr[0] usingGPUOverlay[0] uiSlot[0], eFormat[21], uiWidth[1680], uiHeight[1050], uiNumBuffers[1], hOverlay[0XEB0A0550]
[03:18:33:58:568][R][NODJS:24788:12620] CShadowPlayApi::SetCaptureSessionParam: IN hSession(0XFFFFFFFF) uiCmd(13)
[03:18:33:58:569][R][CNTNR:29376: 4280] CServerImpl::SetCaptureSessionParam: IN cmd(13) hSession(0XFFFFFFFF)
[03:18:33:58:569][E][CNTNR:29376: 4280] CServerImpl::SetCaptureSessionParam: E_INVALIDARG m_pSettings
[03:18:33:58:569][E][CNTNR:29376: 4280] ShadowPlayServerPlugin::ProcessReceivedIpcMessage: m_pSPServer->SetCaptureSessionParam [0x80070057]
[03:18:33:58:570][E][NODJS:24788:12620] CShadowPlayApi::SetCaptureSessionParam: fail hr[0x80070057]
[03:18:33:58:882][E][CNTNR:29376: 4280] CServerImpl::GetProperty: E_INVALIDARG m_pSettings
[03:18:33:58:882][E][CNTNR:29376: 4280] ShadowPlayServerPlugin::ProcessReceivedIpcMessage: m_pSPServer->GetProperty [0x80070057]
[03:18:33:58:882][E][NODJS:24788:25432] CShadowPlayApi::GetProperty: FAIL[0x80070057] name DwmEnabled
[03:18:34:33:588][R][HELPR:17944:14736] CShadowPlayHelper::UWPSetOSCDismissHotKeys: [2] eSPHKID_OSC Hotkeys set for UWP
[03:18:34:33:698][R][HELPR:17944:14736] CSPRedirectionHelperUWP::CSPRedirectionHelperUWP: OUT
[03:18:34:33:698][R][HELPR:17944:14736] CShadowPlayHelper::UWPSetOSCDismissHotKeys: [2] eSPHKID_OSC Hotkeys set for UWP
[03:18:34:33:730][R][HELPR:17944:14188] IpcCommonInterface::HandleJoinMessage: MessageBus joined - System: Hotkey, Module: HotkeyPlugin
[03:18:37:06:161][E][GPUQuery_External:12608: 1172] QueryShadowPlayDdiShimStatusIN
[03:18:37:06:924][E][GPUQuery_External:17776:14740] QueryShadowPlayDdiShimStatusIN
