2026-10-03T18:11:16.775[I]: Starting NvContainer Local System container...
2026-10-03T18:11:16.794[I]: Loading fast-boot dependency...
2026-10-03T18:11:16.801[I]: fast-boot ready
2026-10-03T18:11:16.801[I]: Loading ExpressJS dependency...
2026-10-03T18:11:16.915[I]: ExpressJS ready
2026-10-03T18:11:16.916[I]: Loading HTTP dependency...
2026-10-03T18:11:16.916[I]: Creating HTTP server...
2026-10-03T18:11:16.917[I]: HTTP ready
2026-10-03T18:11:16.917[I]: Loading Socket.IO dependency...
2026-10-03T18:11:17.025[I]: Socket.IO ready
2026-10-03T18:11:17.026[I]: Loading "on-finished" dependency...
2026-10-03T18:11:17.034[I]: Loading NvPiplConfig module...
2026-10-03T18:11:17.036[I]: NvPiplConfig module loaded
2026-10-03T18:11:17.037[I]: Loading NvBackendAPI module...
2026-10-03T18:11:17.045[D]: NvBackendAPI.js: native dependency loaded
2026-10-03T18:11:17.045[I]: NvBackendAPI module loaded
2026-10-03T18:11:17.046[I]: Loading AccountAPI module...
2026-10-03T18:11:17.049[I]: Restarted user consent refresh timer of 1440 minutes.
2026-10-03T18:11:17.049[I]: AccountAPI module loaded
2026-10-03T18:11:17.049[I]: Loading DriverInstallAPI module...
2026-10-03T18:11:17.052[I]: Initializing DriverInstall.node
2026-10-03T18:11:17.052[D]: Driver Install node initialization successful
2026-10-03T18:11:17.053[I]: DriverInstallAPI module loaded
2026-10-03T18:11:17.053[I]: Loading downloaderAPI module...
2026-10-03T18:11:17.063[I]: downloaderAPI module loaded
2026-10-03T18:11:17.063[I]: Waiting for NvContainer Local System container to start...
2026-10-03T18:11:17.063[I]: NvContainer Local System container started
2026-10-03T18:11:17.068[D]: Loading NvBackendAPI DLL...
2026-10-03T18:11:17.075[D]: Calling EnsureThatBackendIsRunning...
2026-10-03T18:11:17.075[D]: EnsureThatBackendIsRunning succeded.
2026-10-03T18:11:17.079[I]: NvBackendAPI module initialized
2026-10-03T18:11:17.080[I]: NvPiplConfig initialized
2026-10-03T18:11:17.082[I]: NvAbHubAPI: Loading module...
2026-10-03T18:11:17.084[I]: Loading NvGameStreamAPI module...
2026-10-03T18:11:17.084[D]: Initializing NvAccountApi
2026-10-03T18:11:17.084[D]: NvAccountApi: Initializing NvTelemetry...
2026-10-03T18:11:17.084[D]: fts.json doesn't exist!
2026-10-03T18:11:17.084[I]: g_diffDownloadToggleMask: 0
2026-10-03T18:11:17.084[D]: Initializing downloader addon.
2026-10-03T18:11:17.087[I]: NvGameStreamAPI module loaded
2026-10-03T18:11:17.088[I]: Loading GalleryAPI module...
2026-10-03T18:11:17.088[D]: Initializing GameStreamAPI
2026-10-03T18:11:17.088[D]: Trying to insert into DLL search path the following NvContainer folder:
2026-10-03T18:11:17.088[D]: C:\Program Files (x86)\NVIDIA Corporation\NvContainer
2026-10-03T18:11:17.088[D]: Will now try to load GameStream bridge DLL from:
2026-10-03T18:11:17.088[D]: C:\Program Files (x86)\NVIDIA Corporation\NvStreamSrv\NvGfeServiceBridge.dll
2026-10-03T18:11:17.096[D]: GameStreamNode::Dll load successfull
2026-10-03T18:11:17.098[I]: GalleryAPI module loaded
2026-10-03T18:11:17.099[D]: Initializing NvGalleryAPI
2026-10-03T18:11:17.099[I]: Loading NvCameraAPI module...
2026-10-03T18:11:17.100[I]: NvGalleryAPI initialized.
2026-10-03T18:11:17.104[I]: NvCameraAPI module loaded
2026-10-03T18:11:17.104[I]: GameStreamAPI initialized.
2026-10-03T18:11:17.104[D]: Initializing NvCameraAPI
2026-10-03T18:11:17.105[D]: NvCameraAPI: calling getSharedMessageBusInterfaceSecure
2026-10-03T18:11:17.105[I]: Updated PiplConfig in NvAccount
2026-10-03T18:11:17.106[D]: Updated PiplConfig in NvBackend
2026-10-03T18:11:17.107[D]: Updated PiplConfig propogated successfully
2026-10-03T18:11:17.112[E]: SetLocalizedEndpoints internal error: [Error: failed to set localized endpoints]
2026-10-03T18:11:17.113[I]: NvGalleryAPI module initialized
2026-10-03T18:11:17.113[I]: NvGameStreamAPI module initialized
2026-10-03T18:11:17.169[D]: NvAccountApi: NvTelemetry initialization SUCCESS!
2026-10-03T18:11:17.169[I]: NvAccountApi initialized.
2026-10-03T18:11:17.169[I]: Running consent check...
2026-10-03T18:11:17.169[I]: NvAbHubAPI: Module initialized
2026-10-03T18:11:17.172[D]: NvCameraAPI: call to getSharedMessageBusInterfaceSecure done
2026-10-03T18:11:17.172[D]: NvCameraAPI: calling addObserver
2026-10-03T18:11:17.172[D]: NvCameraAPI: call to addObserver done, loading DINPUT8.dll
2026-10-03T18:11:17.173[I]: GetNvCameraDLL PATH is specified in registry 
2026-10-03T18:11:17.203[D]: GFE has functional consent: 0
2026-10-03T18:11:17.203[I]: Consent check finished
2026-10-03T18:11:17.204[D]: Loading NvBackendAPI DLL to send feedback
2026-10-03T18:11:17.216[D]: Peers on the bus as of join: NvCameraControl, GfeMessageBusPlugin, IdentityPlugin, MdnsPlugin, NvStreamControl, ServicePlugin, ShadowplayApi29432, ShadowplayServer
2026-10-03T18:11:17.264[I]: GetNvCameraDLL PATH is specified in registry 
2026-10-03T18:11:17.333[I]: Downloader addon initialized.
2026-10-03T18:11:17.334[I]: Loading NvCommonTasks...
2026-10-03T18:11:17.336[I]: NvCommonTasks loaded
2026-10-03T18:11:17.337[I]: Loading NvAutoDriverDownload module...
2026-10-03T18:11:17.339[I]: auto driver download check begins
2026-10-03T18:11:17.341[I]: NvAutoDriverDownload module loaded
2026-10-03T18:11:17.342[I]: Loading NvAutoDownload module...
2026-10-03T18:11:17.344[I]: Reshade Supported
2026-10-03T18:11:17.344[I]: NvCameraAPI initialized.
2026-10-03T18:11:17.365[I]: NvAutoDownload module loaded
2026-10-03T18:11:17.366[I]: promise chain check for updates
2026-10-03T18:11:17.366[I]: Read GFExperience version from registry: 3.28.0.412
2026-10-03T18:11:17.366[I]: Read GFExperience architecture value from registry: x64
2026-10-03T18:11:17.367[E]: Cannot read GFE 3 BETA flag from registryError: RegQueryValueExW failed with 2
2026-10-03T18:11:17.367[E]: Cannot read GFE 2 BETA flag from registryError: RegOpenKeyEx failed with 2
2026-10-03T18:11:17.367[E]: Cannot delete GFE 2 BETA flag from registryError: RegOpenKeyEx failed with 2
2026-10-03T18:11:17.367[I]: inside promise chain check for updates
2026-10-03T18:11:17.367[I]: GpuArch:  
2026-10-03T18:11:17.375[I]: Payload is [ { componentName: 'nvapp',
    registry: { nvappOTAChannel: 'Official' } } ]
2026-10-03T18:11:17.379[E]: failed to get build preference with error:  [Error: Code:2147942402::Text:Unknown error::Message:Failed to get User Info]
2026-10-03T18:11:17.379[I]: data received from audriver download enabled api: false
2026-10-03T18:11:17.380[I]: NvCameraAPI module initialized
2026-10-03T18:11:17.380[I]: Loading ShadowPlayAPI module...
2026-10-03T18:11:17.391[I]: ShadowPlayAPI initalizing...
2026-10-03T18:11:17.392[D]: Initializing NvShadowPlayAPI
2026-10-03T18:11:17.546[D]: Registering callback type: 2
2026-10-03T18:11:17.547[D]: Registering complete
2026-10-03T18:11:17.579[D]: JOIN 
2026-10-03T18:11:17.580[D]: ShadowPlay enabled on init
2026-10-03T18:11:17.582[E]: ShadowPlay is running but idle (possible crash)
2026-10-03T18:11:17.582[E]: ShadowPlay not running
2026-10-03T18:11:17.582[I]: Enabling ShadowPlay
2026-10-03T18:11:17.995[I]: GpuArch { MoboType: 'Desktop',
  BIOSVersion: 'ALASKA - 1072009::IH51VA04::American Megatrends - 50013',
  PhysicalMemoryCapacity: '17179869184',
  JarvisDeviceId: 'MDBlMDIyNDAwZTM4YTA2NTM0OTY1NmU2OTZjNjU3NDZl',
  TelemetryDeviceId:
   '77ad843b6946405c18e40e3d61e4358948814a3267b6d4574e65e72e2d9ace01',
  UserDefaultUILanguage: '1033',
  ProcessorArchitecture: 'AMD64',
  OSVersion: '10.0',
  OSBuildNumber: '26340',
  TotalPhysicalMemory: '17006096384',
  CurrentResolution: '1680x1050@75',
  PCName: 'DESKTOP-DULUKA',
  CPUName: 'Intel(R) Core(TM) i5-10400F CPU @ 2.90GHz',
  DriverVersion: '582.66',
  IsDCHDriverInstalled: '1',
  DriverType: '0',
  SLISupported: '0',
  HasActiveSLITopology: '0',
  ActiveTopologyGPUCount: '0',
  IsOptimus: '1',
  GPU:
   [ { LongGPUName: 'NVIDIA GeForce GTX 1080 Ti',
       ActualVRAMSize: '11264',
       GPURAMType: 'GDDR5X',
       VBIOSVersion: '86.02.39.00.54',
       IsQuadro: '0',
       DeviceId: '1b06',
       VendorId: '10de',
       SubSystemId: '85f1',
       SubVendorId: '1043',
       SystemType: 'DESKTOP',
       BrandType: '1',
       PhysicalGPUHandle: '0000000000000100',
       GPUArchitecture: '304',
       GPUArchRevision: '161',
       GPUArchVersion: '65552',
       GPUArchImplementation: '2',
       IsPrimary: '1' } ] }
2026-10-03T18:11:20.432[E]: SP Server run failure: -2147220941. Start failure count: 1
2026-10-03T18:11:20.433[I]: ShadowPlayAPI module initialized
2026-10-03T18:11:20.435[I]: checking for GFE Update... https://ota.nvidia.com/GFE/v1.0/self-update/?%7B%22version%22%3A%223.28.0.412%22%2C%22channel%22%3A%22Official%22%2C%22osVersion%22%3A%2210.0%22%2C%22is64bit%22%3Atrue%2C%22isOs64bit%22%3Atrue%2C%22userBuildPreference%22%3Anull%2C%22gpuArch%22%3A%22304%22%7D
2026-10-03T18:11:20.494[I]: Loading NvSDKAPI...
2026-10-03T18:11:20.505[I]: NvSDKAPI initalizing...
2026-10-03T18:11:20.507[D]: Initializing NvSDKAPI
2026-10-03T18:11:20.508[E]: File doesn't exist for reading
2026-10-03T18:11:20.509[E]: ParseTracker: Couldn't open existing tracker file, no highlights yet
2026-10-03T18:11:20.509[D]: NvSDKAPI: Initializing telemetry...
2026-10-03T18:11:20.557[D]: NvSDKAPI: telemetry initialized
2026-10-03T18:11:20.577[D]: LEAVE Shadowplay:ShadowplayApi29432
2026-10-03T18:11:20.628[I]: Start IPC thread initialization
2026-10-03T18:11:20.628[E]: Error loading MMF library
2026-10-03T18:11:20.630[D]: : Peers on the bus as of join: NvNode:SDKAPI, NvCameraControl, GfeMessageBusPlugin, SDKAPI, IdentityPlugin, MdnsPlugin, NvStreamControl, ServicePlugin, ShadowplayApi24788, ShadowplayServer
2026-10-03T18:11:20.630[D]: JOIN 
2026-10-03T18:11:20.633[I]: SDK module initialized
2026-10-03T18:11:20.633[I]: Starting HTTP server...
2026-10-03T18:11:20.634[I]: Overriding port number with 59001
2026-10-03T18:11:20.634[I]: Trying to listen http://127.0.0.1:59001
2026-10-03T18:11:20.644[I]: Server is listening at http://127.0.0.1:59001
2026-10-03T18:11:20.645[I]: Initialization complete.
2026-10-03T18:11:20.646[D]: Registering shutdown callbacks...
2026-10-03T18:11:20.765[I]: Fetching the cloudVariable...
2026-10-03T18:11:20.766[I]:  OTA response statusCode: 200
2026-10-03T18:11:20.766[I]:  OTA response headers: {"x-content-type-options":"nosniff","x-xss-protection":"1; mode=block","x-application-context":"release-service:swagger,prod,hqnv,external,hqnv-security:8686","content-type":"application/json;charset=UTF-8","expires":"Sat, 03 Oct 2026 11:11:21 GMT","cache-control":"max-age=0, no-cache, no-store","pragma":"no-cache","date":"Sat, 03 Oct 2026 11:11:21 GMT","content-length":"133","connection":"close","x-cdn-ip":"IPv4","x-cache-status":"Miss from child, Miss from parent","x-cdn-version":"v29","x-cdn":"akam","x-vdms-version":"1"}
2026-10-03T18:11:21.034[D]: Incoming request  #1: GET /Duluka/v.1.0/State
2026-10-03T18:11:21.047[D]: Response finished #1: GET /Duluka/v.1.0/State with status 404
2026-10-03T18:11:21.143[D]: Incoming request  #2: GET /ShadowPlay/v.1.0/Hotkey/openshare
2026-10-03T18:11:21.145[I]: Hotkey openshare has data {"keys":[18,88]}
2026-10-03T18:11:21.305[D]: Response finished #2: GET /ShadowPlay/v.1.0/Hotkey/openshare with status 200
2026-10-03T18:11:21.537[D]: Incoming request  #3: GET /Duluka/v.1.0/State
2026-10-03T18:11:21.539[D]: Response finished #3: GET /Duluka/v.1.0/State with status 404
2026-10-03T18:11:21.778[D]: Config data received: {"debugInfo":"General-debug-info","cloudVariables":[{"activity":{"type":"FR","id":"16b124db-4399-49f6-9a6d-524f63a69ef9","activationType":"USER_ID","name":"Force Self Update"},"result":{"type":"DEFAULT","name":"ENABLE"},"name":"IsMandatoryUpdate","metadata":{"debugInfo":"featureRollout-debug-info","disableContext":false},"value":{"IsMandatoryUpdate":true}}]}
2026-10-03T18:11:21.779[D]: Config data received: {"debugInfo":"General-debug-info","cloudVariables":[{"activity":{"type":"FR","id":"16b124db-4399-49f6-9a6d-524f63a69ef9","activationType":"USER_ID","name":"Force Self Update"},"result":{"type":"DEFAULT","name":"ENABLE"},"name":"IsMandatoryUpdate","metadata":{"debugInfo":"featureRollout-debug-info","disableContext":false},"value":{"IsMandatoryUpdate":true}}]}
2026-10-03T18:11:21.780[D]: Config CV data: true
2026-10-03T18:11:21.781[D]: Updating the status file...
2026-10-03T18:11:22.033[D]: Incoming request  #4: GET /Duluka/v.1.0/State
2026-10-03T18:11:22.035[D]: Response finished #4: GET /Duluka/v.1.0/State with status 404
2026-10-03T18:11:22.540[D]: Incoming request  #5: GET /Duluka/v.1.0/State
2026-10-03T18:11:22.541[D]: Response finished #5: GET /Duluka/v.1.0/State with status 404
2026-10-03T18:11:23.039[D]: Incoming request  #6: GET /Duluka/v.1.0/State
2026-10-03T18:11:23.041[D]: Response finished #6: GET /Duluka/v.1.0/State with status 404
2026-10-03T18:11:23.537[D]: Incoming request  #7: GET /Duluka/v.1.0/State
2026-10-03T18:11:23.538[D]: Response finished #7: GET /Duluka/v.1.0/State with status 404
2026-10-03T18:11:24.040[D]: Incoming request  #8: GET /Duluka/v.1.0/State
2026-10-03T18:11:24.042[D]: Response finished #8: GET /Duluka/v.1.0/State with status 404
2026-10-03T18:11:24.235[D]: Incoming request  #9: POST /ShadowPlay/v.1.0/Launch
2026-10-03T18:11:24.242[I]: Post Data: {"launch":true}
2026-10-03T18:11:24.243[I]: Setting ShadowPlay Enable: {"launch":true}
2026-10-03T18:11:24.244[E]: ShadowPlay is running but idle (possible crash)
2026-10-03T18:11:24.245[E]: ShadowPlay not running
2026-10-03T18:11:24.245[I]: Enabling ShadowPlay
2026-10-03T18:11:24.527[D]: Incoming request  #10: GET /Duluka/v.1.0/State
2026-10-03T18:11:24.529[D]: Response finished #10: GET /Duluka/v.1.0/State with status 404
2026-10-03T18:11:25.032[D]: Incoming request  #11: GET /Duluka/v.1.0/State
2026-10-03T18:11:25.033[D]: Response finished #11: GET /Duluka/v.1.0/State with status 404
2026-10-03T18:11:25.536[D]: Incoming request  #12: GET /Duluka/v.1.0/State
2026-10-03T18:11:25.539[D]: Response finished #12: GET /Duluka/v.1.0/State with status 404
2026-10-03T18:11:26.038[D]: Incoming request  #13: GET /Duluka/v.1.0/State
2026-10-03T18:11:26.041[D]: Response finished #13: GET /Duluka/v.1.0/State with status 404
2026-10-03T18:11:26.541[D]: Incoming request  #14: GET /Duluka/v.1.0/State
2026-10-03T18:11:26.542[D]: Response finished #14: GET /Duluka/v.1.0/State with status 404
2026-10-03T18:11:26.697[I]: Notification Message Id: 2323, wParam: 0, lParam: 0
2026-10-03T18:11:26.697[I]: Received ShadowPlay server started notification
2026-10-03T18:11:26.807[D]: JOIN 
2026-10-03T18:11:26.945[D]: JOIN 
2026-10-03T18:11:27.044[D]: Incoming request  #15: GET /Duluka/v.1.0/State
2026-10-03T18:11:27.045[D]: Response finished #15: GET /Duluka/v.1.0/State with status 404
2026-10-03T18:11:27.542[D]: Incoming request  #16: GET /Duluka/v.1.0/State
2026-10-03T18:11:27.547[D]: Response finished #16: GET /Duluka/v.1.0/State with status 404
2026-10-03T18:11:28.032[D]: Incoming request  #17: GET /Duluka/v.1.0/State
2026-10-03T18:11:28.034[D]: Response finished #17: GET /Duluka/v.1.0/State with status 404
2026-10-03T18:11:28.534[D]: Incoming request  #18: GET /Duluka/v.1.0/State
2026-10-03T18:11:28.537[D]: Response finished #18: GET /Duluka/v.1.0/State with status 404
2026-10-03T18:11:29.033[D]: Incoming request  #19: GET /Duluka/v.1.0/State
2026-10-03T18:11:29.033[D]: Response finished #19: GET /Duluka/v.1.0/State with status 404
2026-10-03T18:11:29.539[D]: Incoming request  #20: GET /Duluka/v.1.0/State
2026-10-03T18:11:29.540[D]: Response finished #20: GET /Duluka/v.1.0/State with status 404
2026-10-03T18:11:29.737[D]: LEAVE Shadowplay:ShadowplayApi3404
2026-10-03T18:11:29.793[E]: SP Server run failure: -2147467259. Start failure count: 2
2026-10-03T18:11:29.795[I]: { type: 'Error',
  code: -2147467259,
  codeText: 'Unknown/Internal error',
  message: undefined }
2026-10-03T18:11:29.797[E]: {"type":"Error","code":-2147467259,"codeText":"Unknown/Internal error"}
2026-10-03T18:11:29.800[D]: LEAVE Hotkey:HotkeyPlugin
2026-10-03T18:11:30.004[D]: Response finished #9: POST /ShadowPlay/v.1.0/Launch with status 500
2026-10-03T18:11:30.040[D]: Incoming request  #21: GET /Duluka/v.1.0/State
2026-10-03T18:11:30.042[D]: Response finished #21: GET /Duluka/v.1.0/State with status 404
2026-10-03T18:11:30.535[D]: Incoming request  #22: GET /Duluka/v.1.0/State
2026-10-03T18:11:30.535[D]: Response finished #22: GET /Duluka/v.1.0/State with status 404
2026-10-03T18:11:31.036[D]: Incoming request  #23: GET /Duluka/v.1.0/State
2026-10-03T18:11:31.038[D]: Response finished #23: GET /Duluka/v.1.0/State with status 404
2026-10-03T18:11:31.537[D]: Incoming request  #24: GET /Duluka/v.1.0/State
2026-10-03T18:11:31.538[D]: Response finished #24: GET /Duluka/v.1.0/State with status 404
2026-10-03T18:11:32.040[D]: Incoming request  #25: GET /Duluka/v.1.0/State
2026-10-03T18:11:32.042[D]: Response finished #25: GET /Duluka/v.1.0/State with status 404
2026-10-03T18:11:32.531[D]: Incoming request  #26: GET /Duluka/v.1.0/State
2026-10-03T18:11:32.532[D]: Response finished #26: GET /Duluka/v.1.0/State with status 404
2026-10-03T18:11:33.029[D]: Incoming request  #27: GET /Duluka/v.1.0/State
2026-10-03T18:11:33.030[D]: Response finished #27: GET /Duluka/v.1.0/State with status 404
2026-10-03T18:11:33.530[D]: Incoming request  #28: GET /Duluka/v.1.0/State
2026-10-03T18:11:33.532[D]: Response finished #28: GET /Duluka/v.1.0/State with status 404
2026-10-03T18:11:34.027[D]: Incoming request  #29: GET /Duluka/v.1.0/State
2026-10-03T18:11:34.028[D]: Response finished #29: GET /Duluka/v.1.0/State with status 404
2026-10-03T18:11:34.526[D]: Incoming request  #30: GET /Duluka/v.1.0/State
2026-10-03T18:11:34.527[D]: Response finished #30: GET /Duluka/v.1.0/State with status 404
2026-10-03T18:11:35.042[D]: Incoming request  #31: GET /Duluka/v.1.0/State
2026-10-03T18:11:35.044[D]: Response finished #31: GET /Duluka/v.1.0/State with status 404
2026-10-03T18:11:35.529[D]: Incoming request  #32: GET /Duluka/v.1.0/State
2026-10-03T18:11:35.530[D]: Response finished #32: GET /Duluka/v.1.0/State with status 404
2026-10-03T18:11:36.042[D]: Incoming request  #33: GET /Duluka/v.1.0/State
2026-10-03T18:11:36.043[D]: Response finished #33: GET /Duluka/v.1.0/State with status 404
2026-10-03T18:11:36.544[D]: Incoming request  #34: GET /Duluka/v.1.0/State
2026-10-03T18:11:36.546[D]: Response finished #34: GET /Duluka/v.1.0/State with status 404
2026-10-03T18:11:37.032[D]: Incoming request  #35: GET /Duluka/v.1.0/State
2026-10-03T18:11:37.033[D]: Response finished #35: GET /Duluka/v.1.0/State with status 404
2026-10-03T18:11:37.531[D]: Incoming request  #36: GET /Duluka/v.1.0/State
2026-10-03T18:11:37.532[D]: Response finished #36: GET /Duluka/v.1.0/State with status 404
2026-10-03T18:11:38.036[D]: Incoming request  #37: GET /Duluka/v.1.0/State
2026-10-03T18:11:38.038[D]: Response finished #37: GET /Duluka/v.1.0/State with status 404
2026-10-03T18:11:38.543[D]: Incoming request  #38: GET /Duluka/v.1.0/State
2026-10-03T18:11:38.545[D]: Response finished #38: GET /Duluka/v.1.0/State with status 404
2026-10-03T18:11:39.039[D]: Incoming request  #39: GET /Duluka/v.1.0/State
2026-10-03T18:11:39.042[D]: Response finished #39: GET /Duluka/v.1.0/State with status 404
2026-10-03T18:11:39.539[D]: Incoming request  #40: GET /Duluka/v.1.0/State
2026-10-03T18:11:39.540[D]: Response finished #40: GET /Duluka/v.1.0/State with status 404
2026-10-03T18:11:39.841[D]: Incoming request  #41: GET /ShadowPlay/v.1.0/Hotkey/monitor
2026-10-03T18:11:39.843[I]: { type: 'Error',
  code: -2147024809,
  codeText: 'Unknown/Internal error',
  message: undefined }
2026-10-03T18:11:39.844[E]: {"type":"Error","code":-2147024809,"codeText":"Unknown/Internal error"}
2026-10-03T18:11:39.888[D]: Response finished #41: GET /ShadowPlay/v.1.0/Hotkey/monitor with status 500
2026-10-03T18:11:40.029[D]: Incoming request  #42: GET /Duluka/v.1.0/State
2026-10-03T18:11:40.030[D]: Response finished #42: GET /Duluka/v.1.0/State with status 404
2026-10-03T18:11:40.531[D]: Incoming request  #43: GET /Duluka/v.1.0/State
2026-10-03T18:11:40.531[D]: Response finished #43: GET /Duluka/v.1.0/State with status 404
2026-10-03T18:11:41.037[D]: Incoming request  #44: GET /Duluka/v.1.0/State
2026-10-03T18:11:41.038[D]: Response finished #44: GET /Duluka/v.1.0/State with status 404
2026-10-03T18:11:41.536[D]: Incoming request  #45: GET /Duluka/v.1.0/State
2026-10-03T18:11:41.537[D]: Response finished #45: GET /Duluka/v.1.0/State with status 404
2026-10-03T18:11:42.027[D]: Incoming request  #46: GET /Duluka/v.1.0/State
2026-10-03T18:11:42.028[D]: Response finished #46: GET /Duluka/v.1.0/State with status 404
2026-10-03T18:11:42.542[D]: Incoming request  #47: GET /Duluka/v.1.0/State
2026-10-03T18:11:42.543[D]: Response finished #47: GET /Duluka/v.1.0/State with status 404
2026-10-03T18:11:43.031[D]: Incoming request  #48: GET /Duluka/v.1.0/State
2026-10-03T18:11:43.031[D]: Response finished #48: GET /Duluka/v.1.0/State with status 404
2026-10-03T18:11:43.533[D]: Incoming request  #49: GET /Duluka/v.1.0/State
2026-10-03T18:11:43.534[D]: Response finished #49: GET /Duluka/v.1.0/State with status 404
2026-10-03T18:11:44.035[D]: Incoming request  #50: GET /Duluka/v.1.0/State
2026-10-03T18:11:44.036[D]: Response finished #50: GET /Duluka/v.1.0/State with status 404
2026-10-03T18:11:44.542[D]: Incoming request  #51: GET /Duluka/v.1.0/State
2026-10-03T18:11:44.543[D]: Response finished #51: GET /Duluka/v.1.0/State with status 404
2026-10-03T18:11:45.029[D]: Incoming request  #52: GET /Duluka/v.1.0/State
2026-10-03T18:11:45.029[D]: Response finished #52: GET /Duluka/v.1.0/State with status 404
2026-10-03T18:11:45.534[D]: Incoming request  #53: GET /Duluka/v.1.0/State
2026-10-03T18:11:45.535[D]: Response finished #53: GET /Duluka/v.1.0/State with status 404
2026-10-03T18:11:46.039[D]: Incoming request  #54: GET /Duluka/v.1.0/State
2026-10-03T18:11:46.040[D]: Response finished #54: GET /Duluka/v.1.0/State with status 404
2026-10-03T18:11:46.530[D]: Incoming request  #55: GET /Duluka/v.1.0/State
2026-10-03T18:11:46.530[D]: Response finished #55: GET /Duluka/v.1.0/State with status 404
2026-10-03T18:11:47.032[D]: Incoming request  #56: GET /Duluka/v.1.0/State
2026-10-03T18:11:47.033[D]: Response finished #56: GET /Duluka/v.1.0/State with status 404
2026-10-03T18:11:47.532[D]: Incoming request  #57: GET /Duluka/v.1.0/State
2026-10-03T18:11:47.533[D]: Response finished #57: GET /Duluka/v.1.0/State with status 404
2026-10-03T18:11:48.039[D]: Incoming request  #58: GET /Duluka/v.1.0/State
2026-10-03T18:11:48.040[D]: Response finished #58: GET /Duluka/v.1.0/State with status 404
2026-10-03T18:11:48.540[D]: Incoming request  #59: GET /Duluka/v.1.0/State
2026-10-03T18:11:48.542[D]: Response finished #59: GET /Duluka/v.1.0/State with status 404
2026-10-03T18:11:49.028[D]: Incoming request  #60: GET /Duluka/v.1.0/State
2026-10-03T18:11:49.029[D]: Response finished #60: GET /Duluka/v.1.0/State with status 404
2026-10-03T18:11:49.533[D]: Incoming request  #61: GET /Duluka/v.1.0/State
2026-10-03T18:11:49.534[D]: Response finished #61: GET /Duluka/v.1.0/State with status 404
2026-10-03T18:11:50.036[D]: Incoming request  #62: GET /Duluka/v.1.0/State
2026-10-03T18:11:50.037[D]: Response finished #62: GET /Duluka/v.1.0/State with status 404
2026-10-03T18:11:50.539[D]: Incoming request  #63: GET /Duluka/v.1.0/State
2026-10-03T18:11:50.541[D]: Response finished #63: GET /Duluka/v.1.0/State with status 404
2026-10-03T18:11:51.039[D]: Incoming request  #64: GET /Duluka/v.1.0/State
2026-10-03T18:11:51.040[D]: Response finished #64: GET /Duluka/v.1.0/State with status 404
2026-10-03T18:11:51.541[D]: Incoming request  #65: GET /Duluka/v.1.0/State
2026-10-03T18:11:51.543[D]: Response finished #65: GET /Duluka/v.1.0/State with status 404
2026-10-03T18:11:52.050[D]: Incoming request  #66: GET /Duluka/v.1.0/State
2026-10-03T18:11:52.053[D]: Response finished #66: GET /Duluka/v.1.0/State with status 404
2026-10-03T18:11:52.542[D]: Incoming request  #67: GET /Duluka/v.1.0/State
2026-10-03T18:11:52.543[D]: Response finished #67: GET /Duluka/v.1.0/State with status 404
2026-10-03T18:11:53.040[D]: Incoming request  #68: GET /Duluka/v.1.0/State
2026-10-03T18:11:53.041[D]: Response finished #68: GET /Duluka/v.1.0/State with status 404
2026-10-03T18:11:53.540[D]: Incoming request  #69: GET /Duluka/v.1.0/State
2026-10-03T18:11:53.541[D]: Response finished #69: GET /Duluka/v.1.0/State with status 404
2026-10-03T18:11:54.039[D]: Incoming request  #70: GET /Duluka/v.1.0/State
2026-10-03T18:11:54.041[D]: Response finished #70: GET /Duluka/v.1.0/State with status 404
2026-10-03T18:11:54.540[D]: Incoming request  #71: GET /Duluka/v.1.0/State
2026-10-03T18:11:54.541[D]: Response finished #71: GET /Duluka/v.1.0/State with status 404
2026-10-03T18:11:55.037[D]: Incoming request  #72: GET /Duluka/v.1.0/State
2026-10-03T18:11:55.039[D]: Response finished #72: GET /Duluka/v.1.0/State with status 404
2026-10-03T18:11:55.538[D]: Incoming request  #73: GET /Duluka/v.1.0/State
2026-10-03T18:11:55.540[D]: Response finished #73: GET /Duluka/v.1.0/State with status 404
2026-10-03T18:11:56.037[D]: Incoming request  #74: GET /Duluka/v.1.0/State
2026-10-03T18:11:56.038[D]: Response finished #74: GET /Duluka/v.1.0/State with status 404
2026-10-03T18:11:56.543[D]: Incoming request  #75: GET /Duluka/v.1.0/State
2026-10-03T18:11:56.544[D]: Response finished #75: GET /Duluka/v.1.0/State with status 404
2026-10-03T18:11:57.039[D]: Incoming request  #76: GET /Duluka/v.1.0/State
2026-10-03T18:11:57.042[D]: Response finished #76: GET /Duluka/v.1.0/State with status 404
2026-10-03T18:11:57.528[D]: Incoming request  #77: GET /Duluka/v.1.0/State
2026-10-03T18:11:57.530[D]: Response finished #77: GET /Duluka/v.1.0/State with status 404
2026-10-03T18:11:58.034[D]: Incoming request  #78: GET /Duluka/v.1.0/State
2026-10-03T18:11:58.036[D]: Response finished #78: GET /Duluka/v.1.0/State with status 404
2026-10-03T18:11:58.541[D]: Incoming request  #79: GET /Duluka/v.1.0/State
2026-10-03T18:11:58.542[D]: Response finished #79: GET /Duluka/v.1.0/State with status 404
2026-10-03T18:11:59.038[D]: Incoming request  #80: GET /Duluka/v.1.0/State
2026-10-03T18:11:59.039[D]: Response finished #80: GET /Duluka/v.1.0/State with status 404
2026-10-03T18:11:59.541[D]: Incoming request  #81: GET /Duluka/v.1.0/State
2026-10-03T18:11:59.543[D]: Response finished #81: GET /Duluka/v.1.0/State with status 404
2026-10-03T18:12:00.027[D]: Incoming request  #82: GET /Duluka/v.1.0/State
2026-10-03T18:12:00.030[D]: Response finished #82: GET /Duluka/v.1.0/State with status 404
2026-10-03T18:12:00.535[D]: Incoming request  #83: GET /Duluka/v.1.0/State
2026-10-03T18:12:00.538[D]: Response finished #83: GET /Duluka/v.1.0/State with status 404
2026-10-03T18:12:01.033[D]: Incoming request  #84: GET /Duluka/v.1.0/State
2026-10-03T18:12:01.035[D]: Response finished #84: GET /Duluka/v.1.0/State with status 404
2026-10-03T18:12:01.535[D]: Incoming request  #85: GET /Duluka/v.1.0/State
2026-10-03T18:12:01.536[D]: Response finished #85: GET /Duluka/v.1.0/State with status 404
2026-10-03T18:12:02.034[D]: Incoming request  #86: GET /Duluka/v.1.0/State
2026-10-03T18:12:02.035[D]: Response finished #86: GET /Duluka/v.1.0/State with status 404
2026-10-03T18:12:02.534[D]: Incoming request  #87: GET /Duluka/v.1.0/State
2026-10-03T18:12:02.540[D]: Response finished #87: GET /Duluka/v.1.0/State with status 404
2026-10-03T18:12:03.032[D]: Incoming request  #88: GET /Duluka/v.1.0/State
2026-10-03T18:12:03.033[D]: Response finished #88: GET /Duluka/v.1.0/State with status 404
2026-10-03T18:12:03.529[D]: Incoming request  #89: GET /Duluka/v.1.0/State
2026-10-03T18:12:03.530[D]: Response finished #89: GET /Duluka/v.1.0/State with status 404
2026-10-03T18:12:04.031[D]: Incoming request  #90: GET /Duluka/v.1.0/State
2026-10-03T18:12:04.032[D]: Response finished #90: GET /Duluka/v.1.0/State with status 404
2026-10-03T18:12:04.530[D]: Incoming request  #91: GET /Duluka/v.1.0/State
2026-10-03T18:12:04.531[D]: Response finished #91: GET /Duluka/v.1.0/State with status 404
2026-10-03T18:12:05.033[D]: Incoming request  #92: GET /Duluka/v.1.0/State
2026-10-03T18:12:05.034[D]: Response finished #92: GET /Duluka/v.1.0/State with status 404
2026-10-03T18:12:05.534[D]: Incoming request  #93: GET /Duluka/v.1.0/State
2026-10-03T18:12:05.536[D]: Response finished #93: GET /Duluka/v.1.0/State with status 404
2026-10-03T18:12:06.036[D]: Incoming request  #94: GET /Duluka/v.1.0/State
2026-10-03T18:12:06.036[D]: Response finished #94: GET /Duluka/v.1.0/State with status 404
2026-10-03T18:12:06.536[D]: Incoming request  #95: GET /Duluka/v.1.0/State
2026-10-03T18:12:06.537[D]: Response finished #95: GET /Duluka/v.1.0/State with status 404
2026-10-03T18:12:07.042[D]: Incoming request  #96: GET /Duluka/v.1.0/State
2026-10-03T18:12:07.043[D]: Response finished #96: GET /Duluka/v.1.0/State with status 404
2026-10-03T18:12:07.539[D]: Incoming request  #97: GET /Duluka/v.1.0/State
2026-10-03T18:12:07.540[D]: Response finished #97: GET /Duluka/v.1.0/State with status 404
2026-10-03T18:12:08.029[D]: Incoming request  #98: GET /Duluka/v.1.0/State
2026-10-03T18:12:08.030[D]: Response finished #98: GET /Duluka/v.1.0/State with status 404
2026-10-03T18:12:08.539[D]: Incoming request  #99: GET /Duluka/v.1.0/State
2026-10-03T18:12:08.540[D]: Response finished #99: GET /Duluka/v.1.0/State with status 404
2026-10-03T18:12:09.029[D]: Incoming request  #100: GET /Duluka/v.1.0/State
2026-10-03T18:12:09.030[D]: Response finished #100: GET /Duluka/v.1.0/State with status 404
2026-10-03T18:12:09.532[D]: Incoming request  #101: GET /Duluka/v.1.0/State
2026-10-03T18:12:09.534[D]: Response finished #101: GET /Duluka/v.1.0/State with status 404
2026-10-03T18:12:10.036[D]: Incoming request  #102: GET /Duluka/v.1.0/State
2026-10-03T18:12:10.037[D]: Response finished #102: GET /Duluka/v.1.0/State with status 404
2026-10-03T18:12:10.539[D]: Incoming request  #103: GET /Duluka/v.1.0/State
2026-10-03T18:12:10.539[D]: Response finished #103: GET /Duluka/v.1.0/State with status 404
2026-10-03T18:12:11.039[D]: Incoming request  #104: GET /Duluka/v.1.0/State
2026-10-03T18:12:11.040[D]: Response finished #104: GET /Duluka/v.1.0/State with status 404
2026-10-03T18:12:11.537[D]: Incoming request  #105: GET /Duluka/v.1.0/State
2026-10-03T18:12:11.537[D]: Response finished #105: GET /Duluka/v.1.0/State with status 404
2026-10-03T18:12:12.036[D]: Incoming request  #106: GET /Duluka/v.1.0/State
2026-10-03T18:12:12.037[D]: Response finished #106: GET /Duluka/v.1.0/State with status 404
2026-10-03T18:12:12.536[D]: Incoming request  #107: GET /Duluka/v.1.0/State
2026-10-03T18:12:12.538[D]: Response finished #107: GET /Duluka/v.1.0/State with status 404
2026-10-03T18:12:13.036[D]: Incoming request  #108: GET /Duluka/v.1.0/State
2026-10-03T18:12:13.038[D]: Response finished #108: GET /Duluka/v.1.0/State with status 404
2026-10-03T18:12:13.537[D]: Incoming request  #109: GET /Duluka/v.1.0/State
2026-10-03T18:12:13.538[D]: Response finished #109: GET /Duluka/v.1.0/State with status 404
2026-10-03T18:12:14.041[D]: Incoming request  #110: GET /Duluka/v.1.0/State
2026-10-03T18:12:14.043[D]: Response finished #110: GET /Duluka/v.1.0/State with status 404
2026-10-03T18:12:14.541[D]: Incoming request  #111: GET /Duluka/v.1.0/State
2026-10-03T18:12:14.541[D]: Response finished #111: GET /Duluka/v.1.0/State with status 404
2026-10-03T18:12:15.047[D]: Incoming request  #112: GET /Duluka/v.1.0/State
2026-10-03T18:12:15.057[D]: Response finished #112: GET /Duluka/v.1.0/State with status 404
2026-10-03T18:12:15.541[D]: Incoming request  #113: GET /Duluka/v.1.0/State
2026-10-03T18:12:15.541[D]: Response finished #113: GET /Duluka/v.1.0/State with status 404
2026-10-03T18:12:16.041[D]: Incoming request  #114: GET /Duluka/v.1.0/State
2026-10-03T18:12:16.042[D]: Response finished #114: GET /Duluka/v.1.0/State with status 404
2026-10-03T18:12:16.527[D]: Incoming request  #115: GET /Duluka/v.1.0/State
2026-10-03T18:12:16.531[D]: Response finished #115: GET /Duluka/v.1.0/State with status 404
2026-10-03T18:12:17.030[D]: Incoming request  #116: GET /Duluka/v.1.0/State
2026-10-03T18:12:17.033[D]: Response finished #116: GET /Duluka/v.1.0/State with status 404
2026-10-03T18:12:17.537[D]: Incoming request  #117: GET /Duluka/v.1.0/State
2026-10-03T18:12:17.538[D]: Response finished #117: GET /Duluka/v.1.0/State with status 404
2026-10-03T18:12:18.031[D]: Incoming request  #118: GET /Duluka/v.1.0/State
2026-10-03T18:12:18.032[D]: Response finished #118: GET /Duluka/v.1.0/State with status 404
2026-10-03T18:12:18.530[D]: Incoming request  #119: GET /Duluka/v.1.0/State
2026-10-03T18:12:18.532[D]: Response finished #119: GET /Duluka/v.1.0/State with status 404
2026-10-03T18:12:19.032[D]: Incoming request  #120: GET /Duluka/v.1.0/State
2026-10-03T18:12:19.032[D]: Response finished #120: GET /Duluka/v.1.0/State with status 404
2026-10-03T18:12:19.537[D]: Incoming request  #121: GET /Duluka/v.1.0/State
2026-10-03T18:12:19.537[D]: Response finished #121: GET /Duluka/v.1.0/State with status 404
2026-10-03T18:12:20.040[D]: Incoming request  #122: GET /Duluka/v.1.0/State
2026-10-03T18:12:20.041[D]: Response finished #122: GET /Duluka/v.1.0/State with status 404
2026-10-03T18:12:20.537[D]: Incoming request  #123: GET /Duluka/v.1.0/State
2026-10-03T18:12:20.538[D]: Response finished #123: GET /Duluka/v.1.0/State with status 404
2026-10-03T18:12:21.039[D]: Incoming request  #124: GET /Duluka/v.1.0/State
2026-10-03T18:12:21.041[D]: Response finished #124: GET /Duluka/v.1.0/State with status 404
2026-10-03T18:12:21.534[D]: Incoming request  #125: GET /Duluka/v.1.0/State
2026-10-03T18:12:21.535[D]: Response finished #125: GET /Duluka/v.1.0/State with status 404
2026-10-03T18:12:22.037[D]: Incoming request  #126: GET /Duluka/v.1.0/State
2026-10-03T18:12:22.038[D]: Response finished #126: GET /Duluka/v.1.0/State with status 404
2026-10-03T18:12:22.542[D]: Incoming request  #127: GET /Duluka/v.1.0/State
2026-10-03T18:12:22.542[D]: Response finished #127: GET /Duluka/v.1.0/State with status 404
2026-10-03T18:12:23.031[D]: Incoming request  #128: GET /Duluka/v.1.0/State
2026-10-03T18:12:23.032[D]: Response finished #128: GET /Duluka/v.1.0/State with status 404
2026-10-03T18:12:23.533[D]: Incoming request  #129: GET /Duluka/v.1.0/State
2026-10-03T18:12:23.535[D]: Response finished #129: GET /Duluka/v.1.0/State with status 404
2026-10-03T18:12:24.036[D]: Incoming request  #130: GET /Duluka/v.1.0/State
2026-10-03T18:12:24.039[D]: Response finished #130: GET /Duluka/v.1.0/State with status 404
2026-10-03T18:12:24.537[D]: Incoming request  #131: GET /Duluka/v.1.0/State
2026-10-03T18:12:24.538[D]: Response finished #131: GET /Duluka/v.1.0/State with status 404
2026-10-03T18:12:25.038[D]: Incoming request  #132: GET /Duluka/v.1.0/State
2026-10-03T18:12:25.040[D]: Response finished #132: GET /Duluka/v.1.0/State with status 404
2026-10-03T18:12:25.546[D]: Incoming request  #133: GET /Duluka/v.1.0/State
2026-10-03T18:12:25.547[D]: Response finished #133: GET /Duluka/v.1.0/State with status 404
2026-10-03T18:12:26.028[D]: Incoming request  #134: GET /Duluka/v.1.0/State
2026-10-03T18:12:26.029[D]: Response finished #134: GET /Duluka/v.1.0/State with status 404
2026-10-03T18:12:26.534[D]: Incoming request  #135: GET /Duluka/v.1.0/State
2026-10-03T18:12:26.535[D]: Response finished #135: GET /Duluka/v.1.0/State with status 404
2026-10-03T18:12:27.029[D]: Incoming request  #136: GET /Duluka/v.1.0/State
2026-10-03T18:12:27.030[D]: Response finished #136: GET /Duluka/v.1.0/State with status 404
2026-10-03T18:12:27.531[D]: Incoming request  #137: GET /Duluka/v.1.0/State
2026-10-03T18:12:27.532[D]: Response finished #137: GET /Duluka/v.1.0/State with status 404
2026-10-03T18:12:28.041[D]: Incoming request  #138: GET /Duluka/v.1.0/State
2026-10-03T18:12:28.042[D]: Response finished #138: GET /Duluka/v.1.0/State with status 404
2026-10-03T18:12:28.537[D]: Incoming request  #139: GET /Duluka/v.1.0/State
2026-10-03T18:12:28.538[D]: Response finished #139: GET /Duluka/v.1.0/State with status 404
2026-10-03T18:12:29.039[D]: Incoming request  #140: GET /Duluka/v.1.0/State
2026-10-03T18:12:29.042[D]: Response finished #140: GET /Duluka/v.1.0/State with status 404
2026-10-03T18:12:29.540[D]: Incoming request  #141: GET /Duluka/v.1.0/State
2026-10-03T18:12:29.541[D]: Response finished #141: GET /Duluka/v.1.0/State with status 404
2026-10-03T18:12:30.027[D]: Incoming request  #142: GET /Duluka/v.1.0/State
2026-10-03T18:12:30.028[D]: Response finished #142: GET /Duluka/v.1.0/State with status 404
2026-10-03T18:12:30.530[D]: Incoming request  #143: GET /Duluka/v.1.0/State
2026-10-03T18:12:30.531[D]: Response finished #143: GET /Duluka/v.1.0/State with status 404
2026-10-03T18:12:31.030[D]: Incoming request  #144: GET /Duluka/v.1.0/State
2026-10-03T18:12:31.030[D]: Response finished #144: GET /Duluka/v.1.0/State with status 404
2026-10-03T18:12:31.535[D]: Incoming request  #145: GET /Duluka/v.1.0/State
2026-10-03T18:12:31.535[D]: Response finished #145: GET /Duluka/v.1.0/State with status 404
2026-10-03T18:12:32.039[D]: Incoming request  #146: GET /Duluka/v.1.0/State
2026-10-03T18:12:32.039[D]: Response finished #146: GET /Duluka/v.1.0/State with status 404
2026-10-03T18:12:32.531[D]: Incoming request  #147: GET /Duluka/v.1.0/State
2026-10-03T18:12:32.532[D]: Response finished #147: GET /Duluka/v.1.0/State with status 404
2026-10-03T18:12:33.036[D]: Incoming request  #148: GET /Duluka/v.1.0/State
2026-10-03T18:12:33.037[D]: Response finished #148: GET /Duluka/v.1.0/State with status 404
2026-10-03T18:12:33.535[D]: Incoming request  #149: GET /Duluka/v.1.0/State
2026-10-03T18:12:33.535[D]: Response finished #149: GET /Duluka/v.1.0/State with status 404
2026-10-03T18:12:34.080[D]: Incoming request  #150: GET /Duluka/v.1.0/State
2026-10-03T18:12:34.081[D]: Response finished #150: GET /Duluka/v.1.0/State with status 404
2026-10-03T18:12:34.543[D]: Incoming request  #151: GET /Duluka/v.1.0/State
2026-10-03T18:12:34.544[D]: Response finished #151: GET /Duluka/v.1.0/State with status 404
2026-10-03T18:12:35.030[D]: Incoming request  #152: GET /Duluka/v.1.0/State
2026-10-03T18:12:35.031[D]: Response finished #152: GET /Duluka/v.1.0/State with status 404
2026-10-03T18:12:35.533[D]: Incoming request  #153: GET /Duluka/v.1.0/State
2026-10-03T18:12:35.534[D]: Response finished #153: GET /Duluka/v.1.0/State with status 404
2026-10-03T18:12:36.041[D]: Incoming request  #154: GET /Duluka/v.1.0/State
2026-10-03T18:12:36.042[D]: Response finished #154: GET /Duluka/v.1.0/State with status 404
2026-10-03T18:12:36.543[D]: Incoming request  #155: GET /Duluka/v.1.0/State
2026-10-03T18:12:36.543[D]: Response finished #155: GET /Duluka/v.1.0/State with status 404
2026-10-03T18:12:37.030[D]: Incoming request  #156: GET /Duluka/v.1.0/State
2026-10-03T18:12:37.031[D]: Response finished #156: GET /Duluka/v.1.0/State with status 404
2026-10-03T18:12:37.533[D]: Incoming request  #157: GET /Duluka/v.1.0/State
2026-10-03T18:12:37.534[D]: Response finished #157: GET /Duluka/v.1.0/State with status 404
2026-10-03T18:12:38.035[D]: Incoming request  #158: GET /Duluka/v.1.0/State
2026-10-03T18:12:38.036[D]: Response finished #158: GET /Duluka/v.1.0/State with status 404
2026-10-03T18:12:38.535[D]: Incoming request  #159: GET /Duluka/v.1.0/State
2026-10-03T18:12:38.536[D]: Response finished #159: GET /Duluka/v.1.0/State with status 404
2026-10-03T18:12:39.027[D]: Incoming request  #160: GET /Duluka/v.1.0/State
2026-10-03T18:12:39.027[D]: Response finished #160: GET /Duluka/v.1.0/State with status 404
2026-10-03T18:12:39.529[D]: Incoming request  #161: GET /Duluka/v.1.0/State
2026-10-03T18:12:39.529[D]: Response finished #161: GET /Duluka/v.1.0/State with status 404
2026-10-03T18:12:40.030[D]: Incoming request  #162: GET /Duluka/v.1.0/State
2026-10-03T18:12:40.033[D]: Response finished #162: GET /Duluka/v.1.0/State with status 404
2026-10-03T18:12:40.533[D]: Incoming request  #163: GET /Duluka/v.1.0/State
2026-10-03T18:12:40.535[D]: Response finished #163: GET /Duluka/v.1.0/State with status 404
2026-10-03T18:12:41.031[D]: Incoming request  #164: GET /Duluka/v.1.0/State
2026-10-03T18:12:41.033[D]: Response finished #164: GET /Duluka/v.1.0/State with status 404
2026-10-03T18:12:41.534[D]: Incoming request  #165: GET /Duluka/v.1.0/State
2026-10-03T18:12:41.535[D]: Response finished #165: GET /Duluka/v.1.0/State with status 404
2026-10-03T18:12:42.036[D]: Incoming request  #166: GET /Duluka/v.1.0/State
2026-10-03T18:12:42.037[D]: Response finished #166: GET /Duluka/v.1.0/State with status 404
2026-10-03T18:12:42.527[D]: Incoming request  #167: GET /Duluka/v.1.0/State
2026-10-03T18:12:42.528[D]: Response finished #167: GET /Duluka/v.1.0/State with status 404
2026-10-03T18:12:43.030[D]: Incoming request  #168: GET /Duluka/v.1.0/State
2026-10-03T18:12:43.033[D]: Response finished #168: GET /Duluka/v.1.0/State with status 404
2026-10-03T18:12:43.533[D]: Incoming request  #169: GET /Duluka/v.1.0/State
2026-10-03T18:12:43.534[D]: Response finished #169: GET /Duluka/v.1.0/State with status 404
2026-10-03T18:12:44.036[D]: Incoming request  #170: GET /Duluka/v.1.0/State
2026-10-03T18:12:44.036[D]: Response finished #170: GET /Duluka/v.1.0/State with status 404
2026-10-03T18:12:44.541[D]: Incoming request  #171: GET /Duluka/v.1.0/State
2026-10-03T18:12:44.542[D]: Response finished #171: GET /Duluka/v.1.0/State with status 404
2026-10-03T18:12:45.029[D]: Incoming request  #172: GET /Duluka/v.1.0/State
2026-10-03T18:12:45.031[D]: Response finished #172: GET /Duluka/v.1.0/State with status 404
2026-10-03T18:12:45.532[D]: Incoming request  #173: GET /Duluka/v.1.0/State
2026-10-03T18:12:45.532[D]: Response finished #173: GET /Duluka/v.1.0/State with status 404
2026-10-03T18:12:46.039[D]: Incoming request  #174: GET /Duluka/v.1.0/State
2026-10-03T18:12:46.040[D]: Response finished #174: GET /Duluka/v.1.0/State with status 404
2026-10-03T18:12:46.534[D]: Incoming request  #175: GET /Duluka/v.1.0/State
2026-10-03T18:12:46.534[D]: Response finished #175: GET /Duluka/v.1.0/State with status 404
2026-10-03T18:12:47.040[D]: Incoming request  #176: GET /Duluka/v.1.0/State
2026-10-03T18:12:47.041[D]: Response finished #176: GET /Duluka/v.1.0/State with status 404
2026-10-03T18:12:47.531[D]: Incoming request  #177: GET /Duluka/v.1.0/State
2026-10-03T18:12:47.531[D]: Response finished #177: GET /Duluka/v.1.0/State with status 404
2026-10-03T18:12:48.034[D]: Incoming request  #178: GET /Duluka/v.1.0/State
2026-10-03T18:12:48.035[D]: Response finished #178: GET /Duluka/v.1.0/State with status 404
2026-10-03T18:12:48.538[D]: Incoming request  #179: GET /Duluka/v.1.0/State
2026-10-03T18:12:48.539[D]: Response finished #179: GET /Duluka/v.1.0/State with status 404
2026-10-03T18:12:49.040[D]: Incoming request  #180: GET /Duluka/v.1.0/State
2026-10-03T18:12:49.042[D]: Response finished #180: GET /Duluka/v.1.0/State with status 404
2026-10-03T18:12:49.542[D]: Incoming request  #181: GET /Duluka/v.1.0/State
2026-10-03T18:12:49.543[D]: Response finished #181: GET /Duluka/v.1.0/State with status 404
2026-10-03T18:12:50.030[D]: Incoming request  #182: GET /Duluka/v.1.0/State
2026-10-03T18:12:50.033[D]: Response finished #182: GET /Duluka/v.1.0/State with status 404
2026-10-03T18:12:50.387[D]: Incoming request  #183: GET /ShadowPlay/v.1.0/Hotkey/openshare
2026-10-03T18:12:50.389[I]: Hotkey openshare has data {"keys":[18,88]}
2026-10-03T18:12:50.535[D]: Response finished #183: GET /ShadowPlay/v.1.0/Hotkey/openshare with status 200
2026-10-03T18:12:50.537[D]: Incoming request  #184: GET /Duluka/v.1.0/State
2026-10-03T18:12:50.539[D]: Response finished #184: GET /Duluka/v.1.0/State with status 404
2026-10-03T18:12:50.894[D]: JOIN 
2026-10-03T18:12:51.035[D]: Incoming request  #185: GET /Duluka/v.1.0/State
2026-10-03T18:12:51.037[D]: Response finished #185: GET /Duluka/v.1.0/State with status 404
2026-10-03T18:12:51.542[D]: Incoming request  #186: GET /Duluka/v.1.0/State
2026-10-03T18:12:51.544[D]: Response finished #186: GET /Duluka/v.1.0/State with status 404
2026-10-03T18:12:52.035[D]: Incoming request  #187: GET /Duluka/v.1.0/State
2026-10-03T18:12:52.036[D]: Response finished #187: GET /Duluka/v.1.0/State with status 404
2026-10-03T18:12:52.399[D]: Incoming request  #188: GET /PiplConfig/v.1.0/data
2026-10-03T18:12:52.400[I]: Get PiplConfig
2026-10-03T18:12:52.401[D]: Response finished #188: GET /PiplConfig/v.1.0/data with status 200
2026-10-03T18:12:52.407[D]: Incoming request  #189: GET /HardwareInformation/v.0.1
2026-10-03T18:12:52.540[D]: Incoming request  #190: GET /Duluka/v.1.0/State
2026-10-03T18:12:52.541[D]: Response finished #190: GET /Duluka/v.1.0/State with status 404
2026-10-03T18:12:52.928[D]: Request GET /HardwareInformation/v.0.1 succeeded and driver version is 582.66
2026-10-03T18:12:52.932[D]: Incoming request  #191: GET /Account/v.1.0/UserToken
2026-10-03T18:12:52.933[D]: Response finished #189: GET /HardwareInformation/v.0.1 with status 200
2026-10-03T18:12:52.934[I]: { type: 'Error',
  code: 2147942402,
  codeText: 'Unknown error',
  message: 'Failed to get User Info' }
2026-10-03T18:12:52.935[E]: {"type":"Error","code":2147942402,"codeText":"Unknown error","message":"Failed to get User Info"}
2026-10-03T18:12:52.952[D]: Response finished #191: GET /Account/v.1.0/UserToken with status 500
2026-10-03T18:12:52.954[I]: Socket HkrTA7DDASchWPH_AAAA connected
2026-10-03T18:12:52.956[D]: Incoming request  #192: GET /Account/v.1.0/UserToken
2026-10-03T18:12:52.957[I]: { type: 'Error',
  code: 2147942402,
  codeText: 'Unknown error',
  message: 'Failed to get User Info' }
2026-10-03T18:12:52.957[E]: {"type":"Error","code":2147942402,"codeText":"Unknown error","message":"Failed to get User Info"}
2026-10-03T18:12:52.958[D]: Response finished #192: GET /Account/v.1.0/UserToken with status 500
2026-10-03T18:12:52.999[D]: Incoming request  #193: GET /Account/v.1.0/PrivacySettings?clientId=undefined
2026-10-03T18:12:53.000[D]: Incoming request  #194: POST /ShadowPlay/v.1.0/Hotkey/DynamicToggle
2026-10-03T18:12:53.001[I]: Post Data: {"enable":true,"hotkeyNames":["broadcasttoggle","broadcastpausetoggle"]}
2026-10-03T18:12:53.003[I]: HotkeyDynamicToggle with data {"enable":true,"hotkeyNames":["broadcasttoggle","broadcastpausetoggle"]}
2026-10-03T18:12:53.006[E]: SetCaptureSessionParam: session:4294967295, cmd:13
2026-10-03T18:12:53.009[I]: { type: 'Error',
  code: -2147024809,
  codeText: 'Unknown/Internal error',
  message: undefined }
2026-10-03T18:12:53.010[E]: {"type":"Error","code":-2147024809,"codeText":"Unknown/Internal error"}
2026-10-03T18:12:53.012[D]: Response finished #193: GET /Account/v.1.0/PrivacySettings?clientId=undefined with status 200
2026-10-03T18:12:53.012[D]: Response finished #194: POST /ShadowPlay/v.1.0/Hotkey/DynamicToggle with status 500
2026-10-03T18:12:53.021[D]: Incoming request  #195: GET /ShadowPlay/v.1.0/Launch
2026-10-03T18:12:53.024[I]: ShadowPlay Launch state: {"launch":true}
2026-10-03T18:12:53.026[D]: Incoming request  #196: GET /HardwareInformation/v.0.1
2026-10-03T18:12:53.026[D]: Response finished #195: GET /ShadowPlay/v.1.0/Launch with status 200
2026-10-03T18:12:53.030[D]: Incoming request  #197: GET /Duluka/v.1.0/State
2026-10-03T18:12:53.032[D]: Response finished #197: GET /Duluka/v.1.0/State with status 404
2026-10-03T18:12:53.304[D]: Incoming request  #198: GET /Settings/v.1.0/Language
2026-10-03T18:12:53.305[I]: Language:undefined
2026-10-03T18:12:53.305[D]: Response finished #198: GET /Settings/v.1.0/Language with status 200
2026-10-03T18:12:53.309[D]: Incoming request  #199: GET /ShadowPlay/v.1.0/Capture/State
2026-10-03T18:12:53.314[I]: { type: 'Error',
  code: -2147024809,
  codeText: 'Unknown/Internal error',
  message: undefined }
2026-10-03T18:12:53.315[E]: {"type":"Error","code":-2147024809,"codeText":"Unknown/Internal error"}
2026-10-03T18:12:53.316[D]: Incoming request  #200: GET /gfeupdate/autoGFEDownload/autoGFEbeta
2026-10-03T18:12:53.317[D]: Response finished #199: GET /ShadowPlay/v.1.0/Capture/State with status 500
2026-10-03T18:12:53.317[D]: Response finished #200: GET /gfeupdate/autoGFEDownload/autoGFEbeta with status 200
2026-10-03T18:12:53.323[D]: Incoming request  #201: GET /beta
2026-10-03T18:12:53.325[D]: Response finished #201: GET /beta with status 200
2026-10-03T18:12:53.398[D]: Request GET /HardwareInformation/v.0.1 succeeded and driver version is 582.66
2026-10-03T18:12:53.419[D]: Response finished #196: GET /HardwareInformation/v.0.1 with status 200
2026-10-03T18:12:53.530[D]: Incoming request  #202: GET /Duluka/v.1.0/State
2026-10-03T18:12:53.532[D]: Response finished #202: GET /Duluka/v.1.0/State with status 404
2026-10-03T18:12:54.036[D]: Incoming request  #203: GET /Duluka/v.1.0/State
2026-10-03T18:12:54.037[D]: Response finished #203: GET /Duluka/v.1.0/State with status 404
2026-10-03T18:12:54.535[D]: Incoming request  #204: GET /Duluka/v.1.0/State
2026-10-03T18:12:54.537[D]: Response finished #204: GET /Duluka/v.1.0/State with status 404
2026-10-03T18:12:55.038[D]: Incoming request  #205: GET /Duluka/v.1.0/State
2026-10-03T18:12:55.039[D]: Response finished #205: GET /Duluka/v.1.0/State with status 404
2026-10-03T18:12:55.537[D]: Incoming request  #206: GET /Duluka/v.1.0/State
2026-10-03T18:12:55.537[D]: Response finished #206: GET /Duluka/v.1.0/State with status 404
2026-10-03T18:12:56.046[D]: Incoming request  #207: GET /Duluka/v.1.0/State
2026-10-03T18:12:56.047[D]: Response finished #207: GET /Duluka/v.1.0/State with status 404
2026-10-03T18:12:56.527[D]: Incoming request  #208: GET /Duluka/v.1.0/State
2026-10-03T18:12:56.527[D]: Response finished #208: GET /Duluka/v.1.0/State with status 404
2026-10-03T18:12:57.031[D]: Incoming request  #209: GET /Duluka/v.1.0/State
2026-10-03T18:12:57.032[D]: Response finished #209: GET /Duluka/v.1.0/State with status 404
2026-10-03T18:12:57.536[D]: Incoming request  #210: GET /Duluka/v.1.0/State
2026-10-03T18:12:57.537[D]: Response finished #210: GET /Duluka/v.1.0/State with status 404
2026-10-03T18:12:58.031[D]: Incoming request  #211: GET /Duluka/v.1.0/State
2026-10-03T18:12:58.032[D]: Response finished #211: GET /Duluka/v.1.0/State with status 404
2026-10-03T18:12:58.529[D]: Incoming request  #212: GET /Duluka/v.1.0/State
2026-10-03T18:12:58.530[D]: Response finished #212: GET /Duluka/v.1.0/State with status 404
2026-10-03T18:12:59.034[D]: Incoming request  #213: GET /Duluka/v.1.0/State
2026-10-03T18:12:59.034[D]: Response finished #213: GET /Duluka/v.1.0/State with status 404
2026-10-03T18:12:59.538[D]: Incoming request  #214: GET /Duluka/v.1.0/State
2026-10-03T18:12:59.539[D]: Response finished #214: GET /Duluka/v.1.0/State with status 404
2026-10-03T18:13:00.031[D]: Incoming request  #215: GET /Duluka/v.1.0/State
2026-10-03T18:13:00.032[D]: Response finished #215: GET /Duluka/v.1.0/State with status 404
2026-10-03T18:13:00.528[D]: Incoming request  #216: GET /Duluka/v.1.0/State
2026-10-03T18:13:00.529[D]: Response finished #216: GET /Duluka/v.1.0/State with status 404
2026-10-03T18:13:01.028[D]: Incoming request  #217: GET /Duluka/v.1.0/State
2026-10-03T18:13:01.029[D]: Response finished #217: GET /Duluka/v.1.0/State with status 404
2026-10-03T18:13:01.530[D]: Incoming request  #218: GET /Duluka/v.1.0/State
2026-10-03T18:13:01.531[D]: Response finished #218: GET /Duluka/v.1.0/State with status 404
2026-10-03T18:13:02.036[D]: Incoming request  #219: GET /Duluka/v.1.0/State
2026-10-03T18:13:02.037[D]: Response finished #219: GET /Duluka/v.1.0/State with status 404
2026-10-03T18:13:02.538[D]: Incoming request  #220: GET /Duluka/v.1.0/State
2026-10-03T18:13:02.539[D]: Response finished #220: GET /Duluka/v.1.0/State with status 404
2026-10-03T18:13:03.038[D]: Incoming request  #221: GET /Duluka/v.1.0/State
2026-10-03T18:13:03.040[D]: Response finished #221: GET /Duluka/v.1.0/State with status 404
2026-10-03T18:13:03.537[D]: Incoming request  #222: GET /Duluka/v.1.0/State
2026-10-03T18:13:03.538[D]: Response finished #222: GET /Duluka/v.1.0/State with status 404
2026-10-03T18:13:04.038[D]: Incoming request  #223: GET /Duluka/v.1.0/State
2026-10-03T18:13:04.042[D]: Response finished #223: GET /Duluka/v.1.0/State with status 404
2026-10-03T18:13:04.537[D]: Incoming request  #224: GET /Duluka/v.1.0/State
2026-10-03T18:13:04.538[D]: Response finished #224: GET /Duluka/v.1.0/State with status 404
2026-10-03T18:13:05.041[D]: Incoming request  #225: GET /Duluka/v.1.0/State
2026-10-03T18:13:05.042[D]: Response finished #225: GET /Duluka/v.1.0/State with status 404
2026-10-03T18:13:05.527[D]: Incoming request  #226: GET /Duluka/v.1.0/State
2026-10-03T18:13:05.527[D]: Response finished #226: GET /Duluka/v.1.0/State with status 404
2026-10-03T18:13:05.603[D]: Incoming request  #227: POST /ShadowPlay/v.1.0/Launch
2026-10-03T18:13:05.607[I]: Post Data: {"launch":true}
2026-10-03T18:13:05.608[I]: Setting ShadowPlay Enable: {"launch":true}
2026-10-03T18:13:05.609[D]: ShadowPlay already running
2026-10-03T18:13:05.609[D]: Registering callback type: 1
2026-10-03T18:13:05.653[D]: JOIN 
2026-10-03T18:13:05.763[D]: Registering complete
2026-10-03T18:13:05.763[D]: Registering callback type: 3
2026-10-03T18:13:05.763[D]: Registering complete
2026-10-03T18:13:05.763[E]: GetCaptureSessionParam: session:4294967295, cmd:12
2026-10-03T18:13:05.765[E]: Failed to get capture state:-2147024809
2026-10-03T18:13:06.000[D]: Response finished #227: POST /ShadowPlay/v.1.0/Launch with status 200
2026-10-03T18:13:06.033[D]: Incoming request  #228: GET /Duluka/v.1.0/State
2026-10-03T18:13:06.034[D]: Response finished #228: GET /Duluka/v.1.0/State with status 404
2026-10-03T18:13:06.534[D]: Incoming request  #229: GET /Duluka/v.1.0/State
2026-10-03T18:13:06.535[D]: Response finished #229: GET /Duluka/v.1.0/State with status 404
2026-10-03T18:13:07.043[D]: Incoming request  #230: GET /Duluka/v.1.0/State
2026-10-03T18:13:07.045[D]: Response finished #230: GET /Duluka/v.1.0/State with status 404
2026-10-03T18:13:07.536[D]: Incoming request  #231: GET /Duluka/v.1.0/State
2026-10-03T18:13:07.537[D]: Response finished #231: GET /Duluka/v.1.0/State with status 404
2026-10-03T18:13:08.029[D]: Incoming request  #232: GET /Duluka/v.1.0/State
2026-10-03T18:13:08.031[D]: Response finished #232: GET /Duluka/v.1.0/State with status 404
2026-10-03T18:13:08.533[D]: Incoming request  #233: GET /Duluka/v.1.0/State
2026-10-03T18:13:08.534[D]: Response finished #233: GET /Duluka/v.1.0/State with status 404
2026-10-03T18:13:09.034[D]: Incoming request  #234: GET /Duluka/v.1.0/State
2026-10-03T18:13:09.034[D]: Response finished #234: GET /Duluka/v.1.0/State with status 404
2026-10-03T18:13:09.536[D]: Incoming request  #235: GET /Duluka/v.1.0/State
2026-10-03T18:13:09.537[D]: Response finished #235: GET /Duluka/v.1.0/State with status 404
2026-10-03T18:13:10.040[D]: Incoming request  #236: GET /Duluka/v.1.0/State
2026-10-03T18:13:10.041[D]: Response finished #236: GET /Duluka/v.1.0/State with status 404
2026-10-03T18:13:10.526[D]: Incoming request  #237: GET /Duluka/v.1.0/State
2026-10-03T18:13:10.527[D]: Response finished #237: GET /Duluka/v.1.0/State with status 404
2026-10-03T18:13:11.030[D]: Incoming request  #238: GET /Duluka/v.1.0/State
2026-10-03T18:13:11.030[D]: Response finished #238: GET /Duluka/v.1.0/State with status 404
2026-10-03T18:13:11.530[D]: Incoming request  #239: GET /Duluka/v.1.0/State
2026-10-03T18:13:11.531[D]: Response finished #239: GET /Duluka/v.1.0/State with status 404
2026-10-03T18:13:12.035[D]: Incoming request  #240: GET /Duluka/v.1.0/State
2026-10-03T18:13:12.036[D]: Response finished #240: GET /Duluka/v.1.0/State with status 404
2026-10-03T18:13:12.534[D]: Incoming request  #241: GET /Duluka/v.1.0/State
2026-10-03T18:13:12.534[D]: Response finished #241: GET /Duluka/v.1.0/State with status 404
2026-10-03T18:13:13.041[D]: Incoming request  #242: GET /Duluka/v.1.0/State
2026-10-03T18:13:13.043[D]: Response finished #242: GET /Duluka/v.1.0/State with status 404
2026-10-03T18:13:13.539[D]: Incoming request  #243: GET /Duluka/v.1.0/State
2026-10-03T18:13:13.540[D]: Response finished #243: GET /Duluka/v.1.0/State with status 404
2026-10-03T18:13:14.029[D]: Incoming request  #244: GET /Duluka/v.1.0/State
2026-10-03T18:13:14.029[D]: Response finished #244: GET /Duluka/v.1.0/State with status 404
2026-10-03T18:13:14.529[D]: Incoming request  #245: GET /Duluka/v.1.0/State
2026-10-03T18:13:14.530[D]: Response finished #245: GET /Duluka/v.1.0/State with status 404
2026-10-03T18:13:15.029[D]: Incoming request  #246: GET /Duluka/v.1.0/State
2026-10-03T18:13:15.030[D]: Response finished #246: GET /Duluka/v.1.0/State with status 404
2026-10-03T18:13:15.535[D]: Incoming request  #247: GET /Duluka/v.1.0/State
2026-10-03T18:13:15.536[D]: Response finished #247: GET /Duluka/v.1.0/State with status 404
2026-10-03T18:13:16.036[D]: Incoming request  #248: GET /Duluka/v.1.0/State
2026-10-03T18:13:16.038[D]: Response finished #248: GET /Duluka/v.1.0/State with status 404
2026-10-03T18:13:16.543[D]: Incoming request  #249: GET /Duluka/v.1.0/State
2026-10-03T18:13:16.545[D]: Response finished #249: GET /Duluka/v.1.0/State with status 404
2026-10-03T18:13:17.030[D]: Incoming request  #250: GET /Duluka/v.1.0/State
2026-10-03T18:13:17.030[D]: Response finished #250: GET /Duluka/v.1.0/State with status 404
2026-10-03T18:13:17.533[D]: Incoming request  #251: GET /Duluka/v.1.0/State
2026-10-03T18:13:17.534[D]: Response finished #251: GET /Duluka/v.1.0/State with status 404
2026-10-03T18:13:18.034[D]: Incoming request  #252: GET /Duluka/v.1.0/State
2026-10-03T18:13:18.036[D]: Response finished #252: GET /Duluka/v.1.0/State with status 404
2026-10-03T18:13:18.537[D]: Incoming request  #253: GET /Duluka/v.1.0/State
2026-10-03T18:13:18.537[D]: Response finished #253: GET /Duluka/v.1.0/State with status 404
2026-10-03T18:13:19.054[D]: Incoming request  #254: GET /Duluka/v.1.0/State
2026-10-03T18:13:19.056[D]: Response finished #254: GET /Duluka/v.1.0/State with status 404
2026-10-03T18:13:19.531[D]: Incoming request  #255: GET /Duluka/v.1.0/State
2026-10-03T18:13:19.533[D]: Response finished #255: GET /Duluka/v.1.0/State with status 404
2026-10-03T18:13:20.036[D]: Incoming request  #256: GET /Duluka/v.1.0/State
2026-10-03T18:13:20.037[D]: Response finished #256: GET /Duluka/v.1.0/State with status 404
2026-10-03T18:13:20.537[D]: Incoming request  #257: GET /Duluka/v.1.0/State
2026-10-03T18:13:20.540[D]: Response finished #257: GET /Duluka/v.1.0/State with status 404
2026-10-03T18:13:21.039[D]: Incoming request  #258: GET /Duluka/v.1.0/State
2026-10-03T18:13:21.040[D]: Response finished #258: GET /Duluka/v.1.0/State with status 404
2026-10-03T18:13:21.536[D]: Incoming request  #259: GET /Duluka/v.1.0/State
2026-10-03T18:13:21.537[D]: Response finished #259: GET /Duluka/v.1.0/State with status 404
2026-10-03T18:13:22.039[D]: Incoming request  #260: GET /Duluka/v.1.0/State
2026-10-03T18:13:22.040[D]: Response finished #260: GET /Duluka/v.1.0/State with status 404
2026-10-03T18:13:22.550[D]: Incoming request  #261: GET /Duluka/v.1.0/State
2026-10-03T18:13:22.556[D]: Response finished #261: GET /Duluka/v.1.0/State with status 404
2026-10-03T18:13:23.036[D]: Incoming request  #262: GET /Duluka/v.1.0/State
2026-10-03T18:13:23.037[D]: Response finished #262: GET /Duluka/v.1.0/State with status 404
2026-10-03T18:13:23.536[D]: Incoming request  #263: GET /Duluka/v.1.0/State
2026-10-03T18:13:23.538[D]: Response finished #263: GET /Duluka/v.1.0/State with status 404
2026-10-03T18:13:24.038[D]: Incoming request  #264: GET /Duluka/v.1.0/State
2026-10-03T18:13:24.042[D]: Response finished #264: GET /Duluka/v.1.0/State with status 404
2026-10-03T18:13:24.604[D]: Incoming request  #265: GET /Duluka/v.1.0/State
2026-10-03T18:13:24.627[D]: Response finished #265: GET /Duluka/v.1.0/State with status 404
2026-10-03T18:13:25.030[D]: Incoming request  #266: GET /Duluka/v.1.0/State
2026-10-03T18:13:25.030[D]: Response finished #266: GET /Duluka/v.1.0/State with status 404
2026-10-03T18:13:25.533[D]: Incoming request  #267: GET /Duluka/v.1.0/State
2026-10-03T18:13:25.535[D]: Response finished #267: GET /Duluka/v.1.0/State with status 404
2026-10-03T18:13:26.030[D]: Incoming request  #268: GET /Duluka/v.1.0/State
2026-10-03T18:13:26.033[D]: Response finished #268: GET /Duluka/v.1.0/State with status 404
2026-10-03T18:13:26.531[D]: Incoming request  #269: GET /Duluka/v.1.0/State
2026-10-03T18:13:26.533[D]: Response finished #269: GET /Duluka/v.1.0/State with status 404
2026-10-03T18:13:27.038[D]: Incoming request  #270: GET /Duluka/v.1.0/State
2026-10-03T18:13:27.040[D]: Response finished #270: GET /Duluka/v.1.0/State with status 404
2026-10-03T18:13:27.530[D]: Incoming request  #271: GET /Duluka/v.1.0/State
2026-10-03T18:13:27.532[D]: Response finished #271: GET /Duluka/v.1.0/State with status 404
2026-10-03T18:13:28.035[D]: Incoming request  #272: GET /Duluka/v.1.0/State
2026-10-03T18:13:28.037[D]: Response finished #272: GET /Duluka/v.1.0/State with status 404
2026-10-03T18:13:28.536[D]: Incoming request  #273: GET /Duluka/v.1.0/State
2026-10-03T18:13:28.538[D]: Response finished #273: GET /Duluka/v.1.0/State with status 404
2026-10-03T18:13:29.035[D]: Incoming request  #274: GET /Duluka/v.1.0/State
2026-10-03T18:13:29.036[D]: Response finished #274: GET /Duluka/v.1.0/State with status 404
2026-10-03T18:13:29.534[D]: Incoming request  #275: GET /Duluka/v.1.0/State
2026-10-03T18:13:29.537[D]: Response finished #275: GET /Duluka/v.1.0/State with status 404
2026-10-03T18:13:30.040[D]: Incoming request  #276: GET /Duluka/v.1.0/State
2026-10-03T18:13:30.040[D]: Response finished #276: GET /Duluka/v.1.0/State with status 404
2026-10-03T18:13:30.534[D]: Incoming request  #277: GET /Duluka/v.1.0/State
2026-10-03T18:13:30.535[D]: Response finished #277: GET /Duluka/v.1.0/State with status 404
2026-10-03T18:13:31.038[D]: Incoming request  #278: GET /Duluka/v.1.0/State
2026-10-03T18:13:31.040[D]: Response finished #278: GET /Duluka/v.1.0/State with status 404
2026-10-03T18:13:31.536[D]: Incoming request  #279: GET /Duluka/v.1.0/State
2026-10-03T18:13:31.540[D]: Response finished #279: GET /Duluka/v.1.0/State with status 404
2026-10-03T18:13:31.709[D]: JOIN 
2026-10-03T18:13:32.036[D]: Incoming request  #280: GET /Duluka/v.1.0/State
2026-10-03T18:13:32.037[D]: Response finished #280: GET /Duluka/v.1.0/State with status 404
2026-10-03T18:13:32.648[D]: Incoming request  #281: GET /Duluka/v.1.0/State
2026-10-03T18:13:32.651[D]: Response finished #281: GET /Duluka/v.1.0/State with status 404
2026-10-03T18:13:33.035[D]: Incoming request  #282: GET /Duluka/v.1.0/State
2026-10-03T18:13:33.036[D]: Response finished #282: GET /Duluka/v.1.0/State with status 404
2026-10-03T18:13:33.533[D]: Incoming request  #283: GET /Duluka/v.1.0/State
2026-10-03T18:13:33.535[D]: Response finished #283: GET /Duluka/v.1.0/State with status 404
2026-10-03T18:13:34.033[D]: Incoming request  #284: GET /Duluka/v.1.0/State
2026-10-03T18:13:34.035[D]: Response finished #284: GET /Duluka/v.1.0/State with status 404
2026-10-03T18:13:34.533[D]: Incoming request  #285: GET /Duluka/v.1.0/State
2026-10-03T18:13:34.536[D]: Response finished #285: GET /Duluka/v.1.0/State with status 404
2026-10-03T18:13:35.036[D]: Incoming request  #286: GET /Duluka/v.1.0/State
2026-10-03T18:13:35.037[D]: Response finished #286: GET /Duluka/v.1.0/State with status 404
2026-10-03T18:13:35.535[D]: Incoming request  #287: GET /Duluka/v.1.0/State
2026-10-03T18:13:35.537[D]: Response finished #287: GET /Duluka/v.1.0/State with status 404
2026-10-03T18:13:36.035[D]: Incoming request  #288: GET /Duluka/v.1.0/State
2026-10-03T18:13:36.037[D]: Response finished #288: GET /Duluka/v.1.0/State with status 404
2026-10-03T18:13:36.534[D]: Incoming request  #289: GET /Duluka/v.1.0/State
2026-10-03T18:13:36.536[D]: Response finished #289: GET /Duluka/v.1.0/State with status 404
2026-10-03T18:13:37.035[D]: Incoming request  #290: GET /Duluka/v.1.0/State
2026-10-03T18:13:37.037[D]: Response finished #290: GET /Duluka/v.1.0/State with status 404
2026-10-03T18:13:37.533[D]: Incoming request  #291: GET /Duluka/v.1.0/State
2026-10-03T18:13:37.533[D]: Response finished #291: GET /Duluka/v.1.0/State with status 404
2026-10-03T18:13:38.032[D]: Incoming request  #292: GET /Duluka/v.1.0/State
2026-10-03T18:13:38.033[D]: Response finished #292: GET /Duluka/v.1.0/State with status 404
2026-10-03T18:13:38.532[D]: Incoming request  #293: GET /Duluka/v.1.0/State
2026-10-03T18:13:38.533[D]: Response finished #293: GET /Duluka/v.1.0/State with status 404
2026-10-03T18:13:39.039[D]: Incoming request  #294: GET /Duluka/v.1.0/State
2026-10-03T18:13:39.039[D]: Response finished #294: GET /Duluka/v.1.0/State with status 404
2026-10-03T18:13:39.545[D]: Incoming request  #295: GET /Duluka/v.1.0/State
2026-10-03T18:13:39.546[D]: Response finished #295: GET /Duluka/v.1.0/State with status 404
2026-10-03T18:13:40.042[D]: Incoming request  #296: GET /Duluka/v.1.0/State
2026-10-03T18:13:40.044[D]: Response finished #296: GET /Duluka/v.1.0/State with status 404
2026-10-03T18:13:40.530[D]: Incoming request  #297: GET /Duluka/v.1.0/State
2026-10-03T18:13:40.531[D]: Response finished #297: GET /Duluka/v.1.0/State with status 404
2026-10-03T18:13:41.040[D]: Incoming request  #298: GET /Duluka/v.1.0/State
2026-10-03T18:13:41.040[D]: Response finished #298: GET /Duluka/v.1.0/State with status 404
2026-10-03T18:13:41.543[D]: Incoming request  #299: GET /Duluka/v.1.0/State
2026-10-03T18:13:41.544[D]: Response finished #299: GET /Duluka/v.1.0/State with status 404
2026-10-03T18:13:42.045[D]: Incoming request  #300: GET /Duluka/v.1.0/State
2026-10-03T18:13:42.050[D]: Response finished #300: GET /Duluka/v.1.0/State with status 404
2026-10-03T18:13:42.543[D]: Incoming request  #301: GET /Duluka/v.1.0/State
2026-10-03T18:13:42.543[D]: Response finished #301: GET /Duluka/v.1.0/State with status 404
2026-10-03T18:13:43.040[D]: Incoming request  #302: GET /Duluka/v.1.0/State
2026-10-03T18:13:43.043[D]: Response finished #302: GET /Duluka/v.1.0/State with status 404
2026-10-03T18:13:43.542[D]: Incoming request  #303: GET /Duluka/v.1.0/State
2026-10-03T18:13:43.543[D]: Response finished #303: GET /Duluka/v.1.0/State with status 404
2026-10-03T18:13:44.037[D]: Incoming request  #304: GET /Duluka/v.1.0/State
2026-10-03T18:13:44.037[D]: Response finished #304: GET /Duluka/v.1.0/State with status 404
2026-10-03T18:13:44.538[D]: Incoming request  #305: GET /Duluka/v.1.0/State
2026-10-03T18:13:44.539[D]: Response finished #305: GET /Duluka/v.1.0/State with status 404
2026-10-03T18:13:45.039[D]: Incoming request  #306: GET /Duluka/v.1.0/State
2026-10-03T18:13:45.042[D]: Response finished #306: GET /Duluka/v.1.0/State with status 404
2026-10-03T18:13:45.544[D]: Incoming request  #307: GET /Duluka/v.1.0/State
2026-10-03T18:13:45.546[D]: Response finished #307: GET /Duluka/v.1.0/State with status 404
2026-10-03T18:13:46.036[D]: Incoming request  #308: GET /Duluka/v.1.0/State
2026-10-03T18:13:46.037[D]: Response finished #308: GET /Duluka/v.1.0/State with status 404
2026-10-03T18:13:46.609[D]: Incoming request  #309: GET /Duluka/v.1.0/State
2026-10-03T18:13:46.611[D]: Response finished #309: GET /Duluka/v.1.0/State with status 404
2026-10-03T18:13:47.045[D]: Incoming request  #310: GET /Duluka/v.1.0/State
2026-10-03T18:13:47.046[D]: Response finished #310: GET /Duluka/v.1.0/State with status 404
2026-10-03T18:13:47.536[D]: Incoming request  #311: GET /Duluka/v.1.0/State
2026-10-03T18:13:47.538[D]: Response finished #311: GET /Duluka/v.1.0/State with status 404
2026-10-03T18:13:48.033[D]: Incoming request  #312: GET /Duluka/v.1.0/State
2026-10-03T18:13:48.034[D]: Response finished #312: GET /Duluka/v.1.0/State with status 404
2026-10-03T18:13:48.537[D]: Incoming request  #313: GET /Duluka/v.1.0/State
2026-10-03T18:13:48.537[D]: Response finished #313: GET /Duluka/v.1.0/State with status 404
2026-10-03T18:13:49.037[D]: Incoming request  #314: GET /Duluka/v.1.0/State
2026-10-03T18:13:49.037[D]: Response finished #314: GET /Duluka/v.1.0/State with status 404
2026-10-03T18:13:49.538[D]: Incoming request  #315: GET /Duluka/v.1.0/State
2026-10-03T18:13:49.540[D]: Response finished #315: GET /Duluka/v.1.0/State with status 404
2026-10-03T18:13:50.035[D]: Incoming request  #316: GET /Duluka/v.1.0/State
2026-10-03T18:13:50.035[D]: Response finished #316: GET /Duluka/v.1.0/State with status 404
2026-10-03T18:13:50.539[D]: Incoming request  #317: GET /Duluka/v.1.0/State
2026-10-03T18:13:50.540[D]: Response finished #317: GET /Duluka/v.1.0/State with status 404
2026-10-03T18:13:51.035[D]: Incoming request  #318: GET /Duluka/v.1.0/State
2026-10-03T18:13:51.035[D]: Response finished #318: GET /Duluka/v.1.0/State with status 404
2026-10-03T18:13:51.543[D]: Incoming request  #319: GET /Duluka/v.1.0/State
2026-10-03T18:13:51.545[D]: Response finished #319: GET /Duluka/v.1.0/State with status 404
2026-10-03T18:13:52.045[D]: Incoming request  #320: GET /Duluka/v.1.0/State
2026-10-03T18:13:52.049[D]: Response finished #320: GET /Duluka/v.1.0/State with status 404
2026-10-03T18:13:52.543[D]: Incoming request  #321: GET /Duluka/v.1.0/State
2026-10-03T18:13:52.545[D]: Response finished #321: GET /Duluka/v.1.0/State with status 404
2026-10-03T18:13:53.041[D]: Incoming request  #322: GET /Duluka/v.1.0/State
2026-10-03T18:13:53.043[D]: Response finished #322: GET /Duluka/v.1.0/State with status 404
2026-10-03T18:13:53.536[D]: Incoming request  #323: GET /Duluka/v.1.0/State
2026-10-03T18:13:53.537[D]: Response finished #323: GET /Duluka/v.1.0/State with status 404
2026-10-03T18:13:54.031[D]: Incoming request  #324: GET /Duluka/v.1.0/State
2026-10-03T18:13:54.033[D]: Response finished #324: GET /Duluka/v.1.0/State with status 404
2026-10-03T18:13:54.539[D]: Incoming request  #325: GET /Duluka/v.1.0/State
2026-10-03T18:13:54.540[D]: Response finished #325: GET /Duluka/v.1.0/State with status 404
2026-10-03T18:13:55.072[D]: Incoming request  #326: GET /Duluka/v.1.0/State
2026-10-03T18:13:55.080[D]: Response finished #326: GET /Duluka/v.1.0/State with status 404
2026-10-03T18:13:55.533[D]: Incoming request  #327: GET /Duluka/v.1.0/State
2026-10-03T18:13:55.534[D]: Response finished #327: GET /Duluka/v.1.0/State with status 404
2026-10-03T18:13:56.030[D]: Incoming request  #328: GET /Duluka/v.1.0/State
2026-10-03T18:13:56.030[D]: Response finished #328: GET /Duluka/v.1.0/State with status 404
2026-10-03T18:13:56.527[D]: Incoming request  #329: GET /Duluka/v.1.0/State
2026-10-03T18:13:56.527[D]: Response finished #329: GET /Duluka/v.1.0/State with status 404
2026-10-03T18:13:57.043[D]: Incoming request  #330: GET /Duluka/v.1.0/State
2026-10-03T18:13:57.044[D]: Response finished #330: GET /Duluka/v.1.0/State with status 404
2026-10-03T18:13:57.541[D]: Incoming request  #331: GET /Duluka/v.1.0/State
2026-10-03T18:13:57.545[D]: Response finished #331: GET /Duluka/v.1.0/State with status 404
2026-10-03T18:13:58.030[D]: Incoming request  #332: GET /Duluka/v.1.0/State
2026-10-03T18:13:58.032[D]: Response finished #332: GET /Duluka/v.1.0/State with status 404
2026-10-03T18:13:58.535[D]: Incoming request  #333: GET /Duluka/v.1.0/State
2026-10-03T18:13:58.536[D]: Response finished #333: GET /Duluka/v.1.0/State with status 404
2026-10-03T18:13:59.033[D]: Incoming request  #334: GET /Duluka/v.1.0/State
2026-10-03T18:13:59.034[D]: Response finished #334: GET /Duluka/v.1.0/State with status 404
2026-10-03T18:13:59.540[D]: Incoming request  #335: GET /Duluka/v.1.0/State
2026-10-03T18:13:59.541[D]: Response finished #335: GET /Duluka/v.1.0/State with status 404
2026-10-03T18:14:00.046[D]: Incoming request  #336: GET /Duluka/v.1.0/State
2026-10-03T18:14:00.056[D]: Response finished #336: GET /Duluka/v.1.0/State with status 404
2026-10-03T18:14:00.539[D]: Incoming request  #337: GET /Duluka/v.1.0/State
2026-10-03T18:14:00.539[D]: Response finished #337: GET /Duluka/v.1.0/State with status 404
2026-10-03T18:14:01.033[D]: Incoming request  #338: GET /Duluka/v.1.0/State
2026-10-03T18:14:01.033[D]: Response finished #338: GET /Duluka/v.1.0/State with status 404
2026-10-03T18:14:01.537[D]: Incoming request  #339: GET /Duluka/v.1.0/State
2026-10-03T18:14:01.537[D]: Response finished #339: GET /Duluka/v.1.0/State with status 404
2026-10-03T18:14:02.030[D]: Incoming request  #340: GET /Duluka/v.1.0/State
2026-10-03T18:14:02.032[D]: Response finished #340: GET /Duluka/v.1.0/State with status 404
2026-10-03T18:14:02.529[D]: Incoming request  #341: GET /Duluka/v.1.0/State
2026-10-03T18:14:02.533[D]: Response finished #341: GET /Duluka/v.1.0/State with status 404
2026-10-03T18:14:03.029[D]: Incoming request  #342: GET /Duluka/v.1.0/State
2026-10-03T18:14:03.030[D]: Response finished #342: GET /Duluka/v.1.0/State with status 404
2026-10-03T18:14:03.527[D]: Incoming request  #343: GET /Duluka/v.1.0/State
2026-10-03T18:14:03.532[D]: Response finished #343: GET /Duluka/v.1.0/State with status 404
2026-10-03T18:14:04.034[D]: Incoming request  #344: GET /Duluka/v.1.0/State
2026-10-03T18:14:04.044[D]: Response finished #344: GET /Duluka/v.1.0/State with status 404
2026-10-03T18:14:04.591[D]: Incoming request  #345: GET /Duluka/v.1.0/State
2026-10-03T18:14:04.592[D]: Response finished #345: GET /Duluka/v.1.0/State with status 404
2026-10-03T18:14:05.030[D]: Incoming request  #346: GET /Duluka/v.1.0/State
2026-10-03T18:14:05.031[D]: Response finished #346: GET /Duluka/v.1.0/State with status 404
2026-10-03T18:14:05.540[D]: Incoming request  #347: GET /Duluka/v.1.0/State
2026-10-03T18:14:05.540[D]: Response finished #347: GET /Duluka/v.1.0/State with status 404
2026-10-03T18:14:06.027[D]: Incoming request  #348: GET /Duluka/v.1.0/State
2026-10-03T18:14:06.028[D]: Response finished #348: GET /Duluka/v.1.0/State with status 404
2026-10-03T18:14:06.535[D]: Incoming request  #349: GET /Duluka/v.1.0/State
2026-10-03T18:14:06.536[D]: Response finished #349: GET /Duluka/v.1.0/State with status 404
2026-10-03T18:14:07.031[D]: Incoming request  #350: GET /Duluka/v.1.0/State
2026-10-03T18:14:07.032[D]: Response finished #350: GET /Duluka/v.1.0/State with status 404
2026-10-03T18:14:07.538[D]: Incoming request  #351: GET /Duluka/v.1.0/State
2026-10-03T18:14:07.541[D]: Response finished #351: GET /Duluka/v.1.0/State with status 404
2026-10-03T18:14:08.029[D]: Incoming request  #352: GET /Duluka/v.1.0/State
2026-10-03T18:14:08.030[D]: Response finished #352: GET /Duluka/v.1.0/State with status 404
2026-10-03T18:14:08.532[D]: Incoming request  #353: GET /Duluka/v.1.0/State
2026-10-03T18:14:08.533[D]: Response finished #353: GET /Duluka/v.1.0/State with status 404
2026-10-03T18:14:09.032[D]: Incoming request  #354: GET /Duluka/v.1.0/State
2026-10-03T18:14:09.034[D]: Response finished #354: GET /Duluka/v.1.0/State with status 404
2026-10-03T18:14:09.535[D]: Incoming request  #355: GET /Duluka/v.1.0/State
2026-10-03T18:14:09.536[D]: Response finished #355: GET /Duluka/v.1.0/State with status 404
2026-10-03T18:14:10.032[D]: Incoming request  #356: GET /Duluka/v.1.0/State
2026-10-03T18:14:10.036[D]: Response finished #356: GET /Duluka/v.1.0/State with status 404
2026-10-03T18:14:10.531[D]: Incoming request  #357: GET /Duluka/v.1.0/State
2026-10-03T18:14:10.533[D]: Response finished #357: GET /Duluka/v.1.0/State with status 404
2026-10-03T18:14:11.029[D]: Incoming request  #358: GET /Duluka/v.1.0/State
2026-10-03T18:14:11.030[D]: Response finished #358: GET /Duluka/v.1.0/State with status 404
2026-10-03T18:14:11.529[D]: Incoming request  #359: GET /Duluka/v.1.0/State
2026-10-03T18:14:11.532[D]: Response finished #359: GET /Duluka/v.1.0/State with status 404
2026-10-03T18:14:12.030[D]: Incoming request  #360: GET /Duluka/v.1.0/State
2026-10-03T18:14:12.031[D]: Response finished #360: GET /Duluka/v.1.0/State with status 404
2026-10-03T18:14:12.532[D]: Incoming request  #361: GET /Duluka/v.1.0/State
2026-10-03T18:14:12.532[D]: Response finished #361: GET /Duluka/v.1.0/State with status 404
2026-10-03T18:14:13.031[D]: Incoming request  #362: GET /Duluka/v.1.0/State
2026-10-03T18:14:13.032[D]: Response finished #362: GET /Duluka/v.1.0/State with status 404
2026-10-03T18:14:13.532[D]: Incoming request  #363: GET /Duluka/v.1.0/State
2026-10-03T18:14:13.533[D]: Response finished #363: GET /Duluka/v.1.0/State with status 404
2026-10-03T18:14:14.035[D]: Incoming request  #364: GET /Duluka/v.1.0/State
2026-10-03T18:14:14.037[D]: Response finished #364: GET /Duluka/v.1.0/State with status 404
2026-10-03T18:14:14.550[D]: Incoming request  #365: GET /Duluka/v.1.0/State
2026-10-03T18:14:14.560[D]: Response finished #365: GET /Duluka/v.1.0/State with status 404
2026-10-03T18:14:15.030[D]: Incoming request  #366: GET /Duluka/v.1.0/State
2026-10-03T18:14:15.030[D]: Response finished #366: GET /Duluka/v.1.0/State with status 404
2026-10-03T18:14:15.534[D]: Incoming request  #367: GET /Duluka/v.1.0/State
2026-10-03T18:14:15.535[D]: Response finished #367: GET /Duluka/v.1.0/State with status 404
2026-10-03T18:14:16.036[D]: Incoming request  #368: GET /Duluka/v.1.0/State
2026-10-03T18:14:16.038[D]: Response finished #368: GET /Duluka/v.1.0/State with status 404
2026-10-03T18:14:16.535[D]: Incoming request  #369: GET /Duluka/v.1.0/State
2026-10-03T18:14:16.536[D]: Response finished #369: GET /Duluka/v.1.0/State with status 404
2026-10-03T18:14:17.035[D]: Incoming request  #370: GET /Duluka/v.1.0/State
2026-10-03T18:14:17.037[D]: Response finished #370: GET /Duluka/v.1.0/State with status 404
2026-10-03T18:14:17.535[D]: Incoming request  #371: GET /Duluka/v.1.0/State
2026-10-03T18:14:17.538[D]: Response finished #371: GET /Duluka/v.1.0/State with status 404
2026-10-03T18:14:18.035[D]: Incoming request  #372: GET /Duluka/v.1.0/State
2026-10-03T18:14:18.038[D]: Response finished #372: GET /Duluka/v.1.0/State with status 404
2026-10-03T18:14:18.537[D]: Incoming request  #373: GET /Duluka/v.1.0/State
2026-10-03T18:14:18.541[D]: Response finished #373: GET /Duluka/v.1.0/State with status 404
2026-10-03T18:14:19.037[D]: Incoming request  #374: GET /Duluka/v.1.0/State
2026-10-03T18:14:19.037[D]: Response finished #374: GET /Duluka/v.1.0/State with status 404
2026-10-03T18:14:19.543[D]: Incoming request  #375: GET /Duluka/v.1.0/State
2026-10-03T18:14:19.545[D]: Response finished #375: GET /Duluka/v.1.0/State with status 404
2026-10-03T18:14:20.038[D]: Incoming request  #376: GET /Duluka/v.1.0/State
2026-10-03T18:14:20.039[D]: Response finished #376: GET /Duluka/v.1.0/State with status 404
2026-10-03T18:14:20.542[D]: Incoming request  #377: GET /Duluka/v.1.0/State
2026-10-03T18:14:20.543[D]: Response finished #377: GET /Duluka/v.1.0/State with status 404
2026-10-03T18:14:21.042[D]: Incoming request  #378: GET /Duluka/v.1.0/State
2026-10-03T18:14:21.045[D]: Response finished #378: GET /Duluka/v.1.0/State with status 404
2026-10-03T18:14:21.543[D]: Incoming request  #379: GET /Duluka/v.1.0/State
2026-10-03T18:14:21.545[D]: Response finished #379: GET /Duluka/v.1.0/State with status 404
2026-10-03T18:14:22.041[D]: Incoming request  #380: GET /Duluka/v.1.0/State
2026-10-03T18:14:22.042[D]: Response finished #380: GET /Duluka/v.1.0/State with status 404
2026-10-03T18:14:22.542[D]: Incoming request  #381: GET /Duluka/v.1.0/State
2026-10-03T18:14:22.544[D]: Response finished #381: GET /Duluka/v.1.0/State with status 404
2026-10-03T18:14:23.038[D]: Incoming request  #382: GET /Duluka/v.1.0/State
2026-10-03T18:14:23.039[D]: Response finished #382: GET /Duluka/v.1.0/State with status 404
2026-10-03T18:14:23.527[D]: Incoming request  #383: GET /Duluka/v.1.0/State
2026-10-03T18:14:23.529[D]: Response finished #383: GET /Duluka/v.1.0/State with status 404
2026-10-03T18:14:24.032[D]: Incoming request  #384: GET /Duluka/v.1.0/State
2026-10-03T18:14:24.033[D]: Response finished #384: GET /Duluka/v.1.0/State with status 404
2026-10-03T18:14:24.533[D]: Incoming request  #385: GET /Duluka/v.1.0/State
2026-10-03T18:14:24.533[D]: Response finished #385: GET /Duluka/v.1.0/State with status 404
2026-10-03T18:14:25.035[D]: Incoming request  #386: GET /Duluka/v.1.0/State
2026-10-03T18:14:25.036[D]: Response finished #386: GET /Duluka/v.1.0/State with status 404
2026-10-03T18:14:25.541[D]: Incoming request  #387: GET /Duluka/v.1.0/State
2026-10-03T18:14:25.542[D]: Response finished #387: GET /Duluka/v.1.0/State with status 404
2026-10-03T18:14:26.027[D]: Incoming request  #388: GET /Duluka/v.1.0/State
2026-10-03T18:14:26.027[D]: Response finished #388: GET /Duluka/v.1.0/State with status 404
2026-10-03T18:14:26.542[D]: Incoming request  #389: GET /Duluka/v.1.0/State
2026-10-03T18:14:26.543[D]: Response finished #389: GET /Duluka/v.1.0/State with status 404
2026-10-03T18:14:27.034[D]: Incoming request  #390: GET /Duluka/v.1.0/State
2026-10-03T18:14:27.034[D]: Response finished #390: GET /Duluka/v.1.0/State with status 404
2026-10-03T18:14:27.540[D]: Incoming request  #391: GET /Duluka/v.1.0/State
2026-10-03T18:14:27.541[D]: Response finished #391: GET /Duluka/v.1.0/State with status 404
2026-10-03T18:14:28.037[D]: Incoming request  #392: GET /Duluka/v.1.0/State
2026-10-03T18:14:28.039[D]: Response finished #392: GET /Duluka/v.1.0/State with status 404
2026-10-03T18:14:28.541[D]: Incoming request  #393: GET /Duluka/v.1.0/State
2026-10-03T18:14:28.542[D]: Response finished #393: GET /Duluka/v.1.0/State with status 404
2026-10-03T18:14:29.039[D]: Incoming request  #394: GET /Duluka/v.1.0/State
2026-10-03T18:14:29.040[D]: Response finished #394: GET /Duluka/v.1.0/State with status 404
2026-10-03T18:14:29.533[D]: Incoming request  #395: GET /Duluka/v.1.0/State
2026-10-03T18:14:29.535[D]: Response finished #395: GET /Duluka/v.1.0/State with status 404
2026-10-03T18:14:30.135[D]: Incoming request  #396: GET /Duluka/v.1.0/State
2026-10-03T18:14:30.137[D]: Response finished #396: GET /Duluka/v.1.0/State with status 404
2026-10-03T18:14:30.534[D]: Incoming request  #397: GET /Duluka/v.1.0/State
2026-10-03T18:14:30.536[D]: Response finished #397: GET /Duluka/v.1.0/State with status 404
2026-10-03T18:14:31.038[D]: Incoming request  #398: GET /Duluka/v.1.0/State
2026-10-03T18:14:31.039[D]: Response finished #398: GET /Duluka/v.1.0/State with status 404
2026-10-03T18:14:31.544[D]: Incoming request  #399: GET /Duluka/v.1.0/State
2026-10-03T18:14:31.545[D]: Response finished #399: GET /Duluka/v.1.0/State with status 404
2026-10-03T18:14:32.046[D]: Incoming request  #400: GET /Duluka/v.1.0/State
2026-10-03T18:14:32.048[D]: Response finished #400: GET /Duluka/v.1.0/State with status 404
2026-10-03T18:14:32.544[D]: Incoming request  #401: GET /Duluka/v.1.0/State
2026-10-03T18:14:32.544[D]: Response finished #401: GET /Duluka/v.1.0/State with status 404
2026-10-03T18:14:33.039[D]: Incoming request  #402: GET /Duluka/v.1.0/State
2026-10-03T18:14:33.041[D]: Response finished #402: GET /Duluka/v.1.0/State with status 404
2026-10-03T18:14:33.541[D]: Incoming request  #403: GET /Duluka/v.1.0/State
2026-10-03T18:14:33.543[D]: Response finished #403: GET /Duluka/v.1.0/State with status 404
2026-10-03T18:14:34.039[D]: Incoming request  #404: GET /Duluka/v.1.0/State
2026-10-03T18:14:34.043[D]: Response finished #404: GET /Duluka/v.1.0/State with status 404
2026-10-03T18:14:34.544[D]: Incoming request  #405: GET /Duluka/v.1.0/State
2026-10-03T18:14:34.545[D]: Response finished #405: GET /Duluka/v.1.0/State with status 404
2026-10-03T18:14:35.044[D]: Incoming request  #406: GET /Duluka/v.1.0/State
2026-10-03T18:14:35.046[D]: Response finished #406: GET /Duluka/v.1.0/State with status 404
2026-10-03T18:14:35.537[D]: Incoming request  #407: GET /Duluka/v.1.0/State
2026-10-03T18:14:35.539[D]: Response finished #407: GET /Duluka/v.1.0/State with status 404
2026-10-03T18:14:36.029[D]: Incoming request  #408: GET /Duluka/v.1.0/State
2026-10-03T18:14:36.030[D]: Response finished #408: GET /Duluka/v.1.0/State with status 404
2026-10-03T18:14:36.527[D]: Incoming request  #409: GET /Duluka/v.1.0/State
2026-10-03T18:14:36.529[D]: Response finished #409: GET /Duluka/v.1.0/State with status 404
2026-10-03T18:14:37.047[D]: Incoming request  #410: GET /Duluka/v.1.0/State
2026-10-03T18:14:37.047[D]: Response finished #410: GET /Duluka/v.1.0/State with status 404
2026-10-03T18:14:37.541[D]: Incoming request  #411: GET /Duluka/v.1.0/State
2026-10-03T18:14:37.542[D]: Response finished #411: GET /Duluka/v.1.0/State with status 404
2026-10-03T18:14:38.045[D]: Incoming request  #412: GET /Duluka/v.1.0/State
2026-10-03T18:14:38.046[D]: Response finished #412: GET /Duluka/v.1.0/State with status 404
2026-10-03T18:14:38.528[D]: Incoming request  #413: GET /Duluka/v.1.0/State
2026-10-03T18:14:38.529[D]: Response finished #413: GET /Duluka/v.1.0/State with status 404
2026-10-03T18:14:39.041[D]: Incoming request  #414: GET /Duluka/v.1.0/State
2026-10-03T18:14:39.042[D]: Response finished #414: GET /Duluka/v.1.0/State with status 404
2026-10-03T18:14:39.542[D]: Incoming request  #415: GET /Duluka/v.1.0/State
2026-10-03T18:14:39.543[D]: Response finished #415: GET /Duluka/v.1.0/State with status 404
2026-10-03T18:14:40.045[D]: Incoming request  #416: GET /Duluka/v.1.0/State
2026-10-03T18:14:40.046[D]: Response finished #416: GET /Duluka/v.1.0/State with status 404
2026-10-03T18:14:40.543[D]: Incoming request  #417: GET /Duluka/v.1.0/State
2026-10-03T18:14:40.545[D]: Response finished #417: GET /Duluka/v.1.0/State with status 404
2026-10-03T18:14:41.037[D]: Incoming request  #418: GET /Duluka/v.1.0/State
2026-10-03T18:14:41.041[D]: Response finished #418: GET /Duluka/v.1.0/State with status 404
2026-10-03T18:14:41.542[D]: Incoming request  #419: GET /Duluka/v.1.0/State
2026-10-03T18:14:41.543[D]: Response finished #419: GET /Duluka/v.1.0/State with status 404
2026-10-03T18:14:42.036[D]: Incoming request  #420: GET /Duluka/v.1.0/State
2026-10-03T18:14:42.039[D]: Response finished #420: GET /Duluka/v.1.0/State with status 404
2026-10-03T18:14:42.541[D]: Incoming request  #421: GET /Duluka/v.1.0/State
2026-10-03T18:14:42.543[D]: Response finished #421: GET /Duluka/v.1.0/State with status 404
2026-10-03T18:14:43.035[D]: Incoming request  #422: GET /Duluka/v.1.0/State
2026-10-03T18:14:43.036[D]: Response finished #422: GET /Duluka/v.1.0/State with status 404
2026-10-03T18:14:43.541[D]: Incoming request  #423: GET /Duluka/v.1.0/State
2026-10-03T18:14:43.542[D]: Response finished #423: GET /Duluka/v.1.0/State with status 404
2026-10-03T18:14:44.045[D]: Incoming request  #424: GET /Duluka/v.1.0/State
2026-10-03T18:14:44.046[D]: Response finished #424: GET /Duluka/v.1.0/State with status 404
2026-10-03T18:14:44.527[D]: Incoming request  #425: GET /Duluka/v.1.0/State
2026-10-03T18:14:44.528[D]: Response finished #425: GET /Duluka/v.1.0/State with status 404
2026-10-03T18:14:45.028[D]: Incoming request  #426: GET /Duluka/v.1.0/State
2026-10-03T18:14:45.030[D]: Response finished #426: GET /Duluka/v.1.0/State with status 404
2026-10-03T18:14:45.541[D]: Incoming request  #427: GET /Duluka/v.1.0/State
2026-10-03T18:14:45.541[D]: Response finished #427: GET /Duluka/v.1.0/State with status 404
2026-10-03T18:14:46.028[D]: Incoming request  #428: GET /Duluka/v.1.0/State
2026-10-03T18:14:46.029[D]: Response finished #428: GET /Duluka/v.1.0/State with status 404
2026-10-03T18:14:46.541[D]: Incoming request  #429: GET /Duluka/v.1.0/State
2026-10-03T18:14:46.542[D]: Response finished #429: GET /Duluka/v.1.0/State with status 404
2026-10-03T18:14:47.029[D]: Incoming request  #430: GET /Duluka/v.1.0/State
2026-10-03T18:14:47.031[D]: Response finished #430: GET /Duluka/v.1.0/State with status 404
2026-10-03T18:14:47.536[D]: Incoming request  #431: GET /Duluka/v.1.0/State
2026-10-03T18:14:47.538[D]: Response finished #431: GET /Duluka/v.1.0/State with status 404
2026-10-03T18:14:48.030[D]: Incoming request  #432: GET /Duluka/v.1.0/State
2026-10-03T18:14:48.032[D]: Response finished #432: GET /Duluka/v.1.0/State with status 404
2026-10-03T18:14:48.535[D]: Incoming request  #433: GET /Duluka/v.1.0/State
2026-10-03T18:14:48.536[D]: Response finished #433: GET /Duluka/v.1.0/State with status 404
2026-10-03T18:14:49.032[D]: Incoming request  #434: GET /Duluka/v.1.0/State
2026-10-03T18:14:49.033[D]: Response finished #434: GET /Duluka/v.1.0/State with status 404
2026-10-03T18:14:49.537[D]: Incoming request  #435: GET /Duluka/v.1.0/State
2026-10-03T18:14:49.539[D]: Response finished #435: GET /Duluka/v.1.0/State with status 404
2026-10-03T18:14:50.032[D]: Incoming request  #436: GET /Duluka/v.1.0/State
2026-10-03T18:14:50.032[D]: Response finished #436: GET /Duluka/v.1.0/State with status 404
2026-10-03T18:14:50.536[D]: Incoming request  #437: GET /Duluka/v.1.0/State
2026-10-03T18:14:50.537[D]: Response finished #437: GET /Duluka/v.1.0/State with status 404
2026-10-03T18:14:51.030[D]: Incoming request  #438: GET /Duluka/v.1.0/State
2026-10-03T18:14:51.030[D]: Response finished #438: GET /Duluka/v.1.0/State with status 404
2026-10-03T18:14:51.529[D]: Incoming request  #439: GET /Duluka/v.1.0/State
2026-10-03T18:14:51.533[D]: Response finished #439: GET /Duluka/v.1.0/State with status 404
2026-10-03T18:14:52.033[D]: Incoming request  #440: GET /Duluka/v.1.0/State
2026-10-03T18:14:52.034[D]: Response finished #440: GET /Duluka/v.1.0/State with status 404
2026-10-03T18:14:52.534[D]: Incoming request  #441: GET /Duluka/v.1.0/State
2026-10-03T18:14:52.535[D]: Response finished #441: GET /Duluka/v.1.0/State with status 404
2026-10-03T18:14:53.032[D]: Incoming request  #442: GET /Duluka/v.1.0/State
2026-10-03T18:14:53.033[D]: Response finished #442: GET /Duluka/v.1.0/State with status 404
2026-10-03T18:14:53.537[D]: Incoming request  #443: GET /Duluka/v.1.0/State
2026-10-03T18:14:53.539[D]: Response finished #443: GET /Duluka/v.1.0/State with status 404
2026-10-03T18:14:54.032[D]: Incoming request  #444: GET /Duluka/v.1.0/State
2026-10-03T18:14:54.033[D]: Response finished #444: GET /Duluka/v.1.0/State with status 404
2026-10-03T18:14:54.537[D]: Incoming request  #445: GET /Duluka/v.1.0/State
2026-10-03T18:14:54.537[D]: Response finished #445: GET /Duluka/v.1.0/State with status 404
2026-10-03T18:14:55.034[D]: Incoming request  #446: GET /Duluka/v.1.0/State
2026-10-03T18:14:55.041[D]: Response finished #446: GET /Duluka/v.1.0/State with status 404
2026-10-03T18:14:55.536[D]: Incoming request  #447: GET /Duluka/v.1.0/State
2026-10-03T18:14:55.537[D]: Response finished #447: GET /Duluka/v.1.0/State with status 404
2026-10-03T18:14:56.034[D]: Incoming request  #448: GET /Duluka/v.1.0/State
2026-10-03T18:14:56.040[D]: Response finished #448: GET /Duluka/v.1.0/State with status 404
2026-10-03T18:14:56.545[D]: Incoming request  #449: GET /Duluka/v.1.0/State
2026-10-03T18:14:56.552[D]: Response finished #449: GET /Duluka/v.1.0/State with status 404
2026-10-03T18:14:57.033[D]: Incoming request  #450: GET /Duluka/v.1.0/State
2026-10-03T18:14:57.034[D]: Response finished #450: GET /Duluka/v.1.0/State with status 404
2026-10-03T18:14:57.538[D]: Incoming request  #451: GET /Duluka/v.1.0/State
2026-10-03T18:14:57.538[D]: Response finished #451: GET /Duluka/v.1.0/State with status 404
2026-10-03T18:14:58.042[D]: Incoming request  #452: GET /Duluka/v.1.0/State
2026-10-03T18:14:58.043[D]: Response finished #452: GET /Duluka/v.1.0/State with status 404
2026-10-03T18:14:58.534[D]: Incoming request  #453: GET /Duluka/v.1.0/State
2026-10-03T18:14:58.535[D]: Response finished #453: GET /Duluka/v.1.0/State with status 404
2026-10-03T18:14:59.037[D]: Incoming request  #454: GET /Duluka/v.1.0/State
2026-10-03T18:14:59.038[D]: Response finished #454: GET /Duluka/v.1.0/State with status 404
2026-10-03T18:14:59.534[D]: Incoming request  #455: GET /Duluka/v.1.0/State
2026-10-03T18:14:59.536[D]: Response finished #455: GET /Duluka/v.1.0/State with status 404
2026-10-03T18:15:00.033[D]: Incoming request  #456: GET /Duluka/v.1.0/State
2026-10-03T18:15:00.040[D]: Response finished #456: GET /Duluka/v.1.0/State with status 404
2026-10-03T18:15:00.532[D]: Incoming request  #457: GET /Duluka/v.1.0/State
2026-10-03T18:15:00.534[D]: Response finished #457: GET /Duluka/v.1.0/State with status 404
2026-10-03T18:15:01.030[D]: Incoming request  #458: GET /Duluka/v.1.0/State
2026-10-03T18:15:01.032[D]: Response finished #458: GET /Duluka/v.1.0/State with status 404
2026-10-03T18:15:01.534[D]: Incoming request  #459: GET /Duluka/v.1.0/State
2026-10-03T18:15:01.535[D]: Response finished #459: GET /Duluka/v.1.0/State with status 404
2026-10-03T18:15:02.029[D]: Incoming request  #460: GET /Duluka/v.1.0/State
2026-10-03T18:15:02.030[D]: Response finished #460: GET /Duluka/v.1.0/State with status 404
2026-10-03T18:15:02.530[D]: Incoming request  #461: GET /Duluka/v.1.0/State
2026-10-03T18:15:02.533[D]: Response finished #461: GET /Duluka/v.1.0/State with status 404
2026-10-03T18:15:03.029[D]: Incoming request  #462: GET /Duluka/v.1.0/State
2026-10-03T18:15:03.030[D]: Response finished #462: GET /Duluka/v.1.0/State with status 404
2026-10-03T18:15:03.544[D]: Incoming request  #463: GET /Duluka/v.1.0/State
2026-10-03T18:15:03.546[D]: Response finished #463: GET /Duluka/v.1.0/State with status 404
2026-10-03T18:15:04.044[D]: Incoming request  #464: GET /Duluka/v.1.0/State
2026-10-03T18:15:04.045[D]: Response finished #464: GET /Duluka/v.1.0/State with status 404
2026-10-03T18:15:04.537[D]: Incoming request  #465: GET /Duluka/v.1.0/State
2026-10-03T18:15:04.539[D]: Response finished #465: GET /Duluka/v.1.0/State with status 404
2026-10-03T18:15:05.038[D]: Incoming request  #466: GET /Duluka/v.1.0/State
2026-10-03T18:15:05.039[D]: Response finished #466: GET /Duluka/v.1.0/State with status 404
2026-10-03T18:15:05.540[D]: Incoming request  #467: GET /Duluka/v.1.0/State
2026-10-03T18:15:05.543[D]: Response finished #467: GET /Duluka/v.1.0/State with status 404
2026-10-03T18:15:06.027[D]: Incoming request  #468: GET /Duluka/v.1.0/State
2026-10-03T18:15:06.028[D]: Response finished #468: GET /Duluka/v.1.0/State with status 404
2026-10-03T18:15:06.530[D]: Incoming request  #469: GET /Duluka/v.1.0/State
2026-10-03T18:15:06.532[D]: Response finished #469: GET /Duluka/v.1.0/State with status 404
2026-10-03T18:15:07.028[D]: Incoming request  #470: GET /Duluka/v.1.0/State
2026-10-03T18:15:07.029[D]: Response finished #470: GET /Duluka/v.1.0/State with status 404
2026-10-03T18:15:07.532[D]: Incoming request  #471: GET /Duluka/v.1.0/State
2026-10-03T18:15:07.533[D]: Response finished #471: GET /Duluka/v.1.0/State with status 404
2026-10-03T18:15:08.036[D]: Incoming request  #472: GET /Duluka/v.1.0/State
2026-10-03T18:15:08.037[D]: Response finished #472: GET /Duluka/v.1.0/State with status 404
2026-10-03T18:15:08.537[D]: Incoming request  #473: GET /Duluka/v.1.0/State
2026-10-03T18:15:08.537[D]: Response finished #473: GET /Duluka/v.1.0/State with status 404
2026-10-03T18:15:09.026[D]: Incoming request  #474: GET /Duluka/v.1.0/State
2026-10-03T18:15:09.027[D]: Response finished #474: GET /Duluka/v.1.0/State with status 404
2026-10-03T18:15:09.530[D]: Incoming request  #475: GET /Duluka/v.1.0/State
2026-10-03T18:15:09.533[D]: Response finished #475: GET /Duluka/v.1.0/State with status 404
2026-10-03T18:15:10.042[D]: Incoming request  #476: GET /Duluka/v.1.0/State
2026-10-03T18:15:10.042[D]: Response finished #476: GET /Duluka/v.1.0/State with status 404
2026-10-03T18:15:10.532[D]: Incoming request  #477: GET /Duluka/v.1.0/State
2026-10-03T18:15:10.533[D]: Response finished #477: GET /Duluka/v.1.0/State with status 404
2026-10-03T18:15:11.036[D]: Incoming request  #478: GET /Duluka/v.1.0/State
2026-10-03T18:15:11.037[D]: Response finished #478: GET /Duluka/v.1.0/State with status 404
2026-10-03T18:15:11.530[D]: Incoming request  #479: GET /Duluka/v.1.0/State
2026-10-03T18:15:11.530[D]: Response finished #479: GET /Duluka/v.1.0/State with status 404
2026-10-03T18:15:12.036[D]: Incoming request  #480: GET /Duluka/v.1.0/State
2026-10-03T18:15:12.037[D]: Response finished #480: GET /Duluka/v.1.0/State with status 404
2026-10-03T18:15:12.535[D]: Incoming request  #481: GET /Duluka/v.1.0/State
2026-10-03T18:15:12.536[D]: Response finished #481: GET /Duluka/v.1.0/State with status 404
2026-10-03T18:15:13.035[D]: Incoming request  #482: GET /Duluka/v.1.0/State
2026-10-03T18:15:13.035[D]: Response finished #482: GET /Duluka/v.1.0/State with status 404
2026-10-03T18:15:13.535[D]: Incoming request  #483: GET /Duluka/v.1.0/State
2026-10-03T18:15:13.536[D]: Response finished #483: GET /Duluka/v.1.0/State with status 404
2026-10-03T18:15:14.034[D]: Incoming request  #484: GET /Duluka/v.1.0/State
2026-10-03T18:15:14.035[D]: Response finished #484: GET /Duluka/v.1.0/State with status 404
2026-10-03T18:15:14.533[D]: Incoming request  #485: GET /Duluka/v.1.0/State
2026-10-03T18:15:14.534[D]: Response finished #485: GET /Duluka/v.1.0/State with status 404
2026-10-03T18:15:15.032[D]: Incoming request  #486: GET /Duluka/v.1.0/State
2026-10-03T18:15:15.032[D]: Response finished #486: GET /Duluka/v.1.0/State with status 404
2026-10-03T18:15:15.533[D]: Incoming request  #487: GET /Duluka/v.1.0/State
2026-10-03T18:15:15.534[D]: Response finished #487: GET /Duluka/v.1.0/State with status 404
2026-10-03T18:15:16.038[D]: Incoming request  #488: GET /Duluka/v.1.0/State
2026-10-03T18:15:16.039[D]: Response finished #488: GET /Duluka/v.1.0/State with status 404
2026-10-03T18:15:16.546[D]: Incoming request  #489: GET /Duluka/v.1.0/State
2026-10-03T18:15:16.549[D]: Response finished #489: GET /Duluka/v.1.0/State with status 404
2026-10-03T18:15:17.037[D]: Incoming request  #490: GET /Duluka/v.1.0/State
2026-10-03T18:15:17.038[D]: Response finished #490: GET /Duluka/v.1.0/State with status 404
2026-10-03T18:15:17.554[D]: Incoming request  #491: GET /Duluka/v.1.0/State
2026-10-03T18:15:17.555[D]: Response finished #491: GET /Duluka/v.1.0/State with status 404
2026-10-03T18:15:18.035[D]: Incoming request  #492: GET /Duluka/v.1.0/State
2026-10-03T18:15:18.036[D]: Response finished #492: GET /Duluka/v.1.0/State with status 404
2026-10-03T18:15:18.538[D]: Incoming request  #493: GET /Duluka/v.1.0/State
2026-10-03T18:15:18.539[D]: Response finished #493: GET /Duluka/v.1.0/State with status 404
2026-10-03T18:15:19.033[D]: Incoming request  #494: GET /Duluka/v.1.0/State
2026-10-03T18:15:19.035[D]: Response finished #494: GET /Duluka/v.1.0/State with status 404
2026-10-03T18:15:19.532[D]: Incoming request  #495: GET /Duluka/v.1.0/State
2026-10-03T18:15:19.533[D]: Response finished #495: GET /Duluka/v.1.0/State with status 404
2026-10-03T18:15:20.046[D]: Incoming request  #496: GET /Duluka/v.1.0/State
2026-10-03T18:15:20.048[D]: Response finished #496: GET /Duluka/v.1.0/State with status 404
2026-10-03T18:15:20.542[D]: Incoming request  #497: GET /Duluka/v.1.0/State
2026-10-03T18:15:20.544[D]: Response finished #497: GET /Duluka/v.1.0/State with status 404
2026-10-03T18:15:21.040[D]: Incoming request  #498: GET /Duluka/v.1.0/State
2026-10-03T18:15:21.041[D]: Response finished #498: GET /Duluka/v.1.0/State with status 404
2026-10-03T18:15:21.544[D]: Incoming request  #499: GET /Duluka/v.1.0/State
2026-10-03T18:15:21.545[D]: Response finished #499: GET /Duluka/v.1.0/State with status 404
2026-10-03T18:15:22.040[D]: Incoming request  #500: GET /Duluka/v.1.0/State
2026-10-03T18:15:22.040[D]: Response finished #500: GET /Duluka/v.1.0/State with status 404
2026-10-03T18:15:22.527[D]: Incoming request  #501: GET /Duluka/v.1.0/State
2026-10-03T18:15:22.529[D]: Response finished #501: GET /Duluka/v.1.0/State with status 404
2026-10-03T18:15:23.043[D]: Incoming request  #502: GET /Duluka/v.1.0/State
2026-10-03T18:15:23.044[D]: Response finished #502: GET /Duluka/v.1.0/State with status 404
2026-10-03T18:15:23.539[D]: Incoming request  #503: GET /Duluka/v.1.0/State
2026-10-03T18:15:23.541[D]: Response finished #503: GET /Duluka/v.1.0/State with status 404
2026-10-03T18:15:24.037[D]: Incoming request  #504: GET /Duluka/v.1.0/State
2026-10-03T18:15:24.039[D]: Response finished #504: GET /Duluka/v.1.0/State with status 404
2026-10-03T18:15:24.540[D]: Incoming request  #505: GET /Duluka/v.1.0/State
2026-10-03T18:15:24.541[D]: Response finished #505: GET /Duluka/v.1.0/State with status 404
2026-10-03T18:15:25.045[D]: Incoming request  #506: GET /Duluka/v.1.0/State
2026-10-03T18:15:25.046[D]: Response finished #506: GET /Duluka/v.1.0/State with status 404
2026-10-03T18:15:25.530[D]: Incoming request  #507: GET /Duluka/v.1.0/State
2026-10-03T18:15:25.530[D]: Response finished #507: GET /Duluka/v.1.0/State with status 404
2026-10-03T18:15:26.033[D]: Incoming request  #508: GET /Duluka/v.1.0/State
2026-10-03T18:15:26.034[D]: Response finished #508: GET /Duluka/v.1.0/State with status 404
2026-10-03T18:15:26.540[D]: Incoming request  #509: GET /Duluka/v.1.0/State
2026-10-03T18:15:26.541[D]: Response finished #509: GET /Duluka/v.1.0/State with status 404
2026-10-03T18:15:27.034[D]: Incoming request  #510: GET /Duluka/v.1.0/State
2026-10-03T18:15:27.035[D]: Response finished #510: GET /Duluka/v.1.0/State with status 404
2026-10-03T18:15:27.535[D]: Incoming request  #511: GET /Duluka/v.1.0/State
2026-10-03T18:15:27.537[D]: Response finished #511: GET /Duluka/v.1.0/State with status 404
2026-10-03T18:15:28.033[D]: Incoming request  #512: GET /Duluka/v.1.0/State
2026-10-03T18:15:28.033[D]: Response finished #512: GET /Duluka/v.1.0/State with status 404
2026-10-03T18:15:28.535[D]: Incoming request  #513: GET /Duluka/v.1.0/State
2026-10-03T18:15:28.536[D]: Response finished #513: GET /Duluka/v.1.0/State with status 404
2026-10-03T18:15:29.032[D]: Incoming request  #514: GET /Duluka/v.1.0/State
2026-10-03T18:15:29.033[D]: Response finished #514: GET /Duluka/v.1.0/State with status 404
2026-10-03T18:15:29.534[D]: Incoming request  #515: GET /Duluka/v.1.0/State
2026-10-03T18:15:29.536[D]: Response finished #515: GET /Duluka/v.1.0/State with status 404
2026-10-03T18:15:30.033[D]: Incoming request  #516: GET /Duluka/v.1.0/State
2026-10-03T18:15:30.033[D]: Response finished #516: GET /Duluka/v.1.0/State with status 404
2026-10-03T18:15:30.537[D]: Incoming request  #517: GET /Duluka/v.1.0/State
2026-10-03T18:15:30.539[D]: Response finished #517: GET /Duluka/v.1.0/State with status 404
2026-10-03T18:15:31.035[D]: Incoming request  #518: GET /Duluka/v.1.0/State
2026-10-03T18:15:31.035[D]: Response finished #518: GET /Duluka/v.1.0/State with status 404
2026-10-03T18:15:31.550[D]: Incoming request  #519: GET /Duluka/v.1.0/State
2026-10-03T18:15:31.552[D]: Response finished #519: GET /Duluka/v.1.0/State with status 404
2026-10-03T18:15:32.046[D]: Incoming request  #520: GET /Duluka/v.1.0/State
2026-10-03T18:15:32.049[D]: Response finished #520: GET /Duluka/v.1.0/State with status 404
2026-10-03T18:15:32.550[D]: Incoming request  #521: GET /Duluka/v.1.0/State
2026-10-03T18:15:32.551[D]: Response finished #521: GET /Duluka/v.1.0/State with status 404
2026-10-03T18:15:33.036[D]: Incoming request  #522: GET /Duluka/v.1.0/State
2026-10-03T18:15:33.036[D]: Response finished #522: GET /Duluka/v.1.0/State with status 404
2026-10-03T18:15:33.550[D]: Incoming request  #523: GET /Duluka/v.1.0/State
2026-10-03T18:15:33.552[D]: Response finished #523: GET /Duluka/v.1.0/State with status 404
2026-10-03T18:15:34.036[D]: Incoming request  #524: GET /Duluka/v.1.0/State
2026-10-03T18:15:34.037[D]: Response finished #524: GET /Duluka/v.1.0/State with status 404
2026-10-03T18:15:34.541[D]: Incoming request  #525: GET /Duluka/v.1.0/State
2026-10-03T18:15:34.541[D]: Response finished #525: GET /Duluka/v.1.0/State with status 404
2026-10-03T18:15:35.036[D]: Incoming request  #526: GET /Duluka/v.1.0/State
2026-10-03T18:15:35.037[D]: Response finished #526: GET /Duluka/v.1.0/State with status 404
2026-10-03T18:15:35.539[D]: Incoming request  #527: GET /Duluka/v.1.0/State
2026-10-03T18:15:35.540[D]: Response finished #527: GET /Duluka/v.1.0/State with status 404
2026-10-03T18:15:36.047[D]: Incoming request  #528: GET /Duluka/v.1.0/State
2026-10-03T18:15:36.047[D]: Response finished #528: GET /Duluka/v.1.0/State with status 404
2026-10-03T18:15:36.542[D]: Incoming request  #529: GET /Duluka/v.1.0/State
2026-10-03T18:15:36.545[D]: Response finished #529: GET /Duluka/v.1.0/State with status 404
2026-10-03T18:15:37.028[D]: Incoming request  #530: GET /Duluka/v.1.0/State
2026-10-03T18:15:37.030[D]: Response finished #530: GET /Duluka/v.1.0/State with status 404
2026-10-03T18:15:37.542[D]: Incoming request  #531: GET /Duluka/v.1.0/State
2026-10-03T18:15:37.543[D]: Response finished #531: GET /Duluka/v.1.0/State with status 404
2026-10-03T18:15:38.029[D]: Incoming request  #532: GET /Duluka/v.1.0/State
2026-10-03T18:15:38.030[D]: Response finished #532: GET /Duluka/v.1.0/State with status 404
2026-10-03T18:15:38.533[D]: Incoming request  #533: GET /Duluka/v.1.0/State
2026-10-03T18:15:38.533[D]: Response finished #533: GET /Duluka/v.1.0/State with status 404
2026-10-03T18:15:39.030[D]: Incoming request  #534: GET /Duluka/v.1.0/State
2026-10-03T18:15:39.030[D]: Response finished #534: GET /Duluka/v.1.0/State with status 404
2026-10-03T18:15:39.532[D]: Incoming request  #535: GET /Duluka/v.1.0/State
2026-10-03T18:15:39.533[D]: Response finished #535: GET /Duluka/v.1.0/State with status 404
2026-10-03T18:15:40.034[D]: Incoming request  #536: GET /Duluka/v.1.0/State
2026-10-03T18:15:40.034[D]: Response finished #536: GET /Duluka/v.1.0/State with status 404
2026-10-03T18:15:40.539[D]: Incoming request  #537: GET /Duluka/v.1.0/State
2026-10-03T18:15:40.539[D]: Response finished #537: GET /Duluka/v.1.0/State with status 404
2026-10-03T18:15:41.029[D]: Incoming request  #538: GET /Duluka/v.1.0/State
2026-10-03T18:15:41.030[D]: Response finished #538: GET /Duluka/v.1.0/State with status 404
2026-10-03T18:15:41.539[D]: Incoming request  #539: GET /Duluka/v.1.0/State
2026-10-03T18:15:41.540[D]: Response finished #539: GET /Duluka/v.1.0/State with status 404
2026-10-03T18:15:42.032[D]: Incoming request  #540: GET /Duluka/v.1.0/State
2026-10-03T18:15:42.033[D]: Response finished #540: GET /Duluka/v.1.0/State with status 404
2026-10-03T18:15:42.534[D]: Incoming request  #541: GET /Duluka/v.1.0/State
2026-10-03T18:15:42.535[D]: Response finished #541: GET /Duluka/v.1.0/State with status 404
2026-10-03T18:15:43.031[D]: Incoming request  #542: GET /Duluka/v.1.0/State
2026-10-03T18:15:43.032[D]: Response finished #542: GET /Duluka/v.1.0/State with status 404
2026-10-03T18:15:43.533[D]: Incoming request  #543: GET /Duluka/v.1.0/State
2026-10-03T18:15:43.534[D]: Response finished #543: GET /Duluka/v.1.0/State with status 404
2026-10-03T18:15:44.030[D]: Incoming request  #544: GET /Duluka/v.1.0/State
2026-10-03T18:15:44.032[D]: Response finished #544: GET /Duluka/v.1.0/State with status 404
2026-10-03T18:15:44.533[D]: Incoming request  #545: GET /Duluka/v.1.0/State
2026-10-03T18:15:44.534[D]: Response finished #545: GET /Duluka/v.1.0/State with status 404
2026-10-03T18:15:45.034[D]: Incoming request  #546: GET /Duluka/v.1.0/State
2026-10-03T18:15:45.034[D]: Response finished #546: GET /Duluka/v.1.0/State with status 404
2026-10-03T18:15:45.537[D]: Incoming request  #547: GET /Duluka/v.1.0/State
2026-10-03T18:15:45.539[D]: Response finished #547: GET /Duluka/v.1.0/State with status 404
2026-10-03T18:15:46.032[D]: Incoming request  #548: GET /Duluka/v.1.0/State
2026-10-03T18:15:46.032[D]: Response finished #548: GET /Duluka/v.1.0/State with status 404
2026-10-03T18:15:46.532[D]: Incoming request  #549: GET /Duluka/v.1.0/State
2026-10-03T18:15:46.533[D]: Response finished #549: GET /Duluka/v.1.0/State with status 404
2026-10-03T18:15:47.044[D]: Incoming request  #550: GET /Duluka/v.1.0/State
2026-10-03T18:15:47.045[D]: Response finished #550: GET /Duluka/v.1.0/State with status 404
2026-10-03T18:15:47.540[D]: Incoming request  #551: GET /Duluka/v.1.0/State
2026-10-03T18:15:47.545[D]: Response finished #551: GET /Duluka/v.1.0/State with status 404
2026-10-03T18:15:48.042[D]: Incoming request  #552: GET /Duluka/v.1.0/State
2026-10-03T18:15:48.042[D]: Response finished #552: GET /Duluka/v.1.0/State with status 404
2026-10-03T18:15:48.539[D]: Incoming request  #553: GET /Duluka/v.1.0/State
2026-10-03T18:15:48.539[D]: Response finished #553: GET /Duluka/v.1.0/State with status 404
2026-10-03T18:15:49.039[D]: Incoming request  #554: GET /Duluka/v.1.0/State
2026-10-03T18:15:49.040[D]: Response finished #554: GET /Duluka/v.1.0/State with status 404
2026-10-03T18:15:49.539[D]: Incoming request  #555: GET /Duluka/v.1.0/State
2026-10-03T18:15:49.543[D]: Response finished #555: GET /Duluka/v.1.0/State with status 404
2026-10-03T18:15:50.043[D]: Incoming request  #556: GET /Duluka/v.1.0/State
2026-10-03T18:15:50.043[D]: Response finished #556: GET /Duluka/v.1.0/State with status 404
2026-10-03T18:15:50.539[D]: Incoming request  #557: GET /Duluka/v.1.0/State
2026-10-03T18:15:50.539[D]: Response finished #557: GET /Duluka/v.1.0/State with status 404
2026-10-03T18:15:51.040[D]: Incoming request  #558: GET /Duluka/v.1.0/State
2026-10-03T18:15:51.040[D]: Response finished #558: GET /Duluka/v.1.0/State with status 404
2026-10-03T18:15:51.537[D]: Incoming request  #559: GET /Duluka/v.1.0/State
2026-10-03T18:15:51.538[D]: Response finished #559: GET /Duluka/v.1.0/State with status 404
2026-10-03T18:15:52.037[D]: Incoming request  #560: GET /Duluka/v.1.0/State
2026-10-03T18:15:52.037[D]: Response finished #560: GET /Duluka/v.1.0/State with status 404
2026-10-03T18:15:52.551[D]: Incoming request  #561: GET /Duluka/v.1.0/State
2026-10-03T18:15:52.553[D]: Response finished #561: GET /Duluka/v.1.0/State with status 404
2026-10-03T18:15:53.040[D]: Incoming request  #562: GET /Duluka/v.1.0/State
2026-10-03T18:15:53.040[D]: Response finished #562: GET /Duluka/v.1.0/State with status 404
2026-10-03T18:15:53.536[D]: Incoming request  #563: GET /Duluka/v.1.0/State
2026-10-03T18:15:53.537[D]: Response finished #563: GET /Duluka/v.1.0/State with status 404
2026-10-03T18:15:54.026[D]: Incoming request  #564: GET /Duluka/v.1.0/State
2026-10-03T18:15:54.027[D]: Response finished #564: GET /Duluka/v.1.0/State with status 404
2026-10-03T18:15:54.532[D]: Incoming request  #565: GET /Duluka/v.1.0/State
2026-10-03T18:15:54.533[D]: Response finished #565: GET /Duluka/v.1.0/State with status 404
2026-10-03T18:15:55.032[D]: Incoming request  #566: GET /Duluka/v.1.0/State
2026-10-03T18:15:55.037[D]: Response finished #566: GET /Duluka/v.1.0/State with status 404
2026-10-03T18:15:55.534[D]: Incoming request  #567: GET /Duluka/v.1.0/State
2026-10-03T18:15:55.535[D]: Response finished #567: GET /Duluka/v.1.0/State with status 404
2026-10-03T18:15:56.029[D]: Incoming request  #568: GET /Duluka/v.1.0/State
2026-10-03T18:15:56.029[D]: Response finished #568: GET /Duluka/v.1.0/State with status 404
2026-10-03T18:15:56.530[D]: Incoming request  #569: GET /Duluka/v.1.0/State
2026-10-03T18:15:56.532[D]: Response finished #569: GET /Duluka/v.1.0/State with status 404
2026-10-03T18:15:57.032[D]: Incoming request  #570: GET /Duluka/v.1.0/State
2026-10-03T18:15:57.034[D]: Response finished #570: GET /Duluka/v.1.0/State with status 404
2026-10-03T18:15:57.533[D]: Incoming request  #571: GET /Duluka/v.1.0/State
2026-10-03T18:15:57.534[D]: Response finished #571: GET /Duluka/v.1.0/State with status 404
2026-10-03T18:15:58.039[D]: Incoming request  #572: GET /Duluka/v.1.0/State
2026-10-03T18:15:58.040[D]: Response finished #572: GET /Duluka/v.1.0/State with status 404
2026-10-03T18:15:58.532[D]: Incoming request  #573: GET /Duluka/v.1.0/State
2026-10-03T18:15:58.532[D]: Response finished #573: GET /Duluka/v.1.0/State with status 404
2026-10-03T18:15:59.030[D]: Incoming request  #574: GET /Duluka/v.1.0/State
2026-10-03T18:15:59.032[D]: Response finished #574: GET /Duluka/v.1.0/State with status 404
2026-10-03T18:15:59.532[D]: Incoming request  #575: GET /Duluka/v.1.0/State
2026-10-03T18:15:59.532[D]: Response finished #575: GET /Duluka/v.1.0/State with status 404
2026-10-03T18:16:00.031[D]: Incoming request  #576: GET /Duluka/v.1.0/State
2026-10-03T18:16:00.036[D]: Response finished #576: GET /Duluka/v.1.0/State with status 404
2026-10-03T18:16:00.531[D]: Incoming request  #577: GET /Duluka/v.1.0/State
2026-10-03T18:16:00.532[D]: Response finished #577: GET /Duluka/v.1.0/State with status 404
2026-10-03T18:16:01.042[D]: Incoming request  #578: GET /Duluka/v.1.0/State
2026-10-03T18:16:01.043[D]: Response finished #578: GET /Duluka/v.1.0/State with status 404
2026-10-03T18:16:01.547[D]: Incoming request  #579: GET /Duluka/v.1.0/State
2026-10-03T18:16:01.549[D]: Response finished #579: GET /Duluka/v.1.0/State with status 404
2026-10-03T18:16:02.039[D]: Incoming request  #580: GET /Duluka/v.1.0/State
2026-10-03T18:16:02.040[D]: Response finished #580: GET /Duluka/v.1.0/State with status 404
2026-10-03T18:16:02.545[D]: Incoming request  #581: GET /Duluka/v.1.0/State
2026-10-03T18:16:02.547[D]: Response finished #581: GET /Duluka/v.1.0/State with status 404
2026-10-03T18:16:03.027[D]: Incoming request  #582: GET /Duluka/v.1.0/State
2026-10-03T18:16:03.027[D]: Response finished #582: GET /Duluka/v.1.0/State with status 404
2026-10-03T18:16:03.543[D]: Incoming request  #583: GET /Duluka/v.1.0/State
2026-10-03T18:16:03.544[D]: Response finished #583: GET /Duluka/v.1.0/State with status 404
2026-10-03T18:16:04.041[D]: Incoming request  #584: GET /Duluka/v.1.0/State
2026-10-03T18:16:04.042[D]: Response finished #584: GET /Duluka/v.1.0/State with status 404
2026-10-03T18:16:04.529[D]: Incoming request  #585: GET /Duluka/v.1.0/State
2026-10-03T18:16:04.530[D]: Response finished #585: GET /Duluka/v.1.0/State with status 404
2026-10-03T18:16:05.030[D]: Incoming request  #586: GET /Duluka/v.1.0/State
2026-10-03T18:16:05.033[D]: Response finished #586: GET /Duluka/v.1.0/State with status 404
2026-10-03T18:16:05.534[D]: Incoming request  #587: GET /Duluka/v.1.0/State
2026-10-03T18:16:05.534[D]: Response finished #587: GET /Duluka/v.1.0/State with status 404
2026-10-03T18:16:06.037[D]: Incoming request  #588: GET /Duluka/v.1.0/State
2026-10-03T18:16:06.038[D]: Response finished #588: GET /Duluka/v.1.0/State with status 404
2026-10-03T18:16:06.531[D]: Incoming request  #589: GET /Duluka/v.1.0/State
2026-10-03T18:16:06.532[D]: Response finished #589: GET /Duluka/v.1.0/State with status 404
2026-10-03T18:16:07.034[D]: Incoming request  #590: GET /Duluka/v.1.0/State
2026-10-03T18:16:07.035[D]: Response finished #590: GET /Duluka/v.1.0/State with status 404
2026-10-03T18:16:07.532[D]: Incoming request  #591: GET /Duluka/v.1.0/State
2026-10-03T18:16:07.533[D]: Response finished #591: GET /Duluka/v.1.0/State with status 404
2026-10-03T18:16:08.036[D]: Incoming request  #592: GET /Duluka/v.1.0/State
2026-10-03T18:16:08.036[D]: Response finished #592: GET /Duluka/v.1.0/State with status 404
2026-10-03T18:16:08.532[D]: Incoming request  #593: GET /Duluka/v.1.0/State
2026-10-03T18:16:08.533[D]: Response finished #593: GET /Duluka/v.1.0/State with status 404
2026-10-03T18:16:09.034[D]: Incoming request  #594: GET /Duluka/v.1.0/State
2026-10-03T18:16:09.036[D]: Response finished #594: GET /Duluka/v.1.0/State with status 404
2026-10-03T18:16:09.531[D]: Incoming request  #595: GET /Duluka/v.1.0/State
2026-10-03T18:16:09.532[D]: Response finished #595: GET /Duluka/v.1.0/State with status 404
2026-10-03T18:16:10.037[D]: Incoming request  #596: GET /Duluka/v.1.0/State
2026-10-03T18:16:10.037[D]: Response finished #596: GET /Duluka/v.1.0/State with status 404
2026-10-03T18:16:10.532[D]: Incoming request  #597: GET /Duluka/v.1.0/State
2026-10-03T18:16:10.533[D]: Response finished #597: GET /Duluka/v.1.0/State with status 404
2026-10-03T18:16:11.044[D]: Incoming request  #598: GET /Duluka/v.1.0/State
2026-10-03T18:16:11.046[D]: Response finished #598: GET /Duluka/v.1.0/State with status 404
2026-10-03T18:16:11.535[D]: Incoming request  #599: GET /Duluka/v.1.0/State
2026-10-03T18:16:11.537[D]: Response finished #599: GET /Duluka/v.1.0/State with status 404
2026-10-03T18:16:12.034[D]: Incoming request  #600: GET /Duluka/v.1.0/State
2026-10-03T18:16:12.034[D]: Response finished #600: GET /Duluka/v.1.0/State with status 404
2026-10-03T18:16:12.530[D]: Incoming request  #601: GET /Duluka/v.1.0/State
2026-10-03T18:16:12.530[D]: Response finished #601: GET /Duluka/v.1.0/State with status 404
2026-10-03T18:16:13.033[D]: Incoming request  #602: GET /Duluka/v.1.0/State
2026-10-03T18:16:13.034[D]: Response finished #602: GET /Duluka/v.1.0/State with status 404
2026-10-03T18:16:13.532[D]: Incoming request  #603: GET /Duluka/v.1.0/State
2026-10-03T18:16:13.533[D]: Response finished #603: GET /Duluka/v.1.0/State with status 404
2026-10-03T18:16:14.033[D]: Incoming request  #604: GET /Duluka/v.1.0/State
2026-10-03T18:16:14.034[D]: Response finished #604: GET /Duluka/v.1.0/State with status 404
2026-10-03T18:16:14.531[D]: Incoming request  #605: GET /Duluka/v.1.0/State
2026-10-03T18:16:14.532[D]: Response finished #605: GET /Duluka/v.1.0/State with status 404
2026-10-03T18:16:15.035[D]: Incoming request  #606: GET /Duluka/v.1.0/State
2026-10-03T18:16:15.036[D]: Response finished #606: GET /Duluka/v.1.0/State with status 404
2026-10-03T18:16:15.529[D]: Incoming request  #607: GET /Duluka/v.1.0/State
2026-10-03T18:16:15.530[D]: Response finished #607: GET /Duluka/v.1.0/State with status 404
2026-10-03T18:16:16.033[D]: Incoming request  #608: GET /Duluka/v.1.0/State
2026-10-03T18:16:16.034[D]: Response finished #608: GET /Duluka/v.1.0/State with status 404
2026-10-03T18:16:16.531[D]: Incoming request  #609: GET /Duluka/v.1.0/State
2026-10-03T18:16:16.532[D]: Response finished #609: GET /Duluka/v.1.0/State with status 404
2026-10-03T18:16:17.047[D]: Incoming request  #610: GET /Duluka/v.1.0/State
2026-10-03T18:16:17.047[D]: Response finished #610: GET /Duluka/v.1.0/State with status 404
2026-10-03T18:16:17.541[D]: Incoming request  #611: GET /Duluka/v.1.0/State
2026-10-03T18:16:17.542[D]: Response finished #611: GET /Duluka/v.1.0/State with status 404
2026-10-03T18:16:18.033[D]: Incoming request  #612: GET /Duluka/v.1.0/State
2026-10-03T18:16:18.034[D]: Response finished #612: GET /Duluka/v.1.0/State with status 404
2026-10-03T18:16:18.540[D]: Incoming request  #613: GET /Duluka/v.1.0/State
2026-10-03T18:16:18.541[D]: Response finished #613: GET /Duluka/v.1.0/State with status 404
2026-10-03T18:16:19.041[D]: Incoming request  #614: GET /Duluka/v.1.0/State
2026-10-03T18:16:19.042[D]: Response finished #614: GET /Duluka/v.1.0/State with status 404
2026-10-03T18:16:19.542[D]: Incoming request  #615: GET /Duluka/v.1.0/State
2026-10-03T18:16:19.542[D]: Response finished #615: GET /Duluka/v.1.0/State with status 404
2026-10-03T18:16:20.031[D]: Incoming request  #616: GET /Duluka/v.1.0/State
2026-10-03T18:16:20.032[D]: Response finished #616: GET /Duluka/v.1.0/State with status 404
2026-10-03T18:16:20.540[D]: Incoming request  #617: GET /Duluka/v.1.0/State
2026-10-03T18:16:20.541[D]: Response finished #617: GET /Duluka/v.1.0/State with status 404
2026-10-03T18:16:21.039[D]: Incoming request  #618: GET /Duluka/v.1.0/State
2026-10-03T18:16:21.044[D]: Response finished #618: GET /Duluka/v.1.0/State with status 404
2026-10-03T18:16:21.539[D]: Incoming request  #619: GET /Duluka/v.1.0/State
2026-10-03T18:16:21.540[D]: Response finished #619: GET /Duluka/v.1.0/State with status 404
2026-10-03T18:16:22.036[D]: Incoming request  #620: GET /Duluka/v.1.0/State
2026-10-03T18:16:22.036[D]: Response finished #620: GET /Duluka/v.1.0/State with status 404
2026-10-03T18:16:22.540[D]: Incoming request  #621: GET /Duluka/v.1.0/State
2026-10-03T18:16:22.541[D]: Response finished #621: GET /Duluka/v.1.0/State with status 404
2026-10-03T18:16:23.030[D]: Incoming request  #622: GET /Duluka/v.1.0/State
2026-10-03T18:16:23.031[D]: Response finished #622: GET /Duluka/v.1.0/State with status 404
2026-10-03T18:16:23.543[D]: Incoming request  #623: GET /Duluka/v.1.0/State
2026-10-03T18:16:23.545[D]: Response finished #623: GET /Duluka/v.1.0/State with status 404
2026-10-03T18:16:24.041[D]: Incoming request  #624: GET /Duluka/v.1.0/State
2026-10-03T18:16:24.043[D]: Response finished #624: GET /Duluka/v.1.0/State with status 404
2026-10-03T18:16:24.540[D]: Incoming request  #625: GET /Duluka/v.1.0/State
2026-10-03T18:16:24.542[D]: Response finished #625: GET /Duluka/v.1.0/State with status 404
2026-10-03T18:16:25.046[D]: Incoming request  #626: GET /Duluka/v.1.0/State
2026-10-03T18:16:25.047[D]: Response finished #626: GET /Duluka/v.1.0/State with status 404
2026-10-03T18:16:25.539[D]: Incoming request  #627: GET /Duluka/v.1.0/State
2026-10-03T18:16:25.539[D]: Response finished #627: GET /Duluka/v.1.0/State with status 404
2026-10-03T18:16:26.040[D]: Incoming request  #628: GET /Duluka/v.1.0/State
2026-10-03T18:16:26.042[D]: Response finished #628: GET /Duluka/v.1.0/State with status 404
2026-10-03T18:16:26.542[D]: Incoming request  #629: GET /Duluka/v.1.0/State
2026-10-03T18:16:26.543[D]: Response finished #629: GET /Duluka/v.1.0/State with status 404
2026-10-03T18:16:27.027[D]: Incoming request  #630: GET /Duluka/v.1.0/State
2026-10-03T18:16:27.029[D]: Response finished #630: GET /Duluka/v.1.0/State with status 404
2026-10-03T18:16:27.530[D]: Incoming request  #631: GET /Duluka/v.1.0/State
2026-10-03T18:16:27.531[D]: Response finished #631: GET /Duluka/v.1.0/State with status 404
2026-10-03T18:16:28.037[D]: Incoming request  #632: GET /Duluka/v.1.0/State
2026-10-03T18:16:28.037[D]: Response finished #632: GET /Duluka/v.1.0/State with status 404
2026-10-03T18:16:28.538[D]: Incoming request  #633: GET /Duluka/v.1.0/State
2026-10-03T18:16:28.539[D]: Response finished #633: GET /Duluka/v.1.0/State with status 404
2026-10-03T18:16:29.027[D]: Incoming request  #634: GET /Duluka/v.1.0/State
2026-10-03T18:16:29.028[D]: Response finished #634: GET /Duluka/v.1.0/State with status 404
2026-10-03T18:16:29.534[D]: Incoming request  #635: GET /Duluka/v.1.0/State
2026-10-03T18:16:29.534[D]: Response finished #635: GET /Duluka/v.1.0/State with status 404
2026-10-03T18:16:30.034[D]: Incoming request  #636: GET /Duluka/v.1.0/State
2026-10-03T18:16:30.034[D]: Response finished #636: GET /Duluka/v.1.0/State with status 404
2026-10-03T18:16:30.539[D]: Incoming request  #637: GET /Duluka/v.1.0/State
2026-10-03T18:16:30.539[D]: Response finished #637: GET /Duluka/v.1.0/State with status 404
2026-10-03T18:16:31.027[D]: Incoming request  #638: GET /Duluka/v.1.0/State
2026-10-03T18:16:31.028[D]: Response finished #638: GET /Duluka/v.1.0/State with status 404
2026-10-03T18:16:31.530[D]: Incoming request  #639: GET /Duluka/v.1.0/State
2026-10-03T18:16:31.532[D]: Response finished #639: GET /Duluka/v.1.0/State with status 404
2026-10-03T18:16:32.032[D]: Incoming request  #640: GET /Duluka/v.1.0/State
2026-10-03T18:16:32.032[D]: Response finished #640: GET /Duluka/v.1.0/State with status 404
2026-10-03T18:16:32.533[D]: Incoming request  #641: GET /Duluka/v.1.0/State
2026-10-03T18:16:32.534[D]: Response finished #641: GET /Duluka/v.1.0/State with status 404
2026-10-03T18:16:33.036[D]: Incoming request  #642: GET /Duluka/v.1.0/State
2026-10-03T18:16:33.037[D]: Response finished #642: GET /Duluka/v.1.0/State with status 404
2026-10-03T18:16:33.536[D]: Incoming request  #643: GET /Duluka/v.1.0/State
2026-10-03T18:16:33.536[D]: Response finished #643: GET /Duluka/v.1.0/State with status 404
2026-10-03T18:16:34.033[D]: Incoming request  #644: GET /Duluka/v.1.0/State
2026-10-03T18:16:34.034[D]: Response finished #644: GET /Duluka/v.1.0/State with status 404
2026-10-03T18:16:34.535[D]: Incoming request  #645: GET /Duluka/v.1.0/State
2026-10-03T18:16:34.536[D]: Response finished #645: GET /Duluka/v.1.0/State with status 404
2026-10-03T18:16:35.040[D]: Incoming request  #646: GET /Duluka/v.1.0/State
2026-10-03T18:16:35.040[D]: Response finished #646: GET /Duluka/v.1.0/State with status 404
2026-10-03T18:16:35.527[D]: Incoming request  #647: GET /Duluka/v.1.0/State
2026-10-03T18:16:35.529[D]: Response finished #647: GET /Duluka/v.1.0/State with status 404
2026-10-03T18:16:36.030[D]: Incoming request  #648: GET /Duluka/v.1.0/State
2026-10-03T18:16:36.030[D]: Response finished #648: GET /Duluka/v.1.0/State with status 404
2026-10-03T18:16:36.535[D]: Incoming request  #649: GET /Duluka/v.1.0/State
2026-10-03T18:16:36.535[D]: Response finished #649: GET /Duluka/v.1.0/State with status 404
2026-10-03T18:16:37.040[D]: Incoming request  #650: GET /Duluka/v.1.0/State
2026-10-03T18:16:37.041[D]: Response finished #650: GET /Duluka/v.1.0/State with status 404
2026-10-03T18:16:37.542[D]: Incoming request  #651: GET /Duluka/v.1.0/State
2026-10-03T18:16:37.543[D]: Response finished #651: GET /Duluka/v.1.0/State with status 404
2026-10-03T18:16:38.031[D]: Incoming request  #652: GET /Duluka/v.1.0/State
2026-10-03T18:16:38.032[D]: Response finished #652: GET /Duluka/v.1.0/State with status 404
2026-10-03T18:16:38.537[D]: Incoming request  #653: GET /Duluka/v.1.0/State
2026-10-03T18:16:38.538[D]: Response finished #653: GET /Duluka/v.1.0/State with status 404
2026-10-03T18:16:39.040[D]: Incoming request  #654: GET /Duluka/v.1.0/State
2026-10-03T18:16:39.040[D]: Response finished #654: GET /Duluka/v.1.0/State with status 404
2026-10-03T18:16:39.528[D]: Incoming request  #655: GET /Duluka/v.1.0/State
2026-10-03T18:16:39.529[D]: Response finished #655: GET /Duluka/v.1.0/State with status 404
2026-10-03T18:16:40.029[D]: Incoming request  #656: GET /Duluka/v.1.0/State
2026-10-03T18:16:40.029[D]: Response finished #656: GET /Duluka/v.1.0/State with status 404
2026-10-03T18:16:40.534[D]: Incoming request  #657: GET /Duluka/v.1.0/State
2026-10-03T18:16:40.534[D]: Response finished #657: GET /Duluka/v.1.0/State with status 404
2026-10-03T18:16:41.037[D]: Incoming request  #658: GET /Duluka/v.1.0/State
2026-10-03T18:16:41.037[D]: Response finished #658: GET /Duluka/v.1.0/State with status 404
2026-10-03T18:16:41.542[D]: Incoming request  #659: GET /Duluka/v.1.0/State
2026-10-03T18:16:41.543[D]: Response finished #659: GET /Duluka/v.1.0/State with status 404
2026-10-03T18:16:42.030[D]: Incoming request  #660: GET /Duluka/v.1.0/State
2026-10-03T18:16:42.030[D]: Response finished #660: GET /Duluka/v.1.0/State with status 404
2026-10-03T18:16:42.530[D]: Incoming request  #661: GET /Duluka/v.1.0/State
2026-10-03T18:16:42.531[D]: Response finished #661: GET /Duluka/v.1.0/State with status 404
2026-10-03T18:16:43.032[D]: Incoming request  #662: GET /Duluka/v.1.0/State
2026-10-03T18:16:43.033[D]: Response finished #662: GET /Duluka/v.1.0/State with status 404
2026-10-03T18:16:43.537[D]: Incoming request  #663: GET /Duluka/v.1.0/State
2026-10-03T18:16:43.537[D]: Response finished #663: GET /Duluka/v.1.0/State with status 404
2026-10-03T18:16:44.036[D]: Incoming request  #664: GET /Duluka/v.1.0/State
2026-10-03T18:16:44.036[D]: Response finished #664: GET /Duluka/v.1.0/State with status 404
2026-10-03T18:16:44.536[D]: Incoming request  #665: GET /Duluka/v.1.0/State
2026-10-03T18:16:44.536[D]: Response finished #665: GET /Duluka/v.1.0/State with status 404
2026-10-03T18:16:45.036[D]: Incoming request  #666: GET /Duluka/v.1.0/State
2026-10-03T18:16:45.037[D]: Response finished #666: GET /Duluka/v.1.0/State with status 404
2026-10-03T18:16:45.533[D]: Incoming request  #667: GET /Duluka/v.1.0/State
2026-10-03T18:16:45.534[D]: Response finished #667: GET /Duluka/v.1.0/State with status 404
2026-10-03T18:16:46.037[D]: Incoming request  #668: GET /Duluka/v.1.0/State
2026-10-03T18:16:46.037[D]: Response finished #668: GET /Duluka/v.1.0/State with status 404
2026-10-03T18:16:46.540[D]: Incoming request  #669: GET /Duluka/v.1.0/State
2026-10-03T18:16:46.541[D]: Response finished #669: GET /Duluka/v.1.0/State with status 404
2026-10-03T18:16:47.030[D]: Incoming request  #670: GET /Duluka/v.1.0/State
2026-10-03T18:16:47.030[D]: Response finished #670: GET /Duluka/v.1.0/State with status 404
2026-10-03T18:16:47.533[D]: Incoming request  #671: GET /Duluka/v.1.0/State
2026-10-03T18:16:47.534[D]: Response finished #671: GET /Duluka/v.1.0/State with status 404
2026-10-03T18:16:48.040[D]: Incoming request  #672: GET /Duluka/v.1.0/State
2026-10-03T18:16:48.041[D]: Response finished #672: GET /Duluka/v.1.0/State with status 404
2026-10-03T18:16:48.529[D]: Incoming request  #673: GET /Duluka/v.1.0/State
2026-10-03T18:16:48.530[D]: Response finished #673: GET /Duluka/v.1.0/State with status 404
2026-10-03T18:16:49.034[D]: Incoming request  #674: GET /Duluka/v.1.0/State
2026-10-03T18:16:49.035[D]: Response finished #674: GET /Duluka/v.1.0/State with status 404
2026-10-03T18:16:49.533[D]: Incoming request  #675: GET /Duluka/v.1.0/State
2026-10-03T18:16:49.534[D]: Response finished #675: GET /Duluka/v.1.0/State with status 404
2026-10-03T18:16:50.037[D]: Incoming request  #676: GET /Duluka/v.1.0/State
2026-10-03T18:16:50.037[D]: Response finished #676: GET /Duluka/v.1.0/State with status 404
2026-10-03T18:16:50.527[D]: Incoming request  #677: GET /Duluka/v.1.0/State
2026-10-03T18:16:50.529[D]: Response finished #677: GET /Duluka/v.1.0/State with status 404
2026-10-03T18:16:51.031[D]: Incoming request  #678: GET /Duluka/v.1.0/State
2026-10-03T18:16:51.032[D]: Response finished #678: GET /Duluka/v.1.0/State with status 404
2026-10-03T18:16:51.533[D]: Incoming request  #679: GET /Duluka/v.1.0/State
2026-10-03T18:16:51.533[D]: Response finished #679: GET /Duluka/v.1.0/State with status 404
2026-10-03T18:16:52.037[D]: Incoming request  #680: GET /Duluka/v.1.0/State
2026-10-03T18:16:52.037[D]: Response finished #680: GET /Duluka/v.1.0/State with status 404
2026-10-03T18:16:52.541[D]: Incoming request  #681: GET /Duluka/v.1.0/State
2026-10-03T18:16:52.541[D]: Response finished #681: GET /Duluka/v.1.0/State with status 404
2026-10-03T18:16:53.027[D]: Incoming request  #682: GET /Duluka/v.1.0/State
2026-10-03T18:16:53.029[D]: Response finished #682: GET /Duluka/v.1.0/State with status 404
2026-10-03T18:16:53.535[D]: Incoming request  #683: GET /Duluka/v.1.0/State
2026-10-03T18:16:53.535[D]: Response finished #683: GET /Duluka/v.1.0/State with status 404
2026-10-03T18:16:54.038[D]: Incoming request  #684: GET /Duluka/v.1.0/State
2026-10-03T18:16:54.039[D]: Response finished #684: GET /Duluka/v.1.0/State with status 404
2026-10-03T18:16:54.541[D]: Incoming request  #685: GET /Duluka/v.1.0/State
2026-10-03T18:16:54.542[D]: Response finished #685: GET /Duluka/v.1.0/State with status 404
2026-10-03T18:16:55.027[D]: Incoming request  #686: GET /Duluka/v.1.0/State
2026-10-03T18:16:55.027[D]: Response finished #686: GET /Duluka/v.1.0/State with status 404
2026-10-03T18:16:55.530[D]: Incoming request  #687: GET /Duluka/v.1.0/State
2026-10-03T18:16:55.531[D]: Response finished #687: GET /Duluka/v.1.0/State with status 404
2026-10-03T18:16:56.033[D]: Incoming request  #688: GET /Duluka/v.1.0/State
2026-10-03T18:16:56.033[D]: Response finished #688: GET /Duluka/v.1.0/State with status 404
2026-10-03T18:16:56.540[D]: Incoming request  #689: GET /Duluka/v.1.0/State
2026-10-03T18:16:56.541[D]: Response finished #689: GET /Duluka/v.1.0/State with status 404
2026-10-03T18:16:57.041[D]: Incoming request  #690: GET /Duluka/v.1.0/State
2026-10-03T18:16:57.041[D]: Response finished #690: GET /Duluka/v.1.0/State with status 404
2026-10-03T18:16:57.527[D]: Incoming request  #691: GET /Duluka/v.1.0/State
2026-10-03T18:16:57.528[D]: Response finished #691: GET /Duluka/v.1.0/State with status 404
2026-10-03T18:16:58.032[D]: Incoming request  #692: GET /Duluka/v.1.0/State
2026-10-03T18:16:58.034[D]: Response finished #692: GET /Duluka/v.1.0/State with status 404
2026-10-03T18:16:58.537[D]: Incoming request  #693: GET /Duluka/v.1.0/State
2026-10-03T18:16:58.539[D]: Response finished #693: GET /Duluka/v.1.0/State with status 404
2026-10-03T18:16:59.035[D]: Incoming request  #694: GET /Duluka/v.1.0/State
2026-10-03T18:16:59.036[D]: Response finished #694: GET /Duluka/v.1.0/State with status 404
2026-10-03T18:16:59.538[D]: Incoming request  #695: GET /Duluka/v.1.0/State
2026-10-03T18:16:59.539[D]: Response finished #695: GET /Duluka/v.1.0/State with status 404
2026-10-03T18:17:00.038[D]: Incoming request  #696: GET /Duluka/v.1.0/State
2026-10-03T18:17:00.039[D]: Response finished #696: GET /Duluka/v.1.0/State with status 404
2026-10-03T18:17:00.540[D]: Incoming request  #697: GET /Duluka/v.1.0/State
2026-10-03T18:17:00.541[D]: Response finished #697: GET /Duluka/v.1.0/State with status 404
2026-10-03T18:17:01.040[D]: Incoming request  #698: GET /Duluka/v.1.0/State
2026-10-03T18:17:01.040[D]: Response finished #698: GET /Duluka/v.1.0/State with status 404
2026-10-03T18:17:01.528[D]: Incoming request  #699: GET /Duluka/v.1.0/State
2026-10-03T18:17:01.528[D]: Response finished #699: GET /Duluka/v.1.0/State with status 404
2026-10-03T18:17:02.035[D]: Incoming request  #700: GET /Duluka/v.1.0/State
2026-10-03T18:17:02.037[D]: Response finished #700: GET /Duluka/v.1.0/State with status 404
2026-10-03T18:17:02.534[D]: Incoming request  #701: GET /Duluka/v.1.0/State
2026-10-03T18:17:02.537[D]: Response finished #701: GET /Duluka/v.1.0/State with status 404
2026-10-03T18:17:03.032[D]: Incoming request  #702: GET /Duluka/v.1.0/State
2026-10-03T18:17:03.034[D]: Response finished #702: GET /Duluka/v.1.0/State with status 404
2026-10-03T18:17:03.535[D]: Incoming request  #703: GET /Duluka/v.1.0/State
2026-10-03T18:17:03.537[D]: Response finished #703: GET /Duluka/v.1.0/State with status 404
2026-10-03T18:17:04.032[D]: Incoming request  #704: GET /Duluka/v.1.0/State
2026-10-03T18:17:04.032[D]: Response finished #704: GET /Duluka/v.1.0/State with status 404
2026-10-03T18:17:04.530[D]: Incoming request  #705: GET /Duluka/v.1.0/State
2026-10-03T18:17:04.532[D]: Response finished #705: GET /Duluka/v.1.0/State with status 404
2026-10-03T18:17:05.045[D]: Incoming request  #706: GET /Duluka/v.1.0/State
2026-10-03T18:17:05.046[D]: Response finished #706: GET /Duluka/v.1.0/State with status 404
2026-10-03T18:17:05.540[D]: Incoming request  #707: GET /Duluka/v.1.0/State
2026-10-03T18:17:05.542[D]: Response finished #707: GET /Duluka/v.1.0/State with status 404
2026-10-03T18:17:06.037[D]: Incoming request  #708: GET /Duluka/v.1.0/State
2026-10-03T18:17:06.038[D]: Response finished #708: GET /Duluka/v.1.0/State with status 404
2026-10-03T18:17:06.531[D]: Incoming request  #709: GET /Duluka/v.1.0/State
2026-10-03T18:17:06.531[D]: Response finished #709: GET /Duluka/v.1.0/State with status 404
2026-10-03T18:17:07.036[D]: Incoming request  #710: GET /Duluka/v.1.0/State
2026-10-03T18:17:07.037[D]: Response finished #710: GET /Duluka/v.1.0/State with status 404
2026-10-03T18:17:07.539[D]: Incoming request  #711: GET /Duluka/v.1.0/State
2026-10-03T18:17:07.540[D]: Response finished #711: GET /Duluka/v.1.0/State with status 404
2026-10-03T18:17:08.028[D]: Incoming request  #712: GET /Duluka/v.1.0/State
2026-10-03T18:17:08.029[D]: Response finished #712: GET /Duluka/v.1.0/State with status 404
2026-10-03T18:17:08.541[D]: Incoming request  #713: GET /Duluka/v.1.0/State
2026-10-03T18:17:08.541[D]: Response finished #713: GET /Duluka/v.1.0/State with status 404
2026-10-03T18:17:09.044[D]: Incoming request  #714: GET /Duluka/v.1.0/State
2026-10-03T18:17:09.045[D]: Response finished #714: GET /Duluka/v.1.0/State with status 404
2026-10-03T18:17:09.527[D]: Incoming request  #715: GET /Duluka/v.1.0/State
2026-10-03T18:17:09.527[D]: Response finished #715: GET /Duluka/v.1.0/State with status 404
2026-10-03T18:17:10.029[D]: Incoming request  #716: GET /Duluka/v.1.0/State
2026-10-03T18:17:10.030[D]: Response finished #716: GET /Duluka/v.1.0/State with status 404
2026-10-03T18:17:10.529[D]: Incoming request  #717: GET /Duluka/v.1.0/State
2026-10-03T18:17:10.530[D]: Response finished #717: GET /Duluka/v.1.0/State with status 404
2026-10-03T18:17:11.035[D]: Incoming request  #718: GET /Duluka/v.1.0/State
2026-10-03T18:17:11.035[D]: Response finished #718: GET /Duluka/v.1.0/State with status 404
2026-10-03T18:17:11.532[D]: Incoming request  #719: GET /Duluka/v.1.0/State
2026-10-03T18:17:11.537[D]: Response finished #719: GET /Duluka/v.1.0/State with status 404
2026-10-03T18:17:12.033[D]: Incoming request  #720: GET /Duluka/v.1.0/State
2026-10-03T18:17:12.034[D]: Response finished #720: GET /Duluka/v.1.0/State with status 404
2026-10-03T18:17:12.536[D]: Incoming request  #721: GET /Duluka/v.1.0/State
2026-10-03T18:17:12.537[D]: Response finished #721: GET /Duluka/v.1.0/State with status 404
2026-10-03T18:17:13.033[D]: Incoming request  #722: GET /Duluka/v.1.0/State
2026-10-03T18:17:13.034[D]: Response finished #722: GET /Duluka/v.1.0/State with status 404
2026-10-03T18:17:13.534[D]: Incoming request  #723: GET /Duluka/v.1.0/State
2026-10-03T18:17:13.535[D]: Response finished #723: GET /Duluka/v.1.0/State with status 404
2026-10-03T18:17:14.030[D]: Incoming request  #724: GET /Duluka/v.1.0/State
2026-10-03T18:17:14.030[D]: Response finished #724: GET /Duluka/v.1.0/State with status 404
2026-10-03T18:17:14.535[D]: Incoming request  #725: GET /Duluka/v.1.0/State
2026-10-03T18:17:14.537[D]: Response finished #725: GET /Duluka/v.1.0/State with status 404
2026-10-03T18:17:15.031[D]: Incoming request  #726: GET /Duluka/v.1.0/State
2026-10-03T18:17:15.031[D]: Response finished #726: GET /Duluka/v.1.0/State with status 404
2026-10-03T18:17:15.542[D]: Incoming request  #727: GET /Duluka/v.1.0/State
2026-10-03T18:17:15.543[D]: Response finished #727: GET /Duluka/v.1.0/State with status 404
2026-10-03T18:17:16.044[D]: Incoming request  #728: GET /Duluka/v.1.0/State
2026-10-03T18:17:16.045[D]: Response finished #728: GET /Duluka/v.1.0/State with status 404
2026-10-03T18:17:16.542[D]: Incoming request  #729: GET /Duluka/v.1.0/State
2026-10-03T18:17:16.543[D]: Response finished #729: GET /Duluka/v.1.0/State with status 404
2026-10-03T18:17:17.029[D]: Incoming request  #730: GET /Duluka/v.1.0/State
2026-10-03T18:17:17.029[D]: Response finished #730: GET /Duluka/v.1.0/State with status 404
2026-10-03T18:17:17.529[D]: Incoming request  #731: GET /Duluka/v.1.0/State
2026-10-03T18:17:17.535[D]: Response finished #731: GET /Duluka/v.1.0/State with status 404
2026-10-03T18:17:18.029[D]: Incoming request  #732: GET /Duluka/v.1.0/State
2026-10-03T18:17:18.029[D]: Response finished #732: GET /Duluka/v.1.0/State with status 404
2026-10-03T18:17:18.528[D]: Incoming request  #733: GET /Duluka/v.1.0/State
2026-10-03T18:17:18.530[D]: Response finished #733: GET /Duluka/v.1.0/State with status 404
2026-10-03T18:17:19.030[D]: Incoming request  #734: GET /Duluka/v.1.0/State
2026-10-03T18:17:19.031[D]: Response finished #734: GET /Duluka/v.1.0/State with status 404
2026-10-03T18:17:19.537[D]: Incoming request  #735: GET /Duluka/v.1.0/State
2026-10-03T18:17:19.538[D]: Response finished #735: GET /Duluka/v.1.0/State with status 404
2026-10-03T18:17:20.027[D]: Incoming request  #736: GET /Duluka/v.1.0/State
2026-10-03T18:17:20.029[D]: Response finished #736: GET /Duluka/v.1.0/State with status 404
2026-10-03T18:17:20.526[D]: Incoming request  #737: GET /Duluka/v.1.0/State
2026-10-03T18:17:20.527[D]: Response finished #737: GET /Duluka/v.1.0/State with status 404
2026-10-03T18:17:21.028[D]: Incoming request  #738: GET /Duluka/v.1.0/State
2026-10-03T18:17:21.028[D]: Response finished #738: GET /Duluka/v.1.0/State with status 404
2026-10-03T18:17:21.526[D]: Incoming request  #739: GET /Duluka/v.1.0/State
2026-10-03T18:17:21.527[D]: Response finished #739: GET /Duluka/v.1.0/State with status 404
2026-10-03T18:17:22.051[D]: Incoming request  #740: GET /Duluka/v.1.0/State
2026-10-03T18:17:22.077[D]: Response finished #740: GET /Duluka/v.1.0/State with status 404
2026-10-03T18:17:22.539[D]: Incoming request  #741: GET /Duluka/v.1.0/State
2026-10-03T18:17:22.540[D]: Response finished #741: GET /Duluka/v.1.0/State with status 404
2026-10-03T18:17:23.056[D]: Incoming request  #742: GET /Duluka/v.1.0/State
2026-10-03T18:17:23.057[D]: Response finished #742: GET /Duluka/v.1.0/State with status 404
2026-10-03T18:17:23.535[D]: Incoming request  #743: GET /Duluka/v.1.0/State
2026-10-03T18:17:23.536[D]: Response finished #743: GET /Duluka/v.1.0/State with status 404
2026-10-03T18:17:24.035[D]: Incoming request  #744: GET /Duluka/v.1.0/State
2026-10-03T18:17:24.035[D]: Response finished #744: GET /Duluka/v.1.0/State with status 404
2026-10-03T18:17:24.536[D]: Incoming request  #745: GET /Duluka/v.1.0/State
2026-10-03T18:17:24.537[D]: Response finished #745: GET /Duluka/v.1.0/State with status 404
2026-10-03T18:17:25.039[D]: Incoming request  #746: GET /Duluka/v.1.0/State
2026-10-03T18:17:25.041[D]: Response finished #746: GET /Duluka/v.1.0/State with status 404
2026-10-03T18:17:25.537[D]: Incoming request  #747: GET /Duluka/v.1.0/State
2026-10-03T18:17:25.539[D]: Response finished #747: GET /Duluka/v.1.0/State with status 404
2026-10-03T18:17:26.034[D]: Incoming request  #748: GET /Duluka/v.1.0/State
2026-10-03T18:17:26.034[D]: Response finished #748: GET /Duluka/v.1.0/State with status 404
2026-10-03T18:17:26.534[D]: Incoming request  #749: GET /Duluka/v.1.0/State
2026-10-03T18:17:26.535[D]: Response finished #749: GET /Duluka/v.1.0/State with status 404
2026-10-03T18:17:27.042[D]: Incoming request  #750: GET /Duluka/v.1.0/State
2026-10-03T18:17:27.043[D]: Response finished #750: GET /Duluka/v.1.0/State with status 404
2026-10-03T18:17:27.539[D]: Incoming request  #751: GET /Duluka/v.1.0/State
2026-10-03T18:17:27.541[D]: Response finished #751: GET /Duluka/v.1.0/State with status 404
2026-10-03T18:17:28.043[D]: Incoming request  #752: GET /Duluka/v.1.0/State
2026-10-03T18:17:28.045[D]: Response finished #752: GET /Duluka/v.1.0/State with status 404
2026-10-03T18:17:28.527[D]: Incoming request  #753: GET /Duluka/v.1.0/State
2026-10-03T18:17:28.533[D]: Response finished #753: GET /Duluka/v.1.0/State with status 404
2026-10-03T18:17:29.029[D]: Incoming request  #754: GET /Duluka/v.1.0/State
2026-10-03T18:17:29.029[D]: Response finished #754: GET /Duluka/v.1.0/State with status 404
2026-10-03T18:17:29.527[D]: Incoming request  #755: GET /Duluka/v.1.0/State
2026-10-03T18:17:29.531[D]: Response finished #755: GET /Duluka/v.1.0/State with status 404
2026-10-03T18:17:30.042[D]: Incoming request  #756: GET /Duluka/v.1.0/State
2026-10-03T18:17:30.043[D]: Response finished #756: GET /Duluka/v.1.0/State with status 404
2026-10-03T18:17:30.546[D]: Incoming request  #757: GET /Duluka/v.1.0/State
2026-10-03T18:17:30.546[D]: Response finished #757: GET /Duluka/v.1.0/State with status 404
2026-10-03T18:17:31.041[D]: Incoming request  #758: GET /Duluka/v.1.0/State
2026-10-03T18:17:31.042[D]: Response finished #758: GET /Duluka/v.1.0/State with status 404
2026-10-03T18:17:31.529[D]: Incoming request  #759: GET /Duluka/v.1.0/State
2026-10-03T18:17:31.530[D]: Response finished #759: GET /Duluka/v.1.0/State with status 404
2026-10-03T18:17:32.032[D]: Incoming request  #760: GET /Duluka/v.1.0/State
2026-10-03T18:17:32.032[D]: Response finished #760: GET /Duluka/v.1.0/State with status 404
2026-10-03T18:17:32.533[D]: Incoming request  #761: GET /Duluka/v.1.0/State
2026-10-03T18:17:32.534[D]: Response finished #761: GET /Duluka/v.1.0/State with status 404
2026-10-03T18:17:33.032[D]: Incoming request  #762: GET /Duluka/v.1.0/State
2026-10-03T18:17:33.032[D]: Response finished #762: GET /Duluka/v.1.0/State with status 404
2026-10-03T18:17:33.534[D]: Incoming request  #763: GET /Duluka/v.1.0/State
2026-10-03T18:17:33.535[D]: Response finished #763: GET /Duluka/v.1.0/State with status 404
2026-10-03T18:17:34.029[D]: Incoming request  #764: GET /Duluka/v.1.0/State
2026-10-03T18:17:34.030[D]: Response finished #764: GET /Duluka/v.1.0/State with status 404
2026-10-03T18:17:34.534[D]: Incoming request  #765: GET /Duluka/v.1.0/State
2026-10-03T18:17:34.534[D]: Response finished #765: GET /Duluka/v.1.0/State with status 404
2026-10-03T18:17:35.030[D]: Incoming request  #766: GET /Duluka/v.1.0/State
2026-10-03T18:17:35.030[D]: Response finished #766: GET /Duluka/v.1.0/State with status 404
2026-10-03T18:17:35.545[D]: Incoming request  #767: GET /Duluka/v.1.0/State
2026-10-03T18:17:35.547[D]: Response finished #767: GET /Duluka/v.1.0/State with status 404
2026-10-03T18:17:36.029[D]: Incoming request  #768: GET /Duluka/v.1.0/State
2026-10-03T18:17:36.030[D]: Response finished #768: GET /Duluka/v.1.0/State with status 404
2026-10-03T18:17:36.533[D]: Incoming request  #769: GET /Duluka/v.1.0/State
2026-10-03T18:17:36.534[D]: Response finished #769: GET /Duluka/v.1.0/State with status 404
2026-10-03T18:17:37.032[D]: Incoming request  #770: GET /Duluka/v.1.0/State
2026-10-03T18:17:37.035[D]: Response finished #770: GET /Duluka/v.1.0/State with status 404
2026-10-03T18:17:37.534[D]: Incoming request  #771: GET /Duluka/v.1.0/State
2026-10-03T18:17:37.534[D]: Response finished #771: GET /Duluka/v.1.0/State with status 404
2026-10-03T18:17:38.030[D]: Incoming request  #772: GET /Duluka/v.1.0/State
2026-10-03T18:17:38.031[D]: Response finished #772: GET /Duluka/v.1.0/State with status 404
2026-10-03T18:17:38.534[D]: Incoming request  #773: GET /Duluka/v.1.0/State
2026-10-03T18:17:38.536[D]: Response finished #773: GET /Duluka/v.1.0/State with status 404
2026-10-03T18:17:39.039[D]: Incoming request  #774: GET /Duluka/v.1.0/State
2026-10-03T18:17:39.039[D]: Response finished #774: GET /Duluka/v.1.0/State with status 404
2026-10-03T18:17:39.534[D]: Incoming request  #775: GET /Duluka/v.1.0/State
2026-10-03T18:17:39.535[D]: Response finished #775: GET /Duluka/v.1.0/State with status 404
2026-10-03T18:17:40.037[D]: Incoming request  #776: GET /Duluka/v.1.0/State
2026-10-03T18:17:40.037[D]: Response finished #776: GET /Duluka/v.1.0/State with status 404
2026-10-03T18:17:40.546[D]: Incoming request  #777: GET /Duluka/v.1.0/State
2026-10-03T18:17:40.547[D]: Response finished #777: GET /Duluka/v.1.0/State with status 404
2026-10-03T18:17:41.036[D]: Incoming request  #778: GET /Duluka/v.1.0/State
2026-10-03T18:17:41.037[D]: Response finished #778: GET /Duluka/v.1.0/State with status 404
2026-10-03T18:17:41.535[D]: Incoming request  #779: GET /Duluka/v.1.0/State
2026-10-03T18:17:41.536[D]: Response finished #779: GET /Duluka/v.1.0/State with status 404
2026-10-03T18:17:42.035[D]: Incoming request  #780: GET /Duluka/v.1.0/State
2026-10-03T18:17:42.037[D]: Response finished #780: GET /Duluka/v.1.0/State with status 404
2026-10-03T18:17:42.536[D]: Incoming request  #781: GET /Duluka/v.1.0/State
2026-10-03T18:17:42.537[D]: Response finished #781: GET /Duluka/v.1.0/State with status 404
2026-10-03T18:17:43.037[D]: Incoming request  #782: GET /Duluka/v.1.0/State
2026-10-03T18:17:43.039[D]: Response finished #782: GET /Duluka/v.1.0/State with status 404
2026-10-03T18:17:43.529[D]: Incoming request  #783: GET /Duluka/v.1.0/State
2026-10-03T18:17:43.530[D]: Response finished #783: GET /Duluka/v.1.0/State with status 404
2026-10-03T18:17:44.039[D]: Incoming request  #784: GET /Duluka/v.1.0/State
2026-10-03T18:17:44.041[D]: Response finished #784: GET /Duluka/v.1.0/State with status 404
2026-10-03T18:17:44.538[D]: Incoming request  #785: GET /Duluka/v.1.0/State
2026-10-03T18:17:44.544[D]: Response finished #785: GET /Duluka/v.1.0/State with status 404
2026-10-03T18:17:45.035[D]: Incoming request  #786: GET /Duluka/v.1.0/State
2026-10-03T18:17:45.036[D]: Response finished #786: GET /Duluka/v.1.0/State with status 404
2026-10-03T18:17:45.535[D]: Incoming request  #787: GET /Duluka/v.1.0/State
2026-10-03T18:17:45.537[D]: Response finished #787: GET /Duluka/v.1.0/State with status 404
2026-10-03T18:17:46.036[D]: Incoming request  #788: GET /Duluka/v.1.0/State
2026-10-03T18:17:46.036[D]: Response finished #788: GET /Duluka/v.1.0/State with status 404
2026-10-03T18:17:46.532[D]: Incoming request  #789: GET /Duluka/v.1.0/State
2026-10-03T18:17:46.533[D]: Response finished #789: GET /Duluka/v.1.0/State with status 404
2026-10-03T18:17:47.034[D]: Incoming request  #790: GET /Duluka/v.1.0/State
2026-10-03T18:17:47.035[D]: Response finished #790: GET /Duluka/v.1.0/State with status 404
2026-10-03T18:17:47.539[D]: Incoming request  #791: GET /Duluka/v.1.0/State
2026-10-03T18:17:47.541[D]: Response finished #791: GET /Duluka/v.1.0/State with status 404
2026-10-03T18:17:48.040[D]: Incoming request  #792: GET /Duluka/v.1.0/State
2026-10-03T18:17:48.040[D]: Response finished #792: GET /Duluka/v.1.0/State with status 404
2026-10-03T18:17:48.542[D]: Incoming request  #793: GET /Duluka/v.1.0/State
2026-10-03T18:17:48.542[D]: Response finished #793: GET /Duluka/v.1.0/State with status 404
2026-10-03T18:17:49.043[D]: Incoming request  #794: GET /Duluka/v.1.0/State
2026-10-03T18:17:49.048[D]: Response finished #794: GET /Duluka/v.1.0/State with status 404
2026-10-03T18:17:49.531[D]: Incoming request  #795: GET /Duluka/v.1.0/State
2026-10-03T18:17:49.532[D]: Response finished #795: GET /Duluka/v.1.0/State with status 404
2026-10-03T18:17:50.045[D]: Incoming request  #796: GET /Duluka/v.1.0/State
2026-10-03T18:17:50.045[D]: Response finished #796: GET /Duluka/v.1.0/State with status 404
2026-10-03T18:17:50.544[D]: Incoming request  #797: GET /Duluka/v.1.0/State
2026-10-03T18:17:50.545[D]: Response finished #797: GET /Duluka/v.1.0/State with status 404
2026-10-03T18:17:51.044[D]: Incoming request  #798: GET /Duluka/v.1.0/State
2026-10-03T18:17:51.046[D]: Response finished #798: GET /Duluka/v.1.0/State with status 404
2026-10-03T18:17:51.544[D]: Incoming request  #799: GET /Duluka/v.1.0/State
2026-10-03T18:17:51.545[D]: Response finished #799: GET /Duluka/v.1.0/State with status 404
2026-10-03T18:17:52.045[D]: Incoming request  #800: GET /Duluka/v.1.0/State
2026-10-03T18:17:52.046[D]: Response finished #800: GET /Duluka/v.1.0/State with status 404
2026-10-03T18:17:52.528[D]: Incoming request  #801: GET /Duluka/v.1.0/State
2026-10-03T18:17:52.529[D]: Response finished #801: GET /Duluka/v.1.0/State with status 404
2026-10-03T18:17:53.030[D]: Incoming request  #802: GET /Duluka/v.1.0/State
2026-10-03T18:17:53.030[D]: Response finished #802: GET /Duluka/v.1.0/State with status 404
2026-10-03T18:17:53.536[D]: Incoming request  #803: GET /Duluka/v.1.0/State
2026-10-03T18:17:53.538[D]: Response finished #803: GET /Duluka/v.1.0/State with status 404
2026-10-03T18:17:54.034[D]: Incoming request  #804: GET /Duluka/v.1.0/State
2026-10-03T18:17:54.035[D]: Response finished #804: GET /Duluka/v.1.0/State with status 404
2026-10-03T18:17:54.543[D]: Incoming request  #805: GET /Duluka/v.1.0/State
2026-10-03T18:17:54.544[D]: Response finished #805: GET /Duluka/v.1.0/State with status 404
2026-10-03T18:17:55.037[D]: Incoming request  #806: GET /Duluka/v.1.0/State
2026-10-03T18:17:55.038[D]: Response finished #806: GET /Duluka/v.1.0/State with status 404
2026-10-03T18:17:55.539[D]: Incoming request  #807: GET /Duluka/v.1.0/State
2026-10-03T18:17:55.539[D]: Response finished #807: GET /Duluka/v.1.0/State with status 404
2026-10-03T18:17:56.037[D]: Incoming request  #808: GET /Duluka/v.1.0/State
2026-10-03T18:17:56.037[D]: Response finished #808: GET /Duluka/v.1.0/State with status 404
2026-10-03T18:17:56.537[D]: Incoming request  #809: GET /Duluka/v.1.0/State
2026-10-03T18:17:56.539[D]: Response finished #809: GET /Duluka/v.1.0/State with status 404
2026-10-03T18:17:57.038[D]: Incoming request  #810: GET /Duluka/v.1.0/State
2026-10-03T18:17:57.038[D]: Response finished #810: GET /Duluka/v.1.0/State with status 404
2026-10-03T18:17:57.541[D]: Incoming request  #811: GET /Duluka/v.1.0/State
2026-10-03T18:17:57.542[D]: Response finished #811: GET /Duluka/v.1.0/State with status 404
2026-10-03T18:17:58.030[D]: Incoming request  #812: GET /Duluka/v.1.0/State
2026-10-03T18:17:58.031[D]: Response finished #812: GET /Duluka/v.1.0/State with status 404
2026-10-03T18:17:58.530[D]: Incoming request  #813: GET /Duluka/v.1.0/State
2026-10-03T18:17:58.530[D]: Response finished #813: GET /Duluka/v.1.0/State with status 404
2026-10-03T18:17:59.033[D]: Incoming request  #814: GET /Duluka/v.1.0/State
2026-10-03T18:17:59.033[D]: Response finished #814: GET /Duluka/v.1.0/State with status 404
2026-10-03T18:17:59.532[D]: Incoming request  #815: GET /Duluka/v.1.0/State
2026-10-03T18:17:59.536[D]: Response finished #815: GET /Duluka/v.1.0/State with status 404
2026-10-03T18:18:00.032[D]: Incoming request  #816: GET /Duluka/v.1.0/State
2026-10-03T18:18:00.033[D]: Response finished #816: GET /Duluka/v.1.0/State with status 404
2026-10-03T18:18:00.534[D]: Incoming request  #817: GET /Duluka/v.1.0/State
2026-10-03T18:18:00.535[D]: Response finished #817: GET /Duluka/v.1.0/State with status 404
2026-10-03T18:18:01.033[D]: Incoming request  #818: GET /Duluka/v.1.0/State
2026-10-03T18:18:01.034[D]: Response finished #818: GET /Duluka/v.1.0/State with status 404
2026-10-03T18:18:01.538[D]: Incoming request  #819: GET /Duluka/v.1.0/State
2026-10-03T18:18:01.539[D]: Response finished #819: GET /Duluka/v.1.0/State with status 404
2026-10-03T18:18:02.032[D]: Incoming request  #820: GET /Duluka/v.1.0/State
2026-10-03T18:18:02.033[D]: Response finished #820: GET /Duluka/v.1.0/State with status 404
2026-10-03T18:18:02.545[D]: Incoming request  #821: GET /Duluka/v.1.0/State
2026-10-03T18:18:02.551[D]: Response finished #821: GET /Duluka/v.1.0/State with status 404
2026-10-03T18:18:03.030[D]: Incoming request  #822: GET /Duluka/v.1.0/State
2026-10-03T18:18:03.031[D]: Response finished #822: GET /Duluka/v.1.0/State with status 404
2026-10-03T18:18:03.529[D]: Incoming request  #823: GET /Duluka/v.1.0/State
2026-10-03T18:18:03.529[D]: Response finished #823: GET /Duluka/v.1.0/State with status 404
2026-10-03T18:18:04.030[D]: Incoming request  #824: GET /Duluka/v.1.0/State
2026-10-03T18:18:04.031[D]: Response finished #824: GET /Duluka/v.1.0/State with status 404
2026-10-03T18:18:04.529[D]: Incoming request  #825: GET /Duluka/v.1.0/State
2026-10-03T18:18:04.530[D]: Response finished #825: GET /Duluka/v.1.0/State with status 404
2026-10-03T18:18:05.042[D]: Incoming request  #826: GET /Duluka/v.1.0/State
2026-10-03T18:18:05.043[D]: Response finished #826: GET /Duluka/v.1.0/State with status 404
2026-10-03T18:18:05.541[D]: Incoming request  #827: GET /Duluka/v.1.0/State
2026-10-03T18:18:05.542[D]: Response finished #827: GET /Duluka/v.1.0/State with status 404
2026-10-03T18:18:06.028[D]: Incoming request  #828: GET /Duluka/v.1.0/State
2026-10-03T18:18:06.029[D]: Response finished #828: GET /Duluka/v.1.0/State with status 404
2026-10-03T18:18:06.542[D]: Incoming request  #829: GET /Duluka/v.1.0/State
2026-10-03T18:18:06.543[D]: Response finished #829: GET /Duluka/v.1.0/State with status 404
2026-10-03T18:18:07.027[D]: Incoming request  #830: GET /Duluka/v.1.0/State
2026-10-03T18:18:07.029[D]: Response finished #830: GET /Duluka/v.1.0/State with status 404
2026-10-03T18:18:07.540[D]: Incoming request  #831: GET /Duluka/v.1.0/State
2026-10-03T18:18:07.541[D]: Response finished #831: GET /Duluka/v.1.0/State with status 404
2026-10-03T18:18:08.045[D]: Incoming request  #832: GET /Duluka/v.1.0/State
2026-10-03T18:18:08.045[D]: Response finished #832: GET /Duluka/v.1.0/State with status 404
2026-10-03T18:18:08.542[D]: Incoming request  #833: GET /Duluka/v.1.0/State
2026-10-03T18:18:08.542[D]: Response finished #833: GET /Duluka/v.1.0/State with status 404
2026-10-03T18:18:09.029[D]: Incoming request  #834: GET /Duluka/v.1.0/State
2026-10-03T18:18:09.030[D]: Response finished #834: GET /Duluka/v.1.0/State with status 404
2026-10-03T18:18:09.536[D]: Incoming request  #835: GET /Duluka/v.1.0/State
2026-10-03T18:18:09.538[D]: Response finished #835: GET /Duluka/v.1.0/State with status 404
2026-10-03T18:18:10.032[D]: Incoming request  #836: GET /Duluka/v.1.0/State
2026-10-03T18:18:10.032[D]: Response finished #836: GET /Duluka/v.1.0/State with status 404
2026-10-03T18:18:10.533[D]: Incoming request  #837: GET /Duluka/v.1.0/State
2026-10-03T18:18:10.535[D]: Response finished #837: GET /Duluka/v.1.0/State with status 404
2026-10-03T18:18:11.034[D]: Incoming request  #838: GET /Duluka/v.1.0/State
2026-10-03T18:18:11.034[D]: Response finished #838: GET /Duluka/v.1.0/State with status 404
2026-10-03T18:18:11.538[D]: Incoming request  #839: GET /Duluka/v.1.0/State
2026-10-03T18:18:11.539[D]: Response finished #839: GET /Duluka/v.1.0/State with status 404
2026-10-03T18:18:12.039[D]: Incoming request  #840: GET /Duluka/v.1.0/State
2026-10-03T18:18:12.041[D]: Response finished #840: GET /Duluka/v.1.0/State with status 404
2026-10-03T18:18:12.536[D]: Incoming request  #841: GET /Duluka/v.1.0/State
2026-10-03T18:18:12.536[D]: Response finished #841: GET /Duluka/v.1.0/State with status 404
2026-10-03T18:18:13.040[D]: Incoming request  #842: GET /Duluka/v.1.0/State
2026-10-03T18:18:13.041[D]: Response finished #842: GET /Duluka/v.1.0/State with status 404
2026-10-03T18:18:13.536[D]: Incoming request  #843: GET /Duluka/v.1.0/State
2026-10-03T18:18:13.537[D]: Response finished #843: GET /Duluka/v.1.0/State with status 404
2026-10-03T18:18:14.039[D]: Incoming request  #844: GET /Duluka/v.1.0/State
2026-10-03T18:18:14.041[D]: Response finished #844: GET /Duluka/v.1.0/State with status 404
2026-10-03T18:18:14.539[D]: Incoming request  #845: GET /Duluka/v.1.0/State
2026-10-03T18:18:14.539[D]: Response finished #845: GET /Duluka/v.1.0/State with status 404
2026-10-03T18:18:15.041[D]: Incoming request  #846: GET /Duluka/v.1.0/State
2026-10-03T18:18:15.042[D]: Response finished #846: GET /Duluka/v.1.0/State with status 404
2026-10-03T18:18:15.543[D]: Incoming request  #847: GET /Duluka/v.1.0/State
2026-10-03T18:18:15.545[D]: Response finished #847: GET /Duluka/v.1.0/State with status 404
2026-10-03T18:18:16.041[D]: Incoming request  #848: GET /Duluka/v.1.0/State
2026-10-03T18:18:16.042[D]: Response finished #848: GET /Duluka/v.1.0/State with status 404
2026-10-03T18:18:16.538[D]: Incoming request  #849: GET /Duluka/v.1.0/State
2026-10-03T18:18:16.538[D]: Response finished #849: GET /Duluka/v.1.0/State with status 404
2026-10-03T18:18:17.035[D]: Incoming request  #850: GET /Duluka/v.1.0/State
2026-10-03T18:18:17.036[D]: Response finished #850: GET /Duluka/v.1.0/State with status 404
2026-10-03T18:18:17.538[D]: Incoming request  #851: GET /Duluka/v.1.0/State
2026-10-03T18:18:17.538[D]: Response finished #851: GET /Duluka/v.1.0/State with status 404
2026-10-03T18:18:18.042[D]: Incoming request  #852: GET /Duluka/v.1.0/State
2026-10-03T18:18:18.042[D]: Response finished #852: GET /Duluka/v.1.0/State with status 404
2026-10-03T18:18:18.529[D]: Incoming request  #853: GET /Duluka/v.1.0/State
2026-10-03T18:18:18.533[D]: Response finished #853: GET /Duluka/v.1.0/State with status 404
2026-10-03T18:18:19.029[D]: Incoming request  #854: GET /Duluka/v.1.0/State
2026-10-03T18:18:19.031[D]: Response finished #854: GET /Duluka/v.1.0/State with status 404
2026-10-03T18:18:19.534[D]: Incoming request  #855: GET /Duluka/v.1.0/State
2026-10-03T18:18:19.535[D]: Response finished #855: GET /Duluka/v.1.0/State with status 404
2026-10-03T18:18:20.042[D]: Incoming request  #856: GET /Duluka/v.1.0/State
2026-10-03T18:18:20.042[D]: Response finished #856: GET /Duluka/v.1.0/State with status 404
2026-10-03T18:18:20.539[D]: Incoming request  #857: GET /Duluka/v.1.0/State
2026-10-03T18:18:20.541[D]: Response finished #857: GET /Duluka/v.1.0/State with status 404
2026-10-03T18:18:21.041[D]: Incoming request  #858: GET /Duluka/v.1.0/State
2026-10-03T18:18:21.042[D]: Response finished #858: GET /Duluka/v.1.0/State with status 404
2026-10-03T18:18:21.525[D]: Incoming request  #859: GET /Duluka/v.1.0/State
2026-10-03T18:18:21.526[D]: Response finished #859: GET /Duluka/v.1.0/State with status 404
2026-10-03T18:18:22.042[D]: Incoming request  #860: GET /Duluka/v.1.0/State
2026-10-03T18:18:22.043[D]: Response finished #860: GET /Duluka/v.1.0/State with status 404
2026-10-03T18:18:22.540[D]: Incoming request  #861: GET /Duluka/v.1.0/State
2026-10-03T18:18:22.543[D]: Response finished #861: GET /Duluka/v.1.0/State with status 404
2026-10-03T18:18:23.039[D]: Incoming request  #862: GET /Duluka/v.1.0/State
2026-10-03T18:18:23.040[D]: Response finished #862: GET /Duluka/v.1.0/State with status 404
2026-10-03T18:18:23.546[D]: Incoming request  #863: GET /Duluka/v.1.0/State
2026-10-03T18:18:23.547[D]: Response finished #863: GET /Duluka/v.1.0/State with status 404
2026-10-03T18:18:24.041[D]: Incoming request  #864: GET /Duluka/v.1.0/State
2026-10-03T18:18:24.041[D]: Response finished #864: GET /Duluka/v.1.0/State with status 404
2026-10-03T18:18:24.541[D]: Incoming request  #865: GET /Duluka/v.1.0/State
2026-10-03T18:18:24.543[D]: Response finished #865: GET /Duluka/v.1.0/State with status 404
2026-10-03T18:18:25.027[D]: Incoming request  #866: GET /Duluka/v.1.0/State
2026-10-03T18:18:25.027[D]: Response finished #866: GET /Duluka/v.1.0/State with status 404
2026-10-03T18:18:25.529[D]: Incoming request  #867: GET /Duluka/v.1.0/State
2026-10-03T18:18:25.531[D]: Response finished #867: GET /Duluka/v.1.0/State with status 404
2026-10-03T18:18:26.030[D]: Incoming request  #868: GET /Duluka/v.1.0/State
2026-10-03T18:18:26.033[D]: Response finished #868: GET /Duluka/v.1.0/State with status 404
2026-10-03T18:18:26.528[D]: Incoming request  #869: GET /Duluka/v.1.0/State
2026-10-03T18:18:26.529[D]: Response finished #869: GET /Duluka/v.1.0/State with status 404
2026-10-03T18:18:27.041[D]: Incoming request  #870: GET /Duluka/v.1.0/State
2026-10-03T18:18:27.041[D]: Response finished #870: GET /Duluka/v.1.0/State with status 404
2026-10-03T18:18:27.537[D]: Incoming request  #871: GET /Duluka/v.1.0/State
2026-10-03T18:18:27.539[D]: Response finished #871: GET /Duluka/v.1.0/State with status 404
2026-10-03T18:18:28.028[D]: Incoming request  #872: GET /Duluka/v.1.0/State
2026-10-03T18:18:28.029[D]: Response finished #872: GET /Duluka/v.1.0/State with status 404
2026-10-03T18:18:28.546[D]: Incoming request  #873: GET /Duluka/v.1.0/State
2026-10-03T18:18:28.547[D]: Response finished #873: GET /Duluka/v.1.0/State with status 404
2026-10-03T18:18:29.039[D]: Incoming request  #874: GET /Duluka/v.1.0/State
2026-10-03T18:18:29.039[D]: Response finished #874: GET /Duluka/v.1.0/State with status 404
2026-10-03T18:18:29.536[D]: Incoming request  #875: GET /Duluka/v.1.0/State
2026-10-03T18:18:29.537[D]: Response finished #875: GET /Duluka/v.1.0/State with status 404
2026-10-03T18:18:30.038[D]: Incoming request  #876: GET /Duluka/v.1.0/State
2026-10-03T18:18:30.039[D]: Response finished #876: GET /Duluka/v.1.0/State with status 404
2026-10-03T18:18:30.536[D]: Incoming request  #877: GET /Duluka/v.1.0/State
2026-10-03T18:18:30.537[D]: Response finished #877: GET /Duluka/v.1.0/State with status 404
2026-10-03T18:18:31.039[D]: Incoming request  #878: GET /Duluka/v.1.0/State
2026-10-03T18:18:31.041[D]: Response finished #878: GET /Duluka/v.1.0/State with status 404
2026-10-03T18:18:31.546[D]: Incoming request  #879: GET /Duluka/v.1.0/State
2026-10-03T18:18:31.547[D]: Response finished #879: GET /Duluka/v.1.0/State with status 404
2026-10-03T18:18:32.042[D]: Incoming request  #880: GET /Duluka/v.1.0/State
2026-10-03T18:18:32.042[D]: Response finished #880: GET /Duluka/v.1.0/State with status 404
2026-10-03T18:18:32.527[D]: Incoming request  #881: GET /Duluka/v.1.0/State
2026-10-03T18:18:32.529[D]: Response finished #881: GET /Duluka/v.1.0/State with status 404
2026-10-03T18:18:33.050[D]: Incoming request  #882: GET /Duluka/v.1.0/State
2026-10-03T18:18:33.051[D]: Response finished #882: GET /Duluka/v.1.0/State with status 404
2026-10-03T18:18:33.533[D]: Incoming request  #883: GET /Duluka/v.1.0/State
2026-10-03T18:18:33.534[D]: Response finished #883: GET /Duluka/v.1.0/State with status 404
2026-10-03T18:18:34.042[D]: Incoming request  #884: GET /Duluka/v.1.0/State
2026-10-03T18:18:34.043[D]: Response finished #884: GET /Duluka/v.1.0/State with status 404
2026-10-03T18:18:34.543[D]: Incoming request  #885: GET /Duluka/v.1.0/State
2026-10-03T18:18:34.544[D]: Response finished #885: GET /Duluka/v.1.0/State with status 404
2026-10-03T18:18:35.040[D]: Incoming request  #886: GET /Duluka/v.1.0/State
2026-10-03T18:18:35.040[D]: Response finished #886: GET /Duluka/v.1.0/State with status 404
2026-10-03T18:18:35.535[D]: Incoming request  #887: GET /Duluka/v.1.0/State
2026-10-03T18:18:35.536[D]: Response finished #887: GET /Duluka/v.1.0/State with status 404
2026-10-03T18:18:36.034[D]: Incoming request  #888: GET /Duluka/v.1.0/State
2026-10-03T18:18:36.035[D]: Response finished #888: GET /Duluka/v.1.0/State with status 404
2026-10-03T18:18:36.533[D]: Incoming request  #889: GET /Duluka/v.1.0/State
2026-10-03T18:18:36.533[D]: Response finished #889: GET /Duluka/v.1.0/State with status 404
2026-10-03T18:18:37.036[D]: Incoming request  #890: GET /Duluka/v.1.0/State
2026-10-03T18:18:37.036[D]: Response finished #890: GET /Duluka/v.1.0/State with status 404
2026-10-03T18:18:37.545[D]: Incoming request  #891: GET /Duluka/v.1.0/State
2026-10-03T18:18:37.546[D]: Response finished #891: GET /Duluka/v.1.0/State with status 404
2026-10-03T18:18:38.037[D]: Incoming request  #892: GET /Duluka/v.1.0/State
2026-10-03T18:18:38.037[D]: Response finished #892: GET /Duluka/v.1.0/State with status 404
2026-10-03T18:18:38.534[D]: Incoming request  #893: GET /Duluka/v.1.0/State
2026-10-03T18:18:38.536[D]: Response finished #893: GET /Duluka/v.1.0/State with status 404
2026-10-03T18:18:39.034[D]: Incoming request  #894: GET /Duluka/v.1.0/State
2026-10-03T18:18:39.035[D]: Response finished #894: GET /Duluka/v.1.0/State with status 404
2026-10-03T18:18:39.535[D]: Incoming request  #895: GET /Duluka/v.1.0/State
2026-10-03T18:18:39.544[D]: Response finished #895: GET /Duluka/v.1.0/State with status 404
2026-10-03T18:18:40.033[D]: Incoming request  #896: GET /Duluka/v.1.0/State
2026-10-03T18:18:40.033[D]: Response finished #896: GET /Duluka/v.1.0/State with status 404
2026-10-03T18:18:40.533[D]: Incoming request  #897: GET /Duluka/v.1.0/State
2026-10-03T18:18:40.534[D]: Response finished #897: GET /Duluka/v.1.0/State with status 404
2026-10-03T18:18:41.036[D]: Incoming request  #898: GET /Duluka/v.1.0/State
2026-10-03T18:18:41.036[D]: Response finished #898: GET /Duluka/v.1.0/State with status 404
2026-10-03T18:18:41.543[D]: Incoming request  #899: GET /Duluka/v.1.0/State
2026-10-03T18:18:41.543[D]: Response finished #899: GET /Duluka/v.1.0/State with status 404
2026-10-03T18:18:42.037[D]: Incoming request  #900: GET /Duluka/v.1.0/State
2026-10-03T18:18:42.038[D]: Response finished #900: GET /Duluka/v.1.0/State with status 404
2026-10-03T18:18:42.543[D]: Incoming request  #901: GET /Duluka/v.1.0/State
2026-10-03T18:18:42.543[D]: Response finished #901: GET /Duluka/v.1.0/State with status 404
2026-10-03T18:18:43.035[D]: Incoming request  #902: GET /Duluka/v.1.0/State
2026-10-03T18:18:43.036[D]: Response finished #902: GET /Duluka/v.1.0/State with status 404
2026-10-03T18:18:43.534[D]: Incoming request  #903: GET /Duluka/v.1.0/State
2026-10-03T18:18:43.541[D]: Response finished #903: GET /Duluka/v.1.0/State with status 404
2026-10-03T18:18:44.034[D]: Incoming request  #904: GET /Duluka/v.1.0/State
2026-10-03T18:18:44.035[D]: Response finished #904: GET /Duluka/v.1.0/State with status 404
2026-10-03T18:18:44.539[D]: Incoming request  #905: GET /Duluka/v.1.0/State
2026-10-03T18:18:44.539[D]: Response finished #905: GET /Duluka/v.1.0/State with status 404
2026-10-03T18:18:45.039[D]: Incoming request  #906: GET /Duluka/v.1.0/State
2026-10-03T18:18:45.040[D]: Response finished #906: GET /Duluka/v.1.0/State with status 404
2026-10-03T18:18:45.533[D]: Incoming request  #907: GET /Duluka/v.1.0/State
2026-10-03T18:18:45.535[D]: Response finished #907: GET /Duluka/v.1.0/State with status 404
2026-10-03T18:18:46.035[D]: Incoming request  #908: GET /Duluka/v.1.0/State
2026-10-03T18:18:46.036[D]: Response finished #908: GET /Duluka/v.1.0/State with status 404
2026-10-03T18:18:46.529[D]: Incoming request  #909: GET /Duluka/v.1.0/State
2026-10-03T18:18:46.529[D]: Response finished #909: GET /Duluka/v.1.0/State with status 404
2026-10-03T18:18:47.029[D]: Incoming request  #910: GET /Duluka/v.1.0/State
2026-10-03T18:18:47.031[D]: Response finished #910: GET /Duluka/v.1.0/State with status 404
2026-10-03T18:18:47.530[D]: Incoming request  #911: GET /Duluka/v.1.0/State
2026-10-03T18:18:47.531[D]: Response finished #911: GET /Duluka/v.1.0/State with status 404
2026-10-03T18:18:48.027[D]: Incoming request  #912: GET /Duluka/v.1.0/State
2026-10-03T18:18:48.029[D]: Response finished #912: GET /Duluka/v.1.0/State with status 404
2026-10-03T18:18:48.540[D]: Incoming request  #913: GET /Duluka/v.1.0/State
2026-10-03T18:18:48.542[D]: Response finished #913: GET /Duluka/v.1.0/State with status 404
2026-10-03T18:18:49.032[D]: Incoming request  #914: GET /Duluka/v.1.0/State
2026-10-03T18:18:49.033[D]: Response finished #914: GET /Duluka/v.1.0/State with status 404
2026-10-03T18:18:49.535[D]: Incoming request  #915: GET /Duluka/v.1.0/State
2026-10-03T18:18:49.536[D]: Response finished #915: GET /Duluka/v.1.0/State with status 404
2026-10-03T18:18:50.034[D]: Incoming request  #916: GET /Duluka/v.1.0/State
2026-10-03T18:18:50.034[D]: Response finished #916: GET /Duluka/v.1.0/State with status 404
2026-10-03T18:18:50.541[D]: Incoming request  #917: GET /Duluka/v.1.0/State
2026-10-03T18:18:50.541[D]: Response finished #917: GET /Duluka/v.1.0/State with status 404
2026-10-03T18:18:51.035[D]: Incoming request  #918: GET /Duluka/v.1.0/State
2026-10-03T18:18:51.035[D]: Response finished #918: GET /Duluka/v.1.0/State with status 404
2026-10-03T18:18:51.535[D]: Incoming request  #919: GET /Duluka/v.1.0/State
2026-10-03T18:18:51.537[D]: Response finished #919: GET /Duluka/v.1.0/State with status 404
2026-10-03T18:18:52.035[D]: Incoming request  #920: GET /Duluka/v.1.0/State
2026-10-03T18:18:52.035[D]: Response finished #920: GET /Duluka/v.1.0/State with status 404
2026-10-03T18:18:52.539[D]: Incoming request  #921: GET /Duluka/v.1.0/State
2026-10-03T18:18:52.543[D]: Response finished #921: GET /Duluka/v.1.0/State with status 404
2026-10-03T18:18:53.036[D]: Incoming request  #922: GET /Duluka/v.1.0/State
2026-10-03T18:18:53.036[D]: Response finished #922: GET /Duluka/v.1.0/State with status 404
2026-10-03T18:18:53.541[D]: Incoming request  #923: GET /Duluka/v.1.0/State
2026-10-03T18:18:53.543[D]: Response finished #923: GET /Duluka/v.1.0/State with status 404
2026-10-03T18:18:54.046[D]: Incoming request  #924: GET /Duluka/v.1.0/State
2026-10-03T18:18:54.047[D]: Response finished #924: GET /Duluka/v.1.0/State with status 404
2026-10-03T18:18:54.541[D]: Incoming request  #925: GET /Duluka/v.1.0/State
2026-10-03T18:18:54.542[D]: Response finished #925: GET /Duluka/v.1.0/State with status 404
2026-10-03T18:18:55.044[D]: Incoming request  #926: GET /Duluka/v.1.0/State
2026-10-03T18:18:55.045[D]: Response finished #926: GET /Duluka/v.1.0/State with status 404
2026-10-03T18:18:55.542[D]: Incoming request  #927: GET /Duluka/v.1.0/State
2026-10-03T18:18:55.543[D]: Response finished #927: GET /Duluka/v.1.0/State with status 404
2026-10-03T18:18:56.043[D]: Incoming request  #928: GET /Duluka/v.1.0/State
2026-10-03T18:18:56.045[D]: Response finished #928: GET /Duluka/v.1.0/State with status 404
2026-10-03T18:18:56.539[D]: Incoming request  #929: GET /Duluka/v.1.0/State
2026-10-03T18:18:56.540[D]: Response finished #929: GET /Duluka/v.1.0/State with status 404
2026-10-03T18:18:57.043[D]: Incoming request  #930: GET /Duluka/v.1.0/State
2026-10-03T18:18:57.045[D]: Response finished #930: GET /Duluka/v.1.0/State with status 404
2026-10-03T18:18:57.540[D]: Incoming request  #931: GET /Duluka/v.1.0/State
2026-10-03T18:18:57.540[D]: Response finished #931: GET /Duluka/v.1.0/State with status 404
2026-10-03T18:18:58.039[D]: Incoming request  #932: GET /Duluka/v.1.0/State
2026-10-03T18:18:58.043[D]: Response finished #932: GET /Duluka/v.1.0/State with status 404
2026-10-03T18:18:58.539[D]: Incoming request  #933: GET /Duluka/v.1.0/State
2026-10-03T18:18:58.539[D]: Response finished #933: GET /Duluka/v.1.0/State with status 404
2026-10-03T18:18:59.036[D]: Incoming request  #934: GET /Duluka/v.1.0/State
2026-10-03T18:18:59.036[D]: Response finished #934: GET /Duluka/v.1.0/State with status 404
2026-10-03T18:18:59.547[D]: Incoming request  #935: GET /Duluka/v.1.0/State
2026-10-03T18:18:59.547[D]: Response finished #935: GET /Duluka/v.1.0/State with status 404
2026-10-03T18:19:00.041[D]: Incoming request  #936: GET /Duluka/v.1.0/State
2026-10-03T18:19:00.042[D]: Response finished #936: GET /Duluka/v.1.0/State with status 404
2026-10-03T18:19:00.537[D]: Incoming request  #937: GET /Duluka/v.1.0/State
2026-10-03T18:19:00.539[D]: Response finished #937: GET /Duluka/v.1.0/State with status 404
2026-10-03T18:19:01.041[D]: Incoming request  #938: GET /Duluka/v.1.0/State
2026-10-03T18:19:01.043[D]: Response finished #938: GET /Duluka/v.1.0/State with status 404
2026-10-03T18:19:01.539[D]: Incoming request  #939: GET /Duluka/v.1.0/State
2026-10-03T18:19:01.539[D]: Response finished #939: GET /Duluka/v.1.0/State with status 404
2026-10-03T18:19:02.039[D]: Incoming request  #940: GET /Duluka/v.1.0/State
2026-10-03T18:19:02.041[D]: Response finished #940: GET /Duluka/v.1.0/State with status 404
2026-10-03T18:19:02.538[D]: Incoming request  #941: GET /Duluka/v.1.0/State
2026-10-03T18:19:02.538[D]: Response finished #941: GET /Duluka/v.1.0/State with status 404
2026-10-03T18:19:03.039[D]: Incoming request  #942: GET /Duluka/v.1.0/State
2026-10-03T18:19:03.041[D]: Response finished #942: GET /Duluka/v.1.0/State with status 404
2026-10-03T18:19:03.536[D]: Incoming request  #943: GET /Duluka/v.1.0/State
2026-10-03T18:19:03.536[D]: Response finished #943: GET /Duluka/v.1.0/State with status 404
2026-10-03T18:19:04.035[D]: Incoming request  #944: GET /Duluka/v.1.0/State
2026-10-03T18:19:04.036[D]: Response finished #944: GET /Duluka/v.1.0/State with status 404
2026-10-03T18:19:04.536[D]: Incoming request  #945: GET /Duluka/v.1.0/State
2026-10-03T18:19:04.536[D]: Response finished #945: GET /Duluka/v.1.0/State with status 404
2026-10-03T18:19:05.032[D]: Incoming request  #946: GET /Duluka/v.1.0/State
2026-10-03T18:19:05.033[D]: Response finished #946: GET /Duluka/v.1.0/State with status 404
2026-10-03T18:19:05.534[D]: Incoming request  #947: GET /Duluka/v.1.0/State
2026-10-03T18:19:05.535[D]: Response finished #947: GET /Duluka/v.1.0/State with status 404
2026-10-03T18:19:06.031[D]: Incoming request  #948: GET /Duluka/v.1.0/State
2026-10-03T18:19:06.032[D]: Response finished #948: GET /Duluka/v.1.0/State with status 404
2026-10-03T18:19:06.536[D]: Incoming request  #949: GET /Duluka/v.1.0/State
2026-10-03T18:19:06.537[D]: Response finished #949: GET /Duluka/v.1.0/State with status 404
2026-10-03T18:19:07.039[D]: Incoming request  #950: GET /Duluka/v.1.0/State
2026-10-03T18:19:07.040[D]: Response finished #950: GET /Duluka/v.1.0/State with status 404
2026-10-03T18:19:07.535[D]: Incoming request  #951: GET /Duluka/v.1.0/State
2026-10-03T18:19:07.536[D]: Response finished #951: GET /Duluka/v.1.0/State with status 404
2026-10-03T18:19:08.033[D]: Incoming request  #952: GET /Duluka/v.1.0/State
2026-10-03T18:19:08.033[D]: Response finished #952: GET /Duluka/v.1.0/State with status 404
2026-10-03T18:19:08.539[D]: Incoming request  #953: GET /Duluka/v.1.0/State
2026-10-03T18:19:08.539[D]: Response finished #953: GET /Duluka/v.1.0/State with status 404
2026-10-03T18:19:09.040[D]: Incoming request  #954: GET /Duluka/v.1.0/State
2026-10-03T18:19:09.042[D]: Response finished #954: GET /Duluka/v.1.0/State with status 404
2026-10-03T18:19:09.546[D]: Incoming request  #955: GET /Duluka/v.1.0/State
2026-10-03T18:19:09.547[D]: Response finished #955: GET /Duluka/v.1.0/State with status 404
2026-10-03T18:19:10.043[D]: Incoming request  #956: GET /Duluka/v.1.0/State
2026-10-03T18:19:10.044[D]: Response finished #956: GET /Duluka/v.1.0/State with status 404
2026-10-03T18:19:10.533[D]: Incoming request  #957: GET /Duluka/v.1.0/State
2026-10-03T18:19:10.533[D]: Response finished #957: GET /Duluka/v.1.0/State with status 404
2026-10-03T18:19:11.032[D]: Incoming request  #958: GET /Duluka/v.1.0/State
2026-10-03T18:19:11.032[D]: Response finished #958: GET /Duluka/v.1.0/State with status 404
2026-10-03T18:19:11.534[D]: Incoming request  #959: GET /Duluka/v.1.0/State
2026-10-03T18:19:11.535[D]: Response finished #959: GET /Duluka/v.1.0/State with status 404
2026-10-03T18:19:12.035[D]: Incoming request  #960: GET /Duluka/v.1.0/State
2026-10-03T18:19:12.035[D]: Response finished #960: GET /Duluka/v.1.0/State with status 404
2026-10-03T18:19:12.535[D]: Incoming request  #961: GET /Duluka/v.1.0/State
2026-10-03T18:19:12.536[D]: Response finished #961: GET /Duluka/v.1.0/State with status 404
2026-10-03T18:19:13.036[D]: Incoming request  #962: GET /Duluka/v.1.0/State
2026-10-03T18:19:13.039[D]: Response finished #962: GET /Duluka/v.1.0/State with status 404
2026-10-03T18:19:13.533[D]: Incoming request  #963: GET /Duluka/v.1.0/State
2026-10-03T18:19:13.534[D]: Response finished #963: GET /Duluka/v.1.0/State with status 404
2026-10-03T18:19:14.029[D]: Incoming request  #964: GET /Duluka/v.1.0/State
2026-10-03T18:19:14.029[D]: Response finished #964: GET /Duluka/v.1.0/State with status 404
2026-10-03T18:19:14.531[D]: Incoming request  #965: GET /Duluka/v.1.0/State
2026-10-03T18:19:14.532[D]: Response finished #965: GET /Duluka/v.1.0/State with status 404
2026-10-03T18:19:15.032[D]: Incoming request  #966: GET /Duluka/v.1.0/State
2026-10-03T18:19:15.033[D]: Response finished #966: GET /Duluka/v.1.0/State with status 404
2026-10-03T18:19:15.530[D]: Incoming request  #967: GET /Duluka/v.1.0/State
2026-10-03T18:19:15.531[D]: Response finished #967: GET /Duluka/v.1.0/State with status 404
2026-10-03T18:19:16.029[D]: Incoming request  #968: GET /Duluka/v.1.0/State
2026-10-03T18:19:16.030[D]: Response finished #968: GET /Duluka/v.1.0/State with status 404
2026-10-03T18:19:16.531[D]: Incoming request  #969: GET /Duluka/v.1.0/State
2026-10-03T18:19:16.532[D]: Response finished #969: GET /Duluka/v.1.0/State with status 404
2026-10-03T18:19:17.030[D]: Incoming request  #970: GET /Duluka/v.1.0/State
2026-10-03T18:19:17.030[D]: Response finished #970: GET /Duluka/v.1.0/State with status 404
2026-10-03T18:19:17.536[D]: Incoming request  #971: GET /Duluka/v.1.0/State
2026-10-03T18:19:17.538[D]: Response finished #971: GET /Duluka/v.1.0/State with status 404
2026-10-03T18:19:18.039[D]: Incoming request  #972: GET /Duluka/v.1.0/State
2026-10-03T18:19:18.040[D]: Response finished #972: GET /Duluka/v.1.0/State with status 404
2026-10-03T18:19:18.536[D]: Incoming request  #973: GET /Duluka/v.1.0/State
2026-10-03T18:19:18.538[D]: Response finished #973: GET /Duluka/v.1.0/State with status 404
2026-10-03T18:19:19.036[D]: Incoming request  #974: GET /Duluka/v.1.0/State
2026-10-03T18:19:19.037[D]: Response finished #974: GET /Duluka/v.1.0/State with status 404
2026-10-03T18:19:19.535[D]: Incoming request  #975: GET /Duluka/v.1.0/State
2026-10-03T18:19:19.536[D]: Response finished #975: GET /Duluka/v.1.0/State with status 404
2026-10-03T18:19:20.037[D]: Incoming request  #976: GET /Duluka/v.1.0/State
2026-10-03T18:19:20.039[D]: Response finished #976: GET /Duluka/v.1.0/State with status 404
2026-10-03T18:19:20.535[D]: Incoming request  #977: GET /Duluka/v.1.0/State
2026-10-03T18:19:20.535[D]: Response finished #977: GET /Duluka/v.1.0/State with status 404
2026-10-03T18:19:21.039[D]: Incoming request  #978: GET /Duluka/v.1.0/State
2026-10-03T18:19:21.040[D]: Response finished #978: GET /Duluka/v.1.0/State with status 404
2026-10-03T18:19:21.533[D]: Incoming request  #979: GET /Duluka/v.1.0/State
2026-10-03T18:19:21.534[D]: Response finished #979: GET /Duluka/v.1.0/State with status 404
2026-10-03T18:19:22.035[D]: Incoming request  #980: GET /Duluka/v.1.0/State
2026-10-03T18:19:22.036[D]: Response finished #980: GET /Duluka/v.1.0/State with status 404
2026-10-03T18:19:22.534[D]: Incoming request  #981: GET /Duluka/v.1.0/State
2026-10-03T18:19:22.534[D]: Response finished #981: GET /Duluka/v.1.0/State with status 404
2026-10-03T18:19:23.035[D]: Incoming request  #982: GET /Duluka/v.1.0/State
2026-10-03T18:19:23.035[D]: Response finished #982: GET /Duluka/v.1.0/State with status 404
2026-10-03T18:19:23.540[D]: Incoming request  #983: GET /Duluka/v.1.0/State
2026-10-03T18:19:23.541[D]: Response finished #983: GET /Duluka/v.1.0/State with status 404
2026-10-03T18:19:24.042[D]: Incoming request  #984: GET /Duluka/v.1.0/State
2026-10-03T18:19:24.042[D]: Response finished #984: GET /Duluka/v.1.0/State with status 404
2026-10-03T18:19:24.540[D]: Incoming request  #985: GET /Duluka/v.1.0/State
2026-10-03T18:19:24.541[D]: Response finished #985: GET /Duluka/v.1.0/State with status 404
2026-10-03T18:19:25.041[D]: Incoming request  #986: GET /Duluka/v.1.0/State
2026-10-03T18:19:25.041[D]: Response finished #986: GET /Duluka/v.1.0/State with status 404
2026-10-03T18:19:25.531[D]: Incoming request  #987: GET /Duluka/v.1.0/State
2026-10-03T18:19:25.531[D]: Response finished #987: GET /Duluka/v.1.0/State with status 404
2026-10-03T18:19:26.031[D]: Incoming request  #988: GET /Duluka/v.1.0/State
2026-10-03T18:19:26.034[D]: Response finished #988: GET /Duluka/v.1.0/State with status 404
2026-10-03T18:19:26.531[D]: Incoming request  #989: GET /Duluka/v.1.0/State
2026-10-03T18:19:26.532[D]: Response finished #989: GET /Duluka/v.1.0/State with status 404
2026-10-03T18:19:27.035[D]: Incoming request  #990: GET /Duluka/v.1.0/State
2026-10-03T18:19:27.035[D]: Response finished #990: GET /Duluka/v.1.0/State with status 404
2026-10-03T18:19:27.541[D]: Incoming request  #991: GET /Duluka/v.1.0/State
2026-10-03T18:19:27.542[D]: Response finished #991: GET /Duluka/v.1.0/State with status 404
2026-10-03T18:19:28.030[D]: Incoming request  #992: GET /Duluka/v.1.0/State
2026-10-03T18:19:28.031[D]: Response finished #992: GET /Duluka/v.1.0/State with status 404
2026-10-03T18:19:28.533[D]: Incoming request  #993: GET /Duluka/v.1.0/State
2026-10-03T18:19:28.534[D]: Response finished #993: GET /Duluka/v.1.0/State with status 404
2026-10-03T18:19:29.038[D]: Incoming request  #994: GET /Duluka/v.1.0/State
2026-10-03T18:19:29.038[D]: Response finished #994: GET /Duluka/v.1.0/State with status 404
2026-10-03T18:19:29.532[D]: Incoming request  #995: GET /Duluka/v.1.0/State
2026-10-03T18:19:29.533[D]: Response finished #995: GET /Duluka/v.1.0/State with status 404
2026-10-03T18:19:30.033[D]: Incoming request  #996: GET /Duluka/v.1.0/State
2026-10-03T18:19:30.034[D]: Response finished #996: GET /Duluka/v.1.0/State with status 404
2026-10-03T18:19:30.535[D]: Incoming request  #997: GET /Duluka/v.1.0/State
2026-10-03T18:19:30.536[D]: Response finished #997: GET /Duluka/v.1.0/State with status 404
2026-10-03T18:19:31.049[D]: Incoming request  #998: GET /Duluka/v.1.0/State
2026-10-03T18:19:31.050[D]: Response finished #998: GET /Duluka/v.1.0/State with status 404
2026-10-03T18:19:31.542[D]: Incoming request  #999: GET /Duluka/v.1.0/State
2026-10-03T18:19:31.547[D]: Response finished #999: GET /Duluka/v.1.0/State with status 404
2026-10-03T18:19:32.040[D]: Incoming request  #1000: GET /Duluka/v.1.0/State
2026-10-03T18:19:32.040[D]: Response finished #1000: GET /Duluka/v.1.0/State with status 404
2026-10-03T18:19:32.530[D]: Incoming request  #1001: GET /Duluka/v.1.0/State
2026-10-03T18:19:32.530[D]: Response finished #1001: GET /Duluka/v.1.0/State with status 404
2026-10-03T18:19:33.034[D]: Incoming request  #1002: GET /Duluka/v.1.0/State
2026-10-03T18:19:33.034[D]: Response finished #1002: GET /Duluka/v.1.0/State with status 404
2026-10-03T18:19:33.552[D]: Incoming request  #1003: GET /Duluka/v.1.0/State
2026-10-03T18:19:33.553[D]: Response finished #1003: GET /Duluka/v.1.0/State with status 404
2026-10-03T18:19:34.040[D]: Incoming request  #1004: GET /Duluka/v.1.0/State
2026-10-03T18:19:34.042[D]: Response finished #1004: GET /Duluka/v.1.0/State with status 404
2026-10-03T18:19:34.529[D]: Incoming request  #1005: GET /Duluka/v.1.0/State
2026-10-03T18:19:34.529[D]: Response finished #1005: GET /Duluka/v.1.0/State with status 404
2026-10-03T18:19:35.032[D]: Incoming request  #1006: GET /Duluka/v.1.0/State
2026-10-03T18:19:35.033[D]: Response finished #1006: GET /Duluka/v.1.0/State with status 404
2026-10-03T18:19:35.536[D]: Incoming request  #1007: GET /Duluka/v.1.0/State
2026-10-03T18:19:35.537[D]: Response finished #1007: GET /Duluka/v.1.0/State with status 404
2026-10-03T18:19:36.039[D]: Incoming request  #1008: GET /Duluka/v.1.0/State
2026-10-03T18:19:36.040[D]: Response finished #1008: GET /Duluka/v.1.0/State with status 404
2026-10-03T18:19:36.530[D]: Incoming request  #1009: GET /Duluka/v.1.0/State
2026-10-03T18:19:36.530[D]: Response finished #1009: GET /Duluka/v.1.0/State with status 404
2026-10-03T18:19:37.031[D]: Incoming request  #1010: GET /Duluka/v.1.0/State
2026-10-03T18:19:37.031[D]: Response finished #1010: GET /Duluka/v.1.0/State with status 404
2026-10-03T18:19:37.534[D]: Incoming request  #1011: GET /Duluka/v.1.0/State
2026-10-03T18:19:37.535[D]: Response finished #1011: GET /Duluka/v.1.0/State with status 404
2026-10-03T18:19:38.037[D]: Incoming request  #1012: GET /Duluka/v.1.0/State
2026-10-03T18:19:38.037[D]: Response finished #1012: GET /Duluka/v.1.0/State with status 404
2026-10-03T18:19:38.536[D]: Incoming request  #1013: GET /Duluka/v.1.0/State
2026-10-03T18:19:38.537[D]: Response finished #1013: GET /Duluka/v.1.0/State with status 404
2026-10-03T18:19:39.037[D]: Incoming request  #1014: GET /Duluka/v.1.0/State
2026-10-03T18:19:39.038[D]: Response finished #1014: GET /Duluka/v.1.0/State with status 404
2026-10-03T18:19:39.537[D]: Incoming request  #1015: GET /Duluka/v.1.0/State
2026-10-03T18:19:39.539[D]: Response finished #1015: GET /Duluka/v.1.0/State with status 404
2026-10-03T18:19:40.039[D]: Incoming request  #1016: GET /Duluka/v.1.0/State
2026-10-03T18:19:40.039[D]: Response finished #1016: GET /Duluka/v.1.0/State with status 404
2026-10-03T18:19:40.541[D]: Incoming request  #1017: GET /Duluka/v.1.0/State
2026-10-03T18:19:40.542[D]: Response finished #1017: GET /Duluka/v.1.0/State with status 404
2026-10-03T18:19:41.030[D]: Incoming request  #1018: GET /Duluka/v.1.0/State
2026-10-03T18:19:41.031[D]: Response finished #1018: GET /Duluka/v.1.0/State with status 404
2026-10-03T18:19:41.532[D]: Incoming request  #1019: GET /Duluka/v.1.0/State
2026-10-03T18:19:41.533[D]: Response finished #1019: GET /Duluka/v.1.0/State with status 404
2026-10-03T18:19:42.037[D]: Incoming request  #1020: GET /Duluka/v.1.0/State
2026-10-03T18:19:42.038[D]: Response finished #1020: GET /Duluka/v.1.0/State with status 404
2026-10-03T18:19:42.537[D]: Incoming request  #1021: GET /Duluka/v.1.0/State
2026-10-03T18:19:42.537[D]: Response finished #1021: GET /Duluka/v.1.0/State with status 404
2026-10-03T18:19:43.027[D]: Incoming request  #1022: GET /Duluka/v.1.0/State
2026-10-03T18:19:43.029[D]: Response finished #1022: GET /Duluka/v.1.0/State with status 404
2026-10-03T18:19:43.527[D]: Incoming request  #1023: GET /Duluka/v.1.0/State
2026-10-03T18:19:43.527[D]: Response finished #1023: GET /Duluka/v.1.0/State with status 404
2026-10-03T18:19:44.030[D]: Incoming request  #1024: GET /Duluka/v.1.0/State
2026-10-03T18:19:44.031[D]: Response finished #1024: GET /Duluka/v.1.0/State with status 404
2026-10-03T18:19:44.529[D]: Incoming request  #1025: GET /Duluka/v.1.0/State
2026-10-03T18:19:44.530[D]: Response finished #1025: GET /Duluka/v.1.0/State with status 404
2026-10-03T18:19:45.034[D]: Incoming request  #1026: GET /Duluka/v.1.0/State
2026-10-03T18:19:45.034[D]: Response finished #1026: GET /Duluka/v.1.0/State with status 404
2026-10-03T18:19:45.535[D]: Incoming request  #1027: GET /Duluka/v.1.0/State
2026-10-03T18:19:45.536[D]: Response finished #1027: GET /Duluka/v.1.0/State with status 404
2026-10-03T18:19:46.036[D]: Incoming request  #1028: GET /Duluka/v.1.0/State
2026-10-03T18:19:46.036[D]: Response finished #1028: GET /Duluka/v.1.0/State with status 404
2026-10-03T18:19:46.541[D]: Incoming request  #1029: GET /Duluka/v.1.0/State
2026-10-03T18:19:46.542[D]: Response finished #1029: GET /Duluka/v.1.0/State with status 404
2026-10-03T18:19:47.040[D]: Incoming request  #1030: GET /Duluka/v.1.0/State
2026-10-03T18:19:47.042[D]: Response finished #1030: GET /Duluka/v.1.0/State with status 404
2026-10-03T18:19:47.542[D]: Incoming request  #1031: GET /Duluka/v.1.0/State
2026-10-03T18:19:47.543[D]: Response finished #1031: GET /Duluka/v.1.0/State with status 404
2026-10-03T18:19:48.027[D]: Incoming request  #1032: GET /Duluka/v.1.0/State
2026-10-03T18:19:48.030[D]: Response finished #1032: GET /Duluka/v.1.0/State with status 404
2026-10-03T18:19:48.527[D]: Incoming request  #1033: GET /Duluka/v.1.0/State
2026-10-03T18:19:48.528[D]: Response finished #1033: GET /Duluka/v.1.0/State with status 404
2026-10-03T18:19:49.029[D]: Incoming request  #1034: GET /Duluka/v.1.0/State
2026-10-03T18:19:49.031[D]: Response finished #1034: GET /Duluka/v.1.0/State with status 404
2026-10-03T18:19:49.528[D]: Incoming request  #1035: GET /Duluka/v.1.0/State
2026-10-03T18:19:49.529[D]: Response finished #1035: GET /Duluka/v.1.0/State with status 404
2026-10-03T18:19:50.059[D]: Incoming request  #1036: GET /Duluka/v.1.0/State
2026-10-03T18:19:50.063[D]: Response finished #1036: GET /Duluka/v.1.0/State with status 404
2026-10-03T18:19:50.559[D]: Incoming request  #1037: GET /Duluka/v.1.0/State
2026-10-03T18:19:50.567[D]: Response finished #1037: GET /Duluka/v.1.0/State with status 404
2026-10-03T18:19:51.034[D]: Incoming request  #1038: GET /Duluka/v.1.0/State
2026-10-03T18:19:51.034[D]: Response finished #1038: GET /Duluka/v.1.0/State with status 404
2026-10-03T18:19:51.535[D]: Incoming request  #1039: GET /Duluka/v.1.0/State
2026-10-03T18:19:51.536[D]: Response finished #1039: GET /Duluka/v.1.0/State with status 404
2026-10-03T18:19:52.038[D]: Incoming request  #1040: GET /Duluka/v.1.0/State
2026-10-03T18:19:52.039[D]: Response finished #1040: GET /Duluka/v.1.0/State with status 404
2026-10-03T18:19:52.540[D]: Incoming request  #1041: GET /Duluka/v.1.0/State
2026-10-03T18:19:52.540[D]: Response finished #1041: GET /Duluka/v.1.0/State with status 404
2026-10-03T18:19:53.039[D]: Incoming request  #1042: GET /Duluka/v.1.0/State
2026-10-03T18:19:53.041[D]: Response finished #1042: GET /Duluka/v.1.0/State with status 404
2026-10-03T18:19:53.541[D]: Incoming request  #1043: GET /Duluka/v.1.0/State
2026-10-03T18:19:53.541[D]: Response finished #1043: GET /Duluka/v.1.0/State with status 404
2026-10-03T18:19:54.041[D]: Incoming request  #1044: GET /Duluka/v.1.0/State
2026-10-03T18:19:54.041[D]: Response finished #1044: GET /Duluka/v.1.0/State with status 404
2026-10-03T18:19:54.540[D]: Incoming request  #1045: GET /Duluka/v.1.0/State
2026-10-03T18:19:54.540[D]: Response finished #1045: GET /Duluka/v.1.0/State with status 404
2026-10-03T18:19:55.027[D]: Incoming request  #1046: GET /Duluka/v.1.0/State
2026-10-03T18:19:55.028[D]: Response finished #1046: GET /Duluka/v.1.0/State with status 404
2026-10-03T18:19:55.532[D]: Incoming request  #1047: GET /Duluka/v.1.0/State
2026-10-03T18:19:55.533[D]: Response finished #1047: GET /Duluka/v.1.0/State with status 404
2026-10-03T18:19:56.035[D]: Incoming request  #1048: GET /Duluka/v.1.0/State
2026-10-03T18:19:56.036[D]: Response finished #1048: GET /Duluka/v.1.0/State with status 404
2026-10-03T18:19:56.534[D]: Incoming request  #1049: GET /Duluka/v.1.0/State
2026-10-03T18:19:56.535[D]: Response finished #1049: GET /Duluka/v.1.0/State with status 404
2026-10-03T18:19:57.037[D]: Incoming request  #1050: GET /Duluka/v.1.0/State
2026-10-03T18:19:57.038[D]: Response finished #1050: GET /Duluka/v.1.0/State with status 404
2026-10-03T18:19:57.535[D]: Incoming request  #1051: GET /Duluka/v.1.0/State
2026-10-03T18:19:57.535[D]: Response finished #1051: GET /Duluka/v.1.0/State with status 404
2026-10-03T18:19:58.037[D]: Incoming request  #1052: GET /Duluka/v.1.0/State
2026-10-03T18:19:58.039[D]: Response finished #1052: GET /Duluka/v.1.0/State with status 404
2026-10-03T18:19:58.535[D]: Incoming request  #1053: GET /Duluka/v.1.0/State
2026-10-03T18:19:58.535[D]: Response finished #1053: GET /Duluka/v.1.0/State with status 404
2026-10-03T18:19:59.039[D]: Incoming request  #1054: GET /Duluka/v.1.0/State
2026-10-03T18:19:59.040[D]: Response finished #1054: GET /Duluka/v.1.0/State with status 404
2026-10-03T18:19:59.538[D]: Incoming request  #1055: GET /Duluka/v.1.0/State
2026-10-03T18:19:59.538[D]: Response finished #1055: GET /Duluka/v.1.0/State with status 404
2026-10-03T18:20:00.041[D]: Incoming request  #1056: GET /Duluka/v.1.0/State
2026-10-03T18:20:00.042[D]: Response finished #1056: GET /Duluka/v.1.0/State with status 404
2026-10-03T18:20:00.529[D]: Incoming request  #1057: GET /Duluka/v.1.0/State
2026-10-03T18:20:00.530[D]: Response finished #1057: GET /Duluka/v.1.0/State with status 404
2026-10-03T18:20:01.032[D]: Incoming request  #1058: GET /Duluka/v.1.0/State
2026-10-03T18:20:01.032[D]: Response finished #1058: GET /Duluka/v.1.0/State with status 404
2026-10-03T18:20:01.532[D]: Incoming request  #1059: GET /Duluka/v.1.0/State
2026-10-03T18:20:01.532[D]: Response finished #1059: GET /Duluka/v.1.0/State with status 404
2026-10-03T18:20:02.036[D]: Incoming request  #1060: GET /Duluka/v.1.0/State
2026-10-03T18:20:02.038[D]: Response finished #1060: GET /Duluka/v.1.0/State with status 404
2026-10-03T18:20:02.537[D]: Incoming request  #1061: GET /Duluka/v.1.0/State
2026-10-03T18:20:02.537[D]: Response finished #1061: GET /Duluka/v.1.0/State with status 404
2026-10-03T18:20:03.037[D]: Incoming request  #1062: GET /Duluka/v.1.0/State
2026-10-03T18:20:03.037[D]: Response finished #1062: GET /Duluka/v.1.0/State with status 404
2026-10-03T18:20:03.537[D]: Incoming request  #1063: GET /Duluka/v.1.0/State
2026-10-03T18:20:03.537[D]: Response finished #1063: GET /Duluka/v.1.0/State with status 404
2026-10-03T18:20:04.036[D]: Incoming request  #1064: GET /Duluka/v.1.0/State
2026-10-03T18:20:04.037[D]: Response finished #1064: GET /Duluka/v.1.0/State with status 404
2026-10-03T18:20:04.537[D]: Incoming request  #1065: GET /Duluka/v.1.0/State
2026-10-03T18:20:04.537[D]: Response finished #1065: GET /Duluka/v.1.0/State with status 404
2026-10-03T18:20:05.038[D]: Incoming request  #1066: GET /Duluka/v.1.0/State
2026-10-03T18:20:05.039[D]: Response finished #1066: GET /Duluka/v.1.0/State with status 404
2026-10-03T18:20:05.538[D]: Incoming request  #1067: GET /Duluka/v.1.0/State
2026-10-03T18:20:05.538[D]: Response finished #1067: GET /Duluka/v.1.0/State with status 404
2026-10-03T18:20:06.042[D]: Incoming request  #1068: GET /Duluka/v.1.0/State
2026-10-03T18:20:06.042[D]: Response finished #1068: GET /Duluka/v.1.0/State with status 404
2026-10-03T18:20:06.543[D]: Incoming request  #1069: GET /Duluka/v.1.0/State
2026-10-03T18:20:06.543[D]: Response finished #1069: GET /Duluka/v.1.0/State with status 404
2026-10-03T18:20:07.032[D]: Incoming request  #1070: GET /Duluka/v.1.0/State
2026-10-03T18:20:07.033[D]: Response finished #1070: GET /Duluka/v.1.0/State with status 404
2026-10-03T18:20:07.530[D]: Incoming request  #1071: GET /Duluka/v.1.0/State
2026-10-03T18:20:07.530[D]: Response finished #1071: GET /Duluka/v.1.0/State with status 404
2026-10-03T18:20:08.028[D]: Incoming request  #1072: GET /Duluka/v.1.0/State
2026-10-03T18:20:08.028[D]: Response finished #1072: GET /Duluka/v.1.0/State with status 404
2026-10-03T18:20:08.527[D]: Incoming request  #1073: GET /Duluka/v.1.0/State
2026-10-03T18:20:08.529[D]: Response finished #1073: GET /Duluka/v.1.0/State with status 404
2026-10-03T18:20:09.030[D]: Incoming request  #1074: GET /Duluka/v.1.0/State
2026-10-03T18:20:09.030[D]: Response finished #1074: GET /Duluka/v.1.0/State with status 404
2026-10-03T18:20:09.532[D]: Incoming request  #1075: GET /Duluka/v.1.0/State
2026-10-03T18:20:09.533[D]: Response finished #1075: GET /Duluka/v.1.0/State with status 404
2026-10-03T18:20:10.033[D]: Incoming request  #1076: GET /Duluka/v.1.0/State
2026-10-03T18:20:10.035[D]: Response finished #1076: GET /Duluka/v.1.0/State with status 404
2026-10-03T18:20:10.535[D]: Incoming request  #1077: GET /Duluka/v.1.0/State
2026-10-03T18:20:10.535[D]: Response finished #1077: GET /Duluka/v.1.0/State with status 404
2026-10-03T18:20:11.034[D]: Incoming request  #1078: GET /Duluka/v.1.0/State
2026-10-03T18:20:11.035[D]: Response finished #1078: GET /Duluka/v.1.0/State with status 404
2026-10-03T18:20:11.535[D]: Incoming request  #1079: GET /Duluka/v.1.0/State
2026-10-03T18:20:11.536[D]: Response finished #1079: GET /Duluka/v.1.0/State with status 404
2026-10-03T18:20:12.027[D]: Incoming request  #1080: GET /Duluka/v.1.0/State
2026-10-03T18:20:12.027[D]: Response finished #1080: GET /Duluka/v.1.0/State with status 404
2026-10-03T18:20:12.527[D]: Incoming request  #1081: GET /Duluka/v.1.0/State
2026-10-03T18:20:12.529[D]: Response finished #1081: GET /Duluka/v.1.0/State with status 404
2026-10-03T18:20:13.027[D]: Incoming request  #1082: GET /Duluka/v.1.0/State
2026-10-03T18:20:13.028[D]: Response finished #1082: GET /Duluka/v.1.0/State with status 404
2026-10-03T18:20:13.540[D]: Incoming request  #1083: GET /Duluka/v.1.0/State
2026-10-03T18:20:13.542[D]: Response finished #1083: GET /Duluka/v.1.0/State with status 404
2026-10-03T18:20:14.041[D]: Incoming request  #1084: GET /Duluka/v.1.0/State
2026-10-03T18:20:14.041[D]: Response finished #1084: GET /Duluka/v.1.0/State with status 404
2026-10-03T18:20:14.527[D]: Incoming request  #1085: GET /Duluka/v.1.0/State
2026-10-03T18:20:14.529[D]: Response finished #1085: GET /Duluka/v.1.0/State with status 404
2026-10-03T18:20:15.034[D]: Incoming request  #1086: GET /Duluka/v.1.0/State
2026-10-03T18:20:15.034[D]: Response finished #1086: GET /Duluka/v.1.0/State with status 404
2026-10-03T18:20:15.533[D]: Incoming request  #1087: GET /Duluka/v.1.0/State
2026-10-03T18:20:15.534[D]: Response finished #1087: GET /Duluka/v.1.0/State with status 404
2026-10-03T18:20:16.042[D]: Incoming request  #1088: GET /Duluka/v.1.0/State
2026-10-03T18:20:16.042[D]: Response finished #1088: GET /Duluka/v.1.0/State with status 404
2026-10-03T18:20:16.530[D]: Incoming request  #1089: GET /Duluka/v.1.0/State
2026-10-03T18:20:16.530[D]: Response finished #1089: GET /Duluka/v.1.0/State with status 404
2026-10-03T18:20:17.032[D]: Incoming request  #1090: GET /Duluka/v.1.0/State
2026-10-03T18:20:17.033[D]: Response finished #1090: GET /Duluka/v.1.0/State with status 404
2026-10-03T18:20:17.529[D]: Incoming request  #1091: GET /Duluka/v.1.0/State
2026-10-03T18:20:17.530[D]: Response finished #1091: GET /Duluka/v.1.0/State with status 404
2026-10-03T18:20:18.029[D]: Incoming request  #1092: GET /Duluka/v.1.0/State
2026-10-03T18:20:18.032[D]: Response finished #1092: GET /Duluka/v.1.0/State with status 404
2026-10-03T18:20:18.535[D]: Incoming request  #1093: GET /Duluka/v.1.0/State
2026-10-03T18:20:18.536[D]: Response finished #1093: GET /Duluka/v.1.0/State with status 404
2026-10-03T18:20:19.033[D]: Incoming request  #1094: GET /Duluka/v.1.0/State
2026-10-03T18:20:19.035[D]: Response finished #1094: GET /Duluka/v.1.0/State with status 404
2026-10-03T18:20:19.533[D]: Incoming request  #1095: GET /Duluka/v.1.0/State
2026-10-03T18:20:19.534[D]: Response finished #1095: GET /Duluka/v.1.0/State with status 404
2026-10-03T18:20:20.038[D]: Incoming request  #1096: GET /Duluka/v.1.0/State
2026-10-03T18:20:20.039[D]: Response finished #1096: GET /Duluka/v.1.0/State with status 404
2026-10-03T18:20:20.541[D]: Incoming request  #1097: GET /Duluka/v.1.0/State
2026-10-03T18:20:20.542[D]: Response finished #1097: GET /Duluka/v.1.0/State with status 404
2026-10-03T18:20:21.028[D]: Incoming request  #1098: GET /Duluka/v.1.0/State
2026-10-03T18:20:21.029[D]: Response finished #1098: GET /Duluka/v.1.0/State with status 404
2026-10-03T18:20:21.532[D]: Incoming request  #1099: GET /Duluka/v.1.0/State
2026-10-03T18:20:21.532[D]: Response finished #1099: GET /Duluka/v.1.0/State with status 404
2026-10-03T18:20:22.035[D]: Incoming request  #1100: GET /Duluka/v.1.0/State
2026-10-03T18:20:22.036[D]: Response finished #1100: GET /Duluka/v.1.0/State with status 404
2026-10-03T18:20:22.537[D]: Incoming request  #1101: GET /Duluka/v.1.0/State
2026-10-03T18:20:22.539[D]: Response finished #1101: GET /Duluka/v.1.0/State with status 404
2026-10-03T18:20:23.035[D]: Incoming request  #1102: GET /Duluka/v.1.0/State
2026-10-03T18:20:23.035[D]: Response finished #1102: GET /Duluka/v.1.0/State with status 404
2026-10-03T18:20:23.546[D]: Incoming request  #1103: GET /Duluka/v.1.0/State
2026-10-03T18:20:23.547[D]: Response finished #1103: GET /Duluka/v.1.0/State with status 404
2026-10-03T18:20:24.037[D]: Incoming request  #1104: GET /Duluka/v.1.0/State
2026-10-03T18:20:24.039[D]: Response finished #1104: GET /Duluka/v.1.0/State with status 404
2026-10-03T18:20:24.536[D]: Incoming request  #1105: GET /Duluka/v.1.0/State
2026-10-03T18:20:24.541[D]: Response finished #1105: GET /Duluka/v.1.0/State with status 404
2026-10-03T18:20:25.032[D]: Incoming request  #1106: GET /Duluka/v.1.0/State
2026-10-03T18:20:25.033[D]: Response finished #1106: GET /Duluka/v.1.0/State with status 404
2026-10-03T18:20:25.532[D]: Incoming request  #1107: GET /Duluka/v.1.0/State
2026-10-03T18:20:25.532[D]: Response finished #1107: GET /Duluka/v.1.0/State with status 404
2026-10-03T18:20:26.031[D]: Incoming request  #1108: GET /Duluka/v.1.0/State
2026-10-03T18:20:26.033[D]: Response finished #1108: GET /Duluka/v.1.0/State with status 404
2026-10-03T18:20:26.528[D]: Incoming request  #1109: GET /Duluka/v.1.0/State
2026-10-03T18:20:26.530[D]: Response finished #1109: GET /Duluka/v.1.0/State with status 404
2026-10-03T18:20:27.034[D]: Incoming request  #1110: GET /Duluka/v.1.0/State
2026-10-03T18:20:27.036[D]: Response finished #1110: GET /Duluka/v.1.0/State with status 404
2026-10-03T18:20:27.543[D]: Incoming request  #1111: GET /Duluka/v.1.0/State
2026-10-03T18:20:27.543[D]: Response finished #1111: GET /Duluka/v.1.0/State with status 404
2026-10-03T18:20:28.039[D]: Incoming request  #1112: GET /Duluka/v.1.0/State
2026-10-03T18:20:28.040[D]: Response finished #1112: GET /Duluka/v.1.0/State with status 404
2026-10-03T18:20:28.528[D]: Incoming request  #1113: GET /Duluka/v.1.0/State
2026-10-03T18:20:28.530[D]: Response finished #1113: GET /Duluka/v.1.0/State with status 404
2026-10-03T18:20:29.030[D]: Incoming request  #1114: GET /Duluka/v.1.0/State
2026-10-03T18:20:29.030[D]: Response finished #1114: GET /Duluka/v.1.0/State with status 404
2026-10-03T18:20:29.530[D]: Incoming request  #1115: GET /Duluka/v.1.0/State
2026-10-03T18:20:29.532[D]: Response finished #1115: GET /Duluka/v.1.0/State with status 404
2026-10-03T18:20:30.030[D]: Incoming request  #1116: GET /Duluka/v.1.0/State
2026-10-03T18:20:30.032[D]: Response finished #1116: GET /Duluka/v.1.0/State with status 404
2026-10-03T18:20:30.544[D]: Incoming request  #1117: GET /Duluka/v.1.0/State
2026-10-03T18:20:30.545[D]: Response finished #1117: GET /Duluka/v.1.0/State with status 404
2026-10-03T18:20:31.039[D]: Incoming request  #1118: GET /Duluka/v.1.0/State
2026-10-03T18:20:31.040[D]: Response finished #1118: GET /Duluka/v.1.0/State with status 404
2026-10-03T18:20:31.540[D]: Incoming request  #1119: GET /Duluka/v.1.0/State
2026-10-03T18:20:31.542[D]: Response finished #1119: GET /Duluka/v.1.0/State with status 404
2026-10-03T18:20:32.036[D]: Incoming request  #1120: GET /Duluka/v.1.0/State
2026-10-03T18:20:32.037[D]: Response finished #1120: GET /Duluka/v.1.0/State with status 404
2026-10-03T18:20:32.536[D]: Incoming request  #1121: GET /Duluka/v.1.0/State
2026-10-03T18:20:32.538[D]: Response finished #1121: GET /Duluka/v.1.0/State with status 404
2026-10-03T18:20:33.033[D]: Incoming request  #1122: GET /Duluka/v.1.0/State
2026-10-03T18:20:33.033[D]: Response finished #1122: GET /Duluka/v.1.0/State with status 404
2026-10-03T18:20:33.540[D]: Incoming request  #1123: GET /Duluka/v.1.0/State
2026-10-03T18:20:33.541[D]: Response finished #1123: GET /Duluka/v.1.0/State with status 404
2026-10-03T18:20:34.032[D]: Incoming request  #1124: GET /Duluka/v.1.0/State
2026-10-03T18:20:34.033[D]: Response finished #1124: GET /Duluka/v.1.0/State with status 404
2026-10-03T18:20:34.532[D]: Incoming request  #1125: GET /Duluka/v.1.0/State
2026-10-03T18:20:34.534[D]: Response finished #1125: GET /Duluka/v.1.0/State with status 404
2026-10-03T18:20:35.033[D]: Incoming request  #1126: GET /Duluka/v.1.0/State
2026-10-03T18:20:35.036[D]: Response finished #1126: GET /Duluka/v.1.0/State with status 404
2026-10-03T18:20:35.529[D]: Incoming request  #1127: GET /Duluka/v.1.0/State
2026-10-03T18:20:35.530[D]: Response finished #1127: GET /Duluka/v.1.0/State with status 404
2026-10-03T18:20:36.028[D]: Incoming request  #1128: GET /Duluka/v.1.0/State
2026-10-03T18:20:36.029[D]: Response finished #1128: GET /Duluka/v.1.0/State with status 404
2026-10-03T18:20:36.528[D]: Incoming request  #1129: GET /Duluka/v.1.0/State
2026-10-03T18:20:36.528[D]: Response finished #1129: GET /Duluka/v.1.0/State with status 404
2026-10-03T18:20:37.030[D]: Incoming request  #1130: GET /Duluka/v.1.0/State
2026-10-03T18:20:37.031[D]: Response finished #1130: GET /Duluka/v.1.0/State with status 404
2026-10-03T18:20:37.529[D]: Incoming request  #1131: GET /Duluka/v.1.0/State
2026-10-03T18:20:37.532[D]: Response finished #1131: GET /Duluka/v.1.0/State with status 404
2026-10-03T18:20:38.047[D]: Incoming request  #1132: GET /Duluka/v.1.0/State
2026-10-03T18:20:38.048[D]: Response finished #1132: GET /Duluka/v.1.0/State with status 404
2026-10-03T18:20:38.539[D]: Incoming request  #1133: GET /Duluka/v.1.0/State
2026-10-03T18:20:38.539[D]: Response finished #1133: GET /Duluka/v.1.0/State with status 404
2026-10-03T18:20:39.027[D]: Incoming request  #1134: GET /Duluka/v.1.0/State
2026-10-03T18:20:39.028[D]: Response finished #1134: GET /Duluka/v.1.0/State with status 404
2026-10-03T18:20:39.542[D]: Incoming request  #1135: GET /Duluka/v.1.0/State
2026-10-03T18:20:39.543[D]: Response finished #1135: GET /Duluka/v.1.0/State with status 404
2026-10-03T18:20:40.029[D]: Incoming request  #1136: GET /Duluka/v.1.0/State
2026-10-03T18:20:40.030[D]: Response finished #1136: GET /Duluka/v.1.0/State with status 404
2026-10-03T18:20:40.535[D]: Incoming request  #1137: GET /Duluka/v.1.0/State
2026-10-03T18:20:40.536[D]: Response finished #1137: GET /Duluka/v.1.0/State with status 404
2026-10-03T18:20:41.039[D]: Incoming request  #1138: GET /Duluka/v.1.0/State
2026-10-03T18:20:41.041[D]: Response finished #1138: GET /Duluka/v.1.0/State with status 404
2026-10-03T18:20:41.540[D]: Incoming request  #1139: GET /Duluka/v.1.0/State
2026-10-03T18:20:41.540[D]: Response finished #1139: GET /Duluka/v.1.0/State with status 404
2026-10-03T18:20:42.029[D]: Incoming request  #1140: GET /Duluka/v.1.0/State
2026-10-03T18:20:42.029[D]: Response finished #1140: GET /Duluka/v.1.0/State with status 404
2026-10-03T18:20:42.527[D]: Incoming request  #1141: GET /Duluka/v.1.0/State
2026-10-03T18:20:42.527[D]: Response finished #1141: GET /Duluka/v.1.0/State with status 404
2026-10-03T18:20:43.028[D]: Incoming request  #1142: GET /Duluka/v.1.0/State
2026-10-03T18:20:43.029[D]: Response finished #1142: GET /Duluka/v.1.0/State with status 404
2026-10-03T18:20:43.536[D]: Incoming request  #1143: GET /Duluka/v.1.0/State
2026-10-03T18:20:43.536[D]: Response finished #1143: GET /Duluka/v.1.0/State with status 404
2026-10-03T18:20:44.036[D]: Incoming request  #1144: GET /Duluka/v.1.0/State
2026-10-03T18:20:44.037[D]: Response finished #1144: GET /Duluka/v.1.0/State with status 404
2026-10-03T18:20:44.542[D]: Incoming request  #1145: GET /Duluka/v.1.0/State
2026-10-03T18:20:44.542[D]: Response finished #1145: GET /Duluka/v.1.0/State with status 404
2026-10-03T18:20:45.031[D]: Incoming request  #1146: GET /Duluka/v.1.0/State
2026-10-03T18:20:45.032[D]: Response finished #1146: GET /Duluka/v.1.0/State with status 404
2026-10-03T18:20:45.540[D]: Incoming request  #1147: GET /Duluka/v.1.0/State
2026-10-03T18:20:45.541[D]: Response finished #1147: GET /Duluka/v.1.0/State with status 404
2026-10-03T18:20:46.029[D]: Incoming request  #1148: GET /Duluka/v.1.0/State
2026-10-03T18:20:46.030[D]: Response finished #1148: GET /Duluka/v.1.0/State with status 404
2026-10-03T18:20:46.533[D]: Incoming request  #1149: GET /Duluka/v.1.0/State
2026-10-03T18:20:46.535[D]: Response finished #1149: GET /Duluka/v.1.0/State with status 404
2026-10-03T18:20:47.040[D]: Incoming request  #1150: GET /Duluka/v.1.0/State
2026-10-03T18:20:47.040[D]: Response finished #1150: GET /Duluka/v.1.0/State with status 404
2026-10-03T18:20:47.531[D]: Incoming request  #1151: GET /Duluka/v.1.0/State
2026-10-03T18:20:47.532[D]: Response finished #1151: GET /Duluka/v.1.0/State with status 404
2026-10-03T18:20:48.042[D]: Incoming request  #1152: GET /Duluka/v.1.0/State
2026-10-03T18:20:48.043[D]: Response finished #1152: GET /Duluka/v.1.0/State with status 404
2026-10-03T18:20:48.527[D]: Incoming request  #1153: GET /Duluka/v.1.0/State
2026-10-03T18:20:48.527[D]: Response finished #1153: GET /Duluka/v.1.0/State with status 404
2026-10-03T18:20:48.938[D]: LEAVE Hotkey:HotkeyPlugin
2026-10-03T18:20:49.035[D]: Incoming request  #1154: GET /Duluka/v.1.0/State
2026-10-03T18:20:49.035[D]: Response finished #1154: GET /Duluka/v.1.0/State with status 404
2026-10-03T18:20:49.539[D]: Incoming request  #1155: GET /Duluka/v.1.0/State
2026-10-03T18:20:49.540[D]: Response finished #1155: GET /Duluka/v.1.0/State with status 404
2026-10-03T18:20:50.041[D]: Incoming request  #1156: GET /Duluka/v.1.0/State
2026-10-03T18:20:50.042[D]: Response finished #1156: GET /Duluka/v.1.0/State with status 404
2026-10-03T18:20:50.541[D]: Incoming request  #1157: GET /Duluka/v.1.0/State
2026-10-03T18:20:50.542[D]: Response finished #1157: GET /Duluka/v.1.0/State with status 404
2026-10-03T18:20:51.032[D]: Incoming request  #1158: GET /Duluka/v.1.0/State
2026-10-03T18:20:51.032[D]: Response finished #1158: GET /Duluka/v.1.0/State with status 404
2026-10-03T18:20:51.533[D]: Incoming request  #1159: GET /Duluka/v.1.0/State
2026-10-03T18:20:51.534[D]: Response finished #1159: GET /Duluka/v.1.0/State with status 404
2026-10-03T18:20:52.036[D]: Incoming request  #1160: GET /Duluka/v.1.0/State
2026-10-03T18:20:52.037[D]: Response finished #1160: GET /Duluka/v.1.0/State with status 404
2026-10-03T18:20:52.213[D]: JOIN 
2026-10-03T18:20:52.542[D]: Incoming request  #1161: GET /Duluka/v.1.0/State
2026-10-03T18:20:52.542[D]: Response finished #1161: GET /Duluka/v.1.0/State with status 404
2026-10-03T18:20:53.038[D]: Incoming request  #1162: GET /Duluka/v.1.0/State
2026-10-03T18:20:53.038[D]: Response finished #1162: GET /Duluka/v.1.0/State with status 404
2026-10-03T18:20:53.542[D]: Incoming request  #1163: GET /Duluka/v.1.0/State
2026-10-03T18:20:53.543[D]: Response finished #1163: GET /Duluka/v.1.0/State with status 404
2026-10-03T18:20:54.031[D]: Incoming request  #1164: GET /Duluka/v.1.0/State
2026-10-03T18:20:54.031[D]: Response finished #1164: GET /Duluka/v.1.0/State with status 404
2026-10-03T18:20:54.538[D]: Incoming request  #1165: GET /Duluka/v.1.0/State
2026-10-03T18:20:54.539[D]: Response finished #1165: GET /Duluka/v.1.0/State with status 404
2026-10-03T18:20:55.041[D]: Incoming request  #1166: GET /Duluka/v.1.0/State
2026-10-03T18:20:55.042[D]: Response finished #1166: GET /Duluka/v.1.0/State with status 404
2026-10-03T18:20:55.530[D]: Incoming request  #1167: GET /Duluka/v.1.0/State
2026-10-03T18:20:55.530[D]: Response finished #1167: GET /Duluka/v.1.0/State with status 404
2026-10-03T18:20:56.033[D]: Incoming request  #1168: GET /Duluka/v.1.0/State
2026-10-03T18:20:56.034[D]: Response finished #1168: GET /Duluka/v.1.0/State with status 404
2026-10-03T18:20:56.540[D]: Incoming request  #1169: GET /Duluka/v.1.0/State
2026-10-03T18:20:56.542[D]: Response finished #1169: GET /Duluka/v.1.0/State with status 404
2026-10-03T18:20:57.032[D]: Incoming request  #1170: GET /Duluka/v.1.0/State
2026-10-03T18:20:57.033[D]: Response finished #1170: GET /Duluka/v.1.0/State with status 404
2026-10-03T18:20:57.532[D]: Incoming request  #1171: GET /Duluka/v.1.0/State
2026-10-03T18:20:57.532[D]: Response finished #1171: GET /Duluka/v.1.0/State with status 404
2026-10-03T18:20:58.030[D]: Incoming request  #1172: GET /Duluka/v.1.0/State
2026-10-03T18:20:58.030[D]: Response finished #1172: GET /Duluka/v.1.0/State with status 404
2026-10-03T18:20:58.531[D]: Incoming request  #1173: GET /Duluka/v.1.0/State
2026-10-03T18:20:58.531[D]: Response finished #1173: GET /Duluka/v.1.0/State with status 404
2026-10-03T18:20:59.028[D]: Incoming request  #1174: GET /Duluka/v.1.0/State
2026-10-03T18:20:59.030[D]: Response finished #1174: GET /Duluka/v.1.0/State with status 404
2026-10-03T18:20:59.527[D]: Incoming request  #1175: GET /Duluka/v.1.0/State
2026-10-03T18:20:59.528[D]: Response finished #1175: GET /Duluka/v.1.0/State with status 404
2026-10-03T18:21:00.151[D]: Incoming request  #1176: GET /Duluka/v.1.0/State
2026-10-03T18:21:00.156[D]: Response finished #1176: GET /Duluka/v.1.0/State with status 404
2026-10-03T18:21:00.759[D]: Incoming request  #1177: GET /Duluka/v.1.0/State
2026-10-03T18:21:00.775[D]: Response finished #1177: GET /Duluka/v.1.0/State with status 404
2026-10-03T18:21:01.244[D]: Incoming request  #1178: GET /Duluka/v.1.0/State
2026-10-03T18:21:01.253[D]: Response finished #1178: GET /Duluka/v.1.0/State with status 404
2026-10-03T18:21:02.211[D]: Incoming request  #1179: GET /Duluka/v.1.0/State
2026-10-03T18:21:02.215[D]: Response finished #1179: GET /Duluka/v.1.0/State with status 404
2026-10-03T18:21:02.615[D]: Incoming request  #1180: GET /Duluka/v.1.0/State
2026-10-03T18:21:02.618[D]: Response finished #1180: GET /Duluka/v.1.0/State with status 404
2026-10-03T18:21:03.281[D]: Incoming request  #1181: GET /Duluka/v.1.0/State
2026-10-03T18:21:03.282[D]: Response finished #1181: GET /Duluka/v.1.0/State with status 404
2026-10-03T18:21:03.722[D]: Incoming request  #1182: GET /Duluka/v.1.0/State
2026-10-03T18:21:03.774[D]: Response finished #1182: GET /Duluka/v.1.0/State with status 404
2026-10-03T18:21:04.202[D]: Incoming request  #1183: GET /Duluka/v.1.0/State
2026-10-03T18:21:04.203[D]: Response finished #1183: GET /Duluka/v.1.0/State with status 404
2026-10-03T18:21:04.817[D]: Incoming request  #1184: GET /Duluka/v.1.0/State
2026-10-03T18:21:04.830[D]: Response finished #1184: GET /Duluka/v.1.0/State with status 404
2026-10-03T18:21:05.082[D]: Incoming request  #1185: GET /Duluka/v.1.0/State
2026-10-03T18:21:05.114[D]: Response finished #1185: GET /Duluka/v.1.0/State with status 404
2026-10-03T18:21:05.572[D]: Incoming request  #1186: GET /Duluka/v.1.0/State
2026-10-03T18:21:05.597[D]: Response finished #1186: GET /Duluka/v.1.0/State with status 404
2026-10-03T18:21:06.079[D]: Incoming request  #1187: GET /Duluka/v.1.0/State
2026-10-03T18:21:06.090[D]: Response finished #1187: GET /Duluka/v.1.0/State with status 404
2026-10-03T18:21:06.588[D]: Incoming request  #1188: GET /Duluka/v.1.0/State
2026-10-03T18:21:06.597[D]: Response finished #1188: GET /Duluka/v.1.0/State with status 404
2026-10-03T18:21:07.131[D]: Incoming request  #1189: GET /Duluka/v.1.0/State
2026-10-03T18:21:07.173[D]: Response finished #1189: GET /Duluka/v.1.0/State with status 404
2026-10-03T18:21:07.597[D]: Incoming request  #1190: GET /Duluka/v.1.0/State
2026-10-03T18:21:07.600[D]: Response finished #1190: GET /Duluka/v.1.0/State with status 404
2026-10-03T18:21:08.078[D]: Incoming request  #1191: GET /Duluka/v.1.0/State
2026-10-03T18:21:08.079[D]: Response finished #1191: GET /Duluka/v.1.0/State with status 404
2026-10-03T18:21:08.659[D]: Incoming request  #1192: GET /Duluka/v.1.0/State
2026-10-03T18:21:08.661[D]: Response finished #1192: GET /Duluka/v.1.0/State with status 404
2026-10-03T18:21:09.135[D]: Incoming request  #1193: GET /Duluka/v.1.0/State
2026-10-03T18:21:09.140[D]: Response finished #1193: GET /Duluka/v.1.0/State with status 404
2026-10-03T18:21:09.625[D]: Incoming request  #1194: GET /Duluka/v.1.0/State
2026-10-03T18:21:09.627[D]: Response finished #1194: GET /Duluka/v.1.0/State with status 404
2026-10-03T18:21:10.105[D]: Incoming request  #1195: GET /Duluka/v.1.0/State
2026-10-03T18:21:10.106[D]: Response finished #1195: GET /Duluka/v.1.0/State with status 404
2026-10-03T18:21:10.595[D]: Incoming request  #1196: GET /Duluka/v.1.0/State
2026-10-03T18:21:10.597[D]: Response finished #1196: GET /Duluka/v.1.0/State with status 404
2026-10-03T18:21:11.097[D]: Incoming request  #1197: GET /Duluka/v.1.0/State
2026-10-03T18:21:11.100[D]: Response finished #1197: GET /Duluka/v.1.0/State with status 404
2026-10-03T18:21:11.575[D]: Incoming request  #1198: GET /Duluka/v.1.0/State
2026-10-03T18:21:11.582[D]: Response finished #1198: GET /Duluka/v.1.0/State with status 404
2026-10-03T18:21:12.065[D]: Incoming request  #1199: GET /Duluka/v.1.0/State
2026-10-03T18:21:12.066[D]: Response finished #1199: GET /Duluka/v.1.0/State with status 404
2026-10-03T18:21:12.562[D]: Incoming request  #1200: GET /Duluka/v.1.0/State
2026-10-03T18:21:12.566[D]: Response finished #1200: GET /Duluka/v.1.0/State with status 404
2026-10-03T18:21:13.062[D]: Incoming request  #1201: GET /Duluka/v.1.0/State
2026-10-03T18:21:13.063[D]: Response finished #1201: GET /Duluka/v.1.0/State with status 404
2026-10-03T18:21:13.573[D]: Incoming request  #1202: GET /Duluka/v.1.0/State
2026-10-03T18:21:13.575[D]: Response finished #1202: GET /Duluka/v.1.0/State with status 404
2026-10-03T18:21:14.060[D]: Incoming request  #1203: GET /Duluka/v.1.0/State
2026-10-03T18:21:14.062[D]: Response finished #1203: GET /Duluka/v.1.0/State with status 404
2026-10-03T18:21:14.568[D]: Incoming request  #1204: GET /Duluka/v.1.0/State
2026-10-03T18:21:14.569[D]: Response finished #1204: GET /Duluka/v.1.0/State with status 404
2026-10-03T18:21:15.064[D]: Incoming request  #1205: GET /Duluka/v.1.0/State
2026-10-03T18:21:15.065[D]: Response finished #1205: GET /Duluka/v.1.0/State with status 404
2026-10-03T18:21:15.565[D]: Incoming request  #1206: GET /Duluka/v.1.0/State
2026-10-03T18:21:15.566[D]: Response finished #1206: GET /Duluka/v.1.0/State with status 404
2026-10-03T18:21:16.063[D]: Incoming request  #1207: GET /Duluka/v.1.0/State
2026-10-03T18:21:16.063[D]: Response finished #1207: GET /Duluka/v.1.0/State with status 404
2026-10-03T18:21:16.566[D]: Incoming request  #1208: GET /Duluka/v.1.0/State
2026-10-03T18:21:16.566[D]: Response finished #1208: GET /Duluka/v.1.0/State with status 404
2026-10-03T18:21:17.064[D]: Incoming request  #1209: GET /Duluka/v.1.0/State
2026-10-03T18:21:17.064[D]: Response finished #1209: GET /Duluka/v.1.0/State with status 404
2026-10-03T18:21:17.563[D]: Incoming request  #1210: GET /Duluka/v.1.0/State
2026-10-03T18:21:17.564[D]: Response finished #1210: GET /Duluka/v.1.0/State with status 404
2026-10-03T18:21:18.063[D]: Incoming request  #1211: GET /Duluka/v.1.0/State
2026-10-03T18:21:18.064[D]: Response finished #1211: GET /Duluka/v.1.0/State with status 404
2026-10-03T18:21:18.565[D]: Incoming request  #1212: GET /Duluka/v.1.0/State
2026-10-03T18:21:18.566[D]: Response finished #1212: GET /Duluka/v.1.0/State with status 404
2026-10-03T18:21:19.065[D]: Incoming request  #1213: GET /Duluka/v.1.0/State
2026-10-03T18:21:19.065[D]: Response finished #1213: GET /Duluka/v.1.0/State with status 404
2026-10-03T18:21:19.567[D]: Incoming request  #1214: GET /Duluka/v.1.0/State
2026-10-03T18:21:19.568[D]: Response finished #1214: GET /Duluka/v.1.0/State with status 404
2026-10-03T18:21:20.066[D]: Incoming request  #1215: GET /Duluka/v.1.0/State
2026-10-03T18:21:20.067[D]: Response finished #1215: GET /Duluka/v.1.0/State with status 404
2026-10-03T18:21:20.566[D]: Incoming request  #1216: GET /Duluka/v.1.0/State
2026-10-03T18:21:20.567[D]: Response finished #1216: GET /Duluka/v.1.0/State with status 404
2026-10-03T18:21:21.063[D]: Incoming request  #1217: GET /Duluka/v.1.0/State
2026-10-03T18:21:21.063[D]: Response finished #1217: GET /Duluka/v.1.0/State with status 404
2026-10-03T18:21:21.565[D]: Incoming request  #1218: GET /Duluka/v.1.0/State
2026-10-03T18:21:21.567[D]: Response finished #1218: GET /Duluka/v.1.0/State with status 404
2026-10-03T18:21:22.067[D]: Incoming request  #1219: GET /Duluka/v.1.0/State
2026-10-03T18:21:22.068[D]: Response finished #1219: GET /Duluka/v.1.0/State with status 404
2026-10-03T18:21:22.565[D]: Incoming request  #1220: GET /Duluka/v.1.0/State
2026-10-03T18:21:22.566[D]: Response finished #1220: GET /Duluka/v.1.0/State with status 404
2026-10-03T18:21:23.065[D]: Incoming request  #1221: GET /Duluka/v.1.0/State
2026-10-03T18:21:23.065[D]: Response finished #1221: GET /Duluka/v.1.0/State with status 404
2026-10-03T18:21:23.562[D]: Incoming request  #1222: GET /Duluka/v.1.0/State
2026-10-03T18:21:23.564[D]: Response finished #1222: GET /Duluka/v.1.0/State with status 404
2026-10-03T18:21:24.058[D]: Incoming request  #1223: GET /Duluka/v.1.0/State
2026-10-03T18:21:24.058[D]: Response finished #1223: GET /Duluka/v.1.0/State with status 404
2026-10-03T18:21:24.557[D]: Incoming request  #1224: GET /Duluka/v.1.0/State
2026-10-03T18:21:24.558[D]: Response finished #1224: GET /Duluka/v.1.0/State with status 404
2026-10-03T18:21:25.074[D]: Incoming request  #1225: GET /Duluka/v.1.0/State
2026-10-03T18:21:25.076[D]: Response finished #1225: GET /Duluka/v.1.0/State with status 404
2026-10-03T18:21:25.569[D]: Incoming request  #1226: GET /Duluka/v.1.0/State
2026-10-03T18:21:25.569[D]: Response finished #1226: GET /Duluka/v.1.0/State with status 404
2026-10-03T18:21:26.070[D]: Incoming request  #1227: GET /Duluka/v.1.0/State
2026-10-03T18:21:26.070[D]: Response finished #1227: GET /Duluka/v.1.0/State with status 404
2026-10-03T18:21:26.569[D]: Incoming request  #1228: GET /Duluka/v.1.0/State
2026-10-03T18:21:26.570[D]: Response finished #1228: GET /Duluka/v.1.0/State with status 404
2026-10-03T18:21:27.063[D]: Incoming request  #1229: GET /Duluka/v.1.0/State
2026-10-03T18:21:27.065[D]: Response finished #1229: GET /Duluka/v.1.0/State with status 404
2026-10-03T18:21:27.563[D]: Incoming request  #1230: GET /Duluka/v.1.0/State
2026-10-03T18:21:27.563[D]: Response finished #1230: GET /Duluka/v.1.0/State with status 404
2026-10-03T18:21:28.061[D]: Incoming request  #1231: GET /Duluka/v.1.0/State
2026-10-03T18:21:28.062[D]: Response finished #1231: GET /Duluka/v.1.0/State with status 404
2026-10-03T18:21:28.559[D]: Incoming request  #1232: GET /Duluka/v.1.0/State
2026-10-03T18:21:28.560[D]: Response finished #1232: GET /Duluka/v.1.0/State with status 404
2026-10-03T18:21:29.063[D]: Incoming request  #1233: GET /Duluka/v.1.0/State
2026-10-03T18:21:29.063[D]: Response finished #1233: GET /Duluka/v.1.0/State with status 404
2026-10-03T18:21:29.562[D]: Incoming request  #1234: GET /Duluka/v.1.0/State
2026-10-03T18:21:29.563[D]: Response finished #1234: GET /Duluka/v.1.0/State with status 404
2026-10-03T18:21:30.063[D]: Incoming request  #1235: GET /Duluka/v.1.0/State
2026-10-03T18:21:30.063[D]: Response finished #1235: GET /Duluka/v.1.0/State with status 404
2026-10-03T18:21:30.563[D]: Incoming request  #1236: GET /Duluka/v.1.0/State
2026-10-03T18:21:30.564[D]: Response finished #1236: GET /Duluka/v.1.0/State with status 404
2026-10-03T18:21:31.060[D]: Incoming request  #1237: GET /Duluka/v.1.0/State
2026-10-03T18:21:31.062[D]: Response finished #1237: GET /Duluka/v.1.0/State with status 404
2026-10-03T18:21:31.563[D]: Incoming request  #1238: GET /Duluka/v.1.0/State
2026-10-03T18:21:31.564[D]: Response finished #1238: GET /Duluka/v.1.0/State with status 404
2026-10-03T18:21:32.066[D]: Incoming request  #1239: GET /Duluka/v.1.0/State
2026-10-03T18:21:32.067[D]: Response finished #1239: GET /Duluka/v.1.0/State with status 404
2026-10-03T18:21:32.571[D]: Incoming request  #1240: GET /Duluka/v.1.0/State
2026-10-03T18:21:32.572[D]: Response finished #1240: GET /Duluka/v.1.0/State with status 404
2026-10-03T18:21:33.059[D]: Incoming request  #1241: GET /Duluka/v.1.0/State
2026-10-03T18:21:33.059[D]: Response finished #1241: GET /Duluka/v.1.0/State with status 404
2026-10-03T18:21:33.563[D]: Incoming request  #1242: GET /Duluka/v.1.0/State
2026-10-03T18:21:33.564[D]: Response finished #1242: GET /Duluka/v.1.0/State with status 404
2026-10-03T18:21:34.058[D]: Incoming request  #1243: GET /Duluka/v.1.0/State
2026-10-03T18:21:34.059[D]: Response finished #1243: GET /Duluka/v.1.0/State with status 404
2026-10-03T18:21:34.563[D]: Incoming request  #1244: GET /Duluka/v.1.0/State
2026-10-03T18:21:34.563[D]: Response finished #1244: GET /Duluka/v.1.0/State with status 404
2026-10-03T18:21:35.066[D]: Incoming request  #1245: GET /Duluka/v.1.0/State
2026-10-03T18:21:35.068[D]: Response finished #1245: GET /Duluka/v.1.0/State with status 404
2026-10-03T18:21:35.556[D]: Incoming request  #1246: GET /Duluka/v.1.0/State
2026-10-03T18:21:35.557[D]: Response finished #1246: GET /Duluka/v.1.0/State with status 404
2026-10-03T18:21:36.071[D]: Incoming request  #1247: GET /Duluka/v.1.0/State
2026-10-03T18:21:36.071[D]: Response finished #1247: GET /Duluka/v.1.0/State with status 404
2026-10-03T18:21:36.575[D]: Incoming request  #1248: GET /Duluka/v.1.0/State
2026-10-03T18:21:36.576[D]: Response finished #1248: GET /Duluka/v.1.0/State with status 404
2026-10-03T18:21:37.071[D]: Incoming request  #1249: GET /Duluka/v.1.0/State
2026-10-03T18:21:37.072[D]: Response finished #1249: GET /Duluka/v.1.0/State with status 404
2026-10-03T18:21:37.574[D]: Incoming request  #1250: GET /Duluka/v.1.0/State
2026-10-03T18:21:37.576[D]: Response finished #1250: GET /Duluka/v.1.0/State with status 404
2026-10-03T18:21:38.067[D]: Incoming request  #1251: GET /Duluka/v.1.0/State
2026-10-03T18:21:38.067[D]: Response finished #1251: GET /Duluka/v.1.0/State with status 404
2026-10-03T18:21:38.563[D]: Incoming request  #1252: GET /Duluka/v.1.0/State
2026-10-03T18:21:38.565[D]: Response finished #1252: GET /Duluka/v.1.0/State with status 404
2026-10-03T18:21:39.070[D]: Incoming request  #1253: GET /Duluka/v.1.0/State
2026-10-03T18:21:39.071[D]: Response finished #1253: GET /Duluka/v.1.0/State with status 404
2026-10-03T18:21:39.559[D]: Incoming request  #1254: GET /Duluka/v.1.0/State
2026-10-03T18:21:39.559[D]: Response finished #1254: GET /Duluka/v.1.0/State with status 404
2026-10-03T18:21:40.062[D]: Incoming request  #1255: GET /Duluka/v.1.0/State
2026-10-03T18:21:40.063[D]: Response finished #1255: GET /Duluka/v.1.0/State with status 404
2026-10-03T18:21:40.563[D]: Incoming request  #1256: GET /Duluka/v.1.0/State
2026-10-03T18:21:40.563[D]: Response finished #1256: GET /Duluka/v.1.0/State with status 404
2026-10-03T18:21:41.059[D]: Incoming request  #1257: GET /Duluka/v.1.0/State
2026-10-03T18:21:41.060[D]: Response finished #1257: GET /Duluka/v.1.0/State with status 404
2026-10-03T18:21:41.563[D]: Incoming request  #1258: GET /Duluka/v.1.0/State
2026-10-03T18:21:41.563[D]: Response finished #1258: GET /Duluka/v.1.0/State with status 404
2026-10-03T18:21:42.066[D]: Incoming request  #1259: GET /Duluka/v.1.0/State
2026-10-03T18:21:42.067[D]: Response finished #1259: GET /Duluka/v.1.0/State with status 404
2026-10-03T18:21:42.565[D]: Incoming request  #1260: GET /Duluka/v.1.0/State
2026-10-03T18:21:42.565[D]: Response finished #1260: GET /Duluka/v.1.0/State with status 404
2026-10-03T18:21:43.062[D]: Incoming request  #1261: GET /Duluka/v.1.0/State
2026-10-03T18:21:43.062[D]: Response finished #1261: GET /Duluka/v.1.0/State with status 404
2026-10-03T18:21:43.564[D]: Incoming request  #1262: GET /Duluka/v.1.0/State
2026-10-03T18:21:43.565[D]: Response finished #1262: GET /Duluka/v.1.0/State with status 404
2026-10-03T18:21:44.065[D]: Incoming request  #1263: GET /Duluka/v.1.0/State
2026-10-03T18:21:44.065[D]: Response finished #1263: GET /Duluka/v.1.0/State with status 404
2026-10-03T18:21:44.562[D]: Incoming request  #1264: GET /Duluka/v.1.0/State
2026-10-03T18:21:44.563[D]: Response finished #1264: GET /Duluka/v.1.0/State with status 404
2026-10-03T18:21:45.063[D]: Incoming request  #1265: GET /Duluka/v.1.0/State
2026-10-03T18:21:45.063[D]: Response finished #1265: GET /Duluka/v.1.0/State with status 404
2026-10-03T18:21:45.558[D]: Incoming request  #1266: GET /Duluka/v.1.0/State
2026-10-03T18:21:45.559[D]: Response finished #1266: GET /Duluka/v.1.0/State with status 404
2026-10-03T18:21:46.074[D]: Incoming request  #1267: GET /Duluka/v.1.0/State
2026-10-03T18:21:46.076[D]: Response finished #1267: GET /Duluka/v.1.0/State with status 404
2026-10-03T18:21:46.558[D]: Incoming request  #1268: GET /Duluka/v.1.0/State
2026-10-03T18:21:46.558[D]: Response finished #1268: GET /Duluka/v.1.0/State with status 404
2026-10-03T18:21:47.057[D]: Incoming request  #1269: GET /Duluka/v.1.0/State
2026-10-03T18:21:47.057[D]: Response finished #1269: GET /Duluka/v.1.0/State with status 404
2026-10-03T18:21:47.569[D]: Incoming request  #1270: GET /Duluka/v.1.0/State
2026-10-03T18:21:47.570[D]: Response finished #1270: GET /Duluka/v.1.0/State with status 404
2026-10-03T18:21:48.067[D]: Incoming request  #1271: GET /Duluka/v.1.0/State
2026-10-03T18:21:48.067[D]: Response finished #1271: GET /Duluka/v.1.0/State with status 404
2026-10-03T18:21:48.565[D]: Incoming request  #1272: GET /Duluka/v.1.0/State
2026-10-03T18:21:48.567[D]: Response finished #1272: GET /Duluka/v.1.0/State with status 404
2026-10-03T18:21:49.067[D]: Incoming request  #1273: GET /Duluka/v.1.0/State
2026-10-03T18:21:49.067[D]: Response finished #1273: GET /Duluka/v.1.0/State with status 404
2026-10-03T18:21:49.567[D]: Incoming request  #1274: GET /Duluka/v.1.0/State
2026-10-03T18:21:49.568[D]: Response finished #1274: GET /Duluka/v.1.0/State with status 404
2026-10-03T18:21:50.064[D]: Incoming request  #1275: GET /Duluka/v.1.0/State
2026-10-03T18:21:50.064[D]: Response finished #1275: GET /Duluka/v.1.0/State with status 404
2026-10-03T18:21:50.812[D]: Incoming request  #1276: GET /Duluka/v.1.0/State
2026-10-03T18:21:51.003[D]: Response finished #1276: GET /Duluka/v.1.0/State with status 404
2026-10-03T18:21:51.085[D]: Incoming request  #1277: GET /Duluka/v.1.0/State
2026-10-03T18:21:51.099[D]: Response finished #1277: GET /Duluka/v.1.0/State with status 404
2026-10-03T18:21:51.577[D]: Incoming request  #1278: GET /Duluka/v.1.0/State
2026-10-03T18:21:51.579[D]: Response finished #1278: GET /Duluka/v.1.0/State with status 404
2026-10-03T18:21:52.067[D]: Incoming request  #1279: GET /Duluka/v.1.0/State
2026-10-03T18:21:52.068[D]: Response finished #1279: GET /Duluka/v.1.0/State with status 404
2026-10-03T18:21:52.572[D]: Incoming request  #1280: GET /Duluka/v.1.0/State
2026-10-03T18:21:52.573[D]: Response finished #1280: GET /Duluka/v.1.0/State with status 404
2026-10-03T18:21:53.060[D]: Incoming request  #1281: GET /Duluka/v.1.0/State
2026-10-03T18:21:53.060[D]: Response finished #1281: GET /Duluka/v.1.0/State with status 404
2026-10-03T18:21:53.572[D]: Incoming request  #1282: GET /Duluka/v.1.0/State
2026-10-03T18:21:53.573[D]: Response finished #1282: GET /Duluka/v.1.0/State with status 404
2026-10-03T18:21:54.069[D]: Incoming request  #1283: GET /Duluka/v.1.0/State
2026-10-03T18:21:54.070[D]: Response finished #1283: GET /Duluka/v.1.0/State with status 404
2026-10-03T18:21:54.560[D]: Incoming request  #1284: GET /Duluka/v.1.0/State
2026-10-03T18:21:54.560[D]: Response finished #1284: GET /Duluka/v.1.0/State with status 404
2026-10-03T18:21:55.063[D]: Incoming request  #1285: GET /Duluka/v.1.0/State
2026-10-03T18:21:55.064[D]: Response finished #1285: GET /Duluka/v.1.0/State with status 404
2026-10-03T18:21:55.566[D]: Incoming request  #1286: GET /Duluka/v.1.0/State
2026-10-03T18:21:55.567[D]: Response finished #1286: GET /Duluka/v.1.0/State with status 404
2026-10-03T18:21:56.066[D]: Incoming request  #1287: GET /Duluka/v.1.0/State
2026-10-03T18:21:56.066[D]: Response finished #1287: GET /Duluka/v.1.0/State with status 404
2026-10-03T18:21:56.563[D]: Incoming request  #1288: GET /Duluka/v.1.0/State
2026-10-03T18:21:56.564[D]: Response finished #1288: GET /Duluka/v.1.0/State with status 404
2026-10-03T18:21:57.060[D]: Incoming request  #1289: GET /Duluka/v.1.0/State
2026-10-03T18:21:57.061[D]: Response finished #1289: GET /Duluka/v.1.0/State with status 404
2026-10-03T18:21:57.562[D]: Incoming request  #1290: GET /Duluka/v.1.0/State
2026-10-03T18:21:57.563[D]: Response finished #1290: GET /Duluka/v.1.0/State with status 404
2026-10-03T18:21:58.066[D]: Incoming request  #1291: GET /Duluka/v.1.0/State
2026-10-03T18:21:58.066[D]: Response finished #1291: GET /Duluka/v.1.0/State with status 404
2026-10-03T18:21:58.567[D]: Incoming request  #1292: GET /Duluka/v.1.0/State
2026-10-03T18:21:58.568[D]: Response finished #1292: GET /Duluka/v.1.0/State with status 404
2026-10-03T18:21:59.058[D]: Incoming request  #1293: GET /Duluka/v.1.0/State
2026-10-03T18:21:59.060[D]: Response finished #1293: GET /Duluka/v.1.0/State with status 404
2026-10-03T18:21:59.560[D]: Incoming request  #1294: GET /Duluka/v.1.0/State
2026-10-03T18:21:59.560[D]: Response finished #1294: GET /Duluka/v.1.0/State with status 404
2026-10-03T18:22:00.059[D]: Incoming request  #1295: GET /Duluka/v.1.0/State
2026-10-03T18:22:00.061[D]: Response finished #1295: GET /Duluka/v.1.0/State with status 404
2026-10-03T18:22:00.560[D]: Incoming request  #1296: GET /Duluka/v.1.0/State
2026-10-03T18:22:00.561[D]: Response finished #1296: GET /Duluka/v.1.0/State with status 404
2026-10-03T18:22:01.064[D]: Incoming request  #1297: GET /Duluka/v.1.0/State
2026-10-03T18:22:01.064[D]: Response finished #1297: GET /Duluka/v.1.0/State with status 404
2026-10-03T18:22:01.566[D]: Incoming request  #1298: GET /Duluka/v.1.0/State
2026-10-03T18:22:01.566[D]: Response finished #1298: GET /Duluka/v.1.0/State with status 404
2026-10-03T18:22:02.066[D]: Incoming request  #1299: GET /Duluka/v.1.0/State
2026-10-03T18:22:02.066[D]: Response finished #1299: GET /Duluka/v.1.0/State with status 404
2026-10-03T18:22:02.564[D]: Incoming request  #1300: GET /Duluka/v.1.0/State
2026-10-03T18:22:02.565[D]: Response finished #1300: GET /Duluka/v.1.0/State with status 404
2026-10-03T18:22:03.064[D]: Incoming request  #1301: GET /Duluka/v.1.0/State
2026-10-03T18:22:03.065[D]: Response finished #1301: GET /Duluka/v.1.0/State with status 404
2026-10-03T18:22:03.565[D]: Incoming request  #1302: GET /Duluka/v.1.0/State
2026-10-03T18:22:03.566[D]: Response finished #1302: GET /Duluka/v.1.0/State with status 404
2026-10-03T18:22:04.062[D]: Incoming request  #1303: GET /Duluka/v.1.0/State
2026-10-03T18:22:04.063[D]: Response finished #1303: GET /Duluka/v.1.0/State with status 404
2026-10-03T18:22:04.560[D]: Incoming request  #1304: GET /Duluka/v.1.0/State
2026-10-03T18:22:04.560[D]: Response finished #1304: GET /Duluka/v.1.0/State with status 404
2026-10-03T18:22:05.059[D]: Incoming request  #1305: GET /Duluka/v.1.0/State
2026-10-03T18:22:05.059[D]: Response finished #1305: GET /Duluka/v.1.0/State with status 404
2026-10-03T18:22:05.557[D]: Incoming request  #1306: GET /Duluka/v.1.0/State
2026-10-03T18:22:05.557[D]: Response finished #1306: GET /Duluka/v.1.0/State with status 404
2026-10-03T18:22:06.058[D]: Incoming request  #1307: GET /Duluka/v.1.0/State
2026-10-03T18:22:06.059[D]: Response finished #1307: GET /Duluka/v.1.0/State with status 404
2026-10-03T18:22:06.571[D]: Incoming request  #1308: GET /Duluka/v.1.0/State
2026-10-03T18:22:06.571[D]: Response finished #1308: GET /Duluka/v.1.0/State with status 404
2026-10-03T18:22:07.071[D]: Incoming request  #1309: GET /Duluka/v.1.0/State
2026-10-03T18:22:07.073[D]: Response finished #1309: GET /Duluka/v.1.0/State with status 404
2026-10-03T18:22:07.557[D]: Incoming request  #1310: GET /Duluka/v.1.0/State
2026-10-03T18:22:07.557[D]: Response finished #1310: GET /Duluka/v.1.0/State with status 404
2026-10-03T18:22:08.070[D]: Incoming request  #1311: GET /Duluka/v.1.0/State
2026-10-03T18:22:08.070[D]: Response finished #1311: GET /Duluka/v.1.0/State with status 404
2026-10-03T18:22:08.557[D]: Incoming request  #1312: GET /Duluka/v.1.0/State
2026-10-03T18:22:08.558[D]: Response finished #1312: GET /Duluka/v.1.0/State with status 404
2026-10-03T18:22:09.069[D]: Incoming request  #1313: GET /Duluka/v.1.0/State
2026-10-03T18:22:09.070[D]: Response finished #1313: GET /Duluka/v.1.0/State with status 404
2026-10-03T18:22:09.564[D]: Incoming request  #1314: GET /Duluka/v.1.0/State
2026-10-03T18:22:09.565[D]: Response finished #1314: GET /Duluka/v.1.0/State with status 404
2026-10-03T18:22:10.065[D]: Incoming request  #1315: GET /Duluka/v.1.0/State
2026-10-03T18:22:10.065[D]: Response finished #1315: GET /Duluka/v.1.0/State with status 404
2026-10-03T18:22:10.563[D]: Incoming request  #1316: GET /Duluka/v.1.0/State
2026-10-03T18:22:10.566[D]: Response finished #1316: GET /Duluka/v.1.0/State with status 404
2026-10-03T18:22:11.063[D]: Incoming request  #1317: GET /Duluka/v.1.0/State
2026-10-03T18:22:11.065[D]: Response finished #1317: GET /Duluka/v.1.0/State with status 404
2026-10-03T18:22:11.563[D]: Incoming request  #1318: GET /Duluka/v.1.0/State
2026-10-03T18:22:11.565[D]: Response finished #1318: GET /Duluka/v.1.0/State with status 404
2026-10-03T18:22:12.072[D]: Incoming request  #1319: GET /Duluka/v.1.0/State
2026-10-03T18:22:12.074[D]: Response finished #1319: GET /Duluka/v.1.0/State with status 404
2026-10-03T18:22:12.559[D]: Incoming request  #1320: GET /Duluka/v.1.0/State
2026-10-03T18:22:12.560[D]: Response finished #1320: GET /Duluka/v.1.0/State with status 404
2026-10-03T18:22:13.057[D]: Incoming request  #1321: GET /Duluka/v.1.0/State
2026-10-03T18:22:13.058[D]: Response finished #1321: GET /Duluka/v.1.0/State with status 404
2026-10-03T18:22:13.571[D]: Incoming request  #1322: GET /Duluka/v.1.0/State
2026-10-03T18:22:13.571[D]: Response finished #1322: GET /Duluka/v.1.0/State with status 404
2026-10-03T18:22:14.069[D]: Incoming request  #1323: GET /Duluka/v.1.0/State
2026-10-03T18:22:14.070[D]: Response finished #1323: GET /Duluka/v.1.0/State with status 404
2026-10-03T18:22:14.568[D]: Incoming request  #1324: GET /Duluka/v.1.0/State
2026-10-03T18:22:14.568[D]: Response finished #1324: GET /Duluka/v.1.0/State with status 404
2026-10-03T18:22:15.066[D]: Incoming request  #1325: GET /Duluka/v.1.0/State
2026-10-03T18:22:15.066[D]: Response finished #1325: GET /Duluka/v.1.0/State with status 404
2026-10-03T18:22:15.563[D]: Incoming request  #1326: GET /Duluka/v.1.0/State
2026-10-03T18:22:15.564[D]: Response finished #1326: GET /Duluka/v.1.0/State with status 404
2026-10-03T18:22:16.064[D]: Incoming request  #1327: GET /Duluka/v.1.0/State
2026-10-03T18:22:16.066[D]: Response finished #1327: GET /Duluka/v.1.0/State with status 404
2026-10-03T18:22:16.565[D]: Incoming request  #1328: GET /Duluka/v.1.0/State
2026-10-03T18:22:16.567[D]: Response finished #1328: GET /Duluka/v.1.0/State with status 404
2026-10-03T18:22:17.068[D]: Incoming request  #1329: GET /Duluka/v.1.0/State
2026-10-03T18:22:17.069[D]: Response finished #1329: GET /Duluka/v.1.0/State with status 404
2026-10-03T18:22:17.565[D]: Incoming request  #1330: GET /Duluka/v.1.0/State
2026-10-03T18:22:17.566[D]: Response finished #1330: GET /Duluka/v.1.0/State with status 404
2026-10-03T18:22:18.061[D]: Incoming request  #1331: GET /Duluka/v.1.0/State
2026-10-03T18:22:18.061[D]: Response finished #1331: GET /Duluka/v.1.0/State with status 404
2026-10-03T18:22:18.570[D]: Incoming request  #1332: GET /Duluka/v.1.0/State
2026-10-03T18:22:18.577[D]: Response finished #1332: GET /Duluka/v.1.0/State with status 404
2026-10-03T18:22:19.073[D]: Incoming request  #1333: GET /Duluka/v.1.0/State
2026-10-03T18:22:19.074[D]: Response finished #1333: GET /Duluka/v.1.0/State with status 404
2026-10-03T18:22:19.572[D]: Incoming request  #1334: GET /Duluka/v.1.0/State
2026-10-03T18:22:19.572[D]: Response finished #1334: GET /Duluka/v.1.0/State with status 404
2026-10-03T18:22:20.070[D]: Incoming request  #1335: GET /Duluka/v.1.0/State
2026-10-03T18:22:20.071[D]: Response finished #1335: GET /Duluka/v.1.0/State with status 404
2026-10-03T18:22:20.570[D]: Incoming request  #1336: GET /Duluka/v.1.0/State
2026-10-03T18:22:20.570[D]: Response finished #1336: GET /Duluka/v.1.0/State with status 404
2026-10-03T18:22:21.068[D]: Incoming request  #1337: GET /Duluka/v.1.0/State
2026-10-03T18:22:21.069[D]: Response finished #1337: GET /Duluka/v.1.0/State with status 404
2026-10-03T18:22:21.566[D]: Incoming request  #1338: GET /Duluka/v.1.0/State
2026-10-03T18:22:21.567[D]: Response finished #1338: GET /Duluka/v.1.0/State with status 404
2026-10-03T18:22:22.063[D]: Incoming request  #1339: GET /Duluka/v.1.0/State
2026-10-03T18:22:22.063[D]: Response finished #1339: GET /Duluka/v.1.0/State with status 404
2026-10-03T18:22:22.563[D]: Incoming request  #1340: GET /Duluka/v.1.0/State
2026-10-03T18:22:22.563[D]: Response finished #1340: GET /Duluka/v.1.0/State with status 404
2026-10-03T18:22:23.062[D]: Incoming request  #1341: GET /Duluka/v.1.0/State
2026-10-03T18:22:23.063[D]: Response finished #1341: GET /Duluka/v.1.0/State with status 404
2026-10-03T18:22:23.560[D]: Incoming request  #1342: GET /Duluka/v.1.0/State
2026-10-03T18:22:23.560[D]: Response finished #1342: GET /Duluka/v.1.0/State with status 404
2026-10-03T18:22:24.059[D]: Incoming request  #1343: GET /Duluka/v.1.0/State
2026-10-03T18:22:24.059[D]: Response finished #1343: GET /Duluka/v.1.0/State with status 404
2026-10-03T18:22:24.560[D]: Incoming request  #1344: GET /Duluka/v.1.0/State
2026-10-03T18:22:24.560[D]: Response finished #1344: GET /Duluka/v.1.0/State with status 404
2026-10-03T18:22:25.059[D]: Incoming request  #1345: GET /Duluka/v.1.0/State
2026-10-03T18:22:25.059[D]: Response finished #1345: GET /Duluka/v.1.0/State with status 404
2026-10-03T18:22:25.563[D]: Incoming request  #1346: GET /Duluka/v.1.0/State
2026-10-03T18:22:25.563[D]: Response finished #1346: GET /Duluka/v.1.0/State with status 404
2026-10-03T18:22:26.068[D]: Incoming request  #1347: GET /Duluka/v.1.0/State
2026-10-03T18:22:26.068[D]: Response finished #1347: GET /Duluka/v.1.0/State with status 404
2026-10-03T18:22:26.568[D]: Incoming request  #1348: GET /Duluka/v.1.0/State
2026-10-03T18:22:26.568[D]: Response finished #1348: GET /Duluka/v.1.0/State with status 404
2026-10-03T18:22:27.067[D]: Incoming request  #1349: GET /Duluka/v.1.0/State
2026-10-03T18:22:27.068[D]: Response finished #1349: GET /Duluka/v.1.0/State with status 404
2026-10-03T18:22:27.568[D]: Incoming request  #1350: GET /Duluka/v.1.0/State
2026-10-03T18:22:27.568[D]: Response finished #1350: GET /Duluka/v.1.0/State with status 404
2026-10-03T18:22:28.070[D]: Incoming request  #1351: GET /Duluka/v.1.0/State
2026-10-03T18:22:28.071[D]: Response finished #1351: GET /Duluka/v.1.0/State with status 404
2026-10-03T18:22:28.570[D]: Incoming request  #1352: GET /Duluka/v.1.0/State
2026-10-03T18:22:28.573[D]: Response finished #1352: GET /Duluka/v.1.0/State with status 404
2026-10-03T18:22:29.057[D]: Incoming request  #1353: GET /Duluka/v.1.0/State
2026-10-03T18:22:29.057[D]: Response finished #1353: GET /Duluka/v.1.0/State with status 404
2026-10-03T18:22:29.560[D]: Incoming request  #1354: GET /Duluka/v.1.0/State
2026-10-03T18:22:29.561[D]: Response finished #1354: GET /Duluka/v.1.0/State with status 404
2026-10-03T18:22:30.060[D]: Incoming request  #1355: GET /Duluka/v.1.0/State
2026-10-03T18:22:30.060[D]: Response finished #1355: GET /Duluka/v.1.0/State with status 404
2026-10-03T18:22:30.560[D]: Incoming request  #1356: GET /Duluka/v.1.0/State
2026-10-03T18:22:30.560[D]: Response finished #1356: GET /Duluka/v.1.0/State with status 404
2026-10-03T18:22:31.061[D]: Incoming request  #1357: GET /Duluka/v.1.0/State
2026-10-03T18:22:31.063[D]: Response finished #1357: GET /Duluka/v.1.0/State with status 404
2026-10-03T18:22:31.561[D]: Incoming request  #1358: GET /Duluka/v.1.0/State
2026-10-03T18:22:31.562[D]: Response finished #1358: GET /Duluka/v.1.0/State with status 404
2026-10-03T18:22:32.065[D]: Incoming request  #1359: GET /Duluka/v.1.0/State
2026-10-03T18:22:32.066[D]: Response finished #1359: GET /Duluka/v.1.0/State with status 404
2026-10-03T18:22:32.569[D]: Incoming request  #1360: GET /Duluka/v.1.0/State
2026-10-03T18:22:32.570[D]: Response finished #1360: GET /Duluka/v.1.0/State with status 404
2026-10-03T18:22:33.072[D]: Incoming request  #1361: GET /Duluka/v.1.0/State
2026-10-03T18:22:33.072[D]: Response finished #1361: GET /Duluka/v.1.0/State with status 404
2026-10-03T18:22:33.570[D]: Incoming request  #1362: GET /Duluka/v.1.0/State
2026-10-03T18:22:33.571[D]: Response finished #1362: GET /Duluka/v.1.0/State with status 404
2026-10-03T18:22:34.069[D]: Incoming request  #1363: GET /Duluka/v.1.0/State
2026-10-03T18:22:34.070[D]: Response finished #1363: GET /Duluka/v.1.0/State with status 404
2026-10-03T18:22:34.558[D]: Incoming request  #1364: GET /Duluka/v.1.0/State
2026-10-03T18:22:34.559[D]: Response finished #1364: GET /Duluka/v.1.0/State with status 404
2026-10-03T18:22:35.063[D]: Incoming request  #1365: GET /Duluka/v.1.0/State
2026-10-03T18:22:35.063[D]: Response finished #1365: GET /Duluka/v.1.0/State with status 404
2026-10-03T18:22:35.566[D]: Incoming request  #1366: GET /Duluka/v.1.0/State
2026-10-03T18:22:35.567[D]: Response finished #1366: GET /Duluka/v.1.0/State with status 404
2026-10-03T18:22:36.067[D]: Incoming request  #1367: GET /Duluka/v.1.0/State
2026-10-03T18:22:36.068[D]: Response finished #1367: GET /Duluka/v.1.0/State with status 404
2026-10-03T18:22:36.571[D]: Incoming request  #1368: GET /Duluka/v.1.0/State
2026-10-03T18:22:36.572[D]: Response finished #1368: GET /Duluka/v.1.0/State with status 404
2026-10-03T18:22:37.057[D]: Incoming request  #1369: GET /Duluka/v.1.0/State
2026-10-03T18:22:37.058[D]: Response finished #1369: GET /Duluka/v.1.0/State with status 404
2026-10-03T18:22:37.560[D]: Incoming request  #1370: GET /Duluka/v.1.0/State
2026-10-03T18:22:37.561[D]: Response finished #1370: GET /Duluka/v.1.0/State with status 404
2026-10-03T18:22:38.063[D]: Incoming request  #1371: GET /Duluka/v.1.0/State
2026-10-03T18:22:38.063[D]: Response finished #1371: GET /Duluka/v.1.0/State with status 404
2026-10-03T18:22:38.566[D]: Incoming request  #1372: GET /Duluka/v.1.0/State
2026-10-03T18:22:38.566[D]: Response finished #1372: GET /Duluka/v.1.0/State with status 404
2026-10-03T18:22:39.066[D]: Incoming request  #1373: GET /Duluka/v.1.0/State
2026-10-03T18:22:39.066[D]: Response finished #1373: GET /Duluka/v.1.0/State with status 404
2026-10-03T18:22:39.568[D]: Incoming request  #1374: GET /Duluka/v.1.0/State
2026-10-03T18:22:39.568[D]: Response finished #1374: GET /Duluka/v.1.0/State with status 404
2026-10-03T18:22:40.070[D]: Incoming request  #1375: GET /Duluka/v.1.0/State
2026-10-03T18:22:40.072[D]: Response finished #1375: GET /Duluka/v.1.0/State with status 404
2026-10-03T18:22:40.570[D]: Incoming request  #1376: GET /Duluka/v.1.0/State
2026-10-03T18:22:40.571[D]: Response finished #1376: GET /Duluka/v.1.0/State with status 404
2026-10-03T18:22:41.070[D]: Incoming request  #1377: GET /Duluka/v.1.0/State
2026-10-03T18:22:41.071[D]: Response finished #1377: GET /Duluka/v.1.0/State with status 404
2026-10-03T18:22:41.570[D]: Incoming request  #1378: GET /Duluka/v.1.0/State
2026-10-03T18:22:41.571[D]: Response finished #1378: GET /Duluka/v.1.0/State with status 404
2026-10-03T18:22:42.071[D]: Incoming request  #1379: GET /Duluka/v.1.0/State
2026-10-03T18:22:42.071[D]: Response finished #1379: GET /Duluka/v.1.0/State with status 404
2026-10-03T18:22:42.557[D]: Incoming request  #1380: GET /Duluka/v.1.0/State
2026-10-03T18:22:42.558[D]: Response finished #1380: GET /Duluka/v.1.0/State with status 404
2026-10-03T18:22:43.060[D]: Incoming request  #1381: GET /Duluka/v.1.0/State
2026-10-03T18:22:43.062[D]: Response finished #1381: GET /Duluka/v.1.0/State with status 404
2026-10-03T18:22:43.567[D]: Incoming request  #1382: GET /Duluka/v.1.0/State
2026-10-03T18:22:43.568[D]: Response finished #1382: GET /Duluka/v.1.0/State with status 404
2026-10-03T18:22:44.066[D]: Incoming request  #1383: GET /Duluka/v.1.0/State
2026-10-03T18:22:44.066[D]: Response finished #1383: GET /Duluka/v.1.0/State with status 404
2026-10-03T18:22:44.565[D]: Incoming request  #1384: GET /Duluka/v.1.0/State
2026-10-03T18:22:44.566[D]: Response finished #1384: GET /Duluka/v.1.0/State with status 404
2026-10-03T18:22:45.063[D]: Incoming request  #1385: GET /Duluka/v.1.0/State
2026-10-03T18:22:45.064[D]: Response finished #1385: GET /Duluka/v.1.0/State with status 404
2026-10-03T18:22:45.564[D]: Incoming request  #1386: GET /Duluka/v.1.0/State
2026-10-03T18:22:45.566[D]: Response finished #1386: GET /Duluka/v.1.0/State with status 404
2026-10-03T18:22:46.063[D]: Incoming request  #1387: GET /Duluka/v.1.0/State
2026-10-03T18:22:46.064[D]: Response finished #1387: GET /Duluka/v.1.0/State with status 404
2026-10-03T18:22:46.563[D]: Incoming request  #1388: GET /Duluka/v.1.0/State
2026-10-03T18:22:46.563[D]: Response finished #1388: GET /Duluka/v.1.0/State with status 404
2026-10-03T18:22:47.065[D]: Incoming request  #1389: GET /Duluka/v.1.0/State
2026-10-03T18:22:47.065[D]: Response finished #1389: GET /Duluka/v.1.0/State with status 404
2026-10-03T18:22:47.564[D]: Incoming request  #1390: GET /Duluka/v.1.0/State
2026-10-03T18:22:47.564[D]: Response finished #1390: GET /Duluka/v.1.0/State with status 404
2026-10-03T18:22:48.064[D]: Incoming request  #1391: GET /Duluka/v.1.0/State
2026-10-03T18:22:48.064[D]: Response finished #1391: GET /Duluka/v.1.0/State with status 404
2026-10-03T18:22:48.563[D]: Incoming request  #1392: GET /Duluka/v.1.0/State
2026-10-03T18:22:48.563[D]: Response finished #1392: GET /Duluka/v.1.0/State with status 404
2026-10-03T18:22:49.066[D]: Incoming request  #1393: GET /Duluka/v.1.0/State
2026-10-03T18:22:49.067[D]: Response finished #1393: GET /Duluka/v.1.0/State with status 404
2026-10-03T18:22:49.563[D]: Incoming request  #1394: GET /Duluka/v.1.0/State
2026-10-03T18:22:49.566[D]: Response finished #1394: GET /Duluka/v.1.0/State with status 404
2026-10-03T18:22:50.063[D]: Incoming request  #1395: GET /Duluka/v.1.0/State
2026-10-03T18:22:50.064[D]: Response finished #1395: GET /Duluka/v.1.0/State with status 404
2026-10-03T18:22:50.563[D]: Incoming request  #1396: GET /Duluka/v.1.0/State
2026-10-03T18:22:50.565[D]: Response finished #1396: GET /Duluka/v.1.0/State with status 404
2026-10-03T18:22:51.059[D]: Incoming request  #1397: GET /Duluka/v.1.0/State
2026-10-03T18:22:51.061[D]: Response finished #1397: GET /Duluka/v.1.0/State with status 404
2026-10-03T18:22:51.561[D]: Incoming request  #1398: GET /Duluka/v.1.0/State
2026-10-03T18:22:51.564[D]: Response finished #1398: GET /Duluka/v.1.0/State with status 404
2026-10-03T18:22:52.063[D]: Incoming request  #1399: GET /Duluka/v.1.0/State
2026-10-03T18:22:52.066[D]: Response finished #1399: GET /Duluka/v.1.0/State with status 404
2026-10-03T18:22:52.563[D]: Incoming request  #1400: GET /Duluka/v.1.0/State
2026-10-03T18:22:52.563[D]: Response finished #1400: GET /Duluka/v.1.0/State with status 404
2026-10-03T18:22:53.075[D]: Incoming request  #1401: GET /Duluka/v.1.0/State
2026-10-03T18:22:53.078[D]: Response finished #1401: GET /Duluka/v.1.0/State with status 404
2026-10-03T18:22:53.638[D]: Incoming request  #1402: GET /Duluka/v.1.0/State
2026-10-03T18:22:53.640[D]: Response finished #1402: GET /Duluka/v.1.0/State with status 404
2026-10-03T18:22:54.060[D]: Incoming request  #1403: GET /Duluka/v.1.0/State
2026-10-03T18:22:54.062[D]: Response finished #1403: GET /Duluka/v.1.0/State with status 404
2026-10-03T18:22:54.560[D]: Incoming request  #1404: GET /Duluka/v.1.0/State
2026-10-03T18:22:54.561[D]: Response finished #1404: GET /Duluka/v.1.0/State with status 404
2026-10-03T18:22:55.061[D]: Incoming request  #1405: GET /Duluka/v.1.0/State
2026-10-03T18:22:55.063[D]: Response finished #1405: GET /Duluka/v.1.0/State with status 404
2026-10-03T18:22:55.562[D]: Incoming request  #1406: GET /Duluka/v.1.0/State
2026-10-03T18:22:55.563[D]: Response finished #1406: GET /Duluka/v.1.0/State with status 404
2026-10-03T18:22:56.062[D]: Incoming request  #1407: GET /Duluka/v.1.0/State
2026-10-03T18:22:56.063[D]: Response finished #1407: GET /Duluka/v.1.0/State with status 404
2026-10-03T18:22:56.567[D]: Incoming request  #1408: GET /Duluka/v.1.0/State
2026-10-03T18:22:56.568[D]: Response finished #1408: GET /Duluka/v.1.0/State with status 404
2026-10-03T18:22:57.063[D]: Incoming request  #1409: GET /Duluka/v.1.0/State
2026-10-03T18:22:57.063[D]: Response finished #1409: GET /Duluka/v.1.0/State with status 404
2026-10-03T18:22:57.562[D]: Incoming request  #1410: GET /Duluka/v.1.0/State
2026-10-03T18:22:57.562[D]: Response finished #1410: GET /Duluka/v.1.0/State with status 404
2026-10-03T18:22:58.061[D]: Incoming request  #1411: GET /Duluka/v.1.0/State
2026-10-03T18:22:58.062[D]: Response finished #1411: GET /Duluka/v.1.0/State with status 404
2026-10-03T18:22:58.559[D]: Incoming request  #1412: GET /Duluka/v.1.0/State
2026-10-03T18:22:58.560[D]: Response finished #1412: GET /Duluka/v.1.0/State with status 404
2026-10-03T18:22:59.072[D]: Incoming request  #1413: GET /Duluka/v.1.0/State
2026-10-03T18:22:59.073[D]: Response finished #1413: GET /Duluka/v.1.0/State with status 404
2026-10-03T18:22:59.571[D]: Incoming request  #1414: GET /Duluka/v.1.0/State
2026-10-03T18:22:59.572[D]: Response finished #1414: GET /Duluka/v.1.0/State with status 404
2026-10-03T18:23:00.070[D]: Incoming request  #1415: GET /Duluka/v.1.0/State
2026-10-03T18:23:00.072[D]: Response finished #1415: GET /Duluka/v.1.0/State with status 404
2026-10-03T18:23:00.570[D]: Incoming request  #1416: GET /Duluka/v.1.0/State
2026-10-03T18:23:00.570[D]: Response finished #1416: GET /Duluka/v.1.0/State with status 404
2026-10-03T18:23:01.058[D]: Incoming request  #1417: GET /Duluka/v.1.0/State
2026-10-03T18:23:01.058[D]: Response finished #1417: GET /Duluka/v.1.0/State with status 404
2026-10-03T18:23:01.564[D]: Incoming request  #1418: GET /Duluka/v.1.0/State
2026-10-03T18:23:01.564[D]: Response finished #1418: GET /Duluka/v.1.0/State with status 404
2026-10-03T18:23:02.064[D]: Incoming request  #1419: GET /Duluka/v.1.0/State
2026-10-03T18:23:02.064[D]: Response finished #1419: GET /Duluka/v.1.0/State with status 404
2026-10-03T18:23:02.566[D]: Incoming request  #1420: GET /Duluka/v.1.0/State
2026-10-03T18:23:02.566[D]: Response finished #1420: GET /Duluka/v.1.0/State with status 404
2026-10-03T18:23:03.070[D]: Incoming request  #1421: GET /Duluka/v.1.0/State
2026-10-03T18:23:03.071[D]: Response finished #1421: GET /Duluka/v.1.0/State with status 404
2026-10-03T18:23:03.568[D]: Incoming request  #1422: GET /Duluka/v.1.0/State
2026-10-03T18:23:03.569[D]: Response finished #1422: GET /Duluka/v.1.0/State with status 404
2026-10-03T18:23:04.071[D]: Incoming request  #1423: GET /Duluka/v.1.0/State
2026-10-03T18:23:04.071[D]: Response finished #1423: GET /Duluka/v.1.0/State with status 404
2026-10-03T18:23:04.571[D]: Incoming request  #1424: GET /Duluka/v.1.0/State
2026-10-03T18:23:04.571[D]: Response finished #1424: GET /Duluka/v.1.0/State with status 404
2026-10-03T18:23:05.073[D]: Incoming request  #1425: GET /Duluka/v.1.0/State
2026-10-03T18:23:05.073[D]: Response finished #1425: GET /Duluka/v.1.0/State with status 404
2026-10-03T18:23:05.562[D]: Incoming request  #1426: GET /Duluka/v.1.0/State
2026-10-03T18:23:05.563[D]: Response finished #1426: GET /Duluka/v.1.0/State with status 404
2026-10-03T18:23:06.061[D]: Incoming request  #1427: GET /Duluka/v.1.0/State
2026-10-03T18:23:06.061[D]: Response finished #1427: GET /Duluka/v.1.0/State with status 404
2026-10-03T18:23:06.563[D]: Incoming request  #1428: GET /Duluka/v.1.0/State
2026-10-03T18:23:06.563[D]: Response finished #1428: GET /Duluka/v.1.0/State with status 404
2026-10-03T18:23:07.063[D]: Incoming request  #1429: GET /Duluka/v.1.0/State
2026-10-03T18:23:07.065[D]: Response finished #1429: GET /Duluka/v.1.0/State with status 404
2026-10-03T18:23:07.561[D]: Incoming request  #1430: GET /Duluka/v.1.0/State
2026-10-03T18:23:07.561[D]: Response finished #1430: GET /Duluka/v.1.0/State with status 404
2026-10-03T18:23:08.059[D]: Incoming request  #1431: GET /Duluka/v.1.0/State
2026-10-03T18:23:08.059[D]: Response finished #1431: GET /Duluka/v.1.0/State with status 404
2026-10-03T18:23:08.561[D]: Incoming request  #1432: GET /Duluka/v.1.0/State
2026-10-03T18:23:08.561[D]: Response finished #1432: GET /Duluka/v.1.0/State with status 404
2026-10-03T18:23:09.063[D]: Incoming request  #1433: GET /Duluka/v.1.0/State
2026-10-03T18:23:09.063[D]: Response finished #1433: GET /Duluka/v.1.0/State with status 404
2026-10-03T18:23:09.565[D]: Incoming request  #1434: GET /Duluka/v.1.0/State
2026-10-03T18:23:09.567[D]: Response finished #1434: GET /Duluka/v.1.0/State with status 404
2026-10-03T18:23:10.061[D]: Incoming request  #1435: GET /Duluka/v.1.0/State
2026-10-03T18:23:10.062[D]: Response finished #1435: GET /Duluka/v.1.0/State with status 404
2026-10-03T18:23:10.561[D]: Incoming request  #1436: GET /Duluka/v.1.0/State
2026-10-03T18:23:10.562[D]: Response finished #1436: GET /Duluka/v.1.0/State with status 404
2026-10-03T18:23:11.060[D]: Incoming request  #1437: GET /Duluka/v.1.0/State
2026-10-03T18:23:11.060[D]: Response finished #1437: GET /Duluka/v.1.0/State with status 404
2026-10-03T18:23:11.558[D]: Incoming request  #1438: GET /Duluka/v.1.0/State
2026-10-03T18:23:11.559[D]: Response finished #1438: GET /Duluka/v.1.0/State with status 404
2026-10-03T18:23:12.058[D]: Incoming request  #1439: GET /Duluka/v.1.0/State
2026-10-03T18:23:12.058[D]: Response finished #1439: GET /Duluka/v.1.0/State with status 404
2026-10-03T18:23:12.557[D]: Incoming request  #1440: GET /Duluka/v.1.0/State
2026-10-03T18:23:12.557[D]: Response finished #1440: GET /Duluka/v.1.0/State with status 404
2026-10-03T18:23:13.071[D]: Incoming request  #1441: GET /Duluka/v.1.0/State
2026-10-03T18:23:13.072[D]: Response finished #1441: GET /Duluka/v.1.0/State with status 404
2026-10-03T18:23:13.569[D]: Incoming request  #1442: GET /Duluka/v.1.0/State
2026-10-03T18:23:13.569[D]: Response finished #1442: GET /Duluka/v.1.0/State with status 404
2026-10-03T18:23:14.065[D]: Incoming request  #1443: GET /Duluka/v.1.0/State
2026-10-03T18:23:14.068[D]: Response finished #1443: GET /Duluka/v.1.0/State with status 404
2026-10-03T18:23:14.564[D]: Incoming request  #1444: GET /Duluka/v.1.0/State
2026-10-03T18:23:14.565[D]: Response finished #1444: GET /Duluka/v.1.0/State with status 404
2026-10-03T18:23:15.064[D]: Incoming request  #1445: GET /Duluka/v.1.0/State
2026-10-03T18:23:15.065[D]: Response finished #1445: GET /Duluka/v.1.0/State with status 404
2026-10-03T18:23:15.563[D]: Incoming request  #1446: GET /Duluka/v.1.0/State
2026-10-03T18:23:15.563[D]: Response finished #1446: GET /Duluka/v.1.0/State with status 404
2026-10-03T18:23:16.065[D]: Incoming request  #1447: GET /Duluka/v.1.0/State
2026-10-03T18:23:16.067[D]: Response finished #1447: GET /Duluka/v.1.0/State with status 404
2026-10-03T18:23:16.561[D]: Incoming request  #1448: GET /Duluka/v.1.0/State
2026-10-03T18:23:16.561[D]: Response finished #1448: GET /Duluka/v.1.0/State with status 404
2026-10-03T18:23:17.061[D]: Incoming request  #1449: GET /Duluka/v.1.0/State
2026-10-03T18:23:17.061[D]: Response finished #1449: GET /Duluka/v.1.0/State with status 404
2026-10-03T18:23:17.561[D]: Incoming request  #1450: GET /Duluka/v.1.0/State
2026-10-03T18:23:17.561[D]: Response finished #1450: GET /Duluka/v.1.0/State with status 404
2026-10-03T18:23:18.057[D]: Incoming request  #1451: GET /Duluka/v.1.0/State
2026-10-03T18:23:18.057[D]: Response finished #1451: GET /Duluka/v.1.0/State with status 404
2026-10-03T18:23:18.561[D]: Incoming request  #1452: GET /Duluka/v.1.0/State
2026-10-03T18:23:18.561[D]: Response finished #1452: GET /Duluka/v.1.0/State with status 404
2026-10-03T18:23:19.058[D]: Incoming request  #1453: GET /Duluka/v.1.0/State
2026-10-03T18:23:19.058[D]: Response finished #1453: GET /Duluka/v.1.0/State with status 404
2026-10-03T18:23:19.559[D]: Incoming request  #1454: GET /Duluka/v.1.0/State
2026-10-03T18:23:19.561[D]: Response finished #1454: GET /Duluka/v.1.0/State with status 404
2026-10-03T18:23:20.060[D]: Incoming request  #1455: GET /Duluka/v.1.0/State
2026-10-03T18:23:20.060[D]: Response finished #1455: GET /Duluka/v.1.0/State with status 404
2026-10-03T18:23:20.561[D]: Incoming request  #1456: GET /Duluka/v.1.0/State
2026-10-03T18:23:20.561[D]: Response finished #1456: GET /Duluka/v.1.0/State with status 404
2026-10-03T18:23:21.060[D]: Incoming request  #1457: GET /Duluka/v.1.0/State
2026-10-03T18:23:21.060[D]: Response finished #1457: GET /Duluka/v.1.0/State with status 404
2026-10-03T18:23:21.560[D]: Incoming request  #1458: GET /Duluka/v.1.0/State
2026-10-03T18:23:21.560[D]: Response finished #1458: GET /Duluka/v.1.0/State with status 404
2026-10-03T18:23:22.058[D]: Incoming request  #1459: GET /Duluka/v.1.0/State
2026-10-03T18:23:22.059[D]: Response finished #1459: GET /Duluka/v.1.0/State with status 404
2026-10-03T18:23:22.558[D]: Incoming request  #1460: GET /Duluka/v.1.0/State
2026-10-03T18:23:22.559[D]: Response finished #1460: GET /Duluka/v.1.0/State with status 404
2026-10-03T18:23:23.056[D]: Incoming request  #1461: GET /Duluka/v.1.0/State
2026-10-03T18:23:23.057[D]: Response finished #1461: GET /Duluka/v.1.0/State with status 404
2026-10-03T18:23:23.558[D]: Incoming request  #1462: GET /Duluka/v.1.0/State
2026-10-03T18:23:23.559[D]: Response finished #1462: GET /Duluka/v.1.0/State with status 404
2026-10-03T18:23:24.063[D]: Incoming request  #1463: GET /Duluka/v.1.0/State
2026-10-03T18:23:24.065[D]: Response finished #1463: GET /Duluka/v.1.0/State with status 404
2026-10-03T18:23:24.563[D]: Incoming request  #1464: GET /Duluka/v.1.0/State
2026-10-03T18:23:24.565[D]: Response finished #1464: GET /Duluka/v.1.0/State with status 404
2026-10-03T18:23:25.066[D]: Incoming request  #1465: GET /Duluka/v.1.0/State
2026-10-03T18:23:25.066[D]: Response finished #1465: GET /Duluka/v.1.0/State with status 404
2026-10-03T18:23:25.564[D]: Incoming request  #1466: GET /Duluka/v.1.0/State
2026-10-03T18:23:25.565[D]: Response finished #1466: GET /Duluka/v.1.0/State with status 404
2026-10-03T18:23:26.065[D]: Incoming request  #1467: GET /Duluka/v.1.0/State
2026-10-03T18:23:26.065[D]: Response finished #1467: GET /Duluka/v.1.0/State with status 404
2026-10-03T18:23:26.563[D]: Incoming request  #1468: GET /Duluka/v.1.0/State
2026-10-03T18:23:26.564[D]: Response finished #1468: GET /Duluka/v.1.0/State with status 404
2026-10-03T18:23:27.063[D]: Incoming request  #1469: GET /Duluka/v.1.0/State
2026-10-03T18:23:27.065[D]: Response finished #1469: GET /Duluka/v.1.0/State with status 404
2026-10-03T18:23:27.563[D]: Incoming request  #1470: GET /Duluka/v.1.0/State
2026-10-03T18:23:27.563[D]: Response finished #1470: GET /Duluka/v.1.0/State with status 404
2026-10-03T18:23:28.065[D]: Incoming request  #1471: GET /Duluka/v.1.0/State
2026-10-03T18:23:28.066[D]: Response finished #1471: GET /Duluka/v.1.0/State with status 404
2026-10-03T18:23:28.567[D]: Incoming request  #1472: GET /Duluka/v.1.0/State
2026-10-03T18:23:28.568[D]: Response finished #1472: GET /Duluka/v.1.0/State with status 404
2026-10-03T18:23:29.064[D]: Incoming request  #1473: GET /Duluka/v.1.0/State
2026-10-03T18:23:29.065[D]: Response finished #1473: GET /Duluka/v.1.0/State with status 404
2026-10-03T18:23:29.563[D]: Incoming request  #1474: GET /Duluka/v.1.0/State
2026-10-03T18:23:29.563[D]: Response finished #1474: GET /Duluka/v.1.0/State with status 404
2026-10-03T18:23:30.064[D]: Incoming request  #1475: GET /Duluka/v.1.0/State
2026-10-03T18:23:30.064[D]: Response finished #1475: GET /Duluka/v.1.0/State with status 404
2026-10-03T18:23:30.563[D]: Incoming request  #1476: GET /Duluka/v.1.0/State
2026-10-03T18:23:30.563[D]: Response finished #1476: GET /Duluka/v.1.0/State with status 404
2026-10-03T18:23:31.064[D]: Incoming request  #1477: GET /Duluka/v.1.0/State
2026-10-03T18:23:31.065[D]: Response finished #1477: GET /Duluka/v.1.0/State with status 404
2026-10-03T18:23:31.566[D]: Incoming request  #1478: GET /Duluka/v.1.0/State
2026-10-03T18:23:31.567[D]: Response finished #1478: GET /Duluka/v.1.0/State with status 404
2026-10-03T18:23:32.065[D]: Incoming request  #1479: GET /Duluka/v.1.0/State
2026-10-03T18:23:32.066[D]: Response finished #1479: GET /Duluka/v.1.0/State with status 404
2026-10-03T18:23:32.565[D]: Incoming request  #1480: GET /Duluka/v.1.0/State
2026-10-03T18:23:32.567[D]: Response finished #1480: GET /Duluka/v.1.0/State with status 404
2026-10-03T18:23:33.064[D]: Incoming request  #1481: GET /Duluka/v.1.0/State
2026-10-03T18:23:33.064[D]: Response finished #1481: GET /Duluka/v.1.0/State with status 404
2026-10-03T18:23:33.567[D]: Incoming request  #1482: GET /Duluka/v.1.0/State
2026-10-03T18:23:33.568[D]: Response finished #1482: GET /Duluka/v.1.0/State with status 404
2026-10-03T18:23:34.065[D]: Incoming request  #1483: GET /Duluka/v.1.0/State
2026-10-03T18:23:34.066[D]: Response finished #1483: GET /Duluka/v.1.0/State with status 404
2026-10-03T18:23:34.562[D]: Incoming request  #1484: GET /Duluka/v.1.0/State
2026-10-03T18:23:34.564[D]: Response finished #1484: GET /Duluka/v.1.0/State with status 404
2026-10-03T18:23:35.064[D]: Incoming request  #1485: GET /Duluka/v.1.0/State
2026-10-03T18:23:35.065[D]: Response finished #1485: GET /Duluka/v.1.0/State with status 404
2026-10-03T18:23:35.560[D]: Incoming request  #1486: GET /Duluka/v.1.0/State
2026-10-03T18:23:35.562[D]: Response finished #1486: GET /Duluka/v.1.0/State with status 404
2026-10-03T18:23:36.070[D]: Incoming request  #1487: GET /Duluka/v.1.0/State
2026-10-03T18:23:36.071[D]: Response finished #1487: GET /Duluka/v.1.0/State with status 404
2026-10-03T18:23:36.568[D]: Incoming request  #1488: GET /Duluka/v.1.0/State
2026-10-03T18:23:36.569[D]: Response finished #1488: GET /Duluka/v.1.0/State with status 404
2026-10-03T18:23:37.068[D]: Incoming request  #1489: GET /Duluka/v.1.0/State
2026-10-03T18:23:37.068[D]: Response finished #1489: GET /Duluka/v.1.0/State with status 404
2026-10-03T18:23:37.569[D]: Incoming request  #1490: GET /Duluka/v.1.0/State
2026-10-03T18:23:37.570[D]: Response finished #1490: GET /Duluka/v.1.0/State with status 404
2026-10-03T18:23:38.069[D]: Incoming request  #1491: GET /Duluka/v.1.0/State
2026-10-03T18:23:38.069[D]: Response finished #1491: GET /Duluka/v.1.0/State with status 404
2026-10-03T18:23:38.566[D]: Incoming request  #1492: GET /Duluka/v.1.0/State
2026-10-03T18:23:38.567[D]: Response finished #1492: GET /Duluka/v.1.0/State with status 404
2026-10-03T18:23:39.062[D]: Incoming request  #1493: GET /Duluka/v.1.0/State
2026-10-03T18:23:39.064[D]: Response finished #1493: GET /Duluka/v.1.0/State with status 404
2026-10-03T18:23:39.561[D]: Incoming request  #1494: GET /Duluka/v.1.0/State
2026-10-03T18:23:39.561[D]: Response finished #1494: GET /Duluka/v.1.0/State with status 404
2026-10-03T18:23:40.060[D]: Incoming request  #1495: GET /Duluka/v.1.0/State
2026-10-03T18:23:40.061[D]: Response finished #1495: GET /Duluka/v.1.0/State with status 404
2026-10-03T18:23:40.558[D]: Incoming request  #1496: GET /Duluka/v.1.0/State
2026-10-03T18:23:40.558[D]: Response finished #1496: GET /Duluka/v.1.0/State with status 404
2026-10-03T18:23:41.058[D]: Incoming request  #1497: GET /Duluka/v.1.0/State
2026-10-03T18:23:41.060[D]: Response finished #1497: GET /Duluka/v.1.0/State with status 404
2026-10-03T18:23:41.571[D]: Incoming request  #1498: GET /Duluka/v.1.0/State
2026-10-03T18:23:41.572[D]: Response finished #1498: GET /Duluka/v.1.0/State with status 404
2026-10-03T18:23:42.067[D]: Incoming request  #1499: GET /Duluka/v.1.0/State
2026-10-03T18:23:42.067[D]: Response finished #1499: GET /Duluka/v.1.0/State with status 404
2026-10-03T18:23:42.564[D]: Incoming request  #1500: GET /Duluka/v.1.0/State
2026-10-03T18:23:42.564[D]: Response finished #1500: GET /Duluka/v.1.0/State with status 404
2026-10-03T18:23:43.061[D]: Incoming request  #1501: GET /Duluka/v.1.0/State
2026-10-03T18:23:43.062[D]: Response finished #1501: GET /Duluka/v.1.0/State with status 404
2026-10-03T18:23:43.564[D]: Incoming request  #1502: GET /Duluka/v.1.0/State
2026-10-03T18:23:43.566[D]: Response finished #1502: GET /Duluka/v.1.0/State with status 404
2026-10-03T18:23:44.063[D]: Incoming request  #1503: GET /Duluka/v.1.0/State
2026-10-03T18:23:44.064[D]: Response finished #1503: GET /Duluka/v.1.0/State with status 404
2026-10-03T18:23:44.560[D]: Incoming request  #1504: GET /Duluka/v.1.0/State
2026-10-03T18:23:44.561[D]: Response finished #1504: GET /Duluka/v.1.0/State with status 404
2026-10-03T18:23:45.060[D]: Incoming request  #1505: GET /Duluka/v.1.0/State
2026-10-03T18:23:45.060[D]: Response finished #1505: GET /Duluka/v.1.0/State with status 404
2026-10-03T18:23:45.565[D]: Incoming request  #1506: GET /Duluka/v.1.0/State
2026-10-03T18:23:45.566[D]: Response finished #1506: GET /Duluka/v.1.0/State with status 404
2026-10-03T18:23:46.066[D]: Incoming request  #1507: GET /Duluka/v.1.0/State
2026-10-03T18:23:46.066[D]: Response finished #1507: GET /Duluka/v.1.0/State with status 404
2026-10-03T18:23:46.565[D]: Incoming request  #1508: GET /Duluka/v.1.0/State
2026-10-03T18:23:46.565[D]: Response finished #1508: GET /Duluka/v.1.0/State with status 404
2026-10-03T18:23:47.064[D]: Incoming request  #1509: GET /Duluka/v.1.0/State
2026-10-03T18:23:47.065[D]: Response finished #1509: GET /Duluka/v.1.0/State with status 404
2026-10-03T18:23:47.563[D]: Incoming request  #1510: GET /Duluka/v.1.0/State
2026-10-03T18:23:47.563[D]: Response finished #1510: GET /Duluka/v.1.0/State with status 404
2026-10-03T18:23:48.061[D]: Incoming request  #1511: GET /Duluka/v.1.0/State
2026-10-03T18:23:48.061[D]: Response finished #1511: GET /Duluka/v.1.0/State with status 404
2026-10-03T18:23:48.559[D]: Incoming request  #1512: GET /Duluka/v.1.0/State
2026-10-03T18:23:48.560[D]: Response finished #1512: GET /Duluka/v.1.0/State with status 404
2026-10-03T18:23:49.057[D]: Incoming request  #1513: GET /Duluka/v.1.0/State
2026-10-03T18:23:49.058[D]: Response finished #1513: GET /Duluka/v.1.0/State with status 404
2026-10-03T18:23:49.559[D]: Incoming request  #1514: GET /Duluka/v.1.0/State
2026-10-03T18:23:49.559[D]: Response finished #1514: GET /Duluka/v.1.0/State with status 404
2026-10-03T18:23:50.072[D]: Incoming request  #1515: GET /Duluka/v.1.0/State
2026-10-03T18:23:50.073[D]: Response finished #1515: GET /Duluka/v.1.0/State with status 404
2026-10-03T18:23:50.572[D]: Incoming request  #1516: GET /Duluka/v.1.0/State
2026-10-03T18:23:50.573[D]: Response finished #1516: GET /Duluka/v.1.0/State with status 404
2026-10-03T18:23:51.072[D]: Incoming request  #1517: GET /Duluka/v.1.0/State
2026-10-03T18:23:51.073[D]: Response finished #1517: GET /Duluka/v.1.0/State with status 404
2026-10-03T18:23:51.566[D]: Incoming request  #1518: GET /Duluka/v.1.0/State
2026-10-03T18:23:51.567[D]: Response finished #1518: GET /Duluka/v.1.0/State with status 404
2026-10-03T18:23:52.068[D]: Incoming request  #1519: GET /Duluka/v.1.0/State
2026-10-03T18:23:52.069[D]: Response finished #1519: GET /Duluka/v.1.0/State with status 404
2026-10-03T18:23:52.572[D]: Incoming request  #1520: GET /Duluka/v.1.0/State
2026-10-03T18:23:52.573[D]: Response finished #1520: GET /Duluka/v.1.0/State with status 404
2026-10-03T18:23:53.073[D]: Incoming request  #1521: GET /Duluka/v.1.0/State
2026-10-03T18:23:53.075[D]: Response finished #1521: GET /Duluka/v.1.0/State with status 404
2026-10-03T18:23:53.569[D]: Incoming request  #1522: GET /Duluka/v.1.0/State
2026-10-03T18:23:53.573[D]: Response finished #1522: GET /Duluka/v.1.0/State with status 404
2026-10-03T18:23:54.068[D]: Incoming request  #1523: GET /Duluka/v.1.0/State
2026-10-03T18:23:54.069[D]: Response finished #1523: GET /Duluka/v.1.0/State with status 404
2026-10-03T18:23:54.560[D]: Incoming request  #1524: GET /Duluka/v.1.0/State
2026-10-03T18:23:54.561[D]: Response finished #1524: GET /Duluka/v.1.0/State with status 404
2026-10-03T18:23:55.058[D]: Incoming request  #1525: GET /Duluka/v.1.0/State
2026-10-03T18:23:55.060[D]: Response finished #1525: GET /Duluka/v.1.0/State with status 404
2026-10-03T18:23:55.570[D]: Incoming request  #1526: GET /Duluka/v.1.0/State
2026-10-03T18:23:55.570[D]: Response finished #1526: GET /Duluka/v.1.0/State with status 404
2026-10-03T18:23:56.070[D]: Incoming request  #1527: GET /Duluka/v.1.0/State
2026-10-03T18:23:56.071[D]: Response finished #1527: GET /Duluka/v.1.0/State with status 404
2026-10-03T18:23:56.563[D]: Incoming request  #1528: GET /Duluka/v.1.0/State
2026-10-03T18:23:56.565[D]: Response finished #1528: GET /Duluka/v.1.0/State with status 404
2026-10-03T18:23:57.062[D]: Incoming request  #1529: GET /Duluka/v.1.0/State
2026-10-03T18:23:57.062[D]: Response finished #1529: GET /Duluka/v.1.0/State with status 404
2026-10-03T18:23:57.560[D]: Incoming request  #1530: GET /Duluka/v.1.0/State
2026-10-03T18:23:57.561[D]: Response finished #1530: GET /Duluka/v.1.0/State with status 404
2026-10-03T18:23:58.059[D]: Incoming request  #1531: GET /Duluka/v.1.0/State
2026-10-03T18:23:58.059[D]: Response finished #1531: GET /Duluka/v.1.0/State with status 404
2026-10-03T18:23:58.558[D]: Incoming request  #1532: GET /Duluka/v.1.0/State
2026-10-03T18:23:58.559[D]: Response finished #1532: GET /Duluka/v.1.0/State with status 404
2026-10-03T18:23:59.073[D]: Incoming request  #1533: GET /Duluka/v.1.0/State
2026-10-03T18:23:59.073[D]: Response finished #1533: GET /Duluka/v.1.0/State with status 404
2026-10-03T18:23:59.572[D]: Incoming request  #1534: GET /Duluka/v.1.0/State
2026-10-03T18:23:59.574[D]: Response finished #1534: GET /Duluka/v.1.0/State with status 404
2026-10-03T18:24:00.069[D]: Incoming request  #1535: GET /Duluka/v.1.0/State
2026-10-03T18:24:00.070[D]: Response finished #1535: GET /Duluka/v.1.0/State with status 404
2026-10-03T18:24:00.568[D]: Incoming request  #1536: GET /Duluka/v.1.0/State
2026-10-03T18:24:00.570[D]: Response finished #1536: GET /Duluka/v.1.0/State with status 404
2026-10-03T18:24:01.062[D]: Incoming request  #1537: GET /Duluka/v.1.0/State
2026-10-03T18:24:01.063[D]: Response finished #1537: GET /Duluka/v.1.0/State with status 404
2026-10-03T18:24:01.558[D]: Incoming request  #1538: GET /Duluka/v.1.0/State
2026-10-03T18:24:01.560[D]: Response finished #1538: GET /Duluka/v.1.0/State with status 404
2026-10-03T18:24:02.072[D]: Incoming request  #1539: GET /Duluka/v.1.0/State
2026-10-03T18:24:02.072[D]: Response finished #1539: GET /Duluka/v.1.0/State with status 404
2026-10-03T18:24:02.570[D]: Incoming request  #1540: GET /Duluka/v.1.0/State
2026-10-03T18:24:02.570[D]: Response finished #1540: GET /Duluka/v.1.0/State with status 404
2026-10-03T18:24:03.058[D]: Incoming request  #1541: GET /Duluka/v.1.0/State
2026-10-03T18:24:03.059[D]: Response finished #1541: GET /Duluka/v.1.0/State with status 404
2026-10-03T18:24:03.557[D]: Incoming request  #1542: GET /Duluka/v.1.0/State
2026-10-03T18:24:03.558[D]: Response finished #1542: GET /Duluka/v.1.0/State with status 404
2026-10-03T18:24:04.070[D]: Incoming request  #1543: GET /Duluka/v.1.0/State
2026-10-03T18:24:04.070[D]: Response finished #1543: GET /Duluka/v.1.0/State with status 404
2026-10-03T18:24:04.570[D]: Incoming request  #1544: GET /Duluka/v.1.0/State
2026-10-03T18:24:04.571[D]: Response finished #1544: GET /Duluka/v.1.0/State with status 404
2026-10-03T18:24:05.068[D]: Incoming request  #1545: GET /Duluka/v.1.0/State
2026-10-03T18:24:05.069[D]: Response finished #1545: GET /Duluka/v.1.0/State with status 404
2026-10-03T18:24:05.573[D]: Incoming request  #1546: GET /Duluka/v.1.0/State
2026-10-03T18:24:05.574[D]: Response finished #1546: GET /Duluka/v.1.0/State with status 404
2026-10-03T18:24:06.067[D]: Incoming request  #1547: GET /Duluka/v.1.0/State
2026-10-03T18:24:06.068[D]: Response finished #1547: GET /Duluka/v.1.0/State with status 404
2026-10-03T18:24:06.570[D]: Incoming request  #1548: GET /Duluka/v.1.0/State
2026-10-03T18:24:06.571[D]: Response finished #1548: GET /Duluka/v.1.0/State with status 404
2026-10-03T18:24:07.058[D]: Incoming request  #1549: GET /Duluka/v.1.0/State
2026-10-03T18:24:07.058[D]: Response finished #1549: GET /Duluka/v.1.0/State with status 404
2026-10-03T18:24:07.578[D]: Incoming request  #1550: GET /Duluka/v.1.0/State
2026-10-03T18:24:07.579[D]: Response finished #1550: GET /Duluka/v.1.0/State with status 404
2026-10-03T18:24:08.073[D]: Incoming request  #1551: GET /Duluka/v.1.0/State
2026-10-03T18:24:08.074[D]: Response finished #1551: GET /Duluka/v.1.0/State with status 404
2026-10-03T18:24:08.564[D]: Incoming request  #1552: GET /Duluka/v.1.0/State
2026-10-03T18:24:08.565[D]: Response finished #1552: GET /Duluka/v.1.0/State with status 404
2026-10-03T18:24:09.066[D]: Incoming request  #1553: GET /Duluka/v.1.0/State
2026-10-03T18:24:09.066[D]: Response finished #1553: GET /Duluka/v.1.0/State with status 404
2026-10-03T18:24:09.569[D]: Incoming request  #1554: GET /Duluka/v.1.0/State
2026-10-03T18:24:09.571[D]: Response finished #1554: GET /Duluka/v.1.0/State with status 404
2026-10-03T18:24:10.068[D]: Incoming request  #1555: GET /Duluka/v.1.0/State
2026-10-03T18:24:10.069[D]: Response finished #1555: GET /Duluka/v.1.0/State with status 404
2026-10-03T18:24:10.566[D]: Incoming request  #1556: GET /Duluka/v.1.0/State
2026-10-03T18:24:10.567[D]: Response finished #1556: GET /Duluka/v.1.0/State with status 404
2026-10-03T18:24:11.064[D]: Incoming request  #1557: GET /Duluka/v.1.0/State
2026-10-03T18:24:11.065[D]: Response finished #1557: GET /Duluka/v.1.0/State with status 404
2026-10-03T18:24:11.563[D]: Incoming request  #1558: GET /Duluka/v.1.0/State
2026-10-03T18:24:11.564[D]: Response finished #1558: GET /Duluka/v.1.0/State with status 404
2026-10-03T18:24:12.057[D]: Incoming request  #1559: GET /Duluka/v.1.0/State
2026-10-03T18:24:12.058[D]: Response finished #1559: GET /Duluka/v.1.0/State with status 404
2026-10-03T18:24:12.558[D]: Incoming request  #1560: GET /Duluka/v.1.0/State
2026-10-03T18:24:12.559[D]: Response finished #1560: GET /Duluka/v.1.0/State with status 404
2026-10-03T18:24:13.069[D]: Incoming request  #1561: GET /Duluka/v.1.0/State
2026-10-03T18:24:13.070[D]: Response finished #1561: GET /Duluka/v.1.0/State with status 404
2026-10-03T18:24:13.570[D]: Incoming request  #1562: GET /Duluka/v.1.0/State
2026-10-03T18:24:13.570[D]: Response finished #1562: GET /Duluka/v.1.0/State with status 404
2026-10-03T18:24:14.068[D]: Incoming request  #1563: GET /Duluka/v.1.0/State
2026-10-03T18:24:14.069[D]: Response finished #1563: GET /Duluka/v.1.0/State with status 404
2026-10-03T18:24:14.566[D]: Incoming request  #1564: GET /Duluka/v.1.0/State
2026-10-03T18:24:14.567[D]: Response finished #1564: GET /Duluka/v.1.0/State with status 404
2026-10-03T18:24:15.071[D]: Incoming request  #1565: GET /Duluka/v.1.0/State
2026-10-03T18:24:15.071[D]: Response finished #1565: GET /Duluka/v.1.0/State with status 404
2026-10-03T18:24:15.557[D]: Incoming request  #1566: GET /Duluka/v.1.0/State
2026-10-03T18:24:15.557[D]: Response finished #1566: GET /Duluka/v.1.0/State with status 404
2026-10-03T18:24:16.061[D]: Incoming request  #1567: GET /Duluka/v.1.0/State
2026-10-03T18:24:16.061[D]: Response finished #1567: GET /Duluka/v.1.0/State with status 404
2026-10-03T18:24:16.564[D]: Incoming request  #1568: GET /Duluka/v.1.0/State
2026-10-03T18:24:16.566[D]: Response finished #1568: GET /Duluka/v.1.0/State with status 404
2026-10-03T18:24:17.064[D]: Incoming request  #1569: GET /Duluka/v.1.0/State
2026-10-03T18:24:17.065[D]: Response finished #1569: GET /Duluka/v.1.0/State with status 404
2026-10-03T18:24:17.570[D]: Incoming request  #1570: GET /Duluka/v.1.0/State
2026-10-03T18:24:17.570[D]: Response finished #1570: GET /Duluka/v.1.0/State with status 404
2026-10-03T18:24:18.070[D]: Incoming request  #1571: GET /Duluka/v.1.0/State
2026-10-03T18:24:18.071[D]: Response finished #1571: GET /Duluka/v.1.0/State with status 404
2026-10-03T18:24:18.558[D]: Incoming request  #1572: GET /Duluka/v.1.0/State
2026-10-03T18:24:18.558[D]: Response finished #1572: GET /Duluka/v.1.0/State with status 404
2026-10-03T18:24:19.063[D]: Incoming request  #1573: GET /Duluka/v.1.0/State
2026-10-03T18:24:19.063[D]: Response finished #1573: GET /Duluka/v.1.0/State with status 404
2026-10-03T18:24:19.567[D]: Incoming request  #1574: GET /Duluka/v.1.0/State
2026-10-03T18:24:19.568[D]: Response finished #1574: GET /Duluka/v.1.0/State with status 404
2026-10-03T18:24:20.065[D]: Incoming request  #1575: GET /Duluka/v.1.0/State
2026-10-03T18:24:20.066[D]: Response finished #1575: GET /Duluka/v.1.0/State with status 404
2026-10-03T18:24:20.571[D]: Incoming request  #1576: GET /Duluka/v.1.0/State
2026-10-03T18:24:20.571[D]: Response finished #1576: GET /Duluka/v.1.0/State with status 404
2026-10-03T18:24:21.071[D]: Incoming request  #1577: GET /Duluka/v.1.0/State
2026-10-03T18:24:21.071[D]: Response finished #1577: GET /Duluka/v.1.0/State with status 404
2026-10-03T18:24:21.569[D]: Incoming request  #1578: GET /Duluka/v.1.0/State
2026-10-03T18:24:21.571[D]: Response finished #1578: GET /Duluka/v.1.0/State with status 404
2026-10-03T18:24:22.068[D]: Incoming request  #1579: GET /Duluka/v.1.0/State
2026-10-03T18:24:22.068[D]: Response finished #1579: GET /Duluka/v.1.0/State with status 404
2026-10-03T18:24:22.568[D]: Incoming request  #1580: GET /Duluka/v.1.0/State
2026-10-03T18:24:22.569[D]: Response finished #1580: GET /Duluka/v.1.0/State with status 404
2026-10-03T18:24:23.068[D]: Incoming request  #1581: GET /Duluka/v.1.0/State
2026-10-03T18:24:23.068[D]: Response finished #1581: GET /Duluka/v.1.0/State with status 404
2026-10-03T18:24:23.569[D]: Incoming request  #1582: GET /Duluka/v.1.0/State
2026-10-03T18:24:23.570[D]: Response finished #1582: GET /Duluka/v.1.0/State with status 404
2026-10-03T18:24:24.066[D]: Incoming request  #1583: GET /Duluka/v.1.0/State
2026-10-03T18:24:24.066[D]: Response finished #1583: GET /Duluka/v.1.0/State with status 404
2026-10-03T18:24:24.567[D]: Incoming request  #1584: GET /Duluka/v.1.0/State
2026-10-03T18:24:24.569[D]: Response finished #1584: GET /Duluka/v.1.0/State with status 404
2026-10-03T18:24:25.065[D]: Incoming request  #1585: GET /Duluka/v.1.0/State
2026-10-03T18:24:25.066[D]: Response finished #1585: GET /Duluka/v.1.0/State with status 404
2026-10-03T18:24:25.563[D]: Incoming request  #1586: GET /Duluka/v.1.0/State
2026-10-03T18:24:25.564[D]: Response finished #1586: GET /Duluka/v.1.0/State with status 404
2026-10-03T18:24:26.067[D]: Incoming request  #1587: GET /Duluka/v.1.0/State
2026-10-03T18:24:26.069[D]: Response finished #1587: GET /Duluka/v.1.0/State with status 404
2026-10-03T18:24:26.563[D]: Incoming request  #1588: GET /Duluka/v.1.0/State
2026-10-03T18:24:26.564[D]: Response finished #1588: GET /Duluka/v.1.0/State with status 404
2026-10-03T18:24:27.063[D]: Incoming request  #1589: GET /Duluka/v.1.0/State
2026-10-03T18:24:27.064[D]: Response finished #1589: GET /Duluka/v.1.0/State with status 404
2026-10-03T18:24:27.562[D]: Incoming request  #1590: GET /Duluka/v.1.0/State
2026-10-03T18:24:27.562[D]: Response finished #1590: GET /Duluka/v.1.0/State with status 404
2026-10-03T18:24:28.063[D]: Incoming request  #1591: GET /Duluka/v.1.0/State
2026-10-03T18:24:28.064[D]: Response finished #1591: GET /Duluka/v.1.0/State with status 404
2026-10-03T18:24:28.565[D]: Incoming request  #1592: GET /Duluka/v.1.0/State
2026-10-03T18:24:28.566[D]: Response finished #1592: GET /Duluka/v.1.0/State with status 404
2026-10-03T18:24:29.065[D]: Incoming request  #1593: GET /Duluka/v.1.0/State
2026-10-03T18:24:29.066[D]: Response finished #1593: GET /Duluka/v.1.0/State with status 404
2026-10-03T18:24:29.567[D]: Incoming request  #1594: GET /Duluka/v.1.0/State
2026-10-03T18:24:29.568[D]: Response finished #1594: GET /Duluka/v.1.0/State with status 404
2026-10-03T18:24:30.068[D]: Incoming request  #1595: GET /Duluka/v.1.0/State
2026-10-03T18:24:30.068[D]: Response finished #1595: GET /Duluka/v.1.0/State with status 404
2026-10-03T18:24:30.570[D]: Incoming request  #1596: GET /Duluka/v.1.0/State
2026-10-03T18:24:30.570[D]: Response finished #1596: GET /Duluka/v.1.0/State with status 404
2026-10-03T18:24:31.071[D]: Incoming request  #1597: GET /Duluka/v.1.0/State
2026-10-03T18:24:31.072[D]: Response finished #1597: GET /Duluka/v.1.0/State with status 404
2026-10-03T18:24:31.570[D]: Incoming request  #1598: GET /Duluka/v.1.0/State
2026-10-03T18:24:31.570[D]: Response finished #1598: GET /Duluka/v.1.0/State with status 404
2026-10-03T18:24:32.070[D]: Incoming request  #1599: GET /Duluka/v.1.0/State
2026-10-03T18:24:32.071[D]: Response finished #1599: GET /Duluka/v.1.0/State with status 404
2026-10-03T18:24:32.568[D]: Incoming request  #1600: GET /Duluka/v.1.0/State
2026-10-03T18:24:32.568[D]: Response finished #1600: GET /Duluka/v.1.0/State with status 404
2026-10-03T18:24:33.066[D]: Incoming request  #1601: GET /Duluka/v.1.0/State
2026-10-03T18:24:33.067[D]: Response finished #1601: GET /Duluka/v.1.0/State with status 404
2026-10-03T18:24:33.566[D]: Incoming request  #1602: GET /Duluka/v.1.0/State
2026-10-03T18:24:33.567[D]: Response finished #1602: GET /Duluka/v.1.0/State with status 404
2026-10-03T18:24:34.064[D]: Incoming request  #1603: GET /Duluka/v.1.0/State
2026-10-03T18:24:34.066[D]: Response finished #1603: GET /Duluka/v.1.0/State with status 404
2026-10-03T18:24:34.561[D]: Incoming request  #1604: GET /Duluka/v.1.0/State
2026-10-03T18:24:34.562[D]: Response finished #1604: GET /Duluka/v.1.0/State with status 404
2026-10-03T18:24:35.064[D]: Incoming request  #1605: GET /Duluka/v.1.0/State
2026-10-03T18:24:35.065[D]: Response finished #1605: GET /Duluka/v.1.0/State with status 404
2026-10-03T18:24:35.564[D]: Incoming request  #1606: GET /Duluka/v.1.0/State
2026-10-03T18:24:35.565[D]: Response finished #1606: GET /Duluka/v.1.0/State with status 404
2026-10-03T18:24:36.064[D]: Incoming request  #1607: GET /Duluka/v.1.0/State
2026-10-03T18:24:36.064[D]: Response finished #1607: GET /Duluka/v.1.0/State with status 404
2026-10-03T18:24:36.564[D]: Incoming request  #1608: GET /Duluka/v.1.0/State
2026-10-03T18:24:36.565[D]: Response finished #1608: GET /Duluka/v.1.0/State with status 404
2026-10-03T18:24:37.064[D]: Incoming request  #1609: GET /Duluka/v.1.0/State
2026-10-03T18:24:37.065[D]: Response finished #1609: GET /Duluka/v.1.0/State with status 404
2026-10-03T18:24:37.564[D]: Incoming request  #1610: GET /Duluka/v.1.0/State
2026-10-03T18:24:37.565[D]: Response finished #1610: GET /Duluka/v.1.0/State with status 404
2026-10-03T18:24:38.061[D]: Incoming request  #1611: GET /Duluka/v.1.0/State
2026-10-03T18:24:38.061[D]: Response finished #1611: GET /Duluka/v.1.0/State with status 404
2026-10-03T18:24:38.560[D]: Incoming request  #1612: GET /Duluka/v.1.0/State
2026-10-03T18:24:38.562[D]: Response finished #1612: GET /Duluka/v.1.0/State with status 404
2026-10-03T18:24:39.058[D]: Incoming request  #1613: GET /Duluka/v.1.0/State
2026-10-03T18:24:39.060[D]: Response finished #1613: GET /Duluka/v.1.0/State with status 404
2026-10-03T18:24:39.572[D]: Incoming request  #1614: GET /Duluka/v.1.0/State
2026-10-03T18:24:39.572[D]: Response finished #1614: GET /Duluka/v.1.0/State with status 404
2026-10-03T18:24:40.069[D]: Incoming request  #1615: GET /Duluka/v.1.0/State
2026-10-03T18:24:40.070[D]: Response finished #1615: GET /Duluka/v.1.0/State with status 404
2026-10-03T18:24:40.566[D]: Incoming request  #1616: GET /Duluka/v.1.0/State
2026-10-03T18:24:40.566[D]: Response finished #1616: GET /Duluka/v.1.0/State with status 404
2026-10-03T18:24:41.067[D]: Incoming request  #1617: GET /Duluka/v.1.0/State
2026-10-03T18:24:41.068[D]: Response finished #1617: GET /Duluka/v.1.0/State with status 404
2026-10-03T18:24:41.567[D]: Incoming request  #1618: GET /Duluka/v.1.0/State
2026-10-03T18:24:41.568[D]: Response finished #1618: GET /Duluka/v.1.0/State with status 404
2026-10-03T18:24:42.064[D]: Incoming request  #1619: GET /Duluka/v.1.0/State
2026-10-03T18:24:42.064[D]: Response finished #1619: GET /Duluka/v.1.0/State with status 404
2026-10-03T18:24:42.566[D]: Incoming request  #1620: GET /Duluka/v.1.0/State
2026-10-03T18:24:42.567[D]: Response finished #1620: GET /Duluka/v.1.0/State with status 404
2026-10-03T18:24:43.061[D]: Incoming request  #1621: GET /Duluka/v.1.0/State
2026-10-03T18:24:43.061[D]: Response finished #1621: GET /Duluka/v.1.0/State with status 404
2026-10-03T18:24:43.563[D]: Incoming request  #1622: GET /Duluka/v.1.0/State
2026-10-03T18:24:43.563[D]: Response finished #1622: GET /Duluka/v.1.0/State with status 404
2026-10-03T18:24:44.060[D]: Incoming request  #1623: GET /Duluka/v.1.0/State
2026-10-03T18:24:44.061[D]: Response finished #1623: GET /Duluka/v.1.0/State with status 404
2026-10-03T18:24:44.561[D]: Incoming request  #1624: GET /Duluka/v.1.0/State
2026-10-03T18:24:44.562[D]: Response finished #1624: GET /Duluka/v.1.0/State with status 404
2026-10-03T18:24:45.063[D]: Incoming request  #1625: GET /Duluka/v.1.0/State
2026-10-03T18:24:45.063[D]: Response finished #1625: GET /Duluka/v.1.0/State with status 404
2026-10-03T18:24:45.561[D]: Incoming request  #1626: GET /Duluka/v.1.0/State
2026-10-03T18:24:45.562[D]: Response finished #1626: GET /Duluka/v.1.0/State with status 404
2026-10-03T18:24:46.061[D]: Incoming request  #1627: GET /Duluka/v.1.0/State
2026-10-03T18:24:46.061[D]: Response finished #1627: GET /Duluka/v.1.0/State with status 404
2026-10-03T18:24:46.566[D]: Incoming request  #1628: GET /Duluka/v.1.0/State
2026-10-03T18:24:46.567[D]: Response finished #1628: GET /Duluka/v.1.0/State with status 404
2026-10-03T18:24:47.063[D]: Incoming request  #1629: GET /Duluka/v.1.0/State
2026-10-03T18:24:47.064[D]: Response finished #1629: GET /Duluka/v.1.0/State with status 404
2026-10-03T18:24:47.563[D]: Incoming request  #1630: GET /Duluka/v.1.0/State
2026-10-03T18:24:47.564[D]: Response finished #1630: GET /Duluka/v.1.0/State with status 404
2026-10-03T18:24:48.061[D]: Incoming request  #1631: GET /Duluka/v.1.0/State
2026-10-03T18:24:48.061[D]: Response finished #1631: GET /Duluka/v.1.0/State with status 404
2026-10-03T18:24:48.563[D]: Incoming request  #1632: GET /Duluka/v.1.0/State
2026-10-03T18:24:48.564[D]: Response finished #1632: GET /Duluka/v.1.0/State with status 404
2026-10-03T18:24:49.064[D]: Incoming request  #1633: GET /Duluka/v.1.0/State
2026-10-03T18:24:49.065[D]: Response finished #1633: GET /Duluka/v.1.0/State with status 404
2026-10-03T18:24:49.566[D]: Incoming request  #1634: GET /Duluka/v.1.0/State
2026-10-03T18:24:49.567[D]: Response finished #1634: GET /Duluka/v.1.0/State with status 404
2026-10-03T18:24:50.066[D]: Incoming request  #1635: GET /Duluka/v.1.0/State
2026-10-03T18:24:50.068[D]: Response finished #1635: GET /Duluka/v.1.0/State with status 404
2026-10-03T18:24:50.579[D]: Incoming request  #1636: GET /Duluka/v.1.0/State
2026-10-03T18:24:50.583[D]: Response finished #1636: GET /Duluka/v.1.0/State with status 404
2026-10-03T18:24:51.263[D]: Incoming request  #1637: GET /Duluka/v.1.0/State
2026-10-03T18:24:51.266[D]: Response finished #1637: GET /Duluka/v.1.0/State with status 404
2026-10-03T18:24:51.623[D]: Incoming request  #1638: GET /Duluka/v.1.0/State
2026-10-03T18:24:51.625[D]: Response finished #1638: GET /Duluka/v.1.0/State with status 404
2026-10-03T18:24:52.061[D]: Incoming request  #1639: GET /Duluka/v.1.0/State
2026-10-03T18:24:52.063[D]: Response finished #1639: GET /Duluka/v.1.0/State with status 404
2026-10-03T18:24:52.559[D]: Incoming request  #1640: GET /Duluka/v.1.0/State
2026-10-03T18:24:52.560[D]: Response finished #1640: GET /Duluka/v.1.0/State with status 404
2026-10-03T18:24:53.059[D]: Incoming request  #1641: GET /Duluka/v.1.0/State
2026-10-03T18:24:53.060[D]: Response finished #1641: GET /Duluka/v.1.0/State with status 404
2026-10-03T18:24:53.559[D]: Incoming request  #1642: GET /Duluka/v.1.0/State
2026-10-03T18:24:53.559[D]: Response finished #1642: GET /Duluka/v.1.0/State with status 404
2026-10-03T18:24:54.058[D]: Incoming request  #1643: GET /Duluka/v.1.0/State
2026-10-03T18:24:54.059[D]: Response finished #1643: GET /Duluka/v.1.0/State with status 404
2026-10-03T18:24:54.560[D]: Incoming request  #1644: GET /Duluka/v.1.0/State
2026-10-03T18:24:54.561[D]: Response finished #1644: GET /Duluka/v.1.0/State with status 404
2026-10-03T18:24:55.058[D]: Incoming request  #1645: GET /Duluka/v.1.0/State
2026-10-03T18:24:55.059[D]: Response finished #1645: GET /Duluka/v.1.0/State with status 404
2026-10-03T18:24:55.561[D]: Incoming request  #1646: GET /Duluka/v.1.0/State
2026-10-03T18:24:55.562[D]: Response finished #1646: GET /Duluka/v.1.0/State with status 404
2026-10-03T18:24:56.062[D]: Incoming request  #1647: GET /Duluka/v.1.0/State
2026-10-03T18:24:56.063[D]: Response finished #1647: GET /Duluka/v.1.0/State with status 404
2026-10-03T18:24:56.560[D]: Incoming request  #1648: GET /Duluka/v.1.0/State
2026-10-03T18:24:56.562[D]: Response finished #1648: GET /Duluka/v.1.0/State with status 404
2026-10-03T18:24:57.063[D]: Incoming request  #1649: GET /Duluka/v.1.0/State
2026-10-03T18:24:57.065[D]: Response finished #1649: GET /Duluka/v.1.0/State with status 404
2026-10-03T18:24:57.567[D]: Incoming request  #1650: GET /Duluka/v.1.0/State
2026-10-03T18:24:57.568[D]: Response finished #1650: GET /Duluka/v.1.0/State with status 404
2026-10-03T18:24:58.068[D]: Incoming request  #1651: GET /Duluka/v.1.0/State
2026-10-03T18:24:58.069[D]: Response finished #1651: GET /Duluka/v.1.0/State with status 404
2026-10-03T18:24:58.567[D]: Incoming request  #1652: GET /Duluka/v.1.0/State
2026-10-03T18:24:58.567[D]: Response finished #1652: GET /Duluka/v.1.0/State with status 404
2026-10-03T18:24:59.066[D]: Incoming request  #1653: GET /Duluka/v.1.0/State
2026-10-03T18:24:59.067[D]: Response finished #1653: GET /Duluka/v.1.0/State with status 404
2026-10-03T18:24:59.563[D]: Incoming request  #1654: GET /Duluka/v.1.0/State
2026-10-03T18:24:59.564[D]: Response finished #1654: GET /Duluka/v.1.0/State with status 404
2026-10-03T18:25:00.060[D]: Incoming request  #1655: GET /Duluka/v.1.0/State
2026-10-03T18:25:00.062[D]: Response finished #1655: GET /Duluka/v.1.0/State with status 404
2026-10-03T18:25:00.571[D]: Incoming request  #1656: GET /Duluka/v.1.0/State
2026-10-03T18:25:00.573[D]: Response finished #1656: GET /Duluka/v.1.0/State with status 404
2026-10-03T18:25:01.059[D]: Incoming request  #1657: GET /Duluka/v.1.0/State
2026-10-03T18:25:01.060[D]: Response finished #1657: GET /Duluka/v.1.0/State with status 404
2026-10-03T18:25:01.571[D]: Incoming request  #1658: GET /Duluka/v.1.0/State
2026-10-03T18:25:01.573[D]: Response finished #1658: GET /Duluka/v.1.0/State with status 404
2026-10-03T18:25:02.058[D]: Incoming request  #1659: GET /Duluka/v.1.0/State
2026-10-03T18:25:02.059[D]: Response finished #1659: GET /Duluka/v.1.0/State with status 404
2026-10-03T18:25:02.572[D]: Incoming request  #1660: GET /Duluka/v.1.0/State
2026-10-03T18:25:02.573[D]: Response finished #1660: GET /Duluka/v.1.0/State with status 404
2026-10-03T18:25:03.070[D]: Incoming request  #1661: GET /Duluka/v.1.0/State
2026-10-03T18:25:03.070[D]: Response finished #1661: GET /Duluka/v.1.0/State with status 404
2026-10-03T18:25:03.585[D]: Incoming request  #1662: GET /Duluka/v.1.0/State
2026-10-03T18:25:03.588[D]: Response finished #1662: GET /Duluka/v.1.0/State with status 404
2026-10-03T18:25:04.068[D]: Incoming request  #1663: GET /Duluka/v.1.0/State
2026-10-03T18:25:04.069[D]: Response finished #1663: GET /Duluka/v.1.0/State with status 404
2026-10-03T18:25:04.564[D]: Incoming request  #1664: GET /Duluka/v.1.0/State
2026-10-03T18:25:04.565[D]: Response finished #1664: GET /Duluka/v.1.0/State with status 404
2026-10-03T18:25:05.059[D]: Incoming request  #1665: GET /Duluka/v.1.0/State
2026-10-03T18:25:05.060[D]: Response finished #1665: GET /Duluka/v.1.0/State with status 404
2026-10-03T18:25:05.559[D]: Incoming request  #1666: GET /Duluka/v.1.0/State
2026-10-03T18:25:05.559[D]: Response finished #1666: GET /Duluka/v.1.0/State with status 404
2026-10-03T18:25:06.069[D]: Incoming request  #1667: GET /Duluka/v.1.0/State
2026-10-03T18:25:06.070[D]: Response finished #1667: GET /Duluka/v.1.0/State with status 404
2026-10-03T18:25:06.559[D]: Incoming request  #1668: GET /Duluka/v.1.0/State
2026-10-03T18:25:06.559[D]: Response finished #1668: GET /Duluka/v.1.0/State with status 404
2026-10-03T18:25:07.063[D]: Incoming request  #1669: GET /Duluka/v.1.0/State
2026-10-03T18:25:07.064[D]: Response finished #1669: GET /Duluka/v.1.0/State with status 404
2026-10-03T18:25:07.563[D]: Incoming request  #1670: GET /Duluka/v.1.0/State
2026-10-03T18:25:07.565[D]: Response finished #1670: GET /Duluka/v.1.0/State with status 404
2026-10-03T18:25:08.065[D]: Incoming request  #1671: GET /Duluka/v.1.0/State
2026-10-03T18:25:08.065[D]: Response finished #1671: GET /Duluka/v.1.0/State with status 404
2026-10-03T18:25:08.573[D]: Incoming request  #1672: GET /Duluka/v.1.0/State
2026-10-03T18:25:08.576[D]: Response finished #1672: GET /Duluka/v.1.0/State with status 404
2026-10-03T18:25:09.065[D]: Incoming request  #1673: GET /Duluka/v.1.0/State
2026-10-03T18:25:09.067[D]: Response finished #1673: GET /Duluka/v.1.0/State with status 404
2026-10-03T18:25:09.568[D]: Incoming request  #1674: GET /Duluka/v.1.0/State
2026-10-03T18:25:09.569[D]: Response finished #1674: GET /Duluka/v.1.0/State with status 404
2026-10-03T18:25:10.070[D]: Incoming request  #1675: GET /Duluka/v.1.0/State
2026-10-03T18:25:10.070[D]: Response finished #1675: GET /Duluka/v.1.0/State with status 404
2026-10-03T18:25:10.569[D]: Incoming request  #1676: GET /Duluka/v.1.0/State
2026-10-03T18:25:10.571[D]: Response finished #1676: GET /Duluka/v.1.0/State with status 404
2026-10-03T18:25:11.107[D]: Incoming request  #1677: GET /Duluka/v.1.0/State
2026-10-03T18:25:11.109[D]: Response finished #1677: GET /Duluka/v.1.0/State with status 404
2026-10-03T18:25:11.574[D]: Incoming request  #1678: GET /Duluka/v.1.0/State
2026-10-03T18:25:11.575[D]: Response finished #1678: GET /Duluka/v.1.0/State with status 404
2026-10-03T18:25:12.059[D]: Incoming request  #1679: GET /Duluka/v.1.0/State
2026-10-03T18:25:12.061[D]: Response finished #1679: GET /Duluka/v.1.0/State with status 404
2026-10-03T18:25:12.557[D]: Incoming request  #1680: GET /Duluka/v.1.0/State
2026-10-03T18:25:12.558[D]: Response finished #1680: GET /Duluka/v.1.0/State with status 404
2026-10-03T18:25:13.070[D]: Incoming request  #1681: GET /Duluka/v.1.0/State
2026-10-03T18:25:13.071[D]: Response finished #1681: GET /Duluka/v.1.0/State with status 404
2026-10-03T18:25:13.570[D]: Incoming request  #1682: GET /Duluka/v.1.0/State
2026-10-03T18:25:13.571[D]: Response finished #1682: GET /Duluka/v.1.0/State with status 404
2026-10-03T18:25:14.070[D]: Incoming request  #1683: GET /Duluka/v.1.0/State
2026-10-03T18:25:14.070[D]: Response finished #1683: GET /Duluka/v.1.0/State with status 404
2026-10-03T18:25:14.571[D]: Incoming request  #1684: GET /Duluka/v.1.0/State
2026-10-03T18:25:14.571[D]: Response finished #1684: GET /Duluka/v.1.0/State with status 404
2026-10-03T18:25:15.059[D]: Incoming request  #1685: GET /Duluka/v.1.0/State
2026-10-03T18:25:15.061[D]: Response finished #1685: GET /Duluka/v.1.0/State with status 404
2026-10-03T18:25:15.559[D]: Incoming request  #1686: GET /Duluka/v.1.0/State
2026-10-03T18:25:15.560[D]: Response finished #1686: GET /Duluka/v.1.0/State with status 404
2026-10-03T18:25:16.063[D]: Incoming request  #1687: GET /Duluka/v.1.0/State
2026-10-03T18:25:16.063[D]: Response finished #1687: GET /Duluka/v.1.0/State with status 404
2026-10-03T18:25:16.565[D]: Incoming request  #1688: GET /Duluka/v.1.0/State
2026-10-03T18:25:16.566[D]: Response finished #1688: GET /Duluka/v.1.0/State with status 404
2026-10-03T18:25:17.065[D]: Incoming request  #1689: GET /Duluka/v.1.0/State
2026-10-03T18:25:17.066[D]: Response finished #1689: GET /Duluka/v.1.0/State with status 404
2026-10-03T18:25:17.563[D]: Incoming request  #1690: GET /Duluka/v.1.0/State
2026-10-03T18:25:17.566[D]: Response finished #1690: GET /Duluka/v.1.0/State with status 404
2026-10-03T18:25:18.064[D]: Incoming request  #1691: GET /Duluka/v.1.0/State
2026-10-03T18:25:18.064[D]: Response finished #1691: GET /Duluka/v.1.0/State with status 404
2026-10-03T18:25:18.563[D]: Incoming request  #1692: GET /Duluka/v.1.0/State
2026-10-03T18:25:18.564[D]: Response finished #1692: GET /Duluka/v.1.0/State with status 404
2026-10-03T18:25:19.061[D]: Incoming request  #1693: GET /Duluka/v.1.0/State
2026-10-03T18:25:19.062[D]: Response finished #1693: GET /Duluka/v.1.0/State with status 404
2026-10-03T18:25:19.560[D]: Incoming request  #1694: GET /Duluka/v.1.0/State
2026-10-03T18:25:19.560[D]: Response finished #1694: GET /Duluka/v.1.0/State with status 404
2026-10-03T18:25:20.060[D]: Incoming request  #1695: GET /Duluka/v.1.0/State
2026-10-03T18:25:20.061[D]: Response finished #1695: GET /Duluka/v.1.0/State with status 404
2026-10-03T18:25:20.560[D]: Incoming request  #1696: GET /Duluka/v.1.0/State
2026-10-03T18:25:20.561[D]: Response finished #1696: GET /Duluka/v.1.0/State with status 404
2026-10-03T18:25:21.063[D]: Incoming request  #1697: GET /Duluka/v.1.0/State
2026-10-03T18:25:21.063[D]: Response finished #1697: GET /Duluka/v.1.0/State with status 404
2026-10-03T18:25:21.562[D]: Incoming request  #1698: GET /Duluka/v.1.0/State
2026-10-03T18:25:21.562[D]: Response finished #1698: GET /Duluka/v.1.0/State with status 404
2026-10-03T18:25:22.061[D]: Incoming request  #1699: GET /Duluka/v.1.0/State
2026-10-03T18:25:22.062[D]: Response finished #1699: GET /Duluka/v.1.0/State with status 404
2026-10-03T18:25:22.560[D]: Incoming request  #1700: GET /Duluka/v.1.0/State
2026-10-03T18:25:22.561[D]: Response finished #1700: GET /Duluka/v.1.0/State with status 404
2026-10-03T18:25:23.062[D]: Incoming request  #1701: GET /Duluka/v.1.0/State
2026-10-03T18:25:23.063[D]: Response finished #1701: GET /Duluka/v.1.0/State with status 404
2026-10-03T18:25:23.563[D]: Incoming request  #1702: GET /Duluka/v.1.0/State
2026-10-03T18:25:23.564[D]: Response finished #1702: GET /Duluka/v.1.0/State with status 404
2026-10-03T18:25:24.062[D]: Incoming request  #1703: GET /Duluka/v.1.0/State
2026-10-03T18:25:24.062[D]: Response finished #1703: GET /Duluka/v.1.0/State with status 404
2026-10-03T18:25:24.563[D]: Incoming request  #1704: GET /Duluka/v.1.0/State
2026-10-03T18:25:24.565[D]: Response finished #1704: GET /Duluka/v.1.0/State with status 404
2026-10-03T18:25:25.063[D]: Incoming request  #1705: GET /Duluka/v.1.0/State
2026-10-03T18:25:25.064[D]: Response finished #1705: GET /Duluka/v.1.0/State with status 404
2026-10-03T18:25:25.565[D]: Incoming request  #1706: GET /Duluka/v.1.0/State
2026-10-03T18:25:25.566[D]: Response finished #1706: GET /Duluka/v.1.0/State with status 404
2026-10-03T18:25:26.064[D]: Incoming request  #1707: GET /Duluka/v.1.0/State
2026-10-03T18:25:26.067[D]: Response finished #1707: GET /Duluka/v.1.0/State with status 404
2026-10-03T18:25:26.572[D]: Incoming request  #1708: GET /Duluka/v.1.0/State
2026-10-03T18:25:26.573[D]: Response finished #1708: GET /Duluka/v.1.0/State with status 404
2026-10-03T18:25:27.070[D]: Incoming request  #1709: GET /Duluka/v.1.0/State
2026-10-03T18:25:27.071[D]: Response finished #1709: GET /Duluka/v.1.0/State with status 404
2026-10-03T18:25:27.569[D]: Incoming request  #1710: GET /Duluka/v.1.0/State
2026-10-03T18:25:27.570[D]: Response finished #1710: GET /Duluka/v.1.0/State with status 404
2026-10-03T18:25:28.072[D]: Incoming request  #1711: GET /Duluka/v.1.0/State
2026-10-03T18:25:28.073[D]: Response finished #1711: GET /Duluka/v.1.0/State with status 404
2026-10-03T18:25:28.567[D]: Incoming request  #1712: GET /Duluka/v.1.0/State
2026-10-03T18:25:28.567[D]: Response finished #1712: GET /Duluka/v.1.0/State with status 404
2026-10-03T18:25:29.064[D]: Incoming request  #1713: GET /Duluka/v.1.0/State
2026-10-03T18:25:29.064[D]: Response finished #1713: GET /Duluka/v.1.0/State with status 404
2026-10-03T18:25:29.559[D]: Incoming request  #1714: GET /Duluka/v.1.0/State
2026-10-03T18:25:29.559[D]: Response finished #1714: GET /Duluka/v.1.0/State with status 404
2026-10-03T18:25:30.062[D]: Incoming request  #1715: GET /Duluka/v.1.0/State
2026-10-03T18:25:30.064[D]: Response finished #1715: GET /Duluka/v.1.0/State with status 404
2026-10-03T18:25:30.557[D]: Incoming request  #1716: GET /Duluka/v.1.0/State
2026-10-03T18:25:30.558[D]: Response finished #1716: GET /Duluka/v.1.0/State with status 404
2026-10-03T18:25:31.057[D]: Incoming request  #1717: GET /Duluka/v.1.0/State
2026-10-03T18:25:31.058[D]: Response finished #1717: GET /Duluka/v.1.0/State with status 404
2026-10-03T18:25:31.570[D]: Incoming request  #1718: GET /Duluka/v.1.0/State
2026-10-03T18:25:31.570[D]: Response finished #1718: GET /Duluka/v.1.0/State with status 404
2026-10-03T18:25:32.072[D]: Incoming request  #1719: GET /Duluka/v.1.0/State
2026-10-03T18:25:32.073[D]: Response finished #1719: GET /Duluka/v.1.0/State with status 404
2026-10-03T18:25:32.567[D]: Incoming request  #1720: GET /Duluka/v.1.0/State
2026-10-03T18:25:32.568[D]: Response finished #1720: GET /Duluka/v.1.0/State with status 404
2026-10-03T18:25:33.074[D]: Incoming request  #1721: GET /Duluka/v.1.0/State
2026-10-03T18:25:33.079[D]: Response finished #1721: GET /Duluka/v.1.0/State with status 404
2026-10-03T18:25:33.582[D]: Incoming request  #1722: GET /Duluka/v.1.0/State
2026-10-03T18:25:33.583[D]: Response finished #1722: GET /Duluka/v.1.0/State with status 404
2026-10-03T18:25:34.060[D]: Incoming request  #1723: GET /Duluka/v.1.0/State
2026-10-03T18:25:34.060[D]: Response finished #1723: GET /Duluka/v.1.0/State with status 404
2026-10-03T18:25:34.564[D]: Incoming request  #1724: GET /Duluka/v.1.0/State
2026-10-03T18:25:34.566[D]: Response finished #1724: GET /Duluka/v.1.0/State with status 404
2026-10-03T18:25:35.062[D]: Incoming request  #1725: GET /Duluka/v.1.0/State
2026-10-03T18:25:35.063[D]: Response finished #1725: GET /Duluka/v.1.0/State with status 404
2026-10-03T18:25:35.560[D]: Incoming request  #1726: GET /Duluka/v.1.0/State
2026-10-03T18:25:35.561[D]: Response finished #1726: GET /Duluka/v.1.0/State with status 404
2026-10-03T18:25:36.061[D]: Incoming request  #1727: GET /Duluka/v.1.0/State
2026-10-03T18:25:36.061[D]: Response finished #1727: GET /Duluka/v.1.0/State with status 404
2026-10-03T18:25:36.569[D]: Incoming request  #1728: GET /Duluka/v.1.0/State
2026-10-03T18:25:36.571[D]: Response finished #1728: GET /Duluka/v.1.0/State with status 404
2026-10-03T18:25:37.090[D]: Incoming request  #1729: GET /Duluka/v.1.0/State
2026-10-03T18:25:37.095[D]: Response finished #1729: GET /Duluka/v.1.0/State with status 404
2026-10-03T18:25:37.561[D]: Incoming request  #1730: GET /Duluka/v.1.0/State
2026-10-03T18:25:37.565[D]: Response finished #1730: GET /Duluka/v.1.0/State with status 404
2026-10-03T18:25:38.088[D]: Incoming request  #1731: GET /Duluka/v.1.0/State
2026-10-03T18:25:38.090[D]: Response finished #1731: GET /Duluka/v.1.0/State with status 404
2026-10-03T18:25:38.571[D]: Incoming request  #1732: GET /Duluka/v.1.0/State
2026-10-03T18:25:38.575[D]: Response finished #1732: GET /Duluka/v.1.0/State with status 404
2026-10-03T18:25:39.071[D]: Incoming request  #1733: GET /Duluka/v.1.0/State
2026-10-03T18:25:39.074[D]: Response finished #1733: GET /Duluka/v.1.0/State with status 404
2026-10-03T18:25:39.584[D]: Incoming request  #1734: GET /Duluka/v.1.0/State
2026-10-03T18:25:39.587[D]: Response finished #1734: GET /Duluka/v.1.0/State with status 404
2026-10-03T18:25:40.086[D]: Incoming request  #1735: GET /Duluka/v.1.0/State
2026-10-03T18:25:40.088[D]: Response finished #1735: GET /Duluka/v.1.0/State with status 404
2026-10-03T18:25:40.571[D]: Incoming request  #1736: GET /Duluka/v.1.0/State
2026-10-03T18:25:40.572[D]: Response finished #1736: GET /Duluka/v.1.0/State with status 404
2026-10-03T18:25:41.076[D]: Incoming request  #1737: GET /Duluka/v.1.0/State
2026-10-03T18:25:41.080[D]: Response finished #1737: GET /Duluka/v.1.0/State with status 404
2026-10-03T18:25:41.564[D]: Incoming request  #1738: GET /Duluka/v.1.0/State
2026-10-03T18:25:41.566[D]: Response finished #1738: GET /Duluka/v.1.0/State with status 404
2026-10-03T18:25:42.178[D]: Incoming request  #1739: GET /Duluka/v.1.0/State
2026-10-03T18:25:42.179[D]: Response finished #1739: GET /Duluka/v.1.0/State with status 404
2026-10-03T18:25:42.565[D]: Incoming request  #1740: GET /Duluka/v.1.0/State
2026-10-03T18:25:42.571[D]: Response finished #1740: GET /Duluka/v.1.0/State with status 404
2026-10-03T18:25:43.075[D]: Incoming request  #1741: GET /Duluka/v.1.0/State
2026-10-03T18:25:43.077[D]: Response finished #1741: GET /Duluka/v.1.0/State with status 404
2026-10-03T18:25:43.570[D]: Incoming request  #1742: GET /Duluka/v.1.0/State
2026-10-03T18:25:43.578[D]: Response finished #1742: GET /Duluka/v.1.0/State with status 404
2026-10-03T18:25:44.065[D]: Incoming request  #1743: GET /Duluka/v.1.0/State
2026-10-03T18:25:44.067[D]: Response finished #1743: GET /Duluka/v.1.0/State with status 404
2026-10-03T18:25:44.577[D]: Incoming request  #1744: GET /Duluka/v.1.0/State
2026-10-03T18:25:44.578[D]: Response finished #1744: GET /Duluka/v.1.0/State with status 404
2026-10-03T18:25:45.068[D]: Incoming request  #1745: GET /Duluka/v.1.0/State
2026-10-03T18:25:45.070[D]: Response finished #1745: GET /Duluka/v.1.0/State with status 404
2026-10-03T18:25:45.563[D]: Incoming request  #1746: GET /Duluka/v.1.0/State
2026-10-03T18:25:45.565[D]: Response finished #1746: GET /Duluka/v.1.0/State with status 404
2026-10-03T18:25:46.057[D]: Incoming request  #1747: GET /Duluka/v.1.0/State
2026-10-03T18:25:46.058[D]: Response finished #1747: GET /Duluka/v.1.0/State with status 404
2026-10-03T18:25:46.570[D]: Incoming request  #1748: GET /Duluka/v.1.0/State
2026-10-03T18:25:46.571[D]: Response finished #1748: GET /Duluka/v.1.0/State with status 404
2026-10-03T18:25:47.069[D]: Incoming request  #1749: GET /Duluka/v.1.0/State
2026-10-03T18:25:47.070[D]: Response finished #1749: GET /Duluka/v.1.0/State with status 404
2026-10-03T18:25:47.582[D]: Incoming request  #1750: GET /Duluka/v.1.0/State
2026-10-03T18:25:47.584[D]: Response finished #1750: GET /Duluka/v.1.0/State with status 404
2026-10-03T18:25:48.089[D]: Incoming request  #1751: GET /Duluka/v.1.0/State
2026-10-03T18:25:48.094[D]: Response finished #1751: GET /Duluka/v.1.0/State with status 404
2026-10-03T18:25:48.566[D]: Incoming request  #1752: GET /Duluka/v.1.0/State
2026-10-03T18:25:48.566[D]: Response finished #1752: GET /Duluka/v.1.0/State with status 404
2026-10-03T18:25:49.067[D]: Incoming request  #1753: GET /Duluka/v.1.0/State
2026-10-03T18:25:49.068[D]: Response finished #1753: GET /Duluka/v.1.0/State with status 404
2026-10-03T18:25:49.562[D]: Incoming request  #1754: GET /Duluka/v.1.0/State
2026-10-03T18:25:49.563[D]: Response finished #1754: GET /Duluka/v.1.0/State with status 404
2026-10-03T18:25:50.063[D]: Incoming request  #1755: GET /Duluka/v.1.0/State
2026-10-03T18:25:50.064[D]: Response finished #1755: GET /Duluka/v.1.0/State with status 404
2026-10-03T18:25:50.561[D]: Incoming request  #1756: GET /Duluka/v.1.0/State
2026-10-03T18:25:50.561[D]: Response finished #1756: GET /Duluka/v.1.0/State with status 404
2026-10-03T18:25:51.071[D]: Incoming request  #1757: GET /Duluka/v.1.0/State
2026-10-03T18:25:51.074[D]: Response finished #1757: GET /Duluka/v.1.0/State with status 404
2026-10-03T18:25:51.578[D]: Incoming request  #1758: GET /Duluka/v.1.0/State
2026-10-03T18:25:51.579[D]: Response finished #1758: GET /Duluka/v.1.0/State with status 404
2026-10-03T18:25:52.071[D]: Incoming request  #1759: GET /Duluka/v.1.0/State
2026-10-03T18:25:52.072[D]: Response finished #1759: GET /Duluka/v.1.0/State with status 404
2026-10-03T18:25:52.574[D]: Incoming request  #1760: GET /Duluka/v.1.0/State
2026-10-03T18:25:52.581[D]: Response finished #1760: GET /Duluka/v.1.0/State with status 404
2026-10-03T18:25:53.068[D]: Incoming request  #1761: GET /Duluka/v.1.0/State
2026-10-03T18:25:53.069[D]: Response finished #1761: GET /Duluka/v.1.0/State with status 404
2026-10-03T18:25:53.284[D]: Incoming request  #1762: GET /ShadowPlay/v.1.0/Hotkey/Monitor
2026-10-03T18:25:53.287[I]: { type: 'Error',
  code: -2147024809,
  codeText: 'Unknown/Internal error',
  message: undefined }
2026-10-03T18:25:53.288[E]: {"type":"Error","code":-2147024809,"codeText":"Unknown/Internal error"}
2026-10-03T18:25:53.349[D]: Incoming request  #1763: POST /ShadowPlay/v.1.0/Hotkey/Monitor
2026-10-03T18:25:53.349[D]: Response finished #1762: GET /ShadowPlay/v.1.0/Hotkey/Monitor with status 500
2026-10-03T18:25:53.354[I]: Post Data: {"enable":true}
2026-10-03T18:25:53.354[I]: Setting hotkey monitoring with data {"enable":true}
2026-10-03T18:25:53.358[I]: { type: 'Error',
  code: -2147024809,
  codeText: 'Unknown/Internal error',
  message: undefined }
2026-10-03T18:25:53.359[E]: {"type":"Error","code":-2147024809,"codeText":"Unknown/Internal error"}
2026-10-03T18:25:53.371[D]: Incoming request  #1764: POST /ShadowPlay/v.1.0/Hotkey/overlaytoggle
2026-10-03T18:25:53.372[D]: Response finished #1763: POST /ShadowPlay/v.1.0/Hotkey/Monitor with status 500
2026-10-03T18:25:53.373[I]: Post Data: {"keys":[18,90]}
2026-10-03T18:25:53.373[I]: Setting hotkey overlaytoggle with data {"keys":[18,90]}
2026-10-03T18:25:53.404[I]: { type: 'Error',
  code: -2147024809,
  codeText: 'Unknown/Internal error',
  message: undefined }
2026-10-03T18:25:53.405[E]: {"type":"Error","code":-2147024809,"codeText":"Unknown/Internal error"}
2026-10-03T18:25:53.411[D]: Incoming request  #1765: GET /ShadowPlay/v.1.0/Hotkey/overlaytoggle
2026-10-03T18:25:53.414[D]: Response finished #1764: POST /ShadowPlay/v.1.0/Hotkey/overlaytoggle with status 500
2026-10-03T18:25:53.415[I]: Hotkey overlaytoggle has data {"keys":[]}
2026-10-03T18:25:53.450[D]: Incoming request  #1766: GET /ShadowPlay/v.1.0/Hotkey/Monitor
2026-10-03T18:25:53.454[D]: Response finished #1765: GET /ShadowPlay/v.1.0/Hotkey/overlaytoggle with status 200
2026-10-03T18:25:53.457[I]: { type: 'Error',
  code: -2147024809,
  codeText: 'Unknown/Internal error',
  message: undefined }
2026-10-03T18:25:53.458[E]: {"type":"Error","code":-2147024809,"codeText":"Unknown/Internal error"}
2026-10-03T18:25:53.544[D]: Response finished #1766: GET /ShadowPlay/v.1.0/Hotkey/Monitor with status 500
2026-10-03T18:25:53.566[D]: Incoming request  #1767: GET /Duluka/v.1.0/State
2026-10-03T18:25:53.567[D]: Response finished #1767: GET /Duluka/v.1.0/State with status 404
2026-10-03T18:25:54.067[D]: Incoming request  #1768: GET /Duluka/v.1.0/State
2026-10-03T18:25:54.067[D]: Response finished #1768: GET /Duluka/v.1.0/State with status 404
2026-10-03T18:25:54.562[D]: Incoming request  #1769: GET /Duluka/v.1.0/State
2026-10-03T18:25:54.563[D]: Response finished #1769: GET /Duluka/v.1.0/State with status 404
2026-10-03T18:25:55.059[D]: Incoming request  #1770: GET /Duluka/v.1.0/State
2026-10-03T18:25:55.060[D]: Response finished #1770: GET /Duluka/v.1.0/State with status 404
2026-10-03T18:25:55.559[D]: Incoming request  #1771: GET /Duluka/v.1.0/State
2026-10-03T18:25:55.559[D]: Response finished #1771: GET /Duluka/v.1.0/State with status 404
2026-10-03T18:25:56.057[D]: Incoming request  #1772: GET /Duluka/v.1.0/State
2026-10-03T18:25:56.058[D]: Response finished #1772: GET /Duluka/v.1.0/State with status 404
2026-10-03T18:25:56.570[D]: Incoming request  #1773: GET /Duluka/v.1.0/State
2026-10-03T18:25:56.571[D]: Response finished #1773: GET /Duluka/v.1.0/State with status 404
2026-10-03T18:25:57.067[D]: Incoming request  #1774: GET /Duluka/v.1.0/State
2026-10-03T18:25:57.067[D]: Response finished #1774: GET /Duluka/v.1.0/State with status 404
2026-10-03T18:25:57.565[D]: Incoming request  #1775: GET /Duluka/v.1.0/State
2026-10-03T18:25:57.565[D]: Response finished #1775: GET /Duluka/v.1.0/State with status 404
2026-10-03T18:25:58.060[D]: Incoming request  #1776: GET /Duluka/v.1.0/State
2026-10-03T18:25:58.061[D]: Response finished #1776: GET /Duluka/v.1.0/State with status 404
2026-10-03T18:25:58.560[D]: Incoming request  #1777: GET /Duluka/v.1.0/State
2026-10-03T18:25:58.561[D]: Response finished #1777: GET /Duluka/v.1.0/State with status 404
2026-10-03T18:25:59.059[D]: Incoming request  #1778: GET /Duluka/v.1.0/State
2026-10-03T18:25:59.060[D]: Response finished #1778: GET /Duluka/v.1.0/State with status 404
2026-10-03T18:25:59.571[D]: Incoming request  #1779: GET /Duluka/v.1.0/State
2026-10-03T18:25:59.573[D]: Response finished #1779: GET /Duluka/v.1.0/State with status 404
2026-10-03T18:26:00.072[D]: Incoming request  #1780: GET /Duluka/v.1.0/State
2026-10-03T18:26:00.073[D]: Response finished #1780: GET /Duluka/v.1.0/State with status 404
2026-10-03T18:26:00.578[D]: Incoming request  #1781: GET /Duluka/v.1.0/State
2026-10-03T18:26:00.584[D]: Response finished #1781: GET /Duluka/v.1.0/State with status 404
2026-10-03T18:26:01.075[D]: Incoming request  #1782: GET /Duluka/v.1.0/State
2026-10-03T18:26:01.077[D]: Response finished #1782: GET /Duluka/v.1.0/State with status 404
2026-10-03T18:26:01.596[D]: Incoming request  #1783: GET /Duluka/v.1.0/State
2026-10-03T18:26:01.599[D]: Response finished #1783: GET /Duluka/v.1.0/State with status 404
2026-10-03T18:26:02.070[D]: Incoming request  #1784: GET /Duluka/v.1.0/State
2026-10-03T18:26:02.071[D]: Response finished #1784: GET /Duluka/v.1.0/State with status 404
2026-10-03T18:26:02.565[D]: Incoming request  #1785: GET /Duluka/v.1.0/State
2026-10-03T18:26:02.566[D]: Response finished #1785: GET /Duluka/v.1.0/State with status 404
2026-10-03T18:26:03.059[D]: Incoming request  #1786: GET /Duluka/v.1.0/State
2026-10-03T18:26:03.060[D]: Response finished #1786: GET /Duluka/v.1.0/State with status 404
2026-10-03T18:26:03.572[D]: Incoming request  #1787: GET /Duluka/v.1.0/State
2026-10-03T18:26:03.574[D]: Response finished #1787: GET /Duluka/v.1.0/State with status 404
2026-10-03T18:26:04.071[D]: Incoming request  #1788: GET /Duluka/v.1.0/State
2026-10-03T18:26:04.072[D]: Response finished #1788: GET /Duluka/v.1.0/State with status 404
2026-10-03T18:26:04.569[D]: Incoming request  #1789: GET /Duluka/v.1.0/State
2026-10-03T18:26:04.570[D]: Response finished #1789: GET /Duluka/v.1.0/State with status 404
2026-10-03T18:26:05.072[D]: Incoming request  #1790: GET /Duluka/v.1.0/State
2026-10-03T18:26:05.073[D]: Response finished #1790: GET /Duluka/v.1.0/State with status 404
2026-10-03T18:26:05.558[D]: Incoming request  #1791: GET /Duluka/v.1.0/State
2026-10-03T18:26:05.559[D]: Response finished #1791: GET /Duluka/v.1.0/State with status 404
2026-10-03T18:26:06.064[D]: Incoming request  #1792: GET /Duluka/v.1.0/State
2026-10-03T18:26:06.067[D]: Response finished #1792: GET /Duluka/v.1.0/State with status 404
2026-10-03T18:26:06.571[D]: Incoming request  #1793: GET /Duluka/v.1.0/State
2026-10-03T18:26:06.573[D]: Response finished #1793: GET /Duluka/v.1.0/State with status 404
2026-10-03T18:26:07.062[D]: Incoming request  #1794: GET /Duluka/v.1.0/State
2026-10-03T18:26:07.062[D]: Response finished #1794: GET /Duluka/v.1.0/State with status 404
2026-10-03T18:26:07.565[D]: Incoming request  #1795: GET /Duluka/v.1.0/State
2026-10-03T18:26:07.566[D]: Response finished #1795: GET /Duluka/v.1.0/State with status 404
2026-10-03T18:26:08.067[D]: Incoming request  #1796: GET /Duluka/v.1.0/State
2026-10-03T18:26:08.068[D]: Response finished #1796: GET /Duluka/v.1.0/State with status 404
2026-10-03T18:26:08.565[D]: Incoming request  #1797: GET /Duluka/v.1.0/State
2026-10-03T18:26:08.565[D]: Response finished #1797: GET /Duluka/v.1.0/State with status 404
2026-10-03T18:26:09.065[D]: Incoming request  #1798: GET /Duluka/v.1.0/State
2026-10-03T18:26:09.065[D]: Response finished #1798: GET /Duluka/v.1.0/State with status 404
2026-10-03T18:26:09.562[D]: Incoming request  #1799: GET /Duluka/v.1.0/State
2026-10-03T18:26:09.563[D]: Response finished #1799: GET /Duluka/v.1.0/State with status 404
2026-10-03T18:26:10.064[D]: Incoming request  #1800: GET /Duluka/v.1.0/State
2026-10-03T18:26:10.065[D]: Response finished #1800: GET /Duluka/v.1.0/State with status 404
2026-10-03T18:26:10.561[D]: Incoming request  #1801: GET /Duluka/v.1.0/State
2026-10-03T18:26:10.561[D]: Response finished #1801: GET /Duluka/v.1.0/State with status 404
2026-10-03T18:26:11.064[D]: Incoming request  #1802: GET /Duluka/v.1.0/State
2026-10-03T18:26:11.065[D]: Response finished #1802: GET /Duluka/v.1.0/State with status 404
2026-10-03T18:26:11.561[D]: Incoming request  #1803: GET /Duluka/v.1.0/State
2026-10-03T18:26:11.569[D]: Response finished #1803: GET /Duluka/v.1.0/State with status 404
2026-10-03T18:26:12.059[D]: Incoming request  #1804: GET /Duluka/v.1.0/State
2026-10-03T18:26:12.061[D]: Response finished #1804: GET /Duluka/v.1.0/State with status 404
2026-10-03T18:26:12.558[D]: Incoming request  #1805: GET /Duluka/v.1.0/State
2026-10-03T18:26:12.559[D]: Response finished #1805: GET /Duluka/v.1.0/State with status 404
2026-10-03T18:26:13.120[D]: Incoming request  #1806: GET /Duluka/v.1.0/State
2026-10-03T18:26:13.122[D]: Response finished #1806: GET /Duluka/v.1.0/State with status 404
2026-10-03T18:26:13.559[D]: Incoming request  #1807: GET /Duluka/v.1.0/State
2026-10-03T18:26:13.560[D]: Response finished #1807: GET /Duluka/v.1.0/State with status 404
2026-10-03T18:26:14.072[D]: Incoming request  #1808: GET /Duluka/v.1.0/State
2026-10-03T18:26:14.078[D]: Response finished #1808: GET /Duluka/v.1.0/State with status 404
2026-10-03T18:26:14.571[D]: Incoming request  #1809: GET /Duluka/v.1.0/State
2026-10-03T18:26:14.572[D]: Response finished #1809: GET /Duluka/v.1.0/State with status 404
2026-10-03T18:26:15.069[D]: Incoming request  #1810: GET /Duluka/v.1.0/State
2026-10-03T18:26:15.071[D]: Response finished #1810: GET /Duluka/v.1.0/State with status 404
2026-10-03T18:26:15.570[D]: Incoming request  #1811: GET /Duluka/v.1.0/State
2026-10-03T18:26:15.572[D]: Response finished #1811: GET /Duluka/v.1.0/State with status 404
2026-10-03T18:26:16.068[D]: Incoming request  #1812: GET /Duluka/v.1.0/State
2026-10-03T18:26:16.068[D]: Response finished #1812: GET /Duluka/v.1.0/State with status 404
2026-10-03T18:26:16.567[D]: Incoming request  #1813: GET /Duluka/v.1.0/State
2026-10-03T18:26:16.569[D]: Response finished #1813: GET /Duluka/v.1.0/State with status 404
2026-10-03T18:26:17.065[D]: Incoming request  #1814: GET /Duluka/v.1.0/State
2026-10-03T18:26:17.065[D]: Response finished #1814: GET /Duluka/v.1.0/State with status 404
2026-10-03T18:26:17.568[D]: Incoming request  #1815: GET /Duluka/v.1.0/State
2026-10-03T18:26:17.568[D]: Response finished #1815: GET /Duluka/v.1.0/State with status 404
2026-10-03T18:26:18.066[D]: Incoming request  #1816: GET /Duluka/v.1.0/State
2026-10-03T18:26:18.067[D]: Response finished #1816: GET /Duluka/v.1.0/State with status 404
2026-10-03T18:26:18.567[D]: Incoming request  #1817: GET /Duluka/v.1.0/State
2026-10-03T18:26:18.567[D]: Response finished #1817: GET /Duluka/v.1.0/State with status 404
2026-10-03T18:26:19.067[D]: Incoming request  #1818: GET /Duluka/v.1.0/State
2026-10-03T18:26:19.090[D]: Response finished #1818: GET /Duluka/v.1.0/State with status 404
2026-10-03T18:26:19.563[D]: Incoming request  #1819: GET /Duluka/v.1.0/State
2026-10-03T18:26:19.563[D]: Response finished #1819: GET /Duluka/v.1.0/State with status 404
2026-10-03T18:26:20.087[D]: Incoming request  #1820: GET /Duluka/v.1.0/State
2026-10-03T18:26:20.089[D]: Response finished #1820: GET /Duluka/v.1.0/State with status 404
2026-10-03T18:26:20.568[D]: Incoming request  #1821: GET /Duluka/v.1.0/State
2026-10-03T18:26:20.568[D]: Response finished #1821: GET /Duluka/v.1.0/State with status 404
2026-10-03T18:26:21.066[D]: Incoming request  #1822: GET /Duluka/v.1.0/State
2026-10-03T18:26:21.067[D]: Response finished #1822: GET /Duluka/v.1.0/State with status 404
2026-10-03T18:26:21.571[D]: Incoming request  #1823: GET /Duluka/v.1.0/State
2026-10-03T18:26:21.571[D]: Response finished #1823: GET /Duluka/v.1.0/State with status 404
2026-10-03T18:26:22.071[D]: Incoming request  #1824: GET /Duluka/v.1.0/State
2026-10-03T18:26:22.072[D]: Response finished #1824: GET /Duluka/v.1.0/State with status 404
2026-10-03T18:26:22.570[D]: Incoming request  #1825: GET /Duluka/v.1.0/State
2026-10-03T18:26:22.570[D]: Response finished #1825: GET /Duluka/v.1.0/State with status 404
2026-10-03T18:26:23.069[D]: Incoming request  #1826: GET /Duluka/v.1.0/State
2026-10-03T18:26:23.070[D]: Response finished #1826: GET /Duluka/v.1.0/State with status 404
2026-10-03T18:26:23.571[D]: Incoming request  #1827: GET /Duluka/v.1.0/State
2026-10-03T18:26:23.571[D]: Response finished #1827: GET /Duluka/v.1.0/State with status 404
2026-10-03T18:26:24.059[D]: Incoming request  #1828: GET /Duluka/v.1.0/State
2026-10-03T18:26:24.061[D]: Response finished #1828: GET /Duluka/v.1.0/State with status 404
2026-10-03T18:26:24.559[D]: Incoming request  #1829: GET /Duluka/v.1.0/State
2026-10-03T18:26:24.561[D]: Response finished #1829: GET /Duluka/v.1.0/State with status 404
2026-10-03T18:26:25.059[D]: Incoming request  #1830: GET /Duluka/v.1.0/State
2026-10-03T18:26:25.060[D]: Response finished #1830: GET /Duluka/v.1.0/State with status 404
2026-10-03T18:26:25.561[D]: Incoming request  #1831: GET /Duluka/v.1.0/State
2026-10-03T18:26:25.563[D]: Response finished #1831: GET /Duluka/v.1.0/State with status 404
2026-10-03T18:26:26.062[D]: Incoming request  #1832: GET /Duluka/v.1.0/State
2026-10-03T18:26:26.064[D]: Response finished #1832: GET /Duluka/v.1.0/State with status 404
2026-10-03T18:26:26.557[D]: Incoming request  #1833: GET /Duluka/v.1.0/State
2026-10-03T18:26:26.557[D]: Response finished #1833: GET /Duluka/v.1.0/State with status 404
2026-10-03T18:26:27.058[D]: Incoming request  #1834: GET /Duluka/v.1.0/State
2026-10-03T18:26:27.060[D]: Response finished #1834: GET /Duluka/v.1.0/State with status 404
2026-10-03T18:26:27.561[D]: Incoming request  #1835: GET /Duluka/v.1.0/State
2026-10-03T18:26:27.562[D]: Response finished #1835: GET /Duluka/v.1.0/State with status 404
2026-10-03T18:26:28.065[D]: Incoming request  #1836: GET /Duluka/v.1.0/State
2026-10-03T18:26:28.067[D]: Response finished #1836: GET /Duluka/v.1.0/State with status 404
2026-10-03T18:26:28.560[D]: Incoming request  #1837: GET /Duluka/v.1.0/State
2026-10-03T18:26:28.563[D]: Response finished #1837: GET /Duluka/v.1.0/State with status 404
2026-10-03T18:26:29.061[D]: Incoming request  #1838: GET /Duluka/v.1.0/State
2026-10-03T18:26:29.062[D]: Response finished #1838: GET /Duluka/v.1.0/State with status 404
2026-10-03T18:26:29.558[D]: Incoming request  #1839: GET /Duluka/v.1.0/State
2026-10-03T18:26:29.561[D]: Response finished #1839: GET /Duluka/v.1.0/State with status 404
2026-10-03T18:26:30.063[D]: Incoming request  #1840: GET /Duluka/v.1.0/State
2026-10-03T18:26:30.065[D]: Response finished #1840: GET /Duluka/v.1.0/State with status 404
2026-10-03T18:26:30.575[D]: Incoming request  #1841: GET /Duluka/v.1.0/State
2026-10-03T18:26:30.577[D]: Response finished #1841: GET /Duluka/v.1.0/State with status 404
2026-10-03T18:26:31.072[D]: Incoming request  #1842: GET /Duluka/v.1.0/State
2026-10-03T18:26:31.074[D]: Response finished #1842: GET /Duluka/v.1.0/State with status 404
2026-10-03T18:26:31.569[D]: Incoming request  #1843: GET /Duluka/v.1.0/State
2026-10-03T18:26:31.570[D]: Response finished #1843: GET /Duluka/v.1.0/State with status 404
2026-10-03T18:26:32.061[D]: Incoming request  #1844: GET /Duluka/v.1.0/State
2026-10-03T18:26:32.062[D]: Response finished #1844: GET /Duluka/v.1.0/State with status 404
2026-10-03T18:26:32.578[D]: Incoming request  #1845: GET /Duluka/v.1.0/State
2026-10-03T18:26:32.581[D]: Response finished #1845: GET /Duluka/v.1.0/State with status 404
2026-10-03T18:26:33.096[D]: Incoming request  #1846: GET /Duluka/v.1.0/State
2026-10-03T18:26:33.101[D]: Response finished #1846: GET /Duluka/v.1.0/State with status 404
2026-10-03T18:26:33.578[D]: Incoming request  #1847: GET /Duluka/v.1.0/State
2026-10-03T18:26:33.584[D]: Response finished #1847: GET /Duluka/v.1.0/State with status 404
2026-10-03T18:26:34.071[D]: Incoming request  #1848: GET /Duluka/v.1.0/State
2026-10-03T18:26:34.073[D]: Response finished #1848: GET /Duluka/v.1.0/State with status 404
2026-10-03T18:26:34.566[D]: Incoming request  #1849: GET /Duluka/v.1.0/State
2026-10-03T18:26:34.567[D]: Response finished #1849: GET /Duluka/v.1.0/State with status 404
2026-10-03T18:26:35.060[D]: Incoming request  #1850: GET /Duluka/v.1.0/State
2026-10-03T18:26:35.062[D]: Response finished #1850: GET /Duluka/v.1.0/State with status 404
2026-10-03T18:26:35.558[D]: Incoming request  #1851: GET /Duluka/v.1.0/State
2026-10-03T18:26:35.562[D]: Response finished #1851: GET /Duluka/v.1.0/State with status 404
2026-10-03T18:26:36.058[D]: Incoming request  #1852: GET /Duluka/v.1.0/State
2026-10-03T18:26:36.059[D]: Response finished #1852: GET /Duluka/v.1.0/State with status 404
2026-10-03T18:26:36.570[D]: Incoming request  #1853: GET /Duluka/v.1.0/State
2026-10-03T18:26:36.571[D]: Response finished #1853: GET /Duluka/v.1.0/State with status 404
2026-10-03T18:26:37.057[D]: Incoming request  #1854: GET /Duluka/v.1.0/State
2026-10-03T18:26:37.057[D]: Response finished #1854: GET /Duluka/v.1.0/State with status 404
2026-10-03T18:26:37.560[D]: Incoming request  #1855: GET /Duluka/v.1.0/State
2026-10-03T18:26:37.560[D]: Response finished #1855: GET /Duluka/v.1.0/State with status 404
2026-10-03T18:26:38.064[D]: Incoming request  #1856: GET /Duluka/v.1.0/State
2026-10-03T18:26:38.066[D]: Response finished #1856: GET /Duluka/v.1.0/State with status 404
2026-10-03T18:26:38.564[D]: Incoming request  #1857: GET /Duluka/v.1.0/State
2026-10-03T18:26:38.565[D]: Response finished #1857: GET /Duluka/v.1.0/State with status 404
2026-10-03T18:26:39.068[D]: Incoming request  #1858: GET /Duluka/v.1.0/State
2026-10-03T18:26:39.069[D]: Response finished #1858: GET /Duluka/v.1.0/State with status 404
2026-10-03T18:26:39.570[D]: Incoming request  #1859: GET /Duluka/v.1.0/State
2026-10-03T18:26:39.572[D]: Response finished #1859: GET /Duluka/v.1.0/State with status 404
2026-10-03T18:26:40.058[D]: Incoming request  #1860: GET /Duluka/v.1.0/State
2026-10-03T18:26:40.058[D]: Response finished #1860: GET /Duluka/v.1.0/State with status 404
2026-10-03T18:26:40.562[D]: Incoming request  #1861: GET /Duluka/v.1.0/State
2026-10-03T18:26:40.563[D]: Response finished #1861: GET /Duluka/v.1.0/State with status 404
2026-10-03T18:26:41.071[D]: Incoming request  #1862: GET /Duluka/v.1.0/State
2026-10-03T18:26:41.072[D]: Response finished #1862: GET /Duluka/v.1.0/State with status 404
2026-10-03T18:26:41.565[D]: Incoming request  #1863: GET /Duluka/v.1.0/State
2026-10-03T18:26:41.565[D]: Response finished #1863: GET /Duluka/v.1.0/State with status 404
2026-10-03T18:26:42.068[D]: Incoming request  #1864: GET /Duluka/v.1.0/State
2026-10-03T18:26:42.069[D]: Response finished #1864: GET /Duluka/v.1.0/State with status 404
2026-10-03T18:26:42.567[D]: Incoming request  #1865: GET /Duluka/v.1.0/State
2026-10-03T18:26:42.567[D]: Response finished #1865: GET /Duluka/v.1.0/State with status 404
2026-10-03T18:26:43.069[D]: Incoming request  #1866: GET /Duluka/v.1.0/State
2026-10-03T18:26:43.069[D]: Response finished #1866: GET /Duluka/v.1.0/State with status 404
2026-10-03T18:26:43.558[D]: Incoming request  #1867: GET /Duluka/v.1.0/State
2026-10-03T18:26:43.559[D]: Response finished #1867: GET /Duluka/v.1.0/State with status 404
2026-10-03T18:26:44.072[D]: Incoming request  #1868: GET /Duluka/v.1.0/State
2026-10-03T18:26:44.072[D]: Response finished #1868: GET /Duluka/v.1.0/State with status 404
2026-10-03T18:26:44.564[D]: Incoming request  #1869: GET /Duluka/v.1.0/State
2026-10-03T18:26:44.564[D]: Response finished #1869: GET /Duluka/v.1.0/State with status 404
2026-10-03T18:26:45.066[D]: Incoming request  #1870: GET /Duluka/v.1.0/State
2026-10-03T18:26:45.068[D]: Response finished #1870: GET /Duluka/v.1.0/State with status 404
2026-10-03T18:26:45.566[D]: Incoming request  #1871: GET /Duluka/v.1.0/State
2026-10-03T18:26:45.567[D]: Response finished #1871: GET /Duluka/v.1.0/State with status 404
2026-10-03T18:26:46.067[D]: Incoming request  #1872: GET /Duluka/v.1.0/State
2026-10-03T18:26:46.068[D]: Response finished #1872: GET /Duluka/v.1.0/State with status 404
2026-10-03T18:26:46.571[D]: Incoming request  #1873: GET /Duluka/v.1.0/State
2026-10-03T18:26:46.572[D]: Response finished #1873: GET /Duluka/v.1.0/State with status 404
2026-10-03T18:26:47.063[D]: Incoming request  #1874: GET /Duluka/v.1.0/State
2026-10-03T18:26:47.064[D]: Response finished #1874: GET /Duluka/v.1.0/State with status 404
2026-10-03T18:26:47.566[D]: Incoming request  #1875: GET /Duluka/v.1.0/State
2026-10-03T18:26:47.567[D]: Response finished #1875: GET /Duluka/v.1.0/State with status 404
2026-10-03T18:26:48.067[D]: Incoming request  #1876: GET /Duluka/v.1.0/State
2026-10-03T18:26:48.068[D]: Response finished #1876: GET /Duluka/v.1.0/State with status 404
2026-10-03T18:26:48.570[D]: Incoming request  #1877: GET /Duluka/v.1.0/State
2026-10-03T18:26:48.571[D]: Response finished #1877: GET /Duluka/v.1.0/State with status 404
2026-10-03T18:26:49.057[D]: Incoming request  #1878: GET /Duluka/v.1.0/State
2026-10-03T18:26:49.057[D]: Response finished #1878: GET /Duluka/v.1.0/State with status 404
2026-10-03T18:26:49.559[D]: Incoming request  #1879: GET /Duluka/v.1.0/State
2026-10-03T18:26:49.560[D]: Response finished #1879: GET /Duluka/v.1.0/State with status 404
2026-10-03T18:26:50.058[D]: Incoming request  #1880: GET /Duluka/v.1.0/State
2026-10-03T18:26:50.059[D]: Response finished #1880: GET /Duluka/v.1.0/State with status 404
2026-10-03T18:26:50.570[D]: Incoming request  #1881: GET /Duluka/v.1.0/State
2026-10-03T18:26:50.571[D]: Response finished #1881: GET /Duluka/v.1.0/State with status 404
2026-10-03T18:26:51.070[D]: Incoming request  #1882: GET /Duluka/v.1.0/State
2026-10-03T18:26:51.071[D]: Response finished #1882: GET /Duluka/v.1.0/State with status 404
2026-10-03T18:26:51.571[D]: Incoming request  #1883: GET /Duluka/v.1.0/State
2026-10-03T18:26:51.572[D]: Response finished #1883: GET /Duluka/v.1.0/State with status 404
2026-10-03T18:26:52.074[D]: Incoming request  #1884: GET /Duluka/v.1.0/State
2026-10-03T18:26:52.075[D]: Response finished #1884: GET /Duluka/v.1.0/State with status 404
2026-10-03T18:26:52.577[D]: Incoming request  #1885: GET /Duluka/v.1.0/State
2026-10-03T18:26:52.579[D]: Response finished #1885: GET /Duluka/v.1.0/State with status 404
2026-10-03T18:26:53.079[D]: Incoming request  #1886: GET /Duluka/v.1.0/State
2026-10-03T18:26:53.085[D]: Response finished #1886: GET /Duluka/v.1.0/State with status 404
2026-10-03T18:26:53.612[D]: Incoming request  #1887: GET /Duluka/v.1.0/State
2026-10-03T18:26:53.617[D]: Response finished #1887: GET /Duluka/v.1.0/State with status 404
2026-10-03T18:26:54.065[D]: Incoming request  #1888: GET /Duluka/v.1.0/State
2026-10-03T18:26:54.068[D]: Response finished #1888: GET /Duluka/v.1.0/State with status 404
2026-10-03T18:26:54.600[D]: Incoming request  #1889: GET /Duluka/v.1.0/State
2026-10-03T18:26:54.604[D]: Response finished #1889: GET /Duluka/v.1.0/State with status 404
2026-10-03T18:26:54.735[D]: LEAVE Shadowplay:ShadowplayServer
2026-10-03T18:26:55.069[D]: Incoming request  #1890: GET /Duluka/v.1.0/State
2026-10-03T18:26:55.071[D]: Response finished #1890: GET /Duluka/v.1.0/State with status 404
2026-10-03T18:26:55.372[D]: JOIN 
2026-10-03T18:26:55.569[D]: Incoming request  #1891: GET /Duluka/v.1.0/State
2026-10-03T18:26:55.570[D]: Response finished #1891: GET /Duluka/v.1.0/State with status 404
2026-10-03T18:26:56.067[D]: Incoming request  #1892: GET /Duluka/v.1.0/State
2026-10-03T18:26:56.067[D]: Response finished #1892: GET /Duluka/v.1.0/State with status 404
2026-10-03T18:26:56.565[D]: Incoming request  #1893: GET /Duluka/v.1.0/State
2026-10-03T18:26:56.566[D]: Response finished #1893: GET /Duluka/v.1.0/State with status 404
2026-10-03T18:26:57.065[D]: Incoming request  #1894: GET /Duluka/v.1.0/State
2026-10-03T18:26:57.067[D]: Response finished #1894: GET /Duluka/v.1.0/State with status 404
2026-10-03T18:26:57.569[D]: Incoming request  #1895: GET /Duluka/v.1.0/State
2026-10-03T18:26:57.570[D]: Response finished #1895: GET /Duluka/v.1.0/State with status 404
2026-10-03T18:26:58.114[D]: Incoming request  #1896: GET /Duluka/v.1.0/State
2026-10-03T18:26:58.118[D]: Response finished #1896: GET /Duluka/v.1.0/State with status 404
2026-10-03T18:26:58.568[D]: Incoming request  #1897: GET /Duluka/v.1.0/State
2026-10-03T18:26:58.569[D]: Response finished #1897: GET /Duluka/v.1.0/State with status 404
2026-10-03T18:26:59.075[D]: Incoming request  #1898: GET /Duluka/v.1.0/State
2026-10-03T18:26:59.077[D]: Response finished #1898: GET /Duluka/v.1.0/State with status 404
2026-10-03T18:26:59.569[D]: Incoming request  #1899: GET /Duluka/v.1.0/State
2026-10-03T18:26:59.571[D]: Response finished #1899: GET /Duluka/v.1.0/State with status 404
2026-10-03T18:27:00.067[D]: Incoming request  #1900: GET /Duluka/v.1.0/State
2026-10-03T18:27:00.068[D]: Response finished #1900: GET /Duluka/v.1.0/State with status 404
2026-10-03T18:27:00.569[D]: Incoming request  #1901: GET /Duluka/v.1.0/State
2026-10-03T18:27:00.571[D]: Response finished #1901: GET /Duluka/v.1.0/State with status 404
2026-10-03T18:27:01.063[D]: Incoming request  #1902: GET /Duluka/v.1.0/State
2026-10-03T18:27:01.066[D]: Response finished #1902: GET /Duluka/v.1.0/State with status 404
2026-10-03T18:27:01.561[D]: Incoming request  #1903: GET /Duluka/v.1.0/State
2026-10-03T18:27:01.561[D]: Response finished #1903: GET /Duluka/v.1.0/State with status 404
2026-10-03T18:27:02.068[D]: Incoming request  #1904: GET /Duluka/v.1.0/State
2026-10-03T18:27:02.070[D]: Response finished #1904: GET /Duluka/v.1.0/State with status 404
2026-10-03T18:27:02.567[D]: Incoming request  #1905: GET /Duluka/v.1.0/State
2026-10-03T18:27:02.568[D]: Response finished #1905: GET /Duluka/v.1.0/State with status 404
2026-10-03T18:27:03.063[D]: Incoming request  #1906: GET /Duluka/v.1.0/State
2026-10-03T18:27:03.065[D]: Response finished #1906: GET /Duluka/v.1.0/State with status 404
2026-10-03T18:27:03.562[D]: Incoming request  #1907: GET /Duluka/v.1.0/State
2026-10-03T18:27:03.562[D]: Response finished #1907: GET /Duluka/v.1.0/State with status 404
2026-10-03T18:27:04.063[D]: Incoming request  #1908: GET /Duluka/v.1.0/State
2026-10-03T18:27:04.064[D]: Response finished #1908: GET /Duluka/v.1.0/State with status 404
2026-10-03T18:27:04.569[D]: Incoming request  #1909: GET /Duluka/v.1.0/State
2026-10-03T18:27:04.570[D]: Response finished #1909: GET /Duluka/v.1.0/State with status 404
2026-10-03T18:27:05.057[D]: Incoming request  #1910: GET /Duluka/v.1.0/State
2026-10-03T18:27:05.059[D]: Response finished #1910: GET /Duluka/v.1.0/State with status 404
2026-10-03T18:27:05.561[D]: Incoming request  #1911: GET /Duluka/v.1.0/State
2026-10-03T18:27:05.561[D]: Response finished #1911: GET /Duluka/v.1.0/State with status 404
2026-10-03T18:27:06.060[D]: Incoming request  #1912: GET /Duluka/v.1.0/State
2026-10-03T18:27:06.061[D]: Response finished #1912: GET /Duluka/v.1.0/State with status 404
2026-10-03T18:27:06.559[D]: Incoming request  #1913: GET /Duluka/v.1.0/State
2026-10-03T18:27:06.559[D]: Response finished #1913: GET /Duluka/v.1.0/State with status 404
2026-10-03T18:27:07.060[D]: Incoming request  #1914: GET /Duluka/v.1.0/State
2026-10-03T18:27:07.061[D]: Response finished #1914: GET /Duluka/v.1.0/State with status 404
2026-10-03T18:27:07.561[D]: Incoming request  #1915: GET /Duluka/v.1.0/State
2026-10-03T18:27:07.561[D]: Response finished #1915: GET /Duluka/v.1.0/State with status 404
2026-10-03T18:27:08.062[D]: Incoming request  #1916: GET /Duluka/v.1.0/State
2026-10-03T18:27:08.063[D]: Response finished #1916: GET /Duluka/v.1.0/State with status 404
2026-10-03T18:27:08.561[D]: Incoming request  #1917: GET /Duluka/v.1.0/State
2026-10-03T18:27:08.562[D]: Response finished #1917: GET /Duluka/v.1.0/State with status 404
2026-10-03T18:27:09.063[D]: Incoming request  #1918: GET /Duluka/v.1.0/State
2026-10-03T18:27:09.065[D]: Response finished #1918: GET /Duluka/v.1.0/State with status 404
2026-10-03T18:27:09.565[D]: Incoming request  #1919: GET /Duluka/v.1.0/State
2026-10-03T18:27:09.565[D]: Response finished #1919: GET /Duluka/v.1.0/State with status 404
2026-10-03T18:27:10.062[D]: Incoming request  #1920: GET /Duluka/v.1.0/State
2026-10-03T18:27:10.062[D]: Response finished #1920: GET /Duluka/v.1.0/State with status 404
2026-10-03T18:27:10.559[D]: Incoming request  #1921: GET /Duluka/v.1.0/State
2026-10-03T18:27:10.560[D]: Response finished #1921: GET /Duluka/v.1.0/State with status 404
2026-10-03T18:27:11.060[D]: Incoming request  #1922: GET /Duluka/v.1.0/State
2026-10-03T18:27:11.061[D]: Response finished #1922: GET /Duluka/v.1.0/State with status 404
2026-10-03T18:27:11.567[D]: Incoming request  #1923: GET /Duluka/v.1.0/State
2026-10-03T18:27:11.569[D]: Response finished #1923: GET /Duluka/v.1.0/State with status 404
2026-10-03T18:27:12.068[D]: Incoming request  #1924: GET /Duluka/v.1.0/State
2026-10-03T18:27:12.069[D]: Response finished #1924: GET /Duluka/v.1.0/State with status 404
2026-10-03T18:27:12.571[D]: Incoming request  #1925: GET /Duluka/v.1.0/State
2026-10-03T18:27:12.572[D]: Response finished #1925: GET /Duluka/v.1.0/State with status 404
2026-10-03T18:27:13.059[D]: Incoming request  #1926: GET /Duluka/v.1.0/State
2026-10-03T18:27:13.060[D]: Response finished #1926: GET /Duluka/v.1.0/State with status 404
2026-10-03T18:27:13.566[D]: Incoming request  #1927: GET /Duluka/v.1.0/State
2026-10-03T18:27:13.566[D]: Response finished #1927: GET /Duluka/v.1.0/State with status 404
2026-10-03T18:27:14.077[D]: Incoming request  #1928: GET /Duluka/v.1.0/State
2026-10-03T18:27:14.078[D]: Response finished #1928: GET /Duluka/v.1.0/State with status 404
2026-10-03T18:27:14.571[D]: Incoming request  #1929: GET /Duluka/v.1.0/State
2026-10-03T18:27:14.571[D]: Response finished #1929: GET /Duluka/v.1.0/State with status 404
2026-10-03T18:27:14.987[D]: Incoming request  #1930: POST /ShadowPlay/v.1.0/Launch
2026-10-03T18:27:14.995[I]: Post Data: {"launch":true}
2026-10-03T18:27:14.996[I]: Setting ShadowPlay Enable: {"launch":true}
2026-10-03T18:27:14.997[E]: ShadowPlay is running but idle (possible crash)
2026-10-03T18:27:14.997[E]: ShadowPlay not running
2026-10-03T18:27:14.997[D]: Unregistering callback type: 2
2026-10-03T18:27:14.997[D]: Unregistering complete
2026-10-03T18:27:14.997[D]: Unregistering callback type: 1
2026-10-03T18:27:14.999[D]: LEAVE Hotkey:Node
2026-10-03T18:27:15.010[D]: Unregistering complete
2026-10-03T18:27:15.010[D]: Unregistering callback type: 3
2026-10-03T18:27:15.010[D]: Unregistering complete
2026-10-03T18:27:15.010[I]: Enabling ShadowPlay
2026-10-03T18:27:15.072[D]: Incoming request  #1931: GET /Duluka/v.1.0/State
2026-10-03T18:27:15.074[D]: Response finished #1931: GET /Duluka/v.1.0/State with status 404
2026-10-03T18:27:15.560[D]: Incoming request  #1932: GET /Duluka/v.1.0/State
2026-10-03T18:27:15.561[D]: Response finished #1932: GET /Duluka/v.1.0/State with status 404
2026-10-03T18:27:16.062[D]: Incoming request  #1933: GET /Duluka/v.1.0/State
2026-10-03T18:27:16.065[D]: Response finished #1933: GET /Duluka/v.1.0/State with status 404
2026-10-03T18:27:16.561[D]: Incoming request  #1934: GET /Duluka/v.1.0/State
2026-10-03T18:27:16.563[D]: Response finished #1934: GET /Duluka/v.1.0/State with status 404
2026-10-03T18:27:17.064[D]: Incoming request  #1935: GET /Duluka/v.1.0/State
2026-10-03T18:27:17.065[D]: Response finished #1935: GET /Duluka/v.1.0/State with status 404
2026-10-03T18:27:17.563[D]: Incoming request  #1936: GET /Duluka/v.1.0/State
2026-10-03T18:27:17.565[D]: Response finished #1936: GET /Duluka/v.1.0/State with status 404
2026-10-03T18:27:17.593[D]: LEAVE Hotkey:HotkeyPlugin
2026-10-03T18:27:17.740[E]: SP Server run failure: -2147220941. Start failure count: 1
2026-10-03T18:27:17.740[I]: { type: 'Error',
  code: -2147220941,
  codeText: 'ShadowPlay: OSC enable failed',
  message: undefined }
2026-10-03T18:27:17.742[E]: {"type":"Error","code":-2147220941,"codeText":"ShadowPlay: OSC enable failed"}
2026-10-03T18:27:17.810[D]: Response finished #1930: POST /ShadowPlay/v.1.0/Launch with status 500
2026-10-03T18:27:17.820[E]: Socket HkrTA7DDASchWPH_AAAA disconnected
2026-10-03T18:27:17.903[D]: LEAVE Shadowplay:ShadowplayApi24432
2026-10-03T18:27:18.061[D]: Incoming request  #1937: GET /Duluka/v.1.0/State
2026-10-03T18:27:18.062[D]: Response finished #1937: GET /Duluka/v.1.0/State with status 404
2026-10-03T18:27:18.563[D]: Incoming request  #1938: GET /Duluka/v.1.0/State
2026-10-03T18:27:18.565[D]: Response finished #1938: GET /Duluka/v.1.0/State with status 404
2026-10-03T18:27:19.060[D]: Incoming request  #1939: GET /Duluka/v.1.0/State
2026-10-03T18:27:19.061[D]: Response finished #1939: GET /Duluka/v.1.0/State with status 404
2026-10-03T18:27:19.565[D]: Incoming request  #1940: GET /Duluka/v.1.0/State
2026-10-03T18:27:19.566[D]: Response finished #1940: GET /Duluka/v.1.0/State with status 404
2026-10-03T18:27:20.070[D]: Incoming request  #1941: GET /Duluka/v.1.0/State
2026-10-03T18:27:20.073[D]: Response finished #1941: GET /Duluka/v.1.0/State with status 404
2026-10-03T18:27:20.577[D]: Incoming request  #1942: GET /Duluka/v.1.0/State
2026-10-03T18:27:20.579[D]: Response finished #1942: GET /Duluka/v.1.0/State with status 404
2026-10-03T18:27:21.068[D]: Incoming request  #1943: GET /Duluka/v.1.0/State
2026-10-03T18:27:21.070[D]: Response finished #1943: GET /Duluka/v.1.0/State with status 404
2026-10-03T18:27:21.566[D]: Incoming request  #1944: GET /Duluka/v.1.0/State
2026-10-03T18:27:21.566[D]: Response finished #1944: GET /Duluka/v.1.0/State with status 404
2026-10-03T18:27:22.068[D]: Incoming request  #1945: GET /Duluka/v.1.0/State
2026-10-03T18:27:22.069[D]: Response finished #1945: GET /Duluka/v.1.0/State with status 404
2026-10-03T18:27:22.567[D]: Incoming request  #1946: GET /Duluka/v.1.0/State
2026-10-03T18:27:22.568[D]: Response finished #1946: GET /Duluka/v.1.0/State with status 404
2026-10-03T18:27:22.774[D]: Incoming request  #1947: GET /ShadowPlay/v.1.0/Hotkey/Monitor
2026-10-03T18:27:22.776[I]: { type: 'Error',
  code: -2147024809,
  codeText: 'Unknown/Internal error',
  message: undefined }
2026-10-03T18:27:22.776[E]: {"type":"Error","code":-2147024809,"codeText":"Unknown/Internal error"}
2026-10-03T18:27:22.801[D]: Incoming request  #1948: POST /ShadowPlay/v.1.0/Hotkey/Monitor
2026-10-03T18:27:22.803[D]: Response finished #1947: GET /ShadowPlay/v.1.0/Hotkey/Monitor with status 500
2026-10-03T18:27:22.804[I]: Post Data: {"enable":true}
2026-10-03T18:27:22.805[I]: Setting hotkey monitoring with data {"enable":true}
2026-10-03T18:27:22.807[I]: { type: 'Error',
  code: -2147024809,
  codeText: 'Unknown/Internal error',
  message: undefined }
2026-10-03T18:27:22.808[E]: {"type":"Error","code":-2147024809,"codeText":"Unknown/Internal error"}
2026-10-03T18:27:22.809[D]: Incoming request  #1949: POST /ShadowPlay/v.1.0/Hotkey/overlaytoggle
2026-10-03T18:27:22.810[D]: Response finished #1948: POST /ShadowPlay/v.1.0/Hotkey/Monitor with status 500
2026-10-03T18:27:22.810[I]: Post Data: {"keys":[18,90]}
2026-10-03T18:27:22.810[I]: Setting hotkey overlaytoggle with data {"keys":[18,90]}
2026-10-03T18:27:22.827[I]: { type: 'Error',
  code: -2147024809,
  codeText: 'Unknown/Internal error',
  message: undefined }
2026-10-03T18:27:22.827[E]: {"type":"Error","code":-2147024809,"codeText":"Unknown/Internal error"}
2026-10-03T18:27:22.862[D]: Response finished #1949: POST /ShadowPlay/v.1.0/Hotkey/overlaytoggle with status 500
2026-10-03T18:27:23.069[D]: Incoming request  #1950: GET /Duluka/v.1.0/State
2026-10-03T18:27:23.071[D]: Response finished #1950: GET /Duluka/v.1.0/State with status 404
2026-10-03T18:27:23.575[D]: Incoming request  #1951: GET /Duluka/v.1.0/State
2026-10-03T18:27:23.577[D]: Response finished #1951: GET /Duluka/v.1.0/State with status 404
2026-10-03T18:27:24.058[D]: Incoming request  #1952: GET /Duluka/v.1.0/State
2026-10-03T18:27:24.059[D]: Response finished #1952: GET /Duluka/v.1.0/State with status 404
2026-10-03T18:27:24.563[D]: Incoming request  #1953: GET /Duluka/v.1.0/State
2026-10-03T18:27:24.564[D]: Response finished #1953: GET /Duluka/v.1.0/State with status 404
2026-10-03T18:27:25.066[D]: Incoming request  #1954: GET /Duluka/v.1.0/State
2026-10-03T18:27:25.067[D]: Response finished #1954: GET /Duluka/v.1.0/State with status 404
2026-10-03T18:27:25.572[D]: Incoming request  #1955: GET /Duluka/v.1.0/State
2026-10-03T18:27:25.572[D]: Response finished #1955: GET /Duluka/v.1.0/State with status 404
2026-10-03T18:27:26.057[D]: Incoming request  #1956: GET /Duluka/v.1.0/State
2026-10-03T18:27:26.058[D]: Response finished #1956: GET /Duluka/v.1.0/State with status 404
2026-10-03T18:27:26.563[D]: Incoming request  #1957: GET /Duluka/v.1.0/State
2026-10-03T18:27:26.564[D]: Response finished #1957: GET /Duluka/v.1.0/State with status 404
2026-10-03T18:27:27.061[D]: Incoming request  #1958: GET /Duluka/v.1.0/State
2026-10-03T18:27:27.062[D]: Response finished #1958: GET /Duluka/v.1.0/State with status 404
2026-10-03T18:27:27.566[D]: Incoming request  #1959: GET /Duluka/v.1.0/State
2026-10-03T18:27:27.567[D]: Response finished #1959: GET /Duluka/v.1.0/State with status 404
2026-10-03T18:27:28.068[D]: Incoming request  #1960: GET /Duluka/v.1.0/State
2026-10-03T18:27:28.069[D]: Response finished #1960: GET /Duluka/v.1.0/State with status 404
2026-10-03T18:27:28.569[D]: Incoming request  #1961: GET /Duluka/v.1.0/State
2026-10-03T18:27:28.570[D]: Response finished #1961: GET /Duluka/v.1.0/State with status 404
2026-10-03T18:27:29.060[D]: Incoming request  #1962: GET /Duluka/v.1.0/State
2026-10-03T18:27:29.061[D]: Response finished #1962: GET /Duluka/v.1.0/State with status 404
2026-10-03T18:27:29.565[D]: Incoming request  #1963: GET /Duluka/v.1.0/State
2026-10-03T18:27:29.565[D]: Response finished #1963: GET /Duluka/v.1.0/State with status 404
2026-10-03T18:27:30.064[D]: Incoming request  #1964: GET /Duluka/v.1.0/State
2026-10-03T18:27:30.067[D]: Response finished #1964: GET /Duluka/v.1.0/State with status 404
2026-10-03T18:27:30.569[D]: Incoming request  #1965: GET /Duluka/v.1.0/State
2026-10-03T18:27:30.574[D]: Response finished #1965: GET /Duluka/v.1.0/State with status 404
2026-10-03T18:27:31.062[D]: Incoming request  #1966: GET /Duluka/v.1.0/State
2026-10-03T18:27:31.064[D]: Response finished #1966: GET /Duluka/v.1.0/State with status 404
2026-10-03T18:27:31.559[D]: Incoming request  #1967: GET /Duluka/v.1.0/State
2026-10-03T18:27:31.560[D]: Response finished #1967: GET /Duluka/v.1.0/State with status 404
2026-10-03T18:27:32.061[D]: Incoming request  #1968: GET /Duluka/v.1.0/State
2026-10-03T18:27:32.063[D]: Response finished #1968: GET /Duluka/v.1.0/State with status 404
2026-10-03T18:27:32.563[D]: Incoming request  #1969: GET /Duluka/v.1.0/State
2026-10-03T18:27:32.563[D]: Response finished #1969: GET /Duluka/v.1.0/State with status 404
2026-10-03T18:27:33.073[D]: Incoming request  #1970: GET /Duluka/v.1.0/State
2026-10-03T18:27:33.074[D]: Response finished #1970: GET /Duluka/v.1.0/State with status 404
2026-10-03T18:27:33.560[D]: Incoming request  #1971: GET /Duluka/v.1.0/State
2026-10-03T18:27:33.561[D]: Response finished #1971: GET /Duluka/v.1.0/State with status 404
2026-10-03T18:27:34.064[D]: Incoming request  #1972: GET /Duluka/v.1.0/State
2026-10-03T18:27:34.065[D]: Response finished #1972: GET /Duluka/v.1.0/State with status 404
2026-10-03T18:27:34.569[D]: Incoming request  #1973: GET /Duluka/v.1.0/State
2026-10-03T18:27:34.572[D]: Response finished #1973: GET /Duluka/v.1.0/State with status 404
2026-10-03T18:27:35.066[D]: Incoming request  #1974: GET /Duluka/v.1.0/State
2026-10-03T18:27:35.067[D]: Response finished #1974: GET /Duluka/v.1.0/State with status 404
2026-10-03T18:27:35.569[D]: Incoming request  #1975: GET /Duluka/v.1.0/State
2026-10-03T18:27:35.570[D]: Response finished #1975: GET /Duluka/v.1.0/State with status 404
2026-10-03T18:27:36.068[D]: Incoming request  #1976: GET /Duluka/v.1.0/State
2026-10-03T18:27:36.068[D]: Response finished #1976: GET /Duluka/v.1.0/State with status 404
2026-10-03T18:27:36.570[D]: Incoming request  #1977: GET /Duluka/v.1.0/State
2026-10-03T18:27:36.571[D]: Response finished #1977: GET /Duluka/v.1.0/State with status 404
2026-10-03T18:27:37.071[D]: Incoming request  #1978: GET /Duluka/v.1.0/State
2026-10-03T18:27:37.072[D]: Response finished #1978: GET /Duluka/v.1.0/State with status 404
2026-10-03T18:27:37.559[D]: Incoming request  #1979: GET /Duluka/v.1.0/State
2026-10-03T18:27:37.560[D]: Response finished #1979: GET /Duluka/v.1.0/State with status 404
2026-10-03T18:27:38.058[D]: Incoming request  #1980: GET /Duluka/v.1.0/State
2026-10-03T18:27:38.059[D]: Response finished #1980: GET /Duluka/v.1.0/State with status 404
2026-10-03T18:27:38.560[D]: Incoming request  #1981: GET /Duluka/v.1.0/State
2026-10-03T18:27:38.561[D]: Response finished #1981: GET /Duluka/v.1.0/State with status 404
2026-10-03T18:27:39.060[D]: Incoming request  #1982: GET /Duluka/v.1.0/State
2026-10-03T18:27:39.061[D]: Response finished #1982: GET /Duluka/v.1.0/State with status 404
2026-10-03T18:27:39.558[D]: Incoming request  #1983: GET /Duluka/v.1.0/State
2026-10-03T18:27:39.560[D]: Response finished #1983: GET /Duluka/v.1.0/State with status 404
2026-10-03T18:27:40.057[D]: Incoming request  #1984: GET /Duluka/v.1.0/State
2026-10-03T18:27:40.057[D]: Response finished #1984: GET /Duluka/v.1.0/State with status 404
2026-10-03T18:27:40.560[D]: Incoming request  #1985: GET /Duluka/v.1.0/State
2026-10-03T18:27:40.561[D]: Response finished #1985: GET /Duluka/v.1.0/State with status 404
2026-10-03T18:27:41.064[D]: Incoming request  #1986: GET /Duluka/v.1.0/State
2026-10-03T18:27:41.065[D]: Response finished #1986: GET /Duluka/v.1.0/State with status 404
2026-10-03T18:27:41.562[D]: Incoming request  #1987: GET /Duluka/v.1.0/State
2026-10-03T18:27:41.564[D]: Response finished #1987: GET /Duluka/v.1.0/State with status 404
2026-10-03T18:27:42.058[D]: Incoming request  #1988: GET /Duluka/v.1.0/State
2026-10-03T18:27:42.059[D]: Response finished #1988: GET /Duluka/v.1.0/State with status 404
2026-10-03T18:27:42.567[D]: Incoming request  #1989: GET /Duluka/v.1.0/State
2026-10-03T18:27:42.575[D]: Response finished #1989: GET /Duluka/v.1.0/State with status 404
2026-10-03T18:27:43.061[D]: Incoming request  #1990: GET /Duluka/v.1.0/State
2026-10-03T18:27:43.063[D]: Response finished #1990: GET /Duluka/v.1.0/State with status 404
2026-10-03T18:27:43.564[D]: Incoming request  #1991: GET /Duluka/v.1.0/State
2026-10-03T18:27:43.565[D]: Response finished #1991: GET /Duluka/v.1.0/State with status 404
2026-10-03T18:27:44.065[D]: Incoming request  #1992: GET /Duluka/v.1.0/State
2026-10-03T18:27:44.067[D]: Response finished #1992: GET /Duluka/v.1.0/State with status 404
2026-10-03T18:27:44.564[D]: Incoming request  #1993: GET /Duluka/v.1.0/State
2026-10-03T18:27:44.566[D]: Response finished #1993: GET /Duluka/v.1.0/State with status 404
2026-10-03T18:27:45.065[D]: Incoming request  #1994: GET /Duluka/v.1.0/State
2026-10-03T18:27:45.067[D]: Response finished #1994: GET /Duluka/v.1.0/State with status 404
2026-10-03T18:27:45.572[D]: Incoming request  #1995: GET /Duluka/v.1.0/State
2026-10-03T18:27:45.572[D]: Response finished #1995: GET /Duluka/v.1.0/State with status 404
2026-10-03T18:27:46.061[D]: Incoming request  #1996: GET /Duluka/v.1.0/State
2026-10-03T18:27:46.062[D]: Response finished #1996: GET /Duluka/v.1.0/State with status 404
2026-10-03T18:27:46.562[D]: Incoming request  #1997: GET /Duluka/v.1.0/State
2026-10-03T18:27:46.564[D]: Response finished #1997: GET /Duluka/v.1.0/State with status 404
2026-10-03T18:27:47.063[D]: Incoming request  #1998: GET /Duluka/v.1.0/State
2026-10-03T18:27:47.064[D]: Response finished #1998: GET /Duluka/v.1.0/State with status 404
2026-10-03T18:27:47.570[D]: Incoming request  #1999: GET /Duluka/v.1.0/State
2026-10-03T18:27:47.570[D]: Response finished #1999: GET /Duluka/v.1.0/State with status 404
2026-10-03T18:27:48.058[D]: Incoming request  #2000: GET /Duluka/v.1.0/State
2026-10-03T18:27:48.060[D]: Response finished #2000: GET /Duluka/v.1.0/State with status 404
2026-10-03T18:27:48.559[D]: Incoming request  #2001: GET /Duluka/v.1.0/State
2026-10-03T18:27:48.560[D]: Response finished #2001: GET /Duluka/v.1.0/State with status 404
2026-10-03T18:27:49.064[D]: Incoming request  #2002: GET /Duluka/v.1.0/State
2026-10-03T18:27:49.065[D]: Response finished #2002: GET /Duluka/v.1.0/State with status 404
2026-10-03T18:27:49.570[D]: Incoming request  #2003: GET /Duluka/v.1.0/State
2026-10-03T18:27:49.571[D]: Response finished #2003: GET /Duluka/v.1.0/State with status 404
2026-10-03T18:27:50.069[D]: Incoming request  #2004: GET /Duluka/v.1.0/State
2026-10-03T18:27:50.071[D]: Response finished #2004: GET /Duluka/v.1.0/State with status 404
2026-10-03T18:27:50.558[D]: Incoming request  #2005: GET /Duluka/v.1.0/State
2026-10-03T18:27:50.559[D]: Response finished #2005: GET /Duluka/v.1.0/State with status 404
2026-10-03T18:27:51.058[D]: Incoming request  #2006: GET /Duluka/v.1.0/State
2026-10-03T18:27:51.060[D]: Response finished #2006: GET /Duluka/v.1.0/State with status 404
2026-10-03T18:27:51.561[D]: Incoming request  #2007: GET /Duluka/v.1.0/State
2026-10-03T18:27:51.562[D]: Response finished #2007: GET /Duluka/v.1.0/State with status 404
2026-10-03T18:27:52.064[D]: Incoming request  #2008: GET /Duluka/v.1.0/State
2026-10-03T18:27:52.064[D]: Response finished #2008: GET /Duluka/v.1.0/State with status 404
2026-10-03T18:27:52.568[D]: Incoming request  #2009: GET /Duluka/v.1.0/State
2026-10-03T18:27:52.569[D]: Response finished #2009: GET /Duluka/v.1.0/State with status 404
2026-10-03T18:27:53.091[D]: Incoming request  #2010: GET /Duluka/v.1.0/State
2026-10-03T18:27:53.092[D]: Response finished #2010: GET /Duluka/v.1.0/State with status 404
2026-10-03T18:27:53.562[D]: Incoming request  #2011: GET /Duluka/v.1.0/State
2026-10-03T18:27:53.563[D]: Response finished #2011: GET /Duluka/v.1.0/State with status 404
2026-10-03T18:27:54.064[D]: Incoming request  #2012: GET /Duluka/v.1.0/State
2026-10-03T18:27:54.065[D]: Response finished #2012: GET /Duluka/v.1.0/State with status 404
2026-10-03T18:27:54.562[D]: Incoming request  #2013: GET /Duluka/v.1.0/State
2026-10-03T18:27:54.563[D]: Response finished #2013: GET /Duluka/v.1.0/State with status 404
2026-10-03T18:27:55.063[D]: Incoming request  #2014: GET /Duluka/v.1.0/State
2026-10-03T18:27:55.065[D]: Response finished #2014: GET /Duluka/v.1.0/State with status 404
2026-10-03T18:27:55.560[D]: Incoming request  #2015: GET /Duluka/v.1.0/State
2026-10-03T18:27:55.561[D]: Response finished #2015: GET /Duluka/v.1.0/State with status 404
2026-10-03T18:27:56.061[D]: Incoming request  #2016: GET /Duluka/v.1.0/State
2026-10-03T18:27:56.062[D]: Response finished #2016: GET /Duluka/v.1.0/State with status 404
2026-10-03T18:27:56.561[D]: Incoming request  #2017: GET /Duluka/v.1.0/State
2026-10-03T18:27:56.561[D]: Response finished #2017: GET /Duluka/v.1.0/State with status 404
2026-10-03T18:27:57.063[D]: Incoming request  #2018: GET /Duluka/v.1.0/State
2026-10-03T18:27:57.064[D]: Response finished #2018: GET /Duluka/v.1.0/State with status 404
2026-10-03T18:27:57.564[D]: Incoming request  #2019: GET /Duluka/v.1.0/State
2026-10-03T18:27:57.565[D]: Response finished #2019: GET /Duluka/v.1.0/State with status 404
2026-10-03T18:27:58.062[D]: Incoming request  #2020: GET /Duluka/v.1.0/State
2026-10-03T18:27:58.064[D]: Response finished #2020: GET /Duluka/v.1.0/State with status 404
2026-10-03T18:27:58.589[D]: Incoming request  #2021: GET /Duluka/v.1.0/State
2026-10-03T18:27:58.593[D]: Response finished #2021: GET /Duluka/v.1.0/State with status 404
2026-10-03T18:27:59.061[D]: Incoming request  #2022: GET /Duluka/v.1.0/State
2026-10-03T18:27:59.062[D]: Response finished #2022: GET /Duluka/v.1.0/State with status 404
2026-10-03T18:27:59.560[D]: Incoming request  #2023: GET /Duluka/v.1.0/State
2026-10-03T18:27:59.561[D]: Response finished #2023: GET /Duluka/v.1.0/State with status 404
2026-10-03T18:28:00.062[D]: Incoming request  #2024: GET /Duluka/v.1.0/State
2026-10-03T18:28:00.064[D]: Response finished #2024: GET /Duluka/v.1.0/State with status 404
2026-10-03T18:28:00.566[D]: Incoming request  #2025: GET /Duluka/v.1.0/State
2026-10-03T18:28:00.568[D]: Response finished #2025: GET /Duluka/v.1.0/State with status 404
2026-10-03T18:28:01.070[D]: Incoming request  #2026: GET /Duluka/v.1.0/State
2026-10-03T18:28:01.071[D]: Response finished #2026: GET /Duluka/v.1.0/State with status 404
2026-10-03T18:28:01.568[D]: Incoming request  #2027: GET /Duluka/v.1.0/State
2026-10-03T18:28:01.569[D]: Response finished #2027: GET /Duluka/v.1.0/State with status 404
2026-10-03T18:28:02.064[D]: Incoming request  #2028: GET /Duluka/v.1.0/State
2026-10-03T18:28:02.065[D]: Response finished #2028: GET /Duluka/v.1.0/State with status 404
2026-10-03T18:28:02.563[D]: Incoming request  #2029: GET /Duluka/v.1.0/State
2026-10-03T18:28:02.565[D]: Response finished #2029: GET /Duluka/v.1.0/State with status 404
2026-10-03T18:28:03.064[D]: Incoming request  #2030: GET /Duluka/v.1.0/State
2026-10-03T18:28:03.065[D]: Response finished #2030: GET /Duluka/v.1.0/State with status 404
2026-10-03T18:28:03.567[D]: Incoming request  #2031: GET /Duluka/v.1.0/State
2026-10-03T18:28:03.568[D]: Response finished #2031: GET /Duluka/v.1.0/State with status 404
2026-10-03T18:28:04.070[D]: Incoming request  #2032: GET /Duluka/v.1.0/State
2026-10-03T18:28:04.072[D]: Response finished #2032: GET /Duluka/v.1.0/State with status 404
2026-10-03T18:28:04.565[D]: Incoming request  #2033: GET /Duluka/v.1.0/State
2026-10-03T18:28:04.565[D]: Response finished #2033: GET /Duluka/v.1.0/State with status 404
2026-10-03T18:28:05.065[D]: Incoming request  #2034: GET /Duluka/v.1.0/State
2026-10-03T18:28:05.066[D]: Response finished #2034: GET /Duluka/v.1.0/State with status 404
2026-10-03T18:28:05.578[D]: Incoming request  #2035: GET /Duluka/v.1.0/State
2026-10-03T18:28:05.580[D]: Response finished #2035: GET /Duluka/v.1.0/State with status 404
2026-10-03T18:28:06.063[D]: Incoming request  #2036: GET /Duluka/v.1.0/State
2026-10-03T18:28:06.064[D]: Response finished #2036: GET /Duluka/v.1.0/State with status 404
2026-10-03T18:28:06.564[D]: Incoming request  #2037: GET /Duluka/v.1.0/State
2026-10-03T18:28:06.565[D]: Response finished #2037: GET /Duluka/v.1.0/State with status 404
2026-10-03T18:28:07.063[D]: Incoming request  #2038: GET /Duluka/v.1.0/State
2026-10-03T18:28:07.065[D]: Response finished #2038: GET /Duluka/v.1.0/State with status 404
2026-10-03T18:28:07.564[D]: Incoming request  #2039: GET /Duluka/v.1.0/State
2026-10-03T18:28:07.566[D]: Response finished #2039: GET /Duluka/v.1.0/State with status 404
2026-10-03T18:28:08.076[D]: Incoming request  #2040: GET /Duluka/v.1.0/State
2026-10-03T18:28:08.078[D]: Response finished #2040: GET /Duluka/v.1.0/State with status 404
2026-10-03T18:28:08.560[D]: Incoming request  #2041: GET /Duluka/v.1.0/State
2026-10-03T18:28:08.561[D]: Response finished #2041: GET /Duluka/v.1.0/State with status 404
2026-10-03T18:28:09.060[D]: Incoming request  #2042: GET /Duluka/v.1.0/State
2026-10-03T18:28:09.062[D]: Response finished #2042: GET /Duluka/v.1.0/State with status 404
2026-10-03T18:28:09.560[D]: Incoming request  #2043: GET /Duluka/v.1.0/State
2026-10-03T18:28:09.561[D]: Response finished #2043: GET /Duluka/v.1.0/State with status 404
2026-10-03T18:28:10.059[D]: Incoming request  #2044: GET /Duluka/v.1.0/State
2026-10-03T18:28:10.060[D]: Response finished #2044: GET /Duluka/v.1.0/State with status 404
2026-10-03T18:28:10.562[D]: Incoming request  #2045: GET /Duluka/v.1.0/State
2026-10-03T18:28:10.564[D]: Response finished #2045: GET /Duluka/v.1.0/State with status 404
2026-10-03T18:28:11.059[D]: Incoming request  #2046: GET /Duluka/v.1.0/State
2026-10-03T18:28:11.060[D]: Response finished #2046: GET /Duluka/v.1.0/State with status 404
2026-10-03T18:28:11.574[D]: Incoming request  #2047: GET /Duluka/v.1.0/State
2026-10-03T18:28:11.587[D]: Response finished #2047: GET /Duluka/v.1.0/State with status 404
2026-10-03T18:28:12.064[D]: Incoming request  #2048: GET /Duluka/v.1.0/State
2026-10-03T18:28:12.067[D]: Response finished #2048: GET /Duluka/v.1.0/State with status 404
2026-10-03T18:28:12.563[D]: Incoming request  #2049: GET /Duluka/v.1.0/State
2026-10-03T18:28:12.564[D]: Response finished #2049: GET /Duluka/v.1.0/State with status 404
2026-10-03T18:28:13.064[D]: Incoming request  #2050: GET /Duluka/v.1.0/State
2026-10-03T18:28:13.067[D]: Response finished #2050: GET /Duluka/v.1.0/State with status 404
2026-10-03T18:28:13.561[D]: Incoming request  #2051: GET /Duluka/v.1.0/State
2026-10-03T18:28:13.564[D]: Response finished #2051: GET /Duluka/v.1.0/State with status 404
2026-10-03T18:28:14.071[D]: Incoming request  #2052: GET /Duluka/v.1.0/State
2026-10-03T18:28:14.072[D]: Response finished #2052: GET /Duluka/v.1.0/State with status 404
2026-10-03T18:28:14.569[D]: Incoming request  #2053: GET /Duluka/v.1.0/State
2026-10-03T18:28:14.570[D]: Response finished #2053: GET /Duluka/v.1.0/State with status 404
2026-10-03T18:28:15.063[D]: Incoming request  #2054: GET /Duluka/v.1.0/State
2026-10-03T18:28:15.065[D]: Response finished #2054: GET /Duluka/v.1.0/State with status 404
2026-10-03T18:28:15.559[D]: Incoming request  #2055: GET /Duluka/v.1.0/State
2026-10-03T18:28:15.560[D]: Response finished #2055: GET /Duluka/v.1.0/State with status 404
2026-10-03T18:28:16.072[D]: Incoming request  #2056: GET /Duluka/v.1.0/State
2026-10-03T18:28:16.073[D]: Response finished #2056: GET /Duluka/v.1.0/State with status 404
2026-10-03T18:28:16.571[D]: Incoming request  #2057: GET /Duluka/v.1.0/State
2026-10-03T18:28:16.572[D]: Response finished #2057: GET /Duluka/v.1.0/State with status 404
2026-10-03T18:28:17.088[D]: Incoming request  #2058: GET /Duluka/v.1.0/State
2026-10-03T18:28:17.101[D]: Response finished #2058: GET /Duluka/v.1.0/State with status 404
2026-10-03T18:28:17.576[D]: Incoming request  #2059: GET /Duluka/v.1.0/State
2026-10-03T18:28:17.583[D]: Response finished #2059: GET /Duluka/v.1.0/State with status 404
2026-10-03T18:28:18.060[D]: Incoming request  #2060: GET /Duluka/v.1.0/State
2026-10-03T18:28:18.061[D]: Response finished #2060: GET /Duluka/v.1.0/State with status 404
2026-10-03T18:28:18.560[D]: Incoming request  #2061: GET /Duluka/v.1.0/State
2026-10-03T18:28:18.562[D]: Response finished #2061: GET /Duluka/v.1.0/State with status 404
2026-10-03T18:28:19.059[D]: Incoming request  #2062: GET /Duluka/v.1.0/State
2026-10-03T18:28:19.061[D]: Response finished #2062: GET /Duluka/v.1.0/State with status 404
2026-10-03T18:28:19.558[D]: Incoming request  #2063: GET /Duluka/v.1.0/State
2026-10-03T18:28:19.560[D]: Response finished #2063: GET /Duluka/v.1.0/State with status 404
2026-10-03T18:28:20.060[D]: Incoming request  #2064: GET /Duluka/v.1.0/State
2026-10-03T18:28:20.061[D]: Response finished #2064: GET /Duluka/v.1.0/State with status 404
2026-10-03T18:28:20.573[D]: Incoming request  #2065: GET /Duluka/v.1.0/State
2026-10-03T18:28:20.575[D]: Response finished #2065: GET /Duluka/v.1.0/State with status 404
2026-10-03T18:28:21.069[D]: Incoming request  #2066: GET /Duluka/v.1.0/State
2026-10-03T18:28:21.070[D]: Response finished #2066: GET /Duluka/v.1.0/State with status 404
2026-10-03T18:28:21.565[D]: Incoming request  #2067: GET /Duluka/v.1.0/State
2026-10-03T18:28:21.566[D]: Response finished #2067: GET /Duluka/v.1.0/State with status 404
2026-10-03T18:28:22.070[D]: Incoming request  #2068: GET /Duluka/v.1.0/State
2026-10-03T18:28:22.071[D]: Response finished #2068: GET /Duluka/v.1.0/State with status 404
2026-10-03T18:28:22.569[D]: Incoming request  #2069: GET /Duluka/v.1.0/State
2026-10-03T18:28:22.571[D]: Response finished #2069: GET /Duluka/v.1.0/State with status 404
2026-10-03T18:28:23.066[D]: Incoming request  #2070: GET /Duluka/v.1.0/State
2026-10-03T18:28:23.067[D]: Response finished #2070: GET /Duluka/v.1.0/State with status 404
2026-10-03T18:28:23.567[D]: Incoming request  #2071: GET /Duluka/v.1.0/State
2026-10-03T18:28:23.568[D]: Response finished #2071: GET /Duluka/v.1.0/State with status 404
2026-10-03T18:28:24.065[D]: Incoming request  #2072: GET /Duluka/v.1.0/State
2026-10-03T18:28:24.066[D]: Response finished #2072: GET /Duluka/v.1.0/State with status 404
2026-10-03T18:28:24.563[D]: Incoming request  #2073: GET /Duluka/v.1.0/State
2026-10-03T18:28:24.565[D]: Response finished #2073: GET /Duluka/v.1.0/State with status 404
2026-10-03T18:28:25.063[D]: Incoming request  #2074: GET /Duluka/v.1.0/State
2026-10-03T18:28:25.065[D]: Response finished #2074: GET /Duluka/v.1.0/State with status 404
2026-10-03T18:28:25.566[D]: Incoming request  #2075: GET /Duluka/v.1.0/State
2026-10-03T18:28:25.567[D]: Response finished #2075: GET /Duluka/v.1.0/State with status 404
2026-10-03T18:28:26.065[D]: Incoming request  #2076: GET /Duluka/v.1.0/State
2026-10-03T18:28:26.066[D]: Response finished #2076: GET /Duluka/v.1.0/State with status 404
2026-10-03T18:28:26.563[D]: Incoming request  #2077: GET /Duluka/v.1.0/State
2026-10-03T18:28:26.565[D]: Response finished #2077: GET /Duluka/v.1.0/State with status 404
2026-10-03T18:28:27.063[D]: Incoming request  #2078: GET /Duluka/v.1.0/State
2026-10-03T18:28:27.065[D]: Response finished #2078: GET /Duluka/v.1.0/State with status 404
2026-10-03T18:28:27.567[D]: Incoming request  #2079: GET /Duluka/v.1.0/State
2026-10-03T18:28:27.568[D]: Response finished #2079: GET /Duluka/v.1.0/State with status 404
2026-10-03T18:28:28.067[D]: Incoming request  #2080: GET /Duluka/v.1.0/State
2026-10-03T18:28:28.068[D]: Response finished #2080: GET /Duluka/v.1.0/State with status 404
2026-10-03T18:28:28.572[D]: Incoming request  #2081: GET /Duluka/v.1.0/State
2026-10-03T18:28:28.573[D]: Response finished #2081: GET /Duluka/v.1.0/State with status 404
2026-10-03T18:28:29.071[D]: Incoming request  #2082: GET /Duluka/v.1.0/State
2026-10-03T18:28:29.072[D]: Response finished #2082: GET /Duluka/v.1.0/State with status 404
2026-10-03T18:28:29.571[D]: Incoming request  #2083: GET /Duluka/v.1.0/State
2026-10-03T18:28:29.573[D]: Response finished #2083: GET /Duluka/v.1.0/State with status 404
2026-10-03T18:28:30.062[D]: Incoming request  #2084: GET /Duluka/v.1.0/State
2026-10-03T18:28:30.063[D]: Response finished #2084: GET /Duluka/v.1.0/State with status 404
2026-10-03T18:28:30.558[D]: Incoming request  #2085: GET /Duluka/v.1.0/State
2026-10-03T18:28:30.559[D]: Response finished #2085: GET /Duluka/v.1.0/State with status 404
2026-10-03T18:28:31.056[D]: Incoming request  #2086: GET /Duluka/v.1.0/State
2026-10-03T18:28:31.057[D]: Response finished #2086: GET /Duluka/v.1.0/State with status 404
2026-10-03T18:28:31.563[D]: Incoming request  #2087: GET /Duluka/v.1.0/State
2026-10-03T18:28:31.565[D]: Response finished #2087: GET /Duluka/v.1.0/State with status 404
2026-10-03T18:28:32.062[D]: Incoming request  #2088: GET /Duluka/v.1.0/State
2026-10-03T18:28:32.062[D]: Response finished #2088: GET /Duluka/v.1.0/State with status 404
2026-10-03T18:28:32.559[D]: Incoming request  #2089: GET /Duluka/v.1.0/State
2026-10-03T18:28:32.560[D]: Response finished #2089: GET /Duluka/v.1.0/State with status 404
2026-10-03T18:28:33.060[D]: Incoming request  #2090: GET /Duluka/v.1.0/State
2026-10-03T18:28:33.067[D]: Response finished #2090: GET /Duluka/v.1.0/State with status 404
2026-10-03T18:28:33.560[D]: Incoming request  #2091: GET /Duluka/v.1.0/State
2026-10-03T18:28:33.561[D]: Response finished #2091: GET /Duluka/v.1.0/State with status 404
2026-10-03T18:28:34.061[D]: Incoming request  #2092: GET /Duluka/v.1.0/State
2026-10-03T18:28:34.063[D]: Response finished #2092: GET /Duluka/v.1.0/State with status 404
2026-10-03T18:28:34.564[D]: Incoming request  #2093: GET /Duluka/v.1.0/State
2026-10-03T18:28:34.565[D]: Response finished #2093: GET /Duluka/v.1.0/State with status 404
2026-10-03T18:28:35.067[D]: Incoming request  #2094: GET /Duluka/v.1.0/State
2026-10-03T18:28:35.067[D]: Response finished #2094: GET /Duluka/v.1.0/State with status 404
2026-10-03T18:28:35.569[D]: Incoming request  #2095: GET /Duluka/v.1.0/State
2026-10-03T18:28:35.570[D]: Response finished #2095: GET /Duluka/v.1.0/State with status 404
2026-10-03T18:28:36.061[D]: Incoming request  #2096: GET /Duluka/v.1.0/State
2026-10-03T18:28:36.062[D]: Response finished #2096: GET /Duluka/v.1.0/State with status 404
2026-10-03T18:28:36.558[D]: Incoming request  #2097: GET /Duluka/v.1.0/State
2026-10-03T18:28:36.559[D]: Response finished #2097: GET /Duluka/v.1.0/State with status 404
2026-10-03T18:28:37.057[D]: Incoming request  #2098: GET /Duluka/v.1.0/State
2026-10-03T18:28:37.058[D]: Response finished #2098: GET /Duluka/v.1.0/State with status 404
2026-10-03T18:28:37.559[D]: Incoming request  #2099: GET /Duluka/v.1.0/State
2026-10-03T18:28:37.560[D]: Response finished #2099: GET /Duluka/v.1.0/State with status 404
2026-10-03T18:28:38.058[D]: Incoming request  #2100: GET /Duluka/v.1.0/State
2026-10-03T18:28:38.058[D]: Response finished #2100: GET /Duluka/v.1.0/State with status 404
2026-10-03T18:28:38.558[D]: Incoming request  #2101: GET /Duluka/v.1.0/State
2026-10-03T18:28:38.560[D]: Response finished #2101: GET /Duluka/v.1.0/State with status 404
2026-10-03T18:28:39.058[D]: Incoming request  #2102: GET /Duluka/v.1.0/State
2026-10-03T18:28:39.059[D]: Response finished #2102: GET /Duluka/v.1.0/State with status 404
2026-10-03T18:28:39.560[D]: Incoming request  #2103: GET /Duluka/v.1.0/State
2026-10-03T18:28:39.561[D]: Response finished #2103: GET /Duluka/v.1.0/State with status 404
2026-10-03T18:28:40.104[D]: Incoming request  #2104: GET /Duluka/v.1.0/State
2026-10-03T18:28:40.122[D]: Response finished #2104: GET /Duluka/v.1.0/State with status 404
2026-10-03T18:28:40.557[D]: Incoming request  #2105: GET /Duluka/v.1.0/State
2026-10-03T18:28:40.557[D]: Response finished #2105: GET /Duluka/v.1.0/State with status 404
2026-10-03T18:28:41.060[D]: Incoming request  #2106: GET /Duluka/v.1.0/State
2026-10-03T18:28:41.061[D]: Response finished #2106: GET /Duluka/v.1.0/State with status 404
2026-10-03T18:28:41.566[D]: Incoming request  #2107: GET /Duluka/v.1.0/State
2026-10-03T18:28:41.567[D]: Response finished #2107: GET /Duluka/v.1.0/State with status 404
2026-10-03T18:28:42.069[D]: Incoming request  #2108: GET /Duluka/v.1.0/State
2026-10-03T18:28:42.070[D]: Response finished #2108: GET /Duluka/v.1.0/State with status 404
2026-10-03T18:28:42.571[D]: Incoming request  #2109: GET /Duluka/v.1.0/State
2026-10-03T18:28:42.572[D]: Response finished #2109: GET /Duluka/v.1.0/State with status 404
2026-10-03T18:28:43.060[D]: Incoming request  #2110: GET /Duluka/v.1.0/State
2026-10-03T18:28:43.062[D]: Response finished #2110: GET /Duluka/v.1.0/State with status 404
2026-10-03T18:28:43.558[D]: Incoming request  #2111: GET /Duluka/v.1.0/State
2026-10-03T18:28:43.558[D]: Response finished #2111: GET /Duluka/v.1.0/State with status 404
2026-10-03T18:28:44.060[D]: Incoming request  #2112: GET /Duluka/v.1.0/State
2026-10-03T18:28:44.062[D]: Response finished #2112: GET /Duluka/v.1.0/State with status 404
2026-10-03T18:28:44.562[D]: Incoming request  #2113: GET /Duluka/v.1.0/State
2026-10-03T18:28:44.563[D]: Response finished #2113: GET /Duluka/v.1.0/State with status 404
2026-10-03T18:28:45.072[D]: Incoming request  #2114: GET /Duluka/v.1.0/State
2026-10-03T18:28:45.073[D]: Response finished #2114: GET /Duluka/v.1.0/State with status 404
2026-10-03T18:28:45.572[D]: Incoming request  #2115: GET /Duluka/v.1.0/State
2026-10-03T18:28:45.573[D]: Response finished #2115: GET /Duluka/v.1.0/State with status 404
2026-10-03T18:28:46.064[D]: Incoming request  #2116: GET /Duluka/v.1.0/State
2026-10-03T18:28:46.065[D]: Response finished #2116: GET /Duluka/v.1.0/State with status 404
2026-10-03T18:28:46.564[D]: Incoming request  #2117: GET /Duluka/v.1.0/State
2026-10-03T18:28:46.565[D]: Response finished #2117: GET /Duluka/v.1.0/State with status 404
2026-10-03T18:28:47.068[D]: Incoming request  #2118: GET /Duluka/v.1.0/State
2026-10-03T18:28:47.070[D]: Response finished #2118: GET /Duluka/v.1.0/State with status 404
2026-10-03T18:28:47.570[D]: Incoming request  #2119: GET /Duluka/v.1.0/State
2026-10-03T18:28:47.571[D]: Response finished #2119: GET /Duluka/v.1.0/State with status 404
2026-10-03T18:28:48.070[D]: Incoming request  #2120: GET /Duluka/v.1.0/State
2026-10-03T18:28:48.071[D]: Response finished #2120: GET /Duluka/v.1.0/State with status 404
2026-10-03T18:28:48.572[D]: Incoming request  #2121: GET /Duluka/v.1.0/State
2026-10-03T18:28:48.575[D]: Response finished #2121: GET /Duluka/v.1.0/State with status 404
2026-10-03T18:28:49.074[D]: Incoming request  #2122: GET /Duluka/v.1.0/State
2026-10-03T18:28:49.075[D]: Response finished #2122: GET /Duluka/v.1.0/State with status 404
2026-10-03T18:28:49.569[D]: Incoming request  #2123: GET /Duluka/v.1.0/State
2026-10-03T18:28:49.570[D]: Response finished #2123: GET /Duluka/v.1.0/State with status 404
2026-10-03T18:28:50.068[D]: Incoming request  #2124: GET /Duluka/v.1.0/State
2026-10-03T18:28:50.069[D]: Response finished #2124: GET /Duluka/v.1.0/State with status 404
2026-10-03T18:28:50.572[D]: Incoming request  #2125: GET /Duluka/v.1.0/State
2026-10-03T18:28:50.572[D]: Response finished #2125: GET /Duluka/v.1.0/State with status 404
2026-10-03T18:28:51.062[D]: Incoming request  #2126: GET /Duluka/v.1.0/State
2026-10-03T18:28:51.063[D]: Response finished #2126: GET /Duluka/v.1.0/State with status 404
2026-10-03T18:28:51.558[D]: Incoming request  #2127: GET /Duluka/v.1.0/State
2026-10-03T18:28:51.559[D]: Response finished #2127: GET /Duluka/v.1.0/State with status 404
2026-10-03T18:28:52.060[D]: Incoming request  #2128: GET /Duluka/v.1.0/State
2026-10-03T18:28:52.060[D]: Response finished #2128: GET /Duluka/v.1.0/State with status 404
2026-10-03T18:28:52.557[D]: Incoming request  #2129: GET /Duluka/v.1.0/State
2026-10-03T18:28:52.558[D]: Response finished #2129: GET /Duluka/v.1.0/State with status 404
2026-10-03T18:28:53.059[D]: Incoming request  #2130: GET /Duluka/v.1.0/State
2026-10-03T18:28:53.060[D]: Response finished #2130: GET /Duluka/v.1.0/State with status 404
2026-10-03T18:28:53.342[D]: JOIN 
2026-10-03T18:28:53.563[D]: Incoming request  #2131: GET /Duluka/v.1.0/State
2026-10-03T18:28:53.564[D]: Response finished #2131: GET /Duluka/v.1.0/State with status 404
2026-10-03T18:28:54.065[D]: Incoming request  #2132: GET /Duluka/v.1.0/State
2026-10-03T18:28:54.066[D]: Response finished #2132: GET /Duluka/v.1.0/State with status 404
2026-10-03T18:28:54.564[D]: Incoming request  #2133: GET /Duluka/v.1.0/State
2026-10-03T18:28:54.565[D]: Response finished #2133: GET /Duluka/v.1.0/State with status 404
2026-10-03T18:28:54.595[D]: Incoming request  #2134: GET /PiplConfig/v.1.0/data
2026-10-03T18:28:54.595[I]: Get PiplConfig
2026-10-03T18:28:54.597[D]: Response finished #2134: GET /PiplConfig/v.1.0/data with status 200
2026-10-03T18:28:54.600[D]: Incoming request  #2135: GET /HardwareInformation/v.0.1
2026-10-03T18:28:55.063[D]: Incoming request  #2136: GET /Duluka/v.1.0/State
2026-10-03T18:28:55.065[D]: Response finished #2136: GET /Duluka/v.1.0/State with status 404
2026-10-03T18:28:55.091[D]: Request GET /HardwareInformation/v.0.1 succeeded and driver version is 582.66
2026-10-03T18:28:55.095[D]: Incoming request  #2137: GET /Account/v.1.0/UserToken
2026-10-03T18:28:55.096[D]: Response finished #2135: GET /HardwareInformation/v.0.1 with status 200
2026-10-03T18:28:55.097[I]: { type: 'Error',
  code: 2147942402,
  codeText: 'Unknown error',
  message: 'Failed to get User Info' }
2026-10-03T18:28:55.097[E]: {"type":"Error","code":2147942402,"codeText":"Unknown error","message":"Failed to get User Info"}
2026-10-03T18:28:55.101[D]: Response finished #2137: GET /Account/v.1.0/UserToken with status 500
2026-10-03T18:28:55.103[I]: Socket fq5woITr_b2HMKJKAAAB connected
2026-10-03T18:28:55.116[D]: Incoming request  #2138: GET /Account/v.1.0/UserToken
2026-10-03T18:28:55.117[I]: { type: 'Error',
  code: 2147942402,
  codeText: 'Unknown error',
  message: 'Failed to get User Info' }
2026-10-03T18:28:55.117[E]: {"type":"Error","code":2147942402,"codeText":"Unknown error","message":"Failed to get User Info"}
2026-10-03T18:28:55.149[D]: Response finished #2138: GET /Account/v.1.0/UserToken with status 500
2026-10-03T18:28:55.175[D]: Incoming request  #2139: GET /Account/v.1.0/PrivacySettings?clientId=undefined
2026-10-03T18:28:55.176[D]: Incoming request  #2140: POST /ShadowPlay/v.1.0/Hotkey/DynamicToggle
2026-10-03T18:28:55.177[I]: Post Data: {"enable":true,"hotkeyNames":["broadcasttoggle","broadcastpausetoggle"]}
2026-10-03T18:28:55.177[I]: HotkeyDynamicToggle with data {"enable":true,"hotkeyNames":["broadcasttoggle","broadcastpausetoggle"]}
2026-10-03T18:28:55.178[E]: SetCaptureSessionParam: session:4294967295, cmd:13
2026-10-03T18:28:55.179[I]: { type: 'Error',
  code: -2147024809,
  codeText: 'Unknown/Internal error',
  message: undefined }
2026-10-03T18:28:55.180[E]: {"type":"Error","code":-2147024809,"codeText":"Unknown/Internal error"}
2026-10-03T18:28:55.183[D]: Response finished #2140: POST /ShadowPlay/v.1.0/Hotkey/DynamicToggle with status 500
2026-10-03T18:28:55.184[D]: Response finished #2139: GET /Account/v.1.0/PrivacySettings?clientId=undefined with status 200
2026-10-03T18:28:55.197[D]: Incoming request  #2141: GET /ShadowPlay/v.1.0/Launch
2026-10-03T18:28:55.199[E]: ShadowPlay is running but idle (possible crash)
2026-10-03T18:28:55.199[I]: ShadowPlay Launch state: {"launch":false}
2026-10-03T18:28:55.204[D]: Incoming request  #2142: GET /HardwareInformation/v.0.1
2026-10-03T18:28:55.205[D]: Response finished #2141: GET /ShadowPlay/v.1.0/Launch with status 200
2026-10-03T18:28:55.482[D]: Incoming request  #2143: GET /Settings/v.1.0/Language
2026-10-03T18:28:55.484[I]: Language:undefined
2026-10-03T18:28:55.485[D]: Response finished #2143: GET /Settings/v.1.0/Language with status 200
2026-10-03T18:28:55.486[D]: Incoming request  #2144: POST /ShadowPlay/v.1.0/Launch
2026-10-03T18:28:55.487[I]: Post Data: {"launch":true}
2026-10-03T18:28:55.487[I]: Setting ShadowPlay Enable: {"launch":true}
2026-10-03T18:28:55.488[E]: ShadowPlay is running but idle (possible crash)
2026-10-03T18:28:55.488[E]: ShadowPlay not running
2026-10-03T18:28:55.488[I]: Enabling ShadowPlay
2026-10-03T18:28:55.499[D]: Incoming request  #2145: GET /gfeupdate/autoGFEDownload/autoGFEbeta
2026-10-03T18:28:55.500[D]: Response finished #2145: GET /gfeupdate/autoGFEDownload/autoGFEbeta with status 200
2026-10-03T18:28:55.505[D]: Incoming request  #2146: GET /beta
2026-10-03T18:28:55.505[D]: Response finished #2146: GET /beta with status 200
2026-10-03T18:28:55.561[D]: Incoming request  #2147: GET /Duluka/v.1.0/State
2026-10-03T18:28:55.563[D]: Response finished #2147: GET /Duluka/v.1.0/State with status 404
2026-10-03T18:28:55.622[D]: Request GET /HardwareInformation/v.0.1 succeeded and driver version is 582.66
2026-10-03T18:28:55.669[D]: Response finished #2142: GET /HardwareInformation/v.0.1 with status 200
2026-10-03T18:28:56.065[D]: Incoming request  #2148: GET /Duluka/v.1.0/State
2026-10-03T18:28:56.065[D]: Response finished #2148: GET /Duluka/v.1.0/State with status 404
2026-10-03T18:28:56.567[D]: Incoming request  #2149: GET /Duluka/v.1.0/State
2026-10-03T18:28:56.568[D]: Response finished #2149: GET /Duluka/v.1.0/State with status 404
2026-10-03T18:28:57.065[D]: Incoming request  #2150: GET /Duluka/v.1.0/State
2026-10-03T18:28:57.065[D]: Response finished #2150: GET /Duluka/v.1.0/State with status 404
2026-10-03T18:28:57.564[D]: Incoming request  #2151: GET /Duluka/v.1.0/State
2026-10-03T18:28:57.565[D]: Response finished #2151: GET /Duluka/v.1.0/State with status 404
2026-10-03T18:28:57.853[E]: SP Server run failure: -2147220941. Start failure count: 2
2026-10-03T18:28:57.853[I]: { type: 'Error',
  code: -2147220941,
  codeText: 'ShadowPlay: OSC enable failed',
  message: undefined }
2026-10-03T18:28:57.853[E]: {"type":"Error","code":-2147220941,"codeText":"ShadowPlay: OSC enable failed"}
2026-10-03T18:28:57.889[D]: Response finished #2144: POST /ShadowPlay/v.1.0/Launch with status 500
2026-10-03T18:28:57.890[E]: Socket fq5woITr_b2HMKJKAAAB disconnected
2026-10-03T18:28:57.951[D]: LEAVE Shadowplay:ShadowplayApi25384
2026-10-03T18:28:58.060[D]: Incoming request  #2152: GET /Duluka/v.1.0/State
2026-10-03T18:28:58.062[D]: Response finished #2152: GET /Duluka/v.1.0/State with status 404
2026-10-03T18:28:58.564[D]: Incoming request  #2153: GET /Duluka/v.1.0/State
2026-10-03T18:28:58.565[D]: Response finished #2153: GET /Duluka/v.1.0/State with status 404
2026-10-03T18:28:59.062[D]: Incoming request  #2154: GET /Duluka/v.1.0/State
2026-10-03T18:28:59.063[D]: Response finished #2154: GET /Duluka/v.1.0/State with status 404
2026-10-03T18:28:59.568[D]: Incoming request  #2155: GET /Duluka/v.1.0/State
2026-10-03T18:28:59.570[D]: Response finished #2155: GET /Duluka/v.1.0/State with status 404
2026-10-03T18:29:00.062[D]: Incoming request  #2156: GET /Duluka/v.1.0/State
2026-10-03T18:29:00.063[D]: Response finished #2156: GET /Duluka/v.1.0/State with status 404
2026-10-03T18:29:00.560[D]: Incoming request  #2157: GET /Duluka/v.1.0/State
2026-10-03T18:29:00.561[D]: Response finished #2157: GET /Duluka/v.1.0/State with status 404
2026-10-03T18:29:01.058[D]: Incoming request  #2158: GET /Duluka/v.1.0/State
2026-10-03T18:29:01.059[D]: Response finished #2158: GET /Duluka/v.1.0/State with status 404
2026-10-03T18:29:01.560[D]: Incoming request  #2159: GET /Duluka/v.1.0/State
2026-10-03T18:29:01.562[D]: Response finished #2159: GET /Duluka/v.1.0/State with status 404
2026-10-03T18:29:02.061[D]: Incoming request  #2160: GET /Duluka/v.1.0/State
2026-10-03T18:29:02.061[D]: Response finished #2160: GET /Duluka/v.1.0/State with status 404
2026-10-03T18:29:02.563[D]: Incoming request  #2161: GET /Duluka/v.1.0/State
2026-10-03T18:29:02.564[D]: Response finished #2161: GET /Duluka/v.1.0/State with status 404
2026-10-03T18:29:03.062[D]: Incoming request  #2162: GET /Duluka/v.1.0/State
2026-10-03T18:29:03.062[D]: Response finished #2162: GET /Duluka/v.1.0/State with status 404
2026-10-03T18:29:03.563[D]: Incoming request  #2163: GET /Duluka/v.1.0/State
2026-10-03T18:29:03.565[D]: Response finished #2163: GET /Duluka/v.1.0/State with status 404
2026-10-03T18:29:04.065[D]: Incoming request  #2164: GET /Duluka/v.1.0/State
2026-10-03T18:29:04.067[D]: Response finished #2164: GET /Duluka/v.1.0/State with status 404
2026-10-03T18:29:04.567[D]: Incoming request  #2165: GET /Duluka/v.1.0/State
2026-10-03T18:29:04.567[D]: Response finished #2165: GET /Duluka/v.1.0/State with status 404
2026-10-03T18:29:05.057[D]: Incoming request  #2166: GET /Duluka/v.1.0/State
2026-10-03T18:29:05.059[D]: Response finished #2166: GET /Duluka/v.1.0/State with status 404
2026-10-03T18:29:05.560[D]: Incoming request  #2167: GET /Duluka/v.1.0/State
2026-10-03T18:29:05.562[D]: Response finished #2167: GET /Duluka/v.1.0/State with status 404
2026-10-03T18:29:06.063[D]: Incoming request  #2168: GET /Duluka/v.1.0/State
2026-10-03T18:29:06.065[D]: Response finished #2168: GET /Duluka/v.1.0/State with status 404
2026-10-03T18:29:06.564[D]: Incoming request  #2169: GET /Duluka/v.1.0/State
2026-10-03T18:29:06.564[D]: Response finished #2169: GET /Duluka/v.1.0/State with status 404
2026-10-03T18:29:07.069[D]: Incoming request  #2170: GET /Duluka/v.1.0/State
2026-10-03T18:29:07.070[D]: Response finished #2170: GET /Duluka/v.1.0/State with status 404
2026-10-03T18:29:07.567[D]: Incoming request  #2171: GET /Duluka/v.1.0/State
2026-10-03T18:29:07.567[D]: Response finished #2171: GET /Duluka/v.1.0/State with status 404
2026-10-03T18:29:08.066[D]: Incoming request  #2172: GET /Duluka/v.1.0/State
2026-10-03T18:29:08.068[D]: Response finished #2172: GET /Duluka/v.1.0/State with status 404
2026-10-03T18:29:08.424[D]: LEAVE Shadowplay:ShadowplayServer
2026-10-03T18:29:08.568[D]: Incoming request  #2173: GET /Duluka/v.1.0/State
2026-10-03T18:29:08.569[D]: Response finished #2173: GET /Duluka/v.1.0/State with status 404
2026-10-03T18:29:08.878[D]: JOIN 
2026-10-03T18:29:09.063[D]: Incoming request  #2174: GET /Duluka/v.1.0/State
2026-10-03T18:29:09.064[D]: Response finished #2174: GET /Duluka/v.1.0/State with status 404
2026-10-03T18:29:09.563[D]: Incoming request  #2175: GET /Duluka/v.1.0/State
2026-10-03T18:29:09.564[D]: Response finished #2175: GET /Duluka/v.1.0/State with status 404
2026-10-03T18:29:10.062[D]: Incoming request  #2176: GET /Duluka/v.1.0/State
2026-10-03T18:29:10.065[D]: Response finished #2176: GET /Duluka/v.1.0/State with status 404
2026-10-03T18:29:10.560[D]: Incoming request  #2177: GET /Duluka/v.1.0/State
2026-10-03T18:29:10.562[D]: Response finished #2177: GET /Duluka/v.1.0/State with status 404
2026-10-03T18:29:11.058[D]: Incoming request  #2178: GET /Duluka/v.1.0/State
2026-10-03T18:29:11.059[D]: Response finished #2178: GET /Duluka/v.1.0/State with status 404
2026-10-03T18:29:11.564[D]: Incoming request  #2179: GET /Duluka/v.1.0/State
2026-10-03T18:29:11.564[D]: Response finished #2179: GET /Duluka/v.1.0/State with status 404
2026-10-03T18:29:12.064[D]: Incoming request  #2180: GET /Duluka/v.1.0/State
2026-10-03T18:29:12.066[D]: Response finished #2180: GET /Duluka/v.1.0/State with status 404
2026-10-03T18:29:12.565[D]: Incoming request  #2181: GET /Duluka/v.1.0/State
2026-10-03T18:29:12.566[D]: Response finished #2181: GET /Duluka/v.1.0/State with status 404
2026-10-03T18:29:13.066[D]: Incoming request  #2182: GET /Duluka/v.1.0/State
2026-10-03T18:29:13.067[D]: Response finished #2182: GET /Duluka/v.1.0/State with status 404
2026-10-03T18:29:13.565[D]: Incoming request  #2183: GET /Duluka/v.1.0/State
2026-10-03T18:29:13.565[D]: Response finished #2183: GET /Duluka/v.1.0/State with status 404
2026-10-03T18:29:14.070[D]: Incoming request  #2184: GET /Duluka/v.1.0/State
2026-10-03T18:29:14.070[D]: Response finished #2184: GET /Duluka/v.1.0/State with status 404
2026-10-03T18:29:14.572[D]: Incoming request  #2185: GET /Duluka/v.1.0/State
2026-10-03T18:29:14.573[D]: Response finished #2185: GET /Duluka/v.1.0/State with status 404
2026-10-03T18:29:15.060[D]: Incoming request  #2186: GET /Duluka/v.1.0/State
2026-10-03T18:29:15.061[D]: Response finished #2186: GET /Duluka/v.1.0/State with status 404
2026-10-03T18:29:15.561[D]: Incoming request  #2187: GET /Duluka/v.1.0/State
2026-10-03T18:29:15.562[D]: Response finished #2187: GET /Duluka/v.1.0/State with status 404
2026-10-03T18:29:16.068[D]: Incoming request  #2188: GET /Duluka/v.1.0/State
2026-10-03T18:29:16.068[D]: Response finished #2188: GET /Duluka/v.1.0/State with status 404
2026-10-03T18:29:16.568[D]: Incoming request  #2189: GET /Duluka/v.1.0/State
2026-10-03T18:29:16.569[D]: Response finished #2189: GET /Duluka/v.1.0/State with status 404
2026-10-03T18:29:17.057[D]: Incoming request  #2190: GET /Duluka/v.1.0/State
2026-10-03T18:29:17.057[D]: Response finished #2190: GET /Duluka/v.1.0/State with status 404
2026-10-03T18:29:17.559[D]: Incoming request  #2191: GET /Duluka/v.1.0/State
2026-10-03T18:29:17.560[D]: Response finished #2191: GET /Duluka/v.1.0/State with status 404
2026-10-03T18:29:18.063[D]: Incoming request  #2192: GET /Duluka/v.1.0/State
2026-10-03T18:29:18.065[D]: Response finished #2192: GET /Duluka/v.1.0/State with status 404
2026-10-03T18:29:18.560[D]: Incoming request  #2193: GET /Duluka/v.1.0/State
2026-10-03T18:29:18.561[D]: Response finished #2193: GET /Duluka/v.1.0/State with status 404
2026-10-03T18:29:19.067[D]: Incoming request  #2194: GET /Duluka/v.1.0/State
2026-10-03T18:29:19.067[D]: Response finished #2194: GET /Duluka/v.1.0/State with status 404
2026-10-03T18:29:19.566[D]: Incoming request  #2195: GET /Duluka/v.1.0/State
2026-10-03T18:29:19.566[D]: Response finished #2195: GET /Duluka/v.1.0/State with status 404
2026-10-03T18:29:20.068[D]: Incoming request  #2196: GET /Duluka/v.1.0/State
2026-10-03T18:29:20.069[D]: Response finished #2196: GET /Duluka/v.1.0/State with status 404
2026-10-03T18:29:20.572[D]: Incoming request  #2197: GET /Duluka/v.1.0/State
2026-10-03T18:29:20.574[D]: Response finished #2197: GET /Duluka/v.1.0/State with status 404
2026-10-03T18:29:21.071[D]: Incoming request  #2198: GET /Duluka/v.1.0/State
2026-10-03T18:29:21.071[D]: Response finished #2198: GET /Duluka/v.1.0/State with status 404
2026-10-03T18:29:21.559[D]: Incoming request  #2199: GET /Duluka/v.1.0/State
2026-10-03T18:29:21.560[D]: Response finished #2199: GET /Duluka/v.1.0/State with status 404
2026-10-03T18:29:22.064[D]: Incoming request  #2200: GET /Duluka/v.1.0/State
2026-10-03T18:29:22.065[D]: Response finished #2200: GET /Duluka/v.1.0/State with status 404
2026-10-03T18:29:22.562[D]: Incoming request  #2201: GET /Duluka/v.1.0/State
2026-10-03T18:29:22.564[D]: Response finished #2201: GET /Duluka/v.1.0/State with status 404
2026-10-03T18:29:23.068[D]: Incoming request  #2202: GET /Duluka/v.1.0/State
2026-10-03T18:29:23.069[D]: Response finished #2202: GET /Duluka/v.1.0/State with status 404
2026-10-03T18:29:23.567[D]: Incoming request  #2203: GET /Duluka/v.1.0/State
2026-10-03T18:29:23.567[D]: Response finished #2203: GET /Duluka/v.1.0/State with status 404
2026-10-03T18:29:24.064[D]: Incoming request  #2204: GET /Duluka/v.1.0/State
2026-10-03T18:29:24.066[D]: Response finished #2204: GET /Duluka/v.1.0/State with status 404
2026-10-03T18:29:24.561[D]: Incoming request  #2205: GET /Duluka/v.1.0/State
2026-10-03T18:29:24.563[D]: Response finished #2205: GET /Duluka/v.1.0/State with status 404
2026-10-03T18:29:25.062[D]: Incoming request  #2206: GET /Duluka/v.1.0/State
2026-10-03T18:29:25.063[D]: Response finished #2206: GET /Duluka/v.1.0/State with status 404
2026-10-03T18:29:25.569[D]: Incoming request  #2207: GET /Duluka/v.1.0/State
2026-10-03T18:29:25.571[D]: Response finished #2207: GET /Duluka/v.1.0/State with status 404
2026-10-03T18:29:26.067[D]: Incoming request  #2208: GET /Duluka/v.1.0/State
2026-10-03T18:29:26.068[D]: Response finished #2208: GET /Duluka/v.1.0/State with status 404
2026-10-03T18:29:26.565[D]: Incoming request  #2209: GET /Duluka/v.1.0/State
2026-10-03T18:29:26.566[D]: Response finished #2209: GET /Duluka/v.1.0/State with status 404
2026-10-03T18:29:27.063[D]: Incoming request  #2210: GET /Duluka/v.1.0/State
2026-10-03T18:29:27.063[D]: Response finished #2210: GET /Duluka/v.1.0/State with status 404
2026-10-03T18:29:27.562[D]: Incoming request  #2211: GET /Duluka/v.1.0/State
2026-10-03T18:29:27.562[D]: Response finished #2211: GET /Duluka/v.1.0/State with status 404
2026-10-03T18:29:28.062[D]: Incoming request  #2212: GET /Duluka/v.1.0/State
2026-10-03T18:29:28.065[D]: Response finished #2212: GET /Duluka/v.1.0/State with status 404
2026-10-03T18:29:28.453[D]: Incoming request  #2213: POST /ShadowPlay/v.1.0/Launch
2026-10-03T18:29:28.460[I]: Post Data: {"launch":true}
2026-10-03T18:29:28.461[I]: Setting ShadowPlay Enable: {"launch":true}
2026-10-03T18:29:28.462[E]: ShadowPlay is running but idle (possible crash)
2026-10-03T18:29:28.462[E]: ShadowPlay not running
2026-10-03T18:29:28.462[I]: Enabling ShadowPlay
2026-10-03T18:29:28.564[D]: Incoming request  #2214: GET /Duluka/v.1.0/State
2026-10-03T18:29:28.564[D]: Response finished #2214: GET /Duluka/v.1.0/State with status 404
2026-10-03T18:29:29.063[D]: Incoming request  #2215: GET /Duluka/v.1.0/State
2026-10-03T18:29:29.063[D]: Response finished #2215: GET /Duluka/v.1.0/State with status 404
2026-10-03T18:29:29.564[D]: Incoming request  #2216: GET /Duluka/v.1.0/State
2026-10-03T18:29:29.565[D]: Response finished #2216: GET /Duluka/v.1.0/State with status 404
2026-10-03T18:29:30.067[D]: Incoming request  #2217: GET /Duluka/v.1.0/State
2026-10-03T18:29:30.068[D]: Response finished #2217: GET /Duluka/v.1.0/State with status 404
2026-10-03T18:29:30.567[D]: Incoming request  #2218: GET /Duluka/v.1.0/State
2026-10-03T18:29:30.569[D]: Response finished #2218: GET /Duluka/v.1.0/State with status 404
2026-10-03T18:29:30.965[D]: JOIN 
2026-10-03T18:29:31.054[D]: JOIN 
2026-10-03T18:29:31.069[D]: Incoming request  #2219: GET /Duluka/v.1.0/State
2026-10-03T18:29:31.069[D]: Response finished #2219: GET /Duluka/v.1.0/State with status 404
2026-10-03T18:29:31.565[D]: Incoming request  #2220: GET /Duluka/v.1.0/State
2026-10-03T18:29:31.568[D]: Response finished #2220: GET /Duluka/v.1.0/State with status 404
2026-10-03T18:29:31.863[D]: LEAVE Shadowplay:ShadowplayApi25816
2026-10-03T18:29:31.882[E]: SP Server run failure: -2147467259. Start failure count: 3
2026-10-03T18:29:31.882[I]: { type: 'Error',
  code: -2147467259,
  codeText: 'Unknown/Internal error',
  message: undefined }
2026-10-03T18:29:31.883[E]: {"type":"Error","code":-2147467259,"codeText":"Unknown/Internal error"}
2026-10-03T18:29:31.894[D]: LEAVE Hotkey:HotkeyPlugin
2026-10-03T18:29:32.004[D]: Response finished #2213: POST /ShadowPlay/v.1.0/Launch with status 500
2026-10-03T18:29:32.067[D]: Incoming request  #2221: GET /Duluka/v.1.0/State
2026-10-03T18:29:32.068[D]: Response finished #2221: GET /Duluka/v.1.0/State with status 404
2026-10-03T18:29:32.563[D]: Incoming request  #2222: GET /Duluka/v.1.0/State
2026-10-03T18:29:32.563[D]: Response finished #2222: GET /Duluka/v.1.0/State with status 404
2026-10-03T18:29:33.065[D]: Incoming request  #2223: GET /Duluka/v.1.0/State
2026-10-03T18:29:33.066[D]: Response finished #2223: GET /Duluka/v.1.0/State with status 404
2026-10-03T18:29:33.567[D]: Incoming request  #2224: GET /Duluka/v.1.0/State
2026-10-03T18:29:33.567[D]: Response finished #2224: GET /Duluka/v.1.0/State with status 404
2026-10-03T18:29:34.070[D]: Incoming request  #2225: GET /Duluka/v.1.0/State
2026-10-03T18:29:34.070[D]: Response finished #2225: GET /Duluka/v.1.0/State with status 404
2026-10-03T18:29:34.570[D]: Incoming request  #2226: GET /Duluka/v.1.0/State
2026-10-03T18:29:34.572[D]: Response finished #2226: GET /Duluka/v.1.0/State with status 404
2026-10-03T18:29:35.067[D]: Incoming request  #2227: GET /Duluka/v.1.0/State
2026-10-03T18:29:35.067[D]: Response finished #2227: GET /Duluka/v.1.0/State with status 404
2026-10-03T18:29:35.570[D]: Incoming request  #2228: GET /Duluka/v.1.0/State
2026-10-03T18:29:35.570[D]: Response finished #2228: GET /Duluka/v.1.0/State with status 404
2026-10-03T18:29:36.071[D]: Incoming request  #2229: GET /Duluka/v.1.0/State
2026-10-03T18:29:36.072[D]: Response finished #2229: GET /Duluka/v.1.0/State with status 404
2026-10-03T18:29:36.569[D]: Incoming request  #2230: GET /Duluka/v.1.0/State
2026-10-03T18:29:36.570[D]: Response finished #2230: GET /Duluka/v.1.0/State with status 404
2026-10-03T18:29:36.917[D]: Incoming request  #2231: GET /ShadowPlay/v.1.0/Hotkey/Monitor
2026-10-03T18:29:36.918[I]: { type: 'Error',
  code: -2147024809,
  codeText: 'Unknown/Internal error',
  message: undefined }
2026-10-03T18:29:36.918[E]: {"type":"Error","code":-2147024809,"codeText":"Unknown/Internal error"}
2026-10-03T18:29:36.945[D]: Incoming request  #2232: POST /ShadowPlay/v.1.0/Hotkey/Monitor
2026-10-03T18:29:36.945[D]: Response finished #2231: GET /ShadowPlay/v.1.0/Hotkey/Monitor with status 500
2026-10-03T18:29:36.945[I]: Post Data: {"enable":true}
2026-10-03T18:29:36.945[I]: Setting hotkey monitoring with data {"enable":true}
2026-10-03T18:29:36.947[I]: { type: 'Error',
  code: -2147024809,
  codeText: 'Unknown/Internal error',
  message: undefined }
2026-10-03T18:29:36.947[E]: {"type":"Error","code":-2147024809,"codeText":"Unknown/Internal error"}
2026-10-03T18:29:36.948[D]: Incoming request  #2233: POST /ShadowPlay/v.1.0/Hotkey/overlaytoggle
2026-10-03T18:29:36.949[D]: Response finished #2232: POST /ShadowPlay/v.1.0/Hotkey/Monitor with status 500
2026-10-03T18:29:36.949[I]: Post Data: {"keys":[18,90]}
2026-10-03T18:29:36.949[I]: Setting hotkey overlaytoggle with data {"keys":[18,90]}
2026-10-03T18:29:36.966[I]: { type: 'Error',
  code: -2147024809,
  codeText: 'Unknown/Internal error',
  message: undefined }
2026-10-03T18:29:36.967[E]: {"type":"Error","code":-2147024809,"codeText":"Unknown/Internal error"}
2026-10-03T18:29:37.005[D]: Response finished #2233: POST /ShadowPlay/v.1.0/Hotkey/overlaytoggle with status 500
2026-10-03T18:29:37.069[D]: Incoming request  #2234: GET /Duluka/v.1.0/State
2026-10-03T18:29:37.069[D]: Response finished #2234: GET /Duluka/v.1.0/State with status 404
2026-10-03T18:29:37.568[D]: Incoming request  #2235: GET /Duluka/v.1.0/State
2026-10-03T18:29:37.568[D]: Response finished #2235: GET /Duluka/v.1.0/State with status 404
2026-10-03T18:29:38.067[D]: Incoming request  #2236: GET /Duluka/v.1.0/State
2026-10-03T18:29:38.068[D]: Response finished #2236: GET /Duluka/v.1.0/State with status 404
2026-10-03T18:29:38.566[D]: Incoming request  #2237: GET /Duluka/v.1.0/State
2026-10-03T18:29:38.567[D]: Response finished #2237: GET /Duluka/v.1.0/State with status 404
2026-10-03T18:29:39.070[D]: Incoming request  #2238: GET /Duluka/v.1.0/State
2026-10-03T18:29:39.070[D]: Response finished #2238: GET /Duluka/v.1.0/State with status 404
2026-10-03T18:29:39.569[D]: Incoming request  #2239: GET /Duluka/v.1.0/State
2026-10-03T18:29:39.569[D]: Response finished #2239: GET /Duluka/v.1.0/State with status 404
2026-10-03T18:29:40.068[D]: Incoming request  #2240: GET /Duluka/v.1.0/State
2026-10-03T18:29:40.068[D]: Response finished #2240: GET /Duluka/v.1.0/State with status 404
2026-10-03T18:29:40.568[D]: Incoming request  #2241: GET /Duluka/v.1.0/State
2026-10-03T18:29:40.569[D]: Response finished #2241: GET /Duluka/v.1.0/State with status 404
2026-10-03T18:29:41.069[D]: Incoming request  #2242: GET /Duluka/v.1.0/State
2026-10-03T18:29:41.069[D]: Response finished #2242: GET /Duluka/v.1.0/State with status 404
2026-10-03T18:29:41.569[D]: Incoming request  #2243: GET /Duluka/v.1.0/State
2026-10-03T18:29:41.569[D]: Response finished #2243: GET /Duluka/v.1.0/State with status 404
2026-10-03T18:29:42.072[D]: Incoming request  #2244: GET /Duluka/v.1.0/State
2026-10-03T18:29:42.073[D]: Response finished #2244: GET /Duluka/v.1.0/State with status 404
2026-10-03T18:29:42.569[D]: Incoming request  #2245: GET /Duluka/v.1.0/State
2026-10-03T18:29:42.570[D]: Response finished #2245: GET /Duluka/v.1.0/State with status 404
2026-10-03T18:29:43.070[D]: Incoming request  #2246: GET /Duluka/v.1.0/State
2026-10-03T18:29:43.071[D]: Response finished #2246: GET /Duluka/v.1.0/State with status 404
2026-10-03T18:29:43.569[D]: Incoming request  #2247: GET /Duluka/v.1.0/State
2026-10-03T18:29:43.569[D]: Response finished #2247: GET /Duluka/v.1.0/State with status 404
2026-10-03T18:29:44.067[D]: Incoming request  #2248: GET /Duluka/v.1.0/State
2026-10-03T18:29:44.068[D]: Response finished #2248: GET /Duluka/v.1.0/State with status 404
2026-10-03T18:29:44.567[D]: Incoming request  #2249: GET /Duluka/v.1.0/State
2026-10-03T18:29:44.568[D]: Response finished #2249: GET /Duluka/v.1.0/State with status 404
2026-10-03T18:29:45.068[D]: Incoming request  #2250: GET /Duluka/v.1.0/State
2026-10-03T18:29:45.070[D]: Response finished #2250: GET /Duluka/v.1.0/State with status 404
2026-10-03T18:29:45.571[D]: Incoming request  #2251: GET /Duluka/v.1.0/State
2026-10-03T18:29:45.571[D]: Response finished #2251: GET /Duluka/v.1.0/State with status 404
2026-10-03T18:29:46.061[D]: Incoming request  #2252: GET /Duluka/v.1.0/State
2026-10-03T18:29:46.061[D]: Response finished #2252: GET /Duluka/v.1.0/State with status 404
2026-10-03T18:29:46.564[D]: Incoming request  #2253: GET /Duluka/v.1.0/State
2026-10-03T18:29:46.565[D]: Response finished #2253: GET /Duluka/v.1.0/State with status 404
2026-10-03T18:29:47.061[D]: Incoming request  #2254: GET /Duluka/v.1.0/State
2026-10-03T18:29:47.063[D]: Response finished #2254: GET /Duluka/v.1.0/State with status 404
2026-10-03T18:29:47.564[D]: Incoming request  #2255: GET /Duluka/v.1.0/State
2026-10-03T18:29:47.564[D]: Response finished #2255: GET /Duluka/v.1.0/State with status 404
2026-10-03T18:29:48.063[D]: Incoming request  #2256: GET /Duluka/v.1.0/State
2026-10-03T18:29:48.064[D]: Response finished #2256: GET /Duluka/v.1.0/State with status 404
2026-10-03T18:29:48.562[D]: Incoming request  #2257: GET /Duluka/v.1.0/State
2026-10-03T18:29:48.563[D]: Response finished #2257: GET /Duluka/v.1.0/State with status 404
2026-10-03T18:29:49.061[D]: Incoming request  #2258: GET /Duluka/v.1.0/State
2026-10-03T18:29:49.061[D]: Response finished #2258: GET /Duluka/v.1.0/State with status 404
2026-10-03T18:29:49.558[D]: Incoming request  #2259: GET /Duluka/v.1.0/State
2026-10-03T18:29:49.559[D]: Response finished #2259: GET /Duluka/v.1.0/State with status 404
2026-10-03T18:29:50.059[D]: Incoming request  #2260: GET /Duluka/v.1.0/State
2026-10-03T18:29:50.060[D]: Response finished #2260: GET /Duluka/v.1.0/State with status 404
2026-10-03T18:29:50.558[D]: Incoming request  #2261: GET /Duluka/v.1.0/State
2026-10-03T18:29:50.559[D]: Response finished #2261: GET /Duluka/v.1.0/State with status 404
2026-10-03T18:29:51.061[D]: Incoming request  #2262: GET /Duluka/v.1.0/State
2026-10-03T18:29:51.061[D]: Response finished #2262: GET /Duluka/v.1.0/State with status 404
2026-10-03T18:29:51.564[D]: Incoming request  #2263: GET /Duluka/v.1.0/State
2026-10-03T18:29:51.566[D]: Response finished #2263: GET /Duluka/v.1.0/State with status 404
2026-10-03T18:29:52.063[D]: Incoming request  #2264: GET /Duluka/v.1.0/State
2026-10-03T18:29:52.064[D]: Response finished #2264: GET /Duluka/v.1.0/State with status 404
2026-10-03T18:29:52.562[D]: Incoming request  #2265: GET /Duluka/v.1.0/State
2026-10-03T18:29:52.564[D]: Response finished #2265: GET /Duluka/v.1.0/State with status 404
2026-10-03T18:29:53.059[D]: Incoming request  #2266: GET /Duluka/v.1.0/State
2026-10-03T18:29:53.060[D]: Response finished #2266: GET /Duluka/v.1.0/State with status 404
2026-10-03T18:29:53.571[D]: Incoming request  #2267: GET /Duluka/v.1.0/State
2026-10-03T18:29:53.572[D]: Response finished #2267: GET /Duluka/v.1.0/State with status 404
2026-10-03T18:29:54.072[D]: Incoming request  #2268: GET /Duluka/v.1.0/State
2026-10-03T18:29:54.073[D]: Response finished #2268: GET /Duluka/v.1.0/State with status 404
2026-10-03T18:29:54.573[D]: Incoming request  #2269: GET /Duluka/v.1.0/State
2026-10-03T18:29:54.577[D]: Response finished #2269: GET /Duluka/v.1.0/State with status 404
2026-10-03T18:29:55.068[D]: Incoming request  #2270: GET /Duluka/v.1.0/State
2026-10-03T18:29:55.071[D]: Response finished #2270: GET /Duluka/v.1.0/State with status 404
2026-10-03T18:29:55.571[D]: Incoming request  #2271: GET /Duluka/v.1.0/State
2026-10-03T18:29:55.572[D]: Response finished #2271: GET /Duluka/v.1.0/State with status 404
2026-10-03T18:29:56.071[D]: Incoming request  #2272: GET /Duluka/v.1.0/State
2026-10-03T18:29:56.073[D]: Response finished #2272: GET /Duluka/v.1.0/State with status 404
2026-10-03T18:29:56.568[D]: Incoming request  #2273: GET /Duluka/v.1.0/State
2026-10-03T18:29:56.569[D]: Response finished #2273: GET /Duluka/v.1.0/State with status 404
2026-10-03T18:29:57.065[D]: Incoming request  #2274: GET /Duluka/v.1.0/State
2026-10-03T18:29:57.066[D]: Response finished #2274: GET /Duluka/v.1.0/State with status 404
2026-10-03T18:29:57.565[D]: Incoming request  #2275: GET /Duluka/v.1.0/State
2026-10-03T18:29:57.567[D]: Response finished #2275: GET /Duluka/v.1.0/State with status 404
2026-10-03T18:29:58.065[D]: Incoming request  #2276: GET /Duluka/v.1.0/State
2026-10-03T18:29:58.067[D]: Response finished #2276: GET /Duluka/v.1.0/State with status 404
2026-10-03T18:29:58.565[D]: Incoming request  #2277: GET /Duluka/v.1.0/State
2026-10-03T18:29:58.565[D]: Response finished #2277: GET /Duluka/v.1.0/State with status 404
2026-10-03T18:29:59.077[D]: Incoming request  #2278: GET /Duluka/v.1.0/State
2026-10-03T18:29:59.082[D]: Response finished #2278: GET /Duluka/v.1.0/State with status 404
2026-10-03T18:29:59.568[D]: Incoming request  #2279: GET /Duluka/v.1.0/State
2026-10-03T18:29:59.569[D]: Response finished #2279: GET /Duluka/v.1.0/State with status 404
2026-10-03T18:30:00.064[D]: Incoming request  #2280: GET /Duluka/v.1.0/State
2026-10-03T18:30:00.065[D]: Response finished #2280: GET /Duluka/v.1.0/State with status 404
2026-10-03T18:30:00.562[D]: Incoming request  #2281: GET /Duluka/v.1.0/State
2026-10-03T18:30:00.564[D]: Response finished #2281: GET /Duluka/v.1.0/State with status 404
2026-10-03T18:30:01.061[D]: Incoming request  #2282: GET /Duluka/v.1.0/State
2026-10-03T18:30:01.061[D]: Response finished #2282: GET /Duluka/v.1.0/State with status 404
2026-10-03T18:30:01.568[D]: Incoming request  #2283: GET /Duluka/v.1.0/State
2026-10-03T18:30:01.568[D]: Response finished #2283: GET /Duluka/v.1.0/State with status 404
2026-10-03T18:30:02.070[D]: Incoming request  #2284: GET /Duluka/v.1.0/State
2026-10-03T18:30:02.071[D]: Response finished #2284: GET /Duluka/v.1.0/State with status 404
2026-10-03T18:30:02.568[D]: Incoming request  #2285: GET /Duluka/v.1.0/State
2026-10-03T18:30:02.568[D]: Response finished #2285: GET /Duluka/v.1.0/State with status 404
2026-10-03T18:30:03.056[D]: Incoming request  #2286: GET /Duluka/v.1.0/State
2026-10-03T18:30:03.057[D]: Response finished #2286: GET /Duluka/v.1.0/State with status 404
2026-10-03T18:30:03.557[D]: Incoming request  #2287: GET /Duluka/v.1.0/State
2026-10-03T18:30:03.559[D]: Response finished #2287: GET /Duluka/v.1.0/State with status 404
2026-10-03T18:30:04.071[D]: Incoming request  #2288: GET /Duluka/v.1.0/State
2026-10-03T18:30:04.071[D]: Response finished #2288: GET /Duluka/v.1.0/State with status 404
2026-10-03T18:30:04.569[D]: Incoming request  #2289: GET /Duluka/v.1.0/State
2026-10-03T18:30:04.570[D]: Response finished #2289: GET /Duluka/v.1.0/State with status 404
2026-10-03T18:30:05.068[D]: Incoming request  #2290: GET /Duluka/v.1.0/State
2026-10-03T18:30:05.069[D]: Response finished #2290: GET /Duluka/v.1.0/State with status 404
2026-10-03T18:30:05.566[D]: Incoming request  #2291: GET /Duluka/v.1.0/State
2026-10-03T18:30:05.566[D]: Response finished #2291: GET /Duluka/v.1.0/State with status 404
2026-10-03T18:30:06.065[D]: Incoming request  #2292: GET /Duluka/v.1.0/State
2026-10-03T18:30:06.066[D]: Response finished #2292: GET /Duluka/v.1.0/State with status 404
2026-10-03T18:30:06.564[D]: Incoming request  #2293: GET /Duluka/v.1.0/State
2026-10-03T18:30:06.565[D]: Response finished #2293: GET /Duluka/v.1.0/State with status 404
2026-10-03T18:30:07.114[D]: Incoming request  #2294: GET /Duluka/v.1.0/State
2026-10-03T18:30:07.127[D]: Response finished #2294: GET /Duluka/v.1.0/State with status 404
2026-10-03T18:30:07.565[D]: Incoming request  #2295: GET /Duluka/v.1.0/State
2026-10-03T18:30:07.565[D]: Response finished #2295: GET /Duluka/v.1.0/State with status 404
2026-10-03T18:30:08.064[D]: Incoming request  #2296: GET /Duluka/v.1.0/State
2026-10-03T18:30:08.065[D]: Response finished #2296: GET /Duluka/v.1.0/State with status 404
2026-10-03T18:30:08.564[D]: Incoming request  #2297: GET /Duluka/v.1.0/State
2026-10-03T18:30:08.564[D]: Response finished #2297: GET /Duluka/v.1.0/State with status 404
2026-10-03T18:30:09.067[D]: Incoming request  #2298: GET /Duluka/v.1.0/State
2026-10-03T18:30:09.068[D]: Response finished #2298: GET /Duluka/v.1.0/State with status 404
2026-10-03T18:30:09.567[D]: Incoming request  #2299: GET /Duluka/v.1.0/State
2026-10-03T18:30:09.567[D]: Response finished #2299: GET /Duluka/v.1.0/State with status 404
2026-10-03T18:30:10.072[D]: Incoming request  #2300: GET /Duluka/v.1.0/State
2026-10-03T18:30:10.079[D]: Response finished #2300: GET /Duluka/v.1.0/State with status 404
2026-10-03T18:30:10.564[D]: Incoming request  #2301: GET /Duluka/v.1.0/State
2026-10-03T18:30:10.565[D]: Response finished #2301: GET /Duluka/v.1.0/State with status 404
2026-10-03T18:30:11.063[D]: Incoming request  #2302: GET /Duluka/v.1.0/State
2026-10-03T18:30:11.065[D]: Response finished #2302: GET /Duluka/v.1.0/State with status 404
2026-10-03T18:30:11.564[D]: Incoming request  #2303: GET /Duluka/v.1.0/State
2026-10-03T18:30:11.565[D]: Response finished #2303: GET /Duluka/v.1.0/State with status 404
2026-10-03T18:30:12.071[D]: Incoming request  #2304: GET /Duluka/v.1.0/State
2026-10-03T18:30:12.073[D]: Response finished #2304: GET /Duluka/v.1.0/State with status 404
2026-10-03T18:30:12.563[D]: Incoming request  #2305: GET /Duluka/v.1.0/State
2026-10-03T18:30:12.564[D]: Response finished #2305: GET /Duluka/v.1.0/State with status 404
2026-10-03T18:30:13.071[D]: Incoming request  #2306: GET /Duluka/v.1.0/State
2026-10-03T18:30:13.073[D]: Response finished #2306: GET /Duluka/v.1.0/State with status 404
2026-10-03T18:30:13.572[D]: Incoming request  #2307: GET /Duluka/v.1.0/State
2026-10-03T18:30:13.575[D]: Response finished #2307: GET /Duluka/v.1.0/State with status 404
2026-10-03T18:30:14.069[D]: Incoming request  #2308: GET /Duluka/v.1.0/State
2026-10-03T18:30:14.070[D]: Response finished #2308: GET /Duluka/v.1.0/State with status 404
2026-10-03T18:30:14.558[D]: Incoming request  #2309: GET /Duluka/v.1.0/State
2026-10-03T18:30:14.559[D]: Response finished #2309: GET /Duluka/v.1.0/State with status 404
2026-10-03T18:30:15.057[D]: Incoming request  #2310: GET /Duluka/v.1.0/State
2026-10-03T18:30:15.057[D]: Response finished #2310: GET /Duluka/v.1.0/State with status 404
2026-10-03T18:30:15.559[D]: Incoming request  #2311: GET /Duluka/v.1.0/State
2026-10-03T18:30:15.561[D]: Response finished #2311: GET /Duluka/v.1.0/State with status 404
2026-10-03T18:30:16.060[D]: Incoming request  #2312: GET /Duluka/v.1.0/State
2026-10-03T18:30:16.060[D]: Response finished #2312: GET /Duluka/v.1.0/State with status 404
2026-10-03T18:30:16.560[D]: Incoming request  #2313: GET /Duluka/v.1.0/State
2026-10-03T18:30:16.561[D]: Response finished #2313: GET /Duluka/v.1.0/State with status 404
2026-10-03T18:30:17.060[D]: Incoming request  #2314: GET /Duluka/v.1.0/State
2026-10-03T18:30:17.062[D]: Response finished #2314: GET /Duluka/v.1.0/State with status 404
2026-10-03T18:30:17.560[D]: Incoming request  #2315: GET /Duluka/v.1.0/State
2026-10-03T18:30:17.560[D]: Response finished #2315: GET /Duluka/v.1.0/State with status 404
2026-10-03T18:30:18.058[D]: Incoming request  #2316: GET /Duluka/v.1.0/State
2026-10-03T18:30:18.059[D]: Response finished #2316: GET /Duluka/v.1.0/State with status 404
2026-10-03T18:30:18.558[D]: Incoming request  #2317: GET /Duluka/v.1.0/State
2026-10-03T18:30:18.560[D]: Response finished #2317: GET /Duluka/v.1.0/State with status 404
2026-10-03T18:30:19.072[D]: Incoming request  #2318: GET /Duluka/v.1.0/State
2026-10-03T18:30:19.072[D]: Response finished #2318: GET /Duluka/v.1.0/State with status 404
2026-10-03T18:30:19.559[D]: Incoming request  #2319: GET /Duluka/v.1.0/State
2026-10-03T18:30:19.562[D]: Response finished #2319: GET /Duluka/v.1.0/State with status 404
2026-10-03T18:30:20.071[D]: Incoming request  #2320: GET /Duluka/v.1.0/State
2026-10-03T18:30:20.072[D]: Response finished #2320: GET /Duluka/v.1.0/State with status 404
2026-10-03T18:30:20.571[D]: Incoming request  #2321: GET /Duluka/v.1.0/State
2026-10-03T18:30:20.572[D]: Response finished #2321: GET /Duluka/v.1.0/State with status 404
2026-10-03T18:30:21.071[D]: Incoming request  #2322: GET /Duluka/v.1.0/State
2026-10-03T18:30:21.072[D]: Response finished #2322: GET /Duluka/v.1.0/State with status 404
2026-10-03T18:30:21.557[D]: Incoming request  #2323: GET /Duluka/v.1.0/State
2026-10-03T18:30:21.558[D]: Response finished #2323: GET /Duluka/v.1.0/State with status 404
2026-10-03T18:30:22.063[D]: Incoming request  #2324: GET /Duluka/v.1.0/State
2026-10-03T18:30:22.065[D]: Response finished #2324: GET /Duluka/v.1.0/State with status 404
2026-10-03T18:30:22.570[D]: Incoming request  #2325: GET /Duluka/v.1.0/State
2026-10-03T18:30:22.572[D]: Response finished #2325: GET /Duluka/v.1.0/State with status 404
2026-10-03T18:30:23.071[D]: Incoming request  #2326: GET /Duluka/v.1.0/State
2026-10-03T18:30:23.072[D]: Response finished #2326: GET /Duluka/v.1.0/State with status 404
2026-10-03T18:30:23.570[D]: Incoming request  #2327: GET /Duluka/v.1.0/State
2026-10-03T18:30:23.571[D]: Response finished #2327: GET /Duluka/v.1.0/State with status 404
2026-10-03T18:30:24.067[D]: Incoming request  #2328: GET /Duluka/v.1.0/State
2026-10-03T18:30:24.068[D]: Response finished #2328: GET /Duluka/v.1.0/State with status 404
2026-10-03T18:30:24.571[D]: Incoming request  #2329: GET /Duluka/v.1.0/State
2026-10-03T18:30:24.572[D]: Response finished #2329: GET /Duluka/v.1.0/State with status 404
2026-10-03T18:30:25.061[D]: Incoming request  #2330: GET /Duluka/v.1.0/State
2026-10-03T18:30:25.062[D]: Response finished #2330: GET /Duluka/v.1.0/State with status 404
2026-10-03T18:30:25.564[D]: Incoming request  #2331: GET /Duluka/v.1.0/State
2026-10-03T18:30:25.564[D]: Response finished #2331: GET /Duluka/v.1.0/State with status 404
2026-10-03T18:30:26.066[D]: Incoming request  #2332: GET /Duluka/v.1.0/State
2026-10-03T18:30:26.067[D]: Response finished #2332: GET /Duluka/v.1.0/State with status 404
2026-10-03T18:30:26.560[D]: Incoming request  #2333: GET /Duluka/v.1.0/State
2026-10-03T18:30:26.561[D]: Response finished #2333: GET /Duluka/v.1.0/State with status 404
2026-10-03T18:30:27.064[D]: Incoming request  #2334: GET /Duluka/v.1.0/State
2026-10-03T18:30:27.064[D]: Response finished #2334: GET /Duluka/v.1.0/State with status 404
2026-10-03T18:30:27.569[D]: Incoming request  #2335: GET /Duluka/v.1.0/State
2026-10-03T18:30:27.570[D]: Response finished #2335: GET /Duluka/v.1.0/State with status 404
2026-10-03T18:30:28.073[D]: Incoming request  #2336: GET /Duluka/v.1.0/State
2026-10-03T18:30:28.074[D]: Response finished #2336: GET /Duluka/v.1.0/State with status 404
2026-10-03T18:30:28.559[D]: Incoming request  #2337: GET /Duluka/v.1.0/State
2026-10-03T18:30:28.559[D]: Response finished #2337: GET /Duluka/v.1.0/State with status 404
2026-10-03T18:30:29.060[D]: Incoming request  #2338: GET /Duluka/v.1.0/State
2026-10-03T18:30:29.062[D]: Response finished #2338: GET /Duluka/v.1.0/State with status 404
2026-10-03T18:30:29.563[D]: Incoming request  #2339: GET /Duluka/v.1.0/State
2026-10-03T18:30:29.563[D]: Response finished #2339: GET /Duluka/v.1.0/State with status 404
2026-10-03T18:30:30.065[D]: Incoming request  #2340: GET /Duluka/v.1.0/State
2026-10-03T18:30:30.065[D]: Response finished #2340: GET /Duluka/v.1.0/State with status 404
2026-10-03T18:30:30.565[D]: Incoming request  #2341: GET /Duluka/v.1.0/State
2026-10-03T18:30:30.566[D]: Response finished #2341: GET /Duluka/v.1.0/State with status 404
2026-10-03T18:30:31.067[D]: Incoming request  #2342: GET /Duluka/v.1.0/State
2026-10-03T18:30:31.067[D]: Response finished #2342: GET /Duluka/v.1.0/State with status 404
2026-10-03T18:30:31.567[D]: Incoming request  #2343: GET /Duluka/v.1.0/State
2026-10-03T18:30:31.568[D]: Response finished #2343: GET /Duluka/v.1.0/State with status 404
2026-10-03T18:30:32.059[D]: Incoming request  #2344: GET /Duluka/v.1.0/State
2026-10-03T18:30:32.061[D]: Response finished #2344: GET /Duluka/v.1.0/State with status 404
2026-10-03T18:30:32.565[D]: Incoming request  #2345: GET /Duluka/v.1.0/State
2026-10-03T18:30:32.567[D]: Response finished #2345: GET /Duluka/v.1.0/State with status 404
2026-10-03T18:30:33.069[D]: Incoming request  #2346: GET /Duluka/v.1.0/State
2026-10-03T18:30:33.072[D]: Response finished #2346: GET /Duluka/v.1.0/State with status 404
2026-10-03T18:30:33.559[D]: Incoming request  #2347: GET /Duluka/v.1.0/State
2026-10-03T18:30:33.559[D]: Response finished #2347: GET /Duluka/v.1.0/State with status 404
2026-10-03T18:30:34.064[D]: Incoming request  #2348: GET /Duluka/v.1.0/State
2026-10-03T18:30:34.064[D]: Response finished #2348: GET /Duluka/v.1.0/State with status 404
2026-10-03T18:30:34.567[D]: Incoming request  #2349: GET /Duluka/v.1.0/State
2026-10-03T18:30:34.568[D]: Response finished #2349: GET /Duluka/v.1.0/State with status 404
2026-10-03T18:30:35.073[D]: Incoming request  #2350: GET /Duluka/v.1.0/State
2026-10-03T18:30:35.075[D]: Response finished #2350: GET /Duluka/v.1.0/State with status 404
2026-10-03T18:30:35.565[D]: Incoming request  #2351: GET /Duluka/v.1.0/State
2026-10-03T18:30:35.566[D]: Response finished #2351: GET /Duluka/v.1.0/State with status 404
2026-10-03T18:30:36.065[D]: Incoming request  #2352: GET /Duluka/v.1.0/State
2026-10-03T18:30:36.065[D]: Response finished #2352: GET /Duluka/v.1.0/State with status 404
2026-10-03T18:30:36.567[D]: Incoming request  #2353: GET /Duluka/v.1.0/State
2026-10-03T18:30:36.567[D]: Response finished #2353: GET /Duluka/v.1.0/State with status 404
2026-10-03T18:30:37.072[D]: Incoming request  #2354: GET /Duluka/v.1.0/State
2026-10-03T18:30:37.073[D]: Response finished #2354: GET /Duluka/v.1.0/State with status 404
2026-10-03T18:30:37.563[D]: Incoming request  #2355: GET /Duluka/v.1.0/State
2026-10-03T18:30:37.564[D]: Response finished #2355: GET /Duluka/v.1.0/State with status 404
2026-10-03T18:30:38.067[D]: Incoming request  #2356: GET /Duluka/v.1.0/State
2026-10-03T18:30:38.068[D]: Response finished #2356: GET /Duluka/v.1.0/State with status 404
2026-10-03T18:30:38.559[D]: Incoming request  #2357: GET /Duluka/v.1.0/State
2026-10-03T18:30:38.561[D]: Response finished #2357: GET /Duluka/v.1.0/State with status 404
2026-10-03T18:30:39.065[D]: Incoming request  #2358: GET /Duluka/v.1.0/State
2026-10-03T18:30:39.065[D]: Response finished #2358: GET /Duluka/v.1.0/State with status 404
2026-10-03T18:30:39.564[D]: Incoming request  #2359: GET /Duluka/v.1.0/State
2026-10-03T18:30:39.565[D]: Response finished #2359: GET /Duluka/v.1.0/State with status 404
2026-10-03T18:30:40.070[D]: Incoming request  #2360: GET /Duluka/v.1.0/State
2026-10-03T18:30:40.088[D]: Response finished #2360: GET /Duluka/v.1.0/State with status 404
2026-10-03T18:30:40.558[D]: Incoming request  #2361: GET /Duluka/v.1.0/State
2026-10-03T18:30:40.558[D]: Response finished #2361: GET /Duluka/v.1.0/State with status 404
2026-10-03T18:30:41.062[D]: Incoming request  #2362: GET /Duluka/v.1.0/State
2026-10-03T18:30:41.062[D]: Response finished #2362: GET /Duluka/v.1.0/State with status 404
2026-10-03T18:30:41.572[D]: Incoming request  #2363: GET /Duluka/v.1.0/State
2026-10-03T18:30:41.577[D]: Response finished #2363: GET /Duluka/v.1.0/State with status 404
2026-10-03T18:30:42.065[D]: Incoming request  #2364: GET /Duluka/v.1.0/State
2026-10-03T18:30:42.065[D]: Response finished #2364: GET /Duluka/v.1.0/State with status 404
2026-10-03T18:30:42.569[D]: Incoming request  #2365: GET /Duluka/v.1.0/State
2026-10-03T18:30:42.570[D]: Response finished #2365: GET /Duluka/v.1.0/State with status 404
2026-10-03T18:30:43.070[D]: Incoming request  #2366: GET /Duluka/v.1.0/State
2026-10-03T18:30:43.072[D]: Response finished #2366: GET /Duluka/v.1.0/State with status 404
2026-10-03T18:30:43.570[D]: Incoming request  #2367: GET /Duluka/v.1.0/State
2026-10-03T18:30:43.570[D]: Response finished #2367: GET /Duluka/v.1.0/State with status 404
2026-10-03T18:30:44.058[D]: Incoming request  #2368: GET /Duluka/v.1.0/State
2026-10-03T18:30:44.058[D]: Response finished #2368: GET /Duluka/v.1.0/State with status 404
2026-10-03T18:30:44.563[D]: Incoming request  #2369: GET /Duluka/v.1.0/State
2026-10-03T18:30:44.563[D]: Response finished #2369: GET /Duluka/v.1.0/State with status 404
2026-10-03T18:30:45.058[D]: Incoming request  #2370: GET /Duluka/v.1.0/State
2026-10-03T18:30:45.059[D]: Response finished #2370: GET /Duluka/v.1.0/State with status 404
2026-10-03T18:30:45.559[D]: Incoming request  #2371: GET /Duluka/v.1.0/State
2026-10-03T18:30:45.561[D]: Response finished #2371: GET /Duluka/v.1.0/State with status 404
2026-10-03T18:30:46.061[D]: Incoming request  #2372: GET /Duluka/v.1.0/State
2026-10-03T18:30:46.061[D]: Response finished #2372: GET /Duluka/v.1.0/State with status 404
2026-10-03T18:30:46.565[D]: Incoming request  #2373: GET /Duluka/v.1.0/State
2026-10-03T18:30:46.565[D]: Response finished #2373: GET /Duluka/v.1.0/State with status 404
2026-10-03T18:30:47.071[D]: Incoming request  #2374: GET /Duluka/v.1.0/State
2026-10-03T18:30:47.072[D]: Response finished #2374: GET /Duluka/v.1.0/State with status 404
2026-10-03T18:30:47.570[D]: Incoming request  #2375: GET /Duluka/v.1.0/State
2026-10-03T18:30:47.572[D]: Response finished #2375: GET /Duluka/v.1.0/State with status 404
2026-10-03T18:30:48.058[D]: Incoming request  #2376: GET /Duluka/v.1.0/State
2026-10-03T18:30:48.060[D]: Response finished #2376: GET /Duluka/v.1.0/State with status 404
2026-10-03T18:30:48.563[D]: Incoming request  #2377: GET /Duluka/v.1.0/State
2026-10-03T18:30:48.564[D]: Response finished #2377: GET /Duluka/v.1.0/State with status 404
2026-10-03T18:30:49.067[D]: Incoming request  #2378: GET /Duluka/v.1.0/State
2026-10-03T18:30:49.071[D]: Response finished #2378: GET /Duluka/v.1.0/State with status 404
2026-10-03T18:30:49.563[D]: Incoming request  #2379: GET /Duluka/v.1.0/State
2026-10-03T18:30:49.564[D]: Response finished #2379: GET /Duluka/v.1.0/State with status 404
2026-10-03T18:30:50.062[D]: Incoming request  #2380: GET /Duluka/v.1.0/State
2026-10-03T18:30:50.062[D]: Response finished #2380: GET /Duluka/v.1.0/State with status 404
2026-10-03T18:30:50.565[D]: Incoming request  #2381: GET /Duluka/v.1.0/State
2026-10-03T18:30:50.565[D]: Response finished #2381: GET /Duluka/v.1.0/State with status 404
2026-10-03T18:30:51.069[D]: Incoming request  #2382: GET /Duluka/v.1.0/State
2026-10-03T18:30:51.071[D]: Response finished #2382: GET /Duluka/v.1.0/State with status 404
2026-10-03T18:30:51.565[D]: Incoming request  #2383: GET /Duluka/v.1.0/State
2026-10-03T18:30:51.565[D]: Response finished #2383: GET /Duluka/v.1.0/State with status 404
2026-10-03T18:30:52.063[D]: Incoming request  #2384: GET /Duluka/v.1.0/State
2026-10-03T18:30:52.065[D]: Response finished #2384: GET /Duluka/v.1.0/State with status 404
2026-10-03T18:30:52.565[D]: Incoming request  #2385: GET /Duluka/v.1.0/State
2026-10-03T18:30:52.566[D]: Response finished #2385: GET /Duluka/v.1.0/State with status 404
2026-10-03T18:30:53.070[D]: Incoming request  #2386: GET /Duluka/v.1.0/State
2026-10-03T18:30:53.070[D]: Response finished #2386: GET /Duluka/v.1.0/State with status 404
2026-10-03T18:30:53.569[D]: Incoming request  #2387: GET /Duluka/v.1.0/State
2026-10-03T18:30:53.569[D]: Response finished #2387: GET /Duluka/v.1.0/State with status 404
2026-10-03T18:30:54.070[D]: Incoming request  #2388: GET /Duluka/v.1.0/State
2026-10-03T18:30:54.071[D]: Response finished #2388: GET /Duluka/v.1.0/State with status 404
2026-10-03T18:30:54.557[D]: Incoming request  #2389: GET /Duluka/v.1.0/State
2026-10-03T18:30:54.558[D]: Response finished #2389: GET /Duluka/v.1.0/State with status 404
2026-10-03T18:30:55.057[D]: Incoming request  #2390: GET /Duluka/v.1.0/State
2026-10-03T18:30:55.057[D]: Response finished #2390: GET /Duluka/v.1.0/State with status 404
2026-10-03T18:30:55.559[D]: Incoming request  #2391: GET /Duluka/v.1.0/State
2026-10-03T18:30:55.560[D]: Response finished #2391: GET /Duluka/v.1.0/State with status 404
2026-10-03T18:30:56.060[D]: Incoming request  #2392: GET /Duluka/v.1.0/State
2026-10-03T18:30:56.061[D]: Response finished #2392: GET /Duluka/v.1.0/State with status 404
2026-10-03T18:30:56.558[D]: Incoming request  #2393: GET /Duluka/v.1.0/State
2026-10-03T18:30:56.560[D]: Response finished #2393: GET /Duluka/v.1.0/State with status 404
2026-10-03T18:30:57.059[D]: Incoming request  #2394: GET /Duluka/v.1.0/State
2026-10-03T18:30:57.060[D]: Response finished #2394: GET /Duluka/v.1.0/State with status 404
2026-10-03T18:30:57.559[D]: Incoming request  #2395: GET /Duluka/v.1.0/State
2026-10-03T18:30:57.560[D]: Response finished #2395: GET /Duluka/v.1.0/State with status 404
2026-10-03T18:30:58.058[D]: Incoming request  #2396: GET /Duluka/v.1.0/State
2026-10-03T18:30:58.058[D]: Response finished #2396: GET /Duluka/v.1.0/State with status 404
2026-10-03T18:30:58.559[D]: Incoming request  #2397: GET /Duluka/v.1.0/State
2026-10-03T18:30:58.561[D]: Response finished #2397: GET /Duluka/v.1.0/State with status 404
2026-10-03T18:30:59.066[D]: Incoming request  #2398: GET /Duluka/v.1.0/State
2026-10-03T18:30:59.066[D]: Response finished #2398: GET /Duluka/v.1.0/State with status 404
2026-10-03T18:30:59.568[D]: Incoming request  #2399: GET /Duluka/v.1.0/State
2026-10-03T18:30:59.568[D]: Response finished #2399: GET /Duluka/v.1.0/State with status 404
2026-10-03T18:31:00.071[D]: Incoming request  #2400: GET /Duluka/v.1.0/State
2026-10-03T18:31:00.072[D]: Response finished #2400: GET /Duluka/v.1.0/State with status 404
2026-10-03T18:31:00.557[D]: Incoming request  #2401: GET /Duluka/v.1.0/State
2026-10-03T18:31:00.559[D]: Response finished #2401: GET /Duluka/v.1.0/State with status 404
2026-10-03T18:31:01.063[D]: Incoming request  #2402: GET /Duluka/v.1.0/State
2026-10-03T18:31:01.063[D]: Response finished #2402: GET /Duluka/v.1.0/State with status 404
2026-10-03T18:31:01.568[D]: Incoming request  #2403: GET /Duluka/v.1.0/State
2026-10-03T18:31:01.568[D]: Response finished #2403: GET /Duluka/v.1.0/State with status 404
2026-10-03T18:31:02.068[D]: Incoming request  #2404: GET /Duluka/v.1.0/State
2026-10-03T18:31:02.069[D]: Response finished #2404: GET /Duluka/v.1.0/State with status 404
2026-10-03T18:31:02.569[D]: Incoming request  #2405: GET /Duluka/v.1.0/State
2026-10-03T18:31:02.571[D]: Response finished #2405: GET /Duluka/v.1.0/State with status 404
2026-10-03T18:31:03.071[D]: Incoming request  #2406: GET /Duluka/v.1.0/State
2026-10-03T18:31:03.072[D]: Response finished #2406: GET /Duluka/v.1.0/State with status 404
2026-10-03T18:31:03.559[D]: Incoming request  #2407: GET /Duluka/v.1.0/State
2026-10-03T18:31:03.560[D]: Response finished #2407: GET /Duluka/v.1.0/State with status 404
2026-10-03T18:31:04.065[D]: Incoming request  #2408: GET /Duluka/v.1.0/State
2026-10-03T18:31:04.065[D]: Response finished #2408: GET /Duluka/v.1.0/State with status 404
2026-10-03T18:31:04.569[D]: Incoming request  #2409: GET /Duluka/v.1.0/State
2026-10-03T18:31:04.571[D]: Response finished #2409: GET /Duluka/v.1.0/State with status 404
2026-10-03T18:31:05.070[D]: Incoming request  #2410: GET /Duluka/v.1.0/State
2026-10-03T18:31:05.071[D]: Response finished #2410: GET /Duluka/v.1.0/State with status 404
2026-10-03T18:31:05.559[D]: Incoming request  #2411: GET /Duluka/v.1.0/State
2026-10-03T18:31:05.560[D]: Response finished #2411: GET /Duluka/v.1.0/State with status 404
2026-10-03T18:31:06.065[D]: Incoming request  #2412: GET /Duluka/v.1.0/State
2026-10-03T18:31:06.067[D]: Response finished #2412: GET /Duluka/v.1.0/State with status 404
2026-10-03T18:31:06.570[D]: Incoming request  #2413: GET /Duluka/v.1.0/State
2026-10-03T18:31:06.571[D]: Response finished #2413: GET /Duluka/v.1.0/State with status 404
2026-10-03T18:31:07.066[D]: Incoming request  #2414: GET /Duluka/v.1.0/State
2026-10-03T18:31:07.067[D]: Response finished #2414: GET /Duluka/v.1.0/State with status 404
2026-10-03T18:31:07.569[D]: Incoming request  #2415: GET /Duluka/v.1.0/State
2026-10-03T18:31:07.569[D]: Response finished #2415: GET /Duluka/v.1.0/State with status 404
2026-10-03T18:31:08.057[D]: Incoming request  #2416: GET /Duluka/v.1.0/State
2026-10-03T18:31:08.057[D]: Response finished #2416: GET /Duluka/v.1.0/State with status 404
2026-10-03T18:31:08.564[D]: Incoming request  #2417: GET /Duluka/v.1.0/State
2026-10-03T18:31:08.564[D]: Response finished #2417: GET /Duluka/v.1.0/State with status 404
2026-10-03T18:31:09.063[D]: Incoming request  #2418: GET /Duluka/v.1.0/State
2026-10-03T18:31:09.063[D]: Response finished #2418: GET /Duluka/v.1.0/State with status 404
2026-10-03T18:31:09.567[D]: Incoming request  #2419: GET /Duluka/v.1.0/State
2026-10-03T18:31:09.567[D]: Response finished #2419: GET /Duluka/v.1.0/State with status 404
2026-10-03T18:31:10.065[D]: Incoming request  #2420: GET /Duluka/v.1.0/State
2026-10-03T18:31:10.066[D]: Response finished #2420: GET /Duluka/v.1.0/State with status 404
2026-10-03T18:31:10.569[D]: Incoming request  #2421: GET /Duluka/v.1.0/State
2026-10-03T18:31:10.569[D]: Response finished #2421: GET /Duluka/v.1.0/State with status 404
2026-10-03T18:31:11.060[D]: Incoming request  #2422: GET /Duluka/v.1.0/State
2026-10-03T18:31:11.062[D]: Response finished #2422: GET /Duluka/v.1.0/State with status 404
2026-10-03T18:31:11.564[D]: Incoming request  #2423: GET /Duluka/v.1.0/State
2026-10-03T18:31:11.565[D]: Response finished #2423: GET /Duluka/v.1.0/State with status 404
2026-10-03T18:31:12.059[D]: Incoming request  #2424: GET /Duluka/v.1.0/State
2026-10-03T18:31:12.060[D]: Response finished #2424: GET /Duluka/v.1.0/State with status 404
2026-10-03T18:31:12.402[D]: JOIN 
2026-10-03T18:31:12.558[D]: Incoming request  #2425: GET /Duluka/v.1.0/State
2026-10-03T18:31:12.559[D]: Response finished #2425: GET /Duluka/v.1.0/State with status 404
2026-10-03T18:31:13.058[D]: Incoming request  #2426: GET /Duluka/v.1.0/State
2026-10-03T18:31:13.059[D]: Response finished #2426: GET /Duluka/v.1.0/State with status 404
2026-10-03T18:31:13.466[D]: Incoming request  #2427: GET /PiplConfig/v.1.0/data
2026-10-03T18:31:13.466[I]: Get PiplConfig
2026-10-03T18:31:13.467[D]: Response finished #2427: GET /PiplConfig/v.1.0/data with status 200
2026-10-03T18:31:13.470[D]: Incoming request  #2428: GET /HardwareInformation/v.0.1
2026-10-03T18:31:13.559[D]: Incoming request  #2429: GET /Duluka/v.1.0/State
2026-10-03T18:31:13.560[D]: Response finished #2429: GET /Duluka/v.1.0/State with status 404
2026-10-03T18:31:13.914[D]: Request GET /HardwareInformation/v.0.1 succeeded and driver version is 582.66
2026-10-03T18:31:13.918[D]: Incoming request  #2430: GET /Account/v.1.0/UserToken
2026-10-03T18:31:13.918[D]: Response finished #2428: GET /HardwareInformation/v.0.1 with status 200
2026-10-03T18:31:13.919[I]: { type: 'Error',
  code: 2147942402,
  codeText: 'Unknown error',
  message: 'Failed to get User Info' }
2026-10-03T18:31:13.919[E]: {"type":"Error","code":2147942402,"codeText":"Unknown error","message":"Failed to get User Info"}
2026-10-03T18:31:13.921[D]: Response finished #2430: GET /Account/v.1.0/UserToken with status 500
2026-10-03T18:31:13.921[I]: Socket au-xFUOkH6daBEpEAAAC connected
2026-10-03T18:31:13.938[D]: Incoming request  #2431: GET /Account/v.1.0/UserToken
2026-10-03T18:31:13.940[I]: { type: 'Error',
  code: 2147942402,
  codeText: 'Unknown error',
  message: 'Failed to get User Info' }
2026-10-03T18:31:13.940[E]: {"type":"Error","code":2147942402,"codeText":"Unknown error","message":"Failed to get User Info"}
2026-10-03T18:31:13.963[D]: Response finished #2431: GET /Account/v.1.0/UserToken with status 500
2026-10-03T18:31:13.981[D]: Incoming request  #2432: GET /Account/v.1.0/PrivacySettings?clientId=undefined
2026-10-03T18:31:13.982[D]: Incoming request  #2433: POST /ShadowPlay/v.1.0/Hotkey/DynamicToggle
2026-10-03T18:31:13.983[I]: Post Data: {"enable":true,"hotkeyNames":["broadcasttoggle","broadcastpausetoggle"]}
2026-10-03T18:31:13.983[I]: HotkeyDynamicToggle with data {"enable":true,"hotkeyNames":["broadcasttoggle","broadcastpausetoggle"]}
2026-10-03T18:31:13.983[E]: SetCaptureSessionParam: session:4294967295, cmd:13
2026-10-03T18:31:13.985[I]: { type: 'Error',
  code: -2147024809,
  codeText: 'Unknown/Internal error',
  message: undefined }
2026-10-03T18:31:13.986[E]: {"type":"Error","code":-2147024809,"codeText":"Unknown/Internal error"}
2026-10-03T18:31:13.988[D]: Response finished #2433: POST /ShadowPlay/v.1.0/Hotkey/DynamicToggle with status 500
2026-10-03T18:31:13.989[D]: Response finished #2432: GET /Account/v.1.0/PrivacySettings?clientId=undefined with status 200
2026-10-03T18:31:13.997[D]: Incoming request  #2434: GET /ShadowPlay/v.1.0/Launch
2026-10-03T18:31:14.000[I]: ShadowPlay Launch state: {"launch":true}
2026-10-03T18:31:14.003[D]: Incoming request  #2435: GET /HardwareInformation/v.0.1
2026-10-03T18:31:14.004[D]: Response finished #2434: GET /ShadowPlay/v.1.0/Launch with status 200
2026-10-03T18:31:14.064[D]: Incoming request  #2436: GET /Duluka/v.1.0/State
2026-10-03T18:31:14.065[D]: Response finished #2436: GET /Duluka/v.1.0/State with status 404
2026-10-03T18:31:14.288[D]: Incoming request  #2437: GET /Settings/v.1.0/Language
2026-10-03T18:31:14.288[I]: Language:undefined
2026-10-03T18:31:14.289[D]: Response finished #2437: GET /Settings/v.1.0/Language with status 200
2026-10-03T18:31:14.292[D]: Incoming request  #2438: GET /ShadowPlay/v.1.0/Capture/State
2026-10-03T18:31:14.293[I]: { type: 'Error',
  code: -2147024809,
  codeText: 'Unknown/Internal error',
  message: undefined }
2026-10-03T18:31:14.293[E]: {"type":"Error","code":-2147024809,"codeText":"Unknown/Internal error"}
2026-10-03T18:31:14.295[D]: Incoming request  #2439: GET /gfeupdate/autoGFEDownload/autoGFEbeta
2026-10-03T18:31:14.296[D]: Response finished #2438: GET /ShadowPlay/v.1.0/Capture/State with status 500
2026-10-03T18:31:14.297[D]: Response finished #2439: GET /gfeupdate/autoGFEDownload/autoGFEbeta with status 200
2026-10-03T18:31:14.304[D]: Incoming request  #2440: GET /beta
2026-10-03T18:31:14.305[D]: Response finished #2440: GET /beta with status 200
2026-10-03T18:31:14.378[D]: Request GET /HardwareInformation/v.0.1 succeeded and driver version is 582.66
2026-10-03T18:31:14.380[D]: Response finished #2435: GET /HardwareInformation/v.0.1 with status 200
2026-10-03T18:31:14.566[D]: Incoming request  #2441: GET /Duluka/v.1.0/State
2026-10-03T18:31:14.566[D]: Response finished #2441: GET /Duluka/v.1.0/State with status 404
2026-10-03T18:31:15.070[D]: Incoming request  #2442: GET /Duluka/v.1.0/State
2026-10-03T18:31:15.071[D]: Response finished #2442: GET /Duluka/v.1.0/State with status 404
2026-10-03T18:31:15.557[D]: Incoming request  #2443: GET /Duluka/v.1.0/State
2026-10-03T18:31:15.558[D]: Response finished #2443: GET /Duluka/v.1.0/State with status 404
2026-10-03T18:31:16.058[D]: Incoming request  #2444: GET /Duluka/v.1.0/State
2026-10-03T18:31:16.059[D]: Response finished #2444: GET /Duluka/v.1.0/State with status 404
2026-10-03T18:31:16.558[D]: Incoming request  #2445: GET /Duluka/v.1.0/State
2026-10-03T18:31:16.558[D]: Response finished #2445: GET /Duluka/v.1.0/State with status 404
2026-10-03T18:31:17.060[D]: Incoming request  #2446: GET /Duluka/v.1.0/State
2026-10-03T18:31:17.060[D]: Response finished #2446: GET /Duluka/v.1.0/State with status 404
2026-10-03T18:31:17.562[D]: Incoming request  #2447: GET /Duluka/v.1.0/State
2026-10-03T18:31:17.563[D]: Response finished #2447: GET /Duluka/v.1.0/State with status 404
2026-10-03T18:31:18.065[D]: Incoming request  #2448: GET /Duluka/v.1.0/State
2026-10-03T18:31:18.065[D]: Response finished #2448: GET /Duluka/v.1.0/State with status 404
2026-10-03T18:31:18.569[D]: Incoming request  #2449: GET /Duluka/v.1.0/State
2026-10-03T18:31:18.570[D]: Response finished #2449: GET /Duluka/v.1.0/State with status 404
2026-10-03T18:31:19.072[D]: Incoming request  #2450: GET /Duluka/v.1.0/State
2026-10-03T18:31:19.073[D]: Response finished #2450: GET /Duluka/v.1.0/State with status 404
2026-10-03T18:31:19.558[D]: Incoming request  #2451: GET /Duluka/v.1.0/State
2026-10-03T18:31:19.558[D]: Response finished #2451: GET /Duluka/v.1.0/State with status 404
2026-10-03T18:31:20.058[D]: Incoming request  #2452: GET /Duluka/v.1.0/State
2026-10-03T18:31:20.059[D]: Response finished #2452: GET /Duluka/v.1.0/State with status 404
2026-10-03T18:31:20.562[D]: Incoming request  #2453: GET /Duluka/v.1.0/State
2026-10-03T18:31:20.562[D]: Response finished #2453: GET /Duluka/v.1.0/State with status 404
2026-10-03T18:31:21.060[D]: Incoming request  #2454: GET /Duluka/v.1.0/State
2026-10-03T18:31:21.061[D]: Response finished #2454: GET /Duluka/v.1.0/State with status 404
2026-10-03T18:31:21.568[D]: Incoming request  #2455: GET /Duluka/v.1.0/State
2026-10-03T18:31:21.570[D]: Response finished #2455: GET /Duluka/v.1.0/State with status 404
2026-10-03T18:31:22.070[D]: Incoming request  #2456: GET /Duluka/v.1.0/State
2026-10-03T18:31:22.072[D]: Response finished #2456: GET /Duluka/v.1.0/State with status 404
2026-10-03T18:31:22.558[D]: Incoming request  #2457: GET /Duluka/v.1.0/State
2026-10-03T18:31:22.558[D]: Response finished #2457: GET /Duluka/v.1.0/State with status 404
2026-10-03T18:31:23.057[D]: Incoming request  #2458: GET /Duluka/v.1.0/State
2026-10-03T18:31:23.059[D]: Response finished #2458: GET /Duluka/v.1.0/State with status 404
2026-10-03T18:31:23.557[D]: Incoming request  #2459: GET /Duluka/v.1.0/State
2026-10-03T18:31:23.558[D]: Response finished #2459: GET /Duluka/v.1.0/State with status 404
2026-10-03T18:31:24.059[D]: Incoming request  #2460: GET /Duluka/v.1.0/State
2026-10-03T18:31:24.059[D]: Response finished #2460: GET /Duluka/v.1.0/State with status 404
2026-10-03T18:31:24.566[D]: Incoming request  #2461: GET /Duluka/v.1.0/State
2026-10-03T18:31:24.567[D]: Response finished #2461: GET /Duluka/v.1.0/State with status 404
2026-10-03T18:31:25.065[D]: Incoming request  #2462: GET /Duluka/v.1.0/State
2026-10-03T18:31:25.065[D]: Response finished #2462: GET /Duluka/v.1.0/State with status 404
2026-10-03T18:31:25.565[D]: Incoming request  #2463: GET /Duluka/v.1.0/State
2026-10-03T18:31:25.566[D]: Response finished #2463: GET /Duluka/v.1.0/State with status 404
2026-10-03T18:31:26.065[D]: Incoming request  #2464: GET /Duluka/v.1.0/State
2026-10-03T18:31:26.066[D]: Response finished #2464: GET /Duluka/v.1.0/State with status 404
2026-10-03T18:31:26.570[D]: Incoming request  #2465: GET /Duluka/v.1.0/State
2026-10-03T18:31:26.570[D]: Response finished #2465: GET /Duluka/v.1.0/State with status 404
2026-10-03T18:31:27.074[D]: Incoming request  #2466: GET /Duluka/v.1.0/State
2026-10-03T18:31:27.074[D]: Response finished #2466: GET /Duluka/v.1.0/State with status 404
2026-10-03T18:31:27.569[D]: Incoming request  #2467: GET /Duluka/v.1.0/State
2026-10-03T18:31:27.569[D]: Response finished #2467: GET /Duluka/v.1.0/State with status 404
2026-10-03T18:31:28.069[D]: Incoming request  #2468: GET /Duluka/v.1.0/State
2026-10-03T18:31:28.070[D]: Response finished #2468: GET /Duluka/v.1.0/State with status 404
2026-10-03T18:31:28.557[D]: Incoming request  #2469: GET /Duluka/v.1.0/State
2026-10-03T18:31:28.557[D]: Response finished #2469: GET /Duluka/v.1.0/State with status 404
2026-10-03T18:31:29.071[D]: Incoming request  #2470: GET /Duluka/v.1.0/State
2026-10-03T18:31:29.072[D]: Response finished #2470: GET /Duluka/v.1.0/State with status 404
2026-10-03T18:31:29.572[D]: Incoming request  #2471: GET /Duluka/v.1.0/State
2026-10-03T18:31:29.572[D]: Response finished #2471: GET /Duluka/v.1.0/State with status 404
2026-10-03T18:31:30.061[D]: Incoming request  #2472: GET /Duluka/v.1.0/State
2026-10-03T18:31:30.062[D]: Response finished #2472: GET /Duluka/v.1.0/State with status 404
2026-10-03T18:31:30.563[D]: Incoming request  #2473: GET /Duluka/v.1.0/State
2026-10-03T18:31:30.565[D]: Response finished #2473: GET /Duluka/v.1.0/State with status 404
2026-10-03T18:31:31.064[D]: Incoming request  #2474: GET /Duluka/v.1.0/State
2026-10-03T18:31:31.065[D]: Response finished #2474: GET /Duluka/v.1.0/State with status 404
2026-10-03T18:31:31.565[D]: Incoming request  #2475: GET /Duluka/v.1.0/State
2026-10-03T18:31:31.565[D]: Response finished #2475: GET /Duluka/v.1.0/State with status 404
2026-10-03T18:31:32.068[D]: Incoming request  #2476: GET /Duluka/v.1.0/State
2026-10-03T18:31:32.069[D]: Response finished #2476: GET /Duluka/v.1.0/State with status 404
2026-10-03T18:31:32.569[D]: Incoming request  #2477: GET /Duluka/v.1.0/State
2026-10-03T18:31:32.570[D]: Response finished #2477: GET /Duluka/v.1.0/State with status 404
2026-10-03T18:31:33.072[D]: Incoming request  #2478: GET /Duluka/v.1.0/State
2026-10-03T18:31:33.074[D]: Response finished #2478: GET /Duluka/v.1.0/State with status 404
2026-10-03T18:31:33.568[D]: Incoming request  #2479: GET /Duluka/v.1.0/State
2026-10-03T18:31:33.568[D]: Response finished #2479: GET /Duluka/v.1.0/State with status 404
2026-10-03T18:31:34.071[D]: Incoming request  #2480: GET /Duluka/v.1.0/State
2026-10-03T18:31:34.073[D]: Response finished #2480: GET /Duluka/v.1.0/State with status 404
2026-10-03T18:31:34.570[D]: Incoming request  #2481: GET /Duluka/v.1.0/State
2026-10-03T18:31:34.570[D]: Response finished #2481: GET /Duluka/v.1.0/State with status 404
2026-10-03T18:31:35.072[D]: Incoming request  #2482: GET /Duluka/v.1.0/State
2026-10-03T18:31:35.072[D]: Response finished #2482: GET /Duluka/v.1.0/State with status 404
2026-10-03T18:31:35.572[D]: Incoming request  #2483: GET /Duluka/v.1.0/State
2026-10-03T18:31:35.573[D]: Response finished #2483: GET /Duluka/v.1.0/State with status 404
2026-10-03T18:31:36.080[D]: Incoming request  #2484: GET /Duluka/v.1.0/State
2026-10-03T18:31:36.082[D]: Response finished #2484: GET /Duluka/v.1.0/State with status 404
2026-10-03T18:31:36.563[D]: Incoming request  #2485: GET /Duluka/v.1.0/State
2026-10-03T18:31:36.564[D]: Response finished #2485: GET /Duluka/v.1.0/State with status 404
2026-10-03T18:31:37.070[D]: Incoming request  #2486: GET /Duluka/v.1.0/State
2026-10-03T18:31:37.072[D]: Response finished #2486: GET /Duluka/v.1.0/State with status 404
2026-10-03T18:31:37.570[D]: Incoming request  #2487: GET /Duluka/v.1.0/State
2026-10-03T18:31:37.570[D]: Response finished #2487: GET /Duluka/v.1.0/State with status 404
2026-10-03T18:31:38.073[D]: Incoming request  #2488: GET /Duluka/v.1.0/State
2026-10-03T18:31:38.074[D]: Response finished #2488: GET /Duluka/v.1.0/State with status 404
2026-10-03T18:31:38.557[D]: Incoming request  #2489: GET /Duluka/v.1.0/State
2026-10-03T18:31:38.558[D]: Response finished #2489: GET /Duluka/v.1.0/State with status 404
2026-10-03T18:31:39.073[D]: Incoming request  #2490: GET /Duluka/v.1.0/State
2026-10-03T18:31:39.074[D]: Response finished #2490: GET /Duluka/v.1.0/State with status 404
2026-10-03T18:31:39.557[D]: Incoming request  #2491: GET /Duluka/v.1.0/State
2026-10-03T18:31:39.557[D]: Response finished #2491: GET /Duluka/v.1.0/State with status 404
2026-10-03T18:31:40.074[D]: Incoming request  #2492: GET /Duluka/v.1.0/State
2026-10-03T18:31:40.075[D]: Response finished #2492: GET /Duluka/v.1.0/State with status 404
2026-10-03T18:31:40.572[D]: Incoming request  #2493: GET /Duluka/v.1.0/State
2026-10-03T18:31:40.573[D]: Response finished #2493: GET /Duluka/v.1.0/State with status 404
2026-10-03T18:31:41.059[D]: Incoming request  #2494: GET /Duluka/v.1.0/State
2026-10-03T18:31:41.060[D]: Response finished #2494: GET /Duluka/v.1.0/State with status 404
2026-10-03T18:31:41.559[D]: Incoming request  #2495: GET /Duluka/v.1.0/State
2026-10-03T18:31:41.560[D]: Response finished #2495: GET /Duluka/v.1.0/State with status 404
2026-10-03T18:31:42.059[D]: Incoming request  #2496: GET /Duluka/v.1.0/State
2026-10-03T18:31:42.059[D]: Response finished #2496: GET /Duluka/v.1.0/State with status 404
2026-10-03T18:31:42.559[D]: Incoming request  #2497: GET /Duluka/v.1.0/State
2026-10-03T18:31:42.560[D]: Response finished #2497: GET /Duluka/v.1.0/State with status 404
2026-10-03T18:31:43.060[D]: Incoming request  #2498: GET /Duluka/v.1.0/State
2026-10-03T18:31:43.062[D]: Response finished #2498: GET /Duluka/v.1.0/State with status 404
2026-10-03T18:31:43.572[D]: Incoming request  #2499: GET /Duluka/v.1.0/State
2026-10-03T18:31:43.572[D]: Response finished #2499: GET /Duluka/v.1.0/State with status 404
2026-10-03T18:31:44.073[D]: Incoming request  #2500: GET /Duluka/v.1.0/State
2026-10-03T18:31:44.074[D]: Response finished #2500: GET /Duluka/v.1.0/State with status 404
2026-10-03T18:31:44.570[D]: Incoming request  #2501: GET /Duluka/v.1.0/State
2026-10-03T18:31:44.572[D]: Response finished #2501: GET /Duluka/v.1.0/State with status 404
2026-10-03T18:31:45.068[D]: Incoming request  #2502: GET /Duluka/v.1.0/State
2026-10-03T18:31:45.069[D]: Response finished #2502: GET /Duluka/v.1.0/State with status 404
2026-10-03T18:31:45.568[D]: Incoming request  #2503: GET /Duluka/v.1.0/State
2026-10-03T18:31:45.569[D]: Response finished #2503: GET /Duluka/v.1.0/State with status 404
2026-10-03T18:31:46.070[D]: Incoming request  #2504: GET /Duluka/v.1.0/State
2026-10-03T18:31:46.071[D]: Response finished #2504: GET /Duluka/v.1.0/State with status 404
2026-10-03T18:31:46.570[D]: Incoming request  #2505: GET /Duluka/v.1.0/State
2026-10-03T18:31:46.578[D]: Response finished #2505: GET /Duluka/v.1.0/State with status 404
2026-10-03T18:31:47.069[D]: Incoming request  #2506: GET /Duluka/v.1.0/State
2026-10-03T18:31:47.071[D]: Response finished #2506: GET /Duluka/v.1.0/State with status 404
2026-10-03T18:31:47.557[D]: Incoming request  #2507: GET /Duluka/v.1.0/State
2026-10-03T18:31:47.559[D]: Response finished #2507: GET /Duluka/v.1.0/State with status 404
2026-10-03T18:31:48.059[D]: Incoming request  #2508: GET /Duluka/v.1.0/State
2026-10-03T18:31:48.061[D]: Response finished #2508: GET /Duluka/v.1.0/State with status 404
2026-10-03T18:31:48.563[D]: Incoming request  #2509: GET /Duluka/v.1.0/State
2026-10-03T18:31:48.563[D]: Response finished #2509: GET /Duluka/v.1.0/State with status 404
2026-10-03T18:31:49.068[D]: Incoming request  #2510: GET /Duluka/v.1.0/State
2026-10-03T18:31:49.068[D]: Response finished #2510: GET /Duluka/v.1.0/State with status 404
2026-10-03T18:31:49.568[D]: Incoming request  #2511: GET /Duluka/v.1.0/State
2026-10-03T18:31:49.569[D]: Response finished #2511: GET /Duluka/v.1.0/State with status 404
2026-10-03T18:31:50.074[D]: Incoming request  #2512: GET /Duluka/v.1.0/State
2026-10-03T18:31:50.077[D]: Response finished #2512: GET /Duluka/v.1.0/State with status 404
2026-10-03T18:31:50.562[D]: Incoming request  #2513: GET /Duluka/v.1.0/State
2026-10-03T18:31:50.563[D]: Response finished #2513: GET /Duluka/v.1.0/State with status 404
2026-10-03T18:31:51.060[D]: Incoming request  #2514: GET /Duluka/v.1.0/State
2026-10-03T18:31:51.060[D]: Response finished #2514: GET /Duluka/v.1.0/State with status 404
2026-10-03T18:31:51.565[D]: Incoming request  #2515: GET /Duluka/v.1.0/State
2026-10-03T18:31:51.565[D]: Response finished #2515: GET /Duluka/v.1.0/State with status 404
2026-10-03T18:31:52.068[D]: Incoming request  #2516: GET /Duluka/v.1.0/State
2026-10-03T18:31:52.069[D]: Response finished #2516: GET /Duluka/v.1.0/State with status 404
2026-10-03T18:31:52.569[D]: Incoming request  #2517: GET /Duluka/v.1.0/State
2026-10-03T18:31:52.570[D]: Response finished #2517: GET /Duluka/v.1.0/State with status 404
2026-10-03T18:31:53.070[D]: Incoming request  #2518: GET /Duluka/v.1.0/State
2026-10-03T18:31:53.071[D]: Response finished #2518: GET /Duluka/v.1.0/State with status 404
2026-10-03T18:31:53.559[D]: Incoming request  #2519: GET /Duluka/v.1.0/State
2026-10-03T18:31:53.560[D]: Response finished #2519: GET /Duluka/v.1.0/State with status 404
2026-10-03T18:31:54.058[D]: Incoming request  #2520: GET /Duluka/v.1.0/State
2026-10-03T18:31:54.059[D]: Response finished #2520: GET /Duluka/v.1.0/State with status 404
2026-10-03T18:31:54.558[D]: Incoming request  #2521: GET /Duluka/v.1.0/State
2026-10-03T18:31:54.559[D]: Response finished #2521: GET /Duluka/v.1.0/State with status 404
2026-10-03T18:31:55.060[D]: Incoming request  #2522: GET /Duluka/v.1.0/State
2026-10-03T18:31:55.060[D]: Response finished #2522: GET /Duluka/v.1.0/State with status 404
2026-10-03T18:31:55.563[D]: Incoming request  #2523: GET /Duluka/v.1.0/State
2026-10-03T18:31:55.563[D]: Response finished #2523: GET /Duluka/v.1.0/State with status 404
2026-10-03T18:31:56.067[D]: Incoming request  #2524: GET /Duluka/v.1.0/State
2026-10-03T18:31:56.067[D]: Response finished #2524: GET /Duluka/v.1.0/State with status 404
2026-10-03T18:31:56.564[D]: Incoming request  #2525: GET /Duluka/v.1.0/State
2026-10-03T18:31:56.564[D]: Response finished #2525: GET /Duluka/v.1.0/State with status 404
2026-10-03T18:31:57.065[D]: Incoming request  #2526: GET /Duluka/v.1.0/State
2026-10-03T18:31:57.065[D]: Response finished #2526: GET /Duluka/v.1.0/State with status 404
2026-10-03T18:31:57.572[D]: Incoming request  #2527: GET /Duluka/v.1.0/State
2026-10-03T18:31:57.572[D]: Response finished #2527: GET /Duluka/v.1.0/State with status 404
2026-10-03T18:31:58.062[D]: Incoming request  #2528: GET /Duluka/v.1.0/State
2026-10-03T18:31:58.062[D]: Response finished #2528: GET /Duluka/v.1.0/State with status 404
2026-10-03T18:31:58.561[D]: Incoming request  #2529: GET /Duluka/v.1.0/State
2026-10-03T18:31:58.562[D]: Response finished #2529: GET /Duluka/v.1.0/State with status 404
2026-10-03T18:31:59.066[D]: Incoming request  #2530: GET /Duluka/v.1.0/State
2026-10-03T18:31:59.068[D]: Response finished #2530: GET /Duluka/v.1.0/State with status 404
2026-10-03T18:31:59.573[D]: Incoming request  #2531: GET /Duluka/v.1.0/State
2026-10-03T18:31:59.585[D]: Response finished #2531: GET /Duluka/v.1.0/State with status 404
2026-10-03T18:32:00.062[D]: Incoming request  #2532: GET /Duluka/v.1.0/State
2026-10-03T18:32:00.062[D]: Response finished #2532: GET /Duluka/v.1.0/State with status 404
2026-10-03T18:32:00.388[D]: LEAVE Shadowplay:ShadowplayServer
2026-10-03T18:32:00.562[D]: Incoming request  #2533: GET /Duluka/v.1.0/State
2026-10-03T18:32:00.563[D]: Response finished #2533: GET /Duluka/v.1.0/State with status 404
2026-10-03T18:32:00.749[D]: JOIN 
2026-10-03T18:32:01.063[D]: Incoming request  #2534: GET /Duluka/v.1.0/State
2026-10-03T18:32:01.065[D]: Response finished #2534: GET /Duluka/v.1.0/State with status 404
2026-10-03T18:32:01.569[D]: Incoming request  #2535: GET /Duluka/v.1.0/State
2026-10-03T18:32:01.572[D]: Response finished #2535: GET /Duluka/v.1.0/State with status 404
2026-10-03T18:32:02.070[D]: Incoming request  #2536: GET /Duluka/v.1.0/State
2026-10-03T18:32:02.071[D]: Response finished #2536: GET /Duluka/v.1.0/State with status 404
2026-10-03T18:32:02.568[D]: Incoming request  #2537: GET /Duluka/v.1.0/State
2026-10-03T18:32:02.568[D]: Response finished #2537: GET /Duluka/v.1.0/State with status 404
2026-10-03T18:32:03.068[D]: Incoming request  #2538: GET /Duluka/v.1.0/State
2026-10-03T18:32:03.069[D]: Response finished #2538: GET /Duluka/v.1.0/State with status 404
2026-10-03T18:32:03.572[D]: Incoming request  #2539: GET /Duluka/v.1.0/State
2026-10-03T18:32:03.573[D]: Response finished #2539: GET /Duluka/v.1.0/State with status 404
2026-10-03T18:32:04.062[D]: Incoming request  #2540: GET /Duluka/v.1.0/State
2026-10-03T18:32:04.063[D]: Response finished #2540: GET /Duluka/v.1.0/State with status 404
2026-10-03T18:32:04.560[D]: Incoming request  #2541: GET /Duluka/v.1.0/State
2026-10-03T18:32:04.560[D]: Response finished #2541: GET /Duluka/v.1.0/State with status 404
2026-10-03T18:32:05.061[D]: Incoming request  #2542: GET /Duluka/v.1.0/State
2026-10-03T18:32:05.061[D]: Response finished #2542: GET /Duluka/v.1.0/State with status 404
2026-10-03T18:32:05.561[D]: Incoming request  #2543: GET /Duluka/v.1.0/State
2026-10-03T18:32:05.562[D]: Response finished #2543: GET /Duluka/v.1.0/State with status 404
2026-10-03T18:32:06.063[D]: Incoming request  #2544: GET /Duluka/v.1.0/State
2026-10-03T18:32:06.063[D]: Response finished #2544: GET /Duluka/v.1.0/State with status 404
2026-10-03T18:32:06.568[D]: Incoming request  #2545: GET /Duluka/v.1.0/State
2026-10-03T18:32:06.569[D]: Response finished #2545: GET /Duluka/v.1.0/State with status 404
2026-10-03T18:32:07.070[D]: Incoming request  #2546: GET /Duluka/v.1.0/State
2026-10-03T18:32:07.071[D]: Response finished #2546: GET /Duluka/v.1.0/State with status 404
2026-10-03T18:32:07.559[D]: Incoming request  #2547: GET /Duluka/v.1.0/State
2026-10-03T18:32:07.560[D]: Response finished #2547: GET /Duluka/v.1.0/State with status 404
2026-10-03T18:32:08.060[D]: Incoming request  #2548: GET /Duluka/v.1.0/State
2026-10-03T18:32:08.061[D]: Response finished #2548: GET /Duluka/v.1.0/State with status 404
2026-10-03T18:32:08.559[D]: Incoming request  #2549: GET /Duluka/v.1.0/State
2026-10-03T18:32:08.560[D]: Response finished #2549: GET /Duluka/v.1.0/State with status 404
2026-10-03T18:32:09.061[D]: Incoming request  #2550: GET /Duluka/v.1.0/State
2026-10-03T18:32:09.061[D]: Response finished #2550: GET /Duluka/v.1.0/State with status 404
2026-10-03T18:32:09.560[D]: Incoming request  #2551: GET /Duluka/v.1.0/State
2026-10-03T18:32:09.560[D]: Response finished #2551: GET /Duluka/v.1.0/State with status 404
2026-10-03T18:32:10.065[D]: Incoming request  #2552: GET /Duluka/v.1.0/State
2026-10-03T18:32:10.067[D]: Response finished #2552: GET /Duluka/v.1.0/State with status 404
2026-10-03T18:32:10.564[D]: Incoming request  #2553: GET /Duluka/v.1.0/State
2026-10-03T18:32:10.566[D]: Response finished #2553: GET /Duluka/v.1.0/State with status 404
2026-10-03T18:32:11.068[D]: Incoming request  #2554: GET /Duluka/v.1.0/State
2026-10-03T18:32:11.068[D]: Response finished #2554: GET /Duluka/v.1.0/State with status 404
2026-10-03T18:32:11.572[D]: Incoming request  #2555: GET /Duluka/v.1.0/State
2026-10-03T18:32:11.574[D]: Response finished #2555: GET /Duluka/v.1.0/State with status 404
2026-10-03T18:32:12.059[D]: Incoming request  #2556: GET /Duluka/v.1.0/State
2026-10-03T18:32:12.059[D]: Response finished #2556: GET /Duluka/v.1.0/State with status 404
2026-10-03T18:32:12.560[D]: Incoming request  #2557: GET /Duluka/v.1.0/State
2026-10-03T18:32:12.560[D]: Response finished #2557: GET /Duluka/v.1.0/State with status 404
2026-10-03T18:32:13.064[D]: Incoming request  #2558: GET /Duluka/v.1.0/State
2026-10-03T18:32:13.064[D]: Response finished #2558: GET /Duluka/v.1.0/State with status 404
2026-10-03T18:32:13.569[D]: Incoming request  #2559: GET /Duluka/v.1.0/State
2026-10-03T18:32:13.571[D]: Response finished #2559: GET /Duluka/v.1.0/State with status 404
2026-10-03T18:32:14.069[D]: Incoming request  #2560: GET /Duluka/v.1.0/State
2026-10-03T18:32:14.069[D]: Response finished #2560: GET /Duluka/v.1.0/State with status 404
2026-10-03T18:32:14.567[D]: Incoming request  #2561: GET /Duluka/v.1.0/State
2026-10-03T18:32:14.568[D]: Response finished #2561: GET /Duluka/v.1.0/State with status 404
2026-10-03T18:32:15.071[D]: Incoming request  #2562: GET /Duluka/v.1.0/State
2026-10-03T18:32:15.073[D]: Response finished #2562: GET /Duluka/v.1.0/State with status 404
2026-10-03T18:32:15.571[D]: Incoming request  #2563: GET /Duluka/v.1.0/State
2026-10-03T18:32:15.572[D]: Response finished #2563: GET /Duluka/v.1.0/State with status 404
2026-10-03T18:32:16.060[D]: Incoming request  #2564: GET /Duluka/v.1.0/State
2026-10-03T18:32:16.062[D]: Response finished #2564: GET /Duluka/v.1.0/State with status 404
2026-10-03T18:32:16.564[D]: Incoming request  #2565: GET /Duluka/v.1.0/State
2026-10-03T18:32:16.565[D]: Response finished #2565: GET /Duluka/v.1.0/State with status 404
2026-10-03T18:32:17.070[D]: Incoming request  #2566: GET /Duluka/v.1.0/State
2026-10-03T18:32:17.072[D]: Response finished #2566: GET /Duluka/v.1.0/State with status 404
2026-10-03T18:32:17.558[D]: Incoming request  #2567: GET /Duluka/v.1.0/State
2026-10-03T18:32:17.558[D]: Response finished #2567: GET /Duluka/v.1.0/State with status 404
2026-10-03T18:32:18.061[D]: Incoming request  #2568: GET /Duluka/v.1.0/State
2026-10-03T18:32:18.061[D]: Response finished #2568: GET /Duluka/v.1.0/State with status 404
2026-10-03T18:32:18.557[D]: Incoming request  #2569: GET /Duluka/v.1.0/State
2026-10-03T18:32:18.558[D]: Response finished #2569: GET /Duluka/v.1.0/State with status 404
2026-10-03T18:32:19.064[D]: Incoming request  #2570: GET /Duluka/v.1.0/State
2026-10-03T18:32:19.064[D]: Response finished #2570: GET /Duluka/v.1.0/State with status 404
2026-10-03T18:32:19.567[D]: Incoming request  #2571: GET /Duluka/v.1.0/State
2026-10-03T18:32:19.567[D]: Response finished #2571: GET /Duluka/v.1.0/State with status 404
2026-10-03T18:32:20.064[D]: Incoming request  #2572: GET /Duluka/v.1.0/State
2026-10-03T18:32:20.065[D]: Response finished #2572: GET /Duluka/v.1.0/State with status 404
2026-10-03T18:32:20.567[D]: Incoming request  #2573: GET /Duluka/v.1.0/State
2026-10-03T18:32:20.568[D]: Response finished #2573: GET /Duluka/v.1.0/State with status 404
2026-10-03T18:32:20.604[D]: Incoming request  #2574: POST /ShadowPlay/v.1.0/Launch
2026-10-03T18:32:20.609[I]: Post Data: {"launch":true}
2026-10-03T18:32:20.609[I]: Setting ShadowPlay Enable: {"launch":true}
2026-10-03T18:32:20.611[E]: ShadowPlay is running but idle (possible crash)
2026-10-03T18:32:20.611[E]: ShadowPlay not running
2026-10-03T18:32:20.611[I]: Enabling ShadowPlay
2026-10-03T18:32:21.070[D]: Incoming request  #2575: GET /Duluka/v.1.0/State
2026-10-03T18:32:21.072[D]: Response finished #2575: GET /Duluka/v.1.0/State with status 404
2026-10-03T18:32:21.572[D]: Incoming request  #2576: GET /Duluka/v.1.0/State
2026-10-03T18:32:21.572[D]: Response finished #2576: GET /Duluka/v.1.0/State with status 404
2026-10-03T18:32:22.058[D]: Incoming request  #2577: GET /Duluka/v.1.0/State
2026-10-03T18:32:22.059[D]: Response finished #2577: GET /Duluka/v.1.0/State with status 404
2026-10-03T18:32:22.558[D]: Incoming request  #2578: GET /Duluka/v.1.0/State
2026-10-03T18:32:22.561[D]: Response finished #2578: GET /Duluka/v.1.0/State with status 404
2026-10-03T18:32:23.061[D]: Incoming request  #2579: GET /Duluka/v.1.0/State
2026-10-03T18:32:23.062[D]: Response finished #2579: GET /Duluka/v.1.0/State with status 404
2026-10-03T18:32:23.258[E]: SP Server run failure: -2147220941. Start failure count: 4
2026-10-03T18:32:23.258[I]: { type: 'Error',
  code: -2147220941,
  codeText: 'ShadowPlay: OSC enable failed',
  message: undefined }
2026-10-03T18:32:23.260[E]: {"type":"Error","code":-2147220941,"codeText":"ShadowPlay: OSC enable failed"}
2026-10-03T18:32:23.304[D]: Response finished #2574: POST /ShadowPlay/v.1.0/Launch with status 500
2026-10-03T18:32:23.305[E]: Socket au-xFUOkH6daBEpEAAAC disconnected
2026-10-03T18:32:23.370[D]: LEAVE Shadowplay:ShadowplayApi25656
2026-10-03T18:32:23.558[D]: Incoming request  #2580: GET /Duluka/v.1.0/State
2026-10-03T18:32:23.558[D]: Response finished #2580: GET /Duluka/v.1.0/State with status 404
2026-10-03T18:32:24.062[D]: Incoming request  #2581: GET /Duluka/v.1.0/State
2026-10-03T18:32:24.063[D]: Response finished #2581: GET /Duluka/v.1.0/State with status 404
2026-10-03T18:32:24.567[D]: Incoming request  #2582: GET /Duluka/v.1.0/State
2026-10-03T18:32:24.568[D]: Response finished #2582: GET /Duluka/v.1.0/State with status 404
2026-10-03T18:32:25.067[D]: Incoming request  #2583: GET /Duluka/v.1.0/State
2026-10-03T18:32:25.069[D]: Response finished #2583: GET /Duluka/v.1.0/State with status 404
2026-10-03T18:32:25.569[D]: Incoming request  #2584: GET /Duluka/v.1.0/State
2026-10-03T18:32:25.569[D]: Response finished #2584: GET /Duluka/v.1.0/State with status 404
2026-10-03T18:32:26.058[D]: Incoming request  #2585: GET /Duluka/v.1.0/State
2026-10-03T18:32:26.058[D]: Response finished #2585: GET /Duluka/v.1.0/State with status 404
2026-10-03T18:32:26.557[D]: Incoming request  #2586: GET /Duluka/v.1.0/State
2026-10-03T18:32:26.560[D]: Response finished #2586: GET /Duluka/v.1.0/State with status 404
2026-10-03T18:32:27.058[D]: Incoming request  #2587: GET /Duluka/v.1.0/State
2026-10-03T18:32:27.059[D]: Response finished #2587: GET /Duluka/v.1.0/State with status 404
2026-10-03T18:32:27.564[D]: Incoming request  #2588: GET /Duluka/v.1.0/State
2026-10-03T18:32:27.565[D]: Response finished #2588: GET /Duluka/v.1.0/State with status 404
2026-10-03T18:32:28.070[D]: Incoming request  #2589: GET /Duluka/v.1.0/State
2026-10-03T18:32:28.070[D]: Response finished #2589: GET /Duluka/v.1.0/State with status 404
2026-10-03T18:32:28.296[D]: Incoming request  #2590: GET /ShadowPlay/v.1.0/Hotkey/Monitor
2026-10-03T18:32:28.297[I]: { type: 'Error',
  code: -2147024809,
  codeText: 'Unknown/Internal error',
  message: undefined }
2026-10-03T18:32:28.297[E]: {"type":"Error","code":-2147024809,"codeText":"Unknown/Internal error"}
2026-10-03T18:32:28.307[D]: Response finished #2590: GET /ShadowPlay/v.1.0/Hotkey/Monitor with status 500
2026-10-03T18:32:28.324[D]: Incoming request  #2591: POST /ShadowPlay/v.1.0/Hotkey/Monitor
2026-10-03T18:32:28.325[I]: Post Data: {"enable":true}
2026-10-03T18:32:28.325[I]: Setting hotkey monitoring with data {"enable":true}
2026-10-03T18:32:28.327[I]: { type: 'Error',
  code: -2147024809,
  codeText: 'Unknown/Internal error',
  message: undefined }
2026-10-03T18:32:28.327[E]: {"type":"Error","code":-2147024809,"codeText":"Unknown/Internal error"}
2026-10-03T18:32:28.330[D]: Incoming request  #2592: POST /ShadowPlay/v.1.0/Hotkey/overlaytoggle
2026-10-03T18:32:28.331[D]: Response finished #2591: POST /ShadowPlay/v.1.0/Hotkey/Monitor with status 500
2026-10-03T18:32:28.332[I]: Post Data: {"keys":[18,90]}
2026-10-03T18:32:28.332[I]: Setting hotkey overlaytoggle with data {"keys":[18,90]}
2026-10-03T18:32:28.350[I]: { type: 'Error',
  code: -2147024809,
  codeText: 'Unknown/Internal error',
  message: undefined }
2026-10-03T18:32:28.350[E]: {"type":"Error","code":-2147024809,"codeText":"Unknown/Internal error"}
2026-10-03T18:32:28.558[D]: Response finished #2592: POST /ShadowPlay/v.1.0/Hotkey/overlaytoggle with status 500
2026-10-03T18:32:28.558[D]: Incoming request  #2593: GET /Duluka/v.1.0/State
2026-10-03T18:32:28.559[D]: Response finished #2593: GET /Duluka/v.1.0/State with status 404
2026-10-03T18:32:29.062[D]: Incoming request  #2594: GET /Duluka/v.1.0/State
2026-10-03T18:32:29.063[D]: Response finished #2594: GET /Duluka/v.1.0/State with status 404
2026-10-03T18:32:29.565[D]: Incoming request  #2595: GET /Duluka/v.1.0/State
2026-10-03T18:32:29.566[D]: Response finished #2595: GET /Duluka/v.1.0/State with status 404
2026-10-03T18:32:30.068[D]: Incoming request  #2596: GET /Duluka/v.1.0/State
2026-10-03T18:32:30.068[D]: Response finished #2596: GET /Duluka/v.1.0/State with status 404
2026-10-03T18:32:30.571[D]: Incoming request  #2597: GET /Duluka/v.1.0/State
2026-10-03T18:32:30.572[D]: Response finished #2597: GET /Duluka/v.1.0/State with status 404
2026-10-03T18:32:31.070[D]: Incoming request  #2598: GET /Duluka/v.1.0/State
2026-10-03T18:32:31.071[D]: Response finished #2598: GET /Duluka/v.1.0/State with status 404
2026-10-03T18:32:31.558[D]: Incoming request  #2599: GET /Duluka/v.1.0/State
2026-10-03T18:32:31.561[D]: Response finished #2599: GET /Duluka/v.1.0/State with status 404
2026-10-03T18:32:32.061[D]: Incoming request  #2600: GET /Duluka/v.1.0/State
2026-10-03T18:32:32.062[D]: Response finished #2600: GET /Duluka/v.1.0/State with status 404
2026-10-03T18:32:32.568[D]: Incoming request  #2601: GET /Duluka/v.1.0/State
2026-10-03T18:32:32.569[D]: Response finished #2601: GET /Duluka/v.1.0/State with status 404
2026-10-03T18:32:33.069[D]: Incoming request  #2602: GET /Duluka/v.1.0/State
2026-10-03T18:32:33.071[D]: Response finished #2602: GET /Duluka/v.1.0/State with status 404
2026-10-03T18:32:33.558[D]: Incoming request  #2603: GET /Duluka/v.1.0/State
2026-10-03T18:32:33.559[D]: Response finished #2603: GET /Duluka/v.1.0/State with status 404
2026-10-03T18:32:34.062[D]: Incoming request  #2604: GET /Duluka/v.1.0/State
2026-10-03T18:32:34.062[D]: Response finished #2604: GET /Duluka/v.1.0/State with status 404
2026-10-03T18:32:34.563[D]: Incoming request  #2605: GET /Duluka/v.1.0/State
2026-10-03T18:32:34.563[D]: Response finished #2605: GET /Duluka/v.1.0/State with status 404
2026-10-03T18:32:35.063[D]: Incoming request  #2606: GET /Duluka/v.1.0/State
2026-10-03T18:32:35.064[D]: Response finished #2606: GET /Duluka/v.1.0/State with status 404
2026-10-03T18:32:35.567[D]: Incoming request  #2607: GET /Duluka/v.1.0/State
2026-10-03T18:32:35.567[D]: Response finished #2607: GET /Duluka/v.1.0/State with status 404
2026-10-03T18:32:36.072[D]: Incoming request  #2608: GET /Duluka/v.1.0/State
2026-10-03T18:32:36.072[D]: Response finished #2608: GET /Duluka/v.1.0/State with status 404
2026-10-03T18:32:36.561[D]: Incoming request  #2609: GET /Duluka/v.1.0/State
2026-10-03T18:32:36.562[D]: Response finished #2609: GET /Duluka/v.1.0/State with status 404
2026-10-03T18:32:37.060[D]: Incoming request  #2610: GET /Duluka/v.1.0/State
2026-10-03T18:32:37.060[D]: Response finished #2610: GET /Duluka/v.1.0/State with status 404
2026-10-03T18:32:37.574[D]: Incoming request  #2611: GET /Duluka/v.1.0/State
2026-10-03T18:32:37.575[D]: Response finished #2611: GET /Duluka/v.1.0/State with status 404
2026-10-03T18:32:38.068[D]: Incoming request  #2612: GET /Duluka/v.1.0/State
2026-10-03T18:32:38.069[D]: Response finished #2612: GET /Duluka/v.1.0/State with status 404
2026-10-03T18:32:38.569[D]: Incoming request  #2613: GET /Duluka/v.1.0/State
2026-10-03T18:32:38.569[D]: Response finished #2613: GET /Duluka/v.1.0/State with status 404
2026-10-03T18:32:39.057[D]: Incoming request  #2614: GET /Duluka/v.1.0/State
2026-10-03T18:32:39.059[D]: Response finished #2614: GET /Duluka/v.1.0/State with status 404
2026-10-03T18:32:39.558[D]: Incoming request  #2615: GET /Duluka/v.1.0/State
2026-10-03T18:32:39.559[D]: Response finished #2615: GET /Duluka/v.1.0/State with status 404
2026-10-03T18:32:40.060[D]: Incoming request  #2616: GET /Duluka/v.1.0/State
2026-10-03T18:32:40.060[D]: Response finished #2616: GET /Duluka/v.1.0/State with status 404
2026-10-03T18:32:40.565[D]: Incoming request  #2617: GET /Duluka/v.1.0/State
2026-10-03T18:32:40.565[D]: Response finished #2617: GET /Duluka/v.1.0/State with status 404
2026-10-03T18:32:41.072[D]: Incoming request  #2618: GET /Duluka/v.1.0/State
2026-10-03T18:32:41.073[D]: Response finished #2618: GET /Duluka/v.1.0/State with status 404
2026-10-03T18:32:41.562[D]: Incoming request  #2619: GET /Duluka/v.1.0/State
2026-10-03T18:32:41.562[D]: Response finished #2619: GET /Duluka/v.1.0/State with status 404
2026-10-03T18:32:42.065[D]: Incoming request  #2620: GET /Duluka/v.1.0/State
2026-10-03T18:32:42.066[D]: Response finished #2620: GET /Duluka/v.1.0/State with status 404
2026-10-03T18:32:42.569[D]: Incoming request  #2621: GET /Duluka/v.1.0/State
2026-10-03T18:32:42.572[D]: Response finished #2621: GET /Duluka/v.1.0/State with status 404
2026-10-03T18:32:43.071[D]: Incoming request  #2622: GET /Duluka/v.1.0/State
2026-10-03T18:32:43.072[D]: Response finished #2622: GET /Duluka/v.1.0/State with status 404
2026-10-03T18:32:43.557[D]: Incoming request  #2623: GET /Duluka/v.1.0/State
2026-10-03T18:32:43.558[D]: Response finished #2623: GET /Duluka/v.1.0/State with status 404
2026-10-03T18:32:44.059[D]: Incoming request  #2624: GET /Duluka/v.1.0/State
2026-10-03T18:32:44.060[D]: Response finished #2624: GET /Duluka/v.1.0/State with status 404
2026-10-03T18:32:44.564[D]: Incoming request  #2625: GET /Duluka/v.1.0/State
2026-10-03T18:32:44.565[D]: Response finished #2625: GET /Duluka/v.1.0/State with status 404
2026-10-03T18:32:45.070[D]: Incoming request  #2626: GET /Duluka/v.1.0/State
2026-10-03T18:32:45.070[D]: Response finished #2626: GET /Duluka/v.1.0/State with status 404
2026-10-03T18:32:45.570[D]: Incoming request  #2627: GET /Duluka/v.1.0/State
2026-10-03T18:32:45.572[D]: Response finished #2627: GET /Duluka/v.1.0/State with status 404
2026-10-03T18:32:46.067[D]: Incoming request  #2628: GET /Duluka/v.1.0/State
2026-10-03T18:32:46.068[D]: Response finished #2628: GET /Duluka/v.1.0/State with status 404
2026-10-03T18:32:46.570[D]: Incoming request  #2629: GET /Duluka/v.1.0/State
2026-10-03T18:32:46.571[D]: Response finished #2629: GET /Duluka/v.1.0/State with status 404
2026-10-03T18:32:47.069[D]: Incoming request  #2630: GET /Duluka/v.1.0/State
2026-10-03T18:32:47.070[D]: Response finished #2630: GET /Duluka/v.1.0/State with status 404
2026-10-03T18:32:47.558[D]: Incoming request  #2631: GET /Duluka/v.1.0/State
2026-10-03T18:32:47.559[D]: Response finished #2631: GET /Duluka/v.1.0/State with status 404
2026-10-03T18:32:48.073[D]: Incoming request  #2632: GET /Duluka/v.1.0/State
2026-10-03T18:32:48.074[D]: Response finished #2632: GET /Duluka/v.1.0/State with status 404
2026-10-03T18:32:48.559[D]: Incoming request  #2633: GET /Duluka/v.1.0/State
2026-10-03T18:32:48.560[D]: Response finished #2633: GET /Duluka/v.1.0/State with status 404
2026-10-03T18:32:49.065[D]: Incoming request  #2634: GET /Duluka/v.1.0/State
2026-10-03T18:32:49.067[D]: Response finished #2634: GET /Duluka/v.1.0/State with status 404
2026-10-03T18:32:49.564[D]: Incoming request  #2635: GET /Duluka/v.1.0/State
2026-10-03T18:32:49.565[D]: Response finished #2635: GET /Duluka/v.1.0/State with status 404
2026-10-03T18:32:50.063[D]: Incoming request  #2636: GET /Duluka/v.1.0/State
2026-10-03T18:32:50.066[D]: Response finished #2636: GET /Duluka/v.1.0/State with status 404
2026-10-03T18:32:50.567[D]: Incoming request  #2637: GET /Duluka/v.1.0/State
2026-10-03T18:32:50.567[D]: Response finished #2637: GET /Duluka/v.1.0/State with status 404
2026-10-03T18:32:51.067[D]: Incoming request  #2638: GET /Duluka/v.1.0/State
2026-10-03T18:32:51.068[D]: Response finished #2638: GET /Duluka/v.1.0/State with status 404
2026-10-03T18:32:51.571[D]: Incoming request  #2639: GET /Duluka/v.1.0/State
2026-10-03T18:32:51.574[D]: Response finished #2639: GET /Duluka/v.1.0/State with status 404
2026-10-03T18:32:52.068[D]: Incoming request  #2640: GET /Duluka/v.1.0/State
2026-10-03T18:32:52.069[D]: Response finished #2640: GET /Duluka/v.1.0/State with status 404
2026-10-03T18:32:52.572[D]: Incoming request  #2641: GET /Duluka/v.1.0/State
2026-10-03T18:32:52.574[D]: Response finished #2641: GET /Duluka/v.1.0/State with status 404
2026-10-03T18:32:53.069[D]: Incoming request  #2642: GET /Duluka/v.1.0/State
2026-10-03T18:32:53.070[D]: Response finished #2642: GET /Duluka/v.1.0/State with status 404
2026-10-03T18:32:53.571[D]: Incoming request  #2643: GET /Duluka/v.1.0/State
2026-10-03T18:32:53.573[D]: Response finished #2643: GET /Duluka/v.1.0/State with status 404
2026-10-03T18:32:54.059[D]: Incoming request  #2644: GET /Duluka/v.1.0/State
2026-10-03T18:32:54.061[D]: Response finished #2644: GET /Duluka/v.1.0/State with status 404
2026-10-03T18:32:54.557[D]: Incoming request  #2645: GET /Duluka/v.1.0/State
2026-10-03T18:32:54.559[D]: Response finished #2645: GET /Duluka/v.1.0/State with status 404
2026-10-03T18:32:55.081[D]: Incoming request  #2646: GET /Duluka/v.1.0/State
2026-10-03T18:32:55.083[D]: Response finished #2646: GET /Duluka/v.1.0/State with status 404
2026-10-03T18:32:55.563[D]: Incoming request  #2647: GET /Duluka/v.1.0/State
2026-10-03T18:32:55.564[D]: Response finished #2647: GET /Duluka/v.1.0/State with status 404
2026-10-03T18:32:56.061[D]: Incoming request  #2648: GET /Duluka/v.1.0/State
2026-10-03T18:32:56.063[D]: Response finished #2648: GET /Duluka/v.1.0/State with status 404
2026-10-03T18:32:56.562[D]: Incoming request  #2649: GET /Duluka/v.1.0/State
2026-10-03T18:32:56.563[D]: Response finished #2649: GET /Duluka/v.1.0/State with status 404
2026-10-03T18:32:57.065[D]: Incoming request  #2650: GET /Duluka/v.1.0/State
2026-10-03T18:32:57.067[D]: Response finished #2650: GET /Duluka/v.1.0/State with status 404
2026-10-03T18:32:57.564[D]: Incoming request  #2651: GET /Duluka/v.1.0/State
2026-10-03T18:32:57.566[D]: Response finished #2651: GET /Duluka/v.1.0/State with status 404
2026-10-03T18:32:58.063[D]: Incoming request  #2652: GET /Duluka/v.1.0/State
2026-10-03T18:32:58.065[D]: Response finished #2652: GET /Duluka/v.1.0/State with status 404
2026-10-03T18:32:58.566[D]: Incoming request  #2653: GET /Duluka/v.1.0/State
2026-10-03T18:32:58.567[D]: Response finished #2653: GET /Duluka/v.1.0/State with status 404
2026-10-03T18:32:59.063[D]: Incoming request  #2654: GET /Duluka/v.1.0/State
2026-10-03T18:32:59.064[D]: Response finished #2654: GET /Duluka/v.1.0/State with status 404
2026-10-03T18:32:59.560[D]: Incoming request  #2655: GET /Duluka/v.1.0/State
2026-10-03T18:32:59.561[D]: Response finished #2655: GET /Duluka/v.1.0/State with status 404
2026-10-03T18:33:00.058[D]: Incoming request  #2656: GET /Duluka/v.1.0/State
2026-10-03T18:33:00.059[D]: Response finished #2656: GET /Duluka/v.1.0/State with status 404
2026-10-03T18:33:00.560[D]: Incoming request  #2657: GET /Duluka/v.1.0/State
2026-10-03T18:33:00.561[D]: Response finished #2657: GET /Duluka/v.1.0/State with status 404
2026-10-03T18:33:01.062[D]: Incoming request  #2658: GET /Duluka/v.1.0/State
2026-10-03T18:33:01.063[D]: Response finished #2658: GET /Duluka/v.1.0/State with status 404
2026-10-03T18:33:01.559[D]: Incoming request  #2659: GET /Duluka/v.1.0/State
2026-10-03T18:33:01.560[D]: Response finished #2659: GET /Duluka/v.1.0/State with status 404
2026-10-03T18:33:02.058[D]: Incoming request  #2660: GET /Duluka/v.1.0/State
2026-10-03T18:33:02.060[D]: Response finished #2660: GET /Duluka/v.1.0/State with status 404
2026-10-03T18:33:02.579[D]: Incoming request  #2661: GET /Duluka/v.1.0/State
2026-10-03T18:33:02.582[D]: Response finished #2661: GET /Duluka/v.1.0/State with status 404
2026-10-03T18:33:03.059[D]: Incoming request  #2662: GET /Duluka/v.1.0/State
2026-10-03T18:33:03.060[D]: Response finished #2662: GET /Duluka/v.1.0/State with status 404
2026-10-03T18:33:03.558[D]: Incoming request  #2663: GET /Duluka/v.1.0/State
2026-10-03T18:33:03.559[D]: Response finished #2663: GET /Duluka/v.1.0/State with status 404
2026-10-03T18:33:04.074[D]: Incoming request  #2664: GET /Duluka/v.1.0/State
2026-10-03T18:33:04.077[D]: Response finished #2664: GET /Duluka/v.1.0/State with status 404
2026-10-03T18:33:04.572[D]: Incoming request  #2665: GET /Duluka/v.1.0/State
2026-10-03T18:33:04.573[D]: Response finished #2665: GET /Duluka/v.1.0/State with status 404
2026-10-03T18:33:05.068[D]: Incoming request  #2666: GET /Duluka/v.1.0/State
2026-10-03T18:33:05.070[D]: Response finished #2666: GET /Duluka/v.1.0/State with status 404
2026-10-03T18:33:05.572[D]: Incoming request  #2667: GET /Duluka/v.1.0/State
2026-10-03T18:33:05.573[D]: Response finished #2667: GET /Duluka/v.1.0/State with status 404
2026-10-03T18:33:06.073[D]: Incoming request  #2668: GET /Duluka/v.1.0/State
2026-10-03T18:33:06.074[D]: Response finished #2668: GET /Duluka/v.1.0/State with status 404
2026-10-03T18:33:06.570[D]: Incoming request  #2669: GET /Duluka/v.1.0/State
2026-10-03T18:33:06.570[D]: Response finished #2669: GET /Duluka/v.1.0/State with status 404
2026-10-03T18:33:07.070[D]: Incoming request  #2670: GET /Duluka/v.1.0/State
2026-10-03T18:33:07.073[D]: Response finished #2670: GET /Duluka/v.1.0/State with status 404
2026-10-03T18:33:07.570[D]: Incoming request  #2671: GET /Duluka/v.1.0/State
2026-10-03T18:33:07.570[D]: Response finished #2671: GET /Duluka/v.1.0/State with status 404
2026-10-03T18:33:08.072[D]: Incoming request  #2672: GET /Duluka/v.1.0/State
2026-10-03T18:33:08.074[D]: Response finished #2672: GET /Duluka/v.1.0/State with status 404
2026-10-03T18:33:08.572[D]: Incoming request  #2673: GET /Duluka/v.1.0/State
2026-10-03T18:33:08.573[D]: Response finished #2673: GET /Duluka/v.1.0/State with status 404
2026-10-03T18:33:09.071[D]: Incoming request  #2674: GET /Duluka/v.1.0/State
2026-10-03T18:33:09.072[D]: Response finished #2674: GET /Duluka/v.1.0/State with status 404
2026-10-03T18:33:09.567[D]: Incoming request  #2675: GET /Duluka/v.1.0/State
2026-10-03T18:33:09.568[D]: Response finished #2675: GET /Duluka/v.1.0/State with status 404
2026-10-03T18:33:10.065[D]: Incoming request  #2676: GET /Duluka/v.1.0/State
2026-10-03T18:33:10.066[D]: Response finished #2676: GET /Duluka/v.1.0/State with status 404
2026-10-03T18:33:10.563[D]: Incoming request  #2677: GET /Duluka/v.1.0/State
2026-10-03T18:33:10.564[D]: Response finished #2677: GET /Duluka/v.1.0/State with status 404
2026-10-03T18:33:11.065[D]: Incoming request  #2678: GET /Duluka/v.1.0/State
2026-10-03T18:33:11.066[D]: Response finished #2678: GET /Duluka/v.1.0/State with status 404
2026-10-03T18:33:11.565[D]: Incoming request  #2679: GET /Duluka/v.1.0/State
2026-10-03T18:33:11.567[D]: Response finished #2679: GET /Duluka/v.1.0/State with status 404
2026-10-03T18:33:12.064[D]: Incoming request  #2680: GET /Duluka/v.1.0/State
2026-10-03T18:33:12.064[D]: Response finished #2680: GET /Duluka/v.1.0/State with status 404
2026-10-03T18:33:12.566[D]: Incoming request  #2681: GET /Duluka/v.1.0/State
2026-10-03T18:33:12.567[D]: Response finished #2681: GET /Duluka/v.1.0/State with status 404
2026-10-03T18:33:13.070[D]: Incoming request  #2682: GET /Duluka/v.1.0/State
2026-10-03T18:33:13.071[D]: Response finished #2682: GET /Duluka/v.1.0/State with status 404
2026-10-03T18:33:13.570[D]: Incoming request  #2683: GET /Duluka/v.1.0/State
2026-10-03T18:33:13.571[D]: Response finished #2683: GET /Duluka/v.1.0/State with status 404
2026-10-03T18:33:14.087[D]: Incoming request  #2684: GET /Duluka/v.1.0/State
2026-10-03T18:33:14.092[D]: Response finished #2684: GET /Duluka/v.1.0/State with status 404
2026-10-03T18:33:14.573[D]: Incoming request  #2685: GET /Duluka/v.1.0/State
2026-10-03T18:33:14.575[D]: Response finished #2685: GET /Duluka/v.1.0/State with status 404
2026-10-03T18:33:15.071[D]: Incoming request  #2686: GET /Duluka/v.1.0/State
2026-10-03T18:33:15.073[D]: Response finished #2686: GET /Duluka/v.1.0/State with status 404
2026-10-03T18:33:15.667[D]: Incoming request  #2687: GET /Duluka/v.1.0/State
2026-10-03T18:33:15.671[D]: Response finished #2687: GET /Duluka/v.1.0/State with status 404
2026-10-03T18:33:16.069[D]: Incoming request  #2688: GET /Duluka/v.1.0/State
2026-10-03T18:33:16.070[D]: Response finished #2688: GET /Duluka/v.1.0/State with status 404
2026-10-03T18:33:16.569[D]: Incoming request  #2689: GET /Duluka/v.1.0/State
2026-10-03T18:33:16.570[D]: Response finished #2689: GET /Duluka/v.1.0/State with status 404
2026-10-03T18:33:17.071[D]: Incoming request  #2690: GET /Duluka/v.1.0/State
2026-10-03T18:33:17.072[D]: Response finished #2690: GET /Duluka/v.1.0/State with status 404
2026-10-03T18:33:17.569[D]: Incoming request  #2691: GET /Duluka/v.1.0/State
2026-10-03T18:33:17.584[D]: Response finished #2691: GET /Duluka/v.1.0/State with status 404
2026-10-03T18:33:18.062[D]: Incoming request  #2692: GET /Duluka/v.1.0/State
2026-10-03T18:33:18.063[D]: Response finished #2692: GET /Duluka/v.1.0/State with status 404
2026-10-03T18:33:18.580[D]: Incoming request  #2693: GET /Duluka/v.1.0/State
2026-10-03T18:33:18.582[D]: Response finished #2693: GET /Duluka/v.1.0/State with status 404
2026-10-03T18:33:19.059[D]: Incoming request  #2694: GET /Duluka/v.1.0/State
2026-10-03T18:33:19.060[D]: Response finished #2694: GET /Duluka/v.1.0/State with status 404
2026-10-03T18:33:19.560[D]: Incoming request  #2695: GET /Duluka/v.1.0/State
2026-10-03T18:33:19.564[D]: Response finished #2695: GET /Duluka/v.1.0/State with status 404
2026-10-03T18:33:20.060[D]: Incoming request  #2696: GET /Duluka/v.1.0/State
2026-10-03T18:33:20.060[D]: Response finished #2696: GET /Duluka/v.1.0/State with status 404
2026-10-03T18:33:20.557[D]: Incoming request  #2697: GET /Duluka/v.1.0/State
2026-10-03T18:33:20.560[D]: Response finished #2697: GET /Duluka/v.1.0/State with status 404
2026-10-03T18:33:21.063[D]: Incoming request  #2698: GET /Duluka/v.1.0/State
2026-10-03T18:33:21.063[D]: Response finished #2698: GET /Duluka/v.1.0/State with status 404
2026-10-03T18:33:21.562[D]: Incoming request  #2699: GET /Duluka/v.1.0/State
2026-10-03T18:33:21.563[D]: Response finished #2699: GET /Duluka/v.1.0/State with status 404
2026-10-03T18:33:22.068[D]: Incoming request  #2700: GET /Duluka/v.1.0/State
2026-10-03T18:33:22.070[D]: Response finished #2700: GET /Duluka/v.1.0/State with status 404
2026-10-03T18:33:22.375[D]: Incoming request  #2701: GET /ShadowPlay/v.1.0/Hotkey/openshare
2026-10-03T18:33:22.376[I]: Hotkey openshare has data {"keys":[18,88]}
2026-10-03T18:33:22.567[D]: Response finished #2701: GET /ShadowPlay/v.1.0/Hotkey/openshare with status 200
2026-10-03T18:33:22.568[D]: Incoming request  #2702: GET /Duluka/v.1.0/State
2026-10-03T18:33:22.570[D]: Response finished #2702: GET /Duluka/v.1.0/State with status 404
2026-10-03T18:33:22.785[D]: JOIN 
2026-10-03T18:33:23.071[D]: Incoming request  #2703: GET /Duluka/v.1.0/State
2026-10-03T18:33:23.075[D]: Response finished #2703: GET /Duluka/v.1.0/State with status 404
2026-10-03T18:33:23.564[D]: Incoming request  #2704: GET /Duluka/v.1.0/State
2026-10-03T18:33:23.565[D]: Response finished #2704: GET /Duluka/v.1.0/State with status 404
2026-10-03T18:33:24.015[D]: Incoming request  #2705: GET /PiplConfig/v.1.0/data
2026-10-03T18:33:24.015[I]: Get PiplConfig
2026-10-03T18:33:24.017[D]: Response finished #2705: GET /PiplConfig/v.1.0/data with status 200
2026-10-03T18:33:24.022[D]: Incoming request  #2706: GET /HardwareInformation/v.0.1
2026-10-03T18:33:24.062[D]: Incoming request  #2707: GET /Duluka/v.1.0/State
2026-10-03T18:33:24.064[D]: Response finished #2707: GET /Duluka/v.1.0/State with status 404
2026-10-03T18:33:24.562[D]: Incoming request  #2708: GET /Duluka/v.1.0/State
2026-10-03T18:33:24.563[D]: Response finished #2708: GET /Duluka/v.1.0/State with status 404
2026-10-03T18:33:24.642[D]: Request GET /HardwareInformation/v.0.1 succeeded and driver version is 582.66
2026-10-03T18:33:24.647[D]: Incoming request  #2709: GET /Account/v.1.0/UserToken
2026-10-03T18:33:24.647[D]: Response finished #2706: GET /HardwareInformation/v.0.1 with status 200
2026-10-03T18:33:24.647[I]: { type: 'Error',
  code: 2147942402,
  codeText: 'Unknown error',
  message: 'Failed to get User Info' }
2026-10-03T18:33:24.648[E]: {"type":"Error","code":2147942402,"codeText":"Unknown error","message":"Failed to get User Info"}
2026-10-03T18:33:24.651[D]: Response finished #2709: GET /Account/v.1.0/UserToken with status 500
2026-10-03T18:33:24.653[I]: Socket t9lB36doHoyoxGwgAAAD connected
2026-10-03T18:33:24.670[D]: Incoming request  #2710: GET /Account/v.1.0/UserToken
2026-10-03T18:33:24.672[I]: { type: 'Error',
  code: 2147942402,
  codeText: 'Unknown error',
  message: 'Failed to get User Info' }
2026-10-03T18:33:24.672[E]: {"type":"Error","code":2147942402,"codeText":"Unknown error","message":"Failed to get User Info"}
2026-10-03T18:33:24.701[D]: Response finished #2710: GET /Account/v.1.0/UserToken with status 500
2026-10-03T18:33:24.728[D]: Incoming request  #2711: GET /Account/v.1.0/PrivacySettings?clientId=undefined
2026-10-03T18:33:24.734[D]: Incoming request  #2712: POST /ShadowPlay/v.1.0/Hotkey/DynamicToggle
2026-10-03T18:33:24.740[I]: Post Data: {"enable":true,"hotkeyNames":["broadcasttoggle","broadcastpausetoggle"]}
2026-10-03T18:33:24.742[I]: HotkeyDynamicToggle with data {"enable":true,"hotkeyNames":["broadcasttoggle","broadcastpausetoggle"]}
2026-10-03T18:33:24.745[E]: SetCaptureSessionParam: session:4294967295, cmd:13
2026-10-03T18:33:24.751[I]: { type: 'Error',
  code: -2147024809,
  codeText: 'Unknown/Internal error',
  message: undefined }
2026-10-03T18:33:24.753[E]: {"type":"Error","code":-2147024809,"codeText":"Unknown/Internal error"}
2026-10-03T18:33:24.755[D]: Response finished #2711: GET /Account/v.1.0/PrivacySettings?clientId=undefined with status 200
2026-10-03T18:33:24.755[D]: Response finished #2712: POST /ShadowPlay/v.1.0/Hotkey/DynamicToggle with status 500
2026-10-03T18:33:24.768[D]: Incoming request  #2713: GET /ShadowPlay/v.1.0/Launch
2026-10-03T18:33:24.770[E]: ShadowPlay is running but idle (possible crash)
2026-10-03T18:33:24.770[I]: ShadowPlay Launch state: {"launch":false}
2026-10-03T18:33:24.775[D]: Incoming request  #2714: GET /HardwareInformation/v.0.1
2026-10-03T18:33:24.780[D]: Response finished #2713: GET /ShadowPlay/v.1.0/Launch with status 200
2026-10-03T18:33:25.039[D]: Incoming request  #2715: GET /Settings/v.1.0/Language
2026-10-03T18:33:25.042[I]: Language:undefined
2026-10-03T18:33:25.045[D]: Response finished #2715: GET /Settings/v.1.0/Language with status 200
2026-10-03T18:33:25.047[D]: Incoming request  #2716: POST /ShadowPlay/v.1.0/Launch
2026-10-03T18:33:25.049[I]: Post Data: {"launch":true}
2026-10-03T18:33:25.049[I]: Setting ShadowPlay Enable: {"launch":true}
2026-10-03T18:33:25.055[E]: ShadowPlay is running but idle (possible crash)
2026-10-03T18:33:25.055[E]: ShadowPlay not running
2026-10-03T18:33:25.055[I]: Enabling ShadowPlay
2026-10-03T18:33:25.061[D]: Incoming request  #2717: GET /Duluka/v.1.0/State
2026-10-03T18:33:25.064[D]: Response finished #2717: GET /Duluka/v.1.0/State with status 404
2026-10-03T18:33:25.070[D]: Incoming request  #2718: GET /gfeupdate/autoGFEDownload/autoGFEbeta
2026-10-03T18:33:25.071[D]: Response finished #2718: GET /gfeupdate/autoGFEDownload/autoGFEbeta with status 200
2026-10-03T18:33:25.081[D]: Incoming request  #2719: GET /beta
2026-10-03T18:33:25.083[D]: Response finished #2719: GET /beta with status 200
2026-10-03T18:33:25.607[D]: Request GET /HardwareInformation/v.0.1 succeeded and driver version is 582.66
2026-10-03T18:33:25.613[D]: Response finished #2714: GET /HardwareInformation/v.0.1 with status 200
2026-10-03T18:33:25.615[D]: Incoming request  #2720: GET /Duluka/v.1.0/State
2026-10-03T18:33:25.617[D]: Response finished #2720: GET /Duluka/v.1.0/State with status 404
2026-10-03T18:33:26.060[D]: Incoming request  #2721: GET /Duluka/v.1.0/State
2026-10-03T18:33:26.061[D]: Response finished #2721: GET /Duluka/v.1.0/State with status 404
2026-10-03T18:33:26.578[D]: Incoming request  #2722: GET /Duluka/v.1.0/State
2026-10-03T18:33:26.580[D]: Response finished #2722: GET /Duluka/v.1.0/State with status 404
2026-10-03T18:33:27.076[D]: Incoming request  #2723: GET /Duluka/v.1.0/State
2026-10-03T18:33:27.079[D]: Response finished #2723: GET /Duluka/v.1.0/State with status 404
2026-10-03T18:33:27.570[D]: Incoming request  #2724: GET /Duluka/v.1.0/State
2026-10-03T18:33:27.573[D]: Response finished #2724: GET /Duluka/v.1.0/State with status 404
2026-10-03T18:33:28.070[D]: Incoming request  #2725: GET /Duluka/v.1.0/State
2026-10-03T18:33:28.071[D]: Response finished #2725: GET /Duluka/v.1.0/State with status 404
2026-10-03T18:33:28.578[D]: Incoming request  #2726: GET /Duluka/v.1.0/State
2026-10-03T18:33:28.580[D]: Response finished #2726: GET /Duluka/v.1.0/State with status 404
2026-10-03T18:33:28.737[E]: SP Server run failure: -2147467259. Start failure count: 5
2026-10-03T18:33:28.737[I]: { type: 'Error',
  code: -2147467259,
  codeText: 'Unknown/Internal error',
  message: undefined }
2026-10-03T18:33:28.742[E]: {"type":"Error","code":-2147467259,"codeText":"Unknown/Internal error"}
2026-10-03T18:33:28.793[D]: Response finished #2716: POST /ShadowPlay/v.1.0/Launch with status 500
2026-10-03T18:33:28.794[E]: Socket t9lB36doHoyoxGwgAAAD disconnected
2026-10-03T18:33:28.879[D]: LEAVE Shadowplay:ShadowplayApi27044
2026-10-03T18:33:29.068[D]: Incoming request  #2727: GET /Duluka/v.1.0/State
2026-10-03T18:33:29.068[D]: Response finished #2727: GET /Duluka/v.1.0/State with status 404
2026-10-03T18:33:29.565[D]: Incoming request  #2728: GET /Duluka/v.1.0/State
2026-10-03T18:33:29.566[D]: Response finished #2728: GET /Duluka/v.1.0/State with status 404
2026-10-03T18:33:30.067[D]: Incoming request  #2729: GET /Duluka/v.1.0/State
2026-10-03T18:33:30.068[D]: Response finished #2729: GET /Duluka/v.1.0/State with status 404
2026-10-03T18:33:30.563[D]: Incoming request  #2730: GET /Duluka/v.1.0/State
2026-10-03T18:33:30.565[D]: Response finished #2730: GET /Duluka/v.1.0/State with status 404
2026-10-03T18:33:31.068[D]: Incoming request  #2731: GET /Duluka/v.1.0/State
2026-10-03T18:33:31.073[D]: Response finished #2731: GET /Duluka/v.1.0/State with status 404
2026-10-03T18:33:31.565[D]: Incoming request  #2732: GET /Duluka/v.1.0/State
2026-10-03T18:33:31.565[D]: Response finished #2732: GET /Duluka/v.1.0/State with status 404
2026-10-03T18:33:32.065[D]: Incoming request  #2733: GET /Duluka/v.1.0/State
2026-10-03T18:33:32.066[D]: Response finished #2733: GET /Duluka/v.1.0/State with status 404
2026-10-03T18:33:32.566[D]: Incoming request  #2734: GET /Duluka/v.1.0/State
2026-10-03T18:33:32.566[D]: Response finished #2734: GET /Duluka/v.1.0/State with status 404
2026-10-03T18:33:33.068[D]: Incoming request  #2735: GET /Duluka/v.1.0/State
2026-10-03T18:33:33.069[D]: Response finished #2735: GET /Duluka/v.1.0/State with status 404
2026-10-03T18:33:33.567[D]: Incoming request  #2736: GET /Duluka/v.1.0/State
2026-10-03T18:33:33.568[D]: Response finished #2736: GET /Duluka/v.1.0/State with status 404
2026-10-03T18:33:34.067[D]: Incoming request  #2737: GET /Duluka/v.1.0/State
2026-10-03T18:33:34.068[D]: Response finished #2737: GET /Duluka/v.1.0/State with status 404
2026-10-03T18:33:34.565[D]: Incoming request  #2738: GET /Duluka/v.1.0/State
2026-10-03T18:33:34.568[D]: Response finished #2738: GET /Duluka/v.1.0/State with status 404
2026-10-03T18:33:35.067[D]: Incoming request  #2739: GET /Duluka/v.1.0/State
2026-10-03T18:33:35.067[D]: Response finished #2739: GET /Duluka/v.1.0/State with status 404
2026-10-03T18:33:35.563[D]: Incoming request  #2740: GET /Duluka/v.1.0/State
2026-10-03T18:33:35.563[D]: Response finished #2740: GET /Duluka/v.1.0/State with status 404
2026-10-03T18:33:36.069[D]: Incoming request  #2741: GET /Duluka/v.1.0/State
2026-10-03T18:33:36.070[D]: Response finished #2741: GET /Duluka/v.1.0/State with status 404
2026-10-03T18:33:36.570[D]: Incoming request  #2742: GET /Duluka/v.1.0/State
2026-10-03T18:33:36.572[D]: Response finished #2742: GET /Duluka/v.1.0/State with status 404
2026-10-03T18:33:37.068[D]: Incoming request  #2743: GET /Duluka/v.1.0/State
2026-10-03T18:33:37.069[D]: Response finished #2743: GET /Duluka/v.1.0/State with status 404
2026-10-03T18:33:37.570[D]: Incoming request  #2744: GET /Duluka/v.1.0/State
2026-10-03T18:33:37.572[D]: Response finished #2744: GET /Duluka/v.1.0/State with status 404
2026-10-03T18:33:38.066[D]: Incoming request  #2745: GET /Duluka/v.1.0/State
2026-10-03T18:33:38.067[D]: Response finished #2745: GET /Duluka/v.1.0/State with status 404
2026-10-03T18:33:38.565[D]: Incoming request  #2746: GET /Duluka/v.1.0/State
2026-10-03T18:33:38.565[D]: Response finished #2746: GET /Duluka/v.1.0/State with status 404
2026-10-03T18:33:39.067[D]: Incoming request  #2747: GET /Duluka/v.1.0/State
2026-10-03T18:33:39.068[D]: Response finished #2747: GET /Duluka/v.1.0/State with status 404
2026-10-03T18:33:39.564[D]: Incoming request  #2748: GET /Duluka/v.1.0/State
2026-10-03T18:33:39.565[D]: Response finished #2748: GET /Duluka/v.1.0/State with status 404
2026-10-03T18:33:40.065[D]: Incoming request  #2749: GET /Duluka/v.1.0/State
2026-10-03T18:33:40.065[D]: Response finished #2749: GET /Duluka/v.1.0/State with status 404
2026-10-03T18:33:40.563[D]: Incoming request  #2750: GET /Duluka/v.1.0/State
2026-10-03T18:33:40.563[D]: Response finished #2750: GET /Duluka/v.1.0/State with status 404
2026-10-03T18:33:41.063[D]: Incoming request  #2751: GET /Duluka/v.1.0/State
2026-10-03T18:33:41.063[D]: Response finished #2751: GET /Duluka/v.1.0/State with status 404
2026-10-03T18:33:41.563[D]: Incoming request  #2752: GET /Duluka/v.1.0/State
2026-10-03T18:33:41.563[D]: Response finished #2752: GET /Duluka/v.1.0/State with status 404
2026-10-03T18:33:42.063[D]: Incoming request  #2753: GET /Duluka/v.1.0/State
2026-10-03T18:33:42.064[D]: Response finished #2753: GET /Duluka/v.1.0/State with status 404
2026-10-03T18:33:42.565[D]: Incoming request  #2754: GET /Duluka/v.1.0/State
2026-10-03T18:33:42.566[D]: Response finished #2754: GET /Duluka/v.1.0/State with status 404
2026-10-03T18:33:43.070[D]: Incoming request  #2755: GET /Duluka/v.1.0/State
2026-10-03T18:33:43.070[D]: Response finished #2755: GET /Duluka/v.1.0/State with status 404
2026-10-03T18:33:43.568[D]: Incoming request  #2756: GET /Duluka/v.1.0/State
2026-10-03T18:33:43.569[D]: Response finished #2756: GET /Duluka/v.1.0/State with status 404
2026-10-03T18:33:44.070[D]: Incoming request  #2757: GET /Duluka/v.1.0/State
2026-10-03T18:33:44.070[D]: Response finished #2757: GET /Duluka/v.1.0/State with status 404
2026-10-03T18:33:44.569[D]: Incoming request  #2758: GET /Duluka/v.1.0/State
2026-10-03T18:33:44.570[D]: Response finished #2758: GET /Duluka/v.1.0/State with status 404
2026-10-03T18:33:45.068[D]: Incoming request  #2759: GET /Duluka/v.1.0/State
2026-10-03T18:33:45.069[D]: Response finished #2759: GET /Duluka/v.1.0/State with status 404
2026-10-03T18:33:45.569[D]: Incoming request  #2760: GET /Duluka/v.1.0/State
2026-10-03T18:33:45.570[D]: Response finished #2760: GET /Duluka/v.1.0/State with status 404
2026-10-03T18:33:46.065[D]: Incoming request  #2761: GET /Duluka/v.1.0/State
2026-10-03T18:33:46.067[D]: Response finished #2761: GET /Duluka/v.1.0/State with status 404
2026-10-03T18:33:46.569[D]: Incoming request  #2762: GET /Duluka/v.1.0/State
2026-10-03T18:33:46.570[D]: Response finished #2762: GET /Duluka/v.1.0/State with status 404
2026-10-03T18:33:47.066[D]: Incoming request  #2763: GET /Duluka/v.1.0/State
2026-10-03T18:33:47.067[D]: Response finished #2763: GET /Duluka/v.1.0/State with status 404
2026-10-03T18:33:47.570[D]: Incoming request  #2764: GET /Duluka/v.1.0/State
2026-10-03T18:33:47.570[D]: Response finished #2764: GET /Duluka/v.1.0/State with status 404
2026-10-03T18:33:48.068[D]: Incoming request  #2765: GET /Duluka/v.1.0/State
2026-10-03T18:33:48.069[D]: Response finished #2765: GET /Duluka/v.1.0/State with status 404
2026-10-03T18:33:48.570[D]: Incoming request  #2766: GET /Duluka/v.1.0/State
2026-10-03T18:33:48.570[D]: Response finished #2766: GET /Duluka/v.1.0/State with status 404
2026-10-03T18:33:49.068[D]: Incoming request  #2767: GET /Duluka/v.1.0/State
2026-10-03T18:33:49.068[D]: Response finished #2767: GET /Duluka/v.1.0/State with status 404
2026-10-03T18:33:49.569[D]: Incoming request  #2768: GET /Duluka/v.1.0/State
2026-10-03T18:33:49.570[D]: Response finished #2768: GET /Duluka/v.1.0/State with status 404
2026-10-03T18:33:50.085[D]: Incoming request  #2769: GET /Duluka/v.1.0/State
2026-10-03T18:33:50.090[D]: Response finished #2769: GET /Duluka/v.1.0/State with status 404
2026-10-03T18:33:50.571[D]: Incoming request  #2770: GET /Duluka/v.1.0/State
2026-10-03T18:33:50.573[D]: Response finished #2770: GET /Duluka/v.1.0/State with status 404
2026-10-03T18:33:51.071[D]: Incoming request  #2771: GET /Duluka/v.1.0/State
2026-10-03T18:33:51.073[D]: Response finished #2771: GET /Duluka/v.1.0/State with status 404
2026-10-03T18:33:51.558[D]: Incoming request  #2772: GET /Duluka/v.1.0/State
2026-10-03T18:33:51.559[D]: Response finished #2772: GET /Duluka/v.1.0/State with status 404
2026-10-03T18:33:52.061[D]: Incoming request  #2773: GET /Duluka/v.1.0/State
2026-10-03T18:33:52.063[D]: Response finished #2773: GET /Duluka/v.1.0/State with status 404
2026-10-03T18:33:52.558[D]: Incoming request  #2774: GET /Duluka/v.1.0/State
2026-10-03T18:33:52.559[D]: Response finished #2774: GET /Duluka/v.1.0/State with status 404
2026-10-03T18:33:53.060[D]: Incoming request  #2775: GET /Duluka/v.1.0/State
2026-10-03T18:33:53.061[D]: Response finished #2775: GET /Duluka/v.1.0/State with status 404
2026-10-03T18:33:53.559[D]: Incoming request  #2776: GET /Duluka/v.1.0/State
2026-10-03T18:33:53.560[D]: Response finished #2776: GET /Duluka/v.1.0/State with status 404
2026-10-03T18:33:54.059[D]: Incoming request  #2777: GET /Duluka/v.1.0/State
2026-10-03T18:33:54.061[D]: Response finished #2777: GET /Duluka/v.1.0/State with status 404
2026-10-03T18:33:54.558[D]: Incoming request  #2778: GET /Duluka/v.1.0/State
2026-10-03T18:33:54.559[D]: Response finished #2778: GET /Duluka/v.1.0/State with status 404
2026-10-03T18:33:55.077[D]: Incoming request  #2779: GET /Duluka/v.1.0/State
2026-10-03T18:33:55.078[D]: Response finished #2779: GET /Duluka/v.1.0/State with status 404
2026-10-03T18:33:55.573[D]: Incoming request  #2780: GET /Duluka/v.1.0/State
2026-10-03T18:33:55.575[D]: Response finished #2780: GET /Duluka/v.1.0/State with status 404
2026-10-03T18:33:56.078[D]: Incoming request  #2781: GET /Duluka/v.1.0/State
2026-10-03T18:33:56.080[D]: Response finished #2781: GET /Duluka/v.1.0/State with status 404
2026-10-03T18:33:56.559[D]: Incoming request  #2782: GET /Duluka/v.1.0/State
2026-10-03T18:33:56.566[D]: Response finished #2782: GET /Duluka/v.1.0/State with status 404
2026-10-03T18:33:56.823[D]: JOIN 
2026-10-03T18:33:57.066[D]: Incoming request  #2783: GET /Duluka/v.1.0/State
2026-10-03T18:33:57.068[D]: Response finished #2783: GET /Duluka/v.1.0/State with status 404
2026-10-03T18:33:57.572[D]: Incoming request  #2784: GET /Duluka/v.1.0/State
2026-10-03T18:33:57.572[D]: Response finished #2784: GET /Duluka/v.1.0/State with status 404
2026-10-03T18:33:58.024[D]: Incoming request  #2785: GET /PiplConfig/v.1.0/data
2026-10-03T18:33:58.024[I]: Get PiplConfig
2026-10-03T18:33:58.025[D]: Response finished #2785: GET /PiplConfig/v.1.0/data with status 200
2026-10-03T18:33:58.031[D]: Incoming request  #2786: GET /HardwareInformation/v.0.1
2026-10-03T18:33:58.072[D]: Incoming request  #2787: GET /Duluka/v.1.0/State
2026-10-03T18:33:58.074[D]: Response finished #2787: GET /Duluka/v.1.0/State with status 404
2026-10-03T18:33:58.488[D]: Request GET /HardwareInformation/v.0.1 succeeded and driver version is 582.66
2026-10-03T18:33:58.491[D]: Incoming request  #2788: GET /Account/v.1.0/UserToken
2026-10-03T18:33:58.491[D]: Response finished #2786: GET /HardwareInformation/v.0.1 with status 200
2026-10-03T18:33:58.491[I]: { type: 'Error',
  code: 2147942402,
  codeText: 'Unknown error',
  message: 'Failed to get User Info' }
2026-10-03T18:33:58.492[E]: {"type":"Error","code":2147942402,"codeText":"Unknown error","message":"Failed to get User Info"}
2026-10-03T18:33:58.494[D]: Response finished #2788: GET /Account/v.1.0/UserToken with status 500
2026-10-03T18:33:58.495[I]: Socket R4PSSgXCtR0rt9elAAAE connected
2026-10-03T18:33:58.507[D]: Incoming request  #2789: GET /Account/v.1.0/UserToken
2026-10-03T18:33:58.507[I]: { type: 'Error',
  code: 2147942402,
  codeText: 'Unknown error',
  message: 'Failed to get User Info' }
2026-10-03T18:33:58.508[E]: {"type":"Error","code":2147942402,"codeText":"Unknown error","message":"Failed to get User Info"}
2026-10-03T18:33:58.535[D]: Response finished #2789: GET /Account/v.1.0/UserToken with status 500
2026-10-03T18:33:58.540[D]: Incoming request  #2790: GET /Account/v.1.0/PrivacySettings?clientId=undefined
2026-10-03T18:33:58.558[D]: Response finished #2790: GET /Account/v.1.0/PrivacySettings?clientId=undefined with status 200
2026-10-03T18:33:58.558[D]: Incoming request  #2791: GET /Duluka/v.1.0/State
2026-10-03T18:33:58.559[D]: Response finished #2791: GET /Duluka/v.1.0/State with status 404
2026-10-03T18:33:58.567[D]: Incoming request  #2792: POST /ShadowPlay/v.1.0/Hotkey/DynamicToggle
2026-10-03T18:33:58.567[I]: Post Data: {"enable":true,"hotkeyNames":["broadcasttoggle","broadcastpausetoggle"]}
2026-10-03T18:33:58.568[I]: HotkeyDynamicToggle with data {"enable":true,"hotkeyNames":["broadcasttoggle","broadcastpausetoggle"]}
2026-10-03T18:33:58.568[E]: SetCaptureSessionParam: session:4294967295, cmd:13
2026-10-03T18:33:58.570[I]: { type: 'Error',
  code: -2147024809,
  codeText: 'Unknown/Internal error',
  message: undefined }
2026-10-03T18:33:58.570[E]: {"type":"Error","code":-2147024809,"codeText":"Unknown/Internal error"}
2026-10-03T18:33:58.571[D]: Response finished #2792: POST /ShadowPlay/v.1.0/Hotkey/DynamicToggle with status 500
2026-10-03T18:33:58.580[D]: Incoming request  #2793: GET /ShadowPlay/v.1.0/Launch
2026-10-03T18:33:58.582[I]: ShadowPlay Launch state: {"launch":true}
2026-10-03T18:33:58.588[D]: Incoming request  #2794: GET /HardwareInformation/v.0.1
2026-10-03T18:33:58.590[D]: Response finished #2793: GET /ShadowPlay/v.1.0/Launch with status 200
2026-10-03T18:33:58.879[D]: Incoming request  #2795: GET /Settings/v.1.0/Language
2026-10-03T18:33:58.880[I]: Language:undefined
2026-10-03T18:33:58.880[D]: Response finished #2795: GET /Settings/v.1.0/Language with status 200
2026-10-03T18:33:58.880[D]: Incoming request  #2796: GET /ShadowPlay/v.1.0/Capture/State
2026-10-03T18:33:58.882[I]: { type: 'Error',
  code: -2147024809,
  codeText: 'Unknown/Internal error',
  message: undefined }
2026-10-03T18:33:58.884[E]: {"type":"Error","code":-2147024809,"codeText":"Unknown/Internal error"}
2026-10-03T18:33:58.889[D]: Incoming request  #2797: GET /gfeupdate/autoGFEDownload/autoGFEbeta
2026-10-03T18:33:58.889[D]: Response finished #2796: GET /ShadowPlay/v.1.0/Capture/State with status 500
2026-10-03T18:33:58.890[D]: Response finished #2797: GET /gfeupdate/autoGFEDownload/autoGFEbeta with status 200
2026-10-03T18:33:58.897[D]: Incoming request  #2798: GET /beta
2026-10-03T18:33:58.898[D]: Response finished #2798: GET /beta with status 200
2026-10-03T18:33:58.968[D]: Request GET /HardwareInformation/v.0.1 succeeded and driver version is 582.66
2026-10-03T18:33:59.010[D]: Response finished #2794: GET /HardwareInformation/v.0.1 with status 200
2026-10-03T18:33:59.059[D]: Incoming request  #2799: GET /Duluka/v.1.0/State
2026-10-03T18:33:59.060[D]: Response finished #2799: GET /Duluka/v.1.0/State with status 404
2026-10-03T18:33:59.572[D]: Incoming request  #2800: GET /Duluka/v.1.0/State
2026-10-03T18:33:59.573[D]: Response finished #2800: GET /Duluka/v.1.0/State with status 404
2026-10-03T18:34:00.060[D]: Incoming request  #2801: GET /Duluka/v.1.0/State
2026-10-03T18:34:00.061[D]: Response finished #2801: GET /Duluka/v.1.0/State with status 404
2026-10-03T18:34:00.572[D]: Incoming request  #2802: GET /Duluka/v.1.0/State
2026-10-03T18:34:00.572[D]: Response finished #2802: GET /Duluka/v.1.0/State with status 404
2026-10-03T18:34:01.071[D]: Incoming request  #2803: GET /Duluka/v.1.0/State
2026-10-03T18:34:01.073[D]: Response finished #2803: GET /Duluka/v.1.0/State with status 404
2026-10-03T18:34:01.565[D]: Incoming request  #2804: GET /Duluka/v.1.0/State
2026-10-03T18:34:01.567[D]: Response finished #2804: GET /Duluka/v.1.0/State with status 404
2026-10-03T18:34:02.070[D]: Incoming request  #2805: GET /Duluka/v.1.0/State
2026-10-03T18:34:02.071[D]: Response finished #2805: GET /Duluka/v.1.0/State with status 404
2026-10-03T18:34:02.569[D]: Incoming request  #2806: GET /Duluka/v.1.0/State
2026-10-03T18:34:02.569[D]: Response finished #2806: GET /Duluka/v.1.0/State with status 404
2026-10-03T18:34:03.070[D]: Incoming request  #2807: GET /Duluka/v.1.0/State
2026-10-03T18:34:03.071[D]: Response finished #2807: GET /Duluka/v.1.0/State with status 404
2026-10-03T18:34:03.557[D]: Incoming request  #2808: GET /Duluka/v.1.0/State
2026-10-03T18:34:03.559[D]: Response finished #2808: GET /Duluka/v.1.0/State with status 404
2026-10-03T18:34:04.059[D]: Incoming request  #2809: GET /Duluka/v.1.0/State
2026-10-03T18:34:04.060[D]: Response finished #2809: GET /Duluka/v.1.0/State with status 404
2026-10-03T18:34:04.564[D]: Incoming request  #2810: GET /Duluka/v.1.0/State
2026-10-03T18:34:04.564[D]: Response finished #2810: GET /Duluka/v.1.0/State with status 404
2026-10-03T18:34:05.062[D]: Incoming request  #2811: GET /Duluka/v.1.0/State
2026-10-03T18:34:05.062[D]: Response finished #2811: GET /Duluka/v.1.0/State with status 404
2026-10-03T18:34:05.563[D]: Incoming request  #2812: GET /Duluka/v.1.0/State
2026-10-03T18:34:05.564[D]: Response finished #2812: GET /Duluka/v.1.0/State with status 404
2026-10-03T18:34:06.065[D]: Incoming request  #2813: GET /Duluka/v.1.0/State
2026-10-03T18:34:06.067[D]: Response finished #2813: GET /Duluka/v.1.0/State with status 404
2026-10-03T18:34:06.567[D]: Incoming request  #2814: GET /Duluka/v.1.0/State
2026-10-03T18:34:06.568[D]: Response finished #2814: GET /Duluka/v.1.0/State with status 404
2026-10-03T18:34:07.058[D]: Incoming request  #2815: GET /Duluka/v.1.0/State
2026-10-03T18:34:07.059[D]: Response finished #2815: GET /Duluka/v.1.0/State with status 404
2026-10-03T18:34:07.569[D]: Incoming request  #2816: GET /Duluka/v.1.0/State
2026-10-03T18:34:07.570[D]: Response finished #2816: GET /Duluka/v.1.0/State with status 404
2026-10-03T18:34:08.071[D]: Incoming request  #2817: GET /Duluka/v.1.0/State
2026-10-03T18:34:08.072[D]: Response finished #2817: GET /Duluka/v.1.0/State with status 404
2026-10-03T18:34:08.566[D]: Incoming request  #2818: GET /Duluka/v.1.0/State
2026-10-03T18:34:08.567[D]: Response finished #2818: GET /Duluka/v.1.0/State with status 404
2026-10-03T18:34:09.067[D]: Incoming request  #2819: GET /Duluka/v.1.0/State
2026-10-03T18:34:09.067[D]: Response finished #2819: GET /Duluka/v.1.0/State with status 404
2026-10-03T18:34:09.565[D]: Incoming request  #2820: GET /Duluka/v.1.0/State
2026-10-03T18:34:09.567[D]: Response finished #2820: GET /Duluka/v.1.0/State with status 404
2026-10-03T18:34:10.067[D]: Incoming request  #2821: GET /Duluka/v.1.0/State
2026-10-03T18:34:10.069[D]: Response finished #2821: GET /Duluka/v.1.0/State with status 404
2026-10-03T18:34:10.563[D]: Incoming request  #2822: GET /Duluka/v.1.0/State
2026-10-03T18:34:10.564[D]: Response finished #2822: GET /Duluka/v.1.0/State with status 404
2026-10-03T18:34:11.063[D]: Incoming request  #2823: GET /Duluka/v.1.0/State
2026-10-03T18:34:11.065[D]: Response finished #2823: GET /Duluka/v.1.0/State with status 404
2026-10-03T18:34:11.562[D]: Incoming request  #2824: GET /Duluka/v.1.0/State
2026-10-03T18:34:11.562[D]: Response finished #2824: GET /Duluka/v.1.0/State with status 404
2026-10-03T18:34:12.061[D]: Incoming request  #2825: GET /Duluka/v.1.0/State
2026-10-03T18:34:12.063[D]: Response finished #2825: GET /Duluka/v.1.0/State with status 404
2026-10-03T18:34:12.557[D]: Incoming request  #2826: GET /Duluka/v.1.0/State
2026-10-03T18:34:12.558[D]: Response finished #2826: GET /Duluka/v.1.0/State with status 404
2026-10-03T18:34:13.072[D]: Incoming request  #2827: GET /Duluka/v.1.0/State
2026-10-03T18:34:13.072[D]: Response finished #2827: GET /Duluka/v.1.0/State with status 404
2026-10-03T18:34:13.572[D]: Incoming request  #2828: GET /Duluka/v.1.0/State
2026-10-03T18:34:13.573[D]: Response finished #2828: GET /Duluka/v.1.0/State with status 404
2026-10-03T18:34:14.071[D]: Incoming request  #2829: GET /Duluka/v.1.0/State
2026-10-03T18:34:14.073[D]: Response finished #2829: GET /Duluka/v.1.0/State with status 404
2026-10-03T18:34:14.572[D]: Incoming request  #2830: GET /Duluka/v.1.0/State
2026-10-03T18:34:14.573[D]: Response finished #2830: GET /Duluka/v.1.0/State with status 404
2026-10-03T18:34:15.072[D]: Incoming request  #2831: GET /Duluka/v.1.0/State
2026-10-03T18:34:15.072[D]: Response finished #2831: GET /Duluka/v.1.0/State with status 404
2026-10-03T18:34:15.570[D]: Incoming request  #2832: GET /Duluka/v.1.0/State
2026-10-03T18:34:15.572[D]: Response finished #2832: GET /Duluka/v.1.0/State with status 404
2026-10-03T18:34:16.068[D]: Incoming request  #2833: GET /Duluka/v.1.0/State
2026-10-03T18:34:16.068[D]: Response finished #2833: GET /Duluka/v.1.0/State with status 404
2026-10-03T18:34:16.563[D]: Incoming request  #2834: GET /Duluka/v.1.0/State
2026-10-03T18:34:16.563[D]: Response finished #2834: GET /Duluka/v.1.0/State with status 404
2026-10-03T18:34:17.069[D]: Incoming request  #2835: GET /Duluka/v.1.0/State
2026-10-03T18:34:17.069[D]: Response finished #2835: GET /Duluka/v.1.0/State with status 404
2026-10-03T18:34:17.569[D]: Incoming request  #2836: GET /Duluka/v.1.0/State
2026-10-03T18:34:17.569[D]: Response finished #2836: GET /Duluka/v.1.0/State with status 404
2026-10-03T18:34:18.071[D]: Incoming request  #2837: GET /Duluka/v.1.0/State
2026-10-03T18:34:18.072[D]: Response finished #2837: GET /Duluka/v.1.0/State with status 404
2026-10-03T18:34:18.560[D]: Incoming request  #2838: GET /Duluka/v.1.0/State
2026-10-03T18:34:18.560[D]: Response finished #2838: GET /Duluka/v.1.0/State with status 404
2026-10-03T18:34:19.059[D]: Incoming request  #2839: GET /Duluka/v.1.0/State
2026-10-03T18:34:19.059[D]: Response finished #2839: GET /Duluka/v.1.0/State with status 404
2026-10-03T18:34:19.561[D]: Incoming request  #2840: GET /Duluka/v.1.0/State
2026-10-03T18:34:19.563[D]: Response finished #2840: GET /Duluka/v.1.0/State with status 404
2026-10-03T18:34:20.072[D]: Incoming request  #2841: GET /Duluka/v.1.0/State
2026-10-03T18:34:20.074[D]: Response finished #2841: GET /Duluka/v.1.0/State with status 404
2026-10-03T18:34:20.572[D]: Incoming request  #2842: GET /Duluka/v.1.0/State
2026-10-03T18:34:20.573[D]: Response finished #2842: GET /Duluka/v.1.0/State with status 404
2026-10-03T18:34:21.070[D]: Incoming request  #2843: GET /Duluka/v.1.0/State
2026-10-03T18:34:21.071[D]: Response finished #2843: GET /Duluka/v.1.0/State with status 404
2026-10-03T18:34:21.578[D]: Incoming request  #2844: GET /Duluka/v.1.0/State
2026-10-03T18:34:21.580[D]: Response finished #2844: GET /Duluka/v.1.0/State with status 404
2026-10-03T18:34:22.070[D]: Incoming request  #2845: GET /Duluka/v.1.0/State
2026-10-03T18:34:22.071[D]: Response finished #2845: GET /Duluka/v.1.0/State with status 404
2026-10-03T18:34:22.571[D]: Incoming request  #2846: GET /Duluka/v.1.0/State
2026-10-03T18:34:22.573[D]: Response finished #2846: GET /Duluka/v.1.0/State with status 404
2026-10-03T18:34:23.071[D]: Incoming request  #2847: GET /Duluka/v.1.0/State
2026-10-03T18:34:23.073[D]: Response finished #2847: GET /Duluka/v.1.0/State with status 404
2026-10-03T18:34:23.570[D]: Incoming request  #2848: GET /Duluka/v.1.0/State
2026-10-03T18:34:23.571[D]: Response finished #2848: GET /Duluka/v.1.0/State with status 404
2026-10-03T18:34:24.065[D]: Incoming request  #2849: GET /Duluka/v.1.0/State
2026-10-03T18:34:24.065[D]: Response finished #2849: GET /Duluka/v.1.0/State with status 404
2026-10-03T18:34:24.568[D]: Incoming request  #2850: GET /Duluka/v.1.0/State
2026-10-03T18:34:24.569[D]: Response finished #2850: GET /Duluka/v.1.0/State with status 404
2026-10-03T18:34:25.066[D]: Incoming request  #2851: GET /Duluka/v.1.0/State
2026-10-03T18:34:25.068[D]: Response finished #2851: GET /Duluka/v.1.0/State with status 404
2026-10-03T18:34:25.565[D]: Incoming request  #2852: GET /Duluka/v.1.0/State
2026-10-03T18:34:25.565[D]: Response finished #2852: GET /Duluka/v.1.0/State with status 404
2026-10-03T18:34:26.063[D]: Incoming request  #2853: GET /Duluka/v.1.0/State
2026-10-03T18:34:26.065[D]: Response finished #2853: GET /Duluka/v.1.0/State with status 404
2026-10-03T18:34:26.561[D]: Incoming request  #2854: GET /Duluka/v.1.0/State
2026-10-03T18:34:26.562[D]: Response finished #2854: GET /Duluka/v.1.0/State with status 404
2026-10-03T18:34:27.064[D]: Incoming request  #2855: GET /Duluka/v.1.0/State
2026-10-03T18:34:27.066[D]: Response finished #2855: GET /Duluka/v.1.0/State with status 404
2026-10-03T18:34:27.564[D]: Incoming request  #2856: GET /Duluka/v.1.0/State
2026-10-03T18:34:27.565[D]: Response finished #2856: GET /Duluka/v.1.0/State with status 404
2026-10-03T18:34:28.064[D]: Incoming request  #2857: GET /Duluka/v.1.0/State
2026-10-03T18:34:28.065[D]: Response finished #2857: GET /Duluka/v.1.0/State with status 404
2026-10-03T18:34:28.560[D]: Incoming request  #2858: GET /Duluka/v.1.0/State
2026-10-03T18:34:28.561[D]: Response finished #2858: GET /Duluka/v.1.0/State with status 404
2026-10-03T18:34:29.061[D]: Incoming request  #2859: GET /Duluka/v.1.0/State
2026-10-03T18:34:29.062[D]: Response finished #2859: GET /Duluka/v.1.0/State with status 404
2026-10-03T18:34:29.564[D]: Incoming request  #2860: GET /Duluka/v.1.0/State
2026-10-03T18:34:29.564[D]: Response finished #2860: GET /Duluka/v.1.0/State with status 404
2026-10-03T18:34:30.063[D]: Incoming request  #2861: GET /Duluka/v.1.0/State
2026-10-03T18:34:30.064[D]: Response finished #2861: GET /Duluka/v.1.0/State with status 404
2026-10-03T18:34:30.562[D]: Incoming request  #2862: GET /Duluka/v.1.0/State
2026-10-03T18:34:30.563[D]: Response finished #2862: GET /Duluka/v.1.0/State with status 404
2026-10-03T18:34:31.059[D]: Incoming request  #2863: GET /Duluka/v.1.0/State
2026-10-03T18:34:31.062[D]: Response finished #2863: GET /Duluka/v.1.0/State with status 404
2026-10-03T18:34:31.559[D]: Incoming request  #2864: GET /Duluka/v.1.0/State
2026-10-03T18:34:31.559[D]: Response finished #2864: GET /Duluka/v.1.0/State with status 404
2026-10-03T18:34:32.057[D]: Incoming request  #2865: GET /Duluka/v.1.0/State
2026-10-03T18:34:32.058[D]: Response finished #2865: GET /Duluka/v.1.0/State with status 404
2026-10-03T18:34:32.562[D]: Incoming request  #2866: GET /Duluka/v.1.0/State
2026-10-03T18:34:32.563[D]: Response finished #2866: GET /Duluka/v.1.0/State with status 404
2026-10-03T18:34:32.861[D]: Incoming request  #2867: POST /ShadowPlay/v.1.0/Launch
2026-10-03T18:34:32.867[I]: Post Data: {"launch":true}
2026-10-03T18:34:32.868[I]: Setting ShadowPlay Enable: {"launch":true}
2026-10-03T18:34:32.868[E]: ShadowPlay start attempts exceeded, will not restart this session
2026-10-03T18:34:32.868[I]: { type: 'Error',
  code: -2147024888,
  codeText: 'Maximum ShadowPlay start attempts reached',
  message: undefined }
2026-10-03T18:34:32.868[E]: {"type":"Error","code":-2147024888,"codeText":"Maximum ShadowPlay start attempts reached"}
2026-10-03T18:34:32.977[D]: Response finished #2867: POST /ShadowPlay/v.1.0/Launch with status 500
2026-10-03T18:34:33.057[D]: Incoming request  #2868: GET /Duluka/v.1.0/State
2026-10-03T18:34:33.057[D]: Response finished #2868: GET /Duluka/v.1.0/State with status 404
2026-10-03T18:34:33.571[D]: Incoming request  #2869: GET /Duluka/v.1.0/State
2026-10-03T18:34:33.573[D]: Response finished #2869: GET /Duluka/v.1.0/State with status 404
2026-10-03T18:34:33.730[D]: JOIN 
2026-10-03T18:34:34.068[D]: Incoming request  #2870: GET /Duluka/v.1.0/State
2026-10-03T18:34:34.069[D]: Response finished #2870: GET /Duluka/v.1.0/State with status 404
2026-10-03T18:34:34.569[D]: Incoming request  #2871: GET /Duluka/v.1.0/State
2026-10-03T18:34:34.570[D]: Response finished #2871: GET /Duluka/v.1.0/State with status 404
2026-10-03T18:34:35.068[D]: Incoming request  #2872: GET /Duluka/v.1.0/State
2026-10-03T18:34:35.069[D]: Response finished #2872: GET /Duluka/v.1.0/State with status 404
2026-10-03T18:34:35.569[D]: Incoming request  #2873: GET /Duluka/v.1.0/State
2026-10-03T18:34:35.570[D]: Response finished #2873: GET /Duluka/v.1.0/State with status 404
2026-10-03T18:34:36.067[D]: Incoming request  #2874: GET /Duluka/v.1.0/State
2026-10-03T18:34:36.067[D]: Response finished #2874: GET /Duluka/v.1.0/State with status 404
2026-10-03T18:34:36.564[D]: Incoming request  #2875: GET /Duluka/v.1.0/State
2026-10-03T18:34:36.565[D]: Response finished #2875: GET /Duluka/v.1.0/State with status 404
2026-10-03T18:34:37.062[D]: Incoming request  #2876: GET /Duluka/v.1.0/State
2026-10-03T18:34:37.063[D]: Response finished #2876: GET /Duluka/v.1.0/State with status 404
2026-10-03T18:34:37.563[D]: Incoming request  #2877: GET /Duluka/v.1.0/State
2026-10-03T18:34:37.564[D]: Response finished #2877: GET /Duluka/v.1.0/State with status 404
2026-10-03T18:34:38.065[D]: Incoming request  #2878: GET /Duluka/v.1.0/State
2026-10-03T18:34:38.067[D]: Response finished #2878: GET /Duluka/v.1.0/State with status 404
2026-10-03T18:34:38.564[D]: Incoming request  #2879: GET /Duluka/v.1.0/State
2026-10-03T18:34:38.565[D]: Response finished #2879: GET /Duluka/v.1.0/State with status 404
2026-10-03T18:34:39.063[D]: Incoming request  #2880: GET /Duluka/v.1.0/State
2026-10-03T18:34:39.063[D]: Response finished #2880: GET /Duluka/v.1.0/State with status 404
2026-10-03T18:34:39.560[D]: Incoming request  #2881: GET /Duluka/v.1.0/State
2026-10-03T18:34:39.561[D]: Response finished #2881: GET /Duluka/v.1.0/State with status 404
2026-10-03T18:34:40.063[D]: Incoming request  #2882: GET /Duluka/v.1.0/State
2026-10-03T18:34:40.065[D]: Response finished #2882: GET /Duluka/v.1.0/State with status 404
2026-10-03T18:34:40.561[D]: Incoming request  #2883: GET /Duluka/v.1.0/State
2026-10-03T18:34:40.562[D]: Response finished #2883: GET /Duluka/v.1.0/State with status 404
2026-10-03T18:34:41.063[D]: Incoming request  #2884: GET /Duluka/v.1.0/State
2026-10-03T18:34:41.064[D]: Response finished #2884: GET /Duluka/v.1.0/State with status 404
2026-10-03T18:34:41.559[D]: Incoming request  #2885: GET /Duluka/v.1.0/State
2026-10-03T18:34:41.560[D]: Response finished #2885: GET /Duluka/v.1.0/State with status 404
2026-10-03T18:34:42.061[D]: Incoming request  #2886: GET /Duluka/v.1.0/State
2026-10-03T18:34:42.062[D]: Response finished #2886: GET /Duluka/v.1.0/State with status 404
2026-10-03T18:34:42.587[D]: Incoming request  #2887: GET /Duluka/v.1.0/State
2026-10-03T18:34:42.588[D]: Response finished #2887: GET /Duluka/v.1.0/State with status 404
2026-10-03T18:34:43.089[D]: Incoming request  #2888: GET /Duluka/v.1.0/State
2026-10-03T18:34:43.092[D]: Response finished #2888: GET /Duluka/v.1.0/State with status 404
2026-10-03T18:34:43.570[D]: Incoming request  #2889: GET /Duluka/v.1.0/State
2026-10-03T18:34:43.572[D]: Response finished #2889: GET /Duluka/v.1.0/State with status 404
2026-10-03T18:34:44.075[D]: Incoming request  #2890: GET /Duluka/v.1.0/State
2026-10-03T18:34:44.076[D]: Response finished #2890: GET /Duluka/v.1.0/State with status 404
2026-10-03T18:34:44.559[D]: Incoming request  #2891: GET /Duluka/v.1.0/State
2026-10-03T18:34:44.559[D]: Response finished #2891: GET /Duluka/v.1.0/State with status 404
2026-10-03T18:34:45.069[D]: Incoming request  #2892: GET /Duluka/v.1.0/State
2026-10-03T18:34:45.071[D]: Response finished #2892: GET /Duluka/v.1.0/State with status 404
2026-10-03T18:34:45.572[D]: Incoming request  #2893: GET /Duluka/v.1.0/State
2026-10-03T18:34:45.573[D]: Response finished #2893: GET /Duluka/v.1.0/State with status 404
2026-10-03T18:34:46.080[D]: Incoming request  #2894: GET /Duluka/v.1.0/State
2026-10-03T18:34:46.083[D]: Response finished #2894: GET /Duluka/v.1.0/State with status 404
2026-10-03T18:34:46.585[D]: Incoming request  #2895: GET /Duluka/v.1.0/State
2026-10-03T18:34:46.587[D]: Response finished #2895: GET /Duluka/v.1.0/State with status 404
2026-10-03T18:34:47.071[D]: Incoming request  #2896: GET /Duluka/v.1.0/State
2026-10-03T18:34:47.073[D]: Response finished #2896: GET /Duluka/v.1.0/State with status 404
2026-10-03T18:34:47.557[D]: Incoming request  #2897: GET /Duluka/v.1.0/State
2026-10-03T18:34:47.557[D]: Response finished #2897: GET /Duluka/v.1.0/State with status 404
2026-10-03T18:34:48.072[D]: Incoming request  #2898: GET /Duluka/v.1.0/State
2026-10-03T18:34:48.074[D]: Response finished #2898: GET /Duluka/v.1.0/State with status 404
2026-10-03T18:34:48.557[D]: Incoming request  #2899: GET /Duluka/v.1.0/State
2026-10-03T18:34:48.558[D]: Response finished #2899: GET /Duluka/v.1.0/State with status 404
2026-10-03T18:34:49.062[D]: Incoming request  #2900: GET /Duluka/v.1.0/State
2026-10-03T18:34:49.063[D]: Response finished #2900: GET /Duluka/v.1.0/State with status 404
2026-10-03T18:34:49.565[D]: Incoming request  #2901: GET /Duluka/v.1.0/State
2026-10-03T18:34:49.565[D]: Response finished #2901: GET /Duluka/v.1.0/State with status 404
2026-10-03T18:34:50.062[D]: Incoming request  #2902: GET /Duluka/v.1.0/State
2026-10-03T18:34:50.063[D]: Response finished #2902: GET /Duluka/v.1.0/State with status 404
2026-10-03T18:34:50.564[D]: Incoming request  #2903: GET /Duluka/v.1.0/State
2026-10-03T18:34:50.565[D]: Response finished #2903: GET /Duluka/v.1.0/State with status 404
2026-10-03T18:34:51.065[D]: Incoming request  #2904: GET /Duluka/v.1.0/State
2026-10-03T18:34:51.067[D]: Response finished #2904: GET /Duluka/v.1.0/State with status 404
2026-10-03T18:34:51.567[D]: Incoming request  #2905: GET /Duluka/v.1.0/State
2026-10-03T18:34:51.568[D]: Response finished #2905: GET /Duluka/v.1.0/State with status 404
2026-10-03T18:34:52.066[D]: Incoming request  #2906: GET /Duluka/v.1.0/State
2026-10-03T18:34:52.067[D]: Response finished #2906: GET /Duluka/v.1.0/State with status 404
2026-10-03T18:34:52.567[D]: Incoming request  #2907: GET /Duluka/v.1.0/State
2026-10-03T18:34:52.568[D]: Response finished #2907: GET /Duluka/v.1.0/State with status 404
2026-10-03T18:34:53.064[D]: Incoming request  #2908: GET /Duluka/v.1.0/State
2026-10-03T18:34:53.064[D]: Response finished #2908: GET /Duluka/v.1.0/State with status 404
2026-10-03T18:34:53.565[D]: Incoming request  #2909: GET /Duluka/v.1.0/State
2026-10-03T18:34:53.567[D]: Response finished #2909: GET /Duluka/v.1.0/State with status 404
2026-10-03T18:34:54.062[D]: Incoming request  #2910: GET /Duluka/v.1.0/State
2026-10-03T18:34:54.063[D]: Response finished #2910: GET /Duluka/v.1.0/State with status 404
2026-10-03T18:34:54.562[D]: Incoming request  #2911: GET /Duluka/v.1.0/State
2026-10-03T18:34:54.563[D]: Response finished #2911: GET /Duluka/v.1.0/State with status 404
2026-10-03T18:34:55.064[D]: Incoming request  #2912: GET /Duluka/v.1.0/State
2026-10-03T18:34:55.065[D]: Response finished #2912: GET /Duluka/v.1.0/State with status 404
2026-10-03T18:34:55.562[D]: Incoming request  #2913: GET /Duluka/v.1.0/State
2026-10-03T18:34:55.563[D]: Response finished #2913: GET /Duluka/v.1.0/State with status 404
2026-10-03T18:34:56.064[D]: Incoming request  #2914: GET /Duluka/v.1.0/State
2026-10-03T18:34:56.065[D]: Response finished #2914: GET /Duluka/v.1.0/State with status 404
2026-10-03T18:34:56.569[D]: Incoming request  #2915: GET /Duluka/v.1.0/State
2026-10-03T18:34:56.569[D]: Response finished #2915: GET /Duluka/v.1.0/State with status 404
2026-10-03T18:34:57.071[D]: Incoming request  #2916: GET /Duluka/v.1.0/State
2026-10-03T18:34:57.073[D]: Response finished #2916: GET /Duluka/v.1.0/State with status 404
2026-10-03T18:34:57.568[D]: Incoming request  #2917: GET /Duluka/v.1.0/State
2026-10-03T18:34:57.569[D]: Response finished #2917: GET /Duluka/v.1.0/State with status 404
2026-10-03T18:34:58.072[D]: Incoming request  #2918: GET /Duluka/v.1.0/State
2026-10-03T18:34:58.073[D]: Response finished #2918: GET /Duluka/v.1.0/State with status 404
2026-10-03T18:34:58.604[D]: Incoming request  #2919: GET /Duluka/v.1.0/State
2026-10-03T18:34:58.607[D]: Response finished #2919: GET /Duluka/v.1.0/State with status 404
2026-10-03T18:34:59.068[D]: Incoming request  #2920: GET /Duluka/v.1.0/State
2026-10-03T18:34:59.069[D]: Response finished #2920: GET /Duluka/v.1.0/State with status 404
2026-10-03T18:34:59.568[D]: Incoming request  #2921: GET /Duluka/v.1.0/State
2026-10-03T18:34:59.568[D]: Response finished #2921: GET /Duluka/v.1.0/State with status 404
2026-10-03T18:35:00.064[D]: Incoming request  #2922: GET /Duluka/v.1.0/State
2026-10-03T18:35:00.065[D]: Response finished #2922: GET /Duluka/v.1.0/State with status 404
2026-10-03T18:35:00.564[D]: Incoming request  #2923: GET /Duluka/v.1.0/State
2026-10-03T18:35:00.565[D]: Response finished #2923: GET /Duluka/v.1.0/State with status 404
2026-10-03T18:35:01.064[D]: Incoming request  #2924: GET /Duluka/v.1.0/State
2026-10-03T18:35:01.065[D]: Response finished #2924: GET /Duluka/v.1.0/State with status 404
2026-10-03T18:35:01.567[D]: Incoming request  #2925: GET /Duluka/v.1.0/State
2026-10-03T18:35:01.568[D]: Response finished #2925: GET /Duluka/v.1.0/State with status 404
2026-10-03T18:35:02.067[D]: Incoming request  #2926: GET /Duluka/v.1.0/State
2026-10-03T18:35:02.068[D]: Response finished #2926: GET /Duluka/v.1.0/State with status 404
2026-10-03T18:35:02.570[D]: Incoming request  #2927: GET /Duluka/v.1.0/State
2026-10-03T18:35:02.571[D]: Response finished #2927: GET /Duluka/v.1.0/State with status 404
2026-10-03T18:35:03.072[D]: Incoming request  #2928: GET /Duluka/v.1.0/State
2026-10-03T18:35:03.073[D]: Response finished #2928: GET /Duluka/v.1.0/State with status 404
2026-10-03T18:35:03.561[D]: Incoming request  #2929: GET /Duluka/v.1.0/State
2026-10-03T18:35:03.562[D]: Response finished #2929: GET /Duluka/v.1.0/State with status 404
2026-10-03T18:35:04.068[D]: Incoming request  #2930: GET /Duluka/v.1.0/State
2026-10-03T18:35:04.069[D]: Response finished #2930: GET /Duluka/v.1.0/State with status 404
2026-10-03T18:35:04.568[D]: Incoming request  #2931: GET /Duluka/v.1.0/State
2026-10-03T18:35:04.569[D]: Response finished #2931: GET /Duluka/v.1.0/State with status 404
2026-10-03T18:35:05.069[D]: Incoming request  #2932: GET /Duluka/v.1.0/State
2026-10-03T18:35:05.070[D]: Response finished #2932: GET /Duluka/v.1.0/State with status 404
2026-10-03T18:35:05.559[D]: Incoming request  #2933: GET /Duluka/v.1.0/State
2026-10-03T18:35:05.560[D]: Response finished #2933: GET /Duluka/v.1.0/State with status 404
2026-10-03T18:35:06.062[D]: Incoming request  #2934: GET /Duluka/v.1.0/State
2026-10-03T18:35:06.063[D]: Response finished #2934: GET /Duluka/v.1.0/State with status 404
2026-10-03T18:35:06.559[D]: Incoming request  #2935: GET /Duluka/v.1.0/State
2026-10-03T18:35:06.561[D]: Response finished #2935: GET /Duluka/v.1.0/State with status 404
2026-10-03T18:35:07.059[D]: Incoming request  #2936: GET /Duluka/v.1.0/State
2026-10-03T18:35:07.059[D]: Response finished #2936: GET /Duluka/v.1.0/State with status 404
2026-10-03T18:35:07.575[D]: Incoming request  #2937: GET /Duluka/v.1.0/State
2026-10-03T18:35:07.575[D]: Response finished #2937: GET /Duluka/v.1.0/State with status 404
2026-10-03T18:35:08.059[D]: Incoming request  #2938: GET /Duluka/v.1.0/State
2026-10-03T18:35:08.061[D]: Response finished #2938: GET /Duluka/v.1.0/State with status 404
2026-10-03T18:35:08.559[D]: Incoming request  #2939: GET /Duluka/v.1.0/State
2026-10-03T18:35:08.561[D]: Response finished #2939: GET /Duluka/v.1.0/State with status 404
2026-10-03T18:35:09.071[D]: Incoming request  #2940: GET /Duluka/v.1.0/State
2026-10-03T18:35:09.072[D]: Response finished #2940: GET /Duluka/v.1.0/State with status 404
2026-10-03T18:35:09.560[D]: Incoming request  #2941: GET /Duluka/v.1.0/State
2026-10-03T18:35:09.561[D]: Response finished #2941: GET /Duluka/v.1.0/State with status 404
2026-10-03T18:35:10.059[D]: Incoming request  #2942: GET /Duluka/v.1.0/State
2026-10-03T18:35:10.059[D]: Response finished #2942: GET /Duluka/v.1.0/State with status 404
2026-10-03T18:35:10.571[D]: Incoming request  #2943: GET /Duluka/v.1.0/State
2026-10-03T18:35:10.573[D]: Response finished #2943: GET /Duluka/v.1.0/State with status 404
2026-10-03T18:35:11.073[D]: Incoming request  #2944: GET /Duluka/v.1.0/State
2026-10-03T18:35:11.074[D]: Response finished #2944: GET /Duluka/v.1.0/State with status 404
2026-10-03T18:35:11.560[D]: Incoming request  #2945: GET /Duluka/v.1.0/State
2026-10-03T18:35:11.562[D]: Response finished #2945: GET /Duluka/v.1.0/State with status 404
2026-10-03T18:35:12.064[D]: Incoming request  #2946: GET /Duluka/v.1.0/State
2026-10-03T18:35:12.065[D]: Response finished #2946: GET /Duluka/v.1.0/State with status 404
2026-10-03T18:35:12.562[D]: Incoming request  #2947: GET /Duluka/v.1.0/State
2026-10-03T18:35:12.563[D]: Response finished #2947: GET /Duluka/v.1.0/State with status 404
2026-10-03T18:35:13.061[D]: Incoming request  #2948: GET /Duluka/v.1.0/State
2026-10-03T18:35:13.061[D]: Response finished #2948: GET /Duluka/v.1.0/State with status 404
2026-10-03T18:35:13.560[D]: Incoming request  #2949: GET /Duluka/v.1.0/State
2026-10-03T18:35:13.561[D]: Response finished #2949: GET /Duluka/v.1.0/State with status 404
2026-10-03T18:35:14.058[D]: Incoming request  #2950: GET /Duluka/v.1.0/State
2026-10-03T18:35:14.059[D]: Response finished #2950: GET /Duluka/v.1.0/State with status 404
2026-10-03T18:35:14.565[D]: Incoming request  #2951: GET /Duluka/v.1.0/State
2026-10-03T18:35:14.567[D]: Response finished #2951: GET /Duluka/v.1.0/State with status 404
2026-10-03T18:35:15.110[D]: Incoming request  #2952: GET /Duluka/v.1.0/State
2026-10-03T18:35:15.111[D]: Response finished #2952: GET /Duluka/v.1.0/State with status 404
2026-10-03T18:35:15.563[D]: Incoming request  #2953: GET /Duluka/v.1.0/State
2026-10-03T18:35:15.564[D]: Response finished #2953: GET /Duluka/v.1.0/State with status 404
2026-10-03T18:35:16.063[D]: Incoming request  #2954: GET /Duluka/v.1.0/State
2026-10-03T18:35:16.064[D]: Response finished #2954: GET /Duluka/v.1.0/State with status 404
2026-10-03T18:35:16.560[D]: Incoming request  #2955: GET /Duluka/v.1.0/State
2026-10-03T18:35:16.561[D]: Response finished #2955: GET /Duluka/v.1.0/State with status 404
2026-10-03T18:35:17.062[D]: Incoming request  #2956: GET /Duluka/v.1.0/State
2026-10-03T18:35:17.062[D]: Response finished #2956: GET /Duluka/v.1.0/State with status 404
2026-10-03T18:35:17.565[D]: Incoming request  #2957: GET /Duluka/v.1.0/State
2026-10-03T18:35:17.569[D]: Response finished #2957: GET /Duluka/v.1.0/State with status 404
2026-10-03T18:35:18.063[D]: Incoming request  #2958: GET /Duluka/v.1.0/State
2026-10-03T18:35:18.064[D]: Response finished #2958: GET /Duluka/v.1.0/State with status 404
2026-10-03T18:35:18.560[D]: Incoming request  #2959: GET /Duluka/v.1.0/State
2026-10-03T18:35:18.563[D]: Response finished #2959: GET /Duluka/v.1.0/State with status 404
2026-10-03T18:35:19.058[D]: Incoming request  #2960: GET /Duluka/v.1.0/State
2026-10-03T18:35:19.059[D]: Response finished #2960: GET /Duluka/v.1.0/State with status 404
2026-10-03T18:35:19.558[D]: Incoming request  #2961: GET /Duluka/v.1.0/State
2026-10-03T18:35:19.559[D]: Response finished #2961: GET /Duluka/v.1.0/State with status 404
2026-10-03T18:35:20.058[D]: Incoming request  #2962: GET /Duluka/v.1.0/State
2026-10-03T18:35:20.058[D]: Response finished #2962: GET /Duluka/v.1.0/State with status 404
2026-10-03T18:35:20.573[D]: Incoming request  #2963: GET /Duluka/v.1.0/State
2026-10-03T18:35:20.574[D]: Response finished #2963: GET /Duluka/v.1.0/State with status 404
2026-10-03T18:35:21.069[D]: Incoming request  #2964: GET /Duluka/v.1.0/State
2026-10-03T18:35:21.070[D]: Response finished #2964: GET /Duluka/v.1.0/State with status 404
2026-10-03T18:35:21.559[D]: Incoming request  #2965: GET /Duluka/v.1.0/State
2026-10-03T18:35:21.559[D]: Response finished #2965: GET /Duluka/v.1.0/State with status 404
2026-10-03T18:35:22.069[D]: Incoming request  #2966: GET /Duluka/v.1.0/State
2026-10-03T18:35:22.069[D]: Response finished #2966: GET /Duluka/v.1.0/State with status 404
2026-10-03T18:35:22.569[D]: Incoming request  #2967: GET /Duluka/v.1.0/State
2026-10-03T18:35:22.571[D]: Response finished #2967: GET /Duluka/v.1.0/State with status 404
2026-10-03T18:35:23.069[D]: Incoming request  #2968: GET /Duluka/v.1.0/State
2026-10-03T18:35:23.071[D]: Response finished #2968: GET /Duluka/v.1.0/State with status 404
2026-10-03T18:35:23.572[D]: Incoming request  #2969: GET /Duluka/v.1.0/State
2026-10-03T18:35:23.574[D]: Response finished #2969: GET /Duluka/v.1.0/State with status 404
2026-10-03T18:35:24.072[D]: Incoming request  #2970: GET /Duluka/v.1.0/State
2026-10-03T18:35:24.073[D]: Response finished #2970: GET /Duluka/v.1.0/State with status 404
2026-10-03T18:35:24.572[D]: Incoming request  #2971: GET /Duluka/v.1.0/State
2026-10-03T18:35:24.573[D]: Response finished #2971: GET /Duluka/v.1.0/State with status 404
2026-10-03T18:35:25.071[D]: Incoming request  #2972: GET /Duluka/v.1.0/State
2026-10-03T18:35:25.073[D]: Response finished #2972: GET /Duluka/v.1.0/State with status 404
2026-10-03T18:35:25.557[D]: Incoming request  #2973: GET /Duluka/v.1.0/State
2026-10-03T18:35:25.558[D]: Response finished #2973: GET /Duluka/v.1.0/State with status 404
2026-10-03T18:35:26.058[D]: Incoming request  #2974: GET /Duluka/v.1.0/State
2026-10-03T18:35:26.059[D]: Response finished #2974: GET /Duluka/v.1.0/State with status 404
2026-10-03T18:35:26.560[D]: Incoming request  #2975: GET /Duluka/v.1.0/State
2026-10-03T18:35:26.561[D]: Response finished #2975: GET /Duluka/v.1.0/State with status 404
2026-10-03T18:35:27.059[D]: Incoming request  #2976: GET /Duluka/v.1.0/State
2026-10-03T18:35:27.060[D]: Response finished #2976: GET /Duluka/v.1.0/State with status 404
2026-10-03T18:35:27.559[D]: Incoming request  #2977: GET /Duluka/v.1.0/State
2026-10-03T18:35:27.561[D]: Response finished #2977: GET /Duluka/v.1.0/State with status 404
2026-10-03T18:35:28.071[D]: Incoming request  #2978: GET /Duluka/v.1.0/State
2026-10-03T18:35:28.073[D]: Response finished #2978: GET /Duluka/v.1.0/State with status 404
2026-10-03T18:35:28.570[D]: Incoming request  #2979: GET /Duluka/v.1.0/State
2026-10-03T18:35:28.571[D]: Response finished #2979: GET /Duluka/v.1.0/State with status 404
2026-10-03T18:35:29.094[D]: Incoming request  #2980: GET /Duluka/v.1.0/State
2026-10-03T18:35:29.095[D]: Response finished #2980: GET /Duluka/v.1.0/State with status 404
2026-10-03T18:35:29.571[D]: Incoming request  #2981: GET /Duluka/v.1.0/State
2026-10-03T18:35:29.572[D]: Response finished #2981: GET /Duluka/v.1.0/State with status 404
2026-10-03T18:35:30.059[D]: Incoming request  #2982: GET /Duluka/v.1.0/State
2026-10-03T18:35:30.060[D]: Response finished #2982: GET /Duluka/v.1.0/State with status 404
2026-10-03T18:35:30.561[D]: Incoming request  #2983: GET /Duluka/v.1.0/State
2026-10-03T18:35:30.563[D]: Response finished #2983: GET /Duluka/v.1.0/State with status 404
2026-10-03T18:35:31.063[D]: Incoming request  #2984: GET /Duluka/v.1.0/State
2026-10-03T18:35:31.065[D]: Response finished #2984: GET /Duluka/v.1.0/State with status 404
2026-10-03T18:35:31.574[D]: Incoming request  #2985: GET /Duluka/v.1.0/State
2026-10-03T18:35:31.581[D]: Response finished #2985: GET /Duluka/v.1.0/State with status 404
2026-10-03T18:35:32.061[D]: Incoming request  #2986: GET /Duluka/v.1.0/State
2026-10-03T18:35:32.061[D]: Response finished #2986: GET /Duluka/v.1.0/State with status 404
2026-10-03T18:35:32.563[D]: Incoming request  #2987: GET /Duluka/v.1.0/State
2026-10-03T18:35:32.564[D]: Response finished #2987: GET /Duluka/v.1.0/State with status 404
2026-10-03T18:35:33.063[D]: Incoming request  #2988: GET /Duluka/v.1.0/State
2026-10-03T18:35:33.064[D]: Response finished #2988: GET /Duluka/v.1.0/State with status 404
2026-10-03T18:35:33.559[D]: Incoming request  #2989: GET /Duluka/v.1.0/State
2026-10-03T18:35:33.561[D]: Response finished #2989: GET /Duluka/v.1.0/State with status 404
2026-10-03T18:35:34.067[D]: Incoming request  #2990: GET /Duluka/v.1.0/State
2026-10-03T18:35:34.069[D]: Response finished #2990: GET /Duluka/v.1.0/State with status 404
2026-10-03T18:35:34.560[D]: Incoming request  #2991: GET /Duluka/v.1.0/State
2026-10-03T18:35:34.561[D]: Response finished #2991: GET /Duluka/v.1.0/State with status 404
2026-10-03T18:35:35.068[D]: Incoming request  #2992: GET /Duluka/v.1.0/State
2026-10-03T18:35:35.068[D]: Response finished #2992: GET /Duluka/v.1.0/State with status 404
2026-10-03T18:35:35.571[D]: Incoming request  #2993: GET /Duluka/v.1.0/State
2026-10-03T18:35:35.572[D]: Response finished #2993: GET /Duluka/v.1.0/State with status 404
2026-10-03T18:35:36.069[D]: Incoming request  #2994: GET /Duluka/v.1.0/State
2026-10-03T18:35:36.069[D]: Response finished #2994: GET /Duluka/v.1.0/State with status 404
2026-10-03T18:35:36.571[D]: Incoming request  #2995: GET /Duluka/v.1.0/State
2026-10-03T18:35:36.571[D]: Response finished #2995: GET /Duluka/v.1.0/State with status 404
2026-10-03T18:35:37.069[D]: Incoming request  #2996: GET /Duluka/v.1.0/State
2026-10-03T18:35:37.069[D]: Response finished #2996: GET /Duluka/v.1.0/State with status 404
2026-10-03T18:35:37.569[D]: Incoming request  #2997: GET /Duluka/v.1.0/State
2026-10-03T18:35:37.570[D]: Response finished #2997: GET /Duluka/v.1.0/State with status 404
2026-10-03T18:35:38.073[D]: Incoming request  #2998: GET /Duluka/v.1.0/State
2026-10-03T18:35:38.074[D]: Response finished #2998: GET /Duluka/v.1.0/State with status 404
2026-10-03T18:35:38.559[D]: Incoming request  #2999: GET /Duluka/v.1.0/State
2026-10-03T18:35:38.560[D]: Response finished #2999: GET /Duluka/v.1.0/State with status 404
2026-10-03T18:35:39.061[D]: Incoming request  #3000: GET /Duluka/v.1.0/State
2026-10-03T18:35:39.064[D]: Response finished #3000: GET /Duluka/v.1.0/State with status 404
2026-10-03T18:35:39.561[D]: Incoming request  #3001: GET /Duluka/v.1.0/State
2026-10-03T18:35:39.561[D]: Response finished #3001: GET /Duluka/v.1.0/State with status 404
2026-10-03T18:35:40.062[D]: Incoming request  #3002: GET /Duluka/v.1.0/State
2026-10-03T18:35:40.063[D]: Response finished #3002: GET /Duluka/v.1.0/State with status 404
2026-10-03T18:35:40.559[D]: Incoming request  #3003: GET /Duluka/v.1.0/State
2026-10-03T18:35:40.560[D]: Response finished #3003: GET /Duluka/v.1.0/State with status 404
2026-10-03T18:35:41.064[D]: Incoming request  #3004: GET /Duluka/v.1.0/State
2026-10-03T18:35:41.067[D]: Response finished #3004: GET /Duluka/v.1.0/State with status 404
2026-10-03T18:35:41.572[D]: Incoming request  #3005: GET /Duluka/v.1.0/State
2026-10-03T18:35:41.572[D]: Response finished #3005: GET /Duluka/v.1.0/State with status 404
2026-10-03T18:35:42.069[D]: Incoming request  #3006: GET /Duluka/v.1.0/State
2026-10-03T18:35:42.072[D]: Response finished #3006: GET /Duluka/v.1.0/State with status 404
2026-10-03T18:35:42.568[D]: Incoming request  #3007: GET /Duluka/v.1.0/State
2026-10-03T18:35:42.569[D]: Response finished #3007: GET /Duluka/v.1.0/State with status 404
2026-10-03T18:35:43.064[D]: Incoming request  #3008: GET /Duluka/v.1.0/State
2026-10-03T18:35:43.065[D]: Response finished #3008: GET /Duluka/v.1.0/State with status 404
2026-10-03T18:35:43.563[D]: Incoming request  #3009: GET /Duluka/v.1.0/State
2026-10-03T18:35:43.565[D]: Response finished #3009: GET /Duluka/v.1.0/State with status 404
2026-10-03T18:35:44.061[D]: Incoming request  #3010: GET /Duluka/v.1.0/State
2026-10-03T18:35:44.062[D]: Response finished #3010: GET /Duluka/v.1.0/State with status 404
2026-10-03T18:35:44.569[D]: Incoming request  #3011: GET /Duluka/v.1.0/State
2026-10-03T18:35:44.571[D]: Response finished #3011: GET /Duluka/v.1.0/State with status 404
2026-10-03T18:35:45.059[D]: Incoming request  #3012: GET /Duluka/v.1.0/State
2026-10-03T18:35:45.061[D]: Response finished #3012: GET /Duluka/v.1.0/State with status 404
2026-10-03T18:35:45.572[D]: Incoming request  #3013: GET /Duluka/v.1.0/State
2026-10-03T18:35:45.572[D]: Response finished #3013: GET /Duluka/v.1.0/State with status 404
2026-10-03T18:35:46.072[D]: Incoming request  #3014: GET /Duluka/v.1.0/State
2026-10-03T18:35:46.074[D]: Response finished #3014: GET /Duluka/v.1.0/State with status 404
2026-10-03T18:35:46.573[D]: Incoming request  #3015: GET /Duluka/v.1.0/State
2026-10-03T18:35:46.574[D]: Response finished #3015: GET /Duluka/v.1.0/State with status 404
2026-10-03T18:35:47.057[D]: Incoming request  #3016: GET /Duluka/v.1.0/State
2026-10-03T18:35:47.058[D]: Response finished #3016: GET /Duluka/v.1.0/State with status 404
2026-10-03T18:35:47.571[D]: Incoming request  #3017: GET /Duluka/v.1.0/State
2026-10-03T18:35:47.572[D]: Response finished #3017: GET /Duluka/v.1.0/State with status 404
2026-10-03T18:35:48.142[D]: Incoming request  #3018: GET /Duluka/v.1.0/State
2026-10-03T18:35:48.143[D]: Response finished #3018: GET /Duluka/v.1.0/State with status 404
2026-10-03T18:35:48.567[D]: Incoming request  #3019: GET /Duluka/v.1.0/State
2026-10-03T18:35:48.568[D]: Response finished #3019: GET /Duluka/v.1.0/State with status 404
2026-10-03T18:35:49.071[D]: Incoming request  #3020: GET /Duluka/v.1.0/State
2026-10-03T18:35:49.073[D]: Response finished #3020: GET /Duluka/v.1.0/State with status 404
2026-10-03T18:35:49.564[D]: Incoming request  #3021: GET /Duluka/v.1.0/State
2026-10-03T18:35:49.565[D]: Response finished #3021: GET /Duluka/v.1.0/State with status 404
2026-10-03T18:35:50.063[D]: Incoming request  #3022: GET /Duluka/v.1.0/State
2026-10-03T18:35:50.064[D]: Response finished #3022: GET /Duluka/v.1.0/State with status 404
2026-10-03T18:35:50.564[D]: Incoming request  #3023: GET /Duluka/v.1.0/State
2026-10-03T18:35:50.566[D]: Response finished #3023: GET /Duluka/v.1.0/State with status 404
2026-10-03T18:35:51.061[D]: Incoming request  #3024: GET /Duluka/v.1.0/State
2026-10-03T18:35:51.062[D]: Response finished #3024: GET /Duluka/v.1.0/State with status 404
2026-10-03T18:35:51.564[D]: Incoming request  #3025: GET /Duluka/v.1.0/State
2026-10-03T18:35:51.565[D]: Response finished #3025: GET /Duluka/v.1.0/State with status 404
2026-10-03T18:35:52.060[D]: Incoming request  #3026: GET /Duluka/v.1.0/State
2026-10-03T18:35:52.061[D]: Response finished #3026: GET /Duluka/v.1.0/State with status 404
2026-10-03T18:35:52.608[D]: Incoming request  #3027: GET /Duluka/v.1.0/State
2026-10-03T18:35:52.615[D]: Response finished #3027: GET /Duluka/v.1.0/State with status 404
2026-10-03T18:35:53.059[D]: Incoming request  #3028: GET /Duluka/v.1.0/State
2026-10-03T18:35:53.059[D]: Response finished #3028: GET /Duluka/v.1.0/State with status 404
2026-10-03T18:35:53.564[D]: Incoming request  #3029: GET /Duluka/v.1.0/State
2026-10-03T18:35:53.567[D]: Response finished #3029: GET /Duluka/v.1.0/State with status 404
2026-10-03T18:35:54.061[D]: Incoming request  #3030: GET /Duluka/v.1.0/State
2026-10-03T18:35:54.061[D]: Response finished #3030: GET /Duluka/v.1.0/State with status 404
2026-10-03T18:35:54.565[D]: Incoming request  #3031: GET /Duluka/v.1.0/State
2026-10-03T18:35:54.565[D]: Response finished #3031: GET /Duluka/v.1.0/State with status 404
2026-10-03T18:35:55.067[D]: Incoming request  #3032: GET /Duluka/v.1.0/State
2026-10-03T18:35:55.068[D]: Response finished #3032: GET /Duluka/v.1.0/State with status 404
2026-10-03T18:35:55.563[D]: Incoming request  #3033: GET /Duluka/v.1.0/State
2026-10-03T18:35:55.564[D]: Response finished #3033: GET /Duluka/v.1.0/State with status 404
2026-10-03T18:35:56.062[D]: Incoming request  #3034: GET /Duluka/v.1.0/State
2026-10-03T18:35:56.062[D]: Response finished #3034: GET /Duluka/v.1.0/State with status 404
2026-10-03T18:35:56.566[D]: Incoming request  #3035: GET /Duluka/v.1.0/State
2026-10-03T18:35:56.568[D]: Response finished #3035: GET /Duluka/v.1.0/State with status 404
2026-10-03T18:35:57.068[D]: Incoming request  #3036: GET /Duluka/v.1.0/State
2026-10-03T18:35:57.075[D]: Response finished #3036: GET /Duluka/v.1.0/State with status 404
2026-10-03T18:35:57.561[D]: Incoming request  #3037: GET /Duluka/v.1.0/State
2026-10-03T18:35:57.562[D]: Response finished #3037: GET /Duluka/v.1.0/State with status 404
2026-10-03T18:35:58.060[D]: Incoming request  #3038: GET /Duluka/v.1.0/State
2026-10-03T18:35:58.060[D]: Response finished #3038: GET /Duluka/v.1.0/State with status 404
2026-10-03T18:35:58.564[D]: Incoming request  #3039: GET /Duluka/v.1.0/State
2026-10-03T18:35:58.565[D]: Response finished #3039: GET /Duluka/v.1.0/State with status 404
2026-10-03T18:35:59.064[D]: Incoming request  #3040: GET /Duluka/v.1.0/State
2026-10-03T18:35:59.065[D]: Response finished #3040: GET /Duluka/v.1.0/State with status 404
2026-10-03T18:35:59.564[D]: Incoming request  #3041: GET /Duluka/v.1.0/State
2026-10-03T18:35:59.565[D]: Response finished #3041: GET /Duluka/v.1.0/State with status 404
2026-10-03T18:36:00.064[D]: Incoming request  #3042: GET /Duluka/v.1.0/State
2026-10-03T18:36:00.067[D]: Response finished #3042: GET /Duluka/v.1.0/State with status 404
2026-10-03T18:36:00.564[D]: Incoming request  #3043: GET /Duluka/v.1.0/State
2026-10-03T18:36:00.566[D]: Response finished #3043: GET /Duluka/v.1.0/State with status 404
2026-10-03T18:36:01.069[D]: Incoming request  #3044: GET /Duluka/v.1.0/State
2026-10-03T18:36:01.070[D]: Response finished #3044: GET /Duluka/v.1.0/State with status 404
2026-10-03T18:36:01.572[D]: Incoming request  #3045: GET /Duluka/v.1.0/State
2026-10-03T18:36:01.576[D]: Response finished #3045: GET /Duluka/v.1.0/State with status 404
2026-10-03T18:36:02.065[D]: Incoming request  #3046: GET /Duluka/v.1.0/State
2026-10-03T18:36:02.065[D]: Response finished #3046: GET /Duluka/v.1.0/State with status 404
2026-10-03T18:36:02.567[D]: Incoming request  #3047: GET /Duluka/v.1.0/State
2026-10-03T18:36:02.569[D]: Response finished #3047: GET /Duluka/v.1.0/State with status 404
2026-10-03T18:36:03.063[D]: Incoming request  #3048: GET /Duluka/v.1.0/State
2026-10-03T18:36:03.067[D]: Response finished #3048: GET /Duluka/v.1.0/State with status 404
2026-10-03T18:36:03.558[D]: Incoming request  #3049: GET /Duluka/v.1.0/State
2026-10-03T18:36:03.559[D]: Response finished #3049: GET /Duluka/v.1.0/State with status 404
2026-10-03T18:36:04.058[D]: Incoming request  #3050: GET /Duluka/v.1.0/State
2026-10-03T18:36:04.059[D]: Response finished #3050: GET /Duluka/v.1.0/State with status 404
2026-10-03T18:36:04.561[D]: Incoming request  #3051: GET /Duluka/v.1.0/State
2026-10-03T18:36:04.561[D]: Response finished #3051: GET /Duluka/v.1.0/State with status 404
2026-10-03T18:36:05.058[D]: Incoming request  #3052: GET /Duluka/v.1.0/State
2026-10-03T18:36:05.059[D]: Response finished #3052: GET /Duluka/v.1.0/State with status 404
2026-10-03T18:36:05.571[D]: Incoming request  #3053: GET /Duluka/v.1.0/State
2026-10-03T18:36:05.572[D]: Response finished #3053: GET /Duluka/v.1.0/State with status 404
2026-10-03T18:36:06.059[D]: Incoming request  #3054: GET /Duluka/v.1.0/State
2026-10-03T18:36:06.060[D]: Response finished #3054: GET /Duluka/v.1.0/State with status 404
2026-10-03T18:36:06.559[D]: Incoming request  #3055: GET /Duluka/v.1.0/State
2026-10-03T18:36:06.559[D]: Response finished #3055: GET /Duluka/v.1.0/State with status 404
2026-10-03T18:36:07.064[D]: Incoming request  #3056: GET /Duluka/v.1.0/State
2026-10-03T18:36:07.066[D]: Response finished #3056: GET /Duluka/v.1.0/State with status 404
2026-10-03T18:36:07.565[D]: Incoming request  #3057: GET /Duluka/v.1.0/State
2026-10-03T18:36:07.565[D]: Response finished #3057: GET /Duluka/v.1.0/State with status 404
2026-10-03T18:36:08.065[D]: Incoming request  #3058: GET /Duluka/v.1.0/State
2026-10-03T18:36:08.065[D]: Response finished #3058: GET /Duluka/v.1.0/State with status 404
2026-10-03T18:36:08.563[D]: Incoming request  #3059: GET /Duluka/v.1.0/State
2026-10-03T18:36:08.564[D]: Response finished #3059: GET /Duluka/v.1.0/State with status 404
2026-10-03T18:36:09.072[D]: Incoming request  #3060: GET /Duluka/v.1.0/State
2026-10-03T18:36:09.072[D]: Response finished #3060: GET /Duluka/v.1.0/State with status 404
2026-10-03T18:36:09.564[D]: Incoming request  #3061: GET /Duluka/v.1.0/State
2026-10-03T18:36:09.564[D]: Response finished #3061: GET /Duluka/v.1.0/State with status 404
2026-10-03T18:36:10.065[D]: Incoming request  #3062: GET /Duluka/v.1.0/State
2026-10-03T18:36:10.066[D]: Response finished #3062: GET /Duluka/v.1.0/State with status 404
2026-10-03T18:36:10.565[D]: Incoming request  #3063: GET /Duluka/v.1.0/State
2026-10-03T18:36:10.566[D]: Response finished #3063: GET /Duluka/v.1.0/State with status 404
2026-10-03T18:36:11.064[D]: Incoming request  #3064: GET /Duluka/v.1.0/State
2026-10-03T18:36:11.065[D]: Response finished #3064: GET /Duluka/v.1.0/State with status 404
2026-10-03T18:36:11.561[D]: Incoming request  #3065: GET /Duluka/v.1.0/State
2026-10-03T18:36:11.567[D]: Response finished #3065: GET /Duluka/v.1.0/State with status 404
2026-10-03T18:36:12.061[D]: Incoming request  #3066: GET /Duluka/v.1.0/State
2026-10-03T18:36:12.062[D]: Response finished #3066: GET /Duluka/v.1.0/State with status 404
2026-10-03T18:36:12.559[D]: Incoming request  #3067: GET /Duluka/v.1.0/State
2026-10-03T18:36:12.561[D]: Response finished #3067: GET /Duluka/v.1.0/State with status 404
2026-10-03T18:36:13.070[D]: Incoming request  #3068: GET /Duluka/v.1.0/State
2026-10-03T18:36:13.071[D]: Response finished #3068: GET /Duluka/v.1.0/State with status 404
2026-10-03T18:36:13.574[D]: Incoming request  #3069: GET /Duluka/v.1.0/State
2026-10-03T18:36:13.575[D]: Response finished #3069: GET /Duluka/v.1.0/State with status 404
2026-10-03T18:36:14.071[D]: Incoming request  #3070: GET /Duluka/v.1.0/State
2026-10-03T18:36:14.071[D]: Response finished #3070: GET /Duluka/v.1.0/State with status 404
2026-10-03T18:36:14.558[D]: Incoming request  #3071: GET /Duluka/v.1.0/State
2026-10-03T18:36:14.559[D]: Response finished #3071: GET /Duluka/v.1.0/State with status 404
2026-10-03T18:36:15.061[D]: Incoming request  #3072: GET /Duluka/v.1.0/State
2026-10-03T18:36:15.061[D]: Response finished #3072: GET /Duluka/v.1.0/State with status 404
2026-10-03T18:36:15.565[D]: Incoming request  #3073: GET /Duluka/v.1.0/State
2026-10-03T18:36:15.565[D]: Response finished #3073: GET /Duluka/v.1.0/State with status 404
2026-10-03T18:36:16.068[D]: Incoming request  #3074: GET /Duluka/v.1.0/State
2026-10-03T18:36:16.068[D]: Response finished #3074: GET /Duluka/v.1.0/State with status 404
2026-10-03T18:36:16.559[D]: Incoming request  #3075: GET /Duluka/v.1.0/State
2026-10-03T18:36:16.561[D]: Response finished #3075: GET /Duluka/v.1.0/State with status 404
2026-10-03T18:36:17.061[D]: Incoming request  #3076: GET /Duluka/v.1.0/State
2026-10-03T18:36:17.062[D]: Response finished #3076: GET /Duluka/v.1.0/State with status 404
2026-10-03T18:36:17.562[D]: Incoming request  #3077: GET /Duluka/v.1.0/State
2026-10-03T18:36:17.563[D]: Response finished #3077: GET /Duluka/v.1.0/State with status 404
2026-10-03T18:36:18.067[D]: Incoming request  #3078: GET /Duluka/v.1.0/State
2026-10-03T18:36:18.068[D]: Response finished #3078: GET /Duluka/v.1.0/State with status 404
2026-10-03T18:36:18.572[D]: Incoming request  #3079: GET /Duluka/v.1.0/State
2026-10-03T18:36:18.573[D]: Response finished #3079: GET /Duluka/v.1.0/State with status 404
2026-10-03T18:36:19.061[D]: Incoming request  #3080: GET /Duluka/v.1.0/State
2026-10-03T18:36:19.062[D]: Response finished #3080: GET /Duluka/v.1.0/State with status 404
2026-10-03T18:36:19.563[D]: Incoming request  #3081: GET /Duluka/v.1.0/State
2026-10-03T18:36:19.563[D]: Response finished #3081: GET /Duluka/v.1.0/State with status 404
2026-10-03T18:36:20.068[D]: Incoming request  #3082: GET /Duluka/v.1.0/State
2026-10-03T18:36:20.068[D]: Response finished #3082: GET /Duluka/v.1.0/State with status 404
2026-10-03T18:36:20.571[D]: Incoming request  #3083: GET /Duluka/v.1.0/State
2026-10-03T18:36:20.572[D]: Response finished #3083: GET /Duluka/v.1.0/State with status 404
2026-10-03T18:36:21.065[D]: Incoming request  #3084: GET /Duluka/v.1.0/State
2026-10-03T18:36:21.068[D]: Response finished #3084: GET /Duluka/v.1.0/State with status 404
2026-10-03T18:36:21.564[D]: Incoming request  #3085: GET /Duluka/v.1.0/State
2026-10-03T18:36:21.564[D]: Response finished #3085: GET /Duluka/v.1.0/State with status 404
2026-10-03T18:36:22.060[D]: Incoming request  #3086: GET /Duluka/v.1.0/State
2026-10-03T18:36:22.061[D]: Response finished #3086: GET /Duluka/v.1.0/State with status 404
2026-10-03T18:36:22.562[D]: Incoming request  #3087: GET /Duluka/v.1.0/State
2026-10-03T18:36:22.564[D]: Response finished #3087: GET /Duluka/v.1.0/State with status 404
2026-10-03T18:36:23.063[D]: Incoming request  #3088: GET /Duluka/v.1.0/State
2026-10-03T18:36:23.064[D]: Response finished #3088: GET /Duluka/v.1.0/State with status 404
2026-10-03T18:36:23.562[D]: Incoming request  #3089: GET /Duluka/v.1.0/State
2026-10-03T18:36:23.563[D]: Response finished #3089: GET /Duluka/v.1.0/State with status 404
2026-10-03T18:36:24.066[D]: Incoming request  #3090: GET /Duluka/v.1.0/State
2026-10-03T18:36:24.067[D]: Response finished #3090: GET /Duluka/v.1.0/State with status 404
2026-10-03T18:36:24.566[D]: Incoming request  #3091: GET /Duluka/v.1.0/State
2026-10-03T18:36:24.567[D]: Response finished #3091: GET /Duluka/v.1.0/State with status 404
2026-10-03T18:36:25.067[D]: Incoming request  #3092: GET /Duluka/v.1.0/State
2026-10-03T18:36:25.068[D]: Response finished #3092: GET /Duluka/v.1.0/State with status 404
2026-10-03T18:36:25.568[D]: Incoming request  #3093: GET /Duluka/v.1.0/State
2026-10-03T18:36:25.570[D]: Response finished #3093: GET /Duluka/v.1.0/State with status 404
2026-10-03T18:36:26.072[D]: Incoming request  #3094: GET /Duluka/v.1.0/State
2026-10-03T18:36:26.074[D]: Response finished #3094: GET /Duluka/v.1.0/State with status 404
2026-10-03T18:36:26.559[D]: Incoming request  #3095: GET /Duluka/v.1.0/State
2026-10-03T18:36:26.559[D]: Response finished #3095: GET /Duluka/v.1.0/State with status 404
2026-10-03T18:36:27.063[D]: Incoming request  #3096: GET /Duluka/v.1.0/State
2026-10-03T18:36:27.063[D]: Response finished #3096: GET /Duluka/v.1.0/State with status 404
2026-10-03T18:36:27.567[D]: Incoming request  #3097: GET /Duluka/v.1.0/State
2026-10-03T18:36:27.567[D]: Response finished #3097: GET /Duluka/v.1.0/State with status 404
2026-10-03T18:36:28.071[D]: Incoming request  #3098: GET /Duluka/v.1.0/State
2026-10-03T18:36:28.072[D]: Response finished #3098: GET /Duluka/v.1.0/State with status 404
2026-10-03T18:36:28.559[D]: Incoming request  #3099: GET /Duluka/v.1.0/State
2026-10-03T18:36:28.559[D]: Response finished #3099: GET /Duluka/v.1.0/State with status 404
2026-10-03T18:36:29.062[D]: Incoming request  #3100: GET /Duluka/v.1.0/State
2026-10-03T18:36:29.063[D]: Response finished #3100: GET /Duluka/v.1.0/State with status 404
2026-10-03T18:36:29.564[D]: Incoming request  #3101: GET /Duluka/v.1.0/State
2026-10-03T18:36:29.565[D]: Response finished #3101: GET /Duluka/v.1.0/State with status 404
2026-10-03T18:36:30.070[D]: Incoming request  #3102: GET /Duluka/v.1.0/State
2026-10-03T18:36:30.079[D]: Response finished #3102: GET /Duluka/v.1.0/State with status 404
2026-10-03T18:36:30.563[D]: Incoming request  #3103: GET /Duluka/v.1.0/State
2026-10-03T18:36:30.563[D]: Response finished #3103: GET /Duluka/v.1.0/State with status 404
2026-10-03T18:36:31.063[D]: Incoming request  #3104: GET /Duluka/v.1.0/State
2026-10-03T18:36:31.063[D]: Response finished #3104: GET /Duluka/v.1.0/State with status 404
2026-10-03T18:36:31.565[D]: Incoming request  #3105: GET /Duluka/v.1.0/State
2026-10-03T18:36:31.567[D]: Response finished #3105: GET /Duluka/v.1.0/State with status 404
2026-10-03T18:36:32.067[D]: Incoming request  #3106: GET /Duluka/v.1.0/State
2026-10-03T18:36:32.068[D]: Response finished #3106: GET /Duluka/v.1.0/State with status 404
2026-10-03T18:36:32.564[D]: Incoming request  #3107: GET /Duluka/v.1.0/State
2026-10-03T18:36:32.564[D]: Response finished #3107: GET /Duluka/v.1.0/State with status 404
2026-10-03T18:36:33.065[D]: Incoming request  #3108: GET /Duluka/v.1.0/State
2026-10-03T18:36:33.065[D]: Response finished #3108: GET /Duluka/v.1.0/State with status 404
2026-10-03T18:36:33.567[D]: Incoming request  #3109: GET /Duluka/v.1.0/State
2026-10-03T18:36:33.568[D]: Response finished #3109: GET /Duluka/v.1.0/State with status 404
2026-10-03T18:36:34.065[D]: Incoming request  #3110: GET /Duluka/v.1.0/State
2026-10-03T18:36:34.067[D]: Response finished #3110: GET /Duluka/v.1.0/State with status 404
2026-10-03T18:36:34.564[D]: Incoming request  #3111: GET /Duluka/v.1.0/State
2026-10-03T18:36:34.564[D]: Response finished #3111: GET /Duluka/v.1.0/State with status 404
2026-10-03T18:36:35.074[D]: Incoming request  #3112: GET /Duluka/v.1.0/State
2026-10-03T18:36:35.077[D]: Response finished #3112: GET /Duluka/v.1.0/State with status 404
2026-10-03T18:36:35.568[D]: Incoming request  #3113: GET /Duluka/v.1.0/State
2026-10-03T18:36:35.568[D]: Response finished #3113: GET /Duluka/v.1.0/State with status 404
2026-10-03T18:36:36.069[D]: Incoming request  #3114: GET /Duluka/v.1.0/State
2026-10-03T18:36:36.070[D]: Response finished #3114: GET /Duluka/v.1.0/State with status 404
2026-10-03T18:36:36.556[D]: Incoming request  #3115: GET /Duluka/v.1.0/State
2026-10-03T18:36:36.558[D]: Response finished #3115: GET /Duluka/v.1.0/State with status 404
2026-10-03T18:36:37.063[D]: Incoming request  #3116: GET /Duluka/v.1.0/State
2026-10-03T18:36:37.064[D]: Response finished #3116: GET /Duluka/v.1.0/State with status 404
2026-10-03T18:36:37.567[D]: Incoming request  #3117: GET /Duluka/v.1.0/State
2026-10-03T18:36:37.568[D]: Response finished #3117: GET /Duluka/v.1.0/State with status 404
2026-10-03T18:36:38.067[D]: Incoming request  #3118: GET /Duluka/v.1.0/State
2026-10-03T18:36:38.068[D]: Response finished #3118: GET /Duluka/v.1.0/State with status 404
2026-10-03T18:36:38.562[D]: Incoming request  #3119: GET /Duluka/v.1.0/State
2026-10-03T18:36:38.564[D]: Response finished #3119: GET /Duluka/v.1.0/State with status 404
2026-10-03T18:36:39.069[D]: Incoming request  #3120: GET /Duluka/v.1.0/State
2026-10-03T18:36:39.069[D]: Response finished #3120: GET /Duluka/v.1.0/State with status 404
2026-10-03T18:36:39.557[D]: Incoming request  #3121: GET /Duluka/v.1.0/State
2026-10-03T18:36:39.558[D]: Response finished #3121: GET /Duluka/v.1.0/State with status 404
2026-10-03T18:36:40.058[D]: Incoming request  #3122: GET /Duluka/v.1.0/State
2026-10-03T18:36:40.059[D]: Response finished #3122: GET /Duluka/v.1.0/State with status 404
2026-10-03T18:36:40.570[D]: Incoming request  #3123: GET /Duluka/v.1.0/State
2026-10-03T18:36:40.571[D]: Response finished #3123: GET /Duluka/v.1.0/State with status 404
2026-10-03T18:36:41.065[D]: Incoming request  #3124: GET /Duluka/v.1.0/State
2026-10-03T18:36:41.065[D]: Response finished #3124: GET /Duluka/v.1.0/State with status 404
2026-10-03T18:36:41.568[D]: Incoming request  #3125: GET /Duluka/v.1.0/State
2026-10-03T18:36:41.569[D]: Response finished #3125: GET /Duluka/v.1.0/State with status 404
2026-10-03T18:36:42.071[D]: Incoming request  #3126: GET /Duluka/v.1.0/State
2026-10-03T18:36:42.072[D]: Response finished #3126: GET /Duluka/v.1.0/State with status 404
2026-10-03T18:36:42.561[D]: Incoming request  #3127: GET /Duluka/v.1.0/State
2026-10-03T18:36:42.563[D]: Response finished #3127: GET /Duluka/v.1.0/State with status 404
2026-10-03T18:36:43.064[D]: Incoming request  #3128: GET /Duluka/v.1.0/State
2026-10-03T18:36:43.065[D]: Response finished #3128: GET /Duluka/v.1.0/State with status 404
2026-10-03T18:36:43.565[D]: Incoming request  #3129: GET /Duluka/v.1.0/State
2026-10-03T18:36:43.570[D]: Response finished #3129: GET /Duluka/v.1.0/State with status 404
2026-10-03T18:36:44.063[D]: Incoming request  #3130: GET /Duluka/v.1.0/State
2026-10-03T18:36:44.065[D]: Response finished #3130: GET /Duluka/v.1.0/State with status 404
2026-10-03T18:36:44.582[D]: Incoming request  #3131: GET /Duluka/v.1.0/State
2026-10-03T18:36:44.590[D]: Response finished #3131: GET /Duluka/v.1.0/State with status 404
2026-10-03T18:36:45.074[D]: Incoming request  #3132: GET /Duluka/v.1.0/State
2026-10-03T18:36:45.074[D]: Response finished #3132: GET /Duluka/v.1.0/State with status 404
2026-10-03T18:36:45.563[D]: Incoming request  #3133: GET /Duluka/v.1.0/State
2026-10-03T18:36:45.563[D]: Response finished #3133: GET /Duluka/v.1.0/State with status 404
2026-10-03T18:36:46.061[D]: Incoming request  #3134: GET /Duluka/v.1.0/State
2026-10-03T18:36:46.062[D]: Response finished #3134: GET /Duluka/v.1.0/State with status 404
2026-10-03T18:36:46.566[D]: Incoming request  #3135: GET /Duluka/v.1.0/State
2026-10-03T18:36:46.567[D]: Response finished #3135: GET /Duluka/v.1.0/State with status 404
2026-10-03T18:36:47.068[D]: Incoming request  #3136: GET /Duluka/v.1.0/State
2026-10-03T18:36:47.069[D]: Response finished #3136: GET /Duluka/v.1.0/State with status 404
2026-10-03T18:36:47.567[D]: Incoming request  #3137: GET /Duluka/v.1.0/State
2026-10-03T18:36:47.568[D]: Response finished #3137: GET /Duluka/v.1.0/State with status 404
2026-10-03T18:36:48.070[D]: Incoming request  #3138: GET /Duluka/v.1.0/State
2026-10-03T18:36:48.071[D]: Response finished #3138: GET /Duluka/v.1.0/State with status 404
2026-10-03T18:36:48.560[D]: Incoming request  #3139: GET /Duluka/v.1.0/State
2026-10-03T18:36:48.561[D]: Response finished #3139: GET /Duluka/v.1.0/State with status 404
2026-10-03T18:36:49.062[D]: Incoming request  #3140: GET /Duluka/v.1.0/State
2026-10-03T18:36:49.063[D]: Response finished #3140: GET /Duluka/v.1.0/State with status 404
2026-10-03T18:36:49.561[D]: Incoming request  #3141: GET /Duluka/v.1.0/State
2026-10-03T18:36:49.562[D]: Response finished #3141: GET /Duluka/v.1.0/State with status 404
2026-10-03T18:36:50.060[D]: Incoming request  #3142: GET /Duluka/v.1.0/State
2026-10-03T18:36:50.061[D]: Response finished #3142: GET /Duluka/v.1.0/State with status 404
2026-10-03T18:36:50.564[D]: Incoming request  #3143: GET /Duluka/v.1.0/State
2026-10-03T18:36:50.565[D]: Response finished #3143: GET /Duluka/v.1.0/State with status 404
2026-10-03T18:36:51.061[D]: Incoming request  #3144: GET /Duluka/v.1.0/State
2026-10-03T18:36:51.063[D]: Response finished #3144: GET /Duluka/v.1.0/State with status 404
2026-10-03T18:36:51.567[D]: Incoming request  #3145: GET /Duluka/v.1.0/State
2026-10-03T18:36:51.572[D]: Response finished #3145: GET /Duluka/v.1.0/State with status 404
2026-10-03T18:36:52.088[D]: Incoming request  #3146: GET /Duluka/v.1.0/State
2026-10-03T18:36:52.113[D]: Response finished #3146: GET /Duluka/v.1.0/State with status 404
2026-10-03T18:36:52.564[D]: Incoming request  #3147: GET /Duluka/v.1.0/State
2026-10-03T18:36:52.567[D]: Response finished #3147: GET /Duluka/v.1.0/State with status 404
2026-10-03T18:36:53.063[D]: Incoming request  #3148: GET /Duluka/v.1.0/State
2026-10-03T18:36:53.067[D]: Response finished #3148: GET /Duluka/v.1.0/State with status 404
2026-10-03T18:36:53.559[D]: Incoming request  #3149: GET /Duluka/v.1.0/State
2026-10-03T18:36:53.561[D]: Response finished #3149: GET /Duluka/v.1.0/State with status 404
2026-10-03T18:36:54.072[D]: Incoming request  #3150: GET /Duluka/v.1.0/State
2026-10-03T18:36:54.083[D]: Response finished #3150: GET /Duluka/v.1.0/State with status 404
2026-10-03T18:36:54.633[D]: Incoming request  #3151: GET /Duluka/v.1.0/State
2026-10-03T18:36:54.655[D]: Response finished #3151: GET /Duluka/v.1.0/State with status 404
2026-10-03T18:36:55.072[D]: Incoming request  #3152: GET /Duluka/v.1.0/State
2026-10-03T18:36:55.073[D]: Response finished #3152: GET /Duluka/v.1.0/State with status 404
2026-10-03T18:36:55.573[D]: Incoming request  #3153: GET /Duluka/v.1.0/State
2026-10-03T18:36:55.573[D]: Response finished #3153: GET /Duluka/v.1.0/State with status 404
2026-10-03T18:36:56.082[D]: Incoming request  #3154: GET /Duluka/v.1.0/State
2026-10-03T18:36:56.097[D]: Response finished #3154: GET /Duluka/v.1.0/State with status 404
2026-10-03T18:36:56.574[D]: Incoming request  #3155: GET /Duluka/v.1.0/State
2026-10-03T18:36:56.575[D]: Response finished #3155: GET /Duluka/v.1.0/State with status 404
2026-10-03T18:36:57.073[D]: Incoming request  #3156: GET /Duluka/v.1.0/State
2026-10-03T18:36:57.075[D]: Response finished #3156: GET /Duluka/v.1.0/State with status 404
2026-10-03T18:36:57.577[D]: Incoming request  #3157: GET /Duluka/v.1.0/State
2026-10-03T18:36:57.579[D]: Response finished #3157: GET /Duluka/v.1.0/State with status 404
2026-10-03T18:36:58.073[D]: Incoming request  #3158: GET /Duluka/v.1.0/State
2026-10-03T18:36:58.075[D]: Response finished #3158: GET /Duluka/v.1.0/State with status 404
2026-10-03T18:36:58.558[D]: Incoming request  #3159: GET /Duluka/v.1.0/State
2026-10-03T18:36:58.559[D]: Response finished #3159: GET /Duluka/v.1.0/State with status 404
2026-10-03T18:36:59.071[D]: Incoming request  #3160: GET /Duluka/v.1.0/State
2026-10-03T18:36:59.071[D]: Response finished #3160: GET /Duluka/v.1.0/State with status 404
2026-10-03T18:36:59.571[D]: Incoming request  #3161: GET /Duluka/v.1.0/State
2026-10-03T18:36:59.573[D]: Response finished #3161: GET /Duluka/v.1.0/State with status 404
2026-10-03T18:37:00.069[D]: Incoming request  #3162: GET /Duluka/v.1.0/State
2026-10-03T18:37:00.070[D]: Response finished #3162: GET /Duluka/v.1.0/State with status 404
2026-10-03T18:37:00.569[D]: Incoming request  #3163: GET /Duluka/v.1.0/State
2026-10-03T18:37:00.571[D]: Response finished #3163: GET /Duluka/v.1.0/State with status 404
2026-10-03T18:37:01.069[D]: Incoming request  #3164: GET /Duluka/v.1.0/State
2026-10-03T18:37:01.069[D]: Response finished #3164: GET /Duluka/v.1.0/State with status 404
2026-10-03T18:37:01.567[D]: Incoming request  #3165: GET /Duluka/v.1.0/State
2026-10-03T18:37:01.568[D]: Response finished #3165: GET /Duluka/v.1.0/State with status 404
2026-10-03T18:37:02.069[D]: Incoming request  #3166: GET /Duluka/v.1.0/State
2026-10-03T18:37:02.073[D]: Response finished #3166: GET /Duluka/v.1.0/State with status 404
2026-10-03T18:37:02.571[D]: Incoming request  #3167: GET /Duluka/v.1.0/State
2026-10-03T18:37:02.573[D]: Response finished #3167: GET /Duluka/v.1.0/State with status 404
2026-10-03T18:37:03.083[D]: Incoming request  #3168: GET /Duluka/v.1.0/State
2026-10-03T18:37:03.084[D]: Response finished #3168: GET /Duluka/v.1.0/State with status 404
2026-10-03T18:37:03.587[D]: Incoming request  #3169: GET /Duluka/v.1.0/State
2026-10-03T18:37:03.613[D]: Response finished #3169: GET /Duluka/v.1.0/State with status 404
2026-10-03T18:37:04.059[D]: Incoming request  #3170: GET /Duluka/v.1.0/State
2026-10-03T18:37:04.061[D]: Response finished #3170: GET /Duluka/v.1.0/State with status 404
2026-10-03T18:37:04.559[D]: Incoming request  #3171: GET /Duluka/v.1.0/State
2026-10-03T18:37:04.560[D]: Response finished #3171: GET /Duluka/v.1.0/State with status 404
2026-10-03T18:37:05.069[D]: Incoming request  #3172: GET /Duluka/v.1.0/State
2026-10-03T18:37:05.070[D]: Response finished #3172: GET /Duluka/v.1.0/State with status 404
2026-10-03T18:37:05.572[D]: Incoming request  #3173: GET /Duluka/v.1.0/State
2026-10-03T18:37:05.574[D]: Response finished #3173: GET /Duluka/v.1.0/State with status 404
2026-10-03T18:37:06.069[D]: Incoming request  #3174: GET /Duluka/v.1.0/State
2026-10-03T18:37:06.095[D]: Response finished #3174: GET /Duluka/v.1.0/State with status 404
2026-10-03T18:37:06.574[D]: Incoming request  #3175: GET /Duluka/v.1.0/State
2026-10-03T18:37:06.577[D]: Response finished #3175: GET /Duluka/v.1.0/State with status 404
2026-10-03T18:37:07.065[D]: Incoming request  #3176: GET /Duluka/v.1.0/State
2026-10-03T18:37:07.066[D]: Response finished #3176: GET /Duluka/v.1.0/State with status 404
2026-10-03T18:37:07.565[D]: Incoming request  #3177: GET /Duluka/v.1.0/State
2026-10-03T18:37:07.567[D]: Response finished #3177: GET /Duluka/v.1.0/State with status 404
2026-10-03T18:37:08.064[D]: Incoming request  #3178: GET /Duluka/v.1.0/State
2026-10-03T18:37:08.065[D]: Response finished #3178: GET /Duluka/v.1.0/State with status 404
2026-10-03T18:37:08.587[D]: Incoming request  #3179: GET /Duluka/v.1.0/State
2026-10-03T18:37:08.598[D]: Response finished #3179: GET /Duluka/v.1.0/State with status 404
2026-10-03T18:37:09.059[D]: Incoming request  #3180: GET /Duluka/v.1.0/State
2026-10-03T18:37:09.061[D]: Response finished #3180: GET /Duluka/v.1.0/State with status 404
2026-10-03T18:37:09.560[D]: Incoming request  #3181: GET /Duluka/v.1.0/State
2026-10-03T18:37:09.561[D]: Response finished #3181: GET /Duluka/v.1.0/State with status 404
2026-10-03T18:37:10.072[D]: Incoming request  #3182: GET /Duluka/v.1.0/State
2026-10-03T18:37:10.074[D]: Response finished #3182: GET /Duluka/v.1.0/State with status 404
2026-10-03T18:37:10.572[D]: Incoming request  #3183: GET /Duluka/v.1.0/State
2026-10-03T18:37:10.574[D]: Response finished #3183: GET /Duluka/v.1.0/State with status 404
2026-10-03T18:37:11.074[D]: Incoming request  #3184: GET /Duluka/v.1.0/State
2026-10-03T18:37:11.075[D]: Response finished #3184: GET /Duluka/v.1.0/State with status 404
2026-10-03T18:37:11.573[D]: Incoming request  #3185: GET /Duluka/v.1.0/State
2026-10-03T18:37:11.584[D]: Response finished #3185: GET /Duluka/v.1.0/State with status 404
2026-10-03T18:37:12.069[D]: Incoming request  #3186: GET /Duluka/v.1.0/State
2026-10-03T18:37:12.069[D]: Response finished #3186: GET /Duluka/v.1.0/State with status 404
2026-10-03T18:37:12.569[D]: Incoming request  #3187: GET /Duluka/v.1.0/State
2026-10-03T18:37:12.570[D]: Response finished #3187: GET /Duluka/v.1.0/State with status 404
2026-10-03T18:37:13.069[D]: Incoming request  #3188: GET /Duluka/v.1.0/State
2026-10-03T18:37:13.070[D]: Response finished #3188: GET /Duluka/v.1.0/State with status 404
2026-10-03T18:37:13.570[D]: Incoming request  #3189: GET /Duluka/v.1.0/State
2026-10-03T18:37:13.571[D]: Response finished #3189: GET /Duluka/v.1.0/State with status 404
2026-10-03T18:37:14.067[D]: Incoming request  #3190: GET /Duluka/v.1.0/State
2026-10-03T18:37:14.068[D]: Response finished #3190: GET /Duluka/v.1.0/State with status 404
2026-10-03T18:37:14.567[D]: Incoming request  #3191: GET /Duluka/v.1.0/State
2026-10-03T18:37:14.568[D]: Response finished #3191: GET /Duluka/v.1.0/State with status 404
2026-10-03T18:37:15.064[D]: Incoming request  #3192: GET /Duluka/v.1.0/State
2026-10-03T18:37:15.065[D]: Response finished #3192: GET /Duluka/v.1.0/State with status 404
2026-10-03T18:37:15.558[D]: Incoming request  #3193: GET /Duluka/v.1.0/State
2026-10-03T18:37:15.560[D]: Response finished #3193: GET /Duluka/v.1.0/State with status 404
2026-10-03T18:37:16.061[D]: Incoming request  #3194: GET /Duluka/v.1.0/State
2026-10-03T18:37:16.062[D]: Response finished #3194: GET /Duluka/v.1.0/State with status 404
2026-10-03T18:37:16.561[D]: Incoming request  #3195: GET /Duluka/v.1.0/State
2026-10-03T18:37:16.562[D]: Response finished #3195: GET /Duluka/v.1.0/State with status 404
2026-10-03T18:37:17.068[D]: Incoming request  #3196: GET /Duluka/v.1.0/State
2026-10-03T18:37:17.072[D]: Response finished #3196: GET /Duluka/v.1.0/State with status 404
2026-10-03T18:37:17.558[D]: Incoming request  #3197: GET /Duluka/v.1.0/State
2026-10-03T18:37:17.559[D]: Response finished #3197: GET /Duluka/v.1.0/State with status 404
2026-10-03T18:37:18.058[D]: Incoming request  #3198: GET /Duluka/v.1.0/State
2026-10-03T18:37:18.061[D]: Response finished #3198: GET /Duluka/v.1.0/State with status 404
2026-10-03T18:37:18.571[D]: Incoming request  #3199: GET /Duluka/v.1.0/State
2026-10-03T18:37:18.571[D]: Response finished #3199: GET /Duluka/v.1.0/State with status 404
2026-10-03T18:37:19.074[D]: Incoming request  #3200: GET /Duluka/v.1.0/State
2026-10-03T18:37:19.075[D]: Response finished #3200: GET /Duluka/v.1.0/State with status 404
2026-10-03T18:37:19.580[D]: Incoming request  #3201: GET /Duluka/v.1.0/State
2026-10-03T18:37:19.584[D]: Response finished #3201: GET /Duluka/v.1.0/State with status 404
2026-10-03T18:37:20.065[D]: Incoming request  #3202: GET /Duluka/v.1.0/State
2026-10-03T18:37:20.067[D]: Response finished #3202: GET /Duluka/v.1.0/State with status 404
2026-10-03T18:37:20.565[D]: Incoming request  #3203: GET /Duluka/v.1.0/State
2026-10-03T18:37:20.565[D]: Response finished #3203: GET /Duluka/v.1.0/State with status 404
2026-10-03T18:37:21.062[D]: Incoming request  #3204: GET /Duluka/v.1.0/State
2026-10-03T18:37:21.063[D]: Response finished #3204: GET /Duluka/v.1.0/State with status 404
2026-10-03T18:37:21.564[D]: Incoming request  #3205: GET /Duluka/v.1.0/State
2026-10-03T18:37:21.564[D]: Response finished #3205: GET /Duluka/v.1.0/State with status 404
2026-10-03T18:37:22.063[D]: Incoming request  #3206: GET /Duluka/v.1.0/State
2026-10-03T18:37:22.065[D]: Response finished #3206: GET /Duluka/v.1.0/State with status 404
2026-10-03T18:37:22.557[D]: Incoming request  #3207: GET /Duluka/v.1.0/State
2026-10-03T18:37:22.558[D]: Response finished #3207: GET /Duluka/v.1.0/State with status 404
2026-10-03T18:37:23.064[D]: Incoming request  #3208: GET /Duluka/v.1.0/State
2026-10-03T18:37:23.064[D]: Response finished #3208: GET /Duluka/v.1.0/State with status 404
2026-10-03T18:37:23.564[D]: Incoming request  #3209: GET /Duluka/v.1.0/State
2026-10-03T18:37:23.565[D]: Response finished #3209: GET /Duluka/v.1.0/State with status 404
2026-10-03T18:37:24.063[D]: Incoming request  #3210: GET /Duluka/v.1.0/State
2026-10-03T18:37:24.064[D]: Response finished #3210: GET /Duluka/v.1.0/State with status 404
2026-10-03T18:37:24.558[D]: Incoming request  #3211: GET /Duluka/v.1.0/State
2026-10-03T18:37:24.559[D]: Response finished #3211: GET /Duluka/v.1.0/State with status 404
2026-10-03T18:37:25.089[D]: Incoming request  #3212: GET /Duluka/v.1.0/State
2026-10-03T18:37:25.092[D]: Response finished #3212: GET /Duluka/v.1.0/State with status 404
2026-10-03T18:37:25.570[D]: Incoming request  #3213: GET /Duluka/v.1.0/State
2026-10-03T18:37:25.571[D]: Response finished #3213: GET /Duluka/v.1.0/State with status 404
2026-10-03T18:37:26.069[D]: Incoming request  #3214: GET /Duluka/v.1.0/State
2026-10-03T18:37:26.072[D]: Response finished #3214: GET /Duluka/v.1.0/State with status 404
2026-10-03T18:37:26.569[D]: Incoming request  #3215: GET /Duluka/v.1.0/State
2026-10-03T18:37:26.571[D]: Response finished #3215: GET /Duluka/v.1.0/State with status 404
2026-10-03T18:37:27.071[D]: Incoming request  #3216: GET /Duluka/v.1.0/State
2026-10-03T18:37:27.072[D]: Response finished #3216: GET /Duluka/v.1.0/State with status 404
2026-10-03T18:37:27.571[D]: Incoming request  #3217: GET /Duluka/v.1.0/State
2026-10-03T18:37:27.571[D]: Response finished #3217: GET /Duluka/v.1.0/State with status 404
2026-10-03T18:37:28.069[D]: Incoming request  #3218: GET /Duluka/v.1.0/State
2026-10-03T18:37:28.069[D]: Response finished #3218: GET /Duluka/v.1.0/State with status 404
2026-10-03T18:37:28.568[D]: Incoming request  #3219: GET /Duluka/v.1.0/State
2026-10-03T18:37:28.568[D]: Response finished #3219: GET /Duluka/v.1.0/State with status 404
2026-10-03T18:37:29.069[D]: Incoming request  #3220: GET /Duluka/v.1.0/State
2026-10-03T18:37:29.070[D]: Response finished #3220: GET /Duluka/v.1.0/State with status 404
2026-10-03T18:37:29.568[D]: Incoming request  #3221: GET /Duluka/v.1.0/State
2026-10-03T18:37:29.568[D]: Response finished #3221: GET /Duluka/v.1.0/State with status 404
2026-10-03T18:37:30.066[D]: Incoming request  #3222: GET /Duluka/v.1.0/State
2026-10-03T18:37:30.068[D]: Response finished #3222: GET /Duluka/v.1.0/State with status 404
2026-10-03T18:37:30.567[D]: Incoming request  #3223: GET /Duluka/v.1.0/State
2026-10-03T18:37:30.568[D]: Response finished #3223: GET /Duluka/v.1.0/State with status 404
2026-10-03T18:37:31.068[D]: Incoming request  #3224: GET /Duluka/v.1.0/State
2026-10-03T18:37:31.069[D]: Response finished #3224: GET /Duluka/v.1.0/State with status 404
2026-10-03T18:37:31.563[D]: Incoming request  #3225: GET /Duluka/v.1.0/State
2026-10-03T18:37:31.565[D]: Response finished #3225: GET /Duluka/v.1.0/State with status 404
2026-10-03T18:37:32.059[D]: Incoming request  #3226: GET /Duluka/v.1.0/State
2026-10-03T18:37:32.059[D]: Response finished #3226: GET /Duluka/v.1.0/State with status 404
2026-10-03T18:37:32.596[D]: Incoming request  #3227: GET /Duluka/v.1.0/State
2026-10-03T18:37:32.597[D]: Response finished #3227: GET /Duluka/v.1.0/State with status 404
2026-10-03T18:37:33.069[D]: Incoming request  #3228: GET /Duluka/v.1.0/State
2026-10-03T18:37:33.071[D]: Response finished #3228: GET /Duluka/v.1.0/State with status 404
2026-10-03T18:37:33.569[D]: Incoming request  #3229: GET /Duluka/v.1.0/State
2026-10-03T18:37:33.570[D]: Response finished #3229: GET /Duluka/v.1.0/State with status 404
2026-10-03T18:37:34.086[D]: Incoming request  #3230: GET /Duluka/v.1.0/State
2026-10-03T18:37:34.095[D]: Response finished #3230: GET /Duluka/v.1.0/State with status 404
2026-10-03T18:37:34.568[D]: Incoming request  #3231: GET /Duluka/v.1.0/State
2026-10-03T18:37:34.569[D]: Response finished #3231: GET /Duluka/v.1.0/State with status 404
2026-10-03T18:37:35.071[D]: Incoming request  #3232: GET /Duluka/v.1.0/State
2026-10-03T18:37:35.072[D]: Response finished #3232: GET /Duluka/v.1.0/State with status 404
2026-10-03T18:37:35.558[D]: Incoming request  #3233: GET /Duluka/v.1.0/State
2026-10-03T18:37:35.560[D]: Response finished #3233: GET /Duluka/v.1.0/State with status 404
2026-10-03T18:37:36.071[D]: Incoming request  #3234: GET /Duluka/v.1.0/State
2026-10-03T18:37:36.074[D]: Response finished #3234: GET /Duluka/v.1.0/State with status 404
2026-10-03T18:37:36.558[D]: Incoming request  #3235: GET /Duluka/v.1.0/State
2026-10-03T18:37:36.559[D]: Response finished #3235: GET /Duluka/v.1.0/State with status 404
2026-10-03T18:37:37.058[D]: Incoming request  #3236: GET /Duluka/v.1.0/State
2026-10-03T18:37:37.060[D]: Response finished #3236: GET /Duluka/v.1.0/State with status 404
2026-10-03T18:37:37.559[D]: Incoming request  #3237: GET /Duluka/v.1.0/State
2026-10-03T18:37:37.559[D]: Response finished #3237: GET /Duluka/v.1.0/State with status 404
2026-10-03T18:37:38.064[D]: Incoming request  #3238: GET /Duluka/v.1.0/State
2026-10-03T18:37:38.064[D]: Response finished #3238: GET /Duluka/v.1.0/State with status 404
2026-10-03T18:37:38.566[D]: Incoming request  #3239: GET /Duluka/v.1.0/State
2026-10-03T18:37:38.566[D]: Response finished #3239: GET /Duluka/v.1.0/State with status 404
2026-10-03T18:37:39.065[D]: Incoming request  #3240: GET /Duluka/v.1.0/State
2026-10-03T18:37:39.066[D]: Response finished #3240: GET /Duluka/v.1.0/State with status 404
2026-10-03T18:37:39.572[D]: Incoming request  #3241: GET /Duluka/v.1.0/State
2026-10-03T18:37:39.574[D]: Response finished #3241: GET /Duluka/v.1.0/State with status 404
2026-10-03T18:37:40.060[D]: Incoming request  #3242: GET /Duluka/v.1.0/State
2026-10-03T18:37:40.060[D]: Response finished #3242: GET /Duluka/v.1.0/State with status 404
2026-10-03T18:37:40.566[D]: Incoming request  #3243: GET /Duluka/v.1.0/State
2026-10-03T18:37:40.567[D]: Response finished #3243: GET /Duluka/v.1.0/State with status 404
2026-10-03T18:37:41.066[D]: Incoming request  #3244: GET /Duluka/v.1.0/State
2026-10-03T18:37:41.067[D]: Response finished #3244: GET /Duluka/v.1.0/State with status 404
2026-10-03T18:37:41.566[D]: Incoming request  #3245: GET /Duluka/v.1.0/State
2026-10-03T18:37:41.567[D]: Response finished #3245: GET /Duluka/v.1.0/State with status 404
2026-10-03T18:37:42.067[D]: Incoming request  #3246: GET /Duluka/v.1.0/State
2026-10-03T18:37:42.067[D]: Response finished #3246: GET /Duluka/v.1.0/State with status 404
2026-10-03T18:37:42.565[D]: Incoming request  #3247: GET /Duluka/v.1.0/State
2026-10-03T18:37:42.565[D]: Response finished #3247: GET /Duluka/v.1.0/State with status 404
2026-10-03T18:37:43.066[D]: Incoming request  #3248: GET /Duluka/v.1.0/State
2026-10-03T18:37:43.067[D]: Response finished #3248: GET /Duluka/v.1.0/State with status 404
2026-10-03T18:37:43.578[D]: Incoming request  #3249: GET /Duluka/v.1.0/State
2026-10-03T18:37:43.579[D]: Response finished #3249: GET /Duluka/v.1.0/State with status 404
2026-10-03T18:37:44.071[D]: Incoming request  #3250: GET /Duluka/v.1.0/State
2026-10-03T18:37:44.071[D]: Response finished #3250: GET /Duluka/v.1.0/State with status 404
2026-10-03T18:37:44.558[D]: Incoming request  #3251: GET /Duluka/v.1.0/State
2026-10-03T18:37:44.560[D]: Response finished #3251: GET /Duluka/v.1.0/State with status 404
2026-10-03T18:37:45.059[D]: Incoming request  #3252: GET /Duluka/v.1.0/State
2026-10-03T18:37:45.059[D]: Response finished #3252: GET /Duluka/v.1.0/State with status 404
2026-10-03T18:37:45.565[D]: Incoming request  #3253: GET /Duluka/v.1.0/State
2026-10-03T18:37:45.565[D]: Response finished #3253: GET /Duluka/v.1.0/State with status 404
2026-10-03T18:37:46.069[D]: Incoming request  #3254: GET /Duluka/v.1.0/State
2026-10-03T18:37:46.070[D]: Response finished #3254: GET /Duluka/v.1.0/State with status 404
2026-10-03T18:37:46.568[D]: Incoming request  #3255: GET /Duluka/v.1.0/State
2026-10-03T18:37:46.569[D]: Response finished #3255: GET /Duluka/v.1.0/State with status 404
2026-10-03T18:37:47.067[D]: Incoming request  #3256: GET /Duluka/v.1.0/State
2026-10-03T18:37:47.068[D]: Response finished #3256: GET /Duluka/v.1.0/State with status 404
2026-10-03T18:37:47.569[D]: Incoming request  #3257: GET /Duluka/v.1.0/State
2026-10-03T18:37:47.570[D]: Response finished #3257: GET /Duluka/v.1.0/State with status 404
2026-10-03T18:37:48.071[D]: Incoming request  #3258: GET /Duluka/v.1.0/State
2026-10-03T18:37:48.071[D]: Response finished #3258: GET /Duluka/v.1.0/State with status 404
2026-10-03T18:37:48.569[D]: Incoming request  #3259: GET /Duluka/v.1.0/State
2026-10-03T18:37:48.570[D]: Response finished #3259: GET /Duluka/v.1.0/State with status 404
2026-10-03T18:37:49.071[D]: Incoming request  #3260: GET /Duluka/v.1.0/State
2026-10-03T18:37:49.072[D]: Response finished #3260: GET /Duluka/v.1.0/State with status 404
2026-10-03T18:37:49.571[D]: Incoming request  #3261: GET /Duluka/v.1.0/State
2026-10-03T18:37:49.573[D]: Response finished #3261: GET /Duluka/v.1.0/State with status 404
2026-10-03T18:37:50.068[D]: Incoming request  #3262: GET /Duluka/v.1.0/State
2026-10-03T18:37:50.069[D]: Response finished #3262: GET /Duluka/v.1.0/State with status 404
2026-10-03T18:37:50.568[D]: Incoming request  #3263: GET /Duluka/v.1.0/State
2026-10-03T18:37:50.569[D]: Response finished #3263: GET /Duluka/v.1.0/State with status 404
2026-10-03T18:37:51.066[D]: Incoming request  #3264: GET /Duluka/v.1.0/State
2026-10-03T18:37:51.067[D]: Response finished #3264: GET /Duluka/v.1.0/State with status 404
2026-10-03T18:37:51.565[D]: Incoming request  #3265: GET /Duluka/v.1.0/State
2026-10-03T18:37:51.567[D]: Response finished #3265: GET /Duluka/v.1.0/State with status 404
2026-10-03T18:37:52.065[D]: Incoming request  #3266: GET /Duluka/v.1.0/State
2026-10-03T18:37:52.067[D]: Response finished #3266: GET /Duluka/v.1.0/State with status 404
2026-10-03T18:37:52.565[D]: Incoming request  #3267: GET /Duluka/v.1.0/State
2026-10-03T18:37:52.566[D]: Response finished #3267: GET /Duluka/v.1.0/State with status 404
2026-10-03T18:37:53.069[D]: Incoming request  #3268: GET /Duluka/v.1.0/State
2026-10-03T18:37:53.071[D]: Response finished #3268: GET /Duluka/v.1.0/State with status 404
2026-10-03T18:37:53.559[D]: Incoming request  #3269: GET /Duluka/v.1.0/State
2026-10-03T18:37:53.559[D]: Response finished #3269: GET /Duluka/v.1.0/State with status 404
2026-10-03T18:37:54.058[D]: Incoming request  #3270: GET /Duluka/v.1.0/State
2026-10-03T18:37:54.059[D]: Response finished #3270: GET /Duluka/v.1.0/State with status 404
2026-10-03T18:37:54.564[D]: Incoming request  #3271: GET /Duluka/v.1.0/State
2026-10-03T18:37:54.564[D]: Response finished #3271: GET /Duluka/v.1.0/State with status 404
2026-10-03T18:37:55.063[D]: Incoming request  #3272: GET /Duluka/v.1.0/State
2026-10-03T18:37:55.063[D]: Response finished #3272: GET /Duluka/v.1.0/State with status 404
2026-10-03T18:37:55.565[D]: Incoming request  #3273: GET /Duluka/v.1.0/State
2026-10-03T18:37:55.565[D]: Response finished #3273: GET /Duluka/v.1.0/State with status 404
2026-10-03T18:37:56.065[D]: Incoming request  #3274: GET /Duluka/v.1.0/State
2026-10-03T18:37:56.067[D]: Response finished #3274: GET /Duluka/v.1.0/State with status 404
2026-10-03T18:37:56.563[D]: Incoming request  #3275: GET /Duluka/v.1.0/State
2026-10-03T18:37:56.564[D]: Response finished #3275: GET /Duluka/v.1.0/State with status 404
2026-10-03T18:37:57.064[D]: Incoming request  #3276: GET /Duluka/v.1.0/State
2026-10-03T18:37:57.064[D]: Response finished #3276: GET /Duluka/v.1.0/State with status 404
2026-10-03T18:37:57.561[D]: Incoming request  #3277: GET /Duluka/v.1.0/State
2026-10-03T18:37:57.562[D]: Response finished #3277: GET /Duluka/v.1.0/State with status 404
2026-10-03T18:37:58.064[D]: Incoming request  #3278: GET /Duluka/v.1.0/State
2026-10-03T18:37:58.065[D]: Response finished #3278: GET /Duluka/v.1.0/State with status 404
2026-10-03T18:37:58.575[D]: Incoming request  #3279: GET /Duluka/v.1.0/State
2026-10-03T18:37:58.577[D]: Response finished #3279: GET /Duluka/v.1.0/State with status 404
2026-10-03T18:37:59.063[D]: Incoming request  #3280: GET /Duluka/v.1.0/State
2026-10-03T18:37:59.065[D]: Response finished #3280: GET /Duluka/v.1.0/State with status 404
2026-10-03T18:37:59.559[D]: Incoming request  #3281: GET /Duluka/v.1.0/State
2026-10-03T18:37:59.559[D]: Response finished #3281: GET /Duluka/v.1.0/State with status 404
2026-10-03T18:38:00.065[D]: Incoming request  #3282: GET /Duluka/v.1.0/State
2026-10-03T18:38:00.066[D]: Response finished #3282: GET /Duluka/v.1.0/State with status 404
2026-10-03T18:38:00.559[D]: Incoming request  #3283: GET /Duluka/v.1.0/State
2026-10-03T18:38:00.559[D]: Response finished #3283: GET /Duluka/v.1.0/State with status 404
2026-10-03T18:38:01.058[D]: Incoming request  #3284: GET /Duluka/v.1.0/State
2026-10-03T18:38:01.060[D]: Response finished #3284: GET /Duluka/v.1.0/State with status 404
2026-10-03T18:38:01.559[D]: Incoming request  #3285: GET /Duluka/v.1.0/State
2026-10-03T18:38:01.559[D]: Response finished #3285: GET /Duluka/v.1.0/State with status 404
2026-10-03T18:38:02.064[D]: Incoming request  #3286: GET /Duluka/v.1.0/State
2026-10-03T18:38:02.065[D]: Response finished #3286: GET /Duluka/v.1.0/State with status 404
2026-10-03T18:38:02.563[D]: Incoming request  #3287: GET /Duluka/v.1.0/State
2026-10-03T18:38:02.564[D]: Response finished #3287: GET /Duluka/v.1.0/State with status 404
2026-10-03T18:38:03.064[D]: Incoming request  #3288: GET /Duluka/v.1.0/State
2026-10-03T18:38:03.065[D]: Response finished #3288: GET /Duluka/v.1.0/State with status 404
2026-10-03T18:38:03.564[D]: Incoming request  #3289: GET /Duluka/v.1.0/State
2026-10-03T18:38:03.566[D]: Response finished #3289: GET /Duluka/v.1.0/State with status 404
2026-10-03T18:38:04.066[D]: Incoming request  #3290: GET /Duluka/v.1.0/State
2026-10-03T18:38:04.066[D]: Response finished #3290: GET /Duluka/v.1.0/State with status 404
2026-10-03T18:38:04.565[D]: Incoming request  #3291: GET /Duluka/v.1.0/State
2026-10-03T18:38:04.567[D]: Response finished #3291: GET /Duluka/v.1.0/State with status 404
2026-10-03T18:38:05.066[D]: Incoming request  #3292: GET /Duluka/v.1.0/State
2026-10-03T18:38:05.066[D]: Response finished #3292: GET /Duluka/v.1.0/State with status 404
2026-10-03T18:38:05.568[D]: Incoming request  #3293: GET /Duluka/v.1.0/State
2026-10-03T18:38:05.569[D]: Response finished #3293: GET /Duluka/v.1.0/State with status 404
2026-10-03T18:38:06.065[D]: Incoming request  #3294: GET /Duluka/v.1.0/State
2026-10-03T18:38:06.065[D]: Response finished #3294: GET /Duluka/v.1.0/State with status 404
2026-10-03T18:38:06.566[D]: Incoming request  #3295: GET /Duluka/v.1.0/State
2026-10-03T18:38:06.568[D]: Response finished #3295: GET /Duluka/v.1.0/State with status 404
2026-10-03T18:38:07.070[D]: Incoming request  #3296: GET /Duluka/v.1.0/State
2026-10-03T18:38:07.071[D]: Response finished #3296: GET /Duluka/v.1.0/State with status 404
2026-10-03T18:38:07.560[D]: Incoming request  #3297: GET /Duluka/v.1.0/State
2026-10-03T18:38:07.562[D]: Response finished #3297: GET /Duluka/v.1.0/State with status 404
2026-10-03T18:38:08.078[D]: Incoming request  #3298: GET /Duluka/v.1.0/State
2026-10-03T18:38:08.080[D]: Response finished #3298: GET /Duluka/v.1.0/State with status 404
2026-10-03T18:38:08.556[D]: Incoming request  #3299: GET /Duluka/v.1.0/State
2026-10-03T18:38:08.557[D]: Response finished #3299: GET /Duluka/v.1.0/State with status 404
2026-10-03T18:38:09.061[D]: Incoming request  #3300: GET /Duluka/v.1.0/State
2026-10-03T18:38:09.062[D]: Response finished #3300: GET /Duluka/v.1.0/State with status 404
2026-10-03T18:38:09.574[D]: Incoming request  #3301: GET /Duluka/v.1.0/State
2026-10-03T18:38:09.575[D]: Response finished #3301: GET /Duluka/v.1.0/State with status 404
2026-10-03T18:38:10.061[D]: Incoming request  #3302: GET /Duluka/v.1.0/State
2026-10-03T18:38:10.062[D]: Response finished #3302: GET /Duluka/v.1.0/State with status 404
2026-10-03T18:38:10.565[D]: Incoming request  #3303: GET /Duluka/v.1.0/State
2026-10-03T18:38:10.567[D]: Response finished #3303: GET /Duluka/v.1.0/State with status 404
2026-10-03T18:38:11.064[D]: Incoming request  #3304: GET /Duluka/v.1.0/State
2026-10-03T18:38:11.064[D]: Response finished #3304: GET /Duluka/v.1.0/State with status 404
2026-10-03T18:38:11.567[D]: Incoming request  #3305: GET /Duluka/v.1.0/State
2026-10-03T18:38:11.567[D]: Response finished #3305: GET /Duluka/v.1.0/State with status 404
2026-10-03T18:38:12.066[D]: Incoming request  #3306: GET /Duluka/v.1.0/State
2026-10-03T18:38:12.068[D]: Response finished #3306: GET /Duluka/v.1.0/State with status 404
2026-10-03T18:38:12.567[D]: Incoming request  #3307: GET /Duluka/v.1.0/State
2026-10-03T18:38:12.568[D]: Response finished #3307: GET /Duluka/v.1.0/State with status 404
2026-10-03T18:38:13.066[D]: Incoming request  #3308: GET /Duluka/v.1.0/State
2026-10-03T18:38:13.066[D]: Response finished #3308: GET /Duluka/v.1.0/State with status 404
2026-10-03T18:38:13.565[D]: Incoming request  #3309: GET /Duluka/v.1.0/State
2026-10-03T18:38:13.567[D]: Response finished #3309: GET /Duluka/v.1.0/State with status 404
2026-10-03T18:38:14.063[D]: Incoming request  #3310: GET /Duluka/v.1.0/State
2026-10-03T18:38:14.063[D]: Response finished #3310: GET /Duluka/v.1.0/State with status 404
2026-10-03T18:38:14.564[D]: Incoming request  #3311: GET /Duluka/v.1.0/State
2026-10-03T18:38:14.565[D]: Response finished #3311: GET /Duluka/v.1.0/State with status 404
2026-10-03T18:38:15.062[D]: Incoming request  #3312: GET /Duluka/v.1.0/State
2026-10-03T18:38:15.062[D]: Response finished #3312: GET /Duluka/v.1.0/State with status 404
2026-10-03T18:38:15.566[D]: Incoming request  #3313: GET /Duluka/v.1.0/State
2026-10-03T18:38:15.567[D]: Response finished #3313: GET /Duluka/v.1.0/State with status 404
2026-10-03T18:38:16.063[D]: Incoming request  #3314: GET /Duluka/v.1.0/State
2026-10-03T18:38:16.063[D]: Response finished #3314: GET /Duluka/v.1.0/State with status 404
2026-10-03T18:38:16.564[D]: Incoming request  #3315: GET /Duluka/v.1.0/State
2026-10-03T18:38:16.565[D]: Response finished #3315: GET /Duluka/v.1.0/State with status 404
2026-10-03T18:38:17.062[D]: Incoming request  #3316: GET /Duluka/v.1.0/State
2026-10-03T18:38:17.063[D]: Response finished #3316: GET /Duluka/v.1.0/State with status 404
2026-10-03T18:38:17.562[D]: Incoming request  #3317: GET /Duluka/v.1.0/State
2026-10-03T18:38:17.563[D]: Response finished #3317: GET /Duluka/v.1.0/State with status 404
2026-10-03T18:38:18.064[D]: Incoming request  #3318: GET /Duluka/v.1.0/State
2026-10-03T18:38:18.065[D]: Response finished #3318: GET /Duluka/v.1.0/State with status 404
2026-10-03T18:38:18.565[D]: Incoming request  #3319: GET /Duluka/v.1.0/State
2026-10-03T18:38:18.565[D]: Response finished #3319: GET /Duluka/v.1.0/State with status 404
2026-10-03T18:38:19.063[D]: Incoming request  #3320: GET /Duluka/v.1.0/State
2026-10-03T18:38:19.063[D]: Response finished #3320: GET /Duluka/v.1.0/State with status 404
2026-10-03T18:38:19.563[D]: Incoming request  #3321: GET /Duluka/v.1.0/State
2026-10-03T18:38:19.564[D]: Response finished #3321: GET /Duluka/v.1.0/State with status 404
2026-10-03T18:38:20.063[D]: Incoming request  #3322: GET /Duluka/v.1.0/State
2026-10-03T18:38:20.064[D]: Response finished #3322: GET /Duluka/v.1.0/State with status 404
2026-10-03T18:38:20.558[D]: Incoming request  #3323: GET /Duluka/v.1.0/State
2026-10-03T18:38:20.559[D]: Response finished #3323: GET /Duluka/v.1.0/State with status 404
2026-10-03T18:38:21.063[D]: Incoming request  #3324: GET /Duluka/v.1.0/State
2026-10-03T18:38:21.063[D]: Response finished #3324: GET /Duluka/v.1.0/State with status 404
2026-10-03T18:38:21.564[D]: Incoming request  #3325: GET /Duluka/v.1.0/State
2026-10-03T18:38:21.565[D]: Response finished #3325: GET /Duluka/v.1.0/State with status 404
2026-10-03T18:38:22.063[D]: Incoming request  #3326: GET /Duluka/v.1.0/State
2026-10-03T18:38:22.063[D]: Response finished #3326: GET /Duluka/v.1.0/State with status 404
2026-10-03T18:38:22.564[D]: Incoming request  #3327: GET /Duluka/v.1.0/State
2026-10-03T18:38:22.564[D]: Response finished #3327: GET /Duluka/v.1.0/State with status 404
2026-10-03T18:38:23.065[D]: Incoming request  #3328: GET /Duluka/v.1.0/State
2026-10-03T18:38:23.065[D]: Response finished #3328: GET /Duluka/v.1.0/State with status 404
2026-10-03T18:38:23.564[D]: Incoming request  #3329: GET /Duluka/v.1.0/State
2026-10-03T18:38:23.565[D]: Response finished #3329: GET /Duluka/v.1.0/State with status 404
2026-10-03T18:38:24.063[D]: Incoming request  #3330: GET /Duluka/v.1.0/State
2026-10-03T18:38:24.063[D]: Response finished #3330: GET /Duluka/v.1.0/State with status 404
2026-10-03T18:38:24.565[D]: Incoming request  #3331: GET /Duluka/v.1.0/State
2026-10-03T18:38:24.565[D]: Response finished #3331: GET /Duluka/v.1.0/State with status 404
2026-10-03T18:38:25.062[D]: Incoming request  #3332: GET /Duluka/v.1.0/State
2026-10-03T18:38:25.062[D]: Response finished #3332: GET /Duluka/v.1.0/State with status 404
2026-10-03T18:38:25.561[D]: Incoming request  #3333: GET /Duluka/v.1.0/State
2026-10-03T18:38:25.562[D]: Response finished #3333: GET /Duluka/v.1.0/State with status 404
2026-10-03T18:38:26.058[D]: Incoming request  #3334: GET /Duluka/v.1.0/State
2026-10-03T18:38:26.059[D]: Response finished #3334: GET /Duluka/v.1.0/State with status 404
2026-10-03T18:38:26.562[D]: Incoming request  #3335: GET /Duluka/v.1.0/State
2026-10-03T18:38:26.563[D]: Response finished #3335: GET /Duluka/v.1.0/State with status 404
2026-10-03T18:38:27.062[D]: Incoming request  #3336: GET /Duluka/v.1.0/State
2026-10-03T18:38:27.063[D]: Response finished #3336: GET /Duluka/v.1.0/State with status 404
2026-10-03T18:38:27.562[D]: Incoming request  #3337: GET /Duluka/v.1.0/State
2026-10-03T18:38:27.563[D]: Response finished #3337: GET /Duluka/v.1.0/State with status 404
2026-10-03T18:38:28.059[D]: Incoming request  #3338: GET /Duluka/v.1.0/State
2026-10-03T18:38:28.060[D]: Response finished #3338: GET /Duluka/v.1.0/State with status 404
2026-10-03T18:38:28.570[D]: Incoming request  #3339: GET /Duluka/v.1.0/State
2026-10-03T18:38:28.571[D]: Response finished #3339: GET /Duluka/v.1.0/State with status 404
2026-10-03T18:38:29.068[D]: Incoming request  #3340: GET /Duluka/v.1.0/State
2026-10-03T18:38:29.069[D]: Response finished #3340: GET /Duluka/v.1.0/State with status 404
2026-10-03T18:38:29.565[D]: Incoming request  #3341: GET /Duluka/v.1.0/State
2026-10-03T18:38:29.565[D]: Response finished #3341: GET /Duluka/v.1.0/State with status 404
2026-10-03T18:38:30.079[D]: Incoming request  #3342: GET /Duluka/v.1.0/State
2026-10-03T18:38:30.082[D]: Response finished #3342: GET /Duluka/v.1.0/State with status 404
2026-10-03T18:38:30.572[D]: Incoming request  #3343: GET /Duluka/v.1.0/State
2026-10-03T18:38:30.573[D]: Response finished #3343: GET /Duluka/v.1.0/State with status 404
2026-10-03T18:38:31.057[D]: Incoming request  #3344: GET /Duluka/v.1.0/State
2026-10-03T18:38:31.057[D]: Response finished #3344: GET /Duluka/v.1.0/State with status 404
2026-10-03T18:38:31.560[D]: Incoming request  #3345: GET /Duluka/v.1.0/State
2026-10-03T18:38:31.561[D]: Response finished #3345: GET /Duluka/v.1.0/State with status 404
2026-10-03T18:38:32.063[D]: Incoming request  #3346: GET /Duluka/v.1.0/State
2026-10-03T18:38:32.064[D]: Response finished #3346: GET /Duluka/v.1.0/State with status 404
2026-10-03T18:38:32.568[D]: Incoming request  #3347: GET /Duluka/v.1.0/State
2026-10-03T18:38:32.568[D]: Response finished #3347: GET /Duluka/v.1.0/State with status 404
2026-10-03T18:38:33.070[D]: Incoming request  #3348: GET /Duluka/v.1.0/State
2026-10-03T18:38:33.070[D]: Response finished #3348: GET /Duluka/v.1.0/State with status 404
2026-10-03T18:38:33.572[D]: Incoming request  #3349: GET /Duluka/v.1.0/State
2026-10-03T18:38:33.573[D]: Response finished #3349: GET /Duluka/v.1.0/State with status 404
2026-10-03T18:38:34.058[D]: Incoming request  #3350: GET /Duluka/v.1.0/State
2026-10-03T18:38:34.059[D]: Response finished #3350: GET /Duluka/v.1.0/State with status 404
2026-10-03T18:38:34.561[D]: Incoming request  #3351: GET /Duluka/v.1.0/State
2026-10-03T18:38:34.562[D]: Response finished #3351: GET /Duluka/v.1.0/State with status 404
2026-10-03T18:38:35.066[D]: Incoming request  #3352: GET /Duluka/v.1.0/State
2026-10-03T18:38:35.066[D]: Response finished #3352: GET /Duluka/v.1.0/State with status 404
2026-10-03T18:38:35.564[D]: Incoming request  #3353: GET /Duluka/v.1.0/State
2026-10-03T18:38:35.564[D]: Response finished #3353: GET /Duluka/v.1.0/State with status 404
2026-10-03T18:38:36.065[D]: Incoming request  #3354: GET /Duluka/v.1.0/State
2026-10-03T18:38:36.065[D]: Response finished #3354: GET /Duluka/v.1.0/State with status 404
2026-10-03T18:38:36.564[D]: Incoming request  #3355: GET /Duluka/v.1.0/State
2026-10-03T18:38:36.565[D]: Response finished #3355: GET /Duluka/v.1.0/State with status 404
2026-10-03T18:38:37.066[D]: Incoming request  #3356: GET /Duluka/v.1.0/State
2026-10-03T18:38:37.067[D]: Response finished #3356: GET /Duluka/v.1.0/State with status 404
2026-10-03T18:38:37.561[D]: Incoming request  #3357: GET /Duluka/v.1.0/State
2026-10-03T18:38:37.562[D]: Response finished #3357: GET /Duluka/v.1.0/State with status 404
2026-10-03T18:38:38.063[D]: Incoming request  #3358: GET /Duluka/v.1.0/State
2026-10-03T18:38:38.064[D]: Response finished #3358: GET /Duluka/v.1.0/State with status 404
2026-10-03T18:38:38.566[D]: Incoming request  #3359: GET /Duluka/v.1.0/State
2026-10-03T18:38:38.566[D]: Response finished #3359: GET /Duluka/v.1.0/State with status 404
2026-10-03T18:38:39.064[D]: Incoming request  #3360: GET /Duluka/v.1.0/State
2026-10-03T18:38:39.065[D]: Response finished #3360: GET /Duluka/v.1.0/State with status 404
2026-10-03T18:38:39.560[D]: Incoming request  #3361: GET /Duluka/v.1.0/State
2026-10-03T18:38:39.562[D]: Response finished #3361: GET /Duluka/v.1.0/State with status 404
2026-10-03T18:38:40.059[D]: Incoming request  #3362: GET /Duluka/v.1.0/State
2026-10-03T18:38:40.059[D]: Response finished #3362: GET /Duluka/v.1.0/State with status 404
2026-10-03T18:38:40.560[D]: Incoming request  #3363: GET /Duluka/v.1.0/State
2026-10-03T18:38:40.561[D]: Response finished #3363: GET /Duluka/v.1.0/State with status 404
2026-10-03T18:38:41.058[D]: Incoming request  #3364: GET /Duluka/v.1.0/State
2026-10-03T18:38:41.059[D]: Response finished #3364: GET /Duluka/v.1.0/State with status 404
2026-10-03T18:38:41.567[D]: Incoming request  #3365: GET /Duluka/v.1.0/State
2026-10-03T18:38:41.570[D]: Response finished #3365: GET /Duluka/v.1.0/State with status 404
2026-10-03T18:38:42.059[D]: Incoming request  #3366: GET /Duluka/v.1.0/State
2026-10-03T18:38:42.059[D]: Response finished #3366: GET /Duluka/v.1.0/State with status 404
2026-10-03T18:38:42.563[D]: Incoming request  #3367: GET /Duluka/v.1.0/State
2026-10-03T18:38:42.565[D]: Response finished #3367: GET /Duluka/v.1.0/State with status 404
2026-10-03T18:38:43.058[D]: Incoming request  #3368: GET /Duluka/v.1.0/State
2026-10-03T18:38:43.059[D]: Response finished #3368: GET /Duluka/v.1.0/State with status 404
2026-10-03T18:38:43.559[D]: Incoming request  #3369: GET /Duluka/v.1.0/State
2026-10-03T18:38:43.560[D]: Response finished #3369: GET /Duluka/v.1.0/State with status 404
2026-10-03T18:38:44.057[D]: Incoming request  #3370: GET /Duluka/v.1.0/State
2026-10-03T18:38:44.058[D]: Response finished #3370: GET /Duluka/v.1.0/State with status 404
2026-10-03T18:38:44.560[D]: Incoming request  #3371: GET /Duluka/v.1.0/State
2026-10-03T18:38:44.560[D]: Response finished #3371: GET /Duluka/v.1.0/State with status 404
2026-10-03T18:38:45.058[D]: Incoming request  #3372: GET /Duluka/v.1.0/State
2026-10-03T18:38:45.059[D]: Response finished #3372: GET /Duluka/v.1.0/State with status 404
2026-10-03T18:38:45.559[D]: Incoming request  #3373: GET /Duluka/v.1.0/State
2026-10-03T18:38:45.560[D]: Response finished #3373: GET /Duluka/v.1.0/State with status 404
2026-10-03T18:38:46.072[D]: Incoming request  #3374: GET /Duluka/v.1.0/State
2026-10-03T18:38:46.073[D]: Response finished #3374: GET /Duluka/v.1.0/State with status 404
2026-10-03T18:38:46.559[D]: Incoming request  #3375: GET /Duluka/v.1.0/State
2026-10-03T18:38:46.560[D]: Response finished #3375: GET /Duluka/v.1.0/State with status 404
2026-10-03T18:38:47.058[D]: Incoming request  #3376: GET /Duluka/v.1.0/State
2026-10-03T18:38:47.058[D]: Response finished #3376: GET /Duluka/v.1.0/State with status 404
2026-10-03T18:38:47.574[D]: Incoming request  #3377: GET /Duluka/v.1.0/State
2026-10-03T18:38:47.575[D]: Response finished #3377: GET /Duluka/v.1.0/State with status 404
2026-10-03T18:38:48.057[D]: Incoming request  #3378: GET /Duluka/v.1.0/State
2026-10-03T18:38:48.057[D]: Response finished #3378: GET /Duluka/v.1.0/State with status 404
2026-10-03T18:38:48.559[D]: Incoming request  #3379: GET /Duluka/v.1.0/State
2026-10-03T18:38:48.559[D]: Response finished #3379: GET /Duluka/v.1.0/State with status 404
2026-10-03T18:38:49.058[D]: Incoming request  #3380: GET /Duluka/v.1.0/State
2026-10-03T18:38:49.059[D]: Response finished #3380: GET /Duluka/v.1.0/State with status 404
2026-10-03T18:38:49.558[D]: Incoming request  #3381: GET /Duluka/v.1.0/State
2026-10-03T18:38:49.558[D]: Response finished #3381: GET /Duluka/v.1.0/State with status 404
2026-10-03T18:38:50.061[D]: Incoming request  #3382: GET /Duluka/v.1.0/State
2026-10-03T18:38:50.062[D]: Response finished #3382: GET /Duluka/v.1.0/State with status 404
2026-10-03T18:38:50.572[D]: Incoming request  #3383: GET /Duluka/v.1.0/State
2026-10-03T18:38:50.574[D]: Response finished #3383: GET /Duluka/v.1.0/State with status 404
2026-10-03T18:38:51.070[D]: Incoming request  #3384: GET /Duluka/v.1.0/State
2026-10-03T18:38:51.072[D]: Response finished #3384: GET /Duluka/v.1.0/State with status 404
2026-10-03T18:38:51.569[D]: Incoming request  #3385: GET /Duluka/v.1.0/State
2026-10-03T18:38:51.570[D]: Response finished #3385: GET /Duluka/v.1.0/State with status 404
2026-10-03T18:38:52.067[D]: Incoming request  #3386: GET /Duluka/v.1.0/State
2026-10-03T18:38:52.068[D]: Response finished #3386: GET /Duluka/v.1.0/State with status 404
2026-10-03T18:38:52.572[D]: Incoming request  #3387: GET /Duluka/v.1.0/State
2026-10-03T18:38:52.574[D]: Response finished #3387: GET /Duluka/v.1.0/State with status 404
2026-10-03T18:38:53.055[D]: Incoming request  #3388: GET /Duluka/v.1.0/State
2026-10-03T18:38:53.058[D]: Response finished #3388: GET /Duluka/v.1.0/State with status 404
2026-10-03T18:38:53.563[D]: Incoming request  #3389: GET /Duluka/v.1.0/State
2026-10-03T18:38:53.563[D]: Response finished #3389: GET /Duluka/v.1.0/State with status 404
2026-10-03T18:38:54.066[D]: Incoming request  #3390: GET /Duluka/v.1.0/State
2026-10-03T18:38:54.066[D]: Response finished #3390: GET /Duluka/v.1.0/State with status 404
2026-10-03T18:38:54.572[D]: Incoming request  #3391: GET /Duluka/v.1.0/State
2026-10-03T18:38:54.572[D]: Response finished #3391: GET /Duluka/v.1.0/State with status 404
2026-10-03T18:38:55.072[D]: Incoming request  #3392: GET /Duluka/v.1.0/State
2026-10-03T18:38:55.072[D]: Response finished #3392: GET /Duluka/v.1.0/State with status 404
2026-10-03T18:38:55.569[D]: Incoming request  #3393: GET /Duluka/v.1.0/State
2026-10-03T18:38:55.570[D]: Response finished #3393: GET /Duluka/v.1.0/State with status 404
2026-10-03T18:38:56.059[D]: Incoming request  #3394: GET /Duluka/v.1.0/State
2026-10-03T18:38:56.060[D]: Response finished #3394: GET /Duluka/v.1.0/State with status 404
2026-10-03T18:38:56.564[D]: Incoming request  #3395: GET /Duluka/v.1.0/State
2026-10-03T18:38:56.565[D]: Response finished #3395: GET /Duluka/v.1.0/State with status 404
2026-10-03T18:38:57.063[D]: Incoming request  #3396: GET /Duluka/v.1.0/State
2026-10-03T18:38:57.065[D]: Response finished #3396: GET /Duluka/v.1.0/State with status 404
2026-10-03T18:38:57.582[D]: Incoming request  #3397: GET /Duluka/v.1.0/State
2026-10-03T18:38:57.583[D]: Response finished #3397: GET /Duluka/v.1.0/State with status 404
2026-10-03T18:38:58.068[D]: Incoming request  #3398: GET /Duluka/v.1.0/State
2026-10-03T18:38:58.069[D]: Response finished #3398: GET /Duluka/v.1.0/State with status 404
2026-10-03T18:38:58.568[D]: Incoming request  #3399: GET /Duluka/v.1.0/State
2026-10-03T18:38:58.570[D]: Response finished #3399: GET /Duluka/v.1.0/State with status 404
2026-10-03T18:38:59.072[D]: Incoming request  #3400: GET /Duluka/v.1.0/State
2026-10-03T18:38:59.072[D]: Response finished #3400: GET /Duluka/v.1.0/State with status 404
2026-10-03T18:38:59.559[D]: Incoming request  #3401: GET /Duluka/v.1.0/State
2026-10-03T18:38:59.560[D]: Response finished #3401: GET /Duluka/v.1.0/State with status 404
2026-10-03T18:39:00.059[D]: Incoming request  #3402: GET /Duluka/v.1.0/State
2026-10-03T18:39:00.060[D]: Response finished #3402: GET /Duluka/v.1.0/State with status 404
2026-10-03T18:39:00.560[D]: Incoming request  #3403: GET /Duluka/v.1.0/State
2026-10-03T18:39:00.560[D]: Response finished #3403: GET /Duluka/v.1.0/State with status 404
2026-10-03T18:39:01.060[D]: Incoming request  #3404: GET /Duluka/v.1.0/State
2026-10-03T18:39:01.062[D]: Response finished #3404: GET /Duluka/v.1.0/State with status 404
2026-10-03T18:39:01.564[D]: Incoming request  #3405: GET /Duluka/v.1.0/State
2026-10-03T18:39:01.565[D]: Response finished #3405: GET /Duluka/v.1.0/State with status 404
2026-10-03T18:39:02.066[D]: Incoming request  #3406: GET /Duluka/v.1.0/State
2026-10-03T18:39:02.066[D]: Response finished #3406: GET /Duluka/v.1.0/State with status 404
2026-10-03T18:39:02.566[D]: Incoming request  #3407: GET /Duluka/v.1.0/State
2026-10-03T18:39:02.566[D]: Response finished #3407: GET /Duluka/v.1.0/State with status 404
2026-10-03T18:39:03.066[D]: Incoming request  #3408: GET /Duluka/v.1.0/State
2026-10-03T18:39:03.066[D]: Response finished #3408: GET /Duluka/v.1.0/State with status 404
2026-10-03T18:39:03.570[D]: Incoming request  #3409: GET /Duluka/v.1.0/State
2026-10-03T18:39:03.571[D]: Response finished #3409: GET /Duluka/v.1.0/State with status 404
2026-10-03T18:39:04.060[D]: Incoming request  #3410: GET /Duluka/v.1.0/State
2026-10-03T18:39:04.060[D]: Response finished #3410: GET /Duluka/v.1.0/State with status 404
2026-10-03T18:39:04.558[D]: Incoming request  #3411: GET /Duluka/v.1.0/State
2026-10-03T18:39:04.560[D]: Response finished #3411: GET /Duluka/v.1.0/State with status 404
2026-10-03T18:39:05.064[D]: Incoming request  #3412: GET /Duluka/v.1.0/State
2026-10-03T18:39:05.064[D]: Response finished #3412: GET /Duluka/v.1.0/State with status 404
2026-10-03T18:39:05.583[D]: Incoming request  #3413: GET /Duluka/v.1.0/State
2026-10-03T18:39:05.587[D]: Response finished #3413: GET /Duluka/v.1.0/State with status 404
2026-10-03T18:39:06.066[D]: Incoming request  #3414: GET /Duluka/v.1.0/State
2026-10-03T18:39:06.066[D]: Response finished #3414: GET /Duluka/v.1.0/State with status 404
2026-10-03T18:39:06.569[D]: Incoming request  #3415: GET /Duluka/v.1.0/State
2026-10-03T18:39:06.570[D]: Response finished #3415: GET /Duluka/v.1.0/State with status 404
2026-10-03T18:39:07.060[D]: Incoming request  #3416: GET /Duluka/v.1.0/State
2026-10-03T18:39:07.062[D]: Response finished #3416: GET /Duluka/v.1.0/State with status 404
2026-10-03T18:39:07.563[D]: Incoming request  #3417: GET /Duluka/v.1.0/State
2026-10-03T18:39:07.565[D]: Response finished #3417: GET /Duluka/v.1.0/State with status 404
2026-10-03T18:39:08.065[D]: Incoming request  #3418: GET /Duluka/v.1.0/State
2026-10-03T18:39:08.065[D]: Response finished #3418: GET /Duluka/v.1.0/State with status 404
2026-10-03T18:39:08.568[D]: Incoming request  #3419: GET /Duluka/v.1.0/State
2026-10-03T18:39:08.568[D]: Response finished #3419: GET /Duluka/v.1.0/State with status 404
2026-10-03T18:39:09.068[D]: Incoming request  #3420: GET /Duluka/v.1.0/State
2026-10-03T18:39:09.070[D]: Response finished #3420: GET /Duluka/v.1.0/State with status 404
2026-10-03T18:39:09.567[D]: Incoming request  #3421: GET /Duluka/v.1.0/State
2026-10-03T18:39:09.567[D]: Response finished #3421: GET /Duluka/v.1.0/State with status 404
2026-10-03T18:39:10.070[D]: Incoming request  #3422: GET /Duluka/v.1.0/State
2026-10-03T18:39:10.072[D]: Response finished #3422: GET /Duluka/v.1.0/State with status 404
2026-10-03T18:39:10.568[D]: Incoming request  #3423: GET /Duluka/v.1.0/State
2026-10-03T18:39:10.569[D]: Response finished #3423: GET /Duluka/v.1.0/State with status 404
2026-10-03T18:39:11.067[D]: Incoming request  #3424: GET /Duluka/v.1.0/State
2026-10-03T18:39:11.068[D]: Response finished #3424: GET /Duluka/v.1.0/State with status 404
2026-10-03T18:39:11.564[D]: Incoming request  #3425: GET /Duluka/v.1.0/State
2026-10-03T18:39:11.565[D]: Response finished #3425: GET /Duluka/v.1.0/State with status 404
2026-10-03T18:39:12.067[D]: Incoming request  #3426: GET /Duluka/v.1.0/State
2026-10-03T18:39:12.068[D]: Response finished #3426: GET /Duluka/v.1.0/State with status 404
2026-10-03T18:39:12.566[D]: Incoming request  #3427: GET /Duluka/v.1.0/State
2026-10-03T18:39:12.567[D]: Response finished #3427: GET /Duluka/v.1.0/State with status 404
2026-10-03T18:39:13.067[D]: Incoming request  #3428: GET /Duluka/v.1.0/State
2026-10-03T18:39:13.068[D]: Response finished #3428: GET /Duluka/v.1.0/State with status 404
2026-10-03T18:39:13.564[D]: Incoming request  #3429: GET /Duluka/v.1.0/State
2026-10-03T18:39:13.565[D]: Response finished #3429: GET /Duluka/v.1.0/State with status 404
2026-10-03T18:39:14.062[D]: Incoming request  #3430: GET /Duluka/v.1.0/State
2026-10-03T18:39:14.063[D]: Response finished #3430: GET /Duluka/v.1.0/State with status 404
2026-10-03T18:39:14.563[D]: Incoming request  #3431: GET /Duluka/v.1.0/State
2026-10-03T18:39:14.564[D]: Response finished #3431: GET /Duluka/v.1.0/State with status 404
2026-10-03T18:39:15.062[D]: Incoming request  #3432: GET /Duluka/v.1.0/State
2026-10-03T18:39:15.062[D]: Response finished #3432: GET /Duluka/v.1.0/State with status 404
2026-10-03T18:39:15.561[D]: Incoming request  #3433: GET /Duluka/v.1.0/State
2026-10-03T18:39:15.562[D]: Response finished #3433: GET /Duluka/v.1.0/State with status 404
2026-10-03T18:39:16.060[D]: Incoming request  #3434: GET /Duluka/v.1.0/State
2026-10-03T18:39:16.061[D]: Response finished #3434: GET /Duluka/v.1.0/State with status 404
2026-10-03T18:39:16.565[D]: Incoming request  #3435: GET /Duluka/v.1.0/State
2026-10-03T18:39:16.566[D]: Response finished #3435: GET /Duluka/v.1.0/State with status 404
2026-10-03T18:39:17.062[D]: Incoming request  #3436: GET /Duluka/v.1.0/State
2026-10-03T18:39:17.063[D]: Response finished #3436: GET /Duluka/v.1.0/State with status 404
2026-10-03T18:39:17.560[D]: Incoming request  #3437: GET /Duluka/v.1.0/State
2026-10-03T18:39:17.561[D]: Response finished #3437: GET /Duluka/v.1.0/State with status 404
2026-10-03T18:39:18.062[D]: Incoming request  #3438: GET /Duluka/v.1.0/State
2026-10-03T18:39:18.063[D]: Response finished #3438: GET /Duluka/v.1.0/State with status 404
2026-10-03T18:39:18.562[D]: Incoming request  #3439: GET /Duluka/v.1.0/State
2026-10-03T18:39:18.562[D]: Response finished #3439: GET /Duluka/v.1.0/State with status 404
2026-10-03T18:39:19.061[D]: Incoming request  #3440: GET /Duluka/v.1.0/State
2026-10-03T18:39:19.061[D]: Response finished #3440: GET /Duluka/v.1.0/State with status 404
2026-10-03T18:39:19.559[D]: Incoming request  #3441: GET /Duluka/v.1.0/State
2026-10-03T18:39:19.560[D]: Response finished #3441: GET /Duluka/v.1.0/State with status 404
2026-10-03T18:39:20.060[D]: Incoming request  #3442: GET /Duluka/v.1.0/State
2026-10-03T18:39:20.060[D]: Response finished #3442: GET /Duluka/v.1.0/State with status 404
2026-10-03T18:39:20.561[D]: Incoming request  #3443: GET /Duluka/v.1.0/State
2026-10-03T18:39:20.562[D]: Response finished #3443: GET /Duluka/v.1.0/State with status 404
2026-10-03T18:39:21.062[D]: Incoming request  #3444: GET /Duluka/v.1.0/State
2026-10-03T18:39:21.063[D]: Response finished #3444: GET /Duluka/v.1.0/State with status 404
2026-10-03T18:39:21.563[D]: Incoming request  #3445: GET /Duluka/v.1.0/State
2026-10-03T18:39:21.563[D]: Response finished #3445: GET /Duluka/v.1.0/State with status 404
2026-10-03T18:39:22.067[D]: Incoming request  #3446: GET /Duluka/v.1.0/State
2026-10-03T18:39:22.068[D]: Response finished #3446: GET /Duluka/v.1.0/State with status 404
2026-10-03T18:39:22.567[D]: Incoming request  #3447: GET /Duluka/v.1.0/State
2026-10-03T18:39:22.568[D]: Response finished #3447: GET /Duluka/v.1.0/State with status 404
2026-10-03T18:39:23.059[D]: Incoming request  #3448: GET /Duluka/v.1.0/State
2026-10-03T18:39:23.059[D]: Response finished #3448: GET /Duluka/v.1.0/State with status 404
2026-10-03T18:39:23.561[D]: Incoming request  #3449: GET /Duluka/v.1.0/State
2026-10-03T18:39:23.562[D]: Response finished #3449: GET /Duluka/v.1.0/State with status 404
2026-10-03T18:39:24.066[D]: Incoming request  #3450: GET /Duluka/v.1.0/State
2026-10-03T18:39:24.067[D]: Response finished #3450: GET /Duluka/v.1.0/State with status 404
2026-10-03T18:39:24.567[D]: Incoming request  #3451: GET /Duluka/v.1.0/State
2026-10-03T18:39:24.569[D]: Response finished #3451: GET /Duluka/v.1.0/State with status 404
2026-10-03T18:39:25.069[D]: Incoming request  #3452: GET /Duluka/v.1.0/State
2026-10-03T18:39:25.070[D]: Response finished #3452: GET /Duluka/v.1.0/State with status 404
2026-10-03T18:39:25.565[D]: Incoming request  #3453: GET /Duluka/v.1.0/State
2026-10-03T18:39:25.566[D]: Response finished #3453: GET /Duluka/v.1.0/State with status 404
2026-10-03T18:39:26.067[D]: Incoming request  #3454: GET /Duluka/v.1.0/State
2026-10-03T18:39:26.067[D]: Response finished #3454: GET /Duluka/v.1.0/State with status 404
2026-10-03T18:39:26.566[D]: Incoming request  #3455: GET /Duluka/v.1.0/State
2026-10-03T18:39:26.567[D]: Response finished #3455: GET /Duluka/v.1.0/State with status 404
2026-10-03T18:39:27.072[D]: Incoming request  #3456: GET /Duluka/v.1.0/State
2026-10-03T18:39:27.074[D]: Response finished #3456: GET /Duluka/v.1.0/State with status 404
2026-10-03T18:39:27.572[D]: Incoming request  #3457: GET /Duluka/v.1.0/State
2026-10-03T18:39:27.572[D]: Response finished #3457: GET /Duluka/v.1.0/State with status 404
2026-10-03T18:39:28.071[D]: Incoming request  #3458: GET /Duluka/v.1.0/State
2026-10-03T18:39:28.071[D]: Response finished #3458: GET /Duluka/v.1.0/State with status 404
2026-10-03T18:39:28.574[D]: Incoming request  #3459: GET /Duluka/v.1.0/State
2026-10-03T18:39:28.574[D]: Response finished #3459: GET /Duluka/v.1.0/State with status 404
2026-10-03T18:39:29.073[D]: Incoming request  #3460: GET /Duluka/v.1.0/State
2026-10-03T18:39:29.073[D]: Response finished #3460: GET /Duluka/v.1.0/State with status 404
2026-10-03T18:39:29.571[D]: Incoming request  #3461: GET /Duluka/v.1.0/State
2026-10-03T18:39:29.573[D]: Response finished #3461: GET /Duluka/v.1.0/State with status 404
2026-10-03T18:39:30.069[D]: Incoming request  #3462: GET /Duluka/v.1.0/State
2026-10-03T18:39:30.070[D]: Response finished #3462: GET /Duluka/v.1.0/State with status 404
2026-10-03T18:39:30.568[D]: Incoming request  #3463: GET /Duluka/v.1.0/State
2026-10-03T18:39:30.570[D]: Response finished #3463: GET /Duluka/v.1.0/State with status 404
2026-10-03T18:39:31.067[D]: Incoming request  #3464: GET /Duluka/v.1.0/State
2026-10-03T18:39:31.068[D]: Response finished #3464: GET /Duluka/v.1.0/State with status 404
2026-10-03T18:39:31.569[D]: Incoming request  #3465: GET /Duluka/v.1.0/State
2026-10-03T18:39:31.570[D]: Response finished #3465: GET /Duluka/v.1.0/State with status 404
2026-10-03T18:39:32.069[D]: Incoming request  #3466: GET /Duluka/v.1.0/State
2026-10-03T18:39:32.069[D]: Response finished #3466: GET /Duluka/v.1.0/State with status 404
2026-10-03T18:39:32.573[D]: Incoming request  #3467: GET /Duluka/v.1.0/State
2026-10-03T18:39:32.576[D]: Response finished #3467: GET /Duluka/v.1.0/State with status 404
2026-10-03T18:39:33.057[D]: Incoming request  #3468: GET /Duluka/v.1.0/State
2026-10-03T18:39:33.058[D]: Response finished #3468: GET /Duluka/v.1.0/State with status 404
2026-10-03T18:39:33.559[D]: Incoming request  #3469: GET /Duluka/v.1.0/State
2026-10-03T18:39:33.560[D]: Response finished #3469: GET /Duluka/v.1.0/State with status 404
2026-10-03T18:39:34.056[D]: Incoming request  #3470: GET /Duluka/v.1.0/State
2026-10-03T18:39:34.057[D]: Response finished #3470: GET /Duluka/v.1.0/State with status 404
2026-10-03T18:39:34.560[D]: Incoming request  #3471: GET /Duluka/v.1.0/State
2026-10-03T18:39:34.560[D]: Response finished #3471: GET /Duluka/v.1.0/State with status 404
2026-10-03T18:39:35.057[D]: Incoming request  #3472: GET /Duluka/v.1.0/State
2026-10-03T18:39:35.058[D]: Response finished #3472: GET /Duluka/v.1.0/State with status 404
2026-10-03T18:39:35.559[D]: Incoming request  #3473: GET /Duluka/v.1.0/State
2026-10-03T18:39:35.559[D]: Response finished #3473: GET /Duluka/v.1.0/State with status 404
2026-10-03T18:39:36.064[D]: Incoming request  #3474: GET /Duluka/v.1.0/State
2026-10-03T18:39:36.064[D]: Response finished #3474: GET /Duluka/v.1.0/State with status 404
2026-10-03T18:39:36.563[D]: Incoming request  #3475: GET /Duluka/v.1.0/State
2026-10-03T18:39:36.564[D]: Response finished #3475: GET /Duluka/v.1.0/State with status 404
2026-10-03T18:39:37.066[D]: Incoming request  #3476: GET /Duluka/v.1.0/State
2026-10-03T18:39:37.067[D]: Response finished #3476: GET /Duluka/v.1.0/State with status 404
2026-10-03T18:39:37.566[D]: Incoming request  #3477: GET /Duluka/v.1.0/State
2026-10-03T18:39:37.568[D]: Response finished #3477: GET /Duluka/v.1.0/State with status 404
2026-10-03T18:39:38.067[D]: Incoming request  #3478: GET /Duluka/v.1.0/State
2026-10-03T18:39:38.067[D]: Response finished #3478: GET /Duluka/v.1.0/State with status 404
2026-10-03T18:39:38.567[D]: Incoming request  #3479: GET /Duluka/v.1.0/State
2026-10-03T18:39:38.568[D]: Response finished #3479: GET /Duluka/v.1.0/State with status 404
2026-10-03T18:39:39.058[D]: Incoming request  #3480: GET /Duluka/v.1.0/State
2026-10-03T18:39:39.058[D]: Response finished #3480: GET /Duluka/v.1.0/State with status 404
2026-10-03T18:39:39.560[D]: Incoming request  #3481: GET /Duluka/v.1.0/State
2026-10-03T18:39:39.561[D]: Response finished #3481: GET /Duluka/v.1.0/State with status 404
2026-10-03T18:39:40.062[D]: Incoming request  #3482: GET /Duluka/v.1.0/State
2026-10-03T18:39:40.063[D]: Response finished #3482: GET /Duluka/v.1.0/State with status 404
2026-10-03T18:39:40.567[D]: Incoming request  #3483: GET /Duluka/v.1.0/State
2026-10-03T18:39:40.568[D]: Response finished #3483: GET /Duluka/v.1.0/State with status 404
2026-10-03T18:39:41.065[D]: Incoming request  #3484: GET /Duluka/v.1.0/State
2026-10-03T18:39:41.065[D]: Response finished #3484: GET /Duluka/v.1.0/State with status 404
2026-10-03T18:39:41.564[D]: Incoming request  #3485: GET /Duluka/v.1.0/State
2026-10-03T18:39:41.565[D]: Response finished #3485: GET /Duluka/v.1.0/State with status 404
2026-10-03T18:39:42.067[D]: Incoming request  #3486: GET /Duluka/v.1.0/State
2026-10-03T18:39:42.067[D]: Response finished #3486: GET /Duluka/v.1.0/State with status 404
2026-10-03T18:39:42.568[D]: Incoming request  #3487: GET /Duluka/v.1.0/State
2026-10-03T18:39:42.569[D]: Response finished #3487: GET /Duluka/v.1.0/State with status 404
2026-10-03T18:39:43.063[D]: Incoming request  #3488: GET /Duluka/v.1.0/State
2026-10-03T18:39:43.066[D]: Response finished #3488: GET /Duluka/v.1.0/State with status 404
2026-10-03T18:39:43.562[D]: Incoming request  #3489: GET /Duluka/v.1.0/State
2026-10-03T18:39:43.562[D]: Response finished #3489: GET /Duluka/v.1.0/State with status 404
2026-10-03T18:39:44.063[D]: Incoming request  #3490: GET /Duluka/v.1.0/State
2026-10-03T18:39:44.064[D]: Response finished #3490: GET /Duluka/v.1.0/State with status 404
2026-10-03T18:39:44.561[D]: Incoming request  #3491: GET /Duluka/v.1.0/State
2026-10-03T18:39:44.562[D]: Response finished #3491: GET /Duluka/v.1.0/State with status 404
2026-10-03T18:39:45.061[D]: Incoming request  #3492: GET /Duluka/v.1.0/State
2026-10-03T18:39:45.062[D]: Response finished #3492: GET /Duluka/v.1.0/State with status 404
2026-10-03T18:39:45.563[D]: Incoming request  #3493: GET /Duluka/v.1.0/State
2026-10-03T18:39:45.564[D]: Response finished #3493: GET /Duluka/v.1.0/State with status 404
2026-10-03T18:39:46.062[D]: Incoming request  #3494: GET /Duluka/v.1.0/State
2026-10-03T18:39:46.062[D]: Response finished #3494: GET /Duluka/v.1.0/State with status 404
2026-10-03T18:39:46.567[D]: Incoming request  #3495: GET /Duluka/v.1.0/State
2026-10-03T18:39:46.568[D]: Response finished #3495: GET /Duluka/v.1.0/State with status 404
2026-10-03T18:39:47.069[D]: Incoming request  #3496: GET /Duluka/v.1.0/State
2026-10-03T18:39:47.074[D]: Response finished #3496: GET /Duluka/v.1.0/State with status 404
2026-10-03T18:39:47.571[D]: Incoming request  #3497: GET /Duluka/v.1.0/State
2026-10-03T18:39:47.573[D]: Response finished #3497: GET /Duluka/v.1.0/State with status 404
2026-10-03T18:39:48.073[D]: Incoming request  #3498: GET /Duluka/v.1.0/State
2026-10-03T18:39:48.074[D]: Response finished #3498: GET /Duluka/v.1.0/State with status 404
2026-10-03T18:39:48.569[D]: Incoming request  #3499: GET /Duluka/v.1.0/State
2026-10-03T18:39:48.569[D]: Response finished #3499: GET /Duluka/v.1.0/State with status 404
2026-10-03T18:39:49.067[D]: Incoming request  #3500: GET /Duluka/v.1.0/State
2026-10-03T18:39:49.067[D]: Response finished #3500: GET /Duluka/v.1.0/State with status 404
2026-10-03T18:39:49.562[D]: Incoming request  #3501: GET /Duluka/v.1.0/State
2026-10-03T18:39:49.562[D]: Response finished #3501: GET /Duluka/v.1.0/State with status 404
2026-10-03T18:39:50.065[D]: Incoming request  #3502: GET /Duluka/v.1.0/State
2026-10-03T18:39:50.066[D]: Response finished #3502: GET /Duluka/v.1.0/State with status 404
2026-10-03T18:39:50.569[D]: Incoming request  #3503: GET /Duluka/v.1.0/State
2026-10-03T18:39:50.570[D]: Response finished #3503: GET /Duluka/v.1.0/State with status 404
2026-10-03T18:39:51.061[D]: Incoming request  #3504: GET /Duluka/v.1.0/State
2026-10-03T18:39:51.062[D]: Response finished #3504: GET /Duluka/v.1.0/State with status 404
2026-10-03T18:39:51.571[D]: Incoming request  #3505: GET /Duluka/v.1.0/State
2026-10-03T18:39:51.572[D]: Response finished #3505: GET /Duluka/v.1.0/State with status 404
2026-10-03T18:39:52.071[D]: Incoming request  #3506: GET /Duluka/v.1.0/State
2026-10-03T18:39:52.072[D]: Response finished #3506: GET /Duluka/v.1.0/State with status 404
2026-10-03T18:39:52.569[D]: Incoming request  #3507: GET /Duluka/v.1.0/State
2026-10-03T18:39:52.570[D]: Response finished #3507: GET /Duluka/v.1.0/State with status 404
2026-10-03T18:39:53.067[D]: Incoming request  #3508: GET /Duluka/v.1.0/State
2026-10-03T18:39:53.067[D]: Response finished #3508: GET /Duluka/v.1.0/State with status 404
2026-10-03T18:39:53.568[D]: Incoming request  #3509: GET /Duluka/v.1.0/State
2026-10-03T18:39:53.569[D]: Response finished #3509: GET /Duluka/v.1.0/State with status 404
2026-10-03T18:39:54.066[D]: Incoming request  #3510: GET /Duluka/v.1.0/State
2026-10-03T18:39:54.067[D]: Response finished #3510: GET /Duluka/v.1.0/State with status 404
2026-10-03T18:39:54.566[D]: Incoming request  #3511: GET /Duluka/v.1.0/State
2026-10-03T18:39:54.567[D]: Response finished #3511: GET /Duluka/v.1.0/State with status 404
2026-10-03T18:39:55.061[D]: Incoming request  #3512: GET /Duluka/v.1.0/State
2026-10-03T18:39:55.061[D]: Response finished #3512: GET /Duluka/v.1.0/State with status 404
2026-10-03T18:39:55.561[D]: Incoming request  #3513: GET /Duluka/v.1.0/State
2026-10-03T18:39:55.564[D]: Response finished #3513: GET /Duluka/v.1.0/State with status 404
2026-10-03T18:39:56.061[D]: Incoming request  #3514: GET /Duluka/v.1.0/State
2026-10-03T18:39:56.062[D]: Response finished #3514: GET /Duluka/v.1.0/State with status 404
2026-10-03T18:39:56.558[D]: Incoming request  #3515: GET /Duluka/v.1.0/State
2026-10-03T18:39:56.558[D]: Response finished #3515: GET /Duluka/v.1.0/State with status 404
2026-10-03T18:39:57.061[D]: Incoming request  #3516: GET /Duluka/v.1.0/State
2026-10-03T18:39:57.061[D]: Response finished #3516: GET /Duluka/v.1.0/State with status 404
2026-10-03T18:39:57.562[D]: Incoming request  #3517: GET /Duluka/v.1.0/State
2026-10-03T18:39:57.563[D]: Response finished #3517: GET /Duluka/v.1.0/State with status 404
2026-10-03T18:39:58.064[D]: Incoming request  #3518: GET /Duluka/v.1.0/State
2026-10-03T18:39:58.064[D]: Response finished #3518: GET /Duluka/v.1.0/State with status 404
2026-10-03T18:39:58.567[D]: Incoming request  #3519: GET /Duluka/v.1.0/State
2026-10-03T18:39:58.568[D]: Response finished #3519: GET /Duluka/v.1.0/State with status 404
2026-10-03T18:39:59.060[D]: Incoming request  #3520: GET /Duluka/v.1.0/State
2026-10-03T18:39:59.060[D]: Response finished #3520: GET /Duluka/v.1.0/State with status 404
